invoiceno,description,quantity,invoicedate,unitprice,discount,shippingcost,category,saleschannel,returnstatus,orderpriority,total_revenue,grade
231932,Headphones,49,2020-01-01 02:00,29.11,0.35,23.03,Electronics,Online,Returned,High,1426.39,VIP
359178,USB Cable,-30,2020-01-01 04:00,-68.11,1.501433043360303,,Electronics,In-store,Not Returned,Medium,2043.3,VIP
744167,Office Chair,47,2020-01-01 05:00,70.16,0.48,13.98,Electronics,Online,Not Returned,Medium,3297.52,VIP
999159,Blue Pen,41,2020-01-01 12:00,25.59,0.01,15.58,Electronics,In-store,Not Returned,Medium,1049.19,VIP
291335,Wall Clock,29,2020-01-01 14:00,35.88,0.06,14.85,Electronics,Online,Not Returned,High,1040.52,VIP
299041,T-shirt,48,2020-01-02 00:00,27.87,0.24,19.61,Electronics,Online,Not Returned,Low,1337.76,VIP
600186,Headphones,32,2020-01-02 10:00,82.94,0.15,28.6,Electronics,Online,Not Returned,High,2654.08,VIP
419030,Wireless Mouse,11,2020-01-02 23:00,93.1,0.38,8.78,Electronics,Online,Not Returned,Low,1024.1,VIP
428947,T-shirt,32,2020-01-03 00:00,81.47,0.0,9.14,Electronics,Online,Not Returned,High,2607.04,VIP
371836,T-shirt,30,2020-01-04 15:00,83.42,0.45,5.92,Electronics,Online,Not Returned,Low,2502.6,VIP
374329,Blue Pen,23,2020-01-05 12:00,49.73,0.31,26.62,Electronics,Online,Not Returned,High,1143.79,VIP
229312,Headphones,43,2020-01-06 11:00,87.12,0.45,18.17,Electronics,In-store,Not Returned,Low,3746.16,VIP
950937,Wall Clock,26,2020-01-06 16:00,44.69,0.46,21.57,Electronics,In-store,Not Returned,Low,1161.94,VIP
747972,Desk Lamp,-26,2020-01-07 03:00,-72.33,1.97208653797146,,Electronics,In-store,Not Returned,Low,1880.58,VIP
301664,White Mug,46,2020-01-07 09:00,76.94,0.04,25.4,Electronics,In-store,Not Returned,Medium,3539.24,VIP
258338,Blue Pen,14,2020-01-07 14:00,85.66,0.02,7.49,Electronics,Online,Not Returned,Medium,1199.24,VIP
318126,Headphones,48,2020-01-07 22:00,49.42,0.15,14.8,Electronics,In-store,Not Returned,High,2372.16,VIP
974371,Backpack,31,2020-01-08 10:00,74.85,0.01,9.29,Electronics,Online,Not Returned,Medium,2320.35,VIP
961882,Wall Clock,25,2020-01-08 20:00,49.1,0.46,25.2,Electronics,In-store,Not Returned,Low,1227.5,VIP
979858,White Mug,39,2020-01-08 21:00,96.14,0.1,25.18,Electronics,Online,Not Returned,Low,3749.46,VIP
143585,Wall Clock,48,2020-01-09 00:00,37.1,0.16,28.1,Electronics,In-store,Not Returned,Medium,1780.8000000000002,VIP
471369,White Mug,23,2020-01-09 01:00,61.35,0.22,28.16,Electronics,Online,Not Returned,High,1411.05,VIP
642335,Notebook,27,2020-01-09 11:00,92.74,0.45,26.28,Electronics,In-store,Not Returned,Medium,2503.98,VIP
175766,T-shirt,48,2020-01-09 13:00,49.92,0.15,5.24,Electronics,In-store,Returned,Low,2396.16,VIP
910208,USB Cable,49,2020-01-09 18:00,73.62,0.45,29.87,Electronics,Online,Not Returned,High,3607.38,VIP
890180,USB Cable,47,2020-01-10 08:00,24.55,0.35,9.58,Electronics,In-store,Returned,High,1153.85,VIP
516880,Wireless Mouse,29,2020-01-11 03:00,93.34,0.1,27.69,Electronics,In-store,Not Returned,High,2706.86,VIP
998613,Office Chair,28,2020-01-11 12:00,76.03,0.13,14.05,Electronics,In-store,Not Returned,Medium,2128.84,VIP
937291,Wall Clock,-16,2020-01-11 22:00,-73.6,1.535439956251199,,Electronics,Online,Not Returned,Medium,1177.6,VIP
566872,Office Chair,20,2020-01-13 21:00,99.49,0.43,26.86,Electronics,In-store,Not Returned,Medium,1989.8,VIP
745263,Backpack,42,2020-01-14 06:00,62.97,0.07,18.43,Electronics,Online,Not Returned,Medium,2644.74,VIP
786976,White Mug,35,2020-01-14 13:00,53.85,0.29,10.35,Electronics,Online,Not Returned,High,1884.75,VIP
369544,White Mug,48,2020-01-14 21:00,35.38,0.06,27.56,Electronics,Online,Returned,High,1698.2400000000002,VIP
628787,Office Chair,26,2020-01-15 02:00,99.22,0.19,14.37,Electronics,Online,Not Returned,Low,2579.72,VIP
803714,Backpack,19,2020-01-15 15:00,54.66,0.47,21.01,Electronics,Online,Not Returned,Low,1038.54,VIP
102869,Backpack,32,2020-01-16 01:00,65.78,0.04,28.56,Electronics,In-store,Not Returned,Medium,2104.96,VIP
736584,T-shirt,42,2020-01-16 05:00,95.54,0.46,28.49,Electronics,In-store,Not Returned,High,4012.68,VIP
718467,Notebook,19,2020-01-16 06:00,57.43,0.43,10.65,Electronics,Online,Not Returned,Medium,1091.17,VIP
207450,Wireless Mouse,42,2020-01-16 21:00,33.58,0.49,27.09,Electronics,Online,Not Returned,High,1410.36,VIP
829650,Blue Pen,23,2020-01-17 06:00,48.11,0.36,13.09,Electronics,In-store,Not Returned,Low,1106.53,VIP
499111,Wireless Mouse,49,2020-01-17 08:00,73.46,0.27,26.14,Electronics,In-store,Not Returned,Medium,3599.5399999999995,VIP
182989,Wall Clock,26,2020-01-18 04:00,70.16,0.29,16.03,Electronics,Online,Not Returned,Medium,1824.16,VIP
398356,Blue Pen,19,2020-01-18 05:00,57.33,0.17,14.33,Electronics,Online,Not Returned,Low,1089.27,VIP
425352,Backpack,47,2020-01-18 09:00,99.29,0.01,29.26,Electronics,In-store,Not Returned,Low,4666.63,VIP
983184,Headphones,45,2020-01-18 13:00,63.79,0.15,24.98,Electronics,Online,Not Returned,Medium,2870.55,VIP
538452,Headphones,37,2020-01-18 15:00,86.73,0.34,20.53,Electronics,Online,Not Returned,Medium,3209.01,VIP
215294,White Mug,27,2020-01-18 16:00,54.06,0.23,13.61,Electronics,Online,Not Returned,Medium,1459.62,VIP
373237,Wall Clock,35,2020-01-19 13:00,83.56,0.09,13.83,Electronics,Online,Not Returned,Low,2924.6,VIP
730152,Office Chair,36,2020-01-19 23:00,41.73,0.46,8.52,Electronics,Online,Not Returned,High,1502.28,VIP
132097,Wireless Mouse,22,2020-01-21 06:00,46.94,0.46,22.41,Electronics,In-store,Returned,Medium,1032.6799999999998,VIP
766326,Blue Pen,26,2020-01-21 07:00,97.01,0.41,7.83,Electronics,Online,Not Returned,High,2522.26,VIP
561243,Office Chair,25,2020-01-22 00:00,81.71,0.44,25.36,Electronics,In-store,Not Returned,Low,2042.75,VIP
711523,Wall Clock,47,2020-01-22 06:00,78.19,0.0,6.46,Electronics,In-store,Not Returned,Low,3674.93,VIP
970045,Wireless Mouse,37,2020-01-22 18:00,82.4,0.05,17.68,Electronics,In-store,Not Returned,Low,3048.8,VIP
322866,Notebook,39,2020-01-22 19:00,26.77,0.49,5.33,Electronics,In-store,Not Returned,Low,1044.03,VIP
698135,Blue Pen,25,2020-01-22 21:00,50.32,0.48,24.08,Electronics,Online,Returned,High,1258.0,VIP
494366,Wireless Mouse,33,2020-01-23 09:00,34.13,0.36,12.34,Electronics,In-store,Not Returned,Low,1126.2900000000002,VIP
277247,Office Chair,30,2020-01-23 17:00,47.11,0.27,13.09,Electronics,Online,Not Returned,High,1413.3,VIP
763165,Wall Clock,13,2020-01-23 18:00,83.03,0.06,10.78,Electronics,Online,Not Returned,Medium,1079.39,VIP
629525,Office Chair,38,2020-01-23 19:00,81.69,0.16,23.51,Electronics,In-store,Not Returned,Medium,3104.22,VIP
840427,Backpack,40,2020-01-24 11:00,94.64,0.33,9.98,Electronics,Online,Not Returned,Medium,3785.6,VIP
406063,Wall Clock,47,2020-01-25 04:00,61.01,0.39,5.85,Electronics,In-store,Not Returned,Low,2867.47,VIP
533374,Notebook,26,2020-01-25 23:00,47.42,0.16,17.83,Electronics,Online,Not Returned,High,1232.92,VIP
814635,Wall Clock,24,2020-01-26 22:00,72.5,0.29,26.31,Electronics,In-store,Not Returned,High,1740.0,VIP
987474,T-shirt,32,2020-01-27 03:00,92.51,0.46,24.57,Electronics,Online,Not Returned,Low,2960.32,VIP
924926,Blue Pen,39,2020-01-27 15:00,81.93,0.03,29.06,Electronics,In-store,Not Returned,Low,3195.2700000000004,VIP
437497,Wireless Mouse,38,2020-01-28 04:00,39.75,0.23,14.04,Electronics,Online,Not Returned,High,1510.5,VIP
924945,Blue Pen,26,2020-01-28 13:00,82.39,0.25,25.74,Electronics,In-store,Not Returned,Medium,2142.14,VIP
500573,Desk Lamp,43,2020-01-29 12:00,59.84,0.14,21.29,Electronics,In-store,Not Returned,High,2573.1200000000003,VIP
695468,Headphones,44,2020-01-29 18:00,91.01,0.4,12.23,Electronics,In-store,Not Returned,High,4004.44,VIP
278031,USB Cable,27,2020-01-30 03:00,97.3,0.41,6.4,Electronics,Online,Not Returned,High,2627.1,VIP
825256,Backpack,-35,2020-01-30 12:00,-86.53,1.348446394966762,,Electronics,Online,Returned,Medium,3028.55,VIP
820255,White Mug,15,2020-01-30 16:00,77.78,0.4,28.17,Electronics,Online,Not Returned,Low,1166.7,VIP
252617,USB Cable,44,2020-01-31 12:00,91.26,0.04,20.59,Electronics,In-store,Returned,High,4015.44,VIP
897606,Office Chair,49,2020-01-31 14:00,23.59,0.26,14.24,Electronics,In-store,Not Returned,Low,1155.91,VIP
450605,Headphones,32,2020-01-31 15:00,72.07,0.03,12.54,Electronics,Online,Not Returned,Low,2306.24,VIP
633636,Desk Lamp,22,2020-01-31 17:00,52.54,0.09,20.84,Electronics,Online,Not Returned,Low,1155.88,VIP
827627,White Mug,39,2020-02-01 00:00,37.37,0.12,19.88,Electronics,In-store,Not Returned,High,1457.4299999999998,VIP
139081,Desk Lamp,31,2020-02-01 12:00,50.23,0.06,12.24,Electronics,Online,Not Returned,High,1557.13,VIP
389106,White Mug,28,2020-02-01 22:00,59.2,0.02,11.56,Electronics,Online,Not Returned,High,1657.6,VIP
257504,Notebook,20,2020-02-02 02:00,84.84,0.31,5.4,Electronics,Online,Not Returned,Low,1696.8000000000002,VIP
842129,Wall Clock,21,2020-02-03 01:00,54.27,0.06,26.55,Electronics,Online,Not Returned,High,1139.67,VIP
748249,White Mug,37,2020-02-03 04:00,62.64,0.49,7.69,Electronics,In-store,Not Returned,High,2317.68,VIP
130355,Notebook,46,2020-02-03 05:00,57.69,0.39,9.61,Electronics,In-store,Not Returned,Low,2653.74,VIP
551015,T-shirt,36,2020-02-03 07:00,39.38,0.14,22.23,Electronics,In-store,Not Returned,Low,1417.68,VIP
506332,Desk Lamp,28,2020-02-03 08:00,52.24,0.23,15.38,Electronics,In-store,Not Returned,Medium,1462.72,VIP
586261,Office Chair,34,2020-02-04 12:00,72.93,0.05,14.19,Electronics,In-store,Not Returned,Low,2479.6200000000003,VIP
523570,Backpack,17,2020-02-04 19:00,98.79,0.34,17.17,Electronics,Online,Not Returned,High,1679.43,VIP
924845,Office Chair,17,2020-02-05 01:00,97.67,0.28,27.27,Electronics,In-store,Not Returned,Low,1660.39,VIP
250159,USB Cable,46,2020-02-05 08:00,51.74,0.46,15.24,Electronics,In-store,Not Returned,Medium,2380.04,VIP
109337,Headphones,38,2020-02-05 19:00,42.07,0.29,21.44,Electronics,Online,Not Returned,Low,1598.66,VIP
644447,Headphones,37,2020-02-06 07:00,39.46,0.14,8.43,Electronics,Online,Not Returned,Low,1460.02,VIP
983439,White Mug,34,2020-02-06 16:00,78.65,0.09,13.62,Electronics,In-store,Not Returned,High,2674.1000000000004,VIP
944573,Wireless Mouse,19,2020-02-07 06:00,93.25,0.24,26.13,Electronics,Online,Not Returned,Low,1771.75,VIP
374907,T-shirt,37,2020-02-08 09:00,58.77,0.16,11.88,Electronics,Online,Not Returned,High,2174.49,VIP
984574,Blue Pen,31,2020-02-08 12:00,33.51,0.14,25.08,Electronics,Online,Not Returned,High,1038.81,VIP
765220,USB Cable,30,2020-02-08 13:00,58.62,0.03,6.41,Electronics,In-store,Not Returned,Medium,1758.6,VIP
931538,Desk Lamp,42,2020-02-09 04:00,31.6,0.14,8.86,Electronics,Online,Not Returned,Medium,1327.2,VIP
238311,USB Cable,35,2020-02-09 15:00,94.29,0.03,13.13,Electronics,Online,Not Returned,High,3300.15,VIP
900921,Wireless Mouse,16,2020-02-09 16:00,78.8,0.19,21.81,Electronics,In-store,Not Returned,Medium,1260.8,VIP
639542,Blue Pen,49,2020-02-10 10:00,62.56,0.44,29.99,Electronics,Online,Not Returned,Low,3065.44,VIP
926196,Backpack,44,2020-02-10 13:00,47.43,0.48,18.41,Electronics,In-store,Not Returned,Medium,2086.92,VIP
863185,Blue Pen,41,2020-02-10 22:00,93.94,0.08,18.49,Electronics,In-store,Not Returned,Medium,3851.54,VIP
404462,Backpack,18,2020-02-11 10:00,57.89,0.18,9.79,Electronics,In-store,Not Returned,Low,1042.02,VIP
417267,Backpack,37,2020-02-12 02:00,87.77,0.44,24.29,Electronics,In-store,Not Returned,High,3247.49,VIP
694124,Office Chair,37,2020-02-12 09:00,76.15,0.22,27.21,Electronics,In-store,Not Returned,Low,2817.55,VIP
728861,Wall Clock,48,2020-02-12 10:00,31.87,0.48,9.95,Electronics,In-store,Not Returned,High,1529.76,VIP
779574,White Mug,48,2020-02-12 17:00,59.47,0.17,26.68,Electronics,Online,Not Returned,Low,2854.56,VIP
761450,Office Chair,15,2020-02-12 21:00,74.6,0.25,19.19,Electronics,Online,Not Returned,Low,1119.0,VIP
230560,USB Cable,35,2020-02-13 21:00,57.87,0.17,21.64,Electronics,Online,Not Returned,Low,2025.45,VIP
998860,Notebook,38,2020-02-14 05:00,56.01,0.4,26.99,Electronics,In-store,Not Returned,Low,2128.38,VIP
936860,Wall Clock,38,2020-02-14 22:00,75.32,0.26,12.1,Electronics,In-store,Not Returned,Medium,2862.16,VIP
843091,Desk Lamp,41,2020-02-14 23:00,84.85,0.41,28.61,Electronics,Online,Not Returned,Low,3478.85,VIP
575774,Blue Pen,32,2020-02-15 01:00,82.83,0.38,22.84,Electronics,Online,Not Returned,Low,2650.56,VIP
358930,Notebook,42,2020-02-15 14:00,58.29,0.19,18.43,Electronics,Online,Not Returned,Medium,2448.18,VIP
953499,White Mug,47,2020-02-15 21:00,44.71,0.2,11.84,Electronics,In-store,Not Returned,Medium,2101.37,VIP
550009,Headphones,28,2020-02-16 15:00,53.16,0.5,9.75,Electronics,Online,Not Returned,Medium,1488.48,VIP
486193,USB Cable,34,2020-02-17 04:00,58.65,0.12,11.92,Electronics,Online,Not Returned,High,1994.1,VIP
123275,USB Cable,30,2020-02-17 12:00,61.08,0.21,29.61,Electronics,In-store,Not Returned,High,1832.4,VIP
696562,Notebook,45,2020-02-17 13:00,73.09,0.49,8.98,Electronics,In-store,Not Returned,Low,3289.05,VIP
294053,Headphones,36,2020-02-17 17:00,33.63,0.32,14.34,Electronics,Online,Not Returned,High,1210.68,VIP
699991,Notebook,49,2020-02-17 20:00,96.26,0.2,18.24,Electronics,Online,Not Returned,Low,4716.740000000001,VIP
258211,Backpack,26,2020-02-18 07:00,43.41,0.13,11.79,Electronics,In-store,Not Returned,High,1128.66,VIP
164323,Desk Lamp,33,2020-02-19 19:00,93.79,0.32,12.63,Electronics,In-store,Not Returned,Medium,3095.07,VIP
800947,T-shirt,44,2020-02-19 23:00,59.95,0.3,7.15,Electronics,Online,Not Returned,High,2637.8,VIP
485925,USB Cable,26,2020-02-20 16:00,69.17,0.22,6.11,Electronics,In-store,Not Returned,High,1798.42,VIP
105287,White Mug,23,2020-02-21 01:00,69.8,0.2,19.76,Electronics,Online,Not Returned,Low,1605.4,VIP
227309,Office Chair,39,2020-02-21 19:00,37.78,0.38,13.81,Electronics,Online,Not Returned,Medium,1473.42,VIP
429588,Notebook,12,2020-02-21 20:00,88.11,0.15,22.69,Electronics,Online,Not Returned,Medium,1057.32,VIP
435842,T-shirt,15,2020-02-22 02:00,70.99,0.48,16.7,Electronics,Online,Not Returned,Medium,1064.85,VIP
632295,Notebook,40,2020-02-22 10:00,70.38,0.01,12.52,Electronics,In-store,Not Returned,High,2815.2,VIP
879554,Desk Lamp,29,2020-02-22 15:00,91.06,0.18,25.38,Electronics,In-store,Not Returned,Medium,2640.74,VIP
512498,Notebook,48,2020-02-22 19:00,66.64,0.05,21.44,Electronics,Online,Not Returned,Medium,3198.7200000000003,VIP
290279,Wireless Mouse,25,2020-02-23 06:00,92.71,0.08,18.24,Electronics,In-store,Not Returned,High,2317.75,VIP
830406,Backpack,25,2020-02-23 07:00,59.16,0.47,21.79,Electronics,Online,Not Returned,Medium,1479.0,VIP
196646,Wireless Mouse,29,2020-02-24 06:00,82.04,0.05,22.79,Electronics,Online,Not Returned,Low,2379.1600000000003,VIP
756282,USB Cable,45,2020-02-24 17:00,41.71,0.12,19.83,Electronics,Online,Returned,Low,1876.95,VIP
372933,Wireless Mouse,35,2020-02-24 20:00,37.66,0.42,12.38,Electronics,Online,Not Returned,Medium,1318.1,VIP
132154,Wireless Mouse,20,2020-02-25 01:00,73.5,0.3,27.14,Electronics,Online,Not Returned,Medium,1470.0,VIP
945633,Backpack,44,2020-02-25 07:00,66.28,0.17,19.91,Electronics,In-store,Not Returned,Medium,2916.32,VIP
592313,White Mug,24,2020-02-26 10:00,69.77,0.12,8.76,Electronics,In-store,Not Returned,High,1674.48,VIP
754618,Wall Clock,32,2020-02-26 12:00,33.79,0.05,5.26,Electronics,In-store,Not Returned,Medium,1081.28,VIP
913738,Backpack,41,2020-02-27 10:00,57.8,0.21,8.08,Electronics,Online,Returned,Medium,2369.8,VIP
415172,USB Cable,29,2020-02-27 17:00,37.58,0.24,28.06,Electronics,Online,Not Returned,Medium,1089.82,VIP
209945,USB Cable,35,2020-02-28 00:00,63.57,0.0,18.89,Electronics,In-store,Not Returned,High,2224.95,VIP
562120,Blue Pen,20,2020-02-28 06:00,98.23,0.11,14.33,Electronics,Online,Not Returned,Low,1964.6,VIP
278595,Blue Pen,-28,2020-02-28 14:00,-89.23,1.9856555899355053,,Electronics,Online,Not Returned,High,2498.44,VIP
767054,Office Chair,33,2020-02-29 00:00,78.34,0.28,17.9,Electronics,Online,Not Returned,Medium,2585.2200000000003,VIP
950163,T-shirt,49,2020-02-29 09:00,41.92,0.23,26.63,Electronics,In-store,Not Returned,Medium,2054.08,VIP
632358,Backpack,15,2020-02-29 14:00,99.24,0.13,27.93,Electronics,Online,Returned,Low,1488.6,VIP
226161,White Mug,29,2020-02-29 15:00,56.84,0.39,20.71,Electronics,Online,Not Returned,Low,1648.36,VIP
632954,Backpack,25,2020-02-29 16:00,51.64,0.45,5.02,Electronics,In-store,Not Returned,High,1291.0,VIP
346726,Headphones,23,2020-03-01 13:00,55.1,0.09,28.05,Electronics,In-store,Not Returned,Low,1267.3,VIP
119816,Office Chair,24,2020-03-01 16:00,70.74,0.44,15.19,Electronics,In-store,Not Returned,Medium,1697.7599999999998,VIP
721019,Office Chair,43,2020-03-01 20:00,90.43,0.04,7.81,Electronics,Online,Not Returned,Medium,3888.49,VIP
687111,T-shirt,45,2020-03-01 23:00,33.13,0.3,6.06,Electronics,In-store,Not Returned,Medium,1490.85,VIP
714685,Headphones,48,2020-03-02 14:00,76.05,0.36,14.61,Electronics,In-store,Returned,Low,3650.4,VIP
697135,Headphones,36,2020-03-02 15:00,94.75,0.03,18.23,Electronics,Online,Not Returned,Medium,3411.0,VIP
688365,Backpack,33,2020-03-02 20:00,89.61,0.4,16.97,Electronics,In-store,Not Returned,Medium,2957.13,VIP
730235,Wireless Mouse,22,2020-03-03 17:00,84.85,0.37,18.35,Electronics,In-store,Not Returned,High,1866.7,VIP
434402,Headphones,44,2020-03-04 10:00,97.72,0.14,6.23,Electronics,Online,Not Returned,High,4299.68,VIP
725646,Blue Pen,36,2020-03-04 14:00,58.37,0.05,17.65,Electronics,In-store,Not Returned,Low,2101.32,VIP
599876,Backpack,31,2020-03-05 02:00,69.84,0.16,26.23,Electronics,In-store,Not Returned,High,2165.04,VIP
745588,USB Cable,30,2020-03-05 03:00,98.02,0.46,29.95,Electronics,Online,Returned,Low,2940.6,VIP
478387,Headphones,44,2020-03-06 07:00,91.3,0.3,10.4,Electronics,In-store,Not Returned,Medium,4017.2,VIP
220674,Wall Clock,47,2020-03-06 14:00,99.01,0.48,20.75,Electronics,Online,Not Returned,High,4653.47,VIP
881817,Blue Pen,32,2020-03-06 15:00,49.24,0.32,23.22,Electronics,In-store,Returned,High,1575.68,VIP
167642,Wireless Mouse,29,2020-03-06 20:00,65.36,0.24,28.9,Electronics,In-store,Not Returned,Medium,1895.44,VIP
705470,Desk Lamp,31,2020-03-08 17:00,44.48,0.38,25.93,Electronics,Online,Not Returned,Medium,1378.88,VIP
575781,Wall Clock,37,2020-03-08 18:00,32.27,0.24,6.05,Electronics,In-store,Not Returned,Low,1193.99,VIP
672212,T-shirt,36,2020-03-08 23:00,94.39,0.36,27.06,Electronics,Online,Not Returned,Medium,3398.04,VIP
552268,USB Cable,41,2020-03-09 02:00,32.0,0.17,14.73,Electronics,Online,Not Returned,Medium,1312.0,VIP
490719,Backpack,18,2020-03-09 09:00,58.66,0.34,9.32,Electronics,In-store,Not Returned,Medium,1055.88,VIP
976031,USB Cable,44,2020-03-09 22:00,33.25,0.47,15.56,Electronics,In-store,Not Returned,Medium,1463.0,VIP
582615,Headphones,46,2020-03-10 08:00,32.14,0.19,14.44,Electronics,Online,Not Returned,High,1478.44,VIP
599137,Office Chair,32,2020-03-11 00:00,81.17,0.04,16.76,Electronics,In-store,Not Returned,Medium,2597.44,VIP
493276,T-shirt,47,2020-03-11 07:00,33.32,0.07,28.64,Electronics,Online,Not Returned,Medium,1566.04,VIP
713217,USB Cable,38,2020-03-11 22:00,87.79,0.01,26.59,Electronics,Online,Not Returned,Medium,3336.0200000000004,VIP
111344,Blue Pen,20,2020-03-12 20:00,99.96,0.36,17.99,Electronics,In-store,Not Returned,Medium,1999.2,VIP
692245,Wall Clock,16,2020-03-12 22:00,96.49,0.11,25.82,Electronics,Online,Not Returned,Medium,1543.84,VIP
381685,Wall Clock,24,2020-03-13 18:00,67.12,0.36,21.72,Electronics,Online,Not Returned,Medium,1610.88,VIP
764180,T-shirt,18,2020-03-13 23:00,78.41,0.23,17.28,Electronics,In-store,Returned,Medium,1411.38,VIP
442703,Backpack,23,2020-03-14 01:00,88.82,0.38,15.7,Electronics,Online,Not Returned,Low,2042.86,VIP
349321,Desk Lamp,28,2020-03-14 13:00,50.32,0.25,21.75,Electronics,In-store,Not Returned,Medium,1408.96,VIP
166150,Wall Clock,35,2020-03-14 14:00,76.12,0.25,25.61,Electronics,Online,Not Returned,High,2664.2000000000003,VIP
189613,Wireless Mouse,29,2020-03-14 16:00,54.4,0.07,24.22,Electronics,In-store,Not Returned,High,1577.6,VIP
652076,Office Chair,42,2020-03-16 02:00,67.06,0.49,8.67,Electronics,Online,Not Returned,Low,2816.52,VIP
970123,USB Cable,22,2020-03-16 19:00,54.29,0.48,7.91,Electronics,In-store,Not Returned,High,1194.38,VIP
911006,Wall Clock,38,2020-03-17 01:00,28.23,0.03,16.47,Electronics,Online,Returned,High,1072.74,VIP
845453,Desk Lamp,12,2020-03-17 19:00,88.04,0.35,24.71,Electronics,In-store,Not Returned,Medium,1056.48,VIP
338506,Headphones,45,2020-03-18 07:00,41.02,0.15,10.37,Electronics,In-store,Not Returned,Low,1845.9,VIP
785117,USB Cable,34,2020-03-18 14:00,65.09,0.37,21.42,Electronics,In-store,Not Returned,Low,2213.06,VIP
835457,Office Chair,14,2020-03-18 16:00,92.71,0.4,8.73,Electronics,Online,Not Returned,High,1297.9399999999998,VIP
910694,T-shirt,26,2020-03-18 18:00,41.61,0.35,22.09,Electronics,In-store,Returned,Medium,1081.86,VIP
966867,Office Chair,18,2020-03-18 19:00,65.98,0.31,10.57,Electronics,Online,Not Returned,High,1187.64,VIP
176898,USB Cable,29,2020-03-19 16:00,37.28,0.07,17.96,Electronics,Online,Returned,High,1081.12,VIP
107906,Headphones,43,2020-03-20 02:00,24.93,0.3,8.74,Electronics,In-store,Not Returned,High,1071.99,VIP
815080,Backpack,40,2020-03-20 09:00,31.89,0.07,8.09,Electronics,In-store,Not Returned,Low,1275.6,VIP
183300,Office Chair,31,2020-03-20 12:00,51.86,0.25,11.04,Electronics,In-store,Not Returned,Medium,1607.66,VIP
756951,USB Cable,36,2020-03-22 07:00,54.57,0.28,12.88,Electronics,Online,Not Returned,Low,1964.52,VIP
884108,T-shirt,17,2020-03-22 12:00,83.69,0.38,5.68,Electronics,In-store,Not Returned,Low,1422.73,VIP
781652,Office Chair,39,2020-03-23 01:00,36.36,0.32,25.85,Electronics,In-store,Not Returned,High,1418.04,VIP
148874,USB Cable,22,2020-03-23 10:00,99.1,0.35,24.48,Electronics,In-store,Not Returned,High,2180.2,VIP
588972,Office Chair,44,2020-03-24 11:00,79.16,0.43,29.91,Electronics,Online,Not Returned,High,3483.04,VIP
363579,White Mug,47,2020-03-25 06:00,23.0,0.37,10.9,Electronics,Online,Not Returned,High,1081.0,VIP
606047,Wireless Mouse,35,2020-03-25 16:00,57.06,0.28,10.72,Electronics,Online,Not Returned,Low,1997.1,VIP
649148,Backpack,45,2020-03-26 06:00,83.33,0.44,13.86,Electronics,Online,Not Returned,Low,3749.85,VIP
842406,Wireless Mouse,49,2020-03-26 14:00,31.42,0.42,28.52,Electronics,Online,Not Returned,High,1539.5800000000002,VIP
632101,Wall Clock,45,2020-03-26 17:00,62.28,0.14,23.53,Electronics,Online,Returned,Medium,2802.6,VIP
537785,T-shirt,25,2020-03-27 01:00,68.52,0.44,19.18,Electronics,Online,Returned,Medium,1713.0,VIP
713474,White Mug,46,2020-03-27 07:00,44.86,0.35,17.06,Electronics,Online,Returned,Medium,2063.56,VIP
438076,Blue Pen,12,2020-03-27 12:00,87.8,0.08,22.8,Electronics,Online,Not Returned,Low,1053.6,VIP
153268,Wireless Mouse,44,2020-03-28 04:00,97.5,0.45,20.08,Electronics,Online,Not Returned,High,4290.0,VIP
532430,Office Chair,36,2020-03-28 05:00,61.5,0.12,13.42,Electronics,Online,Not Returned,Medium,2214.0,VIP
787556,Desk Lamp,35,2020-03-28 13:00,63.62,0.01,21.09,Electronics,Online,Not Returned,High,2226.7,VIP
899289,Notebook,43,2020-03-28 17:00,29.31,0.39,23.51,Electronics,Online,Not Returned,High,1260.33,VIP
501927,USB Cable,18,2020-03-29 11:00,64.74,0.26,9.63,Electronics,Online,Not Returned,High,1165.32,VIP
817148,Desk Lamp,25,2020-03-29 18:00,63.82,0.18,26.7,Electronics,In-store,Not Returned,Medium,1595.5,VIP
370856,Desk Lamp,41,2020-03-30 10:00,82.07,0.18,26.44,Electronics,In-store,Returned,Low,3364.87,VIP
877147,Headphones,45,2020-03-30 14:00,36.79,0.34,21.92,Electronics,In-store,Not Returned,Low,1655.55,VIP
706791,White Mug,40,2020-03-30 20:00,58.15,0.14,17.05,Electronics,Online,Not Returned,Low,2326.0,VIP
693586,Wireless Mouse,19,2020-03-31 19:00,60.67,0.36,9.95,Electronics,In-store,Not Returned,Medium,1152.73,VIP
877915,Desk Lamp,20,2020-04-03 19:00,59.31,0.41,28.41,Electronics,Online,Not Returned,Medium,1186.2,VIP
473706,White Mug,17,2020-04-03 22:00,76.89,0.17,21.47,Electronics,Online,Returned,High,1307.13,VIP
170326,Notebook,44,2020-04-04 13:00,43.21,0.28,11.01,Electronics,Online,Not Returned,High,1901.24,VIP
906481,Backpack,31,2020-04-04 17:00,39.36,0.24,10.94,Electronics,Online,Not Returned,Low,1220.16,VIP
991793,Blue Pen,40,2020-04-04 19:00,77.29,0.09,29.2,Electronics,Online,Not Returned,Medium,3091.6000000000004,VIP
519065,White Mug,23,2020-04-06 08:00,75.15,0.03,7.0,Electronics,In-store,Not Returned,High,1728.45,VIP
142229,White Mug,34,2020-04-06 19:00,72.33,0.24,6.92,Electronics,Online,Returned,Medium,2459.22,VIP
186652,Wireless Mouse,33,2020-04-06 20:00,77.32,0.35,5.66,Electronics,In-store,Not Returned,Medium,2551.56,VIP
943488,Desk Lamp,35,2020-04-07 01:00,32.56,0.44,15.29,Electronics,Online,Not Returned,High,1139.6,VIP
760008,Notebook,36,2020-04-07 15:00,79.12,0.09,19.06,Electronics,Online,Not Returned,Medium,2848.32,VIP
932325,USB Cable,43,2020-04-08 01:00,30.42,0.25,20.03,Electronics,Online,Not Returned,High,1308.0600000000002,VIP
316184,Wall Clock,16,2020-04-09 10:00,80.45,0.2,5.02,Electronics,In-store,Not Returned,Medium,1287.2,VIP
417348,White Mug,37,2020-04-09 12:00,84.45,0.23,13.1,Electronics,Online,Not Returned,High,3124.65,VIP
282958,Headphones,24,2020-04-09 13:00,65.02,0.17,27.12,Electronics,Online,Not Returned,High,1560.48,VIP
249381,White Mug,34,2020-04-10 00:00,35.93,0.2,10.38,Electronics,Online,Not Returned,High,1221.62,VIP
846788,Backpack,44,2020-04-10 09:00,81.09,0.04,24.84,Electronics,In-store,Not Returned,High,3567.96,VIP
317285,Wireless Mouse,17,2020-04-10 16:00,97.17,0.49,10.59,Electronics,Online,Not Returned,Medium,1651.89,VIP
438404,Wireless Mouse,42,2020-04-10 17:00,99.89,0.4,23.51,Electronics,In-store,Not Returned,Medium,4195.38,VIP
260928,White Mug,22,2020-04-10 20:00,48.63,0.5,9.32,Electronics,Online,Not Returned,Medium,1069.86,VIP
790417,Wireless Mouse,30,2020-04-11 03:00,55.9,0.44,24.01,Electronics,Online,Not Returned,Medium,1677.0,VIP
601076,Headphones,49,2020-04-12 07:00,34.58,0.33,28.95,Electronics,Online,Not Returned,Medium,1694.4199999999998,VIP
712297,Headphones,20,2020-04-12 19:00,58.38,0.33,24.0,Electronics,In-store,Not Returned,Low,1167.6,VIP
273895,T-shirt,26,2020-04-13 07:00,86.75,0.13,26.55,Electronics,In-store,Not Returned,Low,2255.5,VIP
530424,Office Chair,49,2020-04-13 08:00,74.16,0.02,24.56,Electronics,In-store,Not Returned,Medium,3633.84,VIP
562785,Notebook,-47,2020-04-13 21:00,-41.39,1.1944941835626035,,Electronics,In-store,Not Returned,High,1945.33,VIP
742804,T-shirt,31,2020-04-14 05:00,33.43,0.06,27.43,Electronics,In-store,Not Returned,Low,1036.33,VIP
619777,USB Cable,39,2020-04-14 10:00,66.52,0.02,18.55,Electronics,Online,Returned,Medium,2594.28,VIP
983084,Desk Lamp,45,2020-04-14 19:00,88.03,0.43,28.63,Electronics,Online,Not Returned,Low,3961.35,VIP
659931,USB Cable,14,2020-04-15 14:00,91.98,0.34,18.31,Electronics,Online,Not Returned,High,1287.72,VIP
949881,Blue Pen,43,2020-04-15 22:00,81.68,0.15,7.63,Electronics,Online,Not Returned,Low,3512.24,VIP
594509,White Mug,47,2020-04-16 03:00,43.18,0.1,28.04,Electronics,Online,Not Returned,High,2029.46,VIP
504772,Desk Lamp,45,2020-04-16 20:00,61.34,0.45,17.91,Electronics,Online,Not Returned,Low,2760.3,VIP
782347,Notebook,31,2020-04-17 03:00,83.08,0.38,27.27,Electronics,Online,Not Returned,High,2575.48,VIP
571828,Headphones,16,2020-04-17 17:00,78.46,0.3,25.75,Electronics,In-store,Not Returned,Low,1255.36,VIP
358517,Notebook,16,2020-04-17 19:00,91.41,0.39,19.93,Electronics,In-store,Not Returned,High,1462.56,VIP
800336,Desk Lamp,40,2020-04-18 15:00,25.16,0.36,15.79,Electronics,In-store,Not Returned,High,1006.4,VIP
462246,Blue Pen,31,2020-04-19 11:00,65.06,0.4,27.91,Electronics,Online,Not Returned,High,2016.86,VIP
529667,T-shirt,46,2020-04-20 19:00,44.63,0.15,9.34,Electronics,In-store,Not Returned,High,2052.98,VIP
903446,Wall Clock,45,2020-04-21 13:00,68.7,0.13,8.97,Electronics,In-store,Not Returned,Medium,3091.5,VIP
168388,Office Chair,38,2020-04-21 17:00,45.41,0.44,11.7,Electronics,Online,Not Returned,Low,1725.58,VIP
192578,T-shirt,22,2020-04-21 19:00,91.97,0.42,17.26,Electronics,Online,Not Returned,High,2023.34,VIP
385855,Wireless Mouse,30,2020-04-21 22:00,67.92,0.39,28.53,Electronics,Online,Not Returned,Low,2037.6,VIP
112323,Wall Clock,36,2020-04-23 04:00,93.41,0.21,22.91,Electronics,Online,Not Returned,Medium,3362.76,VIP
216492,T-shirt,31,2020-04-23 16:00,85.17,0.39,25.86,Electronics,Online,Not Returned,Low,2640.27,VIP
813936,Blue Pen,39,2020-04-24 12:00,37.84,0.5,29.49,Electronics,Online,Not Returned,High,1475.7600000000002,VIP
611778,T-shirt,18,2020-04-24 13:00,84.59,0.02,20.57,Electronics,In-store,Not Returned,Low,1522.62,VIP
275915,T-shirt,47,2020-04-24 20:00,56.25,0.35,10.39,Electronics,In-store,Not Returned,High,2643.75,VIP
391126,Wall Clock,40,2020-04-25 04:00,78.29,0.01,10.54,Electronics,In-store,Not Returned,Medium,3131.6000000000004,VIP
784688,Blue Pen,49,2020-04-25 12:00,94.2,0.24,15.56,Electronics,In-store,Not Returned,Medium,4615.8,VIP
601643,Backpack,37,2020-04-25 14:00,60.0,0.22,24.88,Electronics,Online,Not Returned,Low,2220.0,VIP
855343,Office Chair,26,2020-04-25 18:00,97.28,0.1,6.22,Electronics,Online,Not Returned,High,2529.28,VIP
119169,Wireless Mouse,22,2020-04-26 21:00,69.55,0.45,29.25,Electronics,In-store,Not Returned,Medium,1530.1,VIP
618652,Office Chair,25,2020-04-26 22:00,60.24,0.46,13.34,Electronics,Online,Not Returned,Medium,1506.0,VIP
296049,Wall Clock,48,2020-04-27 18:00,29.4,0.3,8.34,Electronics,Online,Not Returned,High,1411.1999999999998,VIP
714805,White Mug,48,2020-04-27 22:00,37.23,0.1,6.12,Electronics,Online,Not Returned,High,1787.04,VIP
857771,Office Chair,31,2020-04-28 05:00,88.51,0.17,25.44,Electronics,In-store,Not Returned,Low,2743.81,VIP
687421,Wall Clock,47,2020-04-28 15:00,58.81,0.48,13.33,Electronics,Online,Not Returned,High,2764.07,VIP
245788,Headphones,29,2020-04-29 19:00,56.77,0.34,27.61,Electronics,In-store,Not Returned,Medium,1646.3300000000002,VIP
635426,Wall Clock,16,2020-04-29 21:00,96.99,0.28,20.39,Electronics,Online,Not Returned,Medium,1551.84,VIP
987700,T-shirt,-46,2020-04-30 05:00,-32.62,0.43,,Electronics,Online,Not Returned,High,1500.52,VIP
117347,Headphones,14,2020-04-30 07:00,96.73,0.33,26.93,Electronics,Online,Not Returned,Medium,1354.22,VIP
656110,Desk Lamp,17,2020-04-30 09:00,95.15,0.28,25.32,Electronics,In-store,Not Returned,Medium,1617.5500000000002,VIP
325371,Notebook,35,2020-04-30 15:00,43.48,0.41,16.04,Electronics,Online,Not Returned,Medium,1521.8,VIP
964645,Headphones,28,2020-05-01 00:00,89.72,0.41,6.29,Electronics,In-store,Not Returned,Low,2512.16,VIP
350497,Headphones,46,2020-05-01 12:00,96.78,0.21,17.97,Electronics,Online,Not Returned,High,4451.88,VIP
128141,White Mug,36,2020-05-02 00:00,68.13,0.02,29.99,Electronics,Online,Not Returned,Medium,2452.68,VIP
824188,White Mug,43,2020-05-02 12:00,27.63,0.28,15.18,Electronics,In-store,Not Returned,Low,1188.09,VIP
458918,Headphones,25,2020-05-03 02:00,91.15,0.46,7.79,Electronics,Online,Not Returned,Medium,2278.75,VIP
386166,T-shirt,44,2020-05-03 22:00,79.95,0.06,11.54,Electronics,Online,Not Returned,Medium,3517.8,VIP
235870,USB Cable,32,2020-05-04 18:00,89.86,0.39,9.56,Electronics,In-store,Not Returned,Low,2875.52,VIP
610259,Blue Pen,-41,2020-05-04 20:00,-38.46,0.47,,Electronics,Online,Not Returned,High,1576.86,VIP
819401,Office Chair,30,2020-05-05 15:00,82.02,0.15,17.14,Electronics,In-store,Not Returned,High,2460.6,VIP
714641,Notebook,17,2020-05-06 05:00,68.53,0.19,23.67,Electronics,Online,Not Returned,Medium,1165.01,VIP
873974,Wireless Mouse,46,2020-05-06 21:00,58.54,0.34,22.1,Electronics,In-store,Not Returned,Medium,2692.84,VIP
713858,White Mug,40,2020-05-07 13:00,40.94,0.28,9.27,Electronics,Online,Not Returned,Low,1637.6,VIP
354311,Wireless Mouse,33,2020-05-08 20:00,74.68,0.23,7.43,Electronics,Online,Not Returned,Medium,2464.44,VIP
790504,White Mug,32,2020-05-08 22:00,51.09,0.09,10.06,Electronics,Online,Not Returned,High,1634.88,VIP
619089,USB Cable,45,2020-05-09 01:00,60.5,0.42,22.77,Electronics,Online,Not Returned,Low,2722.5,VIP
797960,Wireless Mouse,35,2020-05-09 06:00,93.2,0.31,11.98,Electronics,In-store,Returned,Medium,3262.0,VIP
972637,Notebook,46,2020-05-09 10:00,28.73,0.03,20.12,Electronics,In-store,Not Returned,Low,1321.58,VIP
732500,T-shirt,33,2020-05-09 18:00,93.05,0.12,8.56,Electronics,Online,Not Returned,Medium,3070.65,VIP
713777,Backpack,23,2020-05-10 05:00,47.1,0.27,22.37,Electronics,In-store,Not Returned,High,1083.3,VIP
941851,Backpack,49,2020-05-10 12:00,34.8,0.3,21.66,Electronics,In-store,Returned,Medium,1705.1999999999998,VIP
392985,USB Cable,21,2020-05-11 02:00,77.48,0.18,27.03,Electronics,Online,Not Returned,High,1627.0800000000002,VIP
598685,Desk Lamp,14,2020-05-11 13:00,88.95,0.29,16.3,Electronics,In-store,Not Returned,Low,1245.3,VIP
895326,Blue Pen,12,2020-05-13 04:00,97.55,0.23,25.5,Electronics,In-store,Not Returned,High,1170.6,VIP
895928,Notebook,40,2020-05-13 12:00,39.16,0.38,7.74,Electronics,In-store,Not Returned,Medium,1566.4,VIP
665609,T-shirt,47,2020-05-13 17:00,25.18,0.32,11.77,Electronics,Online,Not Returned,Low,1183.46,VIP
344839,Office Chair,44,2020-05-14 02:00,26.65,0.27,14.17,Electronics,Online,Not Returned,Low,1172.6,VIP
860109,Blue Pen,36,2020-05-14 13:00,96.88,0.08,29.64,Electronics,In-store,Not Returned,High,3487.68,VIP
792111,USB Cable,-45,2020-05-15 13:00,-84.59,0.11,,Electronics,Online,Not Returned,Medium,3806.55,VIP
724771,Notebook,31,2020-05-15 21:00,74.2,0.07,22.57,Electronics,Online,Not Returned,Low,2300.2000000000003,VIP
816987,Desk Lamp,17,2020-05-16 18:00,95.23,0.34,13.68,Electronics,Online,Not Returned,Medium,1618.91,VIP
952129,Blue Pen,36,2020-05-17 09:00,67.36,0.16,29.29,Electronics,Online,Not Returned,Medium,2424.96,VIP
142092,White Mug,33,2020-05-17 22:00,69.56,0.02,12.01,Electronics,Online,Not Returned,Low,2295.48,VIP
637716,Notebook,18,2020-05-18 02:00,84.36,0.32,10.66,Electronics,Online,Not Returned,Medium,1518.48,VIP
702272,White Mug,45,2020-05-18 23:00,55.74,0.48,24.96,Electronics,In-store,Not Returned,High,2508.3,VIP
839290,Blue Pen,28,2020-05-19 06:00,98.88,0.23,21.15,Electronics,Online,Not Returned,High,2768.64,VIP
744600,White Mug,44,2020-05-19 16:00,56.74,0.13,17.3,Electronics,In-store,Not Returned,Medium,2496.56,VIP
456992,Notebook,29,2020-05-21 09:00,82.23,0.46,26.75,Electronics,Online,Not Returned,Low,2384.67,VIP
889271,Backpack,43,2020-05-21 10:00,73.55,0.28,23.46,Electronics,In-store,Not Returned,High,3162.65,VIP
641357,T-shirt,27,2020-05-21 15:00,65.47,0.36,11.36,Electronics,In-store,Not Returned,Low,1767.69,VIP
605659,Wireless Mouse,25,2020-05-21 16:00,48.49,0.41,24.72,Electronics,Online,Not Returned,Medium,1212.25,VIP
407747,Desk Lamp,49,2020-05-21 23:00,87.15,0.13,8.23,Electronics,In-store,Not Returned,Medium,4270.35,VIP
979005,Office Chair,32,2020-05-22 04:00,41.67,0.29,16.18,Electronics,Online,Not Returned,Medium,1333.44,VIP
619349,Wall Clock,17,2020-05-22 12:00,71.23,0.03,17.32,Electronics,Online,Not Returned,Low,1210.91,VIP
402929,Wall Clock,29,2020-05-23 01:00,64.95,0.21,12.4,Electronics,Online,Not Returned,Low,1883.55,VIP
852254,Headphones,47,2020-05-23 09:00,54.39,0.22,10.33,Electronics,In-store,Not Returned,Low,2556.33,VIP
653343,Wireless Mouse,28,2020-05-24 15:00,39.23,0.14,11.72,Electronics,In-store,Not Returned,High,1098.4399999999998,VIP
905878,Wall Clock,45,2020-05-25 02:00,54.93,0.21,23.71,Electronics,Online,Not Returned,Low,2471.85,VIP
592092,White Mug,36,2020-05-25 07:00,97.32,0.3,22.69,Electronics,In-store,Not Returned,High,3503.5199999999995,VIP
380618,Blue Pen,48,2020-05-25 11:00,52.46,0.29,9.46,Electronics,Online,Not Returned,High,2518.08,VIP
431328,Backpack,43,2020-05-25 21:00,72.54,0.37,7.54,Electronics,Online,Not Returned,Medium,3119.2200000000003,VIP
745961,Wall Clock,42,2020-05-26 06:00,99.41,0.03,15.07,Electronics,Online,Returned,High,4175.22,VIP
506140,USB Cable,48,2020-05-26 11:00,83.0,0.39,26.15,Electronics,In-store,Returned,Low,3984.0,VIP
426022,Blue Pen,23,2020-05-27 05:00,49.03,0.32,7.57,Electronics,In-store,Not Returned,Low,1127.69,VIP
688158,Headphones,46,2020-05-27 09:00,90.8,0.03,13.77,Electronics,Online,Not Returned,Low,4176.8,VIP
214586,White Mug,21,2020-05-27 21:00,71.46,0.28,28.52,Electronics,Online,Returned,High,1500.66,VIP
181816,USB Cable,28,2020-05-28 06:00,82.27,0.26,24.07,Electronics,Online,Not Returned,Low,2303.56,VIP
777623,Notebook,13,2020-05-28 07:00,95.82,0.09,11.16,Electronics,Online,Not Returned,High,1245.66,VIP
775714,Notebook,47,2020-05-28 09:00,86.34,0.16,6.27,Electronics,Online,Not Returned,Medium,4057.98,VIP
762212,Notebook,28,2020-05-29 00:00,53.3,0.04,24.65,Electronics,In-store,Not Returned,High,1492.4,VIP
958379,Blue Pen,20,2020-05-29 04:00,70.33,0.11,23.09,Electronics,Online,Not Returned,Medium,1406.6,VIP
657531,Backpack,27,2020-05-29 08:00,59.25,0.33,9.78,Electronics,In-store,Not Returned,Low,1599.75,VIP
834417,Desk Lamp,37,2020-05-29 19:00,62.56,0.12,13.14,Electronics,Online,Not Returned,Low,2314.7200000000003,VIP
500187,White Mug,23,2020-05-29 20:00,73.5,0.45,26.97,Electronics,In-store,Returned,Medium,1690.5,VIP
373260,Office Chair,34,2020-05-30 04:00,40.22,0.2,13.75,Electronics,Online,Not Returned,High,1367.48,VIP
578336,Blue Pen,49,2020-05-30 10:00,75.34,0.28,26.3,Electronics,In-store,Not Returned,Medium,3691.66,VIP
919812,Desk Lamp,24,2020-05-30 14:00,66.18,0.02,11.45,Electronics,Online,Not Returned,High,1588.3200000000002,VIP
687275,Notebook,47,2020-05-30 23:00,32.34,0.23,23.54,Electronics,In-store,Not Returned,Low,1519.9800000000002,VIP
501220,USB Cable,41,2020-05-31 19:00,70.51,0.21,8.22,Electronics,Online,Not Returned,High,2890.9100000000003,VIP
896184,Wireless Mouse,47,2020-05-31 20:00,91.93,0.46,26.8,Electronics,Online,Not Returned,Low,4320.71,VIP
545358,Notebook,39,2020-06-01 19:00,72.28,0.47,25.17,Electronics,In-store,Not Returned,High,2818.92,VIP
887019,White Mug,22,2020-06-02 04:00,77.72,0.01,23.92,Electronics,In-store,Not Returned,Low,1709.84,VIP
862841,Blue Pen,48,2020-06-02 07:00,41.22,0.28,6.33,Electronics,In-store,Not Returned,Low,1978.56,VIP
471233,Backpack,35,2020-06-02 18:00,42.94,0.33,18.69,Electronics,Online,Not Returned,Low,1502.9,VIP
768590,Blue Pen,24,2020-06-02 21:00,59.47,0.13,11.65,Electronics,Online,Not Returned,High,1427.28,VIP
133866,Notebook,48,2020-06-03 00:00,76.7,0.27,11.56,Electronics,Online,Not Returned,Medium,3681.6,VIP
811886,USB Cable,31,2020-06-05 04:00,69.2,0.26,13.4,Electronics,In-store,Not Returned,Low,2145.2000000000003,VIP
821037,Notebook,45,2020-06-05 17:00,99.04,0.15,26.21,Electronics,Online,Not Returned,Medium,4456.8,VIP
364803,Backpack,37,2020-06-05 18:00,41.31,0.26,25.54,Electronics,Online,Returned,High,1528.47,VIP
174567,Wireless Mouse,15,2020-06-05 20:00,77.31,0.25,15.32,Electronics,In-store,Returned,High,1159.65,VIP
226498,Desk Lamp,17,2020-06-05 22:00,84.5,0.45,17.07,Electronics,In-store,Not Returned,High,1436.5,VIP
564894,Notebook,27,2020-06-06 00:00,92.4,0.46,11.3,Electronics,In-store,Returned,Medium,2494.8,VIP
868613,White Mug,34,2020-06-06 10:00,80.59,0.09,15.29,Electronics,Online,Not Returned,Low,2740.06,VIP
615693,Headphones,33,2020-06-06 15:00,39.01,0.31,24.12,Electronics,Online,Not Returned,High,1287.33,VIP
938574,Wireless Mouse,33,2020-06-07 09:00,59.92,0.46,18.96,Electronics,Online,Not Returned,Medium,1977.36,VIP
658516,Wireless Mouse,41,2020-06-07 14:00,37.38,0.46,7.83,Electronics,In-store,Not Returned,Low,1532.5800000000002,VIP
609666,Wireless Mouse,43,2020-06-08 01:00,32.82,0.39,26.98,Electronics,In-store,Not Returned,High,1411.26,VIP
242312,Office Chair,38,2020-06-08 02:00,34.16,0.01,8.94,Electronics,Online,Not Returned,Low,1298.08,VIP
468252,Wall Clock,37,2020-06-08 13:00,82.45,0.08,24.3,Electronics,Online,Not Returned,Low,3050.65,VIP
721424,USB Cable,29,2020-06-08 23:00,77.24,0.11,12.07,Electronics,Online,Not Returned,Low,2239.96,VIP
675919,Blue Pen,16,2020-06-09 00:00,67.29,0.01,14.98,Electronics,Online,Not Returned,Low,1076.64,VIP
674100,Blue Pen,39,2020-06-09 08:00,79.33,0.25,12.37,Electronics,Online,Not Returned,High,3093.87,VIP
420787,White Mug,25,2020-06-09 11:00,64.18,0.43,6.27,Electronics,Online,Returned,High,1604.5000000000002,VIP
837685,White Mug,33,2020-06-10 16:00,63.47,0.48,21.18,Electronics,Online,Not Returned,Medium,2094.51,VIP
664485,USB Cable,45,2020-06-11 16:00,94.57,0.36,15.79,Electronics,Online,Not Returned,Low,4255.65,VIP
596507,Backpack,36,2020-06-13 01:00,72.8,0.29,30.0,Electronics,In-store,Not Returned,Low,2620.8,VIP
216656,Wireless Mouse,35,2020-06-13 05:00,32.14,0.01,19.82,Electronics,Online,Not Returned,High,1124.9,VIP
236535,Backpack,46,2020-06-13 12:00,26.25,0.17,7.75,Electronics,Online,Not Returned,High,1207.5,VIP
694736,Wireless Mouse,16,2020-06-13 14:00,93.21,0.29,10.67,Electronics,In-store,Not Returned,High,1491.36,VIP
552372,Wall Clock,39,2020-06-13 18:00,53.97,0.07,20.22,Electronics,In-store,Not Returned,Low,2104.83,VIP
476742,Wall Clock,48,2020-06-13 20:00,24.29,0.34,19.0,Electronics,In-store,Not Returned,Low,1165.92,VIP
411478,Blue Pen,29,2020-06-13 21:00,57.66,0.17,5.82,Electronics,Online,Not Returned,High,1672.14,VIP
414925,White Mug,47,2020-06-14 07:00,74.2,0.04,22.3,Electronics,In-store,Not Returned,Medium,3487.4,VIP
572406,T-shirt,12,2020-06-15 06:00,88.64,0.4,28.31,Electronics,In-store,Not Returned,Medium,1063.68,VIP
167411,Wireless Mouse,45,2020-06-15 12:00,36.26,0.09,21.48,Electronics,Online,Not Returned,Medium,1631.6999999999998,VIP
880926,USB Cable,28,2020-06-15 18:00,95.95,0.11,14.02,Electronics,In-store,Not Returned,High,2686.6,VIP
507592,Office Chair,-23,2020-06-16 08:00,-73.13,1.8268277779298656,,Electronics,Online,Not Returned,Medium,1681.9899999999998,VIP
529852,Desk Lamp,35,2020-06-16 12:00,30.37,0.02,16.38,Electronics,In-store,Not Returned,High,1062.95,VIP
961069,Desk Lamp,22,2020-06-16 19:00,72.72,0.15,23.91,Electronics,Online,Not Returned,Medium,1599.84,VIP
206022,Office Chair,15,2020-06-17 01:00,95.33,0.48,9.55,Electronics,In-store,Not Returned,High,1429.95,VIP
237103,Office Chair,15,2020-06-17 11:00,88.43,0.34,29.6,Electronics,Online,Not Returned,High,1326.45,VIP
324605,Headphones,40,2020-06-17 12:00,70.18,0.18,8.66,Electronics,In-store,Not Returned,Low,2807.2000000000003,VIP
784029,White Mug,24,2020-06-17 16:00,81.01,0.39,21.12,Electronics,Online,Not Returned,High,1944.24,VIP
792797,Wall Clock,33,2020-06-18 02:00,48.1,0.0,8.98,Electronics,In-store,Not Returned,High,1587.3,VIP
724411,Wireless Mouse,35,2020-06-18 10:00,90.8,0.04,26.06,Electronics,Online,Not Returned,Low,3178.0,VIP
248586,USB Cable,33,2020-06-18 13:00,84.76,0.31,23.94,Electronics,In-store,Not Returned,Low,2797.0800000000004,VIP
581719,Headphones,28,2020-06-19 21:00,80.57,0.11,28.43,Electronics,Online,Not Returned,Low,2255.96,VIP
907744,Wall Clock,-44,2020-06-20 03:00,-27.89,1.6020117914036325,,Electronics,Online,Not Returned,High,1227.16,VIP
609346,Desk Lamp,42,2020-06-20 13:00,56.1,0.25,20.93,Electronics,Online,Not Returned,Medium,2356.2000000000003,VIP
883152,Office Chair,36,2020-06-20 19:00,28.53,0.1,13.76,Electronics,Online,Not Returned,Medium,1027.08,VIP
384996,White Mug,28,2020-06-20 22:00,74.77,0.04,19.75,Electronics,In-store,Not Returned,Low,2093.56,VIP
928791,USB Cable,48,2020-06-21 11:00,50.72,0.42,21.69,Electronics,Online,Not Returned,High,2434.56,VIP
460890,T-shirt,42,2020-06-21 13:00,52.93,0.0,28.47,Electronics,In-store,Not Returned,High,2223.06,VIP
849122,USB Cable,30,2020-06-21 14:00,48.79,0.09,21.13,Electronics,Online,Not Returned,Medium,1463.7,VIP
530442,Office Chair,35,2020-06-21 22:00,86.76,0.07,15.72,Electronics,In-store,Not Returned,Low,3036.6000000000004,VIP
233241,Notebook,30,2020-06-22 11:00,41.98,0.35,26.74,Electronics,Online,Returned,Medium,1259.4,VIP
643088,T-shirt,30,2020-06-22 21:00,50.24,0.29,10.35,Electronics,In-store,Not Returned,Medium,1507.2,VIP
267647,Headphones,41,2020-06-23 05:00,53.26,0.38,20.04,Electronics,Online,Returned,Low,2183.66,VIP
567243,White Mug,38,2020-06-24 08:00,36.84,0.29,15.27,Electronics,Online,Not Returned,Low,1399.92,VIP
794780,Office Chair,49,2020-06-25 00:00,92.18,0.3,10.57,Electronics,Online,Not Returned,Low,4516.820000000001,VIP
971522,Wall Clock,36,2020-06-25 02:00,68.52,0.44,21.21,Electronics,Online,Not Returned,Low,2466.72,VIP
906651,Wireless Mouse,48,2020-06-25 03:00,63.79,0.38,15.93,Electronics,In-store,Not Returned,High,3061.92,VIP
277912,Blue Pen,38,2020-06-25 07:00,79.39,0.27,23.85,Electronics,In-store,Not Returned,Low,3016.82,VIP
275767,Notebook,29,2020-06-25 08:00,36.57,0.38,19.5,Electronics,In-store,Not Returned,Medium,1060.53,VIP
339779,Wireless Mouse,-30,2020-06-25 19:00,-71.48,1.4504628940877478,,Electronics,In-store,Not Returned,Low,2144.4,VIP
306846,Wall Clock,42,2020-06-25 21:00,85.59,0.45,29.6,Electronics,In-store,Not Returned,Low,3594.78,VIP
232212,Notebook,41,2020-06-25 23:00,68.18,0.01,21.03,Electronics,Online,Not Returned,Medium,2795.38,VIP
195071,Backpack,17,2020-06-26 23:00,78.24,0.04,21.17,Electronics,Online,Returned,Medium,1330.08,VIP
660592,Desk Lamp,23,2020-06-27 15:00,84.01,0.12,6.62,Electronics,Online,Not Returned,Medium,1932.23,VIP
283043,USB Cable,34,2020-06-28 02:00,46.57,0.25,8.53,Electronics,Online,Returned,High,1583.38,VIP
966450,USB Cable,42,2020-06-28 16:00,34.94,0.02,22.58,Electronics,Online,Not Returned,Medium,1467.48,VIP
664798,Headphones,27,2020-06-28 17:00,94.94,0.13,12.11,Electronics,In-store,Not Returned,Medium,2563.38,VIP
866988,Notebook,36,2020-06-28 22:00,84.71,0.16,19.99,Electronics,In-store,Not Returned,High,3049.56,VIP
349877,USB Cable,38,2020-06-29 07:00,58.72,0.04,25.22,Electronics,In-store,Not Returned,Low,2231.36,VIP
317770,Wall Clock,31,2020-06-29 09:00,61.75,0.19,8.4,Electronics,Online,Not Returned,Low,1914.25,VIP
440093,Notebook,41,2020-06-29 13:00,60.16,0.21,28.37,Electronics,Online,Not Returned,Medium,2466.56,VIP
149847,Desk Lamp,28,2020-06-29 19:00,88.19,0.17,25.91,Electronics,In-store,Not Returned,Medium,2469.32,VIP
502980,White Mug,43,2020-06-30 10:00,75.24,0.31,5.78,Electronics,In-store,Not Returned,Low,3235.32,VIP
440615,Desk Lamp,30,2020-06-30 15:00,43.25,0.08,16.8,Electronics,Online,Not Returned,Low,1297.5,VIP
849078,Blue Pen,21,2020-07-01 01:00,74.79,0.24,28.09,Electronics,In-store,Not Returned,High,1570.59,VIP
154189,USB Cable,23,2020-07-01 04:00,58.08,0.31,27.63,Electronics,Online,Not Returned,High,1335.84,VIP
494597,Office Chair,43,2020-07-01 10:00,35.66,0.32,5.5,Electronics,Online,Not Returned,High,1533.38,VIP
914886,White Mug,21,2020-07-03 06:00,61.22,0.21,26.27,Electronics,Online,Not Returned,Medium,1285.62,VIP
606581,USB Cable,21,2020-07-03 16:00,96.88,0.09,29.43,Electronics,Online,Not Returned,Medium,2034.48,VIP
484073,Wireless Mouse,28,2020-07-03 21:00,51.22,0.08,12.43,Electronics,Online,Returned,Medium,1434.16,VIP
100159,Desk Lamp,25,2020-07-04 02:00,57.25,0.23,26.29,Electronics,Online,Not Returned,Medium,1431.25,VIP
146101,T-shirt,18,2020-07-04 10:00,85.21,0.27,12.38,Electronics,In-store,Not Returned,High,1533.78,VIP
436907,USB Cable,-32,2020-07-04 19:00,-51.5,1.6324005490115745,,Electronics,Online,Not Returned,Medium,1648.0,VIP
771009,Desk Lamp,18,2020-07-04 23:00,57.57,0.18,16.4,Electronics,In-store,Returned,Medium,1036.26,VIP
347644,Wall Clock,15,2020-07-05 13:00,93.01,0.45,11.16,Electronics,In-store,Not Returned,Low,1395.15,VIP
266277,White Mug,39,2020-07-05 21:00,30.15,0.06,17.18,Electronics,In-store,Not Returned,Low,1175.85,VIP
334104,Headphones,35,2020-07-06 03:00,98.78,0.35,5.31,Electronics,Online,Not Returned,High,3457.3,VIP
599909,USB Cable,39,2020-07-06 17:00,63.34,0.14,29.72,Electronics,Online,Not Returned,Low,2470.26,VIP
767540,T-shirt,31,2020-07-07 10:00,89.04,0.1,28.94,Electronics,Online,Not Returned,Medium,2760.24,VIP
455779,Wall Clock,34,2020-07-07 18:00,72.79,0.24,13.91,Electronics,Online,Not Returned,Medium,2474.86,VIP
467570,Desk Lamp,38,2020-07-08 01:00,71.68,0.26,14.98,Electronics,Online,Not Returned,Medium,2723.84,VIP
154575,T-shirt,30,2020-07-08 09:00,65.31,0.3,19.52,Electronics,Online,Not Returned,Medium,1959.3,VIP
580808,Wall Clock,17,2020-07-08 13:00,90.62,0.07,26.08,Electronics,Online,Returned,Low,1540.54,VIP
780332,T-shirt,23,2020-07-09 03:00,63.86,0.17,29.42,Electronics,Online,Not Returned,Medium,1468.78,VIP
211715,Office Chair,43,2020-07-09 04:00,74.65,0.32,24.19,Electronics,Online,Not Returned,High,3209.9500000000003,VIP
391464,White Mug,24,2020-07-09 08:00,98.63,0.25,26.43,Electronics,Online,Not Returned,High,2367.12,VIP
890645,Backpack,36,2020-07-10 19:00,96.93,0.06,29.84,Electronics,In-store,Not Returned,High,3489.4800000000005,VIP
837954,Wall Clock,29,2020-07-11 13:00,60.96,0.04,9.23,Electronics,Online,Not Returned,Medium,1767.84,VIP
910904,Blue Pen,-14,2020-07-11 14:00,-96.28,1.6824005739373116,,Electronics,Online,Not Returned,Medium,1347.92,VIP
799151,Headphones,47,2020-07-12 08:00,47.98,0.35,13.2,Electronics,Online,Not Returned,Low,2255.06,VIP
628714,Backpack,24,2020-07-13 21:00,94.02,0.14,22.76,Electronics,In-store,Not Returned,Low,2256.48,VIP
192769,Office Chair,40,2020-07-14 10:00,71.83,0.39,27.76,Electronics,In-store,Not Returned,High,2873.2,VIP
357354,White Mug,44,2020-07-15 02:00,59.27,0.27,23.19,Electronics,In-store,Not Returned,Medium,2607.88,VIP
408617,Wireless Mouse,22,2020-07-15 17:00,81.83,0.16,24.63,Electronics,In-store,Not Returned,Medium,1800.26,VIP
648277,Notebook,25,2020-07-16 08:00,99.46,0.25,5.97,Electronics,Online,Not Returned,High,2486.5,VIP
922513,Backpack,19,2020-07-16 14:00,74.54,0.29,11.67,Electronics,In-store,Not Returned,Low,1416.2600000000002,VIP
470416,Office Chair,49,2020-07-16 16:00,25.33,0.36,18.27,Electronics,In-store,Not Returned,Medium,1241.1699999999998,VIP
659351,Wall Clock,49,2020-07-16 22:00,66.82,0.06,28.35,Electronics,In-store,Returned,Medium,3274.18,VIP
187178,Notebook,29,2020-07-19 03:00,49.2,0.36,9.47,Electronics,In-store,Returned,Medium,1426.8000000000002,VIP
336562,Blue Pen,32,2020-07-19 05:00,96.49,0.02,14.98,Electronics,Online,Not Returned,Medium,3087.68,VIP
458710,Blue Pen,33,2020-07-19 07:00,74.35,0.1,10.54,Electronics,Online,Not Returned,Low,2453.55,VIP
223765,Backpack,31,2020-07-19 09:00,64.62,0.04,11.24,Electronics,In-store,Not Returned,Medium,2003.2200000000005,VIP
830031,Backpack,17,2020-07-21 09:00,62.39,0.33,18.19,Electronics,In-store,Not Returned,Medium,1060.63,VIP
103696,Backpack,24,2020-07-22 14:00,65.72,0.09,20.03,Electronics,Online,Not Returned,High,1577.28,VIP
212492,USB Cable,16,2020-07-23 08:00,69.19,0.16,6.32,Electronics,Online,Not Returned,Medium,1107.04,VIP
853494,USB Cable,44,2020-07-23 10:00,99.25,0.35,9.47,Electronics,Online,Not Returned,Medium,4367.0,VIP
742762,T-shirt,36,2020-07-23 12:00,64.6,0.25,18.32,Electronics,In-store,Not Returned,Medium,2325.6,VIP
371400,Notebook,32,2020-07-23 13:00,33.69,0.42,19.17,Electronics,Online,Not Returned,Medium,1078.08,VIP
191328,Headphones,14,2020-07-23 17:00,92.23,0.13,21.25,Electronics,In-store,Not Returned,Low,1291.22,VIP
811935,Blue Pen,26,2020-07-24 01:00,65.73,0.37,19.84,Electronics,Online,Not Returned,Low,1708.98,VIP
929430,Blue Pen,41,2020-07-24 14:00,84.32,0.43,15.44,Electronics,In-store,Not Returned,Low,3457.12,VIP
586904,T-shirt,36,2020-07-25 12:00,71.97,0.41,18.29,Electronics,In-store,Not Returned,Medium,2590.92,VIP
538242,Wall Clock,27,2020-07-25 17:00,90.03,0.1,29.48,Electronics,Online,Not Returned,High,2430.81,VIP
471994,T-shirt,24,2020-07-25 22:00,67.33,0.19,6.23,Electronics,Online,Not Returned,Low,1615.92,VIP
644279,Blue Pen,14,2020-07-26 04:00,80.62,0.07,28.09,Electronics,In-store,Not Returned,Low,1128.68,VIP
571017,Notebook,13,2020-07-26 06:00,95.15,0.03,15.83,Electronics,Online,Not Returned,High,1236.95,VIP
247745,White Mug,-33,2020-07-26 08:00,-89.29,1.3859726742122265,,Electronics,Online,Not Returned,Medium,2946.57,VIP
193526,Headphones,29,2020-07-27 23:00,87.42,0.23,21.88,Electronics,Online,Not Returned,High,2535.18,VIP
151001,Blue Pen,35,2020-07-28 00:00,60.04,0.12,10.43,Electronics,Online,Not Returned,Low,2101.4,VIP
520343,Office Chair,20,2020-07-28 15:00,55.59,0.18,25.29,Electronics,In-store,Not Returned,Medium,1111.8000000000002,VIP
464986,Wall Clock,18,2020-07-29 04:00,65.09,0.26,27.95,Electronics,Online,Not Returned,Low,1171.62,VIP
351514,White Mug,32,2020-07-29 18:00,70.25,0.39,20.75,Electronics,Online,Returned,High,2248.0,VIP
535928,Backpack,38,2020-07-29 21:00,43.78,0.45,6.17,Electronics,In-store,Not Returned,High,1663.64,VIP
701891,White Mug,21,2020-07-29 22:00,86.16,0.43,26.02,Electronics,In-store,Not Returned,High,1809.36,VIP
372872,Desk Lamp,49,2020-07-30 00:00,36.35,0.08,23.45,Electronics,Online,Not Returned,Medium,1781.15,VIP
645932,Wireless Mouse,-44,2020-07-30 22:00,-32.83,0.17,,Electronics,Online,Not Returned,Medium,1444.52,VIP
792485,USB Cable,33,2020-07-31 00:00,44.14,0.48,29.91,Electronics,Online,Not Returned,Medium,1456.62,VIP
435299,Backpack,46,2020-07-31 19:00,37.3,0.09,10.07,Electronics,Online,Not Returned,High,1715.8,VIP
927760,Office Chair,39,2020-07-31 21:00,49.03,0.48,17.97,Electronics,In-store,Not Returned,Low,1912.17,VIP
595010,Wireless Mouse,28,2020-08-01 01:00,51.52,0.5,28.98,Electronics,Online,Not Returned,High,1442.5600000000002,VIP
170305,T-shirt,27,2020-08-01 07:00,78.59,0.11,25.77,Electronics,In-store,Not Returned,Medium,2121.9300000000003,VIP
578108,Backpack,34,2020-08-01 13:00,43.06,0.43,14.44,Electronics,Online,Not Returned,Low,1464.04,VIP
629274,Headphones,45,2020-08-02 08:00,87.24,0.08,8.18,Electronics,Online,Not Returned,Medium,3925.8,VIP
510482,Desk Lamp,35,2020-08-02 19:00,88.41,0.33,11.34,Electronics,Online,Not Returned,Low,3094.35,VIP
874504,Blue Pen,42,2020-08-05 10:00,39.56,0.47,11.62,Electronics,In-store,Not Returned,Medium,1661.52,VIP
614265,Blue Pen,39,2020-08-05 13:00,67.86,0.45,11.25,Electronics,Online,Not Returned,Medium,2646.54,VIP
810205,Headphones,15,2020-08-05 14:00,92.62,0.22,18.0,Electronics,Online,Returned,Low,1389.3000000000002,VIP
329577,Headphones,13,2020-08-05 16:00,94.75,0.36,21.91,Electronics,In-store,Not Returned,Low,1231.75,VIP
606961,Wall Clock,31,2020-08-06 01:00,84.31,0.33,18.85,Electronics,In-store,Not Returned,High,2613.61,VIP
507472,Blue Pen,44,2020-08-06 05:00,67.96,0.17,8.23,Electronics,Online,Not Returned,Low,2990.24,VIP
235189,Wireless Mouse,35,2020-08-06 21:00,48.31,0.49,20.83,Electronics,Online,Returned,Medium,1690.85,VIP
389134,Office Chair,41,2020-08-07 11:00,47.89,0.11,16.2,Electronics,In-store,Not Returned,Low,1963.49,VIP
868917,Office Chair,44,2020-08-07 15:00,33.63,0.26,6.67,Electronics,In-store,Not Returned,Low,1479.72,VIP
837090,Office Chair,35,2020-08-07 16:00,50.74,0.17,13.63,Electronics,In-store,Not Returned,High,1775.9,VIP
621658,Wall Clock,37,2020-08-08 02:00,49.58,0.14,25.87,Electronics,In-store,Not Returned,Low,1834.46,VIP
496210,Wall Clock,49,2020-08-08 18:00,71.37,0.47,20.57,Electronics,Online,Not Returned,Low,3497.13,VIP
487988,Headphones,32,2020-08-08 20:00,94.48,0.45,23.12,Electronics,Online,Not Returned,High,3023.36,VIP
888245,Notebook,14,2020-08-08 22:00,74.07,0.47,28.05,Electronics,Online,Not Returned,Low,1036.98,VIP
740794,Desk Lamp,34,2020-08-10 01:00,35.12,0.08,29.44,Electronics,Online,Not Returned,Medium,1194.08,VIP
456007,Backpack,32,2020-08-11 02:00,90.25,0.46,20.83,Electronics,Online,Not Returned,Low,2888.0,VIP
896710,T-shirt,32,2020-08-11 03:00,86.14,0.41,16.74,Electronics,Online,Not Returned,Low,2756.48,VIP
333540,Wireless Mouse,37,2020-08-11 15:00,59.84,0.32,24.62,Electronics,In-store,Not Returned,High,2214.08,VIP
983520,T-shirt,15,2020-08-12 18:00,82.57,0.31,17.43,Electronics,Online,Not Returned,Medium,1238.55,VIP
779530,Blue Pen,32,2020-08-13 04:00,66.37,0.1,25.25,Electronics,In-store,Not Returned,High,2123.84,VIP
979140,Headphones,35,2020-08-13 11:00,96.5,0.17,14.27,Electronics,Online,Not Returned,High,3377.5,VIP
531722,T-shirt,-20,2020-08-14 04:00,-83.02,1.8658396752104385,,Electronics,Online,Returned,Medium,1660.4,VIP
105668,Wireless Mouse,33,2020-08-14 05:00,32.29,0.1,5.53,Electronics,Online,Returned,Medium,1065.57,VIP
897183,White Mug,35,2020-08-14 12:00,91.45,0.2,29.01,Electronics,In-store,Returned,Low,3200.75,VIP
408362,Notebook,42,2020-08-14 13:00,53.88,0.2,22.03,Electronics,Online,Not Returned,High,2262.96,VIP
796454,Notebook,49,2020-08-14 19:00,36.99,0.35,20.92,Electronics,Online,Not Returned,Medium,1812.51,VIP
367247,Blue Pen,32,2020-08-15 12:00,65.68,0.45,10.57,Electronics,In-store,Not Returned,Medium,2101.76,VIP
870692,T-shirt,22,2020-08-15 14:00,95.7,0.23,20.63,Electronics,Online,Not Returned,Medium,2105.4,VIP
636644,T-shirt,38,2020-08-16 04:00,96.84,0.2,17.96,Electronics,Online,Not Returned,Medium,3679.92,VIP
900819,USB Cable,33,2020-08-16 15:00,96.64,0.46,8.33,Electronics,Online,Not Returned,Medium,3189.12,VIP
859785,Office Chair,49,2020-08-16 21:00,22.84,0.38,25.34,Electronics,In-store,Not Returned,Medium,1119.16,VIP
161753,Wall Clock,39,2020-08-16 23:00,48.85,0.32,19.16,Electronics,Online,Returned,High,1905.15,VIP
156358,Desk Lamp,30,2020-08-17 10:00,90.83,0.26,21.43,Electronics,Online,Not Returned,High,2724.9,VIP
848149,Office Chair,36,2020-08-17 13:00,75.3,0.35,6.37,Electronics,Online,Not Returned,Low,2710.8,VIP
845423,Office Chair,20,2020-08-17 20:00,94.73,0.02,24.18,Electronics,Online,Not Returned,High,1894.6,VIP
938357,Wall Clock,21,2020-08-18 01:00,70.85,0.0,9.91,Electronics,In-store,Not Returned,Low,1487.85,VIP
105520,Backpack,36,2020-08-18 15:00,85.85,0.05,8.11,Electronics,Online,Not Returned,Low,3090.6,VIP
605838,Desk Lamp,42,2020-08-19 08:00,86.63,0.16,9.53,Electronics,In-store,Not Returned,Low,3638.46,VIP
407086,Wall Clock,27,2020-08-19 21:00,71.76,0.22,7.02,Electronics,In-store,Not Returned,Low,1937.52,VIP
727099,Backpack,17,2020-08-19 23:00,69.12,0.41,27.65,Electronics,Online,Not Returned,Low,1175.04,VIP
704489,Backpack,42,2020-08-20 09:00,98.96,0.45,21.42,Electronics,Online,Not Returned,Low,4156.32,VIP
661446,White Mug,40,2020-08-21 05:00,52.12,0.43,17.4,Electronics,In-store,Not Returned,High,2084.8,VIP
755129,Backpack,18,2020-08-21 12:00,89.15,0.12,23.86,Electronics,Online,Not Returned,Medium,1604.7,VIP
523291,Blue Pen,33,2020-08-22 08:00,34.98,0.07,20.58,Electronics,In-store,Returned,High,1154.34,VIP
526488,Desk Lamp,34,2020-08-22 15:00,64.84,0.17,24.33,Electronics,Online,Not Returned,Low,2204.56,VIP
280882,Backpack,46,2020-08-23 03:00,50.77,0.34,24.9,Electronics,Online,Not Returned,Medium,2335.42,VIP
404359,Desk Lamp,14,2020-08-23 11:00,95.44,0.11,5.69,Electronics,Online,Not Returned,Low,1336.16,VIP
693130,Blue Pen,49,2020-08-25 10:00,41.02,0.08,5.32,Electronics,Online,Not Returned,Low,2009.98,VIP
431119,Backpack,20,2020-08-26 05:00,59.75,0.17,27.96,Electronics,Online,Not Returned,Medium,1195.0,VIP
208944,USB Cable,38,2020-08-26 23:00,75.91,0.42,28.92,Electronics,In-store,Not Returned,Low,2884.58,VIP
641287,Wireless Mouse,22,2020-08-27 17:00,59.53,0.22,23.45,Electronics,Online,Not Returned,Medium,1309.66,VIP
295623,Headphones,25,2020-08-27 20:00,53.07,0.26,26.01,Electronics,Online,Not Returned,Low,1326.75,VIP
735274,Notebook,19,2020-08-28 02:00,53.49,0.49,30.0,Electronics,Online,Returned,High,1016.31,VIP
856942,Desk Lamp,36,2020-08-28 03:00,48.0,0.22,15.97,Electronics,Online,Not Returned,Medium,1728.0,VIP
107485,Wall Clock,36,2020-08-28 13:00,55.63,0.01,25.54,Electronics,Online,Not Returned,Medium,2002.68,VIP
137019,Notebook,43,2020-08-29 02:00,29.16,0.33,9.16,Electronics,In-store,Not Returned,High,1253.88,VIP
258598,Blue Pen,27,2020-08-29 07:00,70.06,0.43,24.68,Electronics,Online,Not Returned,Low,1891.62,VIP
869460,USB Cable,32,2020-08-29 10:00,96.8,0.1,6.7,Electronics,Online,Not Returned,Low,3097.6,VIP
915495,Backpack,48,2020-08-29 20:00,86.52,0.45,12.74,Electronics,In-store,Not Returned,High,4152.96,VIP
256255,Desk Lamp,48,2020-08-30 03:00,54.56,0.1,15.03,Electronics,Online,Not Returned,Medium,2618.88,VIP
564462,Headphones,41,2020-08-30 04:00,61.84,0.44,7.11,Electronics,In-store,Not Returned,Medium,2535.44,VIP
228216,White Mug,49,2020-08-30 11:00,38.33,0.23,14.97,Electronics,In-store,Not Returned,Medium,1878.17,VIP
967591,T-shirt,27,2020-08-30 23:00,49.56,0.16,28.57,Electronics,Online,Not Returned,Low,1338.12,VIP
390446,Notebook,45,2020-08-31 16:00,44.36,0.09,21.75,Electronics,In-store,Not Returned,Low,1996.2,VIP
613951,Backpack,33,2020-09-01 17:00,84.99,0.03,19.35,Electronics,In-store,Not Returned,Medium,2804.67,VIP
196393,Notebook,47,2020-09-02 03:00,54.61,0.42,18.36,Electronics,In-store,Not Returned,Low,2566.67,VIP
501426,Blue Pen,11,2020-09-02 08:00,91.93,0.23,20.73,Electronics,In-store,Not Returned,High,1011.23,VIP
839538,USB Cable,47,2020-09-02 16:00,69.3,0.2,6.19,Electronics,Online,Not Returned,Low,3257.1,VIP
982421,Desk Lamp,38,2020-09-03 07:00,55.41,0.28,24.64,Electronics,Online,Returned,Low,2105.58,VIP
100917,Backpack,36,2020-09-04 04:00,90.3,0.11,6.42,Electronics,In-store,Not Returned,Medium,3250.8,VIP
773422,Headphones,29,2020-09-04 10:00,73.09,0.38,13.69,Electronics,Online,Not Returned,Low,2119.61,VIP
314127,Headphones,35,2020-09-05 00:00,98.02,0.17,23.54,Electronics,Online,Not Returned,Medium,3430.7,VIP
303834,Desk Lamp,37,2020-09-05 03:00,36.85,0.47,13.37,Electronics,Online,Not Returned,High,1363.45,VIP
428821,USB Cable,35,2020-09-05 07:00,54.89,0.39,7.47,Electronics,Online,Not Returned,High,1921.15,VIP
722288,Headphones,46,2020-09-06 09:00,93.69,0.18,20.68,Electronics,Online,Not Returned,Low,4309.74,VIP
547415,T-shirt,46,2020-09-06 23:00,88.77,0.35,29.81,Electronics,In-store,Not Returned,High,4083.42,VIP
152446,White Mug,48,2020-09-07 13:00,75.33,0.31,13.02,Electronics,In-store,Not Returned,Medium,3615.84,VIP
527530,White Mug,16,2020-09-08 08:00,68.11,0.36,25.47,Electronics,Online,Not Returned,High,1089.76,VIP
145619,Notebook,22,2020-09-08 21:00,91.0,0.35,15.12,Electronics,In-store,Not Returned,Medium,2002.0,VIP
969001,Blue Pen,49,2020-09-09 15:00,82.45,0.46,17.46,Electronics,Online,Not Returned,Medium,4040.05,VIP
508624,Headphones,24,2020-09-09 18:00,42.51,0.45,10.81,Electronics,In-store,Not Returned,Low,1020.24,VIP
855675,Office Chair,30,2020-09-10 15:00,34.35,0.36,27.02,Electronics,Online,Not Returned,Medium,1030.5,VIP
324021,Office Chair,43,2020-09-11 17:00,62.04,0.11,5.6,Electronics,Online,Returned,High,2667.72,VIP
136683,Wireless Mouse,25,2020-09-12 21:00,44.02,0.24,22.01,Electronics,In-store,Not Returned,Medium,1100.5,VIP
868223,Wireless Mouse,19,2020-09-13 12:00,94.78,0.37,20.02,Electronics,In-store,Not Returned,Low,1800.82,VIP
223728,Desk Lamp,34,2020-09-13 15:00,89.57,0.28,25.03,Electronics,In-store,Returned,Low,3045.38,VIP
953220,Backpack,34,2020-09-13 16:00,96.6,0.39,23.12,Electronics,Online,Returned,High,3284.4,VIP
932583,Wireless Mouse,27,2020-09-14 02:00,75.6,0.31,10.85,Electronics,Online,Not Returned,Medium,2041.2,VIP
975931,Backpack,32,2020-09-14 13:00,57.13,0.04,21.91,Electronics,In-store,Not Returned,Low,1828.16,VIP
425437,Office Chair,42,2020-09-15 00:00,41.26,0.4,12.67,Electronics,In-store,Not Returned,High,1732.9199999999998,VIP
900511,Wall Clock,28,2020-09-15 07:00,66.51,0.39,22.44,Electronics,In-store,Not Returned,Medium,1862.28,VIP
294472,White Mug,48,2020-09-15 17:00,58.29,0.19,12.67,Electronics,Online,Not Returned,High,2797.92,VIP
334196,Desk Lamp,47,2020-09-15 20:00,92.17,0.49,20.06,Electronics,Online,Returned,High,4331.99,VIP
407680,USB Cable,34,2020-09-16 12:00,91.58,0.25,14.14,Electronics,In-store,Not Returned,Medium,3113.72,VIP
693792,T-shirt,44,2020-09-16 13:00,99.2,0.44,28.95,Electronics,Online,Not Returned,High,4364.8,VIP
299737,USB Cable,-31,2020-09-16 18:00,-77.67,1.334630607819177,,Electronics,In-store,Not Returned,Medium,2407.77,VIP
963917,White Mug,41,2020-09-17 00:00,78.26,0.12,15.82,Electronics,Online,Not Returned,Medium,3208.6600000000003,VIP
570489,Wall Clock,25,2020-09-17 04:00,68.09,0.04,6.73,Electronics,Online,Not Returned,Low,1702.25,VIP
822030,Wall Clock,47,2020-09-17 05:00,68.03,0.36,6.08,Electronics,Online,Not Returned,High,3197.41,VIP
938927,T-shirt,36,2020-09-17 12:00,99.63,0.19,13.59,Electronics,Online,Not Returned,Low,3586.68,VIP
789245,Office Chair,40,2020-09-17 23:00,97.17,0.45,13.67,Electronics,Online,Not Returned,High,3886.8,VIP
441558,USB Cable,43,2020-09-18 07:00,91.2,0.31,26.02,Electronics,In-store,Not Returned,High,3921.6,VIP
409066,Wireless Mouse,30,2020-09-19 07:00,61.26,0.4,5.43,Electronics,Online,Not Returned,Medium,1837.8,VIP
834200,Wireless Mouse,34,2020-09-19 16:00,37.31,0.25,22.26,Electronics,In-store,Not Returned,Medium,1268.54,VIP
288487,Backpack,19,2020-09-19 19:00,59.83,0.16,18.03,Electronics,Online,Not Returned,Medium,1136.77,VIP
856967,USB Cable,18,2020-09-20 01:00,61.03,0.16,25.99,Electronics,In-store,Not Returned,High,1098.54,VIP
553222,Wireless Mouse,46,2020-09-20 06:00,24.46,0.1,19.36,Electronics,Online,Not Returned,Low,1125.16,VIP
254455,Wireless Mouse,27,2020-09-21 09:00,46.92,0.4,6.16,Electronics,Online,Not Returned,Low,1266.84,VIP
666118,Headphones,44,2020-09-21 16:00,88.31,0.09,9.49,Electronics,Online,Not Returned,Low,3885.64,VIP
701206,Desk Lamp,35,2020-09-22 02:00,64.54,0.1,14.54,Electronics,Online,Not Returned,High,2258.9,VIP
619385,Notebook,42,2020-09-22 07:00,98.52,0.26,26.57,Electronics,Online,Not Returned,High,4137.84,VIP
803363,White Mug,45,2020-09-23 14:00,61.05,0.4,11.9,Electronics,In-store,Not Returned,Medium,2747.25,VIP
485946,Headphones,29,2020-09-23 17:00,99.62,0.42,20.76,Electronics,Online,Not Returned,Medium,2888.98,VIP
352557,Headphones,47,2020-09-24 00:00,72.62,0.15,14.97,Electronics,Online,Not Returned,Medium,3413.1400000000003,VIP
155805,Headphones,24,2020-09-24 08:00,98.57,0.34,13.22,Electronics,Online,Returned,Low,2365.68,VIP
440401,Wireless Mouse,48,2020-09-25 09:00,24.79,0.46,15.32,Electronics,In-store,Not Returned,Low,1189.92,VIP
746275,Headphones,34,2020-09-25 12:00,70.72,0.18,10.72,Electronics,In-store,Not Returned,High,2404.48,VIP
739104,Wireless Mouse,49,2020-09-25 17:00,98.42,0.04,26.95,Electronics,In-store,Not Returned,Medium,4822.58,VIP
873720,Wireless Mouse,30,2020-09-25 19:00,37.49,0.29,13.85,Electronics,Online,Not Returned,Medium,1124.7,VIP
524724,Wireless Mouse,22,2020-09-26 16:00,64.2,0.28,5.25,Electronics,Online,Not Returned,High,1412.4,VIP
486350,Blue Pen,34,2020-09-27 01:00,36.63,0.32,11.71,Electronics,Online,Not Returned,Medium,1245.42,VIP
607994,USB Cable,29,2020-09-27 03:00,89.79,0.37,18.26,Electronics,Online,Returned,High,2603.9100000000003,VIP
241449,White Mug,48,2020-09-27 12:00,65.77,0.45,7.71,Electronics,Online,Not Returned,High,3156.96,VIP
235370,Desk Lamp,46,2020-09-27 17:00,43.1,0.09,26.5,Electronics,In-store,Returned,Medium,1982.6,VIP
947084,Blue Pen,32,2020-09-27 22:00,32.12,0.17,14.34,Electronics,In-store,Not Returned,Medium,1027.84,VIP
513532,Wall Clock,31,2020-09-28 04:00,39.78,0.28,18.75,Electronics,Online,Not Returned,Medium,1233.18,VIP
272646,White Mug,23,2020-09-29 04:00,93.46,0.38,29.35,Electronics,In-store,Not Returned,Medium,2149.58,VIP
220592,Blue Pen,39,2020-09-30 09:00,96.25,0.25,23.59,Electronics,In-store,Not Returned,High,3753.75,VIP
808092,Wall Clock,23,2020-10-01 04:00,93.48,0.45,10.21,Electronics,In-store,Not Returned,High,2150.04,VIP
144036,Wireless Mouse,28,2020-10-01 21:00,76.81,0.29,8.05,Electronics,In-store,Not Returned,Low,2150.6800000000003,VIP
242867,Notebook,41,2020-10-01 23:00,54.58,0.3,29.44,Electronics,Online,Not Returned,Medium,2237.78,VIP
974641,Headphones,35,2020-10-02 05:00,97.44,0.08,26.49,Electronics,In-store,Returned,Medium,3410.4,VIP
282690,Office Chair,36,2020-10-02 23:00,82.1,0.44,23.61,Electronics,In-store,Not Returned,High,2955.6,VIP
735311,White Mug,18,2020-10-03 05:00,64.05,0.17,7.89,Electronics,In-store,Not Returned,Medium,1152.9,VIP
818013,Headphones,35,2020-10-04 09:00,89.94,0.03,25.6,Electronics,Online,Not Returned,Medium,3147.9,VIP
606713,Headphones,46,2020-10-04 11:00,31.27,0.01,28.56,Electronics,In-store,Not Returned,High,1438.42,VIP
881624,Desk Lamp,21,2020-10-05 06:00,51.35,0.25,20.68,Electronics,Online,Not Returned,Medium,1078.35,VIP
381373,White Mug,36,2020-10-05 09:00,51.9,0.09,9.37,Electronics,In-store,Not Returned,High,1868.4,VIP
674887,White Mug,33,2020-10-06 12:00,51.51,0.42,19.34,Electronics,Online,Not Returned,Low,1699.83,VIP
168207,T-shirt,37,2020-10-06 18:00,37.39,0.03,7.1,Electronics,Online,Not Returned,Medium,1383.43,VIP
971158,Blue Pen,43,2020-10-07 20:00,53.85,0.22,19.05,Electronics,Online,Not Returned,High,2315.55,VIP
787081,Desk Lamp,21,2020-10-08 00:00,50.54,0.27,5.28,Electronics,In-store,Not Returned,High,1061.34,VIP
425137,T-shirt,37,2020-10-08 07:00,82.24,0.2,24.24,Electronics,In-store,Not Returned,High,3042.88,VIP
311194,Wireless Mouse,15,2020-10-08 09:00,94.94,0.17,13.65,Electronics,Online,Not Returned,High,1424.1,VIP
263052,Backpack,31,2020-10-09 02:00,92.74,0.12,21.78,Electronics,In-store,Not Returned,Medium,2874.94,VIP
971448,Wireless Mouse,35,2020-10-09 05:00,77.26,0.25,19.26,Electronics,Online,Not Returned,High,2704.1000000000004,VIP
732585,Backpack,46,2020-10-09 19:00,84.75,0.34,18.19,Electronics,Online,Not Returned,Medium,3898.5,VIP
932297,Headphones,41,2020-10-10 11:00,43.04,0.38,14.46,Electronics,Online,Not Returned,Low,1764.64,VIP
422554,Wall Clock,29,2020-10-10 14:00,90.59,0.13,29.64,Electronics,In-store,Not Returned,Medium,2627.11,VIP
819846,Desk Lamp,41,2020-10-11 07:00,93.05,0.0,27.0,Electronics,Online,Not Returned,Medium,3815.05,VIP
579806,Office Chair,39,2020-10-11 17:00,33.4,0.11,19.34,Electronics,Online,Not Returned,Medium,1302.6,VIP
539358,Backpack,47,2020-10-12 00:00,29.51,0.35,5.69,Electronics,Online,Not Returned,High,1386.97,VIP
323068,Headphones,24,2020-10-12 12:00,60.19,0.46,26.39,Electronics,Online,Not Returned,Low,1444.56,VIP
456427,Wall Clock,33,2020-10-12 13:00,66.38,0.22,27.42,Electronics,Online,Not Returned,Medium,2190.54,VIP
841570,T-shirt,49,2020-10-12 23:00,54.98,0.21,21.13,Electronics,In-store,Not Returned,Medium,2694.02,VIP
967758,USB Cable,46,2020-10-13 02:00,59.44,0.34,5.81,Electronics,Online,Not Returned,High,2734.24,VIP
492179,USB Cable,47,2020-10-13 11:00,77.92,0.3,28.83,Electronics,In-store,Not Returned,Low,3662.24,VIP
321468,Office Chair,40,2020-10-13 12:00,75.14,0.46,16.63,Electronics,In-store,Not Returned,Low,3005.6,VIP
188302,Blue Pen,22,2020-10-15 00:00,47.13,0.15,11.35,Electronics,Online,Not Returned,Medium,1036.86,VIP
987198,T-shirt,43,2020-10-16 03:00,89.77,0.08,20.33,Electronics,In-store,Not Returned,Medium,3860.11,VIP
388350,Blue Pen,34,2020-10-16 05:00,90.36,0.26,19.33,Electronics,Online,Returned,Medium,3072.24,VIP
752468,Desk Lamp,45,2020-10-16 06:00,71.61,0.14,19.41,Electronics,In-store,Not Returned,Medium,3222.45,VIP
198064,Desk Lamp,37,2020-10-16 15:00,35.23,0.05,14.89,Electronics,Online,Not Returned,High,1303.51,VIP
474169,Desk Lamp,37,2020-10-17 04:00,90.37,0.27,11.61,Electronics,Online,Not Returned,High,3343.69,VIP
560829,Headphones,48,2020-10-18 16:00,27.48,0.28,24.5,Electronics,In-store,Not Returned,Low,1319.04,VIP
951324,White Mug,34,2020-10-18 22:00,39.81,0.13,6.79,Electronics,Online,Not Returned,Medium,1353.54,VIP
785338,Office Chair,39,2020-10-19 17:00,85.06,0.37,17.71,Electronics,Online,Not Returned,Medium,3317.34,VIP
187592,USB Cable,36,2020-10-19 18:00,87.13,0.2,13.79,Electronics,In-store,Returned,Low,3136.68,VIP
456687,Notebook,40,2020-10-19 19:00,64.81,0.26,28.4,Electronics,In-store,Returned,Low,2592.4,VIP
154745,Notebook,19,2020-10-19 22:00,83.53,0.44,24.33,Electronics,Online,Not Returned,High,1587.07,VIP
979508,Wireless Mouse,38,2020-10-21 07:00,53.98,0.19,24.87,Electronics,Online,Not Returned,High,2051.24,VIP
207615,Wireless Mouse,49,2020-10-22 05:00,25.81,0.18,18.8,Electronics,In-store,Not Returned,High,1264.6899999999998,VIP
915267,Backpack,34,2020-10-22 08:00,69.53,0.16,19.79,Electronics,In-store,Not Returned,Medium,2364.02,VIP
965990,Office Chair,26,2020-10-23 04:00,50.45,0.46,22.39,Electronics,Online,Not Returned,Medium,1311.7,VIP
657665,Notebook,22,2020-10-23 12:00,47.35,0.26,6.71,Electronics,Online,Not Returned,High,1041.7,VIP
253466,T-shirt,36,2020-10-23 19:00,85.74,0.44,17.28,Electronics,In-store,Not Returned,High,3086.64,VIP
671302,Headphones,-41,2020-10-25 09:00,-45.63,1.9787475155331296,,Electronics,Online,Not Returned,High,1870.83,VIP
921186,Desk Lamp,25,2020-10-25 20:00,86.59,0.37,12.88,Electronics,Online,Not Returned,Low,2164.75,VIP
443150,Office Chair,36,2020-10-26 00:00,83.35,0.03,27.48,Electronics,Online,Not Returned,Medium,3000.6,VIP
861195,Backpack,21,2020-10-26 16:00,62.67,0.29,7.03,Electronics,Online,Returned,Medium,1316.07,VIP
604917,Headphones,25,2020-10-27 10:00,98.78,0.01,21.26,Electronics,In-store,Returned,Low,2469.5,VIP
591818,Blue Pen,13,2020-10-28 02:00,79.63,0.42,19.83,Electronics,Online,Not Returned,Low,1035.19,VIP
625754,T-shirt,29,2020-10-29 09:00,51.92,0.35,13.53,Electronics,In-store,Not Returned,High,1505.68,VIP
578705,Wireless Mouse,-34,2020-10-30 22:00,-51.4,1.4156448431773183,,Electronics,In-store,Not Returned,High,1747.6,VIP
251899,Office Chair,31,2020-10-31 14:00,83.69,0.12,29.53,Electronics,Online,Not Returned,High,2594.39,VIP
361439,USB Cable,39,2020-11-01 08:00,90.55,0.48,8.42,Electronics,In-store,Not Returned,Low,3531.45,VIP
705108,USB Cable,28,2020-11-02 05:00,54.54,0.12,6.79,Electronics,Online,Not Returned,Low,1527.12,VIP
510243,USB Cable,43,2020-11-02 09:00,79.06,0.36,28.65,Electronics,In-store,Not Returned,Medium,3399.58,VIP
355821,Backpack,48,2020-11-03 04:00,21.8,0.37,5.06,Electronics,Online,Not Returned,Medium,1046.4,VIP
710724,Office Chair,28,2020-11-03 15:00,36.61,0.14,28.43,Electronics,Online,Not Returned,Low,1025.08,VIP
396213,Headphones,48,2020-11-04 02:00,90.22,0.12,10.33,Electronics,In-store,Not Returned,Medium,4330.56,VIP
744161,Desk Lamp,21,2020-11-04 04:00,79.69,0.27,13.96,Electronics,In-store,Not Returned,Low,1673.49,VIP
750988,Notebook,38,2020-11-04 18:00,34.25,0.28,22.78,Electronics,In-store,Not Returned,Medium,1301.5,VIP
741621,Backpack,48,2020-11-05 00:00,60.54,0.4,19.8,Electronics,Online,Not Returned,Low,2905.92,VIP
830212,Wireless Mouse,23,2020-11-05 02:00,72.94,0.13,12.01,Electronics,In-store,Not Returned,Low,1677.62,VIP
438526,Wireless Mouse,49,2020-11-05 04:00,91.31,0.31,16.43,Electronics,Online,Not Returned,High,4474.1900000000005,VIP
650428,Wall Clock,21,2020-11-05 20:00,53.52,0.4,9.81,Electronics,Online,Returned,Medium,1123.92,VIP
420646,Backpack,20,2020-11-06 08:00,98.93,0.02,6.76,Electronics,In-store,Not Returned,High,1978.6,VIP
119627,Blue Pen,39,2020-11-07 03:00,81.12,0.45,16.14,Electronics,In-store,Not Returned,Low,3163.6800000000003,VIP
419752,T-shirt,20,2020-11-07 22:00,95.67,0.09,14.24,Electronics,In-store,Not Returned,High,1913.4,VIP
202828,T-shirt,13,2020-11-08 00:00,96.66,0.39,25.5,Electronics,Online,Not Returned,High,1256.58,VIP
887356,White Mug,-21,2020-11-08 15:00,-78.85,1.4991416364477803,,Electronics,Online,Not Returned,Low,1655.85,VIP
142674,Wall Clock,14,2020-11-09 13:00,79.54,0.21,27.54,Electronics,In-store,Not Returned,Low,1113.5600000000002,VIP
391975,Backpack,43,2020-11-09 17:00,80.21,0.48,22.61,Electronics,Online,Not Returned,Medium,3449.03,VIP
191563,Backpack,48,2020-11-10 12:00,87.27,0.32,18.11,Electronics,In-store,Returned,High,4188.96,VIP
859495,Office Chair,39,2020-11-10 18:00,66.25,0.11,7.67,Electronics,In-store,Not Returned,Low,2583.75,VIP
520888,Headphones,24,2020-11-11 10:00,56.38,0.35,11.85,Electronics,In-store,Returned,Medium,1353.12,VIP
203864,Blue Pen,42,2020-11-11 20:00,67.61,0.31,11.68,Electronics,Online,Not Returned,High,2839.62,VIP
562092,Notebook,39,2020-11-12 21:00,39.98,0.23,7.63,Electronics,Online,Not Returned,Low,1559.2199999999998,VIP
270956,USB Cable,25,2020-11-13 12:00,85.02,0.5,23.7,Electronics,Online,Not Returned,Low,2125.5,VIP
180428,T-shirt,43,2020-11-14 00:00,49.04,0.32,12.17,Electronics,In-store,Not Returned,Medium,2108.72,VIP
769211,T-shirt,32,2020-11-14 19:00,81.37,0.05,6.98,Electronics,In-store,Not Returned,Low,2603.84,VIP
770105,Wall Clock,29,2020-11-15 00:00,56.08,0.38,9.69,Electronics,Online,Not Returned,Low,1626.32,VIP
280074,Office Chair,35,2020-11-16 11:00,76.81,0.32,17.64,Electronics,Online,Not Returned,Medium,2688.35,VIP
761334,Desk Lamp,46,2020-11-16 18:00,77.94,0.0,13.96,Electronics,Online,Not Returned,High,3585.24,VIP
555982,Headphones,34,2020-11-17 05:00,72.28,0.27,21.05,Electronics,In-store,Not Returned,Low,2457.52,VIP
727122,Notebook,23,2020-11-17 07:00,61.58,0.05,16.39,Electronics,In-store,Not Returned,Medium,1416.34,VIP
653608,Desk Lamp,49,2020-11-17 15:00,62.32,0.18,7.24,Electronics,Online,Not Returned,Low,3053.68,VIP
523448,Office Chair,20,2020-11-18 12:00,54.43,0.08,15.78,Electronics,In-store,Not Returned,Medium,1088.6,VIP
544844,USB Cable,29,2020-11-19 16:00,50.66,0.35,26.39,Electronics,Online,Not Returned,Medium,1469.14,VIP
586525,Office Chair,24,2020-11-19 19:00,76.56,0.06,16.22,Electronics,Online,Not Returned,Medium,1837.44,VIP
165756,Blue Pen,48,2020-11-20 00:00,70.75,0.3,25.82,Electronics,In-store,Not Returned,Medium,3396.0,VIP
803335,Wall Clock,39,2020-11-20 14:00,37.72,0.0,28.04,Electronics,Online,Not Returned,Medium,1471.08,VIP
449115,Wall Clock,18,2020-11-21 08:00,59.35,0.0,19.95,Electronics,Online,Not Returned,High,1068.3,VIP
814483,Notebook,22,2020-11-21 10:00,45.52,0.07,14.49,Electronics,Online,Not Returned,Low,1001.44,VIP
202780,Office Chair,43,2020-11-21 11:00,96.44,0.21,28.25,Electronics,Online,Not Returned,Low,4146.92,VIP
100515,T-shirt,44,2020-11-21 15:00,64.06,0.01,21.99,Electronics,Online,Not Returned,Medium,2818.6400000000003,VIP
683043,Backpack,-25,2020-11-21 22:00,-73.71,1.301909342645175,,Electronics,In-store,Not Returned,High,1842.75,VIP
173870,T-shirt,49,2020-11-22 01:00,64.64,0.43,11.94,Electronics,In-store,Returned,Medium,3167.36,VIP
894419,Desk Lamp,48,2020-11-22 03:00,23.69,0.3,26.95,Electronics,Online,Not Returned,High,1137.12,VIP
866941,Wireless Mouse,43,2020-11-23 01:00,37.29,0.34,27.01,Electronics,In-store,Not Returned,Low,1603.47,VIP
550043,Headphones,47,2020-11-23 13:00,24.39,0.06,14.25,Electronics,In-store,Not Returned,Medium,1146.33,VIP
520993,Desk Lamp,32,2020-11-23 16:00,70.39,0.44,19.24,Electronics,In-store,Not Returned,High,2252.48,VIP
355733,Wall Clock,38,2020-11-23 17:00,47.81,0.24,26.69,Electronics,Online,Not Returned,Low,1816.78,VIP
820857,Backpack,20,2020-11-24 01:00,72.24,0.16,12.34,Electronics,Online,Not Returned,Medium,1444.8,VIP
363749,USB Cable,31,2020-11-24 21:00,57.98,0.06,15.9,Electronics,Online,Returned,Low,1797.38,VIP
301682,Backpack,29,2020-11-25 06:00,88.55,0.13,20.25,Electronics,Online,Not Returned,Medium,2567.95,VIP
890671,Wireless Mouse,35,2020-11-25 12:00,32.98,0.2,7.94,Electronics,Online,Not Returned,High,1154.3,VIP
859990,Desk Lamp,31,2020-11-25 22:00,49.42,0.42,12.39,Electronics,Online,Not Returned,High,1532.02,VIP
120039,Blue Pen,27,2020-11-26 11:00,60.22,0.04,5.5,Electronics,In-store,Not Returned,Low,1625.94,VIP
347941,Notebook,28,2020-11-27 04:00,43.45,0.36,20.03,Electronics,Online,Returned,High,1216.6,VIP
417336,White Mug,49,2020-11-27 07:00,68.36,0.03,13.65,Electronics,Online,Not Returned,Low,3349.64,VIP
999092,Wall Clock,44,2020-11-28 01:00,60.47,0.14,13.09,Electronics,In-store,Not Returned,High,2660.68,VIP
195558,Wall Clock,38,2020-11-28 13:00,82.97,0.04,15.82,Electronics,Online,Not Returned,High,3152.86,VIP
988704,Wall Clock,18,2020-11-28 15:00,98.93,0.33,17.24,Electronics,Online,Not Returned,Low,1780.7400000000002,VIP
872378,Wireless Mouse,17,2020-11-29 02:00,79.4,0.42,24.54,Electronics,In-store,Not Returned,Low,1349.8000000000002,VIP
382152,Blue Pen,44,2020-11-29 08:00,30.48,0.28,15.01,Electronics,In-store,Not Returned,Low,1341.12,VIP
662473,Wireless Mouse,47,2020-11-29 10:00,34.61,0.04,9.55,Electronics,Online,Not Returned,Low,1626.67,VIP
362048,USB Cable,26,2020-11-29 12:00,81.74,0.05,10.52,Electronics,Online,Not Returned,Medium,2125.24,VIP
378910,Headphones,46,2020-11-29 18:00,56.11,0.37,23.77,Electronics,Online,Not Returned,Medium,2581.06,VIP
511012,White Mug,33,2020-11-29 22:00,57.35,0.36,10.73,Electronics,In-store,Not Returned,Medium,1892.55,VIP
412636,Wireless Mouse,37,2020-11-30 09:00,38.36,0.44,21.87,Electronics,Online,Not Returned,Medium,1419.32,VIP
743789,T-shirt,19,2020-11-30 20:00,80.4,0.37,23.33,Electronics,Online,Not Returned,High,1527.6,VIP
973420,Wall Clock,48,2020-12-01 09:00,82.96,0.3,28.73,Electronics,In-store,Not Returned,Medium,3982.08,VIP
859144,Desk Lamp,15,2020-12-01 10:00,97.16,0.34,18.58,Electronics,In-store,Not Returned,Medium,1457.4,VIP
318599,T-shirt,41,2020-12-01 13:00,48.21,0.16,29.88,Electronics,In-store,Not Returned,Medium,1976.61,VIP
391568,Desk Lamp,27,2020-12-01 19:00,57.17,0.07,8.67,Electronics,Online,Not Returned,Medium,1543.59,VIP
236668,Notebook,18,2020-12-02 04:00,88.32,0.06,16.47,Electronics,Online,Not Returned,Low,1589.7599999999998,VIP
708269,T-shirt,36,2020-12-02 11:00,70.08,0.03,26.14,Electronics,In-store,Not Returned,High,2522.88,VIP
377948,Wall Clock,30,2020-12-03 00:00,75.33,0.35,16.62,Electronics,Online,Not Returned,High,2259.9,VIP
870644,Desk Lamp,39,2020-12-03 15:00,40.55,0.47,27.49,Electronics,In-store,Not Returned,Medium,1581.4499999999998,VIP
133896,Blue Pen,24,2020-12-05 13:00,76.76,0.17,28.85,Electronics,Online,Returned,Medium,1842.24,VIP
999084,Headphones,29,2020-12-06 02:00,75.86,0.2,18.32,Electronics,Online,Not Returned,High,2199.94,VIP
378720,Office Chair,41,2020-12-07 06:00,44.06,0.49,24.54,Electronics,Online,Not Returned,Medium,1806.46,VIP
434248,Headphones,20,2020-12-09 03:00,99.68,0.4,25.08,Electronics,In-store,Not Returned,Medium,1993.6,VIP
577793,T-shirt,26,2020-12-09 05:00,40.34,0.15,22.99,Electronics,Online,Not Returned,High,1048.84,VIP
665369,Desk Lamp,31,2020-12-09 11:00,63.12,0.49,10.33,Electronics,In-store,Not Returned,Low,1956.72,VIP
481325,Wall Clock,43,2020-12-09 13:00,72.18,0.13,9.6,Electronics,Online,Not Returned,Medium,3103.74,VIP
212564,Wireless Mouse,25,2020-12-10 14:00,49.25,0.08,28.48,Electronics,In-store,Not Returned,Medium,1231.25,VIP
119782,T-shirt,33,2020-12-11 08:00,61.4,0.39,15.73,Electronics,Online,Not Returned,High,2026.2,VIP
891701,Wall Clock,43,2020-12-12 02:00,52.17,0.0,25.86,Electronics,In-store,Not Returned,High,2243.31,VIP
214003,Headphones,41,2020-12-12 04:00,91.87,0.16,7.77,Electronics,Online,Not Returned,High,3766.67,VIP
673987,Wireless Mouse,27,2020-12-13 03:00,52.75,0.1,6.42,Electronics,In-store,Not Returned,High,1424.25,VIP
156633,Wall Clock,46,2020-12-14 10:00,88.76,0.26,7.06,Electronics,In-store,Not Returned,High,4082.96,VIP
266405,Desk Lamp,39,2020-12-14 21:00,33.25,0.23,19.15,Electronics,Online,Not Returned,Low,1296.75,VIP
910192,Blue Pen,47,2020-12-15 08:00,27.93,0.39,21.7,Electronics,In-store,Not Returned,High,1312.71,VIP
900562,Blue Pen,42,2020-12-15 13:00,49.97,0.24,6.07,Electronics,Online,Not Returned,Medium,2098.74,VIP
155739,Headphones,25,2020-12-16 11:00,60.36,0.25,23.24,Electronics,In-store,Not Returned,Medium,1509.0,VIP
880516,Blue Pen,46,2020-12-17 10:00,28.38,0.07,7.85,Electronics,In-store,Not Returned,High,1305.48,VIP
365864,White Mug,11,2020-12-17 17:00,91.51,0.02,28.0,Electronics,In-store,Not Returned,Low,1006.61,VIP
724913,White Mug,49,2020-12-18 11:00,39.97,0.01,15.65,Electronics,In-store,Not Returned,Medium,1958.53,VIP
779249,White Mug,47,2020-12-18 23:00,67.9,0.27,11.45,Electronics,Online,Not Returned,Low,3191.3,VIP
563406,Wireless Mouse,29,2020-12-19 04:00,88.47,0.42,10.15,Electronics,In-store,Not Returned,Low,2565.63,VIP
268112,Headphones,18,2020-12-20 09:00,62.22,0.02,18.88,Electronics,Online,Not Returned,Medium,1119.96,VIP
157986,USB Cable,30,2020-12-20 12:00,60.5,0.15,10.54,Electronics,Online,Not Returned,Low,1815.0,VIP
778960,Backpack,26,2020-12-20 14:00,46.65,0.27,19.39,Electronics,Online,Returned,Medium,1212.9,VIP
942549,Office Chair,23,2020-12-21 04:00,74.91,0.4,26.63,Electronics,In-store,Not Returned,Medium,1722.9299999999998,VIP
115896,Backpack,37,2020-12-21 07:00,43.5,0.0,27.72,Electronics,Online,Not Returned,High,1609.5,VIP
766041,Backpack,19,2020-12-21 12:00,84.42,0.29,13.51,Electronics,In-store,Not Returned,Medium,1603.98,VIP
373541,Wireless Mouse,19,2020-12-21 17:00,88.28,0.37,9.96,Electronics,Online,Not Returned,Medium,1677.32,VIP
870348,Blue Pen,34,2020-12-22 06:00,90.09,0.34,15.26,Electronics,Online,Not Returned,High,3063.06,VIP
813806,Desk Lamp,45,2020-12-23 08:00,79.78,0.31,10.03,Electronics,In-store,Not Returned,Low,3590.1,VIP
760354,Desk Lamp,47,2020-12-23 16:00,77.89,0.27,24.09,Electronics,In-store,Not Returned,Medium,3660.83,VIP
453791,Wireless Mouse,25,2020-12-23 20:00,54.8,0.45,8.02,Electronics,In-store,Not Returned,Low,1370.0,VIP
382803,Backpack,26,2020-12-24 11:00,54.78,0.27,14.21,Electronics,Online,Returned,Low,1424.28,VIP
869042,Headphones,27,2020-12-24 21:00,47.15,0.26,9.21,Electronics,In-store,Not Returned,Low,1273.05,VIP
189242,Headphones,33,2020-12-25 00:00,36.17,0.12,7.59,Electronics,In-store,Returned,Low,1193.61,VIP
996068,USB Cable,11,2020-12-25 06:00,93.55,0.31,7.25,Electronics,In-store,Not Returned,Medium,1029.05,VIP
362678,White Mug,41,2020-12-25 12:00,46.62,0.02,19.4,Electronics,Online,Not Returned,High,1911.42,VIP
515685,T-shirt,33,2020-12-25 18:00,76.1,0.3,9.7,Electronics,In-store,Not Returned,Medium,2511.3,VIP
748033,Wireless Mouse,29,2020-12-27 00:00,96.56,0.3,19.15,Electronics,In-store,Not Returned,Medium,2800.24,VIP
895477,Backpack,39,2020-12-28 15:00,65.8,0.25,16.95,Electronics,In-store,Not Returned,Low,2566.2,VIP
794089,Backpack,17,2020-12-29 10:00,62.28,0.3,13.1,Electronics,Online,Not Returned,High,1058.76,VIP
272409,Backpack,46,2020-12-29 13:00,73.74,0.32,23.66,Electronics,Online,Not Returned,Medium,3392.04,VIP
533541,Backpack,16,2020-12-29 14:00,78.31,0.32,12.83,Electronics,Online,Returned,High,1252.96,VIP
771813,Wireless Mouse,30,2020-12-30 01:00,96.95,0.39,7.95,Electronics,Online,Not Returned,Medium,2908.5,VIP
841204,Backpack,22,2020-12-30 02:00,86.31,0.01,21.83,Electronics,In-store,Not Returned,High,1898.82,VIP
401407,Backpack,39,2020-12-30 14:00,60.54,0.25,13.31,Electronics,Online,Not Returned,Low,2361.06,VIP
461185,Notebook,28,2020-12-31 03:00,48.19,0.33,14.85,Electronics,In-store,Not Returned,Medium,1349.32,VIP
556437,Office Chair,39,2020-12-31 23:00,28.94,0.46,12.53,Electronics,In-store,Not Returned,Medium,1128.66,VIP
985678,Wireless Mouse,29,2021-01-01 16:00,73.99,0.31,5.53,Electronics,In-store,Not Returned,Low,2145.71,VIP
858284,T-shirt,24,2021-01-01 17:00,45.88,0.39,28.39,Electronics,In-store,Not Returned,Medium,1101.12,VIP
258761,Wall Clock,11,2021-01-01 21:00,95.67,0.06,10.44,Electronics,Online,Not Returned,High,1052.37,VIP
766514,Notebook,27,2021-01-01 22:00,74.93,0.32,17.21,Electronics,In-store,Not Returned,High,2023.11,VIP
121341,Headphones,37,2021-01-02 01:00,28.84,0.01,8.12,Electronics,Online,Not Returned,Medium,1067.08,VIP
449903,Backpack,42,2021-01-02 07:00,56.61,0.06,17.19,Electronics,Online,Not Returned,Medium,2377.62,VIP
448951,Notebook,49,2021-01-02 10:00,29.45,0.26,25.29,Electronics,Online,Not Returned,High,1443.05,VIP
255976,Desk Lamp,45,2021-01-04 01:00,34.1,0.21,7.71,Electronics,In-store,Not Returned,Low,1534.5,VIP
955012,USB Cable,43,2021-01-04 04:00,96.4,0.01,21.31,Electronics,Online,Not Returned,Low,4145.2,VIP
383816,Headphones,45,2021-01-04 08:00,60.28,0.19,29.25,Electronics,Online,Not Returned,High,2712.6,VIP
892244,White Mug,37,2021-01-04 09:00,46.46,0.01,28.28,Electronics,Online,Not Returned,Low,1719.02,VIP
766978,Backpack,19,2021-01-04 20:00,72.62,0.0,8.48,Electronics,Online,Not Returned,High,1379.7800000000002,VIP
742710,Notebook,18,2021-01-05 08:00,76.42,0.25,16.99,Electronics,In-store,Not Returned,Medium,1375.56,VIP
811823,White Mug,23,2021-01-05 19:00,82.88,0.29,22.89,Electronics,In-store,Returned,High,1906.24,VIP
244233,USB Cable,-48,2021-01-06 00:00,-40.18,0.03,,Electronics,Online,Not Returned,Medium,1928.64,VIP
321439,USB Cable,27,2021-01-06 05:00,78.64,0.16,24.57,Electronics,In-store,Not Returned,Medium,2123.28,VIP
445452,Backpack,26,2021-01-06 22:00,64.8,0.32,18.76,Electronics,In-store,Not Returned,High,1684.8,VIP
583761,USB Cable,42,2021-01-09 04:00,43.52,0.0,14.46,Electronics,Online,Not Returned,Medium,1827.84,VIP
905609,Backpack,43,2021-01-09 12:00,48.94,0.22,11.17,Electronics,Online,Not Returned,High,2104.42,VIP
320326,Headphones,17,2021-01-09 13:00,84.62,0.08,6.98,Electronics,Online,Not Returned,Low,1438.54,VIP
726614,Backpack,35,2021-01-11 02:00,64.96,0.04,27.7,Electronics,Online,Not Returned,High,2273.6,VIP
596753,T-shirt,25,2021-01-11 22:00,97.07,0.07,12.49,Electronics,In-store,Not Returned,Medium,2426.75,VIP
491670,Office Chair,32,2021-01-12 00:00,55.48,0.39,16.0,Electronics,Online,Not Returned,Medium,1775.36,VIP
140633,Backpack,39,2021-01-12 10:00,90.66,0.11,25.39,Electronics,In-store,Returned,Medium,3535.74,VIP
552558,Blue Pen,30,2021-01-12 21:00,87.71,0.21,14.46,Electronics,Online,Not Returned,High,2631.3,VIP
823953,Headphones,23,2021-01-12 23:00,78.67,0.49,23.34,Electronics,In-store,Not Returned,Low,1809.41,VIP
275993,Office Chair,24,2021-01-14 02:00,69.46,0.11,6.34,Electronics,Online,Not Returned,Medium,1667.04,VIP
572585,Backpack,-27,2021-01-14 04:00,-87.75,0.0,,Electronics,Online,Not Returned,Medium,2369.25,VIP
953349,T-shirt,47,2021-01-14 05:00,92.26,0.19,17.57,Electronics,In-store,Not Returned,Medium,4336.22,VIP
887600,Wireless Mouse,28,2021-01-14 18:00,65.77,0.28,9.66,Electronics,In-store,Not Returned,Low,1841.56,VIP
820177,Desk Lamp,18,2021-01-15 07:00,57.89,0.35,11.27,Electronics,Online,Not Returned,Medium,1042.02,VIP
705803,Blue Pen,20,2021-01-15 17:00,61.23,0.04,18.2,Electronics,In-store,Not Returned,Medium,1224.6,VIP
536442,USB Cable,42,2021-01-16 00:00,47.48,0.17,19.43,Electronics,Online,Not Returned,High,1994.16,VIP
743198,T-shirt,33,2021-01-16 03:00,90.41,0.01,18.33,Electronics,Online,Not Returned,Medium,2983.53,VIP
657749,Headphones,36,2021-01-16 10:00,31.54,0.21,7.23,Electronics,Online,Not Returned,High,1135.44,VIP
358072,Headphones,16,2021-01-16 11:00,89.0,0.4,28.41,Electronics,Online,Not Returned,High,1424.0,VIP
441701,White Mug,17,2021-01-16 16:00,67.08,0.15,15.33,Electronics,Online,Not Returned,Medium,1140.36,VIP
173568,Wireless Mouse,38,2021-01-16 20:00,99.77,0.07,28.47,Electronics,In-store,Not Returned,High,3791.26,VIP
250953,USB Cable,-18,2021-01-16 23:00,-97.24,1.8813484450793003,,Electronics,Online,Not Returned,Medium,1750.32,VIP
646774,Notebook,42,2021-01-17 17:00,63.46,0.14,5.26,Electronics,In-store,Not Returned,Medium,2665.32,VIP
586517,Headphones,19,2021-01-18 06:00,93.95,0.11,5.11,Electronics,Online,Not Returned,High,1785.05,VIP
593896,Blue Pen,39,2021-01-18 11:00,30.28,0.24,12.17,Electronics,In-store,Not Returned,Low,1180.92,VIP
714342,T-shirt,43,2021-01-19 01:00,89.01,0.48,7.8,Electronics,Online,Not Returned,Low,3827.43,VIP
798267,Blue Pen,23,2021-01-20 08:00,81.83,0.12,25.64,Electronics,Online,Not Returned,Medium,1882.09,VIP
744795,T-shirt,43,2021-01-20 10:00,93.62,0.29,18.07,Electronics,Online,Not Returned,Low,4025.66,VIP
222066,Backpack,14,2021-01-20 15:00,78.92,0.36,11.85,Electronics,Online,Not Returned,Low,1104.88,VIP
565536,Notebook,45,2021-01-20 23:00,95.5,0.48,16.66,Electronics,In-store,Not Returned,High,4297.5,VIP
981809,T-shirt,31,2021-01-21 08:00,67.15,0.27,21.35,Electronics,In-store,Not Returned,Low,2081.65,VIP
449345,T-shirt,21,2021-01-22 00:00,82.7,0.17,21.93,Electronics,Online,Not Returned,Low,1736.7,VIP
350449,Blue Pen,37,2021-01-22 14:00,51.48,0.13,22.12,Electronics,Online,Not Returned,High,1904.76,VIP
942955,White Mug,13,2021-01-23 00:00,85.61,0.07,13.15,Electronics,Online,Returned,Low,1112.93,VIP
506396,Backpack,34,2021-01-23 07:00,34.57,0.22,17.5,Electronics,Online,Not Returned,Medium,1175.38,VIP
327544,White Mug,18,2021-01-23 10:00,56.16,0.13,27.04,Electronics,In-store,Not Returned,High,1010.88,VIP
669929,USB Cable,47,2021-01-24 00:00,56.05,0.1,5.01,Electronics,Online,Not Returned,High,2634.35,VIP
929414,Wireless Mouse,31,2021-01-24 15:00,98.79,0.12,9.55,Electronics,In-store,Not Returned,Low,3062.49,VIP
738449,USB Cable,40,2021-01-24 19:00,97.27,0.37,26.26,Electronics,In-store,Not Returned,Medium,3890.8,VIP
670850,White Mug,48,2021-01-26 18:00,40.7,0.22,5.8,Electronics,Online,Returned,Low,1953.6,VIP
342330,Notebook,33,2021-01-27 12:00,64.12,0.17,27.6,Electronics,In-store,Returned,Low,2115.96,VIP
741000,Desk Lamp,26,2021-01-27 18:00,75.25,0.12,9.72,Electronics,Online,Not Returned,Low,1956.5,VIP
486154,White Mug,39,2021-01-28 06:00,52.62,0.16,5.41,Electronics,In-store,Not Returned,Medium,2052.18,VIP
184363,Wireless Mouse,45,2021-01-28 11:00,97.53,0.26,19.7,Electronics,Online,Not Returned,Low,4388.85,VIP
581632,T-shirt,29,2021-01-28 23:00,50.7,0.12,19.39,Electronics,In-store,Not Returned,Low,1470.3000000000002,VIP
701799,Desk Lamp,18,2021-01-29 17:00,86.22,0.19,26.24,Electronics,In-store,Not Returned,Medium,1551.96,VIP
639087,USB Cable,35,2021-01-30 05:00,71.77,0.12,9.58,Electronics,Online,Returned,High,2511.95,VIP
900981,Headphones,32,2021-01-30 18:00,70.35,0.44,15.58,Electronics,In-store,Not Returned,Low,2251.2,VIP
168369,Blue Pen,42,2021-01-31 10:00,72.22,0.32,9.09,Electronics,Online,Not Returned,Low,3033.24,VIP
737300,T-shirt,36,2021-01-31 13:00,92.45,0.47,14.33,Electronics,In-store,Not Returned,Medium,3328.2000000000003,VIP
747999,USB Cable,40,2021-01-31 17:00,68.54,0.15,14.78,Electronics,Online,Not Returned,High,2741.6000000000004,VIP
709654,Blue Pen,43,2021-02-01 13:00,93.91,0.01,5.29,Electronics,Online,Not Returned,High,4038.13,VIP
435639,USB Cable,48,2021-02-01 19:00,93.59,0.31,11.02,Electronics,In-store,Not Returned,Low,4492.32,VIP
708434,USB Cable,47,2021-02-02 22:00,88.61,0.37,9.59,Electronics,In-store,Not Returned,Low,4164.67,VIP
569984,White Mug,16,2021-02-03 10:00,97.24,0.16,13.7,Electronics,In-store,Not Returned,Medium,1555.84,VIP
227101,Wireless Mouse,31,2021-02-04 11:00,59.04,0.22,28.07,Electronics,In-store,Not Returned,Medium,1830.24,VIP
493445,Backpack,35,2021-02-04 20:00,79.54,0.26,27.07,Electronics,Online,Not Returned,Low,2783.9,VIP
541758,Wireless Mouse,22,2021-02-04 22:00,83.62,0.17,8.76,Electronics,Online,Not Returned,Medium,1839.64,VIP
656107,Desk Lamp,34,2021-02-05 00:00,74.29,0.32,19.48,Electronics,Online,Not Returned,High,2525.86,VIP
695644,White Mug,47,2021-02-05 13:00,27.47,0.41,21.1,Electronics,In-store,Not Returned,Medium,1291.09,VIP
298910,Headphones,46,2021-02-05 17:00,71.46,0.05,5.99,Electronics,Online,Not Returned,Medium,3287.16,VIP
793464,T-shirt,26,2021-02-06 18:00,51.81,0.34,7.35,Electronics,In-store,Not Returned,Low,1347.06,VIP
339646,Notebook,38,2021-02-07 13:00,41.56,0.16,28.01,Electronics,In-store,Not Returned,High,1579.2800000000002,VIP
936188,Notebook,47,2021-02-07 16:00,44.41,0.02,17.28,Electronics,Online,Returned,High,2087.27,VIP
935165,Headphones,36,2021-02-07 20:00,57.19,0.39,26.5,Electronics,In-store,Not Returned,Medium,2058.84,VIP
207044,T-shirt,26,2021-02-08 03:00,52.24,0.32,27.51,Electronics,Online,Not Returned,High,1358.24,VIP
605173,Notebook,20,2021-02-08 04:00,50.46,0.03,17.72,Electronics,In-store,Not Returned,Medium,1009.2,VIP
169351,Desk Lamp,23,2021-02-08 08:00,94.95,0.07,27.41,Electronics,In-store,Not Returned,Medium,2183.85,VIP
598095,Wireless Mouse,-30,2021-02-08 13:00,-53.38,1.3985111558525103,,Electronics,Online,Not Returned,Low,1601.4,VIP
170309,USB Cable,31,2021-02-08 14:00,41.55,0.19,29.14,Electronics,In-store,Not Returned,Low,1288.05,VIP
126572,Backpack,27,2021-02-09 00:00,72.29,0.39,14.5,Electronics,Online,Not Returned,Low,1951.83,VIP
982693,T-shirt,26,2021-02-10 07:00,97.3,0.02,22.02,Electronics,In-store,Not Returned,Medium,2529.8,VIP
354265,Notebook,36,2021-02-10 09:00,55.31,0.13,18.14,Electronics,Online,Not Returned,High,1991.16,VIP
782387,USB Cable,49,2021-02-10 16:00,39.38,0.27,18.54,Electronics,In-store,Not Returned,Medium,1929.62,VIP
385248,Office Chair,25,2021-02-10 21:00,70.0,0.39,22.71,Electronics,Online,Not Returned,High,1750.0,VIP
778710,Wall Clock,46,2021-02-11 08:00,58.62,0.34,23.7,Electronics,Online,Not Returned,Low,2696.52,VIP
568298,Notebook,45,2021-02-11 09:00,91.88,0.45,8.54,Electronics,Online,Not Returned,High,4134.599999999999,VIP
670303,Desk Lamp,42,2021-02-11 12:00,97.53,0.28,17.12,Electronics,In-store,Not Returned,High,4096.26,VIP
856556,Notebook,29,2021-02-11 14:00,61.81,0.12,6.04,Electronics,In-store,Not Returned,Medium,1792.49,VIP
290912,Desk Lamp,21,2021-02-11 15:00,82.77,0.43,25.29,Electronics,In-store,Not Returned,High,1738.1699999999998,VIP
150711,White Mug,30,2021-02-11 19:00,89.51,0.11,12.1,Electronics,In-store,Not Returned,High,2685.3,VIP
344942,Backpack,43,2021-02-12 04:00,71.86,0.02,26.26,Electronics,In-store,Returned,Medium,3089.98,VIP
867754,Headphones,-19,2021-02-12 09:00,-89.46,1.2228467594446206,,Electronics,In-store,Not Returned,Medium,1699.7399999999998,VIP
970793,T-shirt,41,2021-02-12 17:00,26.73,0.24,6.9,Electronics,Online,Returned,Medium,1095.93,VIP
340617,T-shirt,47,2021-02-12 23:00,83.07,0.13,17.03,Electronics,Online,Not Returned,High,3904.29,VIP
705398,Wireless Mouse,32,2021-02-13 01:00,81.59,0.49,28.99,Electronics,In-store,Not Returned,Medium,2610.88,VIP
277190,Notebook,25,2021-02-13 04:00,68.92,0.01,25.85,Electronics,In-store,Returned,High,1723.0,VIP
336545,Backpack,31,2021-02-13 14:00,60.11,0.1,17.85,Electronics,In-store,Not Returned,Medium,1863.41,VIP
898623,Wireless Mouse,25,2021-02-13 18:00,61.26,0.47,24.97,Electronics,Online,Not Returned,Medium,1531.5,VIP
674796,Office Chair,28,2021-02-14 02:00,77.16,0.44,9.61,Electronics,In-store,Not Returned,Low,2160.48,VIP
950100,Wireless Mouse,29,2021-02-14 23:00,89.7,0.38,8.88,Electronics,Online,Not Returned,High,2601.3,VIP
543855,White Mug,39,2021-02-15 08:00,82.42,0.11,16.6,Electronics,Online,Not Returned,Medium,3214.38,VIP
792894,USB Cable,48,2021-02-16 01:00,48.19,0.39,11.53,Electronics,In-store,Not Returned,Medium,2313.12,VIP
120655,Notebook,28,2021-02-16 08:00,85.61,0.15,12.93,Electronics,In-store,Not Returned,Low,2397.08,VIP
186155,Notebook,43,2021-02-16 22:00,39.51,0.38,13.83,Electronics,In-store,Not Returned,Low,1698.9299999999998,VIP
430825,White Mug,41,2021-02-17 07:00,25.9,0.09,15.19,Electronics,In-store,Returned,Medium,1061.9,VIP
851624,Blue Pen,28,2021-02-17 17:00,53.47,0.18,14.67,Electronics,In-store,Not Returned,High,1497.16,VIP
561261,Notebook,31,2021-02-17 23:00,49.49,0.3,29.74,Electronics,In-store,Not Returned,High,1534.19,VIP
531544,White Mug,21,2021-02-18 09:00,56.69,0.1,18.48,Electronics,Online,Not Returned,High,1190.49,VIP
123525,Office Chair,36,2021-02-19 09:00,84.03,0.4,22.86,Electronics,In-store,Not Returned,Low,3025.08,VIP
284100,Notebook,-47,2021-02-19 16:00,-97.45,1.9808715475250305,,Electronics,Online,Not Returned,Medium,4580.150000000001,VIP
307158,Wall Clock,37,2021-02-20 21:00,32.03,0.46,15.11,Electronics,In-store,Not Returned,Medium,1185.11,VIP
245693,T-shirt,32,2021-02-21 19:00,84.18,0.49,10.1,Electronics,In-store,Not Returned,Medium,2693.76,VIP
207092,Backpack,49,2021-02-22 22:00,38.05,0.01,14.39,Electronics,Online,Not Returned,High,1864.45,VIP
364291,Blue Pen,14,2021-02-22 23:00,83.07,0.23,5.63,Electronics,Online,Not Returned,Medium,1162.98,VIP
730458,Wireless Mouse,39,2021-02-23 04:00,28.2,0.41,8.48,Electronics,Online,Not Returned,Medium,1099.8,VIP
476295,Blue Pen,44,2021-02-23 18:00,85.93,0.22,26.3,Electronics,In-store,Not Returned,High,3780.92,VIP
598506,Backpack,27,2021-02-23 22:00,73.82,0.33,25.37,Electronics,Online,Not Returned,Medium,1993.14,VIP
503666,Headphones,27,2021-02-24 02:00,77.12,0.13,15.51,Electronics,In-store,Not Returned,High,2082.24,VIP
791150,Headphones,42,2021-02-25 11:00,94.36,0.46,18.12,Electronics,In-store,Not Returned,Medium,3963.12,VIP
393132,Backpack,28,2021-02-25 12:00,76.24,0.06,22.46,Electronics,In-store,Not Returned,Low,2134.72,VIP
930679,Notebook,49,2021-02-26 13:00,96.04,0.26,9.05,Electronics,In-store,Returned,High,4705.96,VIP
687536,Desk Lamp,20,2021-02-26 20:00,61.36,0.49,25.76,Electronics,Online,Not Returned,High,1227.2,VIP
437547,Office Chair,35,2021-02-27 07:00,79.14,0.42,10.85,Electronics,Online,Not Returned,Medium,2769.9,VIP
481382,Wall Clock,23,2021-02-27 10:00,46.69,0.31,11.45,Electronics,Online,Not Returned,Low,1073.87,VIP
894042,White Mug,43,2021-02-28 05:00,86.55,0.03,25.12,Electronics,Online,Not Returned,High,3721.65,VIP
158047,Headphones,41,2021-02-28 09:00,27.84,0.1,5.33,Electronics,In-store,Not Returned,Medium,1141.44,VIP
334898,Blue Pen,32,2021-02-28 11:00,98.13,0.1,22.11,Electronics,In-store,Not Returned,High,3140.16,VIP
170246,USB Cable,26,2021-02-28 14:00,52.08,0.36,19.36,Electronics,Online,Returned,High,1354.08,VIP
657176,Blue Pen,20,2021-02-28 20:00,85.4,0.08,28.79,Electronics,Online,Not Returned,Medium,1708.0,VIP
446140,Office Chair,42,2021-03-01 01:00,31.62,0.14,15.66,Electronics,Online,Not Returned,High,1328.04,VIP
620112,Office Chair,41,2021-03-01 23:00,78.97,0.03,25.67,Electronics,In-store,Not Returned,Low,3237.77,VIP
885216,Wireless Mouse,29,2021-03-02 16:00,85.99,0.5,14.38,Electronics,Online,Not Returned,Low,2493.71,VIP
763582,T-shirt,14,2021-03-04 13:00,99.23,0.45,12.52,Electronics,Online,Returned,High,1389.22,VIP
432548,Wireless Mouse,42,2021-03-05 20:00,26.59,0.11,22.93,Electronics,Online,Not Returned,Medium,1116.78,VIP
317912,Notebook,31,2021-03-06 01:00,57.77,0.22,16.76,Electronics,In-store,Not Returned,Medium,1790.87,VIP
872466,Notebook,27,2021-03-06 02:00,59.25,0.12,21.92,Electronics,In-store,Not Returned,Low,1599.75,VIP
375381,USB Cable,29,2021-03-06 10:00,41.7,0.34,11.78,Electronics,In-store,Not Returned,High,1209.3000000000002,VIP
465543,Blue Pen,34,2021-03-07 14:00,83.3,0.06,18.08,Electronics,Online,Not Returned,Medium,2832.2,VIP
212113,Desk Lamp,15,2021-03-07 15:00,71.3,0.06,9.22,Electronics,In-store,Not Returned,High,1069.5,VIP
418774,White Mug,29,2021-03-08 13:00,58.81,0.27,20.92,Electronics,Online,Not Returned,Low,1705.49,VIP
189876,Desk Lamp,48,2021-03-09 02:00,62.34,0.15,26.44,Electronics,In-store,Returned,High,2992.32,VIP
487128,T-shirt,12,2021-03-09 05:00,92.2,0.05,11.08,Electronics,In-store,Not Returned,High,1106.4,VIP
369670,Blue Pen,43,2021-03-09 13:00,37.65,0.23,12.95,Electronics,Online,Not Returned,Medium,1618.95,VIP
763270,Wireless Mouse,45,2021-03-09 19:00,81.18,0.35,18.64,Electronics,Online,Not Returned,Medium,3653.1,VIP
150248,Desk Lamp,33,2021-03-09 21:00,70.4,0.06,11.49,Electronics,In-store,Not Returned,High,2323.2000000000003,VIP
718821,Office Chair,24,2021-03-10 02:00,57.76,0.18,16.33,Electronics,In-store,Not Returned,Medium,1386.24,VIP
848065,Wall Clock,27,2021-03-10 06:00,62.59,0.3,26.75,Electronics,Online,Not Returned,Low,1689.93,VIP
391736,Office Chair,-41,2021-03-10 08:00,-59.6,1.6733446785263948,,Electronics,Online,Not Returned,Medium,2443.6,VIP
664931,White Mug,42,2021-03-10 09:00,77.66,0.01,29.49,Electronics,Online,Not Returned,High,3261.72,VIP
115385,Desk Lamp,18,2021-03-12 10:00,62.43,0.07,9.41,Electronics,Online,Not Returned,Medium,1123.74,VIP
608670,Desk Lamp,32,2021-03-12 14:00,99.71,0.36,6.82,Electronics,In-store,Not Returned,Medium,3190.72,VIP
844990,USB Cable,36,2021-03-12 16:00,47.63,0.38,9.66,Electronics,In-store,Not Returned,Medium,1714.68,VIP
744062,Office Chair,24,2021-03-12 19:00,59.58,0.42,17.54,Electronics,Online,Returned,High,1429.92,VIP
749983,Backpack,43,2021-03-13 02:00,50.75,0.45,16.47,Electronics,In-store,Not Returned,Medium,2182.25,VIP
799500,T-shirt,35,2021-03-13 06:00,40.37,0.29,9.22,Electronics,In-store,Not Returned,High,1412.9499999999998,VIP
929374,Notebook,32,2021-03-14 04:00,55.72,0.18,7.21,Electronics,Online,Not Returned,Low,1783.04,VIP
246429,Notebook,32,2021-03-15 21:00,89.2,0.41,29.05,Electronics,Online,Not Returned,High,2854.4,VIP
644653,Wireless Mouse,18,2021-03-15 23:00,85.32,0.37,19.06,Electronics,In-store,Not Returned,Low,1535.7599999999998,VIP
628943,Blue Pen,47,2021-03-16 21:00,91.22,0.08,18.34,Electronics,In-store,Not Returned,Medium,4287.34,VIP
420580,T-shirt,44,2021-03-17 05:00,59.81,0.19,26.18,Electronics,Online,Not Returned,Low,2631.6400000000003,VIP
567186,Blue Pen,47,2021-03-17 19:00,60.71,0.14,11.16,Electronics,In-store,Not Returned,Low,2853.37,VIP
753525,T-shirt,27,2021-03-18 02:00,51.51,0.48,11.79,Electronics,In-store,Not Returned,Low,1390.77,VIP
784643,T-shirt,33,2021-03-18 06:00,79.06,0.46,28.49,Electronics,Online,Not Returned,Medium,2608.98,VIP
773166,Desk Lamp,39,2021-03-18 10:00,43.23,0.37,27.41,Electronics,Online,Not Returned,Medium,1685.9699999999998,VIP
139339,Desk Lamp,25,2021-03-18 18:00,72.22,0.25,12.69,Electronics,In-store,Not Returned,High,1805.5,VIP
579095,White Mug,44,2021-03-19 03:00,50.31,0.45,17.06,Electronics,Online,Not Returned,Medium,2213.6400000000003,VIP
485781,Desk Lamp,35,2021-03-19 09:00,76.45,0.2,15.03,Electronics,Online,Not Returned,Low,2675.75,VIP
333169,Backpack,22,2021-03-20 05:00,54.56,0.43,21.53,Electronics,In-store,Not Returned,High,1200.3200000000002,VIP
722215,Desk Lamp,48,2021-03-20 10:00,27.54,0.37,26.12,Electronics,In-store,Not Returned,High,1321.92,VIP
446229,Wireless Mouse,48,2021-03-20 12:00,31.0,0.45,17.84,Electronics,Online,Not Returned,High,1488.0,VIP
554142,Wireless Mouse,45,2021-03-21 16:00,67.38,0.02,11.62,Electronics,Online,Not Returned,High,3032.1,VIP
240749,Backpack,31,2021-03-21 17:00,87.74,0.38,21.55,Electronics,In-store,Not Returned,Medium,2719.94,VIP
882046,Blue Pen,33,2021-03-22 09:00,85.24,0.41,7.38,Electronics,In-store,Returned,High,2812.92,VIP
484906,T-shirt,17,2021-03-22 15:00,68.07,0.42,11.87,Electronics,Online,Not Returned,Medium,1157.1899999999998,VIP
593244,Desk Lamp,41,2021-03-22 21:00,81.28,0.1,14.16,Electronics,In-store,Not Returned,Low,3332.48,VIP
950712,Wireless Mouse,22,2021-03-23 16:00,93.17,0.32,14.33,Electronics,In-store,Not Returned,Low,2049.74,VIP
574650,White Mug,48,2021-03-23 22:00,68.23,0.1,11.25,Electronics,Online,Not Returned,Medium,3275.04,VIP
887646,Headphones,35,2021-03-24 01:00,36.94,0.47,20.82,Electronics,In-store,Not Returned,Low,1292.9,VIP
409963,Wall Clock,30,2021-03-24 23:00,78.93,0.48,29.39,Electronics,In-store,Not Returned,Low,2367.9,VIP
490857,White Mug,31,2021-03-25 13:00,32.72,0.22,7.65,Electronics,Online,Not Returned,Medium,1014.32,VIP
767538,USB Cable,35,2021-03-26 04:00,72.34,0.28,16.84,Electronics,In-store,Not Returned,High,2531.9,VIP
965040,Blue Pen,41,2021-03-26 12:00,28.99,0.4,18.24,Electronics,Online,Returned,High,1188.59,VIP
129092,T-shirt,14,2021-03-27 21:00,84.44,0.42,9.23,Electronics,Online,Not Returned,High,1182.16,VIP
983435,Headphones,17,2021-03-28 03:00,74.64,0.28,5.14,Electronics,Online,Not Returned,Low,1268.88,VIP
654636,White Mug,47,2021-03-29 00:00,26.83,0.41,25.67,Electronics,In-store,Not Returned,Low,1261.01,VIP
509664,Wireless Mouse,13,2021-03-29 01:00,86.91,0.11,16.79,Electronics,In-store,Not Returned,Low,1129.83,VIP
362512,Desk Lamp,44,2021-03-29 07:00,86.74,0.5,7.26,Electronics,In-store,Not Returned,Low,3816.56,VIP
201735,Notebook,34,2021-03-29 22:00,81.56,0.38,6.5,Electronics,In-store,Returned,High,2773.04,VIP
847365,Blue Pen,39,2021-03-30 07:00,54.86,0.5,15.52,Electronics,In-store,Not Returned,Low,2139.54,VIP
329171,White Mug,39,2021-03-30 10:00,76.62,0.43,13.59,Electronics,In-store,Not Returned,Low,2988.1800000000003,VIP
396412,Backpack,34,2021-03-30 13:00,51.57,0.32,19.8,Electronics,Online,Not Returned,Low,1753.38,VIP
388480,Wireless Mouse,33,2021-03-30 16:00,58.37,0.26,20.0,Electronics,Online,Not Returned,Low,1926.21,VIP
187132,Notebook,44,2021-03-30 18:00,98.03,0.1,18.37,Electronics,Online,Not Returned,High,4313.32,VIP
277254,Desk Lamp,20,2021-03-30 21:00,80.48,0.27,19.15,Electronics,In-store,Not Returned,High,1609.6,VIP
600585,Wireless Mouse,47,2021-03-31 03:00,27.96,0.4,11.18,Electronics,Online,Not Returned,Medium,1314.12,VIP
776079,Backpack,49,2021-03-31 05:00,67.1,0.21,7.82,Electronics,Online,Not Returned,High,3287.9,VIP
967619,Wall Clock,35,2021-03-31 14:00,48.21,0.05,7.86,Electronics,Online,Not Returned,Low,1687.35,VIP
501752,T-shirt,37,2021-03-31 15:00,96.3,0.49,27.0,Electronics,In-store,Not Returned,Low,3563.1,VIP
741687,Wall Clock,29,2021-03-31 16:00,45.91,0.05,14.82,Electronics,Online,Not Returned,Low,1331.39,VIP
436497,Headphones,31,2021-03-31 23:00,86.09,0.32,29.91,Electronics,Online,Not Returned,Low,2668.79,VIP
469061,Notebook,31,2021-04-02 07:00,79.73,0.38,22.3,Electronics,In-store,Returned,High,2471.63,VIP
977676,USB Cable,16,2021-04-02 11:00,89.86,0.49,16.15,Electronics,Online,Not Returned,Low,1437.76,VIP
239861,Wireless Mouse,15,2021-04-02 14:00,68.23,0.1,9.08,Electronics,Online,Not Returned,High,1023.45,VIP
353807,Desk Lamp,45,2021-04-03 00:00,30.76,0.29,15.64,Electronics,Online,Not Returned,Low,1384.2,VIP
711709,Desk Lamp,46,2021-04-03 02:00,50.24,0.42,22.4,Electronics,Online,Not Returned,Medium,2311.04,VIP
171017,Wall Clock,28,2021-04-03 08:00,40.53,0.12,13.19,Electronics,In-store,Not Returned,Medium,1134.84,VIP
919593,Desk Lamp,22,2021-04-05 13:00,49.96,0.21,9.91,Electronics,Online,Not Returned,Medium,1099.12,VIP
885786,Notebook,44,2021-04-06 06:00,99.62,0.02,25.82,Electronics,In-store,Returned,Low,4383.280000000001,VIP
430515,Backpack,42,2021-04-06 07:00,64.56,0.2,27.15,Electronics,Online,Returned,Low,2711.52,VIP
168274,Wall Clock,45,2021-04-06 08:00,32.74,0.46,15.17,Electronics,Online,Not Returned,High,1473.3000000000002,VIP
377834,T-shirt,49,2021-04-06 14:00,58.73,0.29,9.66,Electronics,In-store,Not Returned,Medium,2877.77,VIP
199270,Notebook,41,2021-04-07 00:00,83.57,0.2,14.33,Electronics,Online,Not Returned,Medium,3426.37,VIP
617537,Backpack,38,2021-04-07 14:00,78.14,0.08,16.11,Electronics,Online,Not Returned,Medium,2969.32,VIP
907039,USB Cable,26,2021-04-07 17:00,45.98,0.16,11.52,Electronics,In-store,Not Returned,Medium,1195.48,VIP
937946,Wireless Mouse,47,2021-04-08 06:00,70.81,0.09,28.32,Electronics,In-store,Not Returned,Low,3328.07,VIP
352773,White Mug,23,2021-04-08 11:00,60.12,0.44,17.29,Electronics,Online,Not Returned,High,1382.76,VIP
405745,Wireless Mouse,15,2021-04-09 04:00,83.17,0.08,14.46,Electronics,In-store,Not Returned,High,1247.55,VIP
613223,Blue Pen,30,2021-04-09 11:00,62.06,0.02,28.39,Electronics,In-store,Not Returned,Medium,1861.8,VIP
338886,White Mug,14,2021-04-09 16:00,90.37,0.03,6.77,Electronics,In-store,Not Returned,Medium,1265.18,VIP
977080,Wireless Mouse,17,2021-04-10 10:00,64.15,0.31,28.35,Electronics,In-store,Not Returned,Medium,1090.5500000000002,VIP
354657,Blue Pen,30,2021-04-12 06:00,68.97,0.28,23.28,Electronics,In-store,Not Returned,High,2069.1,VIP
210160,T-shirt,41,2021-04-12 12:00,78.2,0.21,29.76,Electronics,In-store,Not Returned,Medium,3206.2000000000003,VIP
377354,Desk Lamp,41,2021-04-13 09:00,60.25,0.44,7.92,Electronics,Online,Not Returned,Medium,2470.25,VIP
534368,Blue Pen,33,2021-04-14 00:00,72.54,0.18,13.4,Electronics,In-store,Not Returned,Medium,2393.82,VIP
980979,Office Chair,17,2021-04-14 11:00,75.28,0.22,17.4,Electronics,In-store,Not Returned,Medium,1279.76,VIP
313596,Backpack,19,2021-04-14 23:00,63.21,0.15,5.07,Electronics,Online,Not Returned,High,1200.99,VIP
945308,Wireless Mouse,33,2021-04-15 06:00,55.92,0.07,10.53,Electronics,In-store,Returned,Medium,1845.36,VIP
970229,Wall Clock,35,2021-04-15 09:00,47.39,0.19,27.87,Electronics,Online,Not Returned,Low,1658.65,VIP
110514,Headphones,29,2021-04-16 11:00,97.17,0.17,26.98,Electronics,In-store,Not Returned,High,2817.93,VIP
933147,Desk Lamp,48,2021-04-16 16:00,34.72,0.08,16.86,Electronics,Online,Not Returned,Low,1666.56,VIP
728373,Wireless Mouse,37,2021-04-16 19:00,34.95,0.37,26.09,Electronics,Online,Not Returned,High,1293.15,VIP
738103,Desk Lamp,33,2021-04-17 05:00,50.84,0.42,9.96,Electronics,Online,Not Returned,High,1677.72,VIP
241488,Desk Lamp,48,2021-04-17 20:00,90.3,0.23,8.04,Electronics,Online,Returned,Medium,4334.4,VIP
758772,Blue Pen,42,2021-04-17 21:00,26.77,0.38,27.11,Electronics,Online,Not Returned,Medium,1124.34,VIP
309097,T-shirt,24,2021-04-18 05:00,99.9,0.21,13.68,Electronics,Online,Not Returned,High,2397.6000000000004,VIP
993061,T-shirt,44,2021-04-18 17:00,38.17,0.41,23.6,Electronics,Online,Not Returned,Low,1679.48,VIP
471557,Office Chair,36,2021-04-19 05:00,61.27,0.13,14.58,Electronics,Online,Not Returned,High,2205.7200000000003,VIP
945753,Wall Clock,31,2021-04-19 14:00,55.33,0.11,20.02,Electronics,Online,Not Returned,Low,1715.23,VIP
382533,Wall Clock,22,2021-04-19 15:00,91.34,0.38,24.06,Electronics,Online,Not Returned,Low,2009.48,VIP
793539,Desk Lamp,27,2021-04-19 23:00,60.63,0.04,18.47,Electronics,Online,Not Returned,Low,1637.01,VIP
505257,USB Cable,33,2021-04-20 10:00,47.71,0.16,28.62,Electronics,Online,Not Returned,Low,1574.43,VIP
170793,Desk Lamp,47,2021-04-21 00:00,69.22,0.28,27.01,Electronics,Online,Returned,High,3253.34,VIP
178113,Wall Clock,38,2021-04-21 23:00,47.95,0.03,9.36,Electronics,In-store,Not Returned,Low,1822.1,VIP
386268,Notebook,24,2021-04-22 06:00,85.27,0.36,6.89,Electronics,Online,Not Returned,Medium,2046.48,VIP
346549,Notebook,18,2021-04-22 12:00,90.97,0.22,12.12,Electronics,In-store,Not Returned,High,1637.46,VIP
737514,Blue Pen,22,2021-04-23 13:00,73.48,0.01,17.87,Electronics,In-store,Not Returned,Medium,1616.5600000000002,VIP
229065,T-shirt,21,2021-04-23 23:00,50.95,0.12,22.69,Electronics,In-store,Not Returned,High,1069.95,VIP
515769,T-shirt,42,2021-04-24 14:00,45.83,0.08,17.23,Electronics,In-store,Not Returned,Low,1924.86,VIP
964631,USB Cable,38,2021-04-24 22:00,26.4,0.49,29.53,Electronics,In-store,Not Returned,Low,1003.2,VIP
720160,White Mug,32,2021-04-25 08:00,42.82,0.33,11.03,Electronics,In-store,Returned,Low,1370.24,VIP
392552,Blue Pen,-16,2021-04-26 02:00,-89.6,1.8449727093602144,,Electronics,In-store,Not Returned,High,1433.6,VIP
246479,T-shirt,14,2021-04-26 04:00,98.19,0.2,19.36,Electronics,Online,Returned,High,1374.66,VIP
910194,T-shirt,26,2021-04-26 13:00,71.14,0.14,22.87,Electronics,In-store,Not Returned,High,1849.64,VIP
632860,Office Chair,37,2021-04-27 00:00,72.21,0.26,12.58,Electronics,Online,Not Returned,High,2671.77,VIP
787635,Wall Clock,25,2021-04-27 04:00,46.21,0.33,24.4,Electronics,Online,Not Returned,Low,1155.25,VIP
718532,T-shirt,20,2021-04-27 11:00,71.92,0.04,25.66,Electronics,Online,Not Returned,High,1438.4,VIP
353516,White Mug,19,2021-04-27 13:00,59.59,0.12,23.05,Electronics,Online,Returned,Medium,1132.21,VIP
832760,Desk Lamp,27,2021-04-27 14:00,51.83,0.27,12.72,Electronics,In-store,Not Returned,High,1399.41,VIP
822321,Wall Clock,45,2021-04-27 16:00,30.44,0.32,20.1,Electronics,In-store,Not Returned,Medium,1369.8,VIP
476826,Wireless Mouse,40,2021-04-27 18:00,75.41,0.01,29.81,Electronics,Online,Not Returned,Medium,3016.4,VIP
905408,Wall Clock,21,2021-04-27 21:00,87.95,0.37,16.91,Electronics,In-store,Not Returned,Medium,1846.95,VIP
986226,T-shirt,44,2021-04-27 23:00,50.05,0.21,11.92,Electronics,Online,Returned,Medium,2202.2,VIP
870488,USB Cable,49,2021-04-28 13:00,89.59,0.06,22.42,Electronics,In-store,Not Returned,High,4389.91,VIP
310536,T-shirt,39,2021-04-28 15:00,62.22,0.13,18.39,Electronics,Online,Not Returned,Low,2426.58,VIP
931080,Notebook,-28,2021-04-29 03:00,-68.95,1.5436977796733364,,Electronics,In-store,Not Returned,Low,1930.6,VIP
304580,White Mug,29,2021-04-29 15:00,62.65,0.02,19.4,Electronics,Online,Not Returned,Medium,1816.85,VIP
574081,Office Chair,46,2021-04-29 17:00,82.37,0.19,13.36,Electronics,In-store,Not Returned,High,3789.02,VIP
684436,Notebook,35,2021-04-29 22:00,74.19,0.05,6.67,Electronics,Online,Not Returned,High,2596.65,VIP
933358,Office Chair,37,2021-04-29 23:00,99.01,0.49,18.59,Electronics,Online,Not Returned,High,3663.37,VIP
357231,Office Chair,41,2021-04-30 08:00,40.81,0.12,8.14,Electronics,In-store,Not Returned,Medium,1673.21,VIP
690642,Desk Lamp,43,2021-04-30 12:00,91.6,0.26,14.1,Electronics,In-store,Not Returned,Medium,3938.8,VIP
658180,Blue Pen,38,2021-04-30 15:00,33.5,0.36,14.45,Electronics,Online,Returned,Medium,1273.0,VIP
181238,White Mug,12,2021-05-01 04:00,94.27,0.06,9.99,Electronics,Online,Not Returned,Medium,1131.24,VIP
325825,Notebook,33,2021-05-01 05:00,32.12,0.12,14.56,Electronics,Online,Not Returned,Medium,1059.9599999999998,VIP
736438,USB Cable,48,2021-05-02 00:00,98.58,0.13,14.75,Electronics,In-store,Returned,Medium,4731.84,VIP
574768,Blue Pen,49,2021-05-02 04:00,95.03,0.21,9.66,Electronics,In-store,Not Returned,Medium,4656.47,VIP
724762,USB Cable,47,2021-05-02 11:00,56.09,0.4,29.73,Electronics,Online,Not Returned,Medium,2636.23,VIP
719212,Wall Clock,12,2021-05-02 18:00,99.31,0.02,12.64,Electronics,In-store,Not Returned,Medium,1191.72,VIP
394366,Wall Clock,-42,2021-05-02 23:00,-83.51,0.23,,Electronics,In-store,Not Returned,Low,3507.42,VIP
649656,Wireless Mouse,23,2021-05-03 11:00,94.43,0.25,6.1,Electronics,In-store,Not Returned,Low,2171.8900000000003,VIP
100801,Office Chair,46,2021-05-03 18:00,25.35,0.31,22.33,Electronics,Online,Not Returned,High,1166.1,VIP
398113,USB Cable,41,2021-05-04 00:00,86.73,0.23,28.85,Electronics,In-store,Not Returned,Medium,3555.9300000000003,VIP
261792,Headphones,-14,2021-05-04 06:00,-87.7,1.4370884590971094,,Electronics,Online,Returned,High,1227.8,VIP
319188,T-shirt,34,2021-05-04 12:00,44.43,0.14,26.45,Electronics,Online,Not Returned,Low,1510.62,VIP
256810,Desk Lamp,48,2021-05-04 22:00,71.27,0.07,5.96,Electronics,Online,Not Returned,High,3420.96,VIP
633857,Desk Lamp,44,2021-05-05 07:00,32.35,0.2,22.77,Electronics,Online,Not Returned,Medium,1423.4,VIP
319894,Desk Lamp,42,2021-05-05 15:00,95.55,0.35,22.03,Electronics,Online,Not Returned,Low,4013.1,VIP
656357,Wall Clock,30,2021-05-05 19:00,68.96,0.16,6.53,Electronics,Online,Not Returned,Low,2068.8,VIP
968173,Office Chair,24,2021-05-05 20:00,50.7,0.36,19.93,Electronics,Online,Not Returned,Low,1216.8000000000002,VIP
245006,USB Cable,44,2021-05-05 23:00,57.1,0.07,18.96,Electronics,Online,Not Returned,Low,2512.4,VIP
531231,White Mug,28,2021-05-06 15:00,63.53,0.38,10.98,Electronics,In-store,Not Returned,High,1778.84,VIP
218104,Wireless Mouse,39,2021-05-06 20:00,56.83,0.29,10.87,Electronics,In-store,Not Returned,Low,2216.37,VIP
112818,Blue Pen,20,2021-05-06 21:00,68.94,0.13,20.19,Electronics,In-store,Not Returned,Low,1378.8,VIP
708278,Headphones,27,2021-05-07 03:00,59.93,0.24,26.34,Electronics,In-store,Not Returned,High,1618.11,VIP
309966,USB Cable,26,2021-05-07 04:00,52.96,0.17,22.14,Electronics,In-store,Not Returned,High,1376.96,VIP
145784,Wall Clock,15,2021-05-07 06:00,68.51,0.49,15.72,Electronics,Online,Not Returned,Low,1027.65,VIP
921391,Backpack,17,2021-05-07 09:00,68.79,0.27,21.47,Electronics,In-store,Not Returned,Low,1169.43,VIP
355564,USB Cable,47,2021-05-07 11:00,87.1,0.5,28.9,Electronics,In-store,Not Returned,High,4093.7,VIP
840126,Backpack,36,2021-05-07 15:00,35.22,0.13,10.32,Electronics,Online,Returned,Low,1267.92,VIP
159072,Wall Clock,24,2021-05-08 05:00,73.84,0.48,5.91,Electronics,Online,Not Returned,Low,1772.16,VIP
489962,Backpack,42,2021-05-08 14:00,74.27,0.36,11.55,Electronics,Online,Not Returned,High,3119.34,VIP
378060,Headphones,45,2021-05-08 18:00,85.35,0.42,22.93,Electronics,In-store,Not Returned,Medium,3840.75,VIP
416689,T-shirt,33,2021-05-09 01:00,64.13,0.15,26.7,Electronics,In-store,Returned,High,2116.29,VIP
116304,Headphones,20,2021-05-09 06:00,97.15,0.23,9.0,Electronics,In-store,Not Returned,Medium,1943.0,VIP
824071,T-shirt,40,2021-05-09 09:00,85.79,0.18,6.8,Electronics,In-store,Not Returned,Medium,3431.6000000000004,VIP
210777,Desk Lamp,48,2021-05-09 10:00,84.93,0.37,23.7,Electronics,In-store,Not Returned,High,4076.64,VIP
354174,USB Cable,20,2021-05-09 18:00,65.3,0.07,21.02,Electronics,In-store,Not Returned,Low,1306.0,VIP
416783,USB Cable,18,2021-05-12 15:00,72.26,0.43,11.45,Electronics,Online,Returned,High,1300.68,VIP
538895,White Mug,36,2021-05-13 03:00,77.45,0.38,26.18,Electronics,Online,Not Returned,Medium,2788.2000000000003,VIP
486354,White Mug,33,2021-05-13 22:00,54.1,0.03,18.18,Electronics,Online,Not Returned,Medium,1785.3,VIP
187566,T-shirt,25,2021-05-14 02:00,62.77,0.35,21.51,Electronics,Online,Not Returned,High,1569.25,VIP
956051,Desk Lamp,49,2021-05-14 14:00,77.77,0.21,17.97,Electronics,Online,Not Returned,High,3810.73,VIP
355539,Blue Pen,41,2021-05-15 02:00,75.72,0.02,9.98,Electronics,Online,Not Returned,High,3104.52,VIP
853696,Wireless Mouse,33,2021-05-15 08:00,78.99,0.03,7.41,Electronics,Online,Not Returned,Low,2606.67,VIP
122369,Wireless Mouse,23,2021-05-15 12:00,93.48,0.17,6.14,Electronics,Online,Not Returned,Medium,2150.04,VIP
491413,Office Chair,38,2021-05-15 18:00,62.24,0.49,25.14,Electronics,In-store,Not Returned,High,2365.12,VIP
367439,Wall Clock,21,2021-05-15 19:00,87.36,0.42,25.54,Electronics,In-store,Not Returned,High,1834.56,VIP
971061,Office Chair,41,2021-05-16 00:00,39.49,0.08,5.74,Electronics,Online,Not Returned,High,1619.09,VIP
224034,Notebook,29,2021-05-16 01:00,97.48,0.4,14.26,Electronics,In-store,Not Returned,Low,2826.92,VIP
792272,Wall Clock,49,2021-05-16 12:00,91.28,0.48,9.68,Electronics,Online,Not Returned,Medium,4472.72,VIP
462578,Blue Pen,22,2021-05-16 21:00,58.61,0.48,14.79,Electronics,Online,Not Returned,High,1289.42,VIP
536572,Backpack,19,2021-05-16 23:00,69.31,0.24,18.3,Electronics,In-store,Not Returned,Low,1316.89,VIP
560258,Wall Clock,21,2021-05-17 01:00,59.0,0.23,24.22,Electronics,Online,Not Returned,Medium,1239.0,VIP
937742,Office Chair,26,2021-05-17 02:00,91.12,0.12,5.29,Electronics,Online,Returned,Low,2369.12,VIP
364954,Notebook,20,2021-05-17 13:00,92.34,0.01,16.13,Electronics,Online,Not Returned,High,1846.8,VIP
308271,Backpack,38,2021-05-17 15:00,53.98,0.37,25.69,Electronics,Online,Not Returned,Low,2051.24,VIP
834782,Desk Lamp,39,2021-05-19 10:00,46.46,0.39,16.89,Electronics,Online,Returned,High,1811.94,VIP
318431,White Mug,33,2021-05-19 16:00,69.09,0.03,19.56,Electronics,In-store,Not Returned,Low,2279.9700000000003,VIP
194488,Desk Lamp,33,2021-05-20 03:00,48.01,0.22,14.6,Electronics,Online,Not Returned,High,1584.33,VIP
768036,Wall Clock,38,2021-05-20 07:00,98.34,0.14,6.64,Electronics,Online,Not Returned,High,3736.92,VIP
766775,Wireless Mouse,39,2021-05-21 06:00,68.19,0.35,22.12,Electronics,Online,Returned,Medium,2659.41,VIP
832558,Wall Clock,31,2021-05-21 09:00,68.84,0.26,28.41,Electronics,Online,Not Returned,Medium,2134.04,VIP
607730,Desk Lamp,48,2021-05-21 10:00,80.86,0.42,13.69,Electronics,In-store,Not Returned,Medium,3881.28,VIP
325864,Office Chair,13,2021-05-23 04:00,97.61,0.19,11.95,Electronics,In-store,Returned,High,1268.93,VIP
742064,USB Cable,49,2021-05-23 09:00,89.78,0.13,22.42,Electronics,Online,Returned,Medium,4399.22,VIP
279428,T-shirt,41,2021-05-23 14:00,76.68,0.09,5.47,Electronics,In-store,Returned,Low,3143.88,VIP
975729,Headphones,-49,2021-05-23 16:00,-62.66,1.7565197972453113,,Electronics,In-store,Not Returned,Low,3070.34,VIP
668423,Wireless Mouse,43,2021-05-23 21:00,86.36,0.28,17.75,Electronics,In-store,Returned,Medium,3713.48,VIP
137067,Blue Pen,39,2021-05-23 22:00,69.87,0.24,13.91,Electronics,Online,Not Returned,High,2724.9300000000003,VIP
369580,Wireless Mouse,45,2021-05-26 17:00,54.79,0.04,13.37,Electronics,Online,Not Returned,High,2465.55,VIP
874008,Headphones,18,2021-05-27 01:00,99.44,0.24,5.87,Electronics,In-store,Not Returned,High,1789.92,VIP
580338,Backpack,30,2021-05-27 11:00,66.91,0.32,24.79,Electronics,Online,Not Returned,Low,2007.3,VIP
143988,Backpack,47,2021-05-27 15:00,41.96,0.39,15.38,Electronics,Online,Not Returned,High,1972.12,VIP
335132,Wireless Mouse,48,2021-05-28 08:00,89.19,0.4,7.5,Electronics,Online,Returned,High,4281.12,VIP
824276,Headphones,46,2021-05-28 14:00,44.85,0.4,29.47,Electronics,In-store,Not Returned,Low,2063.1,VIP
430328,Desk Lamp,49,2021-05-30 04:00,88.09,0.49,7.0,Electronics,Online,Not Returned,High,4316.41,VIP
869362,Blue Pen,42,2021-05-30 18:00,71.06,0.02,5.7,Electronics,Online,Not Returned,High,2984.52,VIP
143013,Backpack,14,2021-05-31 16:00,94.8,0.39,22.98,Electronics,Online,Not Returned,Medium,1327.2,VIP
231436,Wall Clock,29,2021-06-01 06:00,83.62,0.34,24.64,Electronics,Online,Not Returned,Low,2424.98,VIP
703760,Wall Clock,40,2021-06-01 15:00,50.77,0.5,29.53,Electronics,In-store,Not Returned,High,2030.8,VIP
361674,Notebook,25,2021-06-01 19:00,61.31,0.05,26.37,Electronics,In-store,Not Returned,Low,1532.75,VIP
107928,Desk Lamp,27,2021-06-02 06:00,61.52,0.33,12.4,Electronics,Online,Not Returned,Low,1661.0400000000002,VIP
179064,Wireless Mouse,32,2021-06-02 12:00,80.31,0.15,28.77,Electronics,In-store,Not Returned,Medium,2569.92,VIP
181060,Blue Pen,47,2021-06-02 22:00,79.67,0.29,24.81,Electronics,Online,Not Returned,Medium,3744.49,VIP
777751,Desk Lamp,44,2021-06-03 05:00,52.39,0.42,22.83,Electronics,Online,Not Returned,High,2305.16,VIP
245152,Notebook,39,2021-06-03 09:00,26.25,0.03,15.11,Electronics,Online,Not Returned,Medium,1023.75,VIP
967050,Wall Clock,17,2021-06-03 10:00,95.34,0.08,9.06,Electronics,In-store,Not Returned,Medium,1620.78,VIP
635888,Headphones,30,2021-06-03 18:00,56.3,0.45,19.49,Electronics,In-store,Not Returned,High,1689.0,VIP
872718,Blue Pen,28,2021-06-03 20:00,49.35,0.13,5.64,Electronics,In-store,Not Returned,Low,1381.8,VIP
839860,USB Cable,16,2021-06-03 23:00,84.2,0.27,16.62,Electronics,In-store,Not Returned,Low,1347.2,VIP
718636,T-shirt,42,2021-06-04 00:00,82.03,0.25,5.96,Electronics,Online,Not Returned,Medium,3445.26,VIP
536421,T-shirt,28,2021-06-04 06:00,78.26,0.29,18.96,Electronics,In-store,Not Returned,Medium,2191.28,VIP
585077,Desk Lamp,38,2021-06-04 08:00,96.49,0.05,23.19,Electronics,In-store,Not Returned,Low,3666.62,VIP
125457,Office Chair,32,2021-06-04 12:00,61.41,0.45,25.19,Electronics,In-store,Not Returned,Low,1965.12,VIP
100559,T-shirt,49,2021-06-04 21:00,94.54,0.11,17.4,Electronics,In-store,Not Returned,Low,4632.46,VIP
343950,White Mug,36,2021-06-05 07:00,64.74,0.49,24.8,Electronics,In-store,Not Returned,Medium,2330.64,VIP
100037,Notebook,42,2021-06-05 09:00,28.38,0.15,23.83,Electronics,In-store,Not Returned,Low,1191.96,VIP
803645,Wall Clock,29,2021-06-05 18:00,56.39,0.44,8.65,Electronics,In-store,Not Returned,Low,1635.31,VIP
952224,Wireless Mouse,43,2021-06-06 11:00,35.17,0.14,15.12,Electronics,Online,Not Returned,High,1512.3100000000002,VIP
554472,Backpack,41,2021-06-06 21:00,74.04,0.5,12.58,Electronics,In-store,Not Returned,High,3035.6400000000003,VIP
704091,Office Chair,31,2021-06-07 00:00,54.76,0.28,11.08,Electronics,Online,Not Returned,Low,1697.56,VIP
890944,Wireless Mouse,16,2021-06-07 18:00,86.09,0.11,14.67,Electronics,Online,Not Returned,Medium,1377.44,VIP
350703,T-shirt,23,2021-06-07 19:00,55.96,0.14,28.79,Electronics,In-store,Not Returned,Low,1287.08,VIP
962219,White Mug,40,2021-06-08 22:00,74.25,0.07,9.19,Electronics,In-store,Not Returned,Low,2970.0,VIP
508916,White Mug,30,2021-06-09 08:00,87.05,0.09,22.19,Electronics,Online,Not Returned,High,2611.5,VIP
167381,Office Chair,44,2021-06-09 21:00,64.21,0.24,22.76,Electronics,Online,Not Returned,Medium,2825.24,VIP
994576,Blue Pen,-20,2021-06-10 11:00,-95.91,1.7073008364454827,,Electronics,In-store,Not Returned,Medium,1918.2,VIP
345840,USB Cable,43,2021-06-10 20:00,83.7,0.01,25.52,Electronics,Online,Not Returned,High,3599.1,VIP
543035,USB Cable,17,2021-06-11 03:00,95.73,0.2,24.5,Electronics,Online,Not Returned,Low,1627.41,VIP
592545,Wireless Mouse,33,2021-06-11 15:00,51.47,0.49,6.8,Electronics,In-store,Not Returned,High,1698.51,VIP
830281,Desk Lamp,34,2021-06-11 20:00,80.47,0.47,16.32,Electronics,In-store,Not Returned,Medium,2735.98,VIP
266129,Wall Clock,48,2021-06-12 15:00,85.63,0.4,11.65,Electronics,In-store,Not Returned,Low,4110.24,VIP
642112,Notebook,46,2021-06-12 21:00,68.91,0.05,20.82,Electronics,Online,Not Returned,Low,3169.86,VIP
148926,USB Cable,44,2021-06-13 00:00,99.81,0.4,20.21,Electronics,In-store,Not Returned,High,4391.64,VIP
794096,White Mug,42,2021-06-13 12:00,69.98,0.32,23.77,Electronics,Online,Not Returned,Medium,2939.1600000000003,VIP
897278,Desk Lamp,34,2021-06-13 20:00,32.09,0.31,25.67,Electronics,Online,Not Returned,High,1091.0600000000002,VIP
466338,Notebook,40,2021-06-14 05:00,73.6,0.07,8.72,Electronics,Online,Not Returned,High,2944.0,VIP
889012,Wall Clock,19,2021-06-14 16:00,96.27,0.4,27.91,Electronics,Online,Not Returned,High,1829.13,VIP
820892,T-shirt,12,2021-06-15 00:00,94.35,0.05,24.32,Electronics,In-store,Not Returned,Medium,1132.1999999999998,VIP
913287,White Mug,23,2021-06-15 04:00,90.88,0.43,8.02,Electronics,In-store,Not Returned,Medium,2090.24,VIP
858272,Blue Pen,24,2021-06-16 08:00,79.89,0.24,17.56,Electronics,In-store,Not Returned,High,1917.36,VIP
411896,Office Chair,21,2021-06-16 12:00,72.02,0.44,12.61,Electronics,In-store,Not Returned,Low,1512.4199999999998,VIP
541209,White Mug,24,2021-06-16 16:00,92.67,0.45,15.37,Electronics,Online,Returned,Low,2224.08,VIP
435076,Blue Pen,21,2021-06-17 07:00,72.9,0.2,18.55,Electronics,Online,Returned,Low,1530.9,VIP
273790,Blue Pen,15,2021-06-17 09:00,81.54,0.2,28.14,Electronics,Online,Not Returned,Low,1223.1,VIP
849045,T-shirt,29,2021-06-18 00:00,95.39,0.45,18.09,Electronics,In-store,Not Returned,Low,2766.31,VIP
923375,Desk Lamp,38,2021-06-18 23:00,89.84,0.06,10.5,Electronics,In-store,Not Returned,High,3413.92,VIP
334456,Desk Lamp,42,2021-06-19 01:00,81.17,0.15,13.38,Electronics,In-store,Not Returned,Low,3409.14,VIP
125825,Desk Lamp,49,2021-06-22 18:00,97.38,0.18,18.1,Electronics,In-store,Not Returned,Medium,4771.62,VIP
725107,Desk Lamp,-24,2021-06-23 14:00,-68.91,1.816381095178777,,Electronics,Online,Not Returned,High,1653.84,VIP
646312,T-shirt,34,2021-06-23 18:00,92.12,0.0,20.33,Electronics,In-store,Not Returned,Medium,3132.08,VIP
757116,USB Cable,49,2021-06-24 04:00,54.54,0.44,17.75,Electronics,In-store,Not Returned,Medium,2672.46,VIP
184821,Headphones,23,2021-06-25 02:00,63.35,0.39,24.88,Electronics,In-store,Not Returned,High,1457.05,VIP
362070,Headphones,41,2021-06-25 11:00,94.92,0.27,15.38,Electronics,Online,Not Returned,High,3891.72,VIP
389194,USB Cable,41,2021-06-26 06:00,28.98,0.16,21.87,Electronics,Online,Not Returned,High,1188.18,VIP
373672,Wall Clock,45,2021-06-26 15:00,33.04,0.32,13.28,Electronics,Online,Not Returned,Low,1486.8,VIP
661424,Notebook,39,2021-06-26 18:00,28.15,0.07,13.45,Electronics,In-store,Not Returned,High,1097.85,VIP
636364,Wall Clock,28,2021-06-26 20:00,84.39,0.37,10.34,Electronics,In-store,Not Returned,High,2362.92,VIP
639473,Wall Clock,27,2021-06-27 09:00,64.58,0.21,9.97,Electronics,Online,Not Returned,High,1743.66,VIP
362530,Blue Pen,42,2021-06-27 13:00,70.41,0.27,7.07,Electronics,Online,Not Returned,Medium,2957.22,VIP
214310,Wireless Mouse,19,2021-06-28 10:00,94.61,0.11,6.79,Electronics,In-store,Not Returned,High,1797.59,VIP
144772,Wall Clock,42,2021-06-28 23:00,78.89,0.04,22.56,Electronics,Online,Not Returned,Medium,3313.38,VIP
614743,Wall Clock,28,2021-06-29 05:00,73.08,0.06,19.47,Electronics,In-store,Not Returned,Low,2046.24,VIP
416855,Backpack,23,2021-06-29 13:00,87.35,0.29,17.14,Electronics,In-store,Not Returned,Medium,2009.05,VIP
693453,Headphones,32,2021-06-30 01:00,89.67,0.43,17.05,Electronics,In-store,Not Returned,Medium,2869.44,VIP
593197,Desk Lamp,48,2021-06-30 03:00,78.21,0.42,20.61,Electronics,Online,Not Returned,Medium,3754.08,VIP
984317,T-shirt,48,2021-06-30 06:00,78.66,0.28,14.7,Electronics,In-store,Not Returned,Medium,3775.68,VIP
816502,Blue Pen,43,2021-07-01 00:00,95.94,0.24,8.62,Electronics,In-store,Not Returned,Low,4125.42,VIP
147361,White Mug,36,2021-07-01 06:00,34.63,0.01,27.75,Electronics,In-store,Not Returned,Medium,1246.68,VIP
296164,Wall Clock,32,2021-07-02 06:00,53.76,0.17,23.4,Electronics,Online,Not Returned,High,1720.32,VIP
456440,Wall Clock,22,2021-07-02 12:00,84.35,0.43,24.13,Electronics,Online,Not Returned,High,1855.7,VIP
889703,T-shirt,40,2021-07-02 23:00,84.89,0.06,19.62,Electronics,In-store,Not Returned,High,3395.6,VIP
430828,Wall Clock,31,2021-07-03 08:00,63.07,0.25,10.66,Electronics,In-store,Not Returned,Medium,1955.17,VIP
316194,Backpack,33,2021-07-03 11:00,94.72,0.33,8.47,Electronics,Online,Not Returned,High,3125.76,VIP
896060,Office Chair,-49,2021-07-04 03:00,-71.26,1.3088991532689165,,Electronics,In-store,Not Returned,Low,3491.74,VIP
104576,Notebook,28,2021-07-04 19:00,83.95,0.3,29.37,Electronics,Online,Returned,Medium,2350.6,VIP
223980,Wireless Mouse,21,2021-07-05 16:00,83.92,0.44,16.31,Electronics,In-store,Not Returned,High,1762.32,VIP
435689,Headphones,27,2021-07-05 22:00,48.83,0.07,21.81,Electronics,In-store,Not Returned,Low,1318.41,VIP
576186,Wall Clock,19,2021-07-06 03:00,68.98,0.1,12.32,Electronics,Online,Not Returned,Low,1310.62,VIP
319073,Office Chair,37,2021-07-06 06:00,86.07,0.24,13.95,Electronics,Online,Not Returned,High,3184.59,VIP
585825,Office Chair,39,2021-07-06 17:00,42.27,0.2,9.49,Electronics,In-store,Not Returned,Medium,1648.5300000000002,VIP
168304,Desk Lamp,27,2021-07-06 23:00,74.54,0.29,6.41,Electronics,Online,Not Returned,High,2012.58,VIP
465750,Blue Pen,48,2021-07-07 00:00,92.85,0.35,12.53,Electronics,In-store,Not Returned,Low,4456.799999999999,VIP
622058,White Mug,36,2021-07-07 07:00,58.16,0.19,9.61,Electronics,In-store,Not Returned,High,2093.76,VIP
345191,White Mug,15,2021-07-07 08:00,73.52,0.06,20.22,Electronics,Online,Not Returned,Low,1102.8,VIP
638411,Blue Pen,34,2021-07-07 23:00,40.92,0.09,9.55,Electronics,Online,Not Returned,Medium,1391.28,VIP
821975,Wireless Mouse,47,2021-07-08 01:00,36.58,0.37,17.18,Electronics,In-store,Not Returned,Low,1719.26,VIP
380488,Notebook,27,2021-07-08 07:00,97.65,0.1,14.99,Electronics,Online,Not Returned,Medium,2636.55,VIP
855137,Notebook,22,2021-07-08 08:00,85.75,0.06,22.17,Electronics,In-store,Not Returned,High,1886.5,VIP
639068,USB Cable,33,2021-07-09 06:00,89.92,0.18,21.79,Electronics,Online,Not Returned,Medium,2967.36,VIP
753939,USB Cable,22,2021-07-09 09:00,72.64,0.32,7.9,Electronics,Online,Not Returned,High,1598.08,VIP
400706,Desk Lamp,18,2021-07-10 11:00,57.32,0.3,21.67,Electronics,In-store,Not Returned,High,1031.76,VIP
316096,Wall Clock,23,2021-07-11 18:00,91.18,0.48,15.36,Electronics,In-store,Not Returned,High,2097.1400000000003,VIP
233964,Wall Clock,29,2021-07-12 14:00,54.73,0.25,14.18,Electronics,In-store,Not Returned,Medium,1587.1699999999998,VIP
914456,Headphones,24,2021-07-13 01:00,52.07,0.29,6.94,Electronics,In-store,Not Returned,High,1249.68,VIP
425499,Desk Lamp,17,2021-07-13 11:00,68.91,0.33,19.32,Electronics,In-store,Not Returned,High,1171.47,VIP
850782,Wireless Mouse,48,2021-07-13 17:00,70.46,0.13,16.28,Electronics,In-store,Not Returned,High,3382.08,VIP
118402,Notebook,25,2021-07-14 00:00,87.19,0.01,6.77,Electronics,Online,Not Returned,Medium,2179.75,VIP
537922,Notebook,44,2021-07-15 08:00,44.67,0.0,12.78,Electronics,In-store,Not Returned,High,1965.48,VIP
869646,Wall Clock,35,2021-07-15 12:00,58.32,0.14,5.29,Electronics,Online,Returned,Low,2041.2,VIP
523207,Headphones,19,2021-07-16 01:00,79.51,0.46,6.34,Electronics,In-store,Not Returned,High,1510.69,VIP
669935,White Mug,37,2021-07-16 15:00,89.94,0.04,11.11,Electronics,Online,Not Returned,High,3327.78,VIP
690555,Desk Lamp,29,2021-07-16 21:00,50.33,0.02,12.72,Electronics,Online,Not Returned,Medium,1459.57,VIP
791495,USB Cable,45,2021-07-17 12:00,70.31,0.38,18.03,Electronics,Online,Not Returned,High,3163.9500000000003,VIP
489363,White Mug,27,2021-07-17 23:00,97.39,0.32,7.56,Electronics,Online,Not Returned,Medium,2629.53,VIP
825821,T-shirt,43,2021-07-18 18:00,94.52,0.02,16.53,Electronics,In-store,Not Returned,High,4064.36,VIP
653718,White Mug,39,2021-07-18 23:00,38.47,0.09,19.48,Electronics,Online,Not Returned,Low,1500.33,VIP
115522,Wall Clock,27,2021-07-19 13:00,73.06,0.09,23.9,Electronics,In-store,Not Returned,Medium,1972.62,VIP
960466,Blue Pen,49,2021-07-19 16:00,56.3,0.44,14.39,Electronics,In-store,Not Returned,High,2758.7,VIP
835062,Headphones,26,2021-07-20 17:00,72.88,0.44,12.47,Electronics,Online,Not Returned,Low,1894.88,VIP
408979,White Mug,49,2021-07-20 20:00,90.62,0.36,6.53,Electronics,Online,Not Returned,High,4440.38,VIP
778283,Wall Clock,26,2021-07-21 00:00,50.1,0.21,7.44,Electronics,Online,Not Returned,High,1302.6,VIP
472598,Desk Lamp,37,2021-07-21 03:00,71.55,0.01,20.18,Electronics,Online,Not Returned,Medium,2647.35,VIP
346661,USB Cable,24,2021-07-21 20:00,84.57,0.14,6.76,Electronics,Online,Not Returned,High,2029.68,VIP
174191,Headphones,19,2021-07-22 05:00,56.81,0.04,7.06,Electronics,In-store,Not Returned,Low,1079.39,VIP
366152,Blue Pen,16,2021-07-22 10:00,78.15,0.4,17.96,Electronics,In-store,Not Returned,Medium,1250.4,VIP
782433,Desk Lamp,16,2021-07-23 09:00,70.95,0.28,11.17,Electronics,In-store,Not Returned,High,1135.2,VIP
300798,Office Chair,28,2021-07-23 10:00,54.48,0.19,18.11,Electronics,Online,Not Returned,High,1525.4399999999998,VIP
232955,T-shirt,28,2021-07-23 11:00,95.98,0.22,24.63,Electronics,Online,Returned,High,2687.44,VIP
929055,Notebook,39,2021-07-23 20:00,84.81,0.03,23.53,Electronics,Online,Not Returned,High,3307.59,VIP
463634,White Mug,49,2021-07-24 09:00,30.87,0.3,21.66,Electronics,In-store,Not Returned,High,1512.63,VIP
476570,Notebook,13,2021-07-24 13:00,88.71,0.33,12.89,Electronics,Online,Not Returned,High,1153.23,VIP
117529,Desk Lamp,16,2021-07-24 14:00,65.09,0.22,29.37,Electronics,In-store,Not Returned,High,1041.44,VIP
949333,Blue Pen,17,2021-07-25 17:00,84.48,0.13,17.41,Electronics,In-store,Returned,High,1436.16,VIP
327997,Office Chair,27,2021-07-26 10:00,59.03,0.15,22.0,Electronics,In-store,Not Returned,High,1593.81,VIP
711561,Wireless Mouse,27,2021-07-28 00:00,52.98,0.03,24.12,Electronics,In-store,Not Returned,Medium,1430.4599999999998,VIP
984735,T-shirt,38,2021-07-28 21:00,58.08,0.2,27.92,Electronics,Online,Returned,Medium,2207.04,VIP
653838,USB Cable,15,2021-07-29 11:00,70.51,0.11,13.67,Electronics,Online,Not Returned,Medium,1057.65,VIP
244905,White Mug,19,2021-07-29 13:00,74.28,0.18,20.97,Electronics,In-store,Not Returned,Medium,1411.32,VIP
182681,Wall Clock,44,2021-07-29 18:00,85.42,0.31,23.93,Electronics,In-store,Not Returned,High,3758.48,VIP
398307,Wall Clock,38,2021-07-31 03:00,86.23,0.49,12.88,Electronics,Online,Not Returned,High,3276.74,VIP
816896,Desk Lamp,31,2021-08-02 01:00,77.8,0.48,28.45,Electronics,Online,Not Returned,Low,2411.8,VIP
307836,T-shirt,36,2021-08-02 15:00,58.2,0.05,26.8,Electronics,In-store,Not Returned,High,2095.2000000000003,VIP
319882,Headphones,47,2021-08-03 06:00,42.16,0.22,27.27,Electronics,In-store,Not Returned,Medium,1981.52,VIP
266415,Wall Clock,29,2021-08-03 20:00,37.18,0.45,17.29,Electronics,Online,Not Returned,Low,1078.22,VIP
239728,Office Chair,29,2021-08-03 23:00,88.39,0.04,5.03,Electronics,Online,Not Returned,Low,2563.31,VIP
394977,USB Cable,41,2021-08-04 04:00,62.32,0.39,21.93,Electronics,Online,Not Returned,Low,2555.12,VIP
935848,White Mug,16,2021-08-05 15:00,87.91,0.11,10.17,Electronics,Online,Not Returned,Medium,1406.56,VIP
243452,T-shirt,43,2021-08-05 16:00,37.97,0.22,13.86,Electronics,Online,Not Returned,High,1632.71,VIP
511034,Wall Clock,33,2021-08-05 18:00,74.11,0.39,8.48,Electronics,Online,Not Returned,High,2445.63,VIP
129362,Wall Clock,42,2021-08-06 23:00,91.98,0.31,26.64,Electronics,Online,Not Returned,High,3863.16,VIP
196950,Wall Clock,37,2021-08-07 17:00,40.68,0.27,6.38,Electronics,In-store,Not Returned,Low,1505.16,VIP
596195,White Mug,21,2021-08-07 23:00,67.24,0.16,23.0,Electronics,In-store,Not Returned,Medium,1412.04,VIP
758299,Wireless Mouse,39,2021-08-08 06:00,95.78,0.06,21.14,Electronics,Online,Not Returned,Medium,3735.42,VIP
674673,Office Chair,26,2021-08-09 15:00,89.15,0.14,8.87,Electronics,In-store,Not Returned,Low,2317.9,VIP
237116,Blue Pen,43,2021-08-10 00:00,70.46,0.34,5.83,Electronics,In-store,Not Returned,Low,3029.78,VIP
903134,Headphones,22,2021-08-10 16:00,90.06,0.16,27.58,Electronics,In-store,Not Returned,High,1981.32,VIP
356216,White Mug,49,2021-08-10 17:00,33.21,0.23,12.4,Electronics,Online,Returned,Medium,1627.29,VIP
173527,Notebook,19,2021-08-10 23:00,89.16,0.01,10.6,Electronics,Online,Not Returned,Low,1694.04,VIP
928667,T-shirt,49,2021-08-11 02:00,43.07,0.01,7.8,Electronics,In-store,Not Returned,Low,2110.43,VIP
823225,Desk Lamp,19,2021-08-11 07:00,57.04,0.17,6.59,Electronics,In-store,Not Returned,High,1083.76,VIP
114633,Backpack,39,2021-08-11 14:00,47.35,0.11,26.98,Electronics,In-store,Not Returned,Low,1846.65,VIP
887001,Desk Lamp,23,2021-08-11 16:00,68.65,0.36,22.55,Electronics,Online,Not Returned,Low,1578.95,VIP
953941,Backpack,20,2021-08-11 18:00,58.06,0.06,22.51,Electronics,In-store,Not Returned,Medium,1161.2,VIP
155063,Headphones,-19,2021-08-13 04:00,-77.14,1.7259939719109254,,Electronics,In-store,Not Returned,High,1465.66,VIP
394786,White Mug,37,2021-08-13 14:00,83.67,0.2,15.4,Electronics,In-store,Not Returned,Low,3095.79,VIP
435830,T-shirt,13,2021-08-13 18:00,80.14,0.22,21.29,Electronics,Online,Not Returned,High,1041.82,VIP
694571,Backpack,46,2021-08-14 14:00,59.12,0.15,22.22,Electronics,Online,Not Returned,Medium,2719.52,VIP
638314,Desk Lamp,32,2021-08-15 03:00,46.0,0.39,18.95,Electronics,Online,Not Returned,High,1472.0,VIP
395625,Wireless Mouse,23,2021-08-15 05:00,49.01,0.07,15.34,Electronics,In-store,Returned,Low,1127.23,VIP
454398,Blue Pen,34,2021-08-15 11:00,85.08,0.38,29.49,Electronics,In-store,Not Returned,Low,2892.72,VIP
563788,Wall Clock,45,2021-08-15 16:00,58.29,0.32,26.36,Electronics,In-store,Not Returned,Medium,2623.05,VIP
860791,White Mug,20,2021-08-15 17:00,83.44,0.08,9.95,Electronics,Online,Not Returned,Low,1668.8,VIP
752356,T-shirt,27,2021-08-16 15:00,65.1,0.25,16.73,Electronics,In-store,Returned,Low,1757.6999999999998,VIP
456092,Notebook,43,2021-08-16 17:00,54.22,0.46,12.73,Electronics,In-store,Not Returned,Medium,2331.46,VIP
129873,White Mug,20,2021-08-17 02:00,57.36,0.26,10.07,Electronics,In-store,Not Returned,Low,1147.2,VIP
221173,Wall Clock,31,2021-08-17 10:00,80.05,0.15,5.51,Electronics,Online,Not Returned,Low,2481.55,VIP
146638,Wireless Mouse,35,2021-08-17 11:00,54.7,0.16,18.55,Electronics,Online,Not Returned,Medium,1914.5,VIP
390690,Notebook,24,2021-08-18 07:00,82.32,0.45,19.6,Electronics,Online,Not Returned,High,1975.68,VIP
359013,Backpack,38,2021-08-19 08:00,96.67,0.48,18.46,Electronics,Online,Not Returned,Low,3673.46,VIP
804172,White Mug,44,2021-08-20 04:00,25.69,0.5,6.9,Electronics,In-store,Not Returned,Medium,1130.36,VIP
782567,USB Cable,41,2021-08-20 14:00,55.19,0.13,29.79,Electronics,Online,Not Returned,High,2262.79,VIP
469478,Wall Clock,-45,2021-08-20 15:00,-93.64,1.3747685114250343,,Electronics,Online,Not Returned,Low,4213.8,VIP
964938,Office Chair,37,2021-08-20 21:00,35.56,0.09,22.23,Electronics,Online,Not Returned,Low,1315.72,VIP
517972,Wall Clock,30,2021-08-21 09:00,87.37,0.33,7.02,Electronics,In-store,Not Returned,Low,2621.1000000000004,VIP
949295,Blue Pen,49,2021-08-21 17:00,98.66,0.11,13.61,Electronics,In-store,Not Returned,Medium,4834.34,VIP
948292,White Mug,47,2021-08-21 20:00,35.38,0.1,21.5,Electronics,In-store,Not Returned,Low,1662.86,VIP
386885,Blue Pen,31,2021-08-22 01:00,97.27,0.46,16.47,Electronics,Online,Not Returned,Low,3015.37,VIP
864752,Notebook,37,2021-08-22 04:00,88.76,0.25,7.02,Electronics,In-store,Not Returned,High,3284.1200000000003,VIP
288088,Office Chair,38,2021-08-22 13:00,49.15,0.22,13.38,Electronics,Online,Not Returned,Medium,1867.7,VIP
237046,Backpack,27,2021-08-23 07:00,49.96,0.17,27.47,Electronics,In-store,Not Returned,Medium,1348.92,VIP
129714,Wireless Mouse,35,2021-08-23 22:00,71.99,0.13,29.74,Electronics,Online,Not Returned,High,2519.65,VIP
695113,Notebook,46,2021-08-24 15:00,44.91,0.17,12.75,Electronics,Online,Not Returned,Medium,2065.86,VIP
437927,White Mug,27,2021-08-26 22:00,98.31,0.18,10.98,Electronics,In-store,Not Returned,Low,2654.37,VIP
794911,Notebook,43,2021-08-27 08:00,88.02,0.32,8.93,Electronics,Online,Not Returned,Low,3784.86,VIP
520576,T-shirt,31,2021-08-27 23:00,37.09,0.21,14.91,Electronics,In-store,Not Returned,Low,1149.7900000000002,VIP
705191,Blue Pen,32,2021-08-28 22:00,59.76,0.24,17.12,Electronics,Online,Not Returned,Low,1912.32,VIP
422038,USB Cable,24,2021-08-29 04:00,71.28,0.15,10.04,Electronics,Online,Not Returned,Low,1710.72,VIP
121518,Backpack,21,2021-08-30 15:00,48.15,0.31,13.86,Electronics,In-store,Not Returned,High,1011.15,VIP
694091,Headphones,44,2021-08-30 19:00,51.54,0.35,27.26,Electronics,Online,Not Returned,High,2267.76,VIP
848870,USB Cable,28,2021-08-30 21:00,74.05,0.0,8.7,Electronics,In-store,Not Returned,Medium,2073.4,VIP
732899,Wall Clock,48,2021-08-31 13:00,93.01,0.41,29.86,Electronics,In-store,Not Returned,Low,4464.4800000000005,VIP
686400,Backpack,-24,2021-08-31 16:00,-62.94,0.28,,Electronics,Online,Not Returned,Low,1510.56,VIP
441090,Desk Lamp,41,2021-09-02 00:00,35.64,0.28,28.35,Electronics,In-store,Not Returned,Low,1461.24,VIP
110564,Desk Lamp,21,2021-09-02 03:00,55.62,0.25,26.83,Electronics,In-store,Not Returned,Low,1168.02,VIP
372409,Wireless Mouse,39,2021-09-02 12:00,89.28,0.25,25.41,Electronics,In-store,Not Returned,High,3481.92,VIP
417972,Wall Clock,26,2021-09-02 19:00,86.63,0.03,29.7,Electronics,Online,Returned,Low,2252.38,VIP
479028,Notebook,13,2021-09-02 21:00,98.15,0.47,5.2,Electronics,Online,Not Returned,High,1275.95,VIP
580579,Blue Pen,19,2021-09-03 12:00,98.49,0.34,19.88,Electronics,In-store,Not Returned,Medium,1871.31,VIP
896747,Office Chair,34,2021-09-03 15:00,34.45,0.17,27.11,Electronics,In-store,Not Returned,High,1171.3000000000002,VIP
879215,Headphones,26,2021-09-04 03:00,47.26,0.09,7.03,Electronics,In-store,Not Returned,Medium,1228.76,VIP
123446,White Mug,27,2021-09-04 07:00,95.08,0.1,7.87,Electronics,In-store,Not Returned,Low,2567.16,VIP
881707,Notebook,44,2021-09-04 08:00,89.1,0.32,21.34,Electronics,In-store,Not Returned,High,3920.4,VIP
244526,T-shirt,49,2021-09-04 11:00,45.95,0.26,22.79,Electronics,In-store,Not Returned,High,2251.55,VIP
565899,Office Chair,26,2021-09-04 19:00,87.1,0.34,9.82,Electronics,In-store,Not Returned,Medium,2264.6,VIP
857993,Wall Clock,32,2021-09-04 22:00,59.13,0.27,19.42,Electronics,Online,Not Returned,Low,1892.16,VIP
172746,Wall Clock,38,2021-09-05 14:00,50.79,0.32,23.26,Electronics,In-store,Not Returned,Medium,1930.02,VIP
619466,Notebook,46,2021-09-06 11:00,52.52,0.49,10.55,Electronics,In-store,Not Returned,Low,2415.92,VIP
200804,Headphones,48,2021-09-06 14:00,61.1,0.36,18.14,Electronics,In-store,Returned,Low,2932.8,VIP
123880,Backpack,41,2021-09-06 21:00,35.99,0.32,10.49,Electronics,In-store,Not Returned,Low,1475.59,VIP
825552,Blue Pen,36,2021-09-07 01:00,36.06,0.2,28.8,Electronics,In-store,Returned,Medium,1298.16,VIP
171326,Wall Clock,44,2021-09-07 18:00,94.32,0.26,16.9,Electronics,In-store,Not Returned,Low,4150.08,VIP
558128,White Mug,45,2021-09-08 03:00,78.03,0.2,23.93,Electronics,Online,Not Returned,Low,3511.35,VIP
830328,Headphones,35,2021-09-08 17:00,98.37,0.07,23.68,Electronics,Online,Not Returned,Medium,3442.9500000000003,VIP
645588,Wireless Mouse,37,2021-09-09 06:00,45.44,0.02,22.58,Electronics,Online,Not Returned,Low,1681.28,VIP
679897,Headphones,40,2021-09-09 09:00,40.45,0.45,8.86,Electronics,In-store,Not Returned,High,1618.0,VIP
948333,Desk Lamp,38,2021-09-09 12:00,55.92,0.25,5.36,Electronics,Online,Not Returned,Medium,2124.96,VIP
554926,Desk Lamp,31,2021-09-09 18:00,57.78,0.17,19.78,Electronics,Online,Not Returned,Low,1791.18,VIP
391946,Notebook,18,2021-09-09 22:00,56.95,0.06,11.15,Electronics,In-store,Not Returned,Medium,1025.1,VIP
692435,Desk Lamp,49,2021-09-10 03:00,75.37,0.18,28.8,Electronics,In-store,Not Returned,Medium,3693.13,VIP
960405,Blue Pen,45,2021-09-10 12:00,53.11,0.41,27.17,Electronics,In-store,Not Returned,Low,2389.95,VIP
795519,T-shirt,42,2021-09-11 08:00,99.21,0.19,27.5,Electronics,In-store,Not Returned,High,4166.82,VIP
588075,Desk Lamp,32,2021-09-11 22:00,75.73,0.02,22.36,Electronics,Online,Not Returned,Low,2423.36,VIP
720587,Office Chair,42,2021-09-12 01:00,31.83,0.13,14.56,Electronics,In-store,Not Returned,High,1336.86,VIP
814614,Notebook,37,2021-09-12 12:00,85.37,0.44,19.1,Electronics,Online,Not Returned,Medium,3158.69,VIP
658114,T-shirt,33,2021-09-12 17:00,58.07,0.38,18.95,Electronics,In-store,Not Returned,Medium,1916.31,VIP
458349,Wall Clock,29,2021-09-12 22:00,37.68,0.33,6.09,Electronics,Online,Not Returned,Low,1092.72,VIP
740539,Wall Clock,46,2021-09-13 07:00,70.52,0.19,21.01,Electronics,Online,Not Returned,High,3243.92,VIP
918706,USB Cable,40,2021-09-13 19:00,48.16,0.18,15.3,Electronics,Online,Not Returned,Medium,1926.4,VIP
761034,Backpack,47,2021-09-14 04:00,87.17,0.17,15.84,Electronics,In-store,Not Returned,High,4096.99,VIP
209525,Backpack,49,2021-09-14 14:00,38.82,0.11,20.65,Electronics,In-store,Not Returned,Low,1902.18,VIP
384329,Wireless Mouse,39,2021-09-14 21:00,95.66,0.07,12.64,Electronics,Online,Not Returned,Medium,3730.74,VIP
839782,Blue Pen,33,2021-09-15 07:00,52.78,0.3,22.86,Electronics,Online,Not Returned,Medium,1741.74,VIP
595339,Notebook,34,2021-09-15 08:00,98.81,0.11,6.58,Electronics,Online,Not Returned,Low,3359.54,VIP
378101,USB Cable,42,2021-09-15 15:00,44.66,0.4,17.64,Electronics,In-store,Returned,High,1875.72,VIP
883573,Blue Pen,27,2021-09-15 18:00,63.12,0.27,7.97,Electronics,In-store,Not Returned,High,1704.24,VIP
973321,Headphones,36,2021-09-16 11:00,52.25,0.46,22.79,Electronics,In-store,Not Returned,High,1881.0,VIP
825191,Backpack,19,2021-09-17 20:00,81.06,0.26,24.07,Electronics,In-store,Not Returned,Low,1540.14,VIP
737816,Desk Lamp,16,2021-09-18 05:00,96.76,0.1,10.04,Electronics,In-store,Not Returned,Low,1548.16,VIP
847562,Wall Clock,47,2021-09-18 06:00,71.02,0.36,8.88,Electronics,In-store,Not Returned,Low,3337.94,VIP
486060,Wireless Mouse,26,2021-09-18 07:00,41.72,0.12,18.33,Electronics,Online,Not Returned,Low,1084.72,VIP
862580,USB Cable,34,2021-09-18 08:00,81.92,0.24,14.16,Electronics,In-store,Not Returned,High,2785.28,VIP
157803,Blue Pen,49,2021-09-18 17:00,70.11,0.07,5.48,Electronics,In-store,Not Returned,High,3435.39,VIP
680915,Wireless Mouse,30,2021-09-18 20:00,88.1,0.49,10.07,Electronics,In-store,Not Returned,High,2643.0,VIP
823704,Desk Lamp,27,2021-09-19 01:00,85.08,0.41,26.22,Electronics,In-store,Not Returned,High,2297.16,VIP
725710,Desk Lamp,42,2021-09-20 12:00,51.21,0.11,5.64,Electronics,Online,Not Returned,High,2150.82,VIP
461013,USB Cable,32,2021-09-20 15:00,99.14,0.06,26.74,Electronics,Online,Not Returned,Low,3172.48,VIP
164361,T-shirt,44,2021-09-21 05:00,60.23,0.21,25.73,Electronics,Online,Not Returned,High,2650.12,VIP
804364,Blue Pen,45,2021-09-21 08:00,67.61,0.43,8.05,Electronics,Online,Not Returned,High,3042.45,VIP
895903,Office Chair,29,2021-09-22 01:00,72.55,0.47,23.31,Electronics,Online,Not Returned,High,2103.95,VIP
565787,Blue Pen,44,2021-09-23 04:00,90.86,0.08,24.82,Electronics,Online,Not Returned,Low,3997.84,VIP
439974,White Mug,20,2021-09-23 21:00,95.08,0.45,14.92,Electronics,Online,Not Returned,High,1901.6,VIP
645007,Office Chair,44,2021-09-23 23:00,82.08,0.13,10.57,Electronics,In-store,Not Returned,Medium,3611.52,VIP
430057,USB Cable,15,2021-09-24 08:00,93.59,0.11,27.5,Electronics,Online,Not Returned,Medium,1403.85,VIP
920047,Wireless Mouse,39,2021-09-24 09:00,49.36,0.48,18.97,Electronics,In-store,Not Returned,Medium,1925.04,VIP
710999,Notebook,13,2021-09-24 21:00,87.03,0.25,28.4,Electronics,Online,Not Returned,Medium,1131.39,VIP
984094,Headphones,35,2021-09-25 02:00,55.51,0.28,8.88,Electronics,Online,Not Returned,High,1942.85,VIP
101919,Headphones,29,2021-09-25 20:00,81.74,0.11,23.67,Electronics,In-store,Not Returned,High,2370.46,VIP
631720,Blue Pen,48,2021-09-26 13:00,57.4,0.03,24.8,Electronics,In-store,Not Returned,High,2755.2,VIP
792749,T-shirt,47,2021-09-27 10:00,54.42,0.2,20.36,Electronics,In-store,Not Returned,High,2557.74,VIP
689643,Notebook,36,2021-09-27 23:00,31.76,0.4,19.01,Electronics,Online,Not Returned,Medium,1143.36,VIP
637262,Desk Lamp,48,2021-09-28 00:00,81.36,0.28,28.81,Electronics,Online,Not Returned,Low,3905.28,VIP
351366,Desk Lamp,34,2021-09-28 03:00,76.15,0.38,9.76,Electronics,In-store,Returned,High,2589.1000000000004,VIP
409181,Headphones,26,2021-09-28 19:00,47.74,0.36,13.44,Electronics,In-store,Not Returned,Low,1241.24,VIP
659119,USB Cable,26,2021-09-28 21:00,73.07,0.39,27.66,Electronics,In-store,Not Returned,Low,1899.82,VIP
118361,Desk Lamp,31,2021-09-28 23:00,64.94,0.4,16.57,Electronics,In-store,Not Returned,High,2013.14,VIP
770979,Office Chair,-46,2021-09-29 06:00,-32.95,1.832966524075761,,Electronics,Online,Not Returned,High,1515.7,VIP
716767,USB Cable,49,2021-09-29 08:00,63.29,0.37,12.01,Electronics,Online,Returned,Medium,3101.21,VIP
854547,White Mug,44,2021-09-29 16:00,95.67,0.3,15.67,Electronics,In-store,Returned,Medium,4209.4800000000005,VIP
734493,White Mug,30,2021-09-30 03:00,39.45,0.45,19.28,Electronics,Online,Not Returned,High,1183.5,VIP
384243,Backpack,26,2021-09-30 06:00,61.12,0.3,27.2,Electronics,In-store,Not Returned,High,1589.12,VIP
361968,Notebook,45,2021-10-01 04:00,30.21,0.45,17.31,Electronics,Online,Not Returned,High,1359.45,VIP
433304,USB Cable,26,2021-10-01 18:00,60.41,0.48,22.26,Electronics,Online,Not Returned,Medium,1570.66,VIP
620766,Wall Clock,14,2021-10-02 10:00,93.46,0.0,14.52,Electronics,Online,Not Returned,Medium,1308.4399999999998,VIP
321666,Backpack,24,2021-10-03 01:00,71.46,0.21,20.81,Electronics,Online,Not Returned,Medium,1715.04,VIP
947127,Wireless Mouse,30,2021-10-03 18:00,50.8,0.42,29.09,Electronics,Online,Not Returned,High,1524.0,VIP
256837,Office Chair,44,2021-10-03 21:00,49.13,0.08,26.21,Electronics,Online,Not Returned,Low,2161.7200000000003,VIP
369289,USB Cable,18,2021-10-04 05:00,87.8,0.0,19.15,Electronics,Online,Not Returned,Medium,1580.4,VIP
286869,Notebook,39,2021-10-04 07:00,86.85,0.12,25.95,Electronics,Online,Not Returned,Low,3387.15,VIP
944355,Backpack,32,2021-10-05 02:00,90.53,0.29,13.2,Electronics,In-store,Not Returned,Medium,2896.96,VIP
679835,Office Chair,46,2021-10-05 13:00,86.89,0.1,19.15,Electronics,Online,Returned,High,3996.94,VIP
795202,T-shirt,21,2021-10-06 06:00,81.39,0.05,16.4,Electronics,Online,Not Returned,Low,1709.19,VIP
629983,Desk Lamp,-25,2021-10-06 08:00,-43.94,0.41,,Electronics,In-store,Not Returned,Low,1098.5,VIP
474612,Headphones,33,2021-10-06 17:00,42.15,0.31,23.9,Electronics,Online,Not Returned,High,1390.95,VIP
343772,Wall Clock,-27,2021-10-07 03:00,-41.27,0.41,,Electronics,In-store,Not Returned,High,1114.2900000000002,VIP
546021,Headphones,39,2021-10-07 08:00,77.11,0.31,23.29,Electronics,Online,Not Returned,High,3007.29,VIP
880448,Blue Pen,33,2021-10-07 15:00,34.14,0.19,8.93,Electronics,Online,Not Returned,High,1126.62,VIP
357506,Notebook,21,2021-10-08 08:00,83.75,0.05,24.57,Electronics,In-store,Not Returned,Medium,1758.75,VIP
920178,Blue Pen,34,2021-10-08 18:00,66.79,0.16,11.03,Electronics,Online,Not Returned,Low,2270.86,VIP
548247,White Mug,34,2021-10-09 00:00,73.77,0.11,5.81,Electronics,In-store,Not Returned,High,2508.18,VIP
435983,Wall Clock,27,2021-10-09 04:00,90.92,0.49,21.69,Electronics,Online,Not Returned,High,2454.84,VIP
144348,White Mug,30,2021-10-09 13:00,79.58,0.1,7.48,Electronics,Online,Not Returned,High,2387.4,VIP
387181,Desk Lamp,38,2021-10-10 21:00,55.03,0.15,16.63,Electronics,In-store,Not Returned,Medium,2091.14,VIP
295543,White Mug,43,2021-10-11 10:00,97.28,0.05,8.68,Electronics,Online,Not Returned,Low,4183.04,VIP
872687,White Mug,25,2021-10-11 13:00,85.14,0.25,26.39,Electronics,In-store,Not Returned,Low,2128.5,VIP
692890,Desk Lamp,46,2021-10-11 17:00,30.51,0.13,9.85,Electronics,In-store,Not Returned,High,1403.46,VIP
306971,USB Cable,37,2021-10-13 06:00,72.71,0.3,23.53,Electronics,Online,Not Returned,High,2690.27,VIP
390042,Headphones,30,2021-10-13 17:00,80.41,0.27,15.43,Electronics,In-store,Returned,Medium,2412.3,VIP
808421,Office Chair,42,2021-10-14 04:00,67.5,0.23,10.85,Electronics,In-store,Returned,Medium,2835.0,VIP
202652,Headphones,31,2021-10-15 09:00,73.93,0.2,19.25,Electronics,In-store,Not Returned,Low,2291.8300000000004,VIP
162601,USB Cable,39,2021-10-15 18:00,41.14,0.23,5.17,Electronics,Online,Not Returned,Low,1604.46,VIP
450857,USB Cable,-49,2021-10-16 07:00,-84.29,1.989237259610636,,Electronics,Online,Not Returned,High,4130.21,VIP
412604,Office Chair,30,2021-10-16 13:00,82.8,0.06,7.76,Electronics,In-store,Not Returned,High,2484.0,VIP
102921,Office Chair,20,2021-10-16 19:00,59.02,0.07,13.13,Electronics,In-store,Not Returned,Low,1180.4,VIP
222537,Notebook,-32,2021-10-17 18:00,-33.19,1.5309044151175009,,Electronics,Online,Not Returned,Medium,1062.08,VIP
441115,Office Chair,-40,2021-10-17 22:00,-61.81,1.907211343909572,,Electronics,Online,Not Returned,Medium,2472.4,VIP
273217,Blue Pen,22,2021-10-18 00:00,45.51,0.29,23.03,Electronics,Online,Returned,Medium,1001.22,VIP
775462,Wireless Mouse,21,2021-10-18 14:00,58.14,0.2,8.53,Electronics,In-store,Not Returned,Medium,1220.94,VIP
450639,Notebook,19,2021-10-19 02:00,85.72,0.23,16.23,Electronics,In-store,Not Returned,High,1628.68,VIP
767567,Office Chair,32,2021-10-19 05:00,37.59,0.36,6.7,Electronics,Online,Returned,High,1202.88,VIP
189779,Wireless Mouse,38,2021-10-20 05:00,29.19,0.46,5.49,Electronics,Online,Returned,Medium,1109.22,VIP
383590,White Mug,48,2021-10-20 19:00,87.96,0.5,29.82,Electronics,In-store,Not Returned,Low,4222.08,VIP
185615,Headphones,25,2021-10-20 22:00,98.64,0.15,22.25,Electronics,Online,Not Returned,Low,2466.0,VIP
774292,Backpack,47,2021-10-21 01:00,70.63,0.31,23.03,Electronics,In-store,Not Returned,Medium,3319.61,VIP
714769,USB Cable,45,2021-10-21 03:00,51.16,0.47,26.11,Electronics,In-store,Not Returned,Medium,2302.2,VIP
310005,T-shirt,14,2021-10-21 06:00,82.54,0.05,24.34,Electronics,In-store,Not Returned,High,1155.5600000000002,VIP
672130,Notebook,41,2021-10-21 08:00,57.89,0.22,22.52,Electronics,Online,Not Returned,Low,2373.49,VIP
745970,Blue Pen,45,2021-10-22 00:00,46.14,0.26,9.89,Electronics,Online,Not Returned,Low,2076.3,VIP
154973,T-shirt,35,2021-10-22 06:00,83.27,0.15,18.05,Electronics,Online,Not Returned,Low,2914.45,VIP
581193,Headphones,26,2021-10-23 03:00,83.34,0.26,6.02,Electronics,Online,Not Returned,Low,2166.84,VIP
401614,Wireless Mouse,42,2021-10-23 18:00,63.15,0.22,19.68,Electronics,In-store,Not Returned,High,2652.3,VIP
885339,Blue Pen,28,2021-10-23 23:00,71.82,0.3,28.69,Electronics,Online,Not Returned,Low,2010.96,VIP
262776,Office Chair,45,2021-10-24 05:00,75.48,0.26,28.53,Electronics,In-store,Not Returned,Low,3396.6000000000004,VIP
484346,USB Cable,35,2021-10-24 06:00,97.1,0.06,16.36,Electronics,In-store,Not Returned,Low,3398.5,VIP
102526,T-shirt,46,2021-10-24 09:00,43.38,0.08,14.49,Electronics,Online,Not Returned,High,1995.48,VIP
325295,Blue Pen,38,2021-10-25 21:00,95.68,0.03,17.94,Electronics,Online,Not Returned,High,3635.84,VIP
888611,Headphones,39,2021-10-25 23:00,75.67,0.28,19.65,Electronics,In-store,Not Returned,Medium,2951.13,VIP
489027,Wall Clock,18,2021-10-26 05:00,58.27,0.12,7.24,Electronics,Online,Not Returned,Low,1048.86,VIP
544648,Blue Pen,36,2021-10-26 15:00,89.83,0.44,21.36,Electronics,Online,Not Returned,High,3233.88,VIP
359820,T-shirt,45,2021-10-27 01:00,61.06,0.2,11.71,Electronics,In-store,Not Returned,Medium,2747.7000000000003,VIP
816704,Desk Lamp,47,2021-10-27 05:00,63.61,0.12,12.63,Electronics,Online,Returned,High,2989.67,VIP
727128,T-shirt,38,2021-10-27 08:00,39.57,0.41,18.73,Electronics,Online,Returned,Medium,1503.66,VIP
438906,Backpack,19,2021-10-27 21:00,77.8,0.3,18.19,Electronics,In-store,Not Returned,Low,1478.2,VIP
626657,Desk Lamp,41,2021-10-28 02:00,96.9,0.32,14.76,Electronics,In-store,Not Returned,Medium,3972.9,VIP
208806,Headphones,41,2021-10-28 06:00,50.42,0.38,8.04,Electronics,In-store,Not Returned,Low,2067.2200000000003,VIP
638207,T-shirt,42,2021-10-28 11:00,72.85,0.15,9.82,Electronics,Online,Not Returned,High,3059.7,VIP
417952,Desk Lamp,37,2021-10-28 13:00,49.81,0.24,7.32,Electronics,In-store,Not Returned,High,1842.97,VIP
515162,Notebook,45,2021-10-29 00:00,53.8,0.45,21.56,Electronics,Online,Not Returned,High,2421.0,VIP
449060,White Mug,36,2021-10-30 10:00,43.77,0.28,22.33,Electronics,Online,Not Returned,Medium,1575.72,VIP
566783,T-shirt,37,2021-10-30 12:00,39.64,0.19,25.22,Electronics,In-store,Returned,Medium,1466.68,VIP
237837,Headphones,14,2021-10-30 18:00,88.08,0.33,23.73,Electronics,Online,Not Returned,High,1233.12,VIP
544842,White Mug,38,2021-10-30 19:00,44.44,0.07,7.88,Electronics,Online,Not Returned,Medium,1688.7199999999998,VIP
515874,Backpack,26,2021-10-31 03:00,39.95,0.04,29.5,Electronics,In-store,Not Returned,Low,1038.7,VIP
460591,Blue Pen,43,2021-10-31 12:00,79.93,0.44,15.49,Electronics,Online,Not Returned,Medium,3436.99,VIP
690439,Headphones,41,2021-10-31 17:00,85.2,0.3,28.13,Electronics,Online,Not Returned,Low,3493.2000000000003,VIP
258651,Notebook,46,2021-11-01 01:00,25.37,0.31,18.88,Electronics,In-store,Not Returned,High,1167.02,VIP
523756,T-shirt,35,2021-11-02 09:00,35.09,0.18,9.38,Electronics,In-store,Not Returned,Low,1228.15,VIP
754539,Desk Lamp,18,2021-11-02 10:00,82.01,0.18,24.09,Electronics,Online,Not Returned,Medium,1476.18,VIP
627282,USB Cable,43,2021-11-02 16:00,55.81,0.21,9.79,Electronics,In-store,Not Returned,High,2399.83,VIP
121996,T-shirt,48,2021-11-03 13:00,61.38,0.32,28.14,Electronics,In-store,Not Returned,High,2946.24,VIP
409091,Notebook,46,2021-11-04 22:00,34.86,0.5,24.07,Electronics,In-store,Not Returned,Low,1603.56,VIP
521172,Wireless Mouse,36,2021-11-04 23:00,74.91,0.29,18.28,Electronics,Online,Not Returned,High,2696.76,VIP
224444,Desk Lamp,15,2021-11-05 10:00,86.07,0.13,29.51,Electronics,Online,Not Returned,Medium,1291.05,VIP
936189,Blue Pen,41,2021-11-05 17:00,89.0,0.4,23.58,Electronics,Online,Not Returned,Low,3649.0,VIP
639105,Blue Pen,23,2021-11-06 01:00,50.89,0.01,26.79,Electronics,Online,Not Returned,Low,1170.47,VIP
331329,Wall Clock,46,2021-11-06 14:00,41.71,0.2,14.16,Electronics,Online,Not Returned,Low,1918.66,VIP
659471,Office Chair,45,2021-11-06 22:00,54.5,0.42,12.97,Electronics,In-store,Not Returned,Low,2452.5,VIP
427507,Notebook,46,2021-11-07 12:00,89.09,0.02,25.18,Electronics,Online,Not Returned,Low,4098.14,VIP
946200,Blue Pen,23,2021-11-07 21:00,70.83,0.29,15.28,Electronics,In-store,Not Returned,Medium,1629.09,VIP
365808,White Mug,18,2021-11-08 12:00,92.44,0.03,13.6,Electronics,Online,Not Returned,Medium,1663.92,VIP
169072,T-shirt,49,2021-11-10 12:00,34.62,0.45,12.6,Electronics,Online,Not Returned,High,1696.38,VIP
167309,Desk Lamp,30,2021-11-10 13:00,75.16,0.22,6.45,Electronics,Online,Not Returned,Low,2254.8,VIP
791652,Office Chair,42,2021-11-11 02:00,79.24,0.13,15.79,Electronics,In-store,Not Returned,Low,3328.08,VIP
369284,Backpack,26,2021-11-11 12:00,86.26,0.32,28.8,Electronics,Online,Not Returned,Low,2242.76,VIP
641285,USB Cable,36,2021-11-12 04:00,83.17,0.41,8.74,Electronics,In-store,Not Returned,Low,2994.12,VIP
944297,Backpack,43,2021-11-12 17:00,94.7,0.28,17.62,Electronics,Online,Not Returned,Medium,4072.1,VIP
564175,Wall Clock,27,2021-11-12 18:00,42.33,0.48,27.3,Electronics,In-store,Not Returned,Medium,1142.91,VIP
412809,Office Chair,34,2021-11-12 23:00,82.75,0.19,19.65,Electronics,In-store,Not Returned,High,2813.5,VIP
373661,Wireless Mouse,43,2021-11-13 19:00,47.17,0.3,18.18,Electronics,In-store,Not Returned,Medium,2028.31,VIP
619382,Desk Lamp,34,2021-11-14 20:00,61.2,0.27,28.82,Electronics,In-store,Returned,Medium,2080.8,VIP
551090,USB Cable,28,2021-11-15 00:00,60.91,0.06,11.59,Electronics,Online,Returned,High,1705.48,VIP
531965,USB Cable,42,2021-11-16 01:00,60.36,0.45,28.97,Electronics,In-store,Not Returned,Low,2535.12,VIP
144989,Wireless Mouse,34,2021-11-16 02:00,81.61,0.05,5.07,Electronics,Online,Not Returned,Low,2774.74,VIP
494836,Desk Lamp,16,2021-11-17 06:00,76.37,0.24,21.03,Electronics,In-store,Not Returned,Medium,1221.92,VIP
416405,Backpack,33,2021-11-17 16:00,90.92,0.17,10.54,Electronics,Online,Not Returned,Low,3000.36,VIP
879331,Wireless Mouse,29,2021-11-17 17:00,63.07,0.48,23.34,Electronics,In-store,Not Returned,High,1829.03,VIP
758197,Desk Lamp,44,2021-11-17 18:00,28.92,0.31,18.77,Electronics,Online,Not Returned,High,1272.48,VIP
972521,Office Chair,24,2021-11-17 21:00,59.23,0.32,14.68,Electronics,In-store,Not Returned,High,1421.52,VIP
522757,Office Chair,48,2021-11-18 03:00,65.9,0.12,13.48,Electronics,Online,Not Returned,High,3163.2000000000003,VIP
144420,Wireless Mouse,43,2021-11-18 22:00,85.28,0.23,21.61,Electronics,Online,Not Returned,Medium,3667.04,VIP
702960,Blue Pen,42,2021-11-19 17:00,70.21,0.11,18.84,Electronics,In-store,Not Returned,Low,2948.82,VIP
735404,Headphones,45,2021-11-20 06:00,32.47,0.36,28.87,Electronics,In-store,Not Returned,High,1461.15,VIP
548484,Wireless Mouse,26,2021-11-20 07:00,76.66,0.16,26.71,Electronics,In-store,Not Returned,Low,1993.16,VIP
900322,Notebook,47,2021-11-21 00:00,68.5,0.34,11.62,Electronics,Online,Not Returned,High,3219.5,VIP
826903,Desk Lamp,33,2021-11-21 20:00,90.27,0.24,11.34,Electronics,In-store,Not Returned,High,2978.91,VIP
665198,Wall Clock,43,2021-11-22 06:00,59.14,0.05,29.97,Electronics,Online,Not Returned,High,2543.02,VIP
197204,Blue Pen,49,2021-11-22 12:00,90.21,0.17,25.07,Electronics,Online,Not Returned,Low,4420.29,VIP
617953,Headphones,41,2021-11-22 15:00,55.03,0.49,15.17,Electronics,Online,Not Returned,Low,2256.23,VIP
885428,Desk Lamp,44,2021-11-22 17:00,39.72,0.19,18.04,Electronics,Online,Not Returned,Medium,1747.6799999999998,VIP
998120,Desk Lamp,45,2021-11-22 18:00,98.96,0.12,14.78,Electronics,Online,Returned,Low,4453.2,VIP
618985,White Mug,15,2021-11-22 19:00,74.1,0.24,15.13,Electronics,In-store,Not Returned,Low,1111.5,VIP
248515,Notebook,23,2021-11-22 20:00,73.52,0.11,21.81,Electronics,In-store,Not Returned,High,1690.9599999999998,VIP
863707,Headphones,11,2021-11-23 08:00,94.17,0.09,11.14,Electronics,Online,Not Returned,Medium,1035.87,VIP
923749,Desk Lamp,-41,2021-11-23 12:00,-63.72,1.735645853370934,,Electronics,Online,Not Returned,Medium,2612.52,VIP
104889,USB Cable,42,2021-11-23 17:00,71.67,0.34,24.64,Electronics,In-store,Not Returned,Low,3010.14,VIP
834611,Backpack,39,2021-11-24 04:00,63.49,0.28,12.6,Electronics,In-store,Returned,Medium,2476.11,VIP
667191,Wireless Mouse,42,2021-11-25 00:00,82.89,0.02,24.22,Electronics,In-store,Not Returned,Low,3481.38,VIP
207042,Notebook,35,2021-11-25 02:00,80.03,0.2,27.36,Electronics,In-store,Returned,Medium,2801.05,VIP
125322,T-shirt,27,2021-11-25 15:00,71.01,0.34,13.36,Electronics,In-store,Not Returned,Low,1917.27,VIP
194835,Notebook,49,2021-11-25 18:00,65.83,0.0,12.76,Electronics,Online,Not Returned,Medium,3225.67,VIP
410509,Backpack,36,2021-11-26 03:00,48.83,0.25,7.64,Electronics,In-store,Not Returned,High,1757.88,VIP
681575,Wireless Mouse,20,2021-11-27 06:00,80.37,0.5,17.27,Electronics,In-store,Not Returned,Medium,1607.4,VIP
311811,Headphones,31,2021-11-27 17:00,84.0,0.05,26.05,Electronics,Online,Not Returned,Low,2604.0,VIP
955742,Desk Lamp,34,2021-11-28 19:00,73.64,0.45,8.27,Electronics,In-store,Not Returned,Low,2503.76,VIP
759789,Office Chair,20,2021-11-28 21:00,66.47,0.5,9.08,Electronics,In-store,Not Returned,Low,1329.4,VIP
252185,Headphones,22,2021-11-29 08:00,86.49,0.07,13.43,Electronics,Online,Returned,High,1902.78,VIP
357716,T-shirt,46,2021-11-30 09:00,77.06,0.35,15.91,Electronics,Online,Not Returned,Low,3544.76,VIP
584859,T-shirt,31,2021-12-01 03:00,70.71,0.02,28.57,Electronics,Online,Not Returned,Low,2192.01,VIP
713484,Notebook,22,2021-12-01 10:00,55.22,0.29,19.45,Electronics,Online,Not Returned,Low,1214.84,VIP
626683,T-shirt,14,2021-12-01 11:00,89.01,0.38,22.49,Electronics,In-store,Not Returned,Medium,1246.14,VIP
866751,Notebook,46,2021-12-01 18:00,39.06,0.29,17.03,Electronics,In-store,Not Returned,High,1796.7600000000002,VIP
827688,Blue Pen,34,2021-12-01 21:00,75.51,0.33,10.96,Electronics,Online,Not Returned,Low,2567.34,VIP
230509,Notebook,49,2021-12-02 20:00,47.54,0.24,7.45,Electronics,Online,Not Returned,Low,2329.46,VIP
627561,Wireless Mouse,23,2021-12-02 23:00,70.15,0.04,18.4,Electronics,Online,Not Returned,Low,1613.45,VIP
232152,Blue Pen,17,2021-12-03 07:00,80.3,0.35,9.89,Electronics,In-store,Not Returned,High,1365.1,VIP
710911,Headphones,21,2021-12-04 02:00,95.81,0.07,9.76,Electronics,In-store,Returned,Medium,2012.01,VIP
651872,USB Cable,38,2021-12-04 19:00,30.91,0.45,26.58,Electronics,In-store,Returned,Low,1174.58,VIP
669071,Wall Clock,47,2021-12-04 20:00,61.13,0.15,20.31,Electronics,Online,Not Returned,Medium,2873.11,VIP
346509,Wall Clock,46,2021-12-05 06:00,38.59,0.37,8.28,Electronics,In-store,Not Returned,Medium,1775.14,VIP
583663,Desk Lamp,31,2021-12-05 14:00,62.21,0.07,16.99,Electronics,Online,Not Returned,High,1928.51,VIP
932184,Backpack,29,2021-12-06 07:00,75.92,0.39,24.03,Electronics,In-store,Not Returned,Low,2201.68,VIP
851588,Wireless Mouse,29,2021-12-06 22:00,58.73,0.31,17.8,Electronics,In-store,Not Returned,High,1703.1699999999998,VIP
712840,Backpack,17,2021-12-07 08:00,95.27,0.17,20.32,Electronics,In-store,Not Returned,Low,1619.59,VIP
795003,Wireless Mouse,47,2021-12-08 02:00,35.87,0.36,18.03,Electronics,Online,Not Returned,Low,1685.89,VIP
851545,Office Chair,37,2021-12-08 03:00,48.6,0.28,14.47,Electronics,Online,Not Returned,Medium,1798.2,VIP
245109,Backpack,16,2021-12-08 12:00,63.47,0.05,9.99,Electronics,Online,Not Returned,Medium,1015.52,VIP
321775,Backpack,28,2021-12-08 16:00,92.24,0.28,7.58,Electronics,Online,Not Returned,Low,2582.72,VIP
926671,Backpack,28,2021-12-11 02:00,57.71,0.25,25.58,Electronics,Online,Not Returned,Low,1615.88,VIP
431004,Desk Lamp,15,2021-12-11 08:00,71.67,0.44,6.19,Electronics,Online,Not Returned,Low,1075.05,VIP
357443,Blue Pen,39,2021-12-11 19:00,62.37,0.43,13.98,Electronics,In-store,Returned,High,2432.43,VIP
758559,Backpack,35,2021-12-11 23:00,32.34,0.2,17.04,Electronics,In-store,Returned,Low,1131.9,VIP
744566,Wall Clock,41,2021-12-12 04:00,91.28,0.01,20.27,Electronics,Online,Not Returned,Medium,3742.48,VIP
671312,Wall Clock,34,2021-12-14 02:00,93.16,0.39,25.61,Electronics,In-store,Not Returned,Medium,3167.44,VIP
372201,Headphones,31,2021-12-14 05:00,50.56,0.01,13.98,Electronics,Online,Not Returned,Low,1567.36,VIP
848609,Headphones,16,2021-12-14 06:00,96.8,0.49,6.41,Electronics,Online,Not Returned,Medium,1548.8,VIP
963945,White Mug,44,2021-12-14 20:00,40.74,0.19,18.17,Electronics,In-store,Not Returned,High,1792.5600000000002,VIP
674694,Headphones,38,2021-12-15 01:00,70.68,0.18,16.48,Electronics,Online,Not Returned,Low,2685.84,VIP
693572,T-shirt,48,2021-12-15 03:00,69.77,0.05,22.7,Electronics,Online,Not Returned,High,3348.96,VIP
860006,T-shirt,27,2021-12-15 04:00,44.82,0.03,29.81,Electronics,In-store,Not Returned,Low,1210.14,VIP
840126,Headphones,43,2021-12-15 09:00,50.96,0.28,11.06,Electronics,In-store,Returned,Low,2191.28,VIP
768582,Wall Clock,38,2021-12-15 16:00,75.37,0.08,25.76,Electronics,In-store,Not Returned,Low,2864.0600000000004,VIP
268082,Backpack,29,2021-12-15 18:00,70.45,0.5,14.44,Electronics,In-store,Not Returned,Low,2043.05,VIP
494655,Headphones,44,2021-12-15 22:00,73.11,0.43,14.1,Electronics,Online,Not Returned,Medium,3216.84,VIP
543333,Headphones,24,2021-12-16 11:00,57.53,0.02,6.08,Electronics,In-store,Not Returned,High,1380.72,VIP
622485,Notebook,21,2021-12-18 05:00,49.0,0.15,13.18,Electronics,Online,Not Returned,High,1029.0,VIP
550953,Office Chair,38,2021-12-18 10:00,61.8,0.06,25.3,Electronics,In-store,Not Returned,High,2348.4,VIP
916015,Blue Pen,13,2021-12-18 20:00,82.59,0.25,27.03,Electronics,In-store,Not Returned,Medium,1073.67,VIP
616456,Notebook,41,2021-12-18 21:00,90.25,0.02,7.47,Electronics,Online,Not Returned,Low,3700.25,VIP
731615,Desk Lamp,-17,2021-12-19 05:00,-67.1,1.883746667990141,,Electronics,Online,Returned,Low,1140.6999999999998,VIP
223225,Desk Lamp,28,2021-12-20 01:00,51.01,0.05,25.13,Electronics,Online,Not Returned,Low,1428.28,VIP
593406,Wall Clock,31,2021-12-20 02:00,65.35,0.4,11.32,Electronics,Online,Not Returned,High,2025.85,VIP
762746,Wireless Mouse,43,2021-12-21 13:00,42.17,0.07,23.49,Electronics,Online,Not Returned,Medium,1813.31,VIP
191788,White Mug,21,2021-12-21 16:00,75.1,0.29,10.02,Electronics,In-store,Not Returned,Low,1577.1,VIP
166330,Blue Pen,42,2021-12-22 12:00,32.51,0.04,10.03,Electronics,In-store,Not Returned,Medium,1365.4199999999998,VIP
958754,White Mug,-27,2021-12-22 14:00,-65.61,1.0512107447069663,,Electronics,In-store,Not Returned,Low,1771.47,VIP
334729,Wall Clock,37,2021-12-22 17:00,36.89,0.15,11.55,Electronics,In-store,Returned,High,1364.93,VIP
389176,Wireless Mouse,48,2021-12-22 19:00,67.5,0.05,22.16,Electronics,Online,Not Returned,Medium,3240.0,VIP
104369,White Mug,40,2021-12-23 06:00,53.71,0.17,19.33,Electronics,In-store,Returned,Medium,2148.4,VIP
271955,Headphones,26,2021-12-23 12:00,48.41,0.16,21.07,Electronics,In-store,Not Returned,Low,1258.66,VIP
150272,Notebook,28,2021-12-23 19:00,80.28,0.13,10.28,Electronics,In-store,Not Returned,Low,2247.84,VIP
840176,Desk Lamp,15,2021-12-24 01:00,77.55,0.01,27.25,Electronics,In-store,Not Returned,High,1163.25,VIP
887560,Notebook,13,2021-12-24 15:00,87.43,0.26,21.74,Electronics,Online,Not Returned,Medium,1136.59,VIP
288869,USB Cable,46,2021-12-25 10:00,98.01,0.05,17.38,Electronics,Online,Returned,Medium,4508.46,VIP
771162,Backpack,45,2021-12-25 11:00,94.27,0.1,10.38,Electronics,In-store,Not Returned,Low,4242.15,VIP
593844,Headphones,19,2021-12-25 12:00,65.99,0.03,24.05,Electronics,Online,Not Returned,Medium,1253.81,VIP
774255,Blue Pen,27,2021-12-25 18:00,68.07,0.27,24.52,Electronics,Online,Not Returned,High,1837.89,VIP
724099,Notebook,13,2021-12-26 14:00,86.53,0.27,6.34,Electronics,In-store,Not Returned,Medium,1124.89,VIP
812787,Office Chair,31,2021-12-26 18:00,85.69,0.12,18.47,Electronics,In-store,Not Returned,Low,2656.39,VIP
355494,Office Chair,45,2021-12-26 23:00,91.65,0.01,23.28,Electronics,In-store,Not Returned,Medium,4124.25,VIP
376383,Wireless Mouse,30,2021-12-27 10:00,68.24,0.07,11.17,Electronics,Online,Returned,Medium,2047.2,VIP
710355,USB Cable,24,2021-12-27 21:00,44.32,0.31,22.87,Electronics,Online,Not Returned,Medium,1063.68,VIP
897399,Backpack,35,2021-12-27 22:00,74.99,0.16,17.95,Electronics,Online,Not Returned,Medium,2624.65,VIP
584091,Blue Pen,29,2021-12-28 03:00,94.39,0.27,26.77,Electronics,Online,Not Returned,Low,2737.31,VIP
175976,Desk Lamp,48,2021-12-28 08:00,83.64,0.2,16.55,Electronics,In-store,Not Returned,High,4014.72,VIP
373010,Office Chair,35,2021-12-31 07:00,37.85,0.04,6.53,Electronics,In-store,Not Returned,Medium,1324.75,VIP
114407,Wireless Mouse,26,2022-01-01 07:00,93.1,0.03,29.81,Electronics,Online,Returned,High,2420.6,VIP
213926,Backpack,29,2022-01-01 08:00,36.0,0.2,24.76,Electronics,Online,Not Returned,Low,1044.0,VIP
417006,Office Chair,37,2022-01-01 22:00,94.8,0.07,28.33,Electronics,In-store,Not Returned,Medium,3507.6,VIP
128004,White Mug,40,2022-01-01 23:00,53.81,0.23,19.14,Electronics,Online,Not Returned,High,2152.4,VIP
624252,Headphones,35,2022-01-02 01:00,64.16,0.14,5.01,Electronics,In-store,Not Returned,Medium,2245.6,VIP
577044,T-shirt,40,2022-01-02 05:00,87.97,0.03,29.24,Electronics,Online,Not Returned,Low,3518.8,VIP
681612,Headphones,36,2022-01-02 11:00,50.75,0.42,28.77,Electronics,In-store,Not Returned,High,1827.0,VIP
988640,White Mug,49,2022-01-02 12:00,42.92,0.36,10.52,Electronics,In-store,Not Returned,High,2103.08,VIP
563002,Blue Pen,26,2022-01-03 21:00,53.01,0.13,16.04,Electronics,Online,Not Returned,Medium,1378.26,VIP
641567,Backpack,32,2022-01-04 00:00,97.36,0.3,11.49,Electronics,Online,Not Returned,Medium,3115.52,VIP
269259,T-shirt,36,2022-01-04 06:00,73.19,0.36,13.67,Electronics,Online,Not Returned,Low,2634.84,VIP
387312,White Mug,36,2022-01-04 18:00,33.21,0.39,20.71,Electronics,Online,Not Returned,High,1195.56,VIP
461799,White Mug,33,2022-01-06 13:00,72.99,0.31,26.15,Electronics,Online,Not Returned,Low,2408.67,VIP
519230,Notebook,38,2022-01-06 22:00,59.02,0.16,15.43,Electronics,In-store,Not Returned,Low,2242.76,VIP
142597,Wireless Mouse,46,2022-01-07 12:00,59.09,0.05,26.47,Electronics,Online,Not Returned,Medium,2718.1400000000003,VIP
503169,White Mug,40,2022-01-08 21:00,96.23,0.01,21.13,Electronics,In-store,Not Returned,High,3849.2,VIP
752664,Headphones,39,2022-01-09 19:00,98.56,0.22,7.44,Electronics,Online,Not Returned,High,3843.84,VIP
284972,Office Chair,46,2022-01-10 03:00,91.2,0.12,7.11,Electronics,In-store,Not Returned,Low,4195.2,VIP
984729,Wall Clock,26,2022-01-10 21:00,88.48,0.19,18.46,Electronics,In-store,Not Returned,High,2300.48,VIP
882351,Headphones,22,2022-01-11 01:00,94.74,0.38,6.86,Electronics,In-store,Not Returned,High,2084.28,VIP
336887,Notebook,39,2022-01-11 02:00,74.41,0.48,18.78,Electronics,Online,Not Returned,High,2901.99,VIP
313057,T-shirt,18,2022-01-11 06:00,62.81,0.24,21.62,Electronics,In-store,Not Returned,High,1130.58,VIP
100005,Notebook,45,2022-01-12 19:00,89.78,0.16,26.38,Electronics,Online,Not Returned,Low,4040.1,VIP
580875,Backpack,48,2022-01-12 23:00,85.18,0.42,22.85,Electronics,Online,Not Returned,Low,4088.64,VIP
495822,Headphones,27,2022-01-13 02:00,59.76,0.34,14.44,Electronics,Online,Not Returned,Medium,1613.52,VIP
302945,Office Chair,40,2022-01-13 05:00,27.86,0.28,10.07,Electronics,Online,Not Returned,Low,1114.4,VIP
516981,Blue Pen,32,2022-01-13 17:00,38.41,0.23,13.65,Electronics,In-store,Not Returned,Medium,1229.12,VIP
829055,Notebook,20,2022-01-14 04:00,95.28,0.01,9.64,Electronics,Online,Not Returned,Medium,1905.6,VIP
877203,T-shirt,24,2022-01-14 14:00,59.99,0.05,25.91,Electronics,Online,Not Returned,Low,1439.76,VIP
480129,Headphones,39,2022-01-14 15:00,78.56,0.33,13.32,Electronics,Online,Not Returned,High,3063.84,VIP
146629,Notebook,40,2022-01-15 02:00,68.55,0.42,18.99,Electronics,Online,Not Returned,Medium,2742.0,VIP
570970,Blue Pen,47,2022-01-15 06:00,22.34,0.08,18.47,Electronics,Online,Not Returned,Low,1049.98,VIP
890243,White Mug,26,2022-01-15 23:00,40.42,0.35,27.99,Electronics,Online,Not Returned,Low,1050.92,VIP
435206,USB Cable,-41,2022-01-16 08:00,-72.78,1.7653863030814594,,Electronics,In-store,Not Returned,Low,2983.98,VIP
670569,White Mug,28,2022-01-16 11:00,74.67,0.27,20.29,Electronics,Online,Not Returned,Medium,2090.76,VIP
931284,T-shirt,27,2022-01-16 12:00,85.03,0.35,18.17,Electronics,Online,Not Returned,Medium,2295.81,VIP
604869,USB Cable,40,2022-01-16 15:00,56.26,0.43,20.79,Electronics,In-store,Not Returned,High,2250.4,VIP
682570,Backpack,18,2022-01-17 13:00,75.96,0.09,11.1,Electronics,Online,Not Returned,Low,1367.28,VIP
498115,Blue Pen,23,2022-01-17 14:00,61.88,0.24,29.66,Electronics,In-store,Not Returned,Medium,1423.24,VIP
461995,Wireless Mouse,29,2022-01-18 11:00,68.66,0.06,7.05,Electronics,In-store,Returned,Medium,1991.14,VIP
850561,Desk Lamp,38,2022-01-18 19:00,42.98,0.48,22.95,Electronics,In-store,Not Returned,High,1633.2399999999998,VIP
441324,USB Cable,44,2022-01-18 20:00,97.17,0.47,17.85,Electronics,In-store,Not Returned,High,4275.4800000000005,VIP
103052,Blue Pen,30,2022-01-18 23:00,83.37,0.47,11.54,Electronics,In-store,Not Returned,Low,2501.1000000000004,VIP
403294,Wireless Mouse,31,2022-01-19 01:00,52.09,0.41,20.86,Electronics,In-store,Not Returned,Low,1614.7900000000002,VIP
469170,Notebook,27,2022-01-19 15:00,82.71,0.46,17.25,Electronics,In-store,Not Returned,High,2233.17,VIP
436433,Headphones,43,2022-01-19 18:00,24.27,0.28,23.37,Electronics,In-store,Not Returned,High,1043.61,VIP
218968,Wireless Mouse,42,2022-01-19 21:00,66.78,0.08,15.91,Electronics,In-store,Not Returned,Medium,2804.76,VIP
732822,Wireless Mouse,25,2022-01-20 14:00,78.16,0.37,9.32,Electronics,In-store,Returned,Low,1954.0,VIP
386788,Office Chair,38,2022-01-20 16:00,81.06,0.34,11.16,Electronics,Online,Not Returned,High,3080.28,VIP
326577,Blue Pen,14,2022-01-21 02:00,73.78,0.5,8.35,Electronics,Online,Not Returned,Medium,1032.92,VIP
382902,Wall Clock,48,2022-01-21 18:00,28.89,0.03,20.89,Electronics,In-store,Not Returned,Medium,1386.72,VIP
146901,Backpack,39,2022-01-21 23:00,76.08,0.34,5.45,Electronics,Online,Returned,Low,2967.12,VIP
777748,Notebook,32,2022-01-22 10:00,97.39,0.49,7.24,Electronics,Online,Not Returned,High,3116.48,VIP
517876,Wireless Mouse,38,2022-01-23 12:00,27.6,0.22,8.94,Electronics,Online,Not Returned,Medium,1048.8,VIP
881627,Office Chair,16,2022-01-24 16:00,88.75,0.12,15.79,Electronics,In-store,Not Returned,Medium,1420.0,VIP
556331,Wireless Mouse,23,2022-01-24 18:00,50.17,0.43,17.08,Electronics,In-store,Not Returned,Medium,1153.91,VIP
909427,Headphones,26,2022-01-24 23:00,80.06,0.14,20.61,Electronics,In-store,Not Returned,Low,2081.56,VIP
285715,Wireless Mouse,38,2022-01-25 15:00,48.15,0.19,23.05,Electronics,Online,Not Returned,High,1829.7,VIP
676730,Wall Clock,34,2022-01-25 18:00,79.0,0.49,9.42,Electronics,In-store,Not Returned,Medium,2686.0,VIP
117184,Wall Clock,26,2022-01-26 02:00,65.6,0.19,20.5,Electronics,Online,Returned,Low,1705.6,VIP
782457,Desk Lamp,48,2022-01-26 22:00,74.02,0.38,13.65,Electronics,In-store,Not Returned,Medium,3552.96,VIP
512167,Backpack,12,2022-01-27 17:00,87.77,0.46,19.09,Electronics,In-store,Not Returned,Medium,1053.24,VIP
897051,USB Cable,25,2022-01-28 04:00,95.13,0.17,21.28,Electronics,In-store,Not Returned,Medium,2378.25,VIP
774053,Desk Lamp,25,2022-01-28 08:00,41.61,0.33,29.91,Electronics,In-store,Not Returned,Low,1040.25,VIP
570917,T-shirt,26,2022-01-28 15:00,69.45,0.46,26.36,Electronics,In-store,Not Returned,Low,1805.7,VIP
125301,Wall Clock,-21,2022-01-28 17:00,-61.76,1.0793574897593623,,Electronics,Online,Not Returned,High,1296.96,VIP
107425,Headphones,39,2022-01-28 21:00,54.55,0.4,23.82,Electronics,Online,Not Returned,Medium,2127.45,VIP
500717,Office Chair,45,2022-01-29 13:00,38.76,0.37,17.2,Electronics,In-store,Not Returned,Medium,1744.1999999999998,VIP
838650,White Mug,-41,2022-01-29 22:00,-52.64,1.196632135754998,,Electronics,Online,Not Returned,High,2158.24,VIP
224451,White Mug,32,2022-01-30 06:00,80.28,0.15,9.45,Electronics,In-store,Not Returned,Low,2568.96,VIP
167804,Headphones,42,2022-01-31 22:00,65.55,0.34,14.17,Electronics,Online,Not Returned,Low,2753.1,VIP
892401,Headphones,28,2022-02-01 05:00,58.85,0.16,23.61,Electronics,In-store,Returned,Medium,1647.8,VIP
791310,Backpack,37,2022-02-01 21:00,65.56,0.28,25.41,Electronics,Online,Not Returned,Low,2425.7200000000003,VIP
348577,Backpack,32,2022-02-02 09:00,33.98,0.08,11.45,Electronics,In-store,Not Returned,High,1087.36,VIP
583419,USB Cable,35,2022-02-03 08:00,84.89,0.38,20.62,Electronics,Online,Not Returned,High,2971.15,VIP
982622,USB Cable,-31,2022-02-03 10:00,-74.05,0.17,,Electronics,In-store,Not Returned,Medium,2295.55,VIP
258566,Notebook,19,2022-02-03 19:00,63.28,0.04,7.72,Electronics,In-store,Not Returned,Low,1202.32,VIP
794896,White Mug,28,2022-02-04 02:00,41.23,0.3,15.71,Electronics,Online,Not Returned,Medium,1154.4399999999998,VIP
226298,Wireless Mouse,26,2022-02-04 11:00,77.82,0.47,10.64,Electronics,Online,Not Returned,Medium,2023.32,VIP
336591,Wireless Mouse,20,2022-02-05 08:00,55.66,0.03,22.44,Electronics,Online,Not Returned,Medium,1113.1999999999998,VIP
428624,Notebook,37,2022-02-05 13:00,72.99,0.08,27.21,Electronics,In-store,Returned,Medium,2700.63,VIP
251744,Office Chair,19,2022-02-06 21:00,68.34,0.02,9.75,Electronics,In-store,Not Returned,Medium,1298.46,VIP
786860,Wall Clock,28,2022-02-07 11:00,81.01,0.45,27.11,Electronics,In-store,Not Returned,Medium,2268.28,VIP
178743,Blue Pen,19,2022-02-07 13:00,54.3,0.07,17.62,Electronics,In-store,Not Returned,Low,1031.7,VIP
679088,Desk Lamp,38,2022-02-07 17:00,94.5,0.13,25.11,Electronics,In-store,Not Returned,High,3591.0,VIP
218632,Wireless Mouse,49,2022-02-09 04:00,98.38,0.19,5.47,Electronics,In-store,Not Returned,Low,4820.62,VIP
374348,Desk Lamp,18,2022-02-09 07:00,68.26,0.33,20.91,Electronics,Online,Not Returned,Low,1228.68,VIP
111952,Wireless Mouse,30,2022-02-09 08:00,38.86,0.19,12.1,Electronics,In-store,Not Returned,Low,1165.8,VIP
264944,USB Cable,43,2022-02-09 12:00,29.79,0.21,24.69,Electronics,In-store,Returned,Medium,1280.97,VIP
821444,T-shirt,45,2022-02-09 14:00,53.3,0.19,13.15,Electronics,In-store,Not Returned,High,2398.5,VIP
635755,Headphones,21,2022-02-10 02:00,92.18,0.17,15.64,Electronics,In-store,Not Returned,High,1935.78,VIP
420098,Desk Lamp,22,2022-02-10 03:00,94.68,0.3,26.62,Electronics,In-store,Not Returned,Low,2082.96,VIP
982751,Wall Clock,27,2022-02-10 15:00,65.5,0.36,20.22,Electronics,In-store,Not Returned,High,1768.5,VIP
396508,White Mug,29,2022-02-11 08:00,83.3,0.35,14.8,Electronics,Online,Not Returned,Low,2415.7,VIP
941610,Wireless Mouse,41,2022-02-12 13:00,33.15,0.03,13.73,Electronics,Online,Not Returned,Medium,1359.15,VIP
973055,Backpack,45,2022-02-12 22:00,43.63,0.15,21.38,Electronics,In-store,Not Returned,Low,1963.35,VIP
304739,White Mug,27,2022-02-13 10:00,46.98,0.16,12.12,Electronics,In-store,Not Returned,Low,1268.4599999999998,VIP
631992,Blue Pen,22,2022-02-13 16:00,78.49,0.47,7.51,Electronics,Online,Not Returned,Medium,1726.78,VIP
897822,Wireless Mouse,36,2022-02-14 00:00,83.5,0.39,19.87,Electronics,In-store,Not Returned,High,3006.0,VIP
725412,Backpack,39,2022-02-15 14:00,37.33,0.15,12.76,Electronics,Online,Not Returned,High,1455.87,VIP
625589,Backpack,45,2022-02-15 21:00,68.85,0.0,9.86,Electronics,Online,Not Returned,High,3098.2499999999995,VIP
419177,Headphones,48,2022-02-16 04:00,81.87,0.24,11.07,Electronics,Online,Not Returned,High,3929.76,VIP
603294,Backpack,36,2022-02-16 06:00,77.81,0.16,23.27,Electronics,Online,Not Returned,Medium,2801.16,VIP
823001,Wall Clock,31,2022-02-16 14:00,93.43,0.31,29.42,Electronics,In-store,Not Returned,Medium,2896.3300000000004,VIP
826787,Desk Lamp,45,2022-02-19 03:00,32.79,0.49,7.49,Electronics,Online,Not Returned,Medium,1475.55,VIP
471126,USB Cable,31,2022-02-19 10:00,86.95,0.25,20.48,Electronics,Online,Not Returned,Low,2695.4500000000003,VIP
785521,White Mug,47,2022-02-19 17:00,66.86,0.49,14.11,Electronics,In-store,Not Returned,Medium,3142.42,VIP
633609,Wall Clock,48,2022-02-20 17:00,92.82,0.28,21.83,Electronics,In-store,Not Returned,Medium,4455.36,VIP
421546,Backpack,-34,2022-02-22 03:00,-40.22,1.4042848930458565,,Electronics,In-store,Not Returned,High,1367.48,VIP
221649,USB Cable,49,2022-02-22 04:00,77.53,0.44,8.21,Electronics,Online,Not Returned,Medium,3798.97,VIP
566779,Blue Pen,32,2022-02-22 20:00,59.92,0.16,6.01,Electronics,Online,Not Returned,High,1917.44,VIP
115305,White Mug,44,2022-02-23 00:00,91.57,0.07,11.01,Electronics,In-store,Not Returned,Low,4029.08,VIP
189363,USB Cable,37,2022-02-23 08:00,59.17,0.32,6.59,Electronics,Online,Not Returned,Low,2189.29,VIP
420961,USB Cable,19,2022-02-23 09:00,98.34,0.03,14.13,Electronics,Online,Not Returned,High,1868.46,VIP
268265,USB Cable,42,2022-02-23 20:00,24.98,0.45,17.03,Electronics,Online,Not Returned,High,1049.16,VIP
417859,Office Chair,43,2022-02-24 04:00,65.81,0.43,16.8,Electronics,Online,Returned,Low,2829.83,VIP
252383,Desk Lamp,48,2022-02-24 17:00,73.53,0.47,5.8,Electronics,In-store,Not Returned,Medium,3529.44,VIP
448125,White Mug,47,2022-02-24 21:00,44.4,0.27,5.6,Electronics,In-store,Not Returned,Low,2086.8,VIP
974075,Office Chair,24,2022-02-26 03:00,46.99,0.5,21.27,Electronics,Online,Not Returned,High,1127.76,VIP
894814,USB Cable,31,2022-02-26 08:00,85.9,0.09,18.94,Electronics,In-store,Not Returned,High,2662.9,VIP
231458,Blue Pen,44,2022-02-26 16:00,98.35,0.17,24.6,Electronics,In-store,Not Returned,Medium,4327.4,VIP
341300,T-shirt,48,2022-02-26 23:00,57.57,0.43,27.05,Electronics,In-store,Not Returned,High,2763.36,VIP
506781,Backpack,41,2022-02-27 01:00,91.86,0.3,10.17,Electronics,Online,Not Returned,Medium,3766.26,VIP
681166,Office Chair,12,2022-02-27 08:00,86.95,0.2,27.61,Electronics,Online,Not Returned,Medium,1043.4,VIP
727761,USB Cable,27,2022-02-27 10:00,75.61,0.07,10.2,Electronics,Online,Not Returned,High,2041.47,VIP
434467,Wall Clock,23,2022-02-27 12:00,77.94,0.49,14.97,Electronics,In-store,Not Returned,Low,1792.62,VIP
841187,White Mug,37,2022-02-27 20:00,51.4,0.07,14.16,Electronics,In-store,Not Returned,Low,1901.8,VIP
267797,Notebook,13,2022-03-01 07:00,78.27,0.17,25.52,Electronics,In-store,Returned,Low,1017.51,VIP
842880,Wireless Mouse,42,2022-03-02 01:00,79.06,0.11,26.24,Electronics,Online,Not Returned,High,3320.52,VIP
672310,Wireless Mouse,21,2022-03-02 02:00,68.27,0.44,19.13,Electronics,In-store,Not Returned,Low,1433.6699999999998,VIP
579969,Wireless Mouse,25,2022-03-03 06:00,74.72,0.03,19.72,Electronics,Online,Not Returned,High,1868.0,VIP
321163,USB Cable,21,2022-03-03 18:00,51.98,0.38,9.15,Electronics,In-store,Not Returned,Medium,1091.58,VIP
607704,Wireless Mouse,19,2022-03-05 10:00,62.53,0.3,13.77,Electronics,Online,Not Returned,Medium,1188.07,VIP
546850,Backpack,20,2022-03-05 16:00,52.27,0.14,26.54,Electronics,Online,Not Returned,High,1045.4,VIP
434123,USB Cable,19,2022-03-06 07:00,76.22,0.08,11.97,Electronics,In-store,Not Returned,Low,1448.18,VIP
595873,Blue Pen,23,2022-03-07 14:00,53.86,0.34,14.44,Electronics,In-store,Not Returned,Medium,1238.78,VIP
271871,Desk Lamp,32,2022-03-07 19:00,98.48,0.02,16.09,Electronics,In-store,Not Returned,Low,3151.36,VIP
562110,White Mug,18,2022-03-08 13:00,55.9,0.36,5.13,Electronics,In-store,Not Returned,Medium,1006.2,VIP
174180,Office Chair,38,2022-03-09 03:00,45.13,0.16,8.78,Electronics,Online,Not Returned,Medium,1714.94,VIP
471551,Headphones,19,2022-03-09 16:00,60.79,0.34,18.28,Electronics,Online,Not Returned,Medium,1155.01,VIP
142637,White Mug,43,2022-03-09 19:00,68.93,0.5,12.32,Electronics,Online,Not Returned,Low,2963.99,VIP
596464,Blue Pen,40,2022-03-09 21:00,78.61,0.07,18.89,Electronics,In-store,Not Returned,Medium,3144.4,VIP
561833,Blue Pen,29,2022-03-10 08:00,38.59,0.19,23.3,Electronics,In-store,Not Returned,Low,1119.11,VIP
206734,Blue Pen,24,2022-03-10 19:00,80.83,0.13,18.87,Electronics,In-store,Not Returned,High,1939.92,VIP
935669,T-shirt,21,2022-03-11 10:00,87.74,0.5,20.62,Electronics,In-store,Not Returned,Medium,1842.54,VIP
974799,Headphones,19,2022-03-11 18:00,81.79,0.18,13.52,Electronics,Online,Not Returned,High,1554.0100000000002,VIP
304196,White Mug,32,2022-03-11 20:00,98.15,0.1,24.34,Electronics,Online,Not Returned,High,3140.8,VIP
153533,Backpack,23,2022-03-12 11:00,91.66,0.3,16.45,Electronics,Online,Not Returned,Low,2108.18,VIP
223482,Headphones,34,2022-03-12 17:00,95.28,0.48,10.81,Electronics,In-store,Not Returned,Low,3239.52,VIP
354936,T-shirt,34,2022-03-12 19:00,87.78,0.28,25.69,Electronics,Online,Not Returned,Medium,2984.52,VIP
213076,Notebook,31,2022-03-13 05:00,80.12,0.17,7.3,Electronics,Online,Not Returned,High,2483.7200000000003,VIP
421289,Wireless Mouse,49,2022-03-14 11:00,62.81,0.43,13.34,Electronics,Online,Not Returned,High,3077.69,VIP
518005,T-shirt,46,2022-03-14 22:00,66.57,0.1,18.38,Electronics,In-store,Not Returned,Medium,3062.22,VIP
352061,Blue Pen,48,2022-03-16 06:00,35.28,0.19,14.66,Electronics,Online,Not Returned,High,1693.44,VIP
848423,Headphones,36,2022-03-16 12:00,41.59,0.19,16.24,Electronics,Online,Not Returned,Medium,1497.2400000000002,VIP
480445,Notebook,40,2022-03-17 08:00,41.96,0.43,20.73,Electronics,Online,Not Returned,High,1678.4,VIP
630553,Headphones,28,2022-03-17 11:00,71.2,0.34,17.24,Electronics,Online,Not Returned,Low,1993.6,VIP
507522,Desk Lamp,49,2022-03-17 19:00,61.17,0.11,19.52,Electronics,In-store,Not Returned,High,2997.33,VIP
930258,White Mug,33,2022-03-18 01:00,93.18,0.25,8.58,Electronics,In-store,Not Returned,High,3074.94,VIP
853511,Blue Pen,38,2022-03-19 14:00,69.13,0.12,14.46,Electronics,Online,Not Returned,Low,2626.94,VIP
221139,Wall Clock,41,2022-03-20 15:00,57.46,0.19,26.93,Electronics,Online,Returned,Low,2355.86,VIP
616328,Backpack,30,2022-03-21 03:00,58.21,0.22,25.37,Electronics,Online,Not Returned,Medium,1746.3,VIP
763610,Blue Pen,36,2022-03-21 08:00,67.13,0.25,22.26,Electronics,In-store,Not Returned,Low,2416.68,VIP
141291,Wall Clock,33,2022-03-22 07:00,51.48,0.01,19.98,Electronics,Online,Not Returned,High,1698.84,VIP
185186,Wall Clock,31,2022-03-22 16:00,68.83,0.08,9.6,Electronics,In-store,Returned,High,2133.73,VIP
928424,USB Cable,35,2022-03-22 19:00,94.71,0.15,13.27,Electronics,In-store,Not Returned,Medium,3314.85,VIP
379860,Wireless Mouse,22,2022-03-22 20:00,97.96,0.22,23.06,Electronics,Online,Not Returned,High,2155.12,VIP
477275,Backpack,49,2022-03-23 07:00,39.16,0.32,16.69,Electronics,In-store,Not Returned,High,1918.84,VIP
322682,USB Cable,31,2022-03-23 10:00,83.72,0.36,13.53,Electronics,In-store,Not Returned,Medium,2595.32,VIP
664267,Desk Lamp,47,2022-03-24 21:00,67.57,0.39,6.35,Electronics,In-store,Not Returned,High,3175.7899999999995,VIP
630704,White Mug,32,2022-03-25 01:00,86.09,0.21,8.67,Electronics,In-store,Not Returned,Low,2754.88,VIP
507609,Blue Pen,46,2022-03-25 04:00,52.06,0.21,12.17,Electronics,In-store,Not Returned,Low,2394.76,VIP
983939,USB Cable,49,2022-03-25 08:00,23.21,0.25,16.42,Electronics,In-store,Not Returned,Medium,1137.29,VIP
322785,USB Cable,14,2022-03-25 13:00,92.72,0.01,13.29,Electronics,In-store,Not Returned,High,1298.08,VIP
180636,Desk Lamp,16,2022-03-25 19:00,76.73,0.18,5.94,Electronics,Online,Not Returned,Low,1227.68,VIP
838423,Backpack,31,2022-03-26 09:00,45.0,0.36,18.18,Electronics,Online,Not Returned,Medium,1395.0,VIP
309605,USB Cable,24,2022-03-26 13:00,72.3,0.44,8.73,Electronics,In-store,Not Returned,Medium,1735.1999999999998,VIP
597337,Office Chair,47,2022-03-26 17:00,24.93,0.43,10.95,Electronics,Online,Not Returned,Medium,1171.71,VIP
979427,USB Cable,40,2022-03-27 02:00,54.12,0.49,11.19,Electronics,Online,Not Returned,High,2164.8,VIP
383303,White Mug,24,2022-03-28 00:00,88.89,0.0,27.59,Electronics,In-store,Not Returned,High,2133.36,VIP
921571,White Mug,37,2022-03-28 05:00,97.1,0.39,11.97,Electronics,Online,Not Returned,Medium,3592.7,VIP
336444,Notebook,35,2022-03-28 06:00,84.32,0.46,20.54,Electronics,In-store,Returned,High,2951.2,VIP
414771,White Mug,28,2022-03-28 22:00,40.33,0.4,16.92,Electronics,In-store,Returned,High,1129.24,VIP
238604,USB Cable,19,2022-03-29 12:00,72.24,0.39,5.0,Electronics,In-store,Not Returned,Low,1372.56,VIP
568883,Office Chair,29,2022-03-30 07:00,56.61,0.33,23.86,Electronics,Online,Not Returned,Medium,1641.69,VIP
190381,T-shirt,41,2022-03-30 09:00,44.79,0.39,27.2,Electronics,Online,Not Returned,Low,1836.39,VIP
352641,White Mug,32,2022-03-30 11:00,59.42,0.31,9.85,Electronics,In-store,Not Returned,Low,1901.44,VIP
956798,Desk Lamp,18,2022-03-30 13:00,91.38,0.37,8.86,Electronics,Online,Not Returned,Medium,1644.84,VIP
217928,Desk Lamp,29,2022-03-31 13:00,92.74,0.46,23.75,Electronics,In-store,Not Returned,Low,2689.46,VIP
464236,Office Chair,29,2022-03-31 15:00,57.96,0.24,9.94,Electronics,Online,Not Returned,Low,1680.84,VIP
850963,Headphones,44,2022-04-02 15:00,63.66,0.35,25.16,Electronics,Online,Not Returned,Low,2801.04,VIP
500385,Office Chair,15,2022-04-03 08:00,92.86,0.03,5.11,Electronics,Online,Not Returned,Low,1392.9,VIP
628118,Office Chair,41,2022-04-03 10:00,77.9,0.1,28.96,Electronics,In-store,Returned,Medium,3193.9,VIP
249138,Blue Pen,23,2022-04-06 19:00,93.81,0.03,8.85,Electronics,Online,Returned,High,2157.63,VIP
829950,Wall Clock,41,2022-04-06 22:00,52.76,0.12,13.47,Electronics,Online,Not Returned,Medium,2163.16,VIP
563609,Blue Pen,41,2022-04-07 20:00,89.38,0.46,8.78,Electronics,Online,Not Returned,Medium,3664.58,VIP
629087,Wireless Mouse,38,2022-04-09 05:00,43.15,0.41,18.25,Electronics,In-store,Not Returned,Medium,1639.7,VIP
393812,Backpack,28,2022-04-09 12:00,85.46,0.37,6.23,Electronics,Online,Not Returned,High,2392.88,VIP
303623,Desk Lamp,34,2022-04-09 15:00,36.06,0.02,17.27,Electronics,In-store,Not Returned,Medium,1226.04,VIP
958824,Wireless Mouse,32,2022-04-09 16:00,68.33,0.35,6.93,Electronics,In-store,Not Returned,High,2186.56,VIP
916386,USB Cable,28,2022-04-10 04:00,85.07,0.11,16.82,Electronics,In-store,Not Returned,High,2381.96,VIP
475581,Desk Lamp,16,2022-04-10 05:00,71.8,0.49,19.72,Electronics,Online,Not Returned,Low,1148.8,VIP
687453,Wireless Mouse,32,2022-04-10 08:00,34.37,0.45,26.18,Electronics,In-store,Not Returned,High,1099.84,VIP
677437,White Mug,48,2022-04-10 17:00,47.1,0.21,14.16,Electronics,In-store,Returned,High,2260.8,VIP
651614,Notebook,47,2022-04-10 23:00,57.5,0.07,15.6,Electronics,Online,Not Returned,Medium,2702.5,VIP
435782,Backpack,25,2022-04-11 04:00,89.28,0.03,11.81,Electronics,In-store,Not Returned,High,2232.0,VIP
609603,White Mug,36,2022-04-11 10:00,78.8,0.3,6.19,Electronics,In-store,Returned,Medium,2836.8,VIP
971887,USB Cable,11,2022-04-11 16:00,91.33,0.27,11.39,Electronics,Online,Not Returned,Low,1004.63,VIP
902251,Office Chair,46,2022-04-12 00:00,90.66,0.45,8.85,Electronics,Online,Not Returned,Medium,4170.36,VIP
896551,T-shirt,34,2022-04-12 09:00,31.32,0.27,24.58,Electronics,In-store,Not Returned,Low,1064.88,VIP
506906,Office Chair,32,2022-04-13 01:00,34.6,0.46,29.51,Electronics,Online,Not Returned,High,1107.2,VIP
912344,Headphones,25,2022-04-13 02:00,75.61,0.05,19.96,Electronics,In-store,Not Returned,Medium,1890.25,VIP
293073,Wireless Mouse,31,2022-04-13 11:00,71.4,0.05,21.74,Electronics,In-store,Not Returned,Low,2213.4,VIP
551816,Notebook,49,2022-04-13 17:00,55.89,0.13,7.9,Electronics,In-store,Not Returned,Low,2738.61,VIP
310995,Backpack,45,2022-04-14 06:00,59.5,0.07,12.52,Electronics,Online,Not Returned,High,2677.5,VIP
648482,T-shirt,32,2022-04-14 09:00,41.66,0.38,15.9,Electronics,In-store,Not Returned,Low,1333.12,VIP
802221,Headphones,28,2022-04-14 11:00,55.24,0.06,8.7,Electronics,Online,Not Returned,High,1546.72,VIP
362328,Headphones,43,2022-04-14 17:00,65.69,0.15,20.77,Electronics,Online,Not Returned,Low,2824.67,VIP
813569,Wireless Mouse,35,2022-04-15 02:00,31.52,0.08,17.68,Electronics,In-store,Not Returned,Medium,1103.2,VIP
903599,T-shirt,44,2022-04-15 21:00,89.3,0.01,14.8,Electronics,Online,Not Returned,Low,3929.2,VIP
189751,Backpack,36,2022-04-16 00:00,36.97,0.0,20.11,Electronics,Online,Not Returned,High,1330.92,VIP
507202,T-shirt,24,2022-04-16 15:00,71.97,0.43,20.61,Electronics,In-store,Not Returned,Medium,1727.28,VIP
254779,Office Chair,33,2022-04-17 11:00,64.28,0.13,12.28,Electronics,Online,Not Returned,Low,2121.24,VIP
132548,Headphones,33,2022-04-18 01:00,87.98,0.25,17.8,Electronics,In-store,Not Returned,Low,2903.34,VIP
775004,T-shirt,45,2022-04-18 04:00,66.18,0.16,18.27,Electronics,Online,Not Returned,Low,2978.1000000000004,VIP
215827,Backpack,48,2022-04-19 10:00,31.93,0.17,19.96,Electronics,In-store,Not Returned,Low,1532.64,VIP
140658,Wall Clock,38,2022-04-19 19:00,97.32,0.09,7.88,Electronics,Online,Not Returned,Medium,3698.16,VIP
800948,T-shirt,26,2022-04-20 03:00,57.5,0.21,11.6,Electronics,Online,Returned,Medium,1495.0,VIP
679779,Desk Lamp,40,2022-04-20 11:00,84.92,0.18,8.88,Electronics,Online,Not Returned,Medium,3396.8,VIP
650197,Wall Clock,33,2022-04-20 23:00,53.09,0.33,22.5,Electronics,In-store,Not Returned,Low,1751.97,VIP
319643,White Mug,46,2022-04-21 19:00,97.4,0.32,5.01,Electronics,Online,Not Returned,High,4480.400000000001,VIP
217782,Desk Lamp,42,2022-04-22 13:00,80.63,0.45,29.76,Electronics,In-store,Not Returned,High,3386.46,VIP
888797,White Mug,14,2022-04-22 14:00,88.17,0.35,18.41,Electronics,In-store,Not Returned,Low,1234.38,VIP
439899,USB Cable,45,2022-04-23 03:00,57.0,0.17,14.54,Electronics,In-store,Not Returned,Low,2565.0,VIP
825311,Blue Pen,33,2022-04-23 05:00,48.41,0.4,11.91,Electronics,Online,Not Returned,Medium,1597.53,VIP
541618,Headphones,31,2022-04-23 13:00,84.82,0.13,10.34,Electronics,Online,Not Returned,Medium,2629.42,VIP
759834,Backpack,19,2022-04-24 18:00,82.78,0.06,17.31,Electronics,Online,Not Returned,High,1572.82,VIP
914822,Wireless Mouse,42,2022-04-24 20:00,46.61,0.01,26.46,Electronics,In-store,Not Returned,Low,1957.62,VIP
520141,Notebook,27,2022-04-24 21:00,65.91,0.04,5.86,Electronics,In-store,Not Returned,High,1779.57,VIP
813537,Desk Lamp,-21,2022-04-25 03:00,-89.42,1.8831733518702405,,Electronics,In-store,Not Returned,High,1877.82,VIP
262325,Backpack,30,2022-04-26 04:00,76.81,0.45,9.06,Electronics,In-store,Returned,Medium,2304.3,VIP
686749,T-shirt,36,2022-04-26 10:00,29.86,0.24,5.32,Electronics,In-store,Not Returned,Medium,1074.96,VIP
138734,USB Cable,-50,2022-04-27 05:00,-54.94,0.22,,Electronics,In-store,Returned,High,2747.0,VIP
807717,Backpack,31,2022-04-27 14:00,79.49,0.31,6.2,Electronics,In-store,Not Returned,Low,2464.19,VIP
880504,T-shirt,49,2022-04-28 11:00,85.76,0.33,28.86,Electronics,Online,Not Returned,Medium,4202.240000000001,VIP
738288,Notebook,21,2022-04-29 15:00,98.59,0.35,16.1,Electronics,Online,Not Returned,Low,2070.39,VIP
521584,Headphones,17,2022-04-29 17:00,78.18,0.33,12.1,Electronics,Online,Not Returned,High,1329.0600000000002,VIP
777510,Office Chair,35,2022-04-30 00:00,59.23,0.4,7.91,Electronics,In-store,Not Returned,Medium,2073.05,VIP
752739,Wireless Mouse,47,2022-04-30 22:00,36.24,0.19,17.2,Electronics,In-store,Not Returned,Low,1703.2800000000002,VIP
255161,Desk Lamp,17,2022-05-01 02:00,93.43,0.38,26.35,Electronics,In-store,Not Returned,High,1588.3100000000002,VIP
676228,Blue Pen,38,2022-05-01 05:00,62.61,0.3,26.74,Electronics,Online,Not Returned,Low,2379.18,VIP
186796,Backpack,43,2022-05-01 06:00,56.22,0.47,10.11,Electronics,In-store,Not Returned,Low,2417.46,VIP
288349,White Mug,15,2022-05-02 14:00,66.98,0.18,24.12,Electronics,Online,Not Returned,Medium,1004.7,VIP
873393,Blue Pen,41,2022-05-03 03:00,77.34,0.04,7.5,Electronics,In-store,Returned,High,3170.94,VIP
678256,Headphones,-32,2022-05-03 05:00,-68.18,1.3905904945189844,,Electronics,Online,Not Returned,Medium,2181.76,VIP
611769,T-shirt,47,2022-05-03 20:00,23.05,0.03,23.2,Electronics,In-store,Not Returned,Medium,1083.35,VIP
748829,USB Cable,17,2022-05-04 04:00,96.98,0.01,23.29,Electronics,In-store,Not Returned,Medium,1648.66,VIP
894515,Blue Pen,38,2022-05-04 06:00,76.96,0.11,24.33,Electronics,Online,Not Returned,Medium,2924.48,VIP
498759,Notebook,36,2022-05-04 09:00,90.47,0.36,11.62,Electronics,Online,Not Returned,Medium,3256.92,VIP
185666,Desk Lamp,47,2022-05-04 19:00,30.37,0.29,27.53,Electronics,In-store,Returned,High,1427.39,VIP
780243,Desk Lamp,12,2022-05-05 02:00,86.88,0.22,13.51,Electronics,Online,Not Returned,High,1042.56,VIP
823130,Wireless Mouse,20,2022-05-05 13:00,57.45,0.43,20.37,Electronics,In-store,Not Returned,High,1149.0,VIP
204663,Headphones,43,2022-05-05 21:00,51.83,0.4,23.44,Electronics,Online,Not Returned,Medium,2228.69,VIP
123088,White Mug,37,2022-05-06 01:00,56.08,0.0,21.88,Electronics,In-store,Not Returned,High,2074.96,VIP
514364,Notebook,38,2022-05-06 14:00,69.95,0.2,18.47,Electronics,In-store,Not Returned,Medium,2658.1,VIP
740245,Wireless Mouse,46,2022-05-06 21:00,77.79,0.1,20.15,Electronics,In-store,Not Returned,Medium,3578.34,VIP
319589,Backpack,-21,2022-05-07 02:00,-97.82,1.1275109945161526,,Electronics,Online,Not Returned,High,2054.22,VIP
296354,Desk Lamp,40,2022-05-07 03:00,31.43,0.49,11.84,Electronics,Online,Not Returned,High,1257.2,VIP
815720,Notebook,35,2022-05-07 05:00,35.58,0.38,18.53,Electronics,Online,Not Returned,Medium,1245.3,VIP
787846,Notebook,16,2022-05-07 09:00,73.82,0.12,22.63,Electronics,Online,Not Returned,Medium,1181.12,VIP
134111,Office Chair,35,2022-05-07 22:00,34.39,0.08,28.2,Electronics,Online,Not Returned,Medium,1203.65,VIP
750728,Wall Clock,40,2022-05-08 14:00,82.32,0.33,15.2,Electronics,Online,Not Returned,Medium,3292.8,VIP
411847,T-shirt,49,2022-05-09 15:00,22.99,0.3,27.21,Electronics,Online,Not Returned,Low,1126.51,VIP
993967,USB Cable,43,2022-05-09 18:00,57.66,0.45,10.72,Electronics,In-store,Returned,Low,2479.38,VIP
813588,Wall Clock,33,2022-05-09 20:00,44.26,0.44,25.96,Electronics,Online,Not Returned,High,1460.58,VIP
621564,Office Chair,39,2022-05-09 21:00,59.47,0.08,10.1,Electronics,In-store,Not Returned,Low,2319.33,VIP
719266,USB Cable,46,2022-05-10 01:00,49.99,0.26,25.55,Electronics,In-store,Not Returned,Medium,2299.54,VIP
495771,Backpack,26,2022-05-10 03:00,91.94,0.04,10.18,Electronics,In-store,Not Returned,High,2390.44,VIP
926894,White Mug,49,2022-05-10 16:00,93.81,0.45,26.03,Electronics,Online,Not Returned,Medium,4596.6900000000005,VIP
107711,Blue Pen,46,2022-05-11 02:00,74.75,0.49,9.07,Electronics,Online,Not Returned,High,3438.5,VIP
818687,Office Chair,48,2022-05-11 05:00,67.94,0.1,18.14,Electronics,Online,Not Returned,High,3261.12,VIP
295507,T-shirt,46,2022-05-11 23:00,49.25,0.17,19.19,Electronics,In-store,Not Returned,Low,2265.5,VIP
974261,Wireless Mouse,47,2022-05-12 07:00,82.0,0.12,17.46,Electronics,In-store,Not Returned,High,3854.0,VIP
431336,USB Cable,24,2022-05-12 14:00,80.05,0.12,14.36,Electronics,Online,Not Returned,High,1921.2,VIP
228514,Desk Lamp,32,2022-05-12 21:00,56.23,0.12,27.08,Electronics,In-store,Not Returned,Low,1799.36,VIP
919409,Blue Pen,26,2022-05-12 22:00,71.29,0.15,28.93,Electronics,Online,Not Returned,Medium,1853.54,VIP
366902,Wall Clock,27,2022-05-13 12:00,62.11,0.36,22.95,Electronics,Online,Not Returned,Low,1676.97,VIP
883842,White Mug,44,2022-05-14 07:00,62.11,0.11,14.88,Electronics,Online,Not Returned,High,2732.84,VIP
239363,Office Chair,34,2022-05-16 03:00,64.3,0.49,22.22,Electronics,In-store,Not Returned,Medium,2186.2,VIP
597303,White Mug,-44,2022-05-17 07:00,-74.65,1.1785173368810589,,Electronics,Online,Not Returned,Low,3284.6000000000004,VIP
166538,White Mug,39,2022-05-17 19:00,28.34,0.26,10.58,Electronics,In-store,Not Returned,Low,1105.26,VIP
979771,Backpack,42,2022-05-17 22:00,62.23,0.1,6.71,Electronics,In-store,Not Returned,High,2613.66,VIP
228993,Desk Lamp,31,2022-05-18 02:00,91.44,0.16,9.58,Electronics,Online,Not Returned,Low,2834.64,VIP
846055,Blue Pen,19,2022-05-18 19:00,87.31,0.48,14.59,Electronics,In-store,Not Returned,Medium,1658.89,VIP
683188,Office Chair,36,2022-05-19 01:00,72.33,0.01,8.5,Electronics,Online,Not Returned,Low,2603.88,VIP
901926,Blue Pen,31,2022-05-19 02:00,40.02,0.08,13.99,Electronics,Online,Not Returned,High,1240.62,VIP
270116,Headphones,46,2022-05-20 04:00,45.09,0.05,26.13,Electronics,In-store,Not Returned,Medium,2074.1400000000003,VIP
395385,Notebook,39,2022-05-20 17:00,64.71,0.21,21.28,Electronics,Online,Not Returned,High,2523.69,VIP
782550,USB Cable,38,2022-05-20 22:00,79.55,0.07,7.42,Electronics,Online,Not Returned,High,3022.9,VIP
383527,USB Cable,47,2022-05-21 00:00,27.35,0.39,18.01,Electronics,Online,Not Returned,Low,1285.45,VIP
810568,Notebook,26,2022-05-21 13:00,64.77,0.25,15.64,Electronics,In-store,Not Returned,Medium,1684.02,VIP
554788,Blue Pen,-29,2022-05-21 15:00,-46.78,1.5678959421281435,,Electronics,In-store,Returned,High,1356.62,VIP
516432,Blue Pen,18,2022-05-21 19:00,94.71,0.43,25.87,Electronics,Online,Not Returned,High,1704.78,VIP
141516,Blue Pen,45,2022-05-22 06:00,66.1,0.15,15.08,Electronics,In-store,Not Returned,High,2974.4999999999995,VIP
609958,Notebook,48,2022-05-23 01:00,70.78,0.39,12.81,Electronics,Online,Not Returned,High,3397.44,VIP
555342,Headphones,19,2022-05-23 12:00,67.89,0.27,28.74,Electronics,Online,Not Returned,Low,1289.91,VIP
222994,Wall Clock,28,2022-05-24 16:00,65.62,0.3,6.12,Electronics,Online,Not Returned,Medium,1837.36,VIP
830456,T-shirt,21,2022-05-24 18:00,87.53,0.17,18.61,Electronics,In-store,Not Returned,Low,1838.13,VIP
563675,Desk Lamp,46,2022-05-24 21:00,58.54,0.35,19.78,Electronics,In-store,Not Returned,Medium,2692.84,VIP
127949,White Mug,44,2022-05-25 00:00,34.3,0.44,26.03,Electronics,Online,Not Returned,High,1509.1999999999998,VIP
508519,Wall Clock,32,2022-05-25 04:00,79.76,0.34,18.94,Electronics,In-store,Not Returned,Medium,2552.32,VIP
882086,Office Chair,47,2022-05-25 07:00,62.78,0.05,29.25,Electronics,Online,Not Returned,High,2950.66,VIP
674989,Headphones,41,2022-05-25 09:00,32.87,0.25,21.69,Electronics,In-store,Not Returned,Medium,1347.6699999999998,VIP
180664,Office Chair,32,2022-05-25 11:00,92.41,0.11,28.28,Electronics,In-store,Not Returned,Low,2957.12,VIP
921632,Headphones,30,2022-05-25 19:00,78.67,0.48,21.23,Electronics,Online,Not Returned,High,2360.1,VIP
871888,Wireless Mouse,25,2022-05-27 05:00,61.29,0.02,26.22,Electronics,In-store,Returned,Medium,1532.25,VIP
756023,Wall Clock,42,2022-05-27 22:00,92.86,0.11,14.14,Electronics,Online,Not Returned,Low,3900.12,VIP
710505,Office Chair,45,2022-05-28 23:00,52.21,0.03,13.08,Electronics,In-store,Returned,Medium,2349.45,VIP
238213,Blue Pen,36,2022-05-29 23:00,45.71,0.24,12.74,Electronics,In-store,Not Returned,High,1645.56,VIP
593466,Wireless Mouse,21,2022-05-30 03:00,97.89,0.37,19.92,Electronics,Online,Not Returned,Medium,2055.69,VIP
148838,T-shirt,18,2022-06-02 15:00,78.8,0.17,22.2,Electronics,In-store,Not Returned,Low,1418.4,VIP
955327,Notebook,17,2022-06-02 21:00,65.19,0.22,11.26,Electronics,In-store,Not Returned,High,1108.23,VIP
356492,Desk Lamp,37,2022-06-03 17:00,94.83,0.01,10.02,Electronics,In-store,Not Returned,Medium,3508.71,VIP
508852,Office Chair,31,2022-06-03 21:00,33.84,0.5,6.64,Electronics,In-store,Not Returned,High,1049.0400000000002,VIP
424078,Backpack,37,2022-06-04 15:00,35.63,0.25,9.16,Electronics,In-store,Not Returned,Low,1318.3100000000002,VIP
741627,T-shirt,39,2022-06-05 00:00,97.91,0.47,15.81,Electronics,In-store,Not Returned,Medium,3818.49,VIP
384487,Wireless Mouse,33,2022-06-05 06:00,78.96,0.34,13.89,Electronics,In-store,Not Returned,Low,2605.68,VIP
479590,Wall Clock,45,2022-06-05 16:00,74.95,0.47,10.5,Electronics,In-store,Not Returned,High,3372.75,VIP
603122,Backpack,45,2022-06-06 20:00,58.8,0.25,20.51,Electronics,Online,Not Returned,High,2646.0,VIP
588267,Blue Pen,40,2022-06-07 01:00,36.55,0.19,8.85,Electronics,In-store,Not Returned,Low,1462.0,VIP
987889,T-shirt,22,2022-06-07 02:00,50.34,0.01,6.66,Electronics,In-store,Not Returned,Low,1107.48,VIP
114629,T-shirt,41,2022-06-07 21:00,28.34,0.09,20.43,Electronics,In-store,Not Returned,High,1161.94,VIP
197275,USB Cable,13,2022-06-08 01:00,79.75,0.34,12.51,Electronics,In-store,Not Returned,Low,1036.75,VIP
533632,T-shirt,36,2022-06-08 02:00,50.05,0.06,21.12,Electronics,In-store,Not Returned,High,1801.8,VIP
262246,Wall Clock,26,2022-06-08 09:00,79.06,0.41,17.4,Electronics,Online,Not Returned,High,2055.56,VIP
915805,White Mug,21,2022-06-08 23:00,61.73,0.15,20.13,Electronics,In-store,Not Returned,Low,1296.33,VIP
459838,Wireless Mouse,23,2022-06-09 08:00,67.29,0.38,10.61,Electronics,In-store,Not Returned,Low,1547.67,VIP
397399,Notebook,26,2022-06-09 17:00,73.42,0.01,27.85,Electronics,Online,Not Returned,Medium,1908.92,VIP
334618,Blue Pen,35,2022-06-10 16:00,30.76,0.28,15.72,Electronics,Online,Returned,Medium,1076.6,VIP
974837,Desk Lamp,28,2022-06-10 19:00,60.67,0.05,13.4,Electronics,In-store,Not Returned,High,1698.76,VIP
356960,Wireless Mouse,-41,2022-06-11 17:00,-74.42,1.086818415644799,,Electronics,In-store,Not Returned,Medium,3051.2200000000003,VIP
292206,Notebook,40,2022-06-12 00:00,58.34,0.02,28.95,Electronics,Online,Not Returned,High,2333.6000000000004,VIP
895265,Wall Clock,35,2022-06-12 19:00,48.68,0.18,6.23,Electronics,In-store,Not Returned,High,1703.8,VIP
548052,White Mug,43,2022-06-13 05:00,44.94,0.5,10.56,Electronics,In-store,Not Returned,High,1932.42,VIP
745323,Notebook,49,2022-06-13 12:00,42.81,0.07,9.6,Electronics,In-store,Returned,High,2097.69,VIP
215637,Desk Lamp,11,2022-06-13 17:00,94.6,0.49,18.29,Electronics,Online,Not Returned,Low,1040.6,VIP
358750,USB Cable,15,2022-06-14 08:00,84.84,0.12,5.06,Electronics,Online,Not Returned,Medium,1272.6,VIP
826126,Office Chair,46,2022-06-14 21:00,80.2,0.04,18.06,Electronics,Online,Not Returned,High,3689.2,VIP
267596,USB Cable,26,2022-06-15 21:00,64.81,0.28,17.27,Electronics,Online,Not Returned,High,1685.06,VIP
402262,Office Chair,31,2022-06-16 02:00,76.73,0.01,29.96,Electronics,Online,Not Returned,Low,2378.63,VIP
619751,Blue Pen,25,2022-06-18 08:00,44.03,0.45,6.58,Electronics,Online,Not Returned,Low,1100.75,VIP
989598,Office Chair,32,2022-06-19 00:00,60.6,0.04,22.35,Electronics,In-store,Not Returned,Medium,1939.2,VIP
688826,USB Cable,40,2022-06-21 01:00,62.63,0.42,8.69,Electronics,In-store,Not Returned,Medium,2505.2000000000003,VIP
756989,Desk Lamp,19,2022-06-21 04:00,69.73,0.18,25.27,Electronics,Online,Not Returned,High,1324.87,VIP
635539,USB Cable,22,2022-06-21 14:00,73.78,0.39,7.67,Electronics,Online,Not Returned,Low,1623.16,VIP
591008,White Mug,38,2022-06-22 09:00,76.22,0.34,14.43,Electronics,In-store,Not Returned,Medium,2896.36,VIP
267659,USB Cable,42,2022-06-22 21:00,26.96,0.38,29.18,Electronics,Online,Not Returned,High,1132.32,VIP
365508,USB Cable,49,2022-06-22 22:00,75.75,0.07,15.66,Electronics,Online,Not Returned,Low,3711.75,VIP
649633,Wall Clock,40,2022-06-23 06:00,44.42,0.45,12.1,Electronics,In-store,Returned,High,1776.8000000000002,VIP
880912,Notebook,32,2022-06-23 11:00,92.63,0.45,27.42,Electronics,In-store,Not Returned,High,2964.16,VIP
328273,Blue Pen,49,2022-06-23 14:00,54.06,0.3,8.56,Electronics,In-store,Not Returned,Medium,2648.94,VIP
721234,Backpack,35,2022-06-24 05:00,78.85,0.38,8.33,Electronics,In-store,Returned,High,2759.75,VIP
229774,Desk Lamp,23,2022-06-24 10:00,60.04,0.2,28.13,Electronics,In-store,Not Returned,High,1380.92,VIP
711795,USB Cable,26,2022-06-24 20:00,55.99,0.13,14.91,Electronics,In-store,Not Returned,High,1455.74,VIP
806209,Backpack,36,2022-06-25 02:00,94.12,0.48,11.26,Electronics,In-store,Not Returned,Medium,3388.32,VIP
335237,Wireless Mouse,41,2022-06-26 13:00,48.43,0.12,23.34,Electronics,In-store,Not Returned,Medium,1985.63,VIP
496076,Backpack,25,2022-06-26 20:00,92.64,0.31,24.43,Electronics,Online,Not Returned,Medium,2316.0,VIP
245991,Office Chair,-17,2022-06-26 22:00,-67.34,0.29,,Electronics,In-store,Not Returned,Low,1144.78,VIP
592089,Notebook,33,2022-06-26 23:00,63.91,0.09,5.65,Electronics,In-store,Not Returned,High,2109.03,VIP
868757,Headphones,42,2022-06-28 06:00,28.62,0.07,23.58,Electronics,Online,Not Returned,High,1202.04,VIP
740080,Notebook,12,2022-06-28 07:00,94.99,0.25,7.15,Electronics,In-store,Not Returned,High,1139.88,VIP
449529,USB Cable,-35,2022-06-28 13:00,-90.2,0.22,,Electronics,Online,Not Returned,Low,3157.0,VIP
277182,Headphones,48,2022-06-28 20:00,39.7,0.46,28.38,Electronics,Online,Not Returned,High,1905.6,VIP
827729,Headphones,33,2022-06-28 23:00,81.0,0.47,10.75,Electronics,In-store,Not Returned,High,2673.0,VIP
748513,Desk Lamp,44,2022-06-29 03:00,24.78,0.16,14.98,Electronics,Online,Not Returned,Medium,1090.3200000000002,VIP
103625,T-shirt,36,2022-06-30 09:00,58.34,0.09,7.83,Electronics,In-store,Not Returned,Low,2100.24,VIP
165197,Backpack,25,2022-06-30 13:00,44.38,0.04,11.4,Electronics,Online,Not Returned,High,1109.5,VIP
377354,Notebook,26,2022-07-02 11:00,40.28,0.48,28.16,Electronics,In-store,Not Returned,Low,1047.28,VIP
137780,Headphones,45,2022-07-03 06:00,29.61,0.04,7.76,Electronics,Online,Returned,Medium,1332.45,VIP
901594,Notebook,13,2022-07-03 12:00,86.33,0.16,19.35,Electronics,Online,Not Returned,Medium,1122.29,VIP
402944,USB Cable,41,2022-07-04 00:00,29.24,0.48,14.61,Electronics,In-store,Returned,High,1198.84,VIP
950630,Notebook,24,2022-07-04 07:00,43.17,0.02,12.98,Electronics,In-store,Not Returned,Low,1036.08,VIP
374233,White Mug,31,2022-07-04 10:00,45.46,0.4,24.94,Electronics,In-store,Not Returned,Low,1409.26,VIP
784732,Office Chair,44,2022-07-05 09:00,79.87,0.27,21.18,Electronics,Online,Not Returned,Low,3514.28,VIP
706070,USB Cable,38,2022-07-05 12:00,56.75,0.34,25.04,Electronics,Online,Not Returned,Low,2156.5,VIP
843987,White Mug,43,2022-07-05 16:00,44.33,0.44,15.89,Electronics,Online,Not Returned,High,1906.19,VIP
608911,White Mug,28,2022-07-05 22:00,52.24,0.32,5.3,Electronics,Online,Not Returned,Medium,1462.72,VIP
852341,Wireless Mouse,36,2022-07-06 07:00,65.73,0.07,29.91,Electronics,Online,Not Returned,Medium,2366.28,VIP
441147,Desk Lamp,29,2022-07-06 23:00,64.46,0.27,13.71,Electronics,In-store,Returned,High,1869.34,VIP
381648,Office Chair,45,2022-07-07 07:00,96.1,0.01,10.78,Electronics,In-store,Not Returned,High,4324.5,VIP
872723,Wall Clock,32,2022-07-09 00:00,45.65,0.42,14.56,Electronics,In-store,Not Returned,Medium,1460.8,VIP
212666,USB Cable,11,2022-07-09 07:00,97.85,0.32,27.51,Electronics,Online,Not Returned,Low,1076.35,VIP
751336,Desk Lamp,36,2022-07-09 08:00,54.95,0.45,21.61,Electronics,In-store,Not Returned,Low,1978.2,VIP
897147,Wireless Mouse,46,2022-07-09 13:00,25.69,0.33,25.31,Electronics,Online,Not Returned,High,1181.74,VIP
515019,Blue Pen,24,2022-07-09 14:00,66.36,0.24,18.94,Electronics,In-store,Not Returned,High,1592.64,VIP
948158,White Mug,41,2022-07-09 16:00,40.23,0.43,22.73,Electronics,In-store,Not Returned,High,1649.4299999999998,VIP
656552,Office Chair,14,2022-07-10 11:00,80.27,0.25,24.77,Electronics,Online,Not Returned,High,1123.78,VIP
853682,USB Cable,41,2022-07-10 16:00,47.79,0.09,20.9,Electronics,Online,Returned,High,1959.39,VIP
954639,White Mug,44,2022-07-11 01:00,53.49,0.12,8.41,Electronics,Online,Not Returned,High,2353.56,VIP
500077,Office Chair,39,2022-07-11 13:00,93.91,0.14,27.91,Electronics,Online,Not Returned,Medium,3662.49,VIP
187846,Wall Clock,32,2022-07-11 19:00,45.88,0.1,11.82,Electronics,In-store,Not Returned,High,1468.16,VIP
142351,Backpack,38,2022-07-12 05:00,81.29,0.25,16.37,Electronics,Online,Not Returned,Medium,3089.0200000000004,VIP
521439,Blue Pen,24,2022-07-13 19:00,56.03,0.48,17.89,Electronics,In-store,Not Returned,Medium,1344.72,VIP
225662,Backpack,30,2022-07-13 21:00,83.15,0.34,9.35,Electronics,In-store,Not Returned,High,2494.5,VIP
574296,White Mug,31,2022-07-14 11:00,96.28,0.15,29.0,Electronics,In-store,Not Returned,High,2984.68,VIP
599127,White Mug,35,2022-07-15 18:00,75.73,0.02,14.74,Electronics,In-store,Returned,Low,2650.55,VIP
923515,White Mug,44,2022-07-16 22:00,71.41,0.13,14.29,Electronics,Online,Not Returned,Low,3142.04,VIP
827138,Wireless Mouse,40,2022-07-18 06:00,28.8,0.38,9.86,Electronics,Online,Not Returned,Low,1152.0,VIP
103487,Backpack,32,2022-07-18 18:00,99.56,0.17,24.31,Electronics,Online,Not Returned,Medium,3185.92,VIP
331560,Backpack,31,2022-07-18 19:00,72.79,0.31,12.94,Electronics,Online,Not Returned,Low,2256.49,VIP
433175,White Mug,47,2022-07-19 02:00,23.58,0.41,24.18,Electronics,In-store,Not Returned,Low,1108.26,VIP
446361,USB Cable,34,2022-07-19 03:00,51.51,0.1,7.64,Electronics,In-store,Returned,Medium,1751.34,VIP
407311,White Mug,41,2022-07-19 07:00,38.23,0.3,25.67,Electronics,In-store,Not Returned,Low,1567.4299999999998,VIP
428648,Headphones,-44,2022-07-19 14:00,-69.35,1.1544195697089843,,Electronics,Online,Not Returned,High,3051.4,VIP
520020,Backpack,38,2022-07-19 17:00,39.61,0.35,27.45,Electronics,In-store,Returned,Medium,1505.18,VIP
487069,Notebook,28,2022-07-20 10:00,43.97,0.26,6.19,Electronics,Online,Not Returned,High,1231.16,VIP
848873,Notebook,38,2022-07-20 12:00,73.99,0.0,27.54,Electronics,Online,Not Returned,Low,2811.62,VIP
720390,USB Cable,17,2022-07-20 15:00,74.49,0.48,28.19,Electronics,Online,Not Returned,Low,1266.33,VIP
280499,Office Chair,42,2022-07-20 17:00,57.5,0.05,15.16,Electronics,In-store,Not Returned,Low,2415.0,VIP
697446,Desk Lamp,28,2022-07-21 10:00,77.33,0.25,6.98,Electronics,In-store,Not Returned,High,2165.24,VIP
420330,White Mug,15,2022-07-21 20:00,74.16,0.45,13.57,Electronics,In-store,Returned,Low,1112.4,VIP
972255,T-shirt,25,2022-07-21 23:00,62.3,0.12,21.37,Electronics,Online,Returned,High,1557.5,VIP
381466,Desk Lamp,37,2022-07-22 16:00,76.92,0.42,26.27,Electronics,In-store,Not Returned,Low,2846.04,VIP
240313,USB Cable,33,2022-07-22 20:00,70.57,0.05,12.71,Electronics,Online,Not Returned,High,2328.81,VIP
781326,Headphones,38,2022-07-23 00:00,28.72,0.44,27.49,Electronics,Online,Not Returned,Low,1091.36,VIP
795087,T-shirt,25,2022-07-23 08:00,73.58,0.4,23.84,Electronics,In-store,Not Returned,Low,1839.5,VIP
351775,Wireless Mouse,16,2022-07-23 13:00,84.24,0.47,22.37,Electronics,Online,Not Returned,High,1347.84,VIP
977701,USB Cable,18,2022-07-23 20:00,71.73,0.06,21.66,Electronics,In-store,Not Returned,Low,1291.14,VIP
425112,Wireless Mouse,23,2022-07-24 04:00,54.81,0.01,11.14,Electronics,Online,Not Returned,Low,1260.63,VIP
253415,White Mug,37,2022-07-24 17:00,93.1,0.22,22.75,Electronics,In-store,Not Returned,Low,3444.7,VIP
752595,T-shirt,-32,2022-07-24 18:00,-47.48,1.5448090258463307,,Electronics,In-store,Not Returned,Low,1519.36,VIP
525305,White Mug,25,2022-07-24 21:00,43.01,0.35,12.91,Electronics,In-store,Not Returned,High,1075.25,VIP
400877,Blue Pen,-27,2022-07-25 14:00,-58.39,1.1973146793103906,,Electronics,In-store,Not Returned,Medium,1576.53,VIP
669677,Blue Pen,35,2022-07-25 15:00,46.46,0.13,23.75,Electronics,In-store,Not Returned,High,1626.1,VIP
943354,Desk Lamp,26,2022-07-25 18:00,74.78,0.11,28.39,Electronics,In-store,Not Returned,High,1944.28,VIP
552642,Notebook,24,2022-07-26 18:00,86.17,0.36,9.73,Electronics,In-store,Not Returned,High,2068.08,VIP
856530,Headphones,44,2022-07-26 19:00,60.58,0.13,13.57,Electronics,In-store,Not Returned,High,2665.52,VIP
609740,Desk Lamp,29,2022-07-26 21:00,35.67,0.48,12.59,Electronics,Online,Not Returned,High,1034.43,VIP
582112,T-shirt,34,2022-07-27 00:00,66.67,0.2,6.9,Electronics,In-store,Not Returned,High,2266.78,VIP
521064,White Mug,39,2022-07-27 11:00,52.17,0.19,5.71,Electronics,Online,Returned,Low,2034.63,VIP
212265,Office Chair,20,2022-07-27 14:00,63.64,0.49,28.81,Electronics,Online,Not Returned,Medium,1272.8,VIP
752433,Headphones,25,2022-07-28 08:00,75.85,0.27,7.33,Electronics,In-store,Not Returned,High,1896.25,VIP
973623,Desk Lamp,32,2022-07-28 09:00,74.6,0.27,28.48,Electronics,Online,Returned,High,2387.2,VIP
851679,White Mug,26,2022-07-28 14:00,62.38,0.5,21.59,Electronics,Online,Not Returned,High,1621.88,VIP
419649,USB Cable,32,2022-07-28 18:00,66.32,0.29,11.6,Electronics,In-store,Not Returned,Low,2122.24,VIP
463116,Backpack,22,2022-07-29 05:00,71.43,0.29,14.04,Electronics,In-store,Not Returned,High,1571.46,VIP
372094,White Mug,18,2022-07-30 06:00,86.37,0.37,19.38,Electronics,Online,Not Returned,Low,1554.66,VIP
577061,Headphones,20,2022-07-30 14:00,74.63,0.39,23.18,Electronics,In-store,Not Returned,High,1492.6,VIP
879276,Notebook,-44,2022-07-31 13:00,-64.18,0.21,,Electronics,In-store,Not Returned,High,2823.92,VIP
765228,USB Cable,45,2022-07-31 17:00,85.87,0.3,20.87,Electronics,In-store,Not Returned,Low,3864.15,VIP
145330,Wireless Mouse,34,2022-08-01 02:00,64.4,0.36,13.49,Electronics,Online,Not Returned,High,2189.6000000000004,VIP
454347,Wireless Mouse,32,2022-08-01 05:00,66.7,0.39,16.63,Electronics,In-store,Not Returned,Low,2134.4,VIP
235701,Desk Lamp,36,2022-08-01 09:00,75.79,0.07,28.65,Electronics,In-store,Not Returned,Low,2728.44,VIP
338408,Blue Pen,42,2022-08-02 03:00,46.74,0.32,17.84,Electronics,In-store,Not Returned,Low,1963.08,VIP
714181,Backpack,34,2022-08-02 04:00,56.01,0.29,24.53,Electronics,In-store,Not Returned,Low,1904.34,VIP
445712,Wall Clock,36,2022-08-02 20:00,58.39,0.49,13.54,Electronics,Online,Not Returned,Medium,2102.04,VIP
623538,White Mug,17,2022-08-03 04:00,95.55,0.44,12.55,Electronics,Online,Not Returned,Medium,1624.35,VIP
893480,USB Cable,40,2022-08-03 16:00,35.71,0.37,18.61,Electronics,In-store,Not Returned,Low,1428.4,VIP
897455,USB Cable,33,2022-08-04 04:00,62.87,0.49,28.98,Electronics,In-store,Not Returned,High,2074.71,VIP
900339,Wall Clock,42,2022-08-04 19:00,92.98,0.38,6.4,Electronics,In-store,Not Returned,Medium,3905.16,VIP
383080,White Mug,21,2022-08-05 15:00,80.16,0.21,9.84,Electronics,Online,Not Returned,Low,1683.36,VIP
483021,Headphones,39,2022-08-05 18:00,78.54,0.05,18.71,Electronics,In-store,Returned,Medium,3063.0600000000004,VIP
262650,Notebook,38,2022-08-06 07:00,51.53,0.34,6.07,Electronics,In-store,Not Returned,High,1958.14,VIP
609142,Desk Lamp,43,2022-08-06 12:00,36.54,0.08,24.93,Electronics,In-store,Not Returned,Medium,1571.22,VIP
546171,T-shirt,25,2022-08-06 21:00,71.89,0.19,21.66,Electronics,In-store,Not Returned,Medium,1797.25,VIP
957426,Notebook,29,2022-08-07 13:00,81.31,0.28,21.58,Electronics,In-store,Not Returned,High,2357.99,VIP
646588,White Mug,36,2022-08-07 15:00,69.04,0.37,20.78,Electronics,In-store,Not Returned,Medium,2485.44,VIP
906702,Office Chair,24,2022-08-08 01:00,54.11,0.29,12.35,Electronics,In-store,Not Returned,Low,1298.64,VIP
744158,Office Chair,37,2022-08-08 02:00,52.65,0.23,10.28,Electronics,In-store,Not Returned,High,1948.05,VIP
149948,Notebook,46,2022-08-08 13:00,33.24,0.23,29.57,Electronics,In-store,Not Returned,High,1529.0400000000002,VIP
163805,T-shirt,41,2022-08-10 15:00,70.31,0.49,11.34,Electronics,In-store,Returned,High,2882.71,VIP
509852,Notebook,14,2022-08-10 18:00,73.19,0.02,15.14,Electronics,Online,Returned,Medium,1024.66,VIP
681755,Notebook,29,2022-08-10 19:00,43.22,0.48,22.69,Electronics,In-store,Returned,Low,1253.38,VIP
496605,Office Chair,31,2022-08-11 02:00,65.15,0.42,20.76,Electronics,In-store,Not Returned,Medium,2019.65,VIP
813708,USB Cable,14,2022-08-12 11:00,89.48,0.39,27.83,Electronics,Online,Not Returned,Medium,1252.72,VIP
198120,Office Chair,-42,2022-08-12 21:00,-39.19,1.6831232078125278,,Electronics,In-store,Not Returned,Low,1645.98,VIP
813895,Office Chair,46,2022-08-12 23:00,93.51,0.38,14.31,Electronics,Online,Not Returned,High,4301.46,VIP
999079,Wall Clock,26,2022-08-13 02:00,52.64,0.26,23.19,Electronics,In-store,Not Returned,Low,1368.64,VIP
311299,T-shirt,39,2022-08-13 13:00,82.31,0.05,15.93,Electronics,In-store,Not Returned,Low,3210.09,VIP
383805,Headphones,18,2022-08-13 14:00,93.39,0.03,15.57,Electronics,Online,Not Returned,Low,1681.02,VIP
272097,USB Cable,23,2022-08-13 15:00,74.53,0.24,15.33,Electronics,In-store,Not Returned,Medium,1714.19,VIP
161201,Notebook,49,2022-08-14 02:00,46.97,0.31,20.72,Electronics,Online,Not Returned,Low,2301.53,VIP
494879,Notebook,12,2022-08-14 14:00,88.53,0.24,20.1,Electronics,In-store,Not Returned,Medium,1062.36,VIP
963996,White Mug,39,2022-08-14 16:00,36.64,0.48,21.92,Electronics,In-store,Not Returned,High,1428.96,VIP
802640,USB Cable,43,2022-08-15 04:00,83.53,0.36,6.78,Electronics,Online,Not Returned,Low,3591.79,VIP
725927,USB Cable,40,2022-08-15 05:00,60.74,0.24,10.44,Electronics,Online,Not Returned,High,2429.6,VIP
827952,Blue Pen,16,2022-08-15 08:00,66.7,0.23,21.87,Electronics,Online,Not Returned,High,1067.2,VIP
891290,Office Chair,25,2022-08-15 22:00,96.99,0.5,7.39,Electronics,Online,Not Returned,Medium,2424.75,VIP
557199,Wall Clock,37,2022-08-16 03:00,74.89,0.38,26.76,Electronics,Online,Returned,Low,2770.93,VIP
666608,Desk Lamp,15,2022-08-17 12:00,81.33,0.3,16.51,Electronics,In-store,Not Returned,High,1219.95,VIP
383076,T-shirt,19,2022-08-17 21:00,61.87,0.35,7.15,Electronics,Online,Not Returned,Low,1175.53,VIP
143130,Blue Pen,48,2022-08-18 05:00,67.14,0.48,13.37,Electronics,In-store,Not Returned,High,3222.7200000000003,VIP
378852,Notebook,44,2022-08-18 06:00,54.52,0.21,29.56,Electronics,In-store,Not Returned,Medium,2398.88,VIP
554412,Desk Lamp,24,2022-08-18 11:00,91.57,0.25,19.67,Electronics,Online,Not Returned,Medium,2197.68,VIP
660468,White Mug,20,2022-08-20 04:00,57.28,0.04,5.92,Electronics,Online,Not Returned,Low,1145.6,VIP
873529,Wireless Mouse,15,2022-08-20 09:00,89.44,0.0,19.98,Electronics,Online,Not Returned,High,1341.6,VIP
622283,Desk Lamp,35,2022-08-20 11:00,91.57,0.33,19.16,Electronics,Online,Not Returned,Medium,3204.95,VIP
509759,Headphones,29,2022-08-20 16:00,47.47,0.24,6.28,Electronics,In-store,Not Returned,High,1376.63,VIP
329216,Desk Lamp,32,2022-08-21 03:00,48.11,0.31,25.08,Electronics,Online,Not Returned,Medium,1539.52,VIP
589697,Office Chair,45,2022-08-21 17:00,95.45,0.2,16.21,Electronics,Online,Not Returned,Medium,4295.25,VIP
494823,Wireless Mouse,48,2022-08-22 17:00,31.05,0.23,17.76,Electronics,In-store,Not Returned,High,1490.4,VIP
378930,Notebook,40,2022-08-23 06:00,58.77,0.11,25.64,Electronics,Online,Returned,Low,2350.8,VIP
242512,White Mug,48,2022-08-23 20:00,94.33,0.1,27.97,Electronics,Online,Not Returned,Low,4527.84,VIP
800662,Wall Clock,41,2022-08-24 04:00,63.97,0.21,20.29,Electronics,In-store,Not Returned,High,2622.77,VIP
316936,Blue Pen,32,2022-08-24 05:00,64.35,0.21,25.48,Electronics,Online,Not Returned,High,2059.2,VIP
718531,Wireless Mouse,47,2022-08-24 22:00,96.87,0.3,22.66,Electronics,Online,Not Returned,Medium,4552.89,VIP
417332,USB Cable,47,2022-08-25 01:00,22.75,0.26,25.86,Electronics,In-store,Not Returned,Medium,1069.25,VIP
243973,Headphones,14,2022-08-25 17:00,78.38,0.06,13.91,Electronics,In-store,Not Returned,High,1097.32,VIP
834664,Office Chair,32,2022-08-25 20:00,90.63,0.1,9.63,Electronics,Online,Not Returned,Low,2900.16,VIP
947724,White Mug,31,2022-08-28 05:00,89.71,0.01,28.6,Electronics,In-store,Not Returned,Low,2781.01,VIP
610839,Desk Lamp,48,2022-08-28 08:00,33.76,0.27,25.22,Electronics,In-store,Not Returned,High,1620.48,VIP
572913,Backpack,25,2022-08-29 23:00,72.43,0.49,18.19,Electronics,In-store,Not Returned,High,1810.75,VIP
230522,USB Cable,35,2022-08-30 07:00,34.34,0.22,28.23,Electronics,In-store,Not Returned,Medium,1201.9,VIP
836448,Wall Clock,-47,2022-08-30 16:00,-33.5,1.119245690917791,,Electronics,Online,Not Returned,Low,1574.5,VIP
779760,Wireless Mouse,25,2022-08-31 10:00,83.6,0.37,24.64,Electronics,In-store,Not Returned,Low,2090.0,VIP
799560,Notebook,41,2022-08-31 20:00,28.31,0.2,22.02,Electronics,In-store,Not Returned,Low,1160.71,VIP
157300,Desk Lamp,26,2022-09-01 03:00,69.16,0.36,14.11,Electronics,Online,Not Returned,Low,1798.16,VIP
700352,White Mug,47,2022-09-01 08:00,94.26,0.34,27.25,Electronics,In-store,Not Returned,Medium,4430.22,VIP
529667,Backpack,32,2022-09-01 19:00,92.35,0.02,10.13,Electronics,Online,Not Returned,Medium,2955.2,VIP
152142,Backpack,43,2022-09-02 05:00,62.88,0.0,29.55,Electronics,Online,Not Returned,Medium,2703.84,VIP
299530,Blue Pen,24,2022-09-02 19:00,44.07,0.06,20.48,Electronics,Online,Not Returned,Low,1057.68,VIP
276796,Desk Lamp,31,2022-09-02 23:00,50.51,0.22,27.85,Electronics,In-store,Not Returned,Low,1565.81,VIP
765323,Wireless Mouse,47,2022-09-03 10:00,50.27,0.34,7.74,Electronics,In-store,Not Returned,Low,2362.69,VIP
742924,Backpack,45,2022-09-03 16:00,72.46,0.48,20.57,Electronics,Online,Not Returned,Medium,3260.7,VIP
637443,USB Cable,45,2022-09-03 20:00,69.49,0.29,19.39,Electronics,Online,Not Returned,Low,3127.05,VIP
211513,Headphones,14,2022-09-04 15:00,96.19,0.45,23.38,Electronics,In-store,Not Returned,Medium,1346.66,VIP
452646,T-shirt,37,2022-09-04 21:00,57.2,0.18,19.16,Electronics,In-store,Returned,Low,2116.4,VIP
989936,USB Cable,21,2022-09-05 14:00,71.2,0.48,23.04,Electronics,In-store,Not Returned,Medium,1495.2,VIP
798002,Desk Lamp,35,2022-09-05 16:00,67.3,0.11,9.2,Electronics,In-store,Not Returned,High,2355.5,VIP
433777,Desk Lamp,33,2022-09-05 18:00,73.37,0.11,10.96,Electronics,In-store,Not Returned,Low,2421.21,VIP
902926,Backpack,30,2022-09-06 02:00,41.81,0.0,13.9,Electronics,In-store,Not Returned,Low,1254.3000000000002,VIP
232720,Wireless Mouse,42,2022-09-06 07:00,42.64,0.43,15.76,Electronics,Online,Not Returned,Low,1790.88,VIP
823277,Office Chair,30,2022-09-06 11:00,42.39,0.35,21.1,Electronics,In-store,Not Returned,High,1271.7,VIP
728510,USB Cable,38,2022-09-06 18:00,81.8,0.11,14.73,Electronics,In-store,Not Returned,High,3108.4,VIP
101316,Notebook,23,2022-09-06 19:00,74.76,0.07,20.31,Electronics,Online,Not Returned,Medium,1719.48,VIP
965075,T-shirt,45,2022-09-06 21:00,59.25,0.3,25.24,Electronics,Online,Returned,Medium,2666.25,VIP
752583,Notebook,16,2022-09-07 03:00,99.26,0.01,11.01,Electronics,In-store,Not Returned,High,1588.16,VIP
753114,Wireless Mouse,48,2022-09-07 14:00,31.5,0.03,5.7,Electronics,Online,Not Returned,Low,1512.0,VIP
635872,White Mug,48,2022-09-07 18:00,76.28,0.13,22.4,Electronics,In-store,Not Returned,Low,3661.44,VIP
364250,Backpack,49,2022-09-07 19:00,98.85,0.44,11.09,Electronics,Online,Not Returned,Low,4843.65,VIP
612703,Office Chair,35,2022-09-07 21:00,56.91,0.2,25.32,Electronics,Online,Not Returned,Low,1991.85,VIP
372159,Office Chair,40,2022-09-08 08:00,89.51,0.39,21.34,Electronics,In-store,Not Returned,Low,3580.4,VIP
982787,Desk Lamp,30,2022-09-08 13:00,71.08,0.27,29.59,Electronics,Online,Not Returned,Medium,2132.4,VIP
390461,Headphones,28,2022-09-09 13:00,57.5,0.46,9.04,Electronics,In-store,Not Returned,High,1610.0,VIP
397386,Wireless Mouse,22,2022-09-09 16:00,61.38,0.14,25.72,Electronics,In-store,Returned,Medium,1350.36,VIP
907174,USB Cable,24,2022-09-10 01:00,61.77,0.32,15.02,Electronics,Online,Not Returned,High,1482.48,VIP
493258,Notebook,27,2022-09-10 19:00,40.98,0.16,13.36,Electronics,Online,Not Returned,Low,1106.4599999999998,VIP
308990,Headphones,35,2022-09-10 22:00,65.74,0.29,29.27,Electronics,Online,Not Returned,Low,2300.9,VIP
994605,T-shirt,-28,2022-09-13 22:00,-59.31,1.829996144771182,,Electronics,In-store,Not Returned,Low,1660.68,VIP
653761,Headphones,40,2022-09-14 01:00,79.67,0.44,28.14,Electronics,Online,Not Returned,Medium,3186.8,VIP
455125,Desk Lamp,40,2022-09-14 05:00,53.99,0.29,27.63,Electronics,In-store,Returned,Low,2159.6,VIP
474909,Headphones,17,2022-09-14 09:00,86.72,0.05,29.4,Electronics,In-store,Not Returned,High,1474.24,VIP
595644,T-shirt,35,2022-09-15 16:00,88.16,0.42,28.83,Electronics,In-store,Returned,Low,3085.6,VIP
476823,Blue Pen,18,2022-09-15 22:00,74.57,0.16,19.16,Electronics,In-store,Not Returned,Medium,1342.2599999999998,VIP
535643,Notebook,15,2022-09-16 09:00,97.3,0.28,12.89,Electronics,Online,Not Returned,High,1459.5,VIP
672822,Headphones,24,2022-09-16 14:00,55.0,0.02,29.18,Electronics,In-store,Returned,High,1320.0,VIP
148850,Blue Pen,14,2022-09-17 04:00,93.97,0.23,11.42,Electronics,Online,Not Returned,Medium,1315.58,VIP
719640,Desk Lamp,21,2022-09-17 19:00,51.55,0.0,29.39,Electronics,Online,Not Returned,High,1082.55,VIP
153046,Wireless Mouse,24,2022-09-17 21:00,76.93,0.03,26.75,Electronics,Online,Not Returned,Low,1846.32,VIP
692905,Backpack,43,2022-09-18 13:00,78.5,0.18,29.3,Electronics,In-store,Not Returned,High,3375.5,VIP
854380,White Mug,16,2022-09-19 01:00,85.29,0.11,15.01,Electronics,In-store,Not Returned,High,1364.64,VIP
857758,White Mug,32,2022-09-19 08:00,56.79,0.42,29.33,Electronics,In-store,Not Returned,Low,1817.28,VIP
188074,Backpack,26,2022-09-19 12:00,86.09,0.42,18.07,Electronics,In-store,Not Returned,Low,2238.34,VIP
556319,Notebook,49,2022-09-19 15:00,23.67,0.08,19.29,Electronics,In-store,Not Returned,High,1159.8300000000002,VIP
153520,Backpack,22,2022-09-20 05:00,83.0,0.26,12.63,Electronics,In-store,Not Returned,High,1826.0,VIP
253033,T-shirt,12,2022-09-20 08:00,98.91,0.4,19.14,Electronics,Online,Not Returned,High,1186.92,VIP
892922,Desk Lamp,-43,2022-09-20 13:00,-45.83,0.28,,Electronics,In-store,Not Returned,High,1970.69,VIP
617071,White Mug,33,2022-09-20 15:00,78.43,0.13,13.57,Electronics,In-store,Not Returned,Low,2588.19,VIP
879375,White Mug,19,2022-09-20 22:00,68.72,0.42,29.68,Electronics,Online,Not Returned,High,1305.68,VIP
544605,Backpack,32,2022-09-21 19:00,57.93,0.15,6.7,Electronics,In-store,Not Returned,Medium,1853.76,VIP
894895,White Mug,37,2022-09-23 08:00,46.33,0.43,8.32,Electronics,Online,Not Returned,High,1714.21,VIP
974337,Desk Lamp,44,2022-09-23 15:00,26.93,0.28,7.34,Electronics,Online,Not Returned,Low,1184.92,VIP
623343,Notebook,42,2022-09-24 14:00,70.44,0.11,28.31,Electronics,In-store,Not Returned,Low,2958.48,VIP
546590,Desk Lamp,48,2022-09-24 20:00,65.68,0.02,14.15,Electronics,Online,Not Returned,Low,3152.6400000000003,VIP
584948,White Mug,41,2022-09-25 04:00,78.53,0.24,25.45,Electronics,In-store,Not Returned,Medium,3219.73,VIP
764622,USB Cable,44,2022-09-27 08:00,54.31,0.44,18.79,Electronics,In-store,Not Returned,Low,2389.6400000000003,VIP
721835,Wireless Mouse,42,2022-09-28 05:00,72.98,0.36,24.03,Electronics,In-store,Not Returned,Low,3065.1600000000003,VIP
763166,Headphones,42,2022-09-28 17:00,71.42,0.29,5.65,Electronics,In-store,Not Returned,High,2999.64,VIP
994840,Headphones,21,2022-09-28 21:00,79.31,0.1,28.87,Electronics,Online,Not Returned,High,1665.51,VIP
227636,Desk Lamp,37,2022-09-29 01:00,50.61,0.12,23.26,Electronics,Online,Not Returned,Low,1872.57,VIP
600846,Office Chair,48,2022-09-29 02:00,62.11,0.38,22.74,Electronics,Online,Not Returned,Medium,2981.28,VIP
873416,Notebook,49,2022-09-29 07:00,28.89,0.03,23.0,Electronics,Online,Not Returned,High,1415.61,VIP
174310,Desk Lamp,18,2022-09-29 13:00,60.35,0.0,23.35,Electronics,In-store,Not Returned,Low,1086.3,VIP
599900,T-shirt,23,2022-09-29 23:00,60.19,0.22,18.62,Electronics,In-store,Not Returned,High,1384.37,VIP
666650,Office Chair,46,2022-10-01 11:00,62.41,0.01,21.11,Electronics,In-store,Not Returned,High,2870.86,VIP
990766,White Mug,46,2022-10-01 14:00,27.77,0.44,12.86,Electronics,In-store,Not Returned,High,1277.42,VIP
309939,USB Cable,33,2022-10-01 17:00,87.82,0.05,11.37,Electronics,Online,Not Returned,Low,2898.06,VIP
394944,Office Chair,32,2022-10-02 04:00,94.13,0.46,16.69,Electronics,Online,Not Returned,Medium,3012.16,VIP
670093,USB Cable,46,2022-10-02 09:00,49.31,0.43,22.51,Electronics,In-store,Not Returned,Medium,2268.26,VIP
128688,Wireless Mouse,34,2022-10-02 12:00,62.09,0.15,20.01,Electronics,In-store,Not Returned,Medium,2111.06,VIP
805191,Backpack,40,2022-10-03 07:00,28.52,0.49,8.01,Electronics,In-store,Not Returned,Low,1140.8,VIP
699688,Wireless Mouse,45,2022-10-03 17:00,98.75,0.46,5.09,Electronics,In-store,Not Returned,Low,4443.75,VIP
670722,Headphones,41,2022-10-03 18:00,62.2,0.03,21.4,Electronics,Online,Not Returned,Low,2550.2000000000003,VIP
557283,USB Cable,38,2022-10-04 11:00,89.6,0.14,21.56,Electronics,In-store,Not Returned,High,3404.8,VIP
218251,Notebook,40,2022-10-04 23:00,98.52,0.19,13.58,Electronics,In-store,Not Returned,High,3940.8,VIP
289836,White Mug,38,2022-10-05 04:00,83.74,0.25,8.01,Electronics,Online,Not Returned,High,3182.12,VIP
388715,Notebook,44,2022-10-05 14:00,27.28,0.32,15.41,Electronics,In-store,Not Returned,Low,1200.3200000000002,VIP
608197,Blue Pen,38,2022-10-06 18:00,75.68,0.44,28.02,Electronics,Online,Not Returned,Low,2875.84,VIP
743874,Wireless Mouse,40,2022-10-06 23:00,62.8,0.32,16.03,Electronics,Online,Not Returned,Medium,2512.0,VIP
926576,Headphones,43,2022-10-07 09:00,44.78,0.04,26.2,Electronics,In-store,Not Returned,High,1925.54,VIP
118637,Headphones,46,2022-10-07 17:00,51.91,0.0,13.27,Electronics,Online,Not Returned,Low,2387.86,VIP
507887,Wall Clock,49,2022-10-08 01:00,51.82,0.45,5.46,Electronics,Online,Not Returned,Medium,2539.18,VIP
955267,T-shirt,20,2022-10-08 07:00,55.44,0.35,20.39,Electronics,Online,Not Returned,High,1108.8,VIP
504042,Backpack,38,2022-10-08 15:00,90.7,0.04,19.62,Electronics,In-store,Not Returned,Low,3446.6,VIP
177751,Wall Clock,16,2022-10-09 02:00,66.27,0.4,21.51,Electronics,In-store,Not Returned,Medium,1060.32,VIP
145955,USB Cable,49,2022-10-09 08:00,31.46,0.31,6.67,Electronics,In-store,Not Returned,High,1541.54,VIP
144350,Wireless Mouse,36,2022-10-09 15:00,57.45,0.07,27.3,Electronics,In-store,Not Returned,Low,2068.2000000000003,VIP
696715,Backpack,41,2022-10-10 19:00,51.71,0.27,9.84,Electronics,In-store,Not Returned,Medium,2120.11,VIP
187513,Backpack,12,2022-10-10 20:00,99.08,0.5,24.75,Electronics,Online,Not Returned,Low,1188.96,VIP
306924,Backpack,21,2022-10-10 23:00,55.81,0.04,27.46,Electronics,Online,Not Returned,High,1172.01,VIP
904069,Wall Clock,47,2022-10-11 10:00,24.51,0.32,6.34,Electronics,In-store,Not Returned,Medium,1151.97,VIP
660605,USB Cable,-32,2022-10-11 13:00,-48.59,0.23,,Electronics,In-store,Not Returned,Medium,1554.88,VIP
696575,Backpack,37,2022-10-11 22:00,91.09,0.35,18.28,Electronics,In-store,Not Returned,High,3370.33,VIP
268535,Headphones,44,2022-10-12 16:00,41.16,0.3,27.53,Electronics,Online,Not Returned,Medium,1811.04,VIP
996910,Desk Lamp,37,2022-10-12 17:00,28.65,0.15,6.63,Electronics,In-store,Not Returned,High,1060.05,VIP
710832,Wireless Mouse,43,2022-10-12 19:00,69.39,0.1,14.46,Electronics,In-store,Not Returned,Medium,2983.77,VIP
513437,Blue Pen,46,2022-10-12 21:00,91.08,0.17,9.84,Electronics,In-store,Not Returned,High,4189.68,VIP
602270,White Mug,21,2022-10-13 00:00,60.91,0.11,9.06,Electronics,In-store,Not Returned,Medium,1279.11,VIP
855053,Headphones,38,2022-10-13 06:00,69.04,0.05,9.99,Electronics,In-store,Not Returned,Medium,2623.5200000000004,VIP
689723,Wireless Mouse,48,2022-10-13 13:00,52.16,0.26,19.88,Electronics,In-store,Not Returned,Low,2503.68,VIP
499178,Headphones,46,2022-10-14 02:00,91.65,0.08,27.46,Electronics,In-store,Not Returned,Medium,4215.900000000001,VIP
531600,Headphones,27,2022-10-14 08:00,99.64,0.22,15.67,Electronics,In-store,Returned,Low,2690.28,VIP
489665,Desk Lamp,13,2022-10-14 16:00,94.9,0.48,29.55,Electronics,In-store,Returned,Medium,1233.7,VIP
707518,Blue Pen,35,2022-10-14 22:00,40.68,0.07,16.09,Electronics,In-store,Not Returned,Medium,1423.8,VIP
699278,Desk Lamp,24,2022-10-15 02:00,97.11,0.36,12.71,Electronics,Online,Not Returned,Low,2330.64,VIP
148167,T-shirt,36,2022-10-15 09:00,63.51,0.15,28.93,Electronics,In-store,Not Returned,Medium,2286.36,VIP
913829,Notebook,40,2022-10-15 17:00,87.23,0.44,5.25,Electronics,Online,Not Returned,Low,3489.2000000000003,VIP
678759,Desk Lamp,31,2022-10-15 20:00,88.63,0.07,16.99,Electronics,In-store,Returned,Medium,2747.53,VIP
224809,Wireless Mouse,19,2022-10-16 03:00,80.21,0.25,23.75,Electronics,Online,Not Returned,High,1523.9899999999998,VIP
907192,Desk Lamp,-48,2022-10-16 04:00,-98.65,1.3935040396142266,,Electronics,Online,Not Returned,Medium,4735.200000000001,VIP
107543,Desk Lamp,43,2022-10-16 12:00,26.79,0.08,29.98,Electronics,In-store,Not Returned,Medium,1151.97,VIP
438295,Backpack,27,2022-10-16 20:00,43.56,0.49,26.57,Electronics,Online,Not Returned,Low,1176.12,VIP
376016,Wall Clock,49,2022-10-17 05:00,97.39,0.32,12.32,Electronics,In-store,Not Returned,Low,4772.11,VIP
700729,Backpack,49,2022-10-17 14:00,42.3,0.06,25.82,Electronics,Online,Not Returned,High,2072.7,VIP
625608,Wireless Mouse,44,2022-10-18 04:00,72.42,0.17,6.62,Electronics,In-store,Returned,High,3186.48,VIP
400146,Headphones,28,2022-10-18 07:00,79.34,0.15,10.1,Electronics,In-store,Not Returned,Medium,2221.52,VIP
444750,Headphones,37,2022-10-18 23:00,36.83,0.2,27.03,Electronics,In-store,Not Returned,Low,1362.71,VIP
109529,Notebook,47,2022-10-19 12:00,76.37,0.36,18.7,Electronics,Online,Not Returned,High,3589.3900000000003,VIP
845231,Office Chair,26,2022-10-19 19:00,54.69,0.26,11.95,Electronics,In-store,Not Returned,Medium,1421.94,VIP
135919,Desk Lamp,31,2022-10-19 23:00,63.19,0.34,11.36,Electronics,Online,Not Returned,Medium,1958.89,VIP
603239,USB Cable,22,2022-10-20 00:00,63.31,0.3,8.21,Electronics,In-store,Not Returned,Medium,1392.8200000000002,VIP
924765,Wall Clock,42,2022-10-20 16:00,50.53,0.12,10.13,Electronics,In-store,Not Returned,Medium,2122.26,VIP
298300,Backpack,44,2022-10-21 05:00,29.88,0.11,7.58,Electronics,Online,Not Returned,Low,1314.72,VIP
466540,USB Cable,31,2022-10-21 11:00,38.34,0.17,14.39,Electronics,In-store,Not Returned,High,1188.5400000000002,VIP
220270,Desk Lamp,-47,2022-10-21 22:00,-23.97,1.8863568460971871,,Electronics,In-store,Not Returned,High,1126.59,VIP
754949,Notebook,45,2022-10-22 04:00,57.67,0.18,24.27,Electronics,In-store,Not Returned,Medium,2595.15,VIP
414684,Desk Lamp,12,2022-10-22 22:00,97.81,0.07,24.18,Electronics,Online,Not Returned,Low,1173.72,VIP
916462,Desk Lamp,36,2022-10-23 01:00,58.63,0.09,7.72,Electronics,In-store,Not Returned,Medium,2110.6800000000003,VIP
761950,Wireless Mouse,35,2022-10-23 16:00,40.51,0.39,27.28,Electronics,Online,Not Returned,High,1417.85,VIP
732574,Headphones,20,2022-10-24 03:00,68.12,0.37,13.27,Electronics,In-store,Not Returned,Medium,1362.4,VIP
792859,Notebook,24,2022-10-24 06:00,92.89,0.2,11.32,Electronics,Online,Not Returned,Low,2229.36,VIP
500886,Blue Pen,20,2022-10-24 08:00,71.39,0.04,18.04,Electronics,Online,Not Returned,Low,1427.8,VIP
117015,Wall Clock,20,2022-10-24 13:00,93.09,0.46,5.81,Electronics,In-store,Not Returned,High,1861.8,VIP
473938,Wall Clock,-50,2022-10-24 21:00,-89.57,1.0717766471798962,,Electronics,In-store,Returned,High,4478.5,VIP
686643,Headphones,22,2022-10-24 23:00,70.07,0.03,14.39,Electronics,Online,Not Returned,Medium,1541.54,VIP
578751,Blue Pen,22,2022-10-25 19:00,89.83,0.1,19.21,Electronics,In-store,Not Returned,High,1976.26,VIP
824568,Blue Pen,27,2022-10-26 01:00,41.5,0.34,27.4,Electronics,Online,Not Returned,Medium,1120.5,VIP
753420,Blue Pen,43,2022-10-26 02:00,62.23,0.12,11.65,Electronics,Online,Not Returned,Low,2675.89,VIP
435138,Blue Pen,33,2022-10-26 03:00,94.12,0.02,24.78,Electronics,In-store,Returned,Medium,3105.96,VIP
619116,Wireless Mouse,41,2022-10-26 07:00,53.92,0.04,23.37,Electronics,In-store,Not Returned,High,2210.7200000000003,VIP
624339,Headphones,37,2022-10-26 08:00,31.21,0.38,15.43,Electronics,In-store,Not Returned,Medium,1154.77,VIP
449829,Wall Clock,26,2022-10-26 19:00,95.65,0.09,18.86,Electronics,Online,Not Returned,Medium,2486.9,VIP
194841,USB Cable,43,2022-10-26 21:00,24.16,0.29,18.55,Electronics,Online,Not Returned,High,1038.88,VIP
822250,Backpack,23,2022-10-26 22:00,88.14,0.18,21.4,Electronics,Online,Not Returned,Medium,2027.22,VIP
614136,Backpack,46,2022-10-27 00:00,96.2,0.44,6.72,Electronics,Online,Not Returned,Low,4425.2,VIP
974523,Office Chair,34,2022-10-27 02:00,76.98,0.46,22.69,Electronics,Online,Not Returned,High,2617.32,VIP
657293,Desk Lamp,26,2022-10-27 03:00,84.92,0.27,13.92,Electronics,In-store,Not Returned,High,2207.92,VIP
164079,Headphones,25,2022-10-27 14:00,63.63,0.26,10.01,Electronics,Online,Not Returned,Medium,1590.75,VIP
448492,Notebook,15,2022-10-28 05:00,93.11,0.34,21.62,Electronics,In-store,Not Returned,Low,1396.65,VIP
637942,Wall Clock,42,2022-10-28 09:00,59.9,0.41,19.51,Electronics,In-store,Not Returned,High,2515.8,VIP
431627,Backpack,-35,2022-10-28 11:00,-85.08,1.1006085093241311,,Electronics,In-store,Not Returned,Low,2977.8,VIP
632187,Headphones,42,2022-10-28 12:00,28.94,0.04,29.26,Electronics,Online,Not Returned,Medium,1215.48,VIP
991403,Wall Clock,27,2022-10-28 16:00,87.82,0.15,23.78,Electronics,In-store,Not Returned,Low,2371.14,VIP
129295,White Mug,40,2022-10-28 19:00,51.51,0.26,11.4,Electronics,In-store,Not Returned,Medium,2060.4,VIP
461981,Notebook,27,2022-10-29 19:00,84.59,0.05,28.54,Electronics,In-store,Returned,High,2283.9300000000003,VIP
507001,Wireless Mouse,32,2022-10-30 02:00,59.56,0.49,15.64,Electronics,In-store,Not Returned,Low,1905.92,VIP
976720,USB Cable,42,2022-10-30 09:00,35.68,0.02,7.19,Electronics,Online,Not Returned,High,1498.56,VIP
402789,Blue Pen,14,2022-10-30 11:00,90.38,0.34,21.24,Electronics,In-store,Returned,Medium,1265.32,VIP
550198,T-shirt,19,2022-10-30 13:00,67.22,0.32,8.22,Electronics,Online,Not Returned,Medium,1277.18,VIP
439758,Desk Lamp,12,2022-10-30 14:00,97.53,0.4,16.2,Electronics,Online,Not Returned,Low,1170.36,VIP
322686,Office Chair,31,2022-10-30 15:00,76.93,0.31,13.46,Electronics,Online,Not Returned,Low,2384.8300000000004,VIP
328339,Wireless Mouse,25,2022-10-30 17:00,40.53,0.46,25.71,Electronics,In-store,Not Returned,High,1013.25,VIP
146972,White Mug,39,2022-10-31 00:00,69.71,0.31,26.64,Electronics,Online,Returned,Low,2718.69,VIP
221373,Wireless Mouse,41,2022-10-31 06:00,62.32,0.36,12.56,Electronics,Online,Not Returned,High,2555.12,VIP
609652,Backpack,23,2022-10-31 11:00,54.97,0.37,26.44,Electronics,In-store,Not Returned,Medium,1264.31,VIP
217781,Office Chair,17,2022-10-31 19:00,60.15,0.22,22.1,Electronics,In-store,Not Returned,Low,1022.55,VIP
289927,Desk Lamp,47,2022-11-02 12:00,23.0,0.29,16.32,Electronics,Online,Returned,Low,1081.0,VIP
433060,Notebook,38,2022-11-02 18:00,27.89,0.21,19.7,Electronics,In-store,Not Returned,Low,1059.82,VIP
434302,Wireless Mouse,22,2022-11-03 09:00,54.43,0.42,27.17,Electronics,In-store,Not Returned,High,1197.46,VIP
911712,Notebook,44,2022-11-03 13:00,87.69,0.45,7.23,Electronics,In-store,Not Returned,Medium,3858.36,VIP
224221,USB Cable,20,2022-11-03 14:00,53.54,0.1,23.62,Electronics,In-store,Not Returned,Low,1070.8,VIP
516656,Wall Clock,40,2022-11-03 18:00,61.55,0.42,20.51,Electronics,Online,Not Returned,Medium,2462.0,VIP
639899,T-shirt,48,2022-11-04 17:00,37.11,0.41,23.64,Electronics,Online,Not Returned,Medium,1781.28,VIP
961116,Notebook,41,2022-11-05 02:00,69.27,0.31,27.08,Electronics,Online,Not Returned,Medium,2840.07,VIP
569311,Blue Pen,17,2022-11-07 18:00,99.53,0.47,13.1,Electronics,In-store,Not Returned,Low,1692.01,VIP
522376,Wall Clock,43,2022-11-08 02:00,50.37,0.29,12.48,Electronics,In-store,Returned,Medium,2165.91,VIP
753724,Office Chair,25,2022-11-08 11:00,77.88,0.18,13.07,Electronics,In-store,Returned,Low,1947.0,VIP
270110,Wireless Mouse,22,2022-11-08 17:00,61.23,0.32,14.9,Electronics,In-store,Not Returned,Medium,1347.06,VIP
911399,Backpack,32,2022-11-08 18:00,65.51,0.23,5.69,Electronics,In-store,Not Returned,High,2096.32,VIP
226861,Wireless Mouse,31,2022-11-09 02:00,79.14,0.27,16.67,Electronics,Online,Not Returned,Medium,2453.34,VIP
758565,Desk Lamp,27,2022-11-09 15:00,37.65,0.04,15.9,Electronics,Online,Not Returned,Medium,1016.55,VIP
635916,Office Chair,24,2022-11-09 18:00,79.34,0.42,28.51,Electronics,In-store,Not Returned,Low,1904.16,VIP
368662,Desk Lamp,22,2022-11-09 21:00,46.67,0.21,23.39,Electronics,In-store,Not Returned,High,1026.74,VIP
775216,White Mug,33,2022-11-10 19:00,77.26,0.24,15.46,Electronics,Online,Not Returned,Medium,2549.5800000000004,VIP
407967,Office Chair,21,2022-11-10 22:00,98.49,0.03,18.5,Electronics,In-store,Not Returned,Medium,2068.29,VIP
995719,White Mug,48,2022-11-11 07:00,30.05,0.49,8.84,Electronics,In-store,Not Returned,Medium,1442.4,VIP
334823,Office Chair,46,2022-11-11 21:00,84.91,0.47,23.75,Electronics,Online,Not Returned,Low,3905.86,VIP
914110,Blue Pen,23,2022-11-12 04:00,58.45,0.43,19.35,Electronics,Online,Returned,Medium,1344.35,VIP
898184,USB Cable,47,2022-11-12 13:00,40.4,0.03,11.76,Electronics,In-store,Not Returned,High,1898.8,VIP
107482,Desk Lamp,30,2022-11-12 15:00,77.77,0.4,16.48,Electronics,In-store,Not Returned,High,2333.1,VIP
521229,Office Chair,23,2022-11-13 09:00,85.55,0.09,20.32,Electronics,Online,Not Returned,Low,1967.65,VIP
686398,Desk Lamp,42,2022-11-14 07:00,96.65,0.21,23.28,Electronics,In-store,Not Returned,Low,4059.3,VIP
624814,USB Cable,32,2022-11-14 22:00,84.48,0.46,7.12,Electronics,Online,Not Returned,Medium,2703.36,VIP
141745,USB Cable,29,2022-11-15 19:00,42.23,0.42,24.86,Electronics,In-store,Not Returned,Medium,1224.6699999999998,VIP
985030,Wireless Mouse,28,2022-11-16 09:00,97.15,0.31,9.09,Electronics,Online,Not Returned,Medium,2720.2000000000003,VIP
968042,Wall Clock,40,2022-11-16 12:00,44.69,0.19,18.69,Electronics,Online,Not Returned,Low,1787.6,VIP
674662,USB Cable,25,2022-11-16 21:00,72.23,0.4,23.1,Electronics,Online,Not Returned,Low,1805.75,VIP
443367,Wall Clock,25,2022-11-17 21:00,63.15,0.43,26.51,Electronics,In-store,Not Returned,Low,1578.75,VIP
874245,White Mug,32,2022-11-18 03:00,62.94,0.33,20.97,Electronics,In-store,Not Returned,Medium,2014.08,VIP
101085,Wall Clock,34,2022-11-18 08:00,49.13,0.32,28.13,Electronics,Online,Not Returned,Medium,1670.42,VIP
993546,Backpack,35,2022-11-18 14:00,55.43,0.28,16.17,Electronics,Online,Not Returned,Medium,1940.05,VIP
572519,White Mug,41,2022-11-18 18:00,60.99,0.19,5.99,Electronics,Online,Not Returned,Medium,2500.59,VIP
787477,Wireless Mouse,44,2022-11-20 09:00,96.49,0.21,8.44,Electronics,Online,Returned,High,4245.56,VIP
826764,Desk Lamp,30,2022-11-20 15:00,42.18,0.49,9.16,Electronics,Online,Not Returned,Medium,1265.4,VIP
951081,White Mug,45,2022-11-20 17:00,52.51,0.31,7.5,Electronics,Online,Not Returned,Low,2362.95,VIP
922864,Backpack,34,2022-11-21 09:00,61.96,0.21,27.82,Electronics,Online,Not Returned,High,2106.64,VIP
428274,Office Chair,44,2022-11-22 08:00,44.73,0.45,5.1,Electronics,Online,Not Returned,Low,1968.12,VIP
512655,Wireless Mouse,29,2022-11-22 11:00,35.29,0.4,17.17,Electronics,Online,Not Returned,Medium,1023.41,VIP
246477,White Mug,30,2022-11-23 02:00,94.59,0.03,15.42,Electronics,In-store,Not Returned,Low,2837.7000000000003,VIP
772784,White Mug,25,2022-11-23 07:00,75.45,0.4,23.26,Electronics,In-store,Not Returned,Low,1886.25,VIP
454168,T-shirt,31,2022-11-24 04:00,54.44,0.44,25.25,Electronics,Online,Returned,Low,1687.64,VIP
142262,Desk Lamp,28,2022-11-24 11:00,58.86,0.24,7.15,Electronics,In-store,Returned,Medium,1648.08,VIP
161321,Wall Clock,34,2022-11-25 07:00,59.71,0.05,6.02,Electronics,Online,Not Returned,Medium,2030.14,VIP
332842,Backpack,44,2022-11-25 18:00,55.75,0.14,6.46,Electronics,In-store,Not Returned,Low,2453.0,VIP
906671,Office Chair,48,2022-11-26 04:00,26.88,0.37,8.4,Electronics,Online,Not Returned,Low,1290.24,VIP
756504,T-shirt,16,2022-11-26 11:00,89.09,0.4,18.85,Electronics,In-store,Not Returned,High,1425.44,VIP
839979,T-shirt,42,2022-11-26 13:00,66.33,0.5,7.36,Electronics,Online,Not Returned,High,2785.86,VIP
691011,Office Chair,26,2022-11-26 18:00,53.06,0.45,15.09,Electronics,Online,Not Returned,High,1379.56,VIP
299741,Blue Pen,48,2022-11-26 19:00,42.6,0.23,5.9,Electronics,Online,Not Returned,Medium,2044.8,VIP
288996,Wall Clock,39,2022-11-27 04:00,26.6,0.09,28.09,Electronics,In-store,Not Returned,Medium,1037.4,VIP
309409,Backpack,48,2022-11-27 08:00,23.6,0.39,25.29,Electronics,Online,Not Returned,High,1132.8000000000002,VIP
569300,Notebook,39,2022-11-27 09:00,90.39,0.31,22.58,Electronics,In-store,Not Returned,High,3525.21,VIP
237693,White Mug,32,2022-11-27 15:00,62.76,0.15,11.06,Electronics,Online,Not Returned,Low,2008.32,VIP
941209,Wall Clock,32,2022-11-27 19:00,38.85,0.1,14.54,Electronics,Online,Not Returned,Low,1243.2,VIP
545295,Wireless Mouse,32,2022-11-28 03:00,82.89,0.05,26.21,Electronics,Online,Not Returned,High,2652.48,VIP
422529,T-shirt,30,2022-11-28 08:00,86.98,0.47,14.06,Electronics,Online,Not Returned,Medium,2609.4,VIP
691346,White Mug,47,2022-11-28 18:00,45.93,0.45,26.46,Electronics,In-store,Not Returned,Medium,2158.71,VIP
310128,Notebook,22,2022-11-29 09:00,89.04,0.16,25.7,Electronics,In-store,Not Returned,Low,1958.88,VIP
688450,Blue Pen,36,2022-11-29 10:00,72.94,0.04,20.96,Electronics,Online,Not Returned,Medium,2625.84,VIP
584075,T-shirt,25,2022-11-29 19:00,97.0,0.33,20.88,Electronics,In-store,Not Returned,Medium,2425.0,VIP
823040,Blue Pen,45,2022-11-30 21:00,35.58,0.36,14.5,Electronics,In-store,Not Returned,High,1601.1,VIP
423417,Headphones,33,2022-12-01 08:00,36.85,0.44,18.82,Electronics,Online,Not Returned,Medium,1216.05,VIP
217574,T-shirt,30,2022-12-01 10:00,34.25,0.45,20.72,Electronics,In-store,Not Returned,High,1027.5,VIP
739135,Wireless Mouse,36,2022-12-01 11:00,89.75,0.1,26.15,Electronics,In-store,Returned,High,3231.0,VIP
553218,Headphones,41,2022-12-01 13:00,56.95,0.33,26.93,Electronics,Online,Not Returned,Low,2334.9500000000003,VIP
887357,Wall Clock,15,2022-12-01 23:00,93.27,0.42,17.86,Electronics,Online,Not Returned,Medium,1399.05,VIP
143835,Headphones,45,2022-12-02 08:00,60.77,0.31,14.06,Electronics,In-store,Not Returned,Medium,2734.65,VIP
881345,Wall Clock,31,2022-12-02 19:00,39.11,0.26,9.49,Electronics,Online,Not Returned,High,1212.41,VIP
502016,T-shirt,17,2022-12-03 10:00,88.48,0.05,20.6,Electronics,Online,Not Returned,High,1504.16,VIP
370574,T-shirt,18,2022-12-03 18:00,84.53,0.5,17.46,Electronics,In-store,Not Returned,Low,1521.54,VIP
566935,Wall Clock,24,2022-12-03 19:00,44.08,0.16,5.77,Electronics,In-store,Not Returned,High,1057.92,VIP
130086,Desk Lamp,16,2022-12-03 21:00,74.86,0.38,23.71,Electronics,Online,Not Returned,High,1197.76,VIP
366051,White Mug,47,2022-12-04 01:00,76.45,0.35,5.61,Electronics,Online,Not Returned,Low,3593.15,VIP
380245,Wireless Mouse,26,2022-12-04 18:00,95.91,0.34,6.2,Electronics,In-store,Not Returned,High,2493.66,VIP
826610,Blue Pen,49,2022-12-05 02:00,40.05,0.4,14.78,Electronics,In-store,Not Returned,High,1962.45,VIP
716963,Headphones,48,2022-12-05 05:00,64.7,0.26,22.12,Electronics,Online,Not Returned,High,3105.6000000000004,VIP
768942,Backpack,31,2022-12-05 07:00,36.76,0.27,23.8,Electronics,In-store,Not Returned,High,1139.56,VIP
744116,USB Cable,21,2022-12-06 01:00,65.86,0.1,21.68,Electronics,In-store,Returned,Medium,1383.06,VIP
504050,Desk Lamp,14,2022-12-06 10:00,86.79,0.29,14.54,Electronics,Online,Not Returned,Medium,1215.0600000000002,VIP
899428,White Mug,36,2022-12-06 23:00,74.57,0.22,20.81,Electronics,In-store,Not Returned,Medium,2684.5199999999995,VIP
761383,Blue Pen,-50,2022-12-07 12:00,-97.06,1.177221074839604,,Electronics,Online,Not Returned,Low,4853.0,VIP
120543,USB Cable,38,2022-12-07 13:00,52.38,0.24,14.7,Electronics,In-store,Not Returned,Low,1990.44,VIP
769156,Blue Pen,-47,2022-12-07 20:00,-81.27,0.04,,Electronics,In-store,Not Returned,Medium,3819.69,VIP
665260,T-shirt,29,2022-12-07 21:00,48.42,0.43,22.67,Electronics,Online,Not Returned,High,1404.18,VIP
719672,Headphones,25,2022-12-07 23:00,81.95,0.27,22.83,Electronics,In-store,Not Returned,Low,2048.75,VIP
767719,Wall Clock,47,2022-12-08 16:00,52.36,0.22,7.4,Electronics,In-store,Not Returned,High,2460.92,VIP
692344,Blue Pen,46,2022-12-08 18:00,94.71,0.43,25.01,Electronics,Online,Not Returned,Medium,4356.66,VIP
119674,Office Chair,31,2022-12-09 04:00,71.71,0.38,13.53,Electronics,Online,Not Returned,Medium,2223.01,VIP
374722,Wall Clock,14,2022-12-09 06:00,81.37,0.47,6.78,Electronics,Online,Not Returned,Medium,1139.18,VIP
250362,Desk Lamp,18,2022-12-09 22:00,82.88,0.29,9.54,Electronics,Online,Not Returned,High,1491.84,VIP
915813,White Mug,39,2022-12-10 09:00,76.8,0.16,5.06,Electronics,In-store,Not Returned,Medium,2995.2,VIP
805576,Office Chair,30,2022-12-10 20:00,79.29,0.27,19.54,Electronics,In-store,Not Returned,Low,2378.7000000000003,VIP
184403,Headphones,43,2022-12-11 05:00,74.4,0.09,17.61,Electronics,In-store,Not Returned,Medium,3199.2000000000003,VIP
285024,Blue Pen,25,2022-12-11 07:00,71.49,0.45,17.36,Electronics,In-store,Not Returned,High,1787.2499999999998,VIP
865192,T-shirt,40,2022-12-11 16:00,65.2,0.08,26.94,Electronics,Online,Not Returned,Low,2608.0,VIP
327818,Wall Clock,15,2022-12-12 09:00,95.56,0.06,9.98,Electronics,In-store,Not Returned,Low,1433.4,VIP
763778,Backpack,18,2022-12-12 13:00,61.39,0.12,26.59,Electronics,Online,Not Returned,Medium,1105.02,VIP
970277,USB Cable,27,2022-12-13 02:00,46.35,0.46,10.85,Electronics,Online,Not Returned,Medium,1251.45,VIP
369856,White Mug,42,2022-12-14 03:00,52.18,0.23,9.81,Electronics,Online,Not Returned,Medium,2191.56,VIP
792822,Wall Clock,28,2022-12-14 10:00,41.17,0.14,18.09,Electronics,In-store,Not Returned,Low,1152.76,VIP
263597,Wall Clock,20,2022-12-14 18:00,90.76,0.31,23.04,Electronics,In-store,Not Returned,High,1815.2,VIP
736983,Backpack,43,2022-12-15 20:00,95.15,0.2,19.17,Electronics,In-store,Not Returned,Low,4091.45,VIP
539179,White Mug,35,2022-12-16 07:00,67.34,0.33,18.4,Electronics,In-store,Not Returned,High,2356.9,VIP
614497,USB Cable,41,2022-12-16 22:00,86.11,0.13,9.62,Electronics,In-store,Not Returned,Medium,3530.51,VIP
829692,Wireless Mouse,20,2022-12-17 16:00,86.11,0.38,22.12,Electronics,Online,Not Returned,Low,1722.2,VIP
662943,Office Chair,24,2022-12-18 08:00,43.27,0.39,28.1,Electronics,In-store,Not Returned,High,1038.48,VIP
763110,Headphones,23,2022-12-19 02:00,76.52,0.26,23.48,Electronics,In-store,Not Returned,High,1759.9599999999998,VIP
707508,Backpack,37,2022-12-19 04:00,28.06,0.22,16.02,Electronics,Online,Not Returned,High,1038.22,VIP
405262,Blue Pen,41,2022-12-19 05:00,44.6,0.18,9.97,Electronics,Online,Not Returned,Medium,1828.6,VIP
987996,Wireless Mouse,45,2022-12-19 11:00,52.95,0.25,6.88,Electronics,Online,Not Returned,Low,2382.75,VIP
147342,Backpack,49,2022-12-19 13:00,35.56,0.03,27.05,Electronics,In-store,Not Returned,Medium,1742.44,VIP
946938,Wall Clock,13,2022-12-19 18:00,92.27,0.36,8.41,Electronics,In-store,Returned,Low,1199.51,VIP
145420,USB Cable,39,2022-12-20 23:00,41.84,0.24,16.57,Electronics,Online,Not Returned,Medium,1631.7600000000002,VIP
120497,Office Chair,45,2022-12-21 06:00,70.31,0.08,24.19,Electronics,Online,Not Returned,Medium,3163.9500000000003,VIP
772305,USB Cable,37,2022-12-21 12:00,90.34,0.15,28.27,Electronics,In-store,Not Returned,High,3342.58,VIP
511855,Office Chair,38,2022-12-22 00:00,42.62,0.4,5.75,Electronics,Online,Returned,Medium,1619.56,VIP
285123,Headphones,42,2022-12-22 04:00,58.24,0.31,11.58,Electronics,In-store,Not Returned,Medium,2446.08,VIP
291711,USB Cable,37,2022-12-22 05:00,43.23,0.32,21.65,Electronics,Online,Not Returned,High,1599.51,VIP
870434,White Mug,16,2022-12-23 01:00,84.22,0.24,13.16,Electronics,In-store,Not Returned,High,1347.52,VIP
755483,Wall Clock,35,2022-12-23 05:00,53.28,0.41,22.47,Electronics,Online,Not Returned,Medium,1864.8,VIP
431576,Headphones,32,2022-12-23 10:00,71.24,0.03,19.97,Electronics,In-store,Not Returned,Medium,2279.68,VIP
172575,T-shirt,23,2022-12-23 13:00,55.48,0.16,16.69,Electronics,Online,Not Returned,Low,1276.04,VIP
208871,USB Cable,31,2022-12-23 17:00,78.21,0.04,13.1,Electronics,In-store,Not Returned,Medium,2424.51,VIP
577347,Backpack,18,2022-12-24 02:00,60.84,0.28,16.94,Electronics,Online,Not Returned,High,1095.12,VIP
701944,Wall Clock,33,2022-12-24 09:00,77.14,0.33,15.88,Electronics,In-store,Not Returned,High,2545.62,VIP
523499,Wall Clock,19,2022-12-24 10:00,70.15,0.01,11.51,Electronics,In-store,Not Returned,High,1332.85,VIP
309742,Backpack,46,2022-12-25 10:00,83.93,0.21,12.72,Electronics,In-store,Not Returned,High,3860.78,VIP
566802,Headphones,42,2022-12-26 06:00,39.79,0.27,5.13,Electronics,In-store,Returned,Low,1671.18,VIP
911015,Desk Lamp,29,2022-12-26 09:00,60.34,0.09,22.14,Electronics,Online,Not Returned,Medium,1749.86,VIP
781066,Blue Pen,41,2022-12-27 12:00,44.4,0.27,10.01,Electronics,In-store,Not Returned,High,1820.4,VIP
245120,Wall Clock,32,2022-12-27 20:00,56.66,0.21,8.24,Electronics,Online,Not Returned,Low,1813.12,VIP
337741,Wall Clock,39,2022-12-27 23:00,41.82,0.39,14.87,Electronics,Online,Not Returned,Medium,1630.98,VIP
226170,Office Chair,48,2022-12-28 02:00,88.85,0.15,18.5,Electronics,In-store,Not Returned,Low,4264.799999999999,VIP
670197,Notebook,42,2022-12-28 21:00,93.77,0.31,18.12,Electronics,In-store,Returned,Medium,3938.34,VIP
450435,Headphones,37,2022-12-29 17:00,47.88,0.18,17.81,Electronics,In-store,Not Returned,Low,1771.5600000000002,VIP
721065,Blue Pen,20,2022-12-29 19:00,85.69,0.02,16.03,Electronics,In-store,Not Returned,Low,1713.8,VIP
647678,Wall Clock,22,2022-12-29 22:00,70.2,0.33,25.54,Electronics,Online,Returned,High,1544.4,VIP
209844,Wall Clock,27,2022-12-30 17:00,80.37,0.46,16.27,Electronics,Online,Not Returned,Low,2169.99,VIP
282957,T-shirt,33,2022-12-31 01:00,53.43,0.35,29.33,Electronics,In-store,Not Returned,High,1763.19,VIP
637507,Notebook,40,2022-12-31 17:00,74.02,0.39,19.99,Electronics,Online,Not Returned,Low,2960.8,VIP
300065,Desk Lamp,-24,2022-12-31 23:00,-76.69,1.2350003442952862,,Electronics,Online,Not Returned,High,1840.56,VIP
560498,Office Chair,17,2023-01-01 23:00,72.05,0.0,15.24,Electronics,Online,Not Returned,High,1224.85,VIP
829221,White Mug,45,2023-01-02 01:00,63.08,0.36,17.69,Electronics,Online,Not Returned,High,2838.6,VIP
104486,Desk Lamp,39,2023-01-02 02:00,26.03,0.44,20.2,Electronics,In-store,Not Returned,Medium,1015.17,VIP
835224,Backpack,28,2023-01-02 04:00,58.71,0.3,17.3,Electronics,In-store,Not Returned,High,1643.88,VIP
675985,Desk Lamp,28,2023-01-02 07:00,48.22,0.46,8.79,Electronics,Online,Not Returned,Medium,1350.16,VIP
422742,Desk Lamp,40,2023-01-03 02:00,80.88,0.19,27.67,Electronics,In-store,Not Returned,Medium,3235.2,VIP
396695,Notebook,39,2023-01-03 13:00,64.53,0.01,22.07,Electronics,Online,Not Returned,High,2516.67,VIP
733778,Notebook,39,2023-01-03 19:00,53.53,0.37,8.65,Electronics,In-store,Not Returned,Low,2087.67,VIP
115213,White Mug,48,2023-01-04 10:00,96.49,0.25,5.37,Electronics,Online,Not Returned,Medium,4631.52,VIP
441910,Office Chair,28,2023-01-04 13:00,63.07,0.47,9.68,Electronics,Online,Not Returned,Low,1765.96,VIP
765400,White Mug,46,2023-01-04 16:00,62.69,0.46,24.88,Electronics,In-store,Not Returned,Medium,2883.74,VIP
515335,T-shirt,43,2023-01-05 07:00,89.83,0.15,8.54,Electronics,In-store,Not Returned,Low,3862.69,VIP
838587,Blue Pen,30,2023-01-06 01:00,79.11,0.26,10.75,Electronics,In-store,Not Returned,Low,2373.3,VIP
252395,Backpack,48,2023-01-06 09:00,39.01,0.34,20.92,Electronics,In-store,Not Returned,Low,1872.48,VIP
888512,T-shirt,17,2023-01-06 14:00,63.55,0.02,24.41,Electronics,In-store,Returned,Medium,1080.35,VIP
491016,Backpack,20,2023-01-07 02:00,91.02,0.39,23.94,Electronics,In-store,Not Returned,Medium,1820.4,VIP
859981,USB Cable,30,2023-01-07 12:00,80.15,0.43,12.43,Electronics,In-store,Not Returned,Medium,2404.5,VIP
886617,Notebook,47,2023-01-07 15:00,78.89,0.27,23.83,Electronics,In-store,Not Returned,Medium,3707.83,VIP
124718,Notebook,42,2023-01-07 16:00,78.1,0.01,5.09,Electronics,Online,Not Returned,Medium,3280.2,VIP
863011,White Mug,37,2023-01-09 04:00,37.61,0.34,19.57,Electronics,Online,Not Returned,Medium,1391.57,VIP
719405,Blue Pen,32,2023-01-09 07:00,43.21,0.41,19.8,Electronics,In-store,Returned,Medium,1382.72,VIP
102355,Office Chair,16,2023-01-09 23:00,92.5,0.28,16.43,Electronics,In-store,Not Returned,High,1480.0,VIP
211151,Office Chair,49,2023-01-10 05:00,57.87,0.13,20.07,Electronics,In-store,Not Returned,High,2835.63,VIP
275477,White Mug,19,2023-01-10 09:00,64.97,0.34,21.11,Electronics,Online,Not Returned,Medium,1234.43,VIP
581465,Headphones,34,2023-01-10 21:00,84.89,0.42,16.93,Electronics,In-store,Not Returned,High,2886.26,VIP
977000,White Mug,30,2023-01-11 04:00,83.91,0.15,7.57,Electronics,Online,Not Returned,Medium,2517.3,VIP
279111,Desk Lamp,39,2023-01-11 12:00,60.26,0.01,24.29,Electronics,In-store,Returned,Medium,2350.14,VIP
568492,Headphones,33,2023-01-11 18:00,35.25,0.45,9.79,Electronics,Online,Not Returned,Low,1163.25,VIP
674656,Blue Pen,24,2023-01-11 22:00,96.83,0.13,10.02,Electronics,Online,Not Returned,Medium,2323.92,VIP
508016,Wall Clock,15,2023-01-11 23:00,70.44,0.01,26.3,Electronics,Online,Not Returned,High,1056.6,VIP
829063,Desk Lamp,30,2023-01-12 23:00,57.44,0.03,7.27,Electronics,Online,Not Returned,High,1723.1999999999998,VIP
476903,USB Cable,32,2023-01-13 12:00,63.19,0.38,7.29,Electronics,Online,Not Returned,High,2022.08,VIP
725782,Headphones,32,2023-01-13 22:00,88.63,0.38,22.16,Electronics,In-store,Returned,Low,2836.16,VIP
982313,Notebook,36,2023-01-14 15:00,57.19,0.41,10.96,Electronics,In-store,Not Returned,High,2058.84,VIP
993672,USB Cable,48,2023-01-15 17:00,68.0,0.39,7.07,Electronics,Online,Not Returned,Medium,3264.0,VIP
312678,Notebook,44,2023-01-16 11:00,39.14,0.1,10.45,Electronics,In-store,Not Returned,Medium,1722.16,VIP
474635,White Mug,22,2023-01-16 12:00,81.74,0.37,10.15,Electronics,In-store,Not Returned,Medium,1798.28,VIP
582504,T-shirt,32,2023-01-16 14:00,81.07,0.16,11.51,Electronics,In-store,Not Returned,Low,2594.24,VIP
805315,Backpack,24,2023-01-16 21:00,53.91,0.49,8.0,Electronics,In-store,Not Returned,Low,1293.84,VIP
310087,USB Cable,46,2023-01-17 06:00,86.21,0.37,24.5,Electronics,Online,Not Returned,Medium,3965.66,VIP
848141,Wireless Mouse,33,2023-01-17 08:00,79.79,0.06,19.27,Electronics,Online,Not Returned,High,2633.07,VIP
815475,Wall Clock,37,2023-01-17 10:00,44.29,0.46,7.93,Electronics,Online,Not Returned,High,1638.73,VIP
650337,USB Cable,48,2023-01-17 19:00,47.69,0.11,8.88,Electronics,In-store,Not Returned,Medium,2289.12,VIP
664685,Backpack,28,2023-01-19 06:00,96.0,0.23,5.67,Electronics,Online,Not Returned,Medium,2688.0,VIP
691296,Blue Pen,23,2023-01-19 15:00,60.72,0.35,14.96,Electronics,In-store,Not Returned,High,1396.56,VIP
524018,USB Cable,27,2023-01-19 18:00,87.05,0.36,25.81,Electronics,In-store,Not Returned,High,2350.35,VIP
170408,T-shirt,45,2023-01-19 19:00,87.74,0.0,17.11,Electronics,In-store,Not Returned,High,3948.3,VIP
244763,Backpack,30,2023-01-19 22:00,93.33,0.22,9.62,Electronics,Online,Not Returned,High,2799.9,VIP
707970,T-shirt,29,2023-01-20 23:00,90.09,0.17,14.88,Electronics,In-store,Not Returned,Medium,2612.61,VIP
902047,Desk Lamp,37,2023-01-21 21:00,68.46,0.06,18.55,Electronics,Online,Not Returned,Low,2533.02,VIP
399480,USB Cable,29,2023-01-22 04:00,63.25,0.45,11.88,Electronics,Online,Not Returned,Low,1834.25,VIP
477546,Blue Pen,18,2023-01-23 10:00,88.1,0.27,23.6,Electronics,Online,Not Returned,Medium,1585.8,VIP
625496,Desk Lamp,49,2023-01-23 18:00,57.66,0.26,20.98,Electronics,In-store,Not Returned,Low,2825.34,VIP
558450,Desk Lamp,28,2023-01-23 21:00,67.27,0.24,26.92,Electronics,Online,Not Returned,Medium,1883.56,VIP
638834,Wall Clock,33,2023-01-24 21:00,69.33,0.42,10.81,Electronics,In-store,Returned,Low,2287.89,VIP
101304,Wall Clock,34,2023-01-24 23:00,65.12,0.34,12.91,Electronics,Online,Not Returned,High,2214.08,VIP
735847,Wireless Mouse,25,2023-01-25 21:00,60.66,0.03,18.5,Electronics,Online,Not Returned,High,1516.5,VIP
353555,Desk Lamp,38,2023-01-26 02:00,27.2,0.29,9.47,Electronics,Online,Not Returned,High,1033.6,VIP
943784,White Mug,40,2023-01-26 15:00,82.24,0.41,22.79,Electronics,In-store,Not Returned,Low,3289.6,VIP
221638,Headphones,15,2023-01-26 18:00,94.62,0.24,20.75,Electronics,In-store,Not Returned,Medium,1419.3000000000002,VIP
516650,Wireless Mouse,43,2023-01-27 06:00,89.51,0.43,8.69,Electronics,Online,Not Returned,Medium,3848.93,VIP
914155,Headphones,37,2023-01-27 20:00,82.52,0.11,19.54,Electronics,In-store,Not Returned,High,3053.24,VIP
181434,Headphones,12,2023-01-28 05:00,89.64,0.06,16.32,Electronics,Online,Returned,Low,1075.68,VIP
344790,Office Chair,38,2023-01-28 07:00,66.78,0.24,19.7,Electronics,In-store,Not Returned,Medium,2537.64,VIP
547905,Desk Lamp,43,2023-01-28 11:00,69.26,0.35,20.25,Electronics,In-store,Not Returned,Low,2978.1800000000003,VIP
951198,Notebook,25,2023-01-28 14:00,71.86,0.07,23.6,Electronics,In-store,Returned,Medium,1796.5,VIP
116263,T-shirt,14,2023-01-29 02:00,89.38,0.27,9.49,Electronics,Online,Not Returned,Medium,1251.32,VIP
281171,USB Cable,47,2023-01-29 03:00,51.6,0.17,16.12,Electronics,Online,Not Returned,Medium,2425.2000000000003,VIP
546722,T-shirt,35,2023-01-30 11:00,99.44,0.22,9.25,Electronics,Online,Not Returned,High,3480.4,VIP
926599,Wall Clock,37,2023-01-30 14:00,51.9,0.46,12.47,Electronics,Online,Not Returned,Medium,1920.3,VIP
859652,Backpack,33,2023-01-31 03:00,64.24,0.13,20.35,Electronics,Online,Not Returned,High,2119.92,VIP
834124,Wall Clock,19,2023-01-31 10:00,84.42,0.48,6.5,Electronics,Online,Returned,Medium,1603.98,VIP
310590,Backpack,24,2023-01-31 21:00,96.78,0.03,6.26,Electronics,In-store,Not Returned,High,2322.7200000000003,VIP
978777,Office Chair,46,2023-02-01 03:00,61.11,0.22,27.0,Electronics,Online,Returned,High,2811.06,VIP
505895,USB Cable,44,2023-02-01 11:00,64.24,0.37,30.0,Electronics,Online,Not Returned,Medium,2826.56,VIP
647594,Notebook,34,2023-02-01 20:00,39.07,0.05,28.56,Electronics,In-store,Returned,Medium,1328.38,VIP
238519,Wall Clock,15,2023-02-02 05:00,92.56,0.41,20.84,Electronics,In-store,Not Returned,High,1388.4,VIP
847405,USB Cable,24,2023-02-02 11:00,60.72,0.42,24.63,Electronics,In-store,Not Returned,High,1457.28,VIP
211414,T-shirt,42,2023-02-02 19:00,95.61,0.3,9.86,Electronics,In-store,Not Returned,Low,4015.62,VIP
705432,Blue Pen,36,2023-02-03 00:00,39.98,0.3,21.87,Electronics,In-store,Not Returned,Medium,1439.28,VIP
100638,Backpack,33,2023-02-03 01:00,79.38,0.0,19.69,Electronics,In-store,Returned,Medium,2619.54,VIP
147234,White Mug,47,2023-02-03 05:00,66.46,0.42,26.26,Electronics,Online,Not Returned,Medium,3123.62,VIP
868454,USB Cable,37,2023-02-03 18:00,47.69,0.16,9.06,Electronics,In-store,Not Returned,Medium,1764.53,VIP
133103,USB Cable,31,2023-02-04 02:00,52.83,0.16,23.26,Electronics,Online,Not Returned,Low,1637.73,VIP
673697,USB Cable,31,2023-02-04 07:00,69.82,0.43,7.07,Electronics,In-store,Not Returned,High,2164.42,VIP
703015,Headphones,49,2023-02-04 15:00,71.6,0.08,20.59,Electronics,Online,Not Returned,High,3508.4,VIP
803844,Notebook,37,2023-02-04 20:00,64.47,0.07,18.56,Electronics,Online,Returned,Low,2385.39,VIP
837770,Backpack,29,2023-02-05 04:00,84.19,0.26,16.48,Electronics,Online,Not Returned,High,2441.51,VIP
476276,White Mug,38,2023-02-07 04:00,57.63,0.16,6.32,Electronics,In-store,Not Returned,High,2189.94,VIP
458486,Notebook,32,2023-02-07 11:00,97.82,0.1,23.98,Electronics,Online,Not Returned,Medium,3130.24,VIP
333084,T-shirt,29,2023-02-07 22:00,90.02,0.35,12.48,Electronics,Online,Not Returned,High,2610.58,VIP
388953,Wall Clock,18,2023-02-08 08:00,96.94,0.17,22.91,Electronics,In-store,Not Returned,Medium,1744.92,VIP
662656,Notebook,-50,2023-02-08 10:00,-57.14,1.9282923967082315,,Electronics,Online,Not Returned,Low,2857.0,VIP
478337,T-shirt,33,2023-02-08 16:00,99.2,0.4,15.55,Electronics,Online,Not Returned,Medium,3273.6,VIP
160666,Desk Lamp,18,2023-02-09 17:00,97.1,0.22,15.45,Electronics,In-store,Not Returned,Low,1747.8,VIP
585705,Desk Lamp,29,2023-02-10 04:00,70.08,0.01,26.62,Electronics,In-store,Not Returned,High,2032.32,VIP
418952,Blue Pen,33,2023-02-10 09:00,88.87,0.01,29.82,Electronics,In-store,Not Returned,Medium,2932.71,VIP
182790,USB Cable,23,2023-02-10 15:00,66.32,0.16,19.72,Electronics,In-store,Not Returned,Medium,1525.36,VIP
969645,Wireless Mouse,33,2023-02-10 21:00,33.79,0.36,8.07,Electronics,In-store,Not Returned,Medium,1115.07,VIP
851245,Office Chair,26,2023-02-11 11:00,84.13,0.24,21.79,Electronics,Online,Not Returned,High,2187.38,VIP
264515,Office Chair,37,2023-02-12 05:00,66.43,0.45,21.49,Electronics,Online,Not Returned,Medium,2457.9100000000003,VIP
729201,USB Cable,47,2023-02-12 15:00,86.35,0.36,12.18,Electronics,Online,Returned,High,4058.45,VIP
774162,Blue Pen,34,2023-02-14 21:00,74.51,0.42,15.96,Electronics,Online,Not Returned,Medium,2533.34,VIP
841541,White Mug,39,2023-02-15 10:00,90.91,0.23,19.42,Electronics,In-store,Not Returned,Medium,3545.49,VIP
513067,Office Chair,22,2023-02-15 18:00,72.18,0.35,22.35,Electronics,In-store,Not Returned,Medium,1587.96,VIP
585685,Notebook,48,2023-02-16 00:00,25.63,0.28,13.55,Electronics,In-store,Not Returned,High,1230.24,VIP
489871,Headphones,27,2023-02-16 23:00,86.83,0.45,23.99,Electronics,Online,Not Returned,Low,2344.41,VIP
875381,Wireless Mouse,28,2023-02-17 01:00,70.48,0.24,23.24,Electronics,In-store,Not Returned,Low,1973.44,VIP
523500,Blue Pen,28,2023-02-18 04:00,71.9,0.29,26.78,Electronics,Online,Returned,Low,2013.2000000000005,VIP
495151,T-shirt,21,2023-02-18 14:00,65.75,0.05,13.33,Electronics,In-store,Not Returned,Low,1380.75,VIP
510142,Blue Pen,48,2023-02-19 09:00,68.72,0.46,20.02,Electronics,In-store,Not Returned,High,3298.56,VIP
136417,Wall Clock,25,2023-02-19 16:00,94.04,0.4,20.6,Electronics,Online,Not Returned,Low,2351.0,VIP
994208,Headphones,42,2023-02-20 08:00,67.14,0.21,23.85,Electronics,Online,Not Returned,High,2819.88,VIP
216048,Wall Clock,46,2023-02-20 12:00,54.84,0.34,12.4,Electronics,Online,Not Returned,Medium,2522.6400000000003,VIP
973772,Office Chair,15,2023-02-20 14:00,68.71,0.2,26.12,Electronics,In-store,Not Returned,Low,1030.65,VIP
472767,T-shirt,38,2023-02-20 20:00,26.86,0.02,24.14,Electronics,In-store,Not Returned,Low,1020.68,VIP
726469,T-shirt,21,2023-02-21 06:00,96.5,0.24,6.63,Electronics,In-store,Not Returned,Medium,2026.5,VIP
703986,Blue Pen,44,2023-02-22 15:00,55.27,0.45,28.15,Electronics,Online,Not Returned,Medium,2431.88,VIP
505234,Notebook,46,2023-02-23 06:00,55.8,0.2,27.19,Electronics,In-store,Not Returned,High,2566.8,VIP
392592,Desk Lamp,36,2023-02-23 15:00,73.22,0.32,24.87,Electronics,Online,Returned,High,2635.92,VIP
518336,Office Chair,25,2023-02-23 17:00,73.3,0.31,24.15,Electronics,In-store,Not Returned,Low,1832.5,VIP
161282,Backpack,40,2023-02-24 01:00,37.08,0.26,6.01,Electronics,Online,Not Returned,Low,1483.1999999999998,VIP
187393,Blue Pen,41,2023-02-24 02:00,47.32,0.15,8.65,Electronics,Online,Not Returned,High,1940.12,VIP
754110,Wireless Mouse,44,2023-02-24 04:00,75.15,0.14,16.26,Electronics,In-store,Not Returned,Medium,3306.6000000000004,VIP
552655,Wall Clock,37,2023-02-24 14:00,63.68,0.39,19.27,Electronics,In-store,Not Returned,Low,2356.16,VIP
735754,Headphones,34,2023-02-25 00:00,78.31,0.24,9.93,Electronics,Online,Not Returned,Medium,2662.54,VIP
336424,Wireless Mouse,29,2023-02-25 03:00,50.42,0.23,25.59,Electronics,In-store,Not Returned,Low,1462.18,VIP
146475,White Mug,22,2023-02-25 04:00,80.34,0.46,15.38,Electronics,Online,Not Returned,Medium,1767.48,VIP
613214,Blue Pen,24,2023-02-25 09:00,72.04,0.14,24.61,Electronics,Online,Not Returned,Medium,1728.96,VIP
208644,Backpack,47,2023-02-25 10:00,38.86,0.21,22.44,Electronics,In-store,Not Returned,High,1826.42,VIP
748238,Backpack,27,2023-02-25 20:00,60.57,0.1,14.84,Electronics,Online,Returned,Medium,1635.39,VIP
387058,Headphones,20,2023-02-26 05:00,54.31,0.48,21.38,Electronics,In-store,Not Returned,High,1086.2,VIP
478808,Blue Pen,28,2023-02-26 06:00,37.55,0.14,20.86,Electronics,In-store,Not Returned,Low,1051.4,VIP
160563,Notebook,29,2023-02-26 11:00,72.54,0.4,26.64,Electronics,In-store,Not Returned,Medium,2103.6600000000003,VIP
165638,Wall Clock,41,2023-02-26 14:00,45.3,0.0,11.68,Electronics,Online,Not Returned,Low,1857.3,VIP
893629,Headphones,37,2023-02-27 00:00,31.17,0.34,27.78,Electronics,Online,Not Returned,Low,1153.29,VIP
536962,Notebook,42,2023-02-28 08:00,72.3,0.18,6.4,Electronics,Online,Not Returned,Low,3036.6,VIP
339891,Wireless Mouse,25,2023-02-28 15:00,59.63,0.22,17.23,Electronics,Online,Not Returned,Low,1490.75,VIP
937685,Notebook,37,2023-02-28 17:00,34.11,0.22,14.73,Electronics,In-store,Not Returned,Medium,1262.07,VIP
437330,Office Chair,47,2023-03-01 01:00,81.26,0.13,25.21,Electronics,In-store,Not Returned,Low,3819.22,VIP
550967,White Mug,29,2023-03-01 03:00,51.89,0.45,6.78,Electronics,Online,Not Returned,High,1504.81,VIP
576514,Notebook,26,2023-03-01 17:00,39.25,0.44,18.86,Electronics,In-store,Returned,High,1020.5,VIP
812084,USB Cable,24,2023-03-01 21:00,81.57,0.39,7.51,Electronics,Online,Not Returned,Low,1957.68,VIP
867263,T-shirt,48,2023-03-02 08:00,32.61,0.47,15.8,Electronics,In-store,Not Returned,High,1565.28,VIP
206657,Wireless Mouse,30,2023-03-02 11:00,96.1,0.26,12.72,Electronics,Online,Returned,Low,2883.0,VIP
333420,Blue Pen,37,2023-03-03 02:00,79.75,0.27,12.41,Electronics,In-store,Not Returned,High,2950.75,VIP
781153,Headphones,25,2023-03-03 17:00,51.24,0.26,5.37,Electronics,Online,Not Returned,Low,1281.0,VIP
846201,Wireless Mouse,49,2023-03-03 20:00,46.65,0.24,8.74,Electronics,Online,Not Returned,Low,2285.85,VIP
953707,Office Chair,-27,2023-03-04 19:00,-93.82,0.49,,Electronics,Online,Not Returned,Low,2533.14,VIP
375337,Office Chair,42,2023-03-05 03:00,78.79,0.26,19.06,Electronics,Online,Not Returned,Low,3309.1800000000003,VIP
459336,Blue Pen,21,2023-03-05 05:00,99.44,0.0,28.37,Electronics,Online,Not Returned,Low,2088.24,VIP
421660,Backpack,35,2023-03-05 09:00,94.46,0.46,25.1,Electronics,Online,Not Returned,Medium,3306.1,VIP
134341,Wall Clock,43,2023-03-07 09:00,75.46,0.28,10.35,Electronics,In-store,Not Returned,Low,3244.78,VIP
175589,T-shirt,39,2023-03-07 16:00,98.46,0.16,16.39,Electronics,In-store,Not Returned,Low,3839.94,VIP
521744,Headphones,20,2023-03-07 17:00,97.17,0.39,19.74,Electronics,Online,Not Returned,Low,1943.4,VIP
871280,Blue Pen,21,2023-03-07 18:00,48.12,0.12,14.8,Electronics,In-store,Not Returned,High,1010.52,VIP
670073,T-shirt,32,2023-03-08 01:00,93.35,0.38,7.0,Electronics,Online,Not Returned,Medium,2987.2,VIP
704229,Headphones,41,2023-03-08 14:00,49.59,0.43,18.77,Electronics,Online,Not Returned,Low,2033.19,VIP
283195,Wireless Mouse,29,2023-03-08 21:00,37.66,0.22,6.34,Electronics,In-store,Not Returned,High,1092.14,VIP
410404,Notebook,49,2023-03-08 22:00,52.15,0.13,13.24,Electronics,In-store,Not Returned,Medium,2555.35,VIP
362084,Wireless Mouse,48,2023-03-09 22:00,53.21,0.18,20.62,Electronics,Online,Returned,High,2554.08,VIP
854270,Backpack,48,2023-03-10 11:00,54.27,0.31,9.24,Electronics,Online,Not Returned,High,2604.96,VIP
684947,Wireless Mouse,26,2023-03-10 13:00,38.57,0.3,8.02,Electronics,In-store,Not Returned,Low,1002.82,VIP
870064,USB Cable,31,2023-03-10 14:00,99.48,0.34,5.71,Electronics,Online,Not Returned,Medium,3083.88,VIP
159938,Notebook,40,2023-03-10 18:00,86.73,0.14,26.83,Electronics,In-store,Not Returned,High,3469.2000000000003,VIP
873253,Backpack,40,2023-03-11 02:00,88.82,0.05,8.52,Electronics,In-store,Not Returned,Low,3552.8,VIP
312471,Notebook,31,2023-03-12 14:00,91.8,0.03,21.92,Electronics,In-store,Not Returned,Medium,2845.8,VIP
370244,Backpack,15,2023-03-12 17:00,87.74,0.22,29.8,Electronics,In-store,Not Returned,Low,1316.1,VIP
353048,Headphones,24,2023-03-14 16:00,66.61,0.38,26.6,Electronics,In-store,Not Returned,Medium,1598.64,VIP
665672,T-shirt,32,2023-03-15 19:00,65.29,0.44,8.56,Electronics,Online,Not Returned,High,2089.28,VIP
819937,Office Chair,44,2023-03-16 00:00,33.3,0.37,22.34,Electronics,In-store,Not Returned,Medium,1465.1999999999998,VIP
274798,Wall Clock,25,2023-03-16 10:00,71.85,0.45,26.28,Electronics,Online,Returned,Medium,1796.2499999999998,VIP
412144,Wall Clock,36,2023-03-16 17:00,65.12,0.41,22.61,Electronics,Online,Not Returned,Low,2344.32,VIP
814355,Headphones,46,2023-03-16 22:00,40.06,0.2,15.07,Electronics,Online,Not Returned,High,1842.76,VIP
120734,Desk Lamp,21,2023-03-17 17:00,52.55,0.29,23.48,Electronics,In-store,Not Returned,High,1103.55,VIP
702555,Office Chair,40,2023-03-17 20:00,62.76,0.41,6.98,Electronics,Online,Not Returned,Low,2510.4,VIP
271966,White Mug,20,2023-03-19 03:00,84.05,0.35,9.88,Electronics,Online,Not Returned,Low,1681.0,VIP
281721,T-shirt,31,2023-03-19 04:00,62.79,0.18,27.41,Electronics,In-store,Not Returned,Medium,1946.49,VIP
102590,Blue Pen,45,2023-03-20 00:00,94.54,0.41,20.73,Electronics,In-store,Not Returned,Medium,4254.3,VIP
728479,Backpack,33,2023-03-20 09:00,60.04,0.21,5.95,Electronics,Online,Not Returned,Low,1981.32,VIP
660677,Desk Lamp,25,2023-03-21 05:00,92.79,0.31,22.15,Electronics,In-store,Not Returned,Medium,2319.75,VIP
783532,USB Cable,41,2023-03-21 09:00,59.84,0.45,21.55,Electronics,Online,Not Returned,High,2453.44,VIP
993708,Notebook,24,2023-03-21 13:00,52.34,0.39,6.02,Electronics,Online,Returned,Low,1256.16,VIP
578564,Blue Pen,45,2023-03-21 16:00,54.22,0.1,19.98,Electronics,In-store,Not Returned,Low,2439.9,VIP
626545,Notebook,40,2023-03-22 01:00,36.71,0.03,29.7,Electronics,Online,Not Returned,Medium,1468.4,VIP
504220,Backpack,27,2023-03-22 09:00,89.11,0.19,15.92,Electronics,Online,Not Returned,Medium,2405.97,VIP
564904,Office Chair,45,2023-03-22 14:00,47.07,0.36,7.82,Electronics,In-store,Not Returned,Medium,2118.15,VIP
565924,Blue Pen,19,2023-03-22 15:00,96.63,0.18,13.87,Electronics,In-store,Not Returned,Low,1835.97,VIP
268702,Notebook,35,2023-03-23 03:00,65.94,0.03,19.22,Electronics,Online,Not Returned,Medium,2307.9,VIP
509801,USB Cable,22,2023-03-23 09:00,87.61,0.43,28.44,Electronics,Online,Not Returned,High,1927.42,VIP
565051,Wireless Mouse,46,2023-03-23 14:00,31.21,0.25,21.41,Electronics,Online,Not Returned,Low,1435.66,VIP
306796,Wireless Mouse,34,2023-03-23 15:00,41.38,0.06,12.02,Electronics,In-store,Not Returned,High,1406.92,VIP
777343,Office Chair,28,2023-03-23 22:00,53.28,0.45,19.88,Electronics,Online,Not Returned,Low,1491.84,VIP
966633,Office Chair,21,2023-03-24 12:00,95.4,0.24,16.47,Electronics,Online,Not Returned,Low,2003.4,VIP
988349,Wireless Mouse,36,2023-03-24 14:00,30.29,0.43,23.11,Electronics,In-store,Not Returned,High,1090.44,VIP
869794,Blue Pen,40,2023-03-24 19:00,87.35,0.04,16.3,Electronics,In-store,Not Returned,High,3494.0,VIP
990567,Backpack,49,2023-03-25 05:00,74.91,0.25,6.28,Electronics,In-store,Not Returned,High,3670.59,VIP
904891,Notebook,40,2023-03-25 12:00,44.5,0.39,12.9,Electronics,Online,Not Returned,Medium,1780.0,VIP
601554,Wireless Mouse,30,2023-03-26 04:00,92.59,0.12,23.99,Electronics,Online,Not Returned,Medium,2777.7000000000003,VIP
155178,Wall Clock,24,2023-03-26 06:00,59.08,0.25,18.3,Electronics,Online,Returned,Medium,1417.92,VIP
645116,Backpack,31,2023-03-26 08:00,67.4,0.13,22.58,Electronics,Online,Not Returned,High,2089.4,VIP
554681,White Mug,29,2023-03-26 11:00,64.78,0.34,5.34,Electronics,Online,Not Returned,High,1878.62,VIP
360408,USB Cable,47,2023-03-27 08:00,39.3,0.05,27.14,Electronics,Online,Not Returned,Medium,1847.1,VIP
864665,Wall Clock,46,2023-03-27 09:00,73.28,0.11,5.18,Electronics,Online,Not Returned,Low,3370.88,VIP
203427,USB Cable,38,2023-03-27 20:00,78.99,0.07,24.96,Electronics,Online,Not Returned,Low,3001.62,VIP
989813,Desk Lamp,32,2023-03-28 20:00,53.28,0.32,25.13,Electronics,In-store,Not Returned,Low,1704.96,VIP
731820,Blue Pen,44,2023-03-28 22:00,90.9,0.48,24.11,Electronics,Online,Not Returned,Medium,3999.6,VIP
231692,Office Chair,43,2023-03-29 01:00,93.42,0.26,12.48,Electronics,Online,Not Returned,High,4017.06,VIP
948827,USB Cable,48,2023-03-29 05:00,83.37,0.31,29.33,Electronics,Online,Not Returned,High,4001.76,VIP
936621,Backpack,25,2023-03-29 13:00,50.33,0.45,19.62,Electronics,In-store,Not Returned,Medium,1258.25,VIP
801264,USB Cable,46,2023-03-30 01:00,40.79,0.34,26.63,Electronics,In-store,Not Returned,High,1876.34,VIP
794613,Blue Pen,25,2023-03-30 13:00,47.84,0.09,14.69,Electronics,In-store,Not Returned,Medium,1196.0,VIP
125979,Wireless Mouse,45,2023-03-30 19:00,69.47,0.31,7.72,Electronics,Online,Not Returned,Medium,3126.15,VIP
411974,Backpack,34,2023-03-31 08:00,48.46,0.38,5.84,Electronics,In-store,Not Returned,Medium,1647.64,VIP
435335,Office Chair,21,2023-04-01 08:00,77.51,0.48,7.3,Electronics,Online,Not Returned,Low,1627.71,VIP
915893,USB Cable,31,2023-04-01 09:00,85.3,0.13,27.07,Electronics,Online,Not Returned,Low,2644.3,VIP
189257,White Mug,31,2023-04-01 17:00,68.09,0.14,9.77,Electronics,In-store,Not Returned,High,2110.79,VIP
847750,T-shirt,17,2023-04-01 20:00,80.48,0.3,22.47,Electronics,In-store,Not Returned,High,1368.16,VIP
336600,Wall Clock,20,2023-04-02 04:00,95.5,0.22,27.15,Electronics,Online,Not Returned,Medium,1910.0,VIP
580853,Headphones,46,2023-04-02 08:00,86.33,0.09,23.88,Electronics,Online,Not Returned,High,3971.18,VIP
757374,Office Chair,21,2023-04-02 22:00,88.4,0.15,19.67,Electronics,Online,Not Returned,Medium,1856.4,VIP
733275,Backpack,45,2023-04-03 02:00,77.58,0.34,13.05,Electronics,Online,Not Returned,Low,3491.1,VIP
281839,Wireless Mouse,18,2023-04-04 03:00,56.84,0.45,18.87,Electronics,Online,Not Returned,Low,1023.12,VIP
413894,White Mug,16,2023-04-04 08:00,83.05,0.25,27.77,Electronics,Online,Not Returned,Low,1328.8,VIP
152682,Blue Pen,33,2023-04-04 11:00,74.91,0.07,5.95,Electronics,In-store,Not Returned,High,2472.03,VIP
295785,White Mug,16,2023-04-04 12:00,92.09,0.06,29.45,Electronics,In-store,Not Returned,Medium,1473.44,VIP
956306,T-shirt,15,2023-04-05 13:00,92.94,0.21,26.09,Electronics,In-store,Returned,Medium,1394.1,VIP
477261,Wireless Mouse,38,2023-04-05 15:00,42.67,0.12,20.45,Electronics,Online,Not Returned,High,1621.46,VIP
507000,Backpack,45,2023-04-05 17:00,51.7,0.0,14.67,Electronics,Online,Not Returned,Medium,2326.5,VIP
632560,Desk Lamp,31,2023-04-05 19:00,37.75,0.07,11.8,Electronics,Online,Not Returned,High,1170.25,VIP
236248,Wall Clock,46,2023-04-06 01:00,33.57,0.13,12.92,Electronics,In-store,Not Returned,Medium,1544.22,VIP
380512,Backpack,21,2023-04-06 12:00,75.7,0.21,29.43,Electronics,In-store,Not Returned,High,1589.7,VIP
676587,Wall Clock,47,2023-04-07 07:00,37.35,0.3,20.74,Electronics,Online,Not Returned,Low,1755.45,VIP
418339,T-shirt,40,2023-04-08 00:00,70.48,0.41,7.78,Electronics,Online,Not Returned,Medium,2819.2000000000003,VIP
597890,Desk Lamp,36,2023-04-08 04:00,49.48,0.06,5.56,Electronics,In-store,Not Returned,High,1781.28,VIP
754274,Backpack,44,2023-04-08 07:00,78.67,0.41,19.3,Electronics,Online,Returned,High,3461.48,VIP
746905,Blue Pen,44,2023-04-08 09:00,79.64,0.08,11.17,Electronics,Online,Not Returned,Medium,3504.16,VIP
968481,T-shirt,40,2023-04-08 19:00,25.31,0.41,22.44,Electronics,Online,Not Returned,High,1012.4,VIP
357230,USB Cable,32,2023-04-09 05:00,45.3,0.35,15.86,Electronics,In-store,Not Returned,High,1449.6,VIP
631834,Notebook,33,2023-04-09 07:00,45.23,0.03,17.89,Electronics,Online,Not Returned,Medium,1492.59,VIP
664719,Backpack,38,2023-04-10 09:00,36.93,0.15,18.51,Electronics,In-store,Not Returned,High,1403.34,VIP
496439,Office Chair,44,2023-04-10 17:00,90.94,0.47,19.32,Electronics,In-store,Not Returned,High,4001.36,VIP
339198,Office Chair,32,2023-04-10 19:00,47.94,0.4,15.26,Electronics,In-store,Not Returned,High,1534.08,VIP
637151,Notebook,13,2023-04-10 21:00,86.65,0.48,23.61,Electronics,Online,Not Returned,Medium,1126.45,VIP
442240,Backpack,30,2023-04-11 09:00,80.38,0.1,22.9,Electronics,In-store,Not Returned,Medium,2411.4,VIP
888106,USB Cable,27,2023-04-11 18:00,52.17,0.43,21.32,Electronics,In-store,Not Returned,Low,1408.59,VIP
302565,USB Cable,33,2023-04-12 04:00,65.34,0.36,13.49,Electronics,Online,Not Returned,Low,2156.2200000000003,VIP
739951,T-shirt,44,2023-04-12 08:00,95.51,0.01,21.27,Electronics,In-store,Not Returned,High,4202.4400000000005,VIP
913297,Blue Pen,-39,2023-04-12 11:00,-59.35,1.7201044740311715,,Electronics,Online,Not Returned,Low,2314.65,VIP
419996,Notebook,29,2023-04-12 15:00,77.9,0.21,20.01,Electronics,Online,Not Returned,Low,2259.1000000000004,VIP
907004,Wireless Mouse,27,2023-04-12 18:00,44.35,0.06,9.59,Electronics,Online,Returned,High,1197.45,VIP
349596,T-shirt,44,2023-04-13 15:00,78.17,0.01,22.76,Electronics,Online,Not Returned,Low,3439.48,VIP
176593,Wireless Mouse,45,2023-04-13 20:00,87.5,0.14,12.27,Electronics,In-store,Not Returned,Medium,3937.5,VIP
982890,Backpack,47,2023-04-14 04:00,97.98,0.32,7.8,Electronics,In-store,Not Returned,Medium,4605.06,VIP
806168,Backpack,38,2023-04-16 16:00,77.66,0.28,12.29,Electronics,Online,Not Returned,Medium,2951.08,VIP
466709,Office Chair,24,2023-04-18 05:00,83.27,0.39,11.15,Electronics,Online,Not Returned,High,1998.48,VIP
259331,Headphones,25,2023-04-18 10:00,70.8,0.3,10.92,Electronics,In-store,Not Returned,High,1770.0,VIP
712026,Blue Pen,30,2023-04-18 22:00,99.48,0.03,15.03,Electronics,Online,Not Returned,Low,2984.4,VIP
983371,Desk Lamp,34,2023-04-19 11:00,31.6,0.23,27.74,Electronics,In-store,Not Returned,High,1074.4,VIP
517876,White Mug,13,2023-04-19 18:00,88.64,0.04,13.35,Electronics,Online,Not Returned,Medium,1152.32,VIP
663725,Wall Clock,42,2023-04-21 15:00,53.29,0.36,24.91,Electronics,In-store,Not Returned,High,2238.18,VIP
722503,T-shirt,43,2023-04-21 20:00,64.85,0.23,9.28,Electronics,In-store,Not Returned,Low,2788.55,VIP
553498,Backpack,18,2023-04-22 13:00,79.16,0.47,13.73,Electronics,In-store,Not Returned,Medium,1424.88,VIP
444421,White Mug,37,2023-04-22 19:00,46.64,0.15,29.32,Electronics,In-store,Not Returned,High,1725.68,VIP
126082,Desk Lamp,25,2023-04-23 17:00,46.52,0.15,5.94,Electronics,Online,Returned,Medium,1163.0,VIP
771666,Wireless Mouse,36,2023-04-23 18:00,48.83,0.16,9.46,Electronics,Online,Not Returned,Medium,1757.88,VIP
625899,Wall Clock,17,2023-04-25 01:00,66.6,0.33,17.95,Electronics,Online,Not Returned,High,1132.1999999999998,VIP
613622,Office Chair,32,2023-04-25 10:00,63.58,0.47,22.81,Electronics,Online,Not Returned,High,2034.56,VIP
712252,White Mug,28,2023-04-25 15:00,91.99,0.37,8.09,Electronics,Online,Not Returned,Low,2575.72,VIP
557212,USB Cable,33,2023-04-25 16:00,53.94,0.43,19.2,Electronics,In-store,Returned,High,1780.02,VIP
586830,Headphones,34,2023-04-25 19:00,80.81,0.31,20.79,Electronics,In-store,Not Returned,Medium,2747.54,VIP
642101,T-shirt,36,2023-04-26 00:00,94.66,0.17,14.37,Electronics,In-store,Not Returned,Low,3407.76,VIP
820610,Blue Pen,35,2023-04-26 03:00,83.63,0.49,17.77,Electronics,Online,Not Returned,Medium,2927.05,VIP
664215,Blue Pen,43,2023-04-26 05:00,35.45,0.13,20.34,Electronics,Online,Not Returned,High,1524.35,VIP
991580,White Mug,32,2023-04-26 07:00,69.65,0.14,15.04,Electronics,Online,Not Returned,Medium,2228.8,VIP
558093,T-shirt,30,2023-04-28 01:00,78.14,0.25,25.52,Electronics,In-store,Not Returned,High,2344.2,VIP
929418,Wall Clock,18,2023-04-28 03:00,63.92,0.34,6.54,Electronics,Online,Not Returned,Medium,1150.56,VIP
810571,Blue Pen,26,2023-04-28 14:00,52.81,0.27,26.63,Electronics,In-store,Not Returned,High,1373.06,VIP
641632,Desk Lamp,31,2023-04-28 17:00,94.67,0.34,21.76,Electronics,Online,Not Returned,Low,2934.77,VIP
916700,Backpack,48,2023-04-28 23:00,78.68,0.3,17.32,Electronics,Online,Not Returned,Medium,3776.64,VIP
702851,Backpack,35,2023-04-29 04:00,67.37,0.43,5.33,Electronics,Online,Not Returned,Low,2357.9500000000003,VIP
459511,Office Chair,43,2023-04-30 17:00,61.61,0.11,15.48,Electronics,In-store,Not Returned,High,2649.23,VIP
506270,Wireless Mouse,45,2023-05-01 00:00,85.1,0.36,29.36,Electronics,In-store,Not Returned,Low,3829.5,VIP
893293,USB Cable,34,2023-05-01 15:00,88.96,0.1,28.25,Electronics,Online,Not Returned,Medium,3024.64,VIP
235921,Office Chair,-49,2023-05-02 15:00,-63.78,0.07,,Electronics,In-store,Not Returned,High,3125.2200000000003,VIP
782495,Office Chair,27,2023-05-02 21:00,82.43,0.06,17.57,Electronics,In-store,Not Returned,High,2225.61,VIP
490566,White Mug,48,2023-05-03 01:00,98.79,0.23,24.91,Electronics,Online,Not Returned,Low,4741.92,VIP
460701,Headphones,33,2023-05-03 19:00,80.6,0.3,22.46,Electronics,In-store,Not Returned,Low,2659.8,VIP
777233,T-shirt,26,2023-05-04 14:00,93.48,0.49,26.78,Electronics,In-store,Not Returned,Low,2430.48,VIP
768487,Notebook,32,2023-05-05 06:00,35.59,0.16,27.47,Electronics,Online,Not Returned,High,1138.88,VIP
478245,T-shirt,13,2023-05-05 07:00,83.68,0.12,14.79,Electronics,In-store,Not Returned,Medium,1087.84,VIP
572415,Wall Clock,38,2023-05-06 09:00,63.29,0.43,20.48,Electronics,Online,Not Returned,Medium,2405.02,VIP
832792,Office Chair,46,2023-05-07 00:00,60.72,0.18,10.49,Electronics,In-store,Not Returned,Medium,2793.12,VIP
395608,Headphones,43,2023-05-07 05:00,53.75,0.32,24.97,Electronics,Online,Not Returned,Low,2311.25,VIP
835712,Desk Lamp,26,2023-05-07 17:00,58.2,0.28,12.09,Electronics,Online,Not Returned,Low,1513.2,VIP
999915,Backpack,19,2023-05-08 02:00,94.54,0.02,5.41,Electronics,Online,Not Returned,High,1796.2600000000002,VIP
189792,White Mug,45,2023-05-08 07:00,62.3,0.43,29.66,Electronics,Online,Not Returned,Low,2803.5,VIP
132696,Wall Clock,28,2023-05-08 19:00,83.7,0.38,10.97,Electronics,In-store,Not Returned,High,2343.6,VIP
807649,T-shirt,14,2023-05-09 20:00,99.75,0.02,13.95,Electronics,Online,Not Returned,High,1396.5,VIP
551027,Blue Pen,21,2023-05-10 16:00,64.66,0.03,14.98,Electronics,In-store,Not Returned,Low,1357.86,VIP
995850,Desk Lamp,34,2023-05-10 20:00,67.16,0.31,27.73,Electronics,In-store,Not Returned,Medium,2283.44,VIP
288727,Headphones,35,2023-05-11 09:00,51.41,0.3,25.79,Electronics,Online,Not Returned,High,1799.35,VIP
320821,Wall Clock,36,2023-05-12 12:00,52.76,0.12,9.71,Electronics,Online,Not Returned,Low,1899.36,VIP
734191,Headphones,48,2023-05-13 01:00,52.12,0.28,22.87,Electronics,Online,Not Returned,High,2501.76,VIP
925307,T-shirt,27,2023-05-13 02:00,75.34,0.31,18.13,Electronics,In-store,Not Returned,Low,2034.18,VIP
224628,Backpack,-16,2023-05-13 07:00,-74.71,0.12,,Electronics,Online,Not Returned,Low,1195.36,VIP
770493,Office Chair,42,2023-05-13 11:00,38.6,0.48,11.53,Electronics,Online,Not Returned,Medium,1621.2,VIP
230119,Notebook,24,2023-05-13 21:00,68.83,0.07,19.12,Electronics,Online,Not Returned,Medium,1651.92,VIP
844075,Desk Lamp,27,2023-05-14 01:00,39.19,0.45,24.91,Electronics,Online,Not Returned,Low,1058.13,VIP
754593,Blue Pen,35,2023-05-15 07:00,42.53,0.26,16.8,Electronics,In-store,Not Returned,High,1488.55,VIP
170422,Office Chair,25,2023-05-15 18:00,71.27,0.5,16.39,Electronics,In-store,Not Returned,Medium,1781.75,VIP
559722,Office Chair,28,2023-05-16 00:00,61.59,0.38,29.29,Electronics,Online,Not Returned,Low,1724.52,VIP
858707,T-shirt,29,2023-05-16 21:00,62.93,0.28,7.03,Electronics,Online,Not Returned,Low,1824.97,VIP
354928,USB Cable,40,2023-05-17 04:00,70.04,0.13,22.36,Electronics,In-store,Not Returned,Low,2801.6000000000004,VIP
271139,Office Chair,43,2023-05-17 16:00,92.5,0.08,13.59,Electronics,In-store,Not Returned,High,3977.5,VIP
262814,USB Cable,39,2023-05-17 23:00,43.2,0.32,18.75,Electronics,Online,Not Returned,Low,1684.8000000000002,VIP
659086,Blue Pen,43,2023-05-18 13:00,79.4,0.17,24.36,Electronics,Online,Not Returned,Medium,3414.2000000000003,VIP
282206,Office Chair,28,2023-05-18 22:00,67.89,0.27,7.64,Electronics,Online,Not Returned,Medium,1900.92,VIP
847424,Headphones,39,2023-05-19 09:00,26.69,0.29,13.17,Electronics,Online,Not Returned,Low,1040.91,VIP
540844,Desk Lamp,41,2023-05-19 12:00,95.81,0.23,13.66,Electronics,In-store,Not Returned,High,3928.21,VIP
880637,T-shirt,46,2023-05-19 21:00,22.75,0.17,13.85,Electronics,Online,Not Returned,High,1046.5,VIP
939433,USB Cable,33,2023-05-20 04:00,76.56,0.1,29.81,Electronics,In-store,Not Returned,High,2526.48,VIP
795047,Headphones,-50,2023-05-21 04:00,-94.97,1.9430165120424248,,Electronics,In-store,Not Returned,High,4748.5,VIP
208182,T-shirt,40,2023-05-21 17:00,90.86,0.06,16.29,Electronics,Online,Not Returned,Medium,3634.4,VIP
497871,USB Cable,-44,2023-05-22 11:00,-93.54,0.09,,Electronics,Online,Returned,High,4115.76,VIP
955404,USB Cable,41,2023-05-22 16:00,52.17,0.29,20.44,Electronics,Online,Not Returned,Medium,2138.9700000000003,VIP
596392,Notebook,31,2023-05-22 19:00,57.31,0.01,8.47,Electronics,Online,Not Returned,Medium,1776.61,VIP
865573,Desk Lamp,26,2023-05-22 21:00,45.67,0.11,19.55,Electronics,In-store,Not Returned,Low,1187.42,VIP
536152,Office Chair,41,2023-05-22 23:00,62.1,0.25,25.13,Electronics,Online,Not Returned,Low,2546.1,VIP
914419,Headphones,21,2023-05-23 03:00,90.03,0.35,20.25,Electronics,Online,Not Returned,High,1890.63,VIP
913991,Blue Pen,43,2023-05-23 12:00,44.35,0.49,9.99,Electronics,Online,Not Returned,Low,1907.05,VIP
124881,White Mug,41,2023-05-23 17:00,81.21,0.07,12.4,Electronics,In-store,Not Returned,Medium,3329.61,VIP
735489,Desk Lamp,25,2023-05-25 23:00,89.22,0.19,5.01,Electronics,In-store,Not Returned,Low,2230.5,VIP
977163,Notebook,22,2023-05-26 17:00,97.81,0.41,9.99,Electronics,In-store,Returned,Low,2151.82,VIP
432414,Office Chair,47,2023-05-27 01:00,32.84,0.49,18.92,Electronics,Online,Not Returned,Low,1543.4800000000002,VIP
450771,USB Cable,44,2023-05-27 13:00,98.45,0.25,14.51,Electronics,Online,Not Returned,Medium,4331.8,VIP
412100,Headphones,17,2023-05-27 22:00,81.07,0.41,24.6,Electronics,In-store,Not Returned,Low,1378.1899999999998,VIP
509033,Office Chair,20,2023-05-28 15:00,94.07,0.43,9.41,Electronics,Online,Returned,High,1881.4,VIP
535456,White Mug,46,2023-05-29 11:00,94.86,0.39,11.92,Electronics,In-store,Not Returned,Medium,4363.56,VIP
768035,Wireless Mouse,42,2023-05-29 14:00,26.44,0.36,21.34,Electronics,In-store,Not Returned,Medium,1110.48,VIP
187081,USB Cable,42,2023-05-30 05:00,80.76,0.28,13.36,Electronics,Online,Not Returned,Low,3391.92,VIP
547814,Backpack,41,2023-05-30 07:00,61.53,0.35,20.63,Electronics,Online,Not Returned,Medium,2522.73,VIP
795649,Backpack,47,2023-05-31 15:00,99.27,0.46,24.22,Electronics,Online,Not Returned,Low,4665.69,VIP
387401,Notebook,49,2023-05-31 18:00,92.38,0.39,21.19,Electronics,In-store,Not Returned,High,4526.62,VIP
455675,Desk Lamp,27,2023-06-01 01:00,44.13,0.09,17.07,Electronics,Online,Not Returned,High,1191.51,VIP
417402,Wall Clock,20,2023-06-01 09:00,68.8,0.2,19.05,Electronics,Online,Not Returned,High,1376.0,VIP
977714,Wall Clock,37,2023-06-03 05:00,70.24,0.48,25.95,Electronics,In-store,Not Returned,High,2598.88,VIP
670339,White Mug,14,2023-06-03 18:00,76.36,0.44,24.76,Electronics,In-store,Not Returned,High,1069.04,VIP
391900,Desk Lamp,33,2023-06-03 23:00,85.96,0.27,7.37,Electronics,Online,Not Returned,Medium,2836.68,VIP
274304,T-shirt,41,2023-06-04 02:00,87.15,0.37,17.41,Electronics,Online,Not Returned,High,3573.15,VIP
523252,Desk Lamp,43,2023-06-04 09:00,24.4,0.02,13.57,Electronics,In-store,Not Returned,High,1049.2,VIP
472559,Notebook,45,2023-06-05 15:00,53.01,0.27,13.04,Electronics,In-store,Not Returned,Medium,2385.45,VIP
184661,Blue Pen,-50,2023-06-06 16:00,-88.44,1.5277566123578852,,Electronics,In-store,Not Returned,Low,4422.0,VIP
156632,T-shirt,49,2023-06-06 19:00,87.53,0.45,22.43,Electronics,Online,Not Returned,Low,4288.97,VIP
725799,Office Chair,43,2023-06-07 00:00,90.75,0.45,17.99,Electronics,Online,Not Returned,High,3902.25,VIP
197955,Office Chair,41,2023-06-07 04:00,89.94,0.12,7.13,Electronics,Online,Not Returned,High,3687.54,VIP
511832,Wireless Mouse,36,2023-06-07 22:00,69.13,0.12,6.05,Electronics,Online,Not Returned,Low,2488.68,VIP
529067,T-shirt,47,2023-06-08 06:00,41.91,0.4,22.1,Electronics,Online,Returned,High,1969.77,VIP
293540,Backpack,32,2023-06-08 17:00,91.99,0.43,18.28,Electronics,Online,Not Returned,Low,2943.68,VIP
823624,Office Chair,35,2023-06-10 02:00,73.09,0.16,18.57,Electronics,In-store,Not Returned,Medium,2558.15,VIP
787984,Headphones,38,2023-06-10 05:00,76.15,0.31,29.8,Electronics,Online,Not Returned,Low,2893.7000000000003,VIP
876654,Wall Clock,48,2023-06-10 14:00,86.7,0.41,17.07,Electronics,In-store,Not Returned,Low,4161.6,VIP
702126,Blue Pen,45,2023-06-10 17:00,44.25,0.2,12.83,Electronics,Online,Not Returned,High,1991.25,VIP
208484,White Mug,18,2023-06-10 19:00,63.21,0.49,26.43,Electronics,Online,Not Returned,Low,1137.78,VIP
327827,USB Cable,36,2023-06-11 06:00,64.53,0.0,13.79,Electronics,Online,Not Returned,Low,2323.08,VIP
151588,Notebook,40,2023-06-11 13:00,35.08,0.49,22.79,Electronics,Online,Not Returned,High,1403.1999999999998,VIP
310743,T-shirt,39,2023-06-12 02:00,92.76,0.38,21.09,Electronics,Online,Not Returned,High,3617.64,VIP
892553,USB Cable,15,2023-06-12 05:00,71.71,0.3,7.47,Electronics,Online,Not Returned,Low,1075.65,VIP
200787,Backpack,23,2023-06-12 11:00,43.72,0.19,24.05,Electronics,In-store,Not Returned,Low,1005.56,VIP
528718,Blue Pen,18,2023-06-12 12:00,56.05,0.41,25.37,Electronics,In-store,Returned,High,1008.9,VIP
208406,White Mug,21,2023-06-12 16:00,57.84,0.42,16.89,Electronics,In-store,Returned,Low,1214.64,VIP
759409,Wireless Mouse,41,2023-06-12 18:00,38.01,0.33,19.54,Electronics,In-store,Not Returned,Low,1558.41,VIP
111465,Backpack,33,2023-06-13 08:00,99.27,0.23,28.42,Electronics,Online,Not Returned,High,3275.91,VIP
279675,USB Cable,22,2023-06-14 17:00,54.34,0.46,23.42,Electronics,Online,Returned,Low,1195.48,VIP
318123,Wall Clock,31,2023-06-15 14:00,78.38,0.0,11.53,Electronics,In-store,Returned,Medium,2429.78,VIP
310828,Desk Lamp,17,2023-06-15 16:00,94.49,0.49,23.35,Electronics,In-store,Returned,Low,1606.33,VIP
375055,Wall Clock,22,2023-06-16 18:00,78.7,0.14,21.49,Electronics,In-store,Not Returned,Medium,1731.4,VIP
909067,Desk Lamp,29,2023-06-16 20:00,53.04,0.26,15.79,Electronics,Online,Not Returned,Medium,1538.16,VIP
883834,White Mug,26,2023-06-17 21:00,49.0,0.19,13.26,Electronics,In-store,Not Returned,Low,1274.0,VIP
360731,Blue Pen,41,2023-06-18 08:00,37.38,0.17,16.48,Electronics,In-store,Not Returned,High,1532.5800000000002,VIP
809649,USB Cable,36,2023-06-18 17:00,62.71,0.22,20.99,Electronics,Online,Not Returned,High,2257.56,VIP
848409,Headphones,25,2023-06-18 20:00,64.7,0.05,8.38,Electronics,In-store,Returned,Medium,1617.5,VIP
646701,T-shirt,33,2023-06-18 22:00,40.45,0.2,19.14,Electronics,In-store,Not Returned,Low,1334.85,VIP
133033,T-shirt,31,2023-06-19 04:00,93.79,0.29,20.45,Electronics,In-store,Not Returned,Medium,2907.49,VIP
743392,Wall Clock,47,2023-06-19 11:00,44.3,0.34,19.04,Electronics,Online,Not Returned,Medium,2082.1,VIP
273808,Desk Lamp,41,2023-06-20 03:00,66.96,0.1,9.93,Electronics,Online,Not Returned,High,2745.36,VIP
128063,T-shirt,40,2023-06-20 20:00,38.49,0.44,11.94,Electronics,Online,Not Returned,Low,1539.6,VIP
616817,Wall Clock,41,2023-06-20 22:00,80.35,0.34,29.92,Electronics,Online,Not Returned,High,3294.35,VIP
445328,White Mug,47,2023-06-21 04:00,44.18,0.46,15.48,Electronics,In-store,Not Returned,Medium,2076.46,VIP
408135,Desk Lamp,23,2023-06-21 06:00,61.25,0.15,7.47,Electronics,In-store,Not Returned,Medium,1408.75,VIP
365446,USB Cable,-33,2023-06-21 19:00,-91.82,0.17,,Electronics,Online,Not Returned,Low,3030.06,VIP
722260,Desk Lamp,33,2023-06-21 23:00,83.96,0.14,20.33,Electronics,In-store,Not Returned,Medium,2770.68,VIP
159269,Backpack,47,2023-06-22 04:00,64.98,0.36,28.94,Electronics,In-store,Returned,High,3054.0600000000004,VIP
602542,Blue Pen,46,2023-06-22 21:00,78.18,0.25,29.13,Electronics,In-store,Returned,High,3596.28,VIP
706151,Notebook,44,2023-06-23 06:00,94.16,0.16,28.39,Electronics,In-store,Not Returned,Low,4143.04,VIP
833833,Desk Lamp,34,2023-06-23 12:00,59.81,0.37,27.87,Electronics,Online,Not Returned,Low,2033.54,VIP
662568,Wireless Mouse,44,2023-06-27 03:00,46.95,0.19,23.94,Electronics,Online,Not Returned,Low,2065.8,VIP
241043,Office Chair,-27,2023-06-27 08:00,-88.29,1.0903953871952767,,Electronics,In-store,Not Returned,Medium,2383.8300000000004,VIP
283094,T-shirt,35,2023-06-27 10:00,79.49,0.43,19.59,Electronics,Online,Not Returned,High,2782.15,VIP
705196,Notebook,46,2023-06-27 16:00,30.57,0.48,27.71,Electronics,Online,Not Returned,Low,1406.22,VIP
286983,Office Chair,43,2023-06-28 04:00,59.24,0.37,7.56,Electronics,In-store,Not Returned,Low,2547.32,VIP
708160,Blue Pen,26,2023-06-28 07:00,62.57,0.33,21.37,Electronics,In-store,Returned,Low,1626.82,VIP
296591,Wireless Mouse,23,2023-06-29 12:00,92.69,0.14,25.06,Electronics,Online,Returned,Medium,2131.87,VIP
774877,Backpack,46,2023-06-29 15:00,91.07,0.29,17.08,Electronics,Online,Not Returned,High,4189.219999999999,VIP
595741,Backpack,32,2023-06-29 18:00,80.45,0.25,25.23,Electronics,In-store,Not Returned,Low,2574.4,VIP
639615,White Mug,37,2023-06-29 19:00,29.9,0.38,19.99,Electronics,In-store,Not Returned,High,1106.3,VIP
672381,T-shirt,37,2023-06-30 10:00,40.95,0.19,24.95,Electronics,Online,Not Returned,High,1515.15,VIP
140849,Headphones,17,2023-06-30 18:00,81.54,0.46,24.76,Electronics,In-store,Not Returned,Low,1386.18,VIP
870018,Notebook,49,2023-06-30 20:00,91.28,0.23,15.05,Electronics,In-store,Not Returned,Medium,4472.72,VIP
391162,Notebook,21,2023-07-01 08:00,97.49,0.17,13.72,Electronics,Online,Not Returned,Low,2047.29,VIP
907463,Wall Clock,48,2023-07-01 09:00,61.13,0.2,13.75,Electronics,In-store,Not Returned,Low,2934.24,VIP
954669,White Mug,12,2023-07-01 12:00,85.85,0.42,12.51,Electronics,In-store,Not Returned,Medium,1030.1999999999998,VIP
843708,Office Chair,32,2023-07-02 00:00,62.82,0.15,27.15,Electronics,Online,Not Returned,Low,2010.24,VIP
664482,Wall Clock,49,2023-07-02 04:00,42.97,0.1,18.37,Electronics,Online,Not Returned,High,2105.53,VIP
853646,USB Cable,22,2023-07-02 16:00,94.23,0.36,17.65,Electronics,Online,Not Returned,High,2073.06,VIP
480895,T-shirt,46,2023-07-03 16:00,99.71,0.35,10.3,Electronics,In-store,Not Returned,Low,4586.66,VIP
144828,Headphones,32,2023-07-03 17:00,34.63,0.37,7.29,Electronics,Online,Not Returned,High,1108.16,VIP
913716,Blue Pen,47,2023-07-06 08:00,75.94,0.0,6.88,Electronics,In-store,Returned,Low,3569.18,VIP
605100,Backpack,31,2023-07-06 20:00,92.4,0.31,19.47,Electronics,In-store,Returned,High,2864.4,VIP
166024,White Mug,48,2023-07-07 19:00,67.14,0.22,21.01,Electronics,Online,Not Returned,Medium,3222.7200000000003,VIP
460377,Blue Pen,30,2023-07-08 04:00,90.23,0.14,15.52,Electronics,In-store,Not Returned,High,2706.9,VIP
189037,USB Cable,23,2023-07-08 11:00,60.59,0.07,19.79,Electronics,In-store,Not Returned,Low,1393.5700000000002,VIP
648290,Wireless Mouse,14,2023-07-08 22:00,78.63,0.19,22.24,Electronics,Online,Not Returned,Medium,1100.82,VIP
754735,White Mug,-31,2023-07-09 21:00,-53.73,0.07,,Electronics,Online,Not Returned,High,1665.63,VIP
772153,White Mug,38,2023-07-10 09:00,78.91,0.07,12.19,Electronics,In-store,Not Returned,Low,2998.58,VIP
725560,Blue Pen,35,2023-07-10 21:00,35.63,0.06,13.52,Electronics,In-store,Not Returned,High,1247.0500000000002,VIP
122487,T-shirt,29,2023-07-11 19:00,63.22,0.23,16.64,Electronics,Online,Not Returned,Low,1833.38,VIP
547717,USB Cable,16,2023-07-12 05:00,94.16,0.15,24.19,Electronics,Online,Not Returned,Low,1506.56,VIP
236302,Desk Lamp,16,2023-07-12 13:00,85.84,0.12,23.05,Electronics,In-store,Not Returned,Medium,1373.44,VIP
400106,Office Chair,43,2023-07-14 01:00,42.95,0.39,20.29,Electronics,In-store,Not Returned,Low,1846.85,VIP
507818,Blue Pen,49,2023-07-15 06:00,93.58,0.21,11.42,Electronics,In-store,Not Returned,High,4585.42,VIP
764504,Headphones,15,2023-07-15 15:00,95.47,0.4,18.93,Electronics,In-store,Not Returned,High,1432.05,VIP
757767,USB Cable,41,2023-07-16 12:00,50.19,0.26,13.74,Electronics,Online,Not Returned,Low,2057.79,VIP
690709,Desk Lamp,49,2023-07-16 14:00,83.75,0.06,15.3,Electronics,Online,Not Returned,High,4103.75,VIP
614126,USB Cable,30,2023-07-16 16:00,63.07,0.5,20.76,Electronics,Online,Not Returned,High,1892.1,VIP
648606,Backpack,20,2023-07-17 23:00,51.83,0.43,18.51,Electronics,In-store,Not Returned,High,1036.6,VIP
507011,Backpack,49,2023-07-18 01:00,86.16,0.42,6.53,Electronics,In-store,Not Returned,Low,4221.84,VIP
778403,Office Chair,31,2023-07-18 13:00,38.91,0.24,18.03,Electronics,In-store,Not Returned,Low,1206.2099999999998,VIP
477282,Notebook,19,2023-07-19 07:00,71.49,0.31,29.67,Electronics,Online,Not Returned,Low,1358.31,VIP
164442,Backpack,47,2023-07-19 09:00,47.61,0.3,9.64,Electronics,Online,Not Returned,High,2237.67,VIP
406600,Wireless Mouse,40,2023-07-20 06:00,57.38,0.29,7.79,Electronics,In-store,Not Returned,Low,2295.2000000000003,VIP
464630,Office Chair,46,2023-07-20 23:00,64.94,0.36,12.59,Electronics,In-store,Not Returned,Medium,2987.24,VIP
782747,Desk Lamp,36,2023-07-21 11:00,58.99,0.35,27.1,Electronics,In-store,Not Returned,Low,2123.64,VIP
453079,Blue Pen,16,2023-07-21 21:00,78.55,0.41,9.33,Electronics,Online,Not Returned,Low,1256.8,VIP
929984,Blue Pen,15,2023-07-22 14:00,90.11,0.24,12.5,Electronics,In-store,Returned,High,1351.65,VIP
412683,White Mug,47,2023-07-23 01:00,67.81,0.1,21.18,Electronics,In-store,Not Returned,Medium,3187.07,VIP
931299,Wall Clock,14,2023-07-23 08:00,90.02,0.44,24.01,Electronics,In-store,Not Returned,Medium,1260.28,VIP
139459,USB Cable,16,2023-07-25 12:00,74.51,0.01,24.57,Electronics,In-store,Not Returned,High,1192.16,VIP
773589,Desk Lamp,21,2023-07-26 01:00,62.75,0.43,24.38,Electronics,Online,Not Returned,Low,1317.75,VIP
940350,White Mug,34,2023-07-26 17:00,37.45,0.28,6.13,Electronics,In-store,Not Returned,High,1273.3000000000002,VIP
289468,USB Cable,20,2023-07-27 02:00,82.08,0.34,24.61,Electronics,Online,Not Returned,Low,1641.6,VIP
890841,Notebook,12,2023-07-27 10:00,88.76,0.19,14.51,Electronics,Online,Not Returned,Medium,1065.12,VIP
185443,White Mug,33,2023-07-27 13:00,31.36,0.46,7.01,Electronics,In-store,Not Returned,Low,1034.88,VIP
941189,USB Cable,44,2023-07-27 16:00,34.52,0.26,23.1,Electronics,In-store,Not Returned,High,1518.88,VIP
359525,Desk Lamp,30,2023-07-28 16:00,34.1,0.03,18.44,Electronics,In-store,Not Returned,Medium,1023.0,VIP
895754,Notebook,45,2023-07-28 21:00,45.84,0.11,23.55,Electronics,In-store,Not Returned,Medium,2062.8,VIP
308343,Wall Clock,38,2023-07-29 06:00,43.61,0.31,19.73,Electronics,Online,Not Returned,High,1657.18,VIP
271825,Desk Lamp,42,2023-07-29 10:00,49.39,0.09,26.61,Electronics,Online,Not Returned,Low,2074.38,VIP
335430,T-shirt,29,2023-07-29 12:00,59.57,0.13,12.89,Electronics,In-store,Not Returned,High,1727.53,VIP
931743,Blue Pen,21,2023-07-30 01:00,78.51,0.34,17.36,Electronics,In-store,Not Returned,Medium,1648.71,VIP
921809,Blue Pen,28,2023-07-30 15:00,80.79,0.4,9.77,Electronics,In-store,Not Returned,Low,2262.1200000000003,VIP
904176,Wireless Mouse,27,2023-07-31 05:00,52.74,0.37,6.35,Electronics,Online,Not Returned,Medium,1423.98,VIP
506980,Backpack,49,2023-07-31 16:00,78.18,0.31,11.2,Electronics,Online,Not Returned,High,3830.82,VIP
795902,Notebook,40,2023-07-31 22:00,70.97,0.45,26.2,Electronics,In-store,Not Returned,High,2838.8,VIP
519052,White Mug,-37,2023-08-01 01:00,-90.87,1.720845838940546,,Electronics,Online,Not Returned,Low,3362.19,VIP
857237,Desk Lamp,22,2023-08-01 14:00,49.74,0.43,7.5,Electronics,Online,Not Returned,Low,1094.28,VIP
950531,White Mug,11,2023-08-02 10:00,96.6,0.35,20.43,Electronics,In-store,Not Returned,Medium,1062.6,VIP
728300,White Mug,25,2023-08-02 11:00,75.14,0.38,21.11,Electronics,Online,Returned,Low,1878.5,VIP
757784,Headphones,48,2023-08-05 15:00,44.72,0.42,26.88,Electronics,In-store,Not Returned,High,2146.56,VIP
547842,Desk Lamp,37,2023-08-05 20:00,37.49,0.09,11.72,Electronics,Online,Not Returned,Low,1387.13,VIP
886448,Blue Pen,-49,2023-08-06 01:00,-86.43,0.23,,Electronics,Online,Returned,Low,4235.070000000001,VIP
387669,Desk Lamp,23,2023-08-06 09:00,69.47,0.24,11.12,Electronics,Online,Not Returned,Low,1597.81,VIP
814327,Blue Pen,31,2023-08-06 13:00,41.19,0.33,11.42,Electronics,Online,Not Returned,Medium,1276.89,VIP
115740,Office Chair,34,2023-08-06 22:00,36.5,0.06,18.94,Electronics,Online,Not Returned,Medium,1241.0,VIP
537867,Blue Pen,45,2023-08-07 03:00,66.74,0.07,12.18,Electronics,Online,Not Returned,Low,3003.3,VIP
709349,Desk Lamp,26,2023-08-07 15:00,44.49,0.32,23.87,Electronics,Online,Not Returned,Medium,1156.74,VIP
670240,Desk Lamp,31,2023-08-07 23:00,54.76,0.32,19.39,Electronics,In-store,Not Returned,Medium,1697.56,VIP
660804,White Mug,35,2023-08-08 10:00,90.61,0.18,23.1,Electronics,In-store,Not Returned,Medium,3171.35,VIP
756627,Wireless Mouse,19,2023-08-09 10:00,57.73,0.44,12.11,Electronics,Online,Not Returned,Low,1096.87,VIP
559173,Desk Lamp,30,2023-08-09 11:00,79.93,0.47,15.73,Electronics,Online,Not Returned,Medium,2397.9,VIP
550463,USB Cable,34,2023-08-09 20:00,78.61,0.13,28.95,Electronics,Online,Not Returned,Low,2672.74,VIP
538115,Wall Clock,-30,2023-08-09 21:00,-38.69,1.5952848636833363,,Electronics,Online,Not Returned,High,1160.6999999999998,VIP
759748,Wall Clock,29,2023-08-09 23:00,67.46,0.37,17.71,Electronics,Online,Not Returned,High,1956.34,VIP
785058,Desk Lamp,21,2023-08-10 21:00,55.73,0.23,28.09,Electronics,Online,Not Returned,Low,1170.33,VIP
155450,White Mug,44,2023-08-11 01:00,55.59,0.3,14.15,Electronics,In-store,Not Returned,High,2445.96,VIP
943651,Desk Lamp,28,2023-08-11 19:00,60.67,0.2,28.24,Electronics,In-store,Not Returned,High,1698.76,VIP
563999,Headphones,18,2023-08-12 13:00,57.79,0.23,22.34,Electronics,Online,Not Returned,Medium,1040.22,VIP
302898,T-shirt,17,2023-08-12 15:00,94.94,0.03,12.6,Electronics,In-store,Not Returned,Medium,1613.98,VIP
162740,Desk Lamp,29,2023-08-12 22:00,43.34,0.17,23.81,Electronics,In-store,Not Returned,High,1256.86,VIP
132827,Headphones,49,2023-08-13 00:00,92.04,0.35,7.65,Electronics,Online,Not Returned,Low,4509.96,VIP
866333,Backpack,21,2023-08-14 16:00,77.4,0.02,10.5,Electronics,In-store,Not Returned,Medium,1625.4,VIP
188598,Office Chair,25,2023-08-14 22:00,81.94,0.06,28.55,Electronics,In-store,Returned,Medium,2048.5,VIP
499987,Wall Clock,27,2023-08-15 06:00,61.82,0.45,22.26,Electronics,Online,Not Returned,Medium,1669.14,VIP
195368,T-shirt,18,2023-08-15 19:00,70.97,0.42,25.75,Electronics,In-store,Not Returned,Medium,1277.46,VIP
801795,Office Chair,49,2023-08-16 10:00,28.68,0.13,15.8,Electronics,Online,Not Returned,Low,1405.32,VIP
835268,Office Chair,40,2023-08-16 22:00,67.67,0.2,23.5,Electronics,Online,Not Returned,Low,2706.8,VIP
904491,T-shirt,18,2023-08-17 03:00,95.76,0.29,11.87,Electronics,Online,Not Returned,Low,1723.68,VIP
913620,Wall Clock,22,2023-08-17 04:00,73.19,0.05,23.12,Electronics,In-store,Not Returned,High,1610.1799999999998,VIP
706083,Office Chair,41,2023-08-17 09:00,33.7,0.31,25.58,Electronics,In-store,Not Returned,High,1381.7,VIP
568691,Wireless Mouse,20,2023-08-18 10:00,56.18,0.44,17.28,Electronics,Online,Not Returned,Low,1123.6,VIP
365283,USB Cable,28,2023-08-18 23:00,87.85,0.29,24.14,Electronics,In-store,Returned,High,2459.8,VIP
160117,Wireless Mouse,34,2023-08-19 04:00,39.82,0.29,7.27,Electronics,In-store,Not Returned,Low,1353.88,VIP
160332,Backpack,41,2023-08-19 08:00,58.71,0.29,10.75,Electronics,Online,Not Returned,Medium,2407.11,VIP
260480,Desk Lamp,46,2023-08-19 12:00,87.97,0.14,28.38,Electronics,In-store,Returned,Low,4046.62,VIP
130158,USB Cable,30,2023-08-20 03:00,68.03,0.06,12.48,Electronics,Online,Not Returned,High,2040.9,VIP
962320,White Mug,42,2023-08-21 04:00,87.52,0.34,24.47,Electronics,Online,Not Returned,High,3675.84,VIP
466563,Notebook,24,2023-08-21 22:00,52.96,0.15,20.69,Electronics,Online,Not Returned,High,1271.04,VIP
300755,Wall Clock,49,2023-08-22 11:00,52.02,0.15,21.79,Electronics,In-store,Not Returned,Low,2548.98,VIP
639439,Wall Clock,19,2023-08-22 14:00,88.94,0.49,10.88,Electronics,In-store,Not Returned,Medium,1689.86,VIP
395120,Desk Lamp,41,2023-08-23 00:00,45.92,0.16,28.42,Electronics,Online,Not Returned,Low,1882.72,VIP
551164,Notebook,41,2023-08-23 02:00,53.95,0.23,24.6,Electronics,In-store,Not Returned,Medium,2211.9500000000003,VIP
358512,T-shirt,42,2023-08-23 20:00,49.33,0.0,16.85,Electronics,In-store,Not Returned,Medium,2071.86,VIP
132007,Blue Pen,34,2023-08-24 19:00,37.21,0.48,27.12,Electronics,Online,Not Returned,Low,1265.14,VIP
835158,Office Chair,18,2023-08-25 03:00,93.14,0.34,12.36,Electronics,In-store,Not Returned,Low,1676.52,VIP
716794,Wall Clock,42,2023-08-26 07:00,47.77,0.33,16.79,Electronics,Online,Returned,Medium,2006.34,VIP
236803,Office Chair,46,2023-08-26 14:00,69.5,0.19,11.39,Electronics,Online,Not Returned,Low,3197.0,VIP
262246,Backpack,21,2023-08-26 19:00,90.9,0.26,19.64,Electronics,In-store,Not Returned,High,1908.9,VIP
184482,Backpack,26,2023-08-26 23:00,94.47,0.34,22.16,Electronics,Online,Not Returned,Low,2456.22,VIP
940298,Blue Pen,19,2023-08-28 02:00,70.54,0.27,26.13,Electronics,Online,Not Returned,Medium,1340.2600000000002,VIP
364091,Backpack,22,2023-08-28 23:00,97.09,0.27,29.68,Electronics,In-store,Not Returned,Low,2135.98,VIP
627279,Wireless Mouse,18,2023-08-29 19:00,60.32,0.2,6.54,Electronics,Online,Returned,Medium,1085.76,VIP
773161,Wall Clock,16,2023-08-29 20:00,71.61,0.44,10.27,Electronics,In-store,Not Returned,High,1145.76,VIP
480946,Wall Clock,39,2023-08-30 01:00,62.7,0.1,19.06,Electronics,In-store,Not Returned,Medium,2445.3,VIP
148848,Blue Pen,17,2023-08-30 09:00,67.2,0.04,14.76,Electronics,In-store,Not Returned,High,1142.4,VIP
364186,Headphones,33,2023-08-30 10:00,92.7,0.03,21.71,Electronics,Online,Not Returned,Medium,3059.1,VIP
307070,Headphones,20,2023-08-31 10:00,77.49,0.21,13.58,Electronics,In-store,Not Returned,Low,1549.8,VIP
378462,Headphones,34,2023-09-01 15:00,51.1,0.07,21.22,Electronics,In-store,Not Returned,Low,1737.4,VIP
793180,Desk Lamp,35,2023-09-01 19:00,41.19,0.14,24.33,Electronics,Online,Not Returned,High,1441.65,VIP
913480,Notebook,31,2023-09-03 05:00,61.46,0.49,27.51,Electronics,In-store,Not Returned,Low,1905.26,VIP
822237,Wireless Mouse,45,2023-09-03 09:00,79.93,0.24,15.2,Electronics,In-store,Not Returned,Low,3596.8500000000004,VIP
627956,Wireless Mouse,45,2023-09-04 12:00,61.57,0.05,5.02,Electronics,Online,Not Returned,High,2770.65,VIP
628797,Backpack,40,2023-09-04 16:00,49.05,0.3,12.36,Electronics,In-store,Returned,Low,1962.0,VIP
116683,Backpack,48,2023-09-04 23:00,82.58,0.05,10.32,Electronics,In-store,Not Returned,High,3963.84,VIP
974454,Desk Lamp,33,2023-09-05 09:00,86.56,0.01,7.45,Electronics,In-store,Not Returned,Low,2856.48,VIP
848688,T-shirt,41,2023-09-06 06:00,71.74,0.44,14.1,Electronics,Online,Not Returned,Low,2941.34,VIP
667610,Office Chair,40,2023-09-06 07:00,25.92,0.22,24.58,Electronics,Online,Not Returned,High,1036.8000000000002,VIP
880207,Wall Clock,25,2023-09-06 11:00,55.07,0.35,29.47,Electronics,Online,Not Returned,Low,1376.75,VIP
107322,White Mug,22,2023-09-06 20:00,74.03,0.25,9.84,Electronics,In-store,Not Returned,Medium,1628.66,VIP
826893,Backpack,32,2023-09-07 11:00,67.95,0.12,24.52,Electronics,Online,Not Returned,High,2174.4,VIP
974415,Wall Clock,48,2023-09-07 12:00,65.14,0.48,22.17,Electronics,In-store,Not Returned,Medium,3126.7200000000003,VIP
524001,T-shirt,29,2023-09-07 20:00,71.44,0.19,19.26,Electronics,Online,Not Returned,High,2071.76,VIP
780583,Wall Clock,24,2023-09-08 04:00,58.11,0.22,15.6,Electronics,In-store,Not Returned,High,1394.64,VIP
984113,Headphones,27,2023-09-08 08:00,63.33,0.12,28.87,Electronics,In-store,Returned,High,1709.91,VIP
103573,Office Chair,42,2023-09-08 23:00,59.71,0.32,29.38,Electronics,Online,Returned,Low,2507.82,VIP
674172,USB Cable,42,2023-09-10 16:00,88.82,0.29,21.42,Electronics,Online,Not Returned,High,3730.44,VIP
628044,Blue Pen,21,2023-09-10 23:00,68.52,0.11,20.49,Electronics,Online,Not Returned,Low,1438.9199999999998,VIP
658335,White Mug,36,2023-09-11 05:00,44.44,0.33,8.87,Electronics,In-store,Not Returned,Medium,1599.84,VIP
708976,Blue Pen,46,2023-09-11 10:00,46.36,0.17,10.15,Electronics,In-store,Not Returned,Low,2132.56,VIP
208115,Office Chair,49,2023-09-11 16:00,80.66,0.43,27.81,Electronics,Online,Returned,Low,3952.34,VIP
746174,Notebook,41,2023-09-11 18:00,92.67,0.15,25.71,Electronics,Online,Not Returned,High,3799.47,VIP
702119,Wall Clock,44,2023-09-11 19:00,68.47,0.12,29.97,Electronics,Online,Not Returned,Low,3012.68,VIP
588896,Desk Lamp,30,2023-09-12 02:00,79.97,0.01,12.25,Electronics,In-store,Returned,Low,2399.1,VIP
190034,Headphones,48,2023-09-12 07:00,34.42,0.4,10.62,Electronics,In-store,Not Returned,High,1652.16,VIP
472947,Office Chair,31,2023-09-12 12:00,58.3,0.43,29.66,Electronics,Online,Not Returned,Medium,1807.3,VIP
166107,White Mug,29,2023-09-13 11:00,71.79,0.16,7.68,Electronics,In-store,Not Returned,Low,2081.9100000000003,VIP
859591,T-shirt,23,2023-09-14 09:00,71.11,0.26,18.27,Electronics,Online,Not Returned,Low,1635.53,VIP
329975,USB Cable,15,2023-09-14 10:00,94.37,0.09,24.45,Electronics,In-store,Not Returned,High,1415.5500000000002,VIP
637421,Headphones,33,2023-09-14 11:00,76.77,0.4,29.39,Electronics,Online,Not Returned,Low,2533.41,VIP
407836,USB Cable,-29,2023-09-15 15:00,-67.98,1.5547290146427573,,Electronics,In-store,Not Returned,High,1971.42,VIP
880736,Desk Lamp,16,2023-09-15 19:00,93.08,0.21,15.98,Electronics,In-store,Not Returned,Low,1489.28,VIP
843588,Office Chair,17,2023-09-16 14:00,59.45,0.46,25.08,Electronics,In-store,Returned,Low,1010.65,VIP
725389,Wireless Mouse,11,2023-09-16 20:00,91.3,0.22,17.76,Electronics,In-store,Not Returned,High,1004.3,VIP
157198,Wall Clock,16,2023-09-17 07:00,65.99,0.32,24.77,Electronics,Online,Not Returned,High,1055.84,VIP
509318,Wireless Mouse,45,2023-09-17 11:00,52.52,0.35,29.79,Electronics,Online,Not Returned,Low,2363.4,VIP
974679,Office Chair,32,2023-09-17 17:00,68.02,0.24,20.55,Electronics,Online,Not Returned,Low,2176.64,VIP
172944,Blue Pen,41,2023-09-17 23:00,89.17,0.03,14.73,Electronics,Online,Not Returned,Medium,3655.97,VIP
328594,Blue Pen,26,2023-09-18 18:00,40.24,0.37,9.93,Electronics,Online,Not Returned,Low,1046.24,VIP
983445,Wall Clock,23,2023-09-19 00:00,88.36,0.29,26.17,Electronics,In-store,Not Returned,Medium,2032.28,VIP
763610,Wall Clock,38,2023-09-19 22:00,71.71,0.16,21.96,Electronics,In-store,Not Returned,Medium,2724.98,VIP
862314,USB Cable,45,2023-09-20 00:00,85.58,0.48,29.47,Electronics,Online,Returned,Low,3851.1,VIP
492445,T-shirt,40,2023-09-20 04:00,36.07,0.24,16.47,Electronics,In-store,Not Returned,High,1442.8,VIP
320651,Notebook,22,2023-09-20 12:00,90.92,0.39,20.57,Electronics,In-store,Not Returned,High,2000.24,VIP
122474,Headphones,44,2023-09-21 07:00,69.28,0.41,23.2,Electronics,Online,Not Returned,High,3048.32,VIP
504225,Wireless Mouse,30,2023-09-21 11:00,46.11,0.1,7.9,Electronics,In-store,Not Returned,High,1383.3,VIP
712772,Headphones,26,2023-09-21 13:00,68.84,0.3,12.0,Electronics,Online,Not Returned,Medium,1789.84,VIP
529318,Wireless Mouse,25,2023-09-21 22:00,93.13,0.38,5.49,Electronics,In-store,Not Returned,Medium,2328.25,VIP
909697,Office Chair,16,2023-09-22 05:00,89.89,0.19,20.47,Electronics,Online,Not Returned,Low,1438.24,VIP
260802,Blue Pen,44,2023-09-23 02:00,93.85,0.05,20.3,Electronics,In-store,Not Returned,Medium,4129.4,VIP
330083,Backpack,22,2023-09-23 06:00,85.53,0.28,29.71,Electronics,In-store,Not Returned,Medium,1881.66,VIP
430239,Desk Lamp,29,2023-09-23 13:00,43.55,0.39,7.07,Electronics,Online,Not Returned,Medium,1262.9499999999998,VIP
817648,Blue Pen,49,2023-09-23 14:00,27.64,0.33,27.57,Electronics,Online,Not Returned,Medium,1354.36,VIP
634221,T-shirt,27,2023-09-24 11:00,76.34,0.32,18.83,Electronics,Online,Not Returned,Low,2061.1800000000003,VIP
656267,Notebook,44,2023-09-24 12:00,41.83,0.13,18.15,Electronics,Online,Not Returned,High,1840.52,VIP
601166,Desk Lamp,26,2023-09-25 01:00,84.1,0.22,21.62,Electronics,In-store,Not Returned,Low,2186.6,VIP
418558,USB Cable,37,2023-09-25 07:00,32.94,0.47,27.57,Electronics,In-store,Not Returned,High,1218.78,VIP
132691,Notebook,48,2023-09-25 11:00,75.24,0.36,21.92,Electronics,In-store,Not Returned,Low,3611.52,VIP
315932,Wireless Mouse,38,2023-09-25 16:00,95.72,0.4,24.06,Electronics,In-store,Not Returned,High,3637.36,VIP
574514,Office Chair,43,2023-09-25 21:00,41.8,0.01,24.45,Electronics,Online,Not Returned,Low,1797.4,VIP
587123,Office Chair,28,2023-09-25 23:00,77.35,0.34,8.99,Electronics,In-store,Not Returned,Medium,2165.8,VIP
337903,Notebook,48,2023-09-26 03:00,89.73,0.27,11.99,Electronics,Online,Not Returned,Low,4307.04,VIP
306724,Desk Lamp,35,2023-09-26 04:00,35.46,0.36,10.73,Electronics,In-store,Not Returned,Medium,1241.1,VIP
402118,USB Cable,18,2023-09-27 00:00,78.53,0.48,18.22,Electronics,In-store,Not Returned,High,1413.54,VIP
149934,USB Cable,35,2023-09-27 11:00,41.11,0.36,21.17,Electronics,Online,Not Returned,Medium,1438.85,VIP
476720,Wall Clock,46,2023-09-27 21:00,54.01,0.35,8.92,Electronics,In-store,Not Returned,Medium,2484.46,VIP
626854,T-shirt,28,2023-09-28 12:00,62.7,0.21,14.74,Electronics,In-store,Not Returned,Low,1755.6,VIP
560333,Desk Lamp,46,2023-09-28 19:00,93.78,0.15,17.74,Electronics,In-store,Not Returned,High,4313.88,VIP
310674,USB Cable,-34,2023-09-28 20:00,-41.8,0.26,,Electronics,In-store,Returned,Low,1421.1999999999998,VIP
486009,Wall Clock,22,2023-09-29 00:00,69.89,0.16,21.25,Electronics,In-store,Not Returned,Low,1537.58,VIP
797484,Wall Clock,25,2023-09-29 20:00,62.79,0.18,8.51,Electronics,Online,Not Returned,Medium,1569.75,VIP
788427,Notebook,27,2023-09-30 00:00,74.51,0.36,10.42,Electronics,Online,Not Returned,High,2011.77,VIP
562715,Blue Pen,31,2023-09-30 02:00,94.18,0.42,15.63,Electronics,In-store,Not Returned,Medium,2919.5800000000004,VIP
693519,Headphones,30,2023-09-30 08:00,78.98,0.46,13.78,Electronics,In-store,Not Returned,Low,2369.4,VIP
334891,T-shirt,16,2023-10-02 11:00,80.72,0.29,20.82,Electronics,Online,Returned,Low,1291.52,VIP
919567,Blue Pen,27,2023-10-02 14:00,58.04,0.39,12.05,Electronics,Online,Not Returned,High,1567.08,VIP
987063,T-shirt,48,2023-10-04 16:00,28.68,0.27,18.02,Electronics,In-store,Not Returned,High,1376.64,VIP
326608,Blue Pen,25,2023-10-04 18:00,48.26,0.3,17.79,Electronics,In-store,Not Returned,High,1206.5,VIP
587889,Headphones,19,2023-10-04 19:00,73.66,0.18,7.24,Electronics,Online,Not Returned,Medium,1399.54,VIP
266343,Notebook,30,2023-10-06 08:00,86.1,0.17,23.65,Electronics,In-store,Returned,Low,2583.0,VIP
229549,Wall Clock,49,2023-10-06 13:00,49.53,0.47,15.02,Electronics,In-store,Not Returned,High,2426.9700000000003,VIP
116494,Desk Lamp,20,2023-10-07 04:00,82.23,0.31,8.77,Electronics,In-store,Not Returned,Low,1644.6,VIP
751371,Backpack,33,2023-10-07 15:00,60.69,0.31,22.4,Electronics,Online,Not Returned,Medium,2002.77,VIP
783803,Wireless Mouse,-42,2023-10-08 07:00,-80.48,1.2275533851915472,,Electronics,Online,Not Returned,Low,3380.1600000000003,VIP
156938,T-shirt,27,2023-10-09 23:00,95.02,0.23,16.26,Electronics,In-store,Returned,Medium,2565.54,VIP
997593,White Mug,47,2023-10-10 04:00,93.63,0.03,10.4,Electronics,In-store,Not Returned,Medium,4400.61,VIP
594925,White Mug,26,2023-10-10 09:00,54.05,0.41,14.92,Electronics,Online,Not Returned,Medium,1405.3,VIP
573675,Desk Lamp,36,2023-10-10 12:00,69.16,0.15,14.16,Electronics,Online,Not Returned,High,2489.76,VIP
727045,Notebook,36,2023-10-11 00:00,30.13,0.43,19.28,Electronics,Online,Not Returned,Low,1084.68,VIP
775144,USB Cable,31,2023-10-11 09:00,67.36,0.04,8.21,Electronics,In-store,Not Returned,Medium,2088.16,VIP
822779,Notebook,33,2023-10-12 00:00,50.77,0.33,21.37,Electronics,In-store,Not Returned,High,1675.41,VIP
726414,Wireless Mouse,42,2023-10-12 02:00,41.27,0.2,12.93,Electronics,Online,Not Returned,High,1733.34,VIP
438117,Desk Lamp,20,2023-10-12 08:00,85.74,0.1,16.67,Electronics,Online,Not Returned,Medium,1714.8,VIP
872871,Backpack,23,2023-10-14 03:00,70.02,0.14,16.73,Electronics,Online,Not Returned,High,1610.4599999999998,VIP
784661,T-shirt,36,2023-10-14 10:00,68.14,0.06,20.69,Electronics,Online,Not Returned,Medium,2453.04,VIP
224908,USB Cable,30,2023-10-14 16:00,71.74,0.42,11.87,Electronics,Online,Not Returned,High,2152.2,VIP
177481,Wireless Mouse,24,2023-10-15 03:00,54.8,0.09,24.91,Electronics,In-store,Not Returned,Medium,1315.1999999999998,VIP
714505,Wall Clock,37,2023-10-15 06:00,90.53,0.3,5.51,Electronics,In-store,Not Returned,High,3349.61,VIP
498649,T-shirt,38,2023-10-15 20:00,59.58,0.31,14.31,Electronics,Online,Not Returned,Medium,2264.04,VIP
301168,Desk Lamp,29,2023-10-16 03:00,99.31,0.43,19.91,Electronics,In-store,Not Returned,High,2879.99,VIP
140615,Office Chair,36,2023-10-16 07:00,40.85,0.21,10.53,Electronics,In-store,Not Returned,Medium,1470.6,VIP
132894,Office Chair,16,2023-10-17 03:00,92.26,0.11,5.51,Electronics,In-store,Not Returned,Low,1476.16,VIP
535796,T-shirt,31,2023-10-17 05:00,44.46,0.04,23.76,Electronics,In-store,Not Returned,Medium,1378.26,VIP
660375,USB Cable,46,2023-10-17 07:00,79.26,0.07,22.85,Electronics,In-store,Returned,High,3645.96,VIP
909985,White Mug,41,2023-10-17 12:00,96.3,0.27,29.27,Electronics,Online,Not Returned,Medium,3948.3,VIP
603362,USB Cable,35,2023-10-19 05:00,69.63,0.24,24.7,Electronics,In-store,Not Returned,Low,2437.05,VIP
227162,Headphones,19,2023-10-19 07:00,94.24,0.49,29.42,Electronics,In-store,Not Returned,High,1790.56,VIP
418629,White Mug,23,2023-10-19 18:00,98.06,0.11,14.24,Electronics,In-store,Not Returned,High,2255.38,VIP
241110,Wall Clock,41,2023-10-19 23:00,81.76,0.27,13.78,Electronics,Online,Returned,Medium,3352.1600000000003,VIP
546395,Desk Lamp,18,2023-10-20 08:00,59.14,0.22,10.39,Electronics,In-store,Not Returned,High,1064.52,VIP
280875,T-shirt,23,2023-10-21 01:00,90.18,0.27,24.28,Electronics,In-store,Not Returned,Low,2074.1400000000003,VIP
165123,Notebook,38,2023-10-21 09:00,90.69,0.06,25.0,Electronics,Online,Not Returned,High,3446.22,VIP
336932,USB Cable,28,2023-10-22 05:00,77.52,0.1,20.5,Electronics,Online,Not Returned,High,2170.56,VIP
936115,Backpack,43,2023-10-22 07:00,97.57,0.42,24.2,Electronics,In-store,Not Returned,Low,4195.509999999999,VIP
718644,Backpack,33,2023-10-22 08:00,69.92,0.01,25.06,Electronics,In-store,Not Returned,Medium,2307.36,VIP
710357,Backpack,27,2023-10-22 21:00,47.54,0.07,9.31,Electronics,In-store,Not Returned,Medium,1283.58,VIP
105699,Desk Lamp,38,2023-10-23 00:00,90.41,0.41,17.7,Electronics,In-store,Not Returned,High,3435.58,VIP
972362,Office Chair,49,2023-10-24 10:00,77.65,0.23,21.99,Electronics,In-store,Not Returned,High,3804.85,VIP
875654,Desk Lamp,48,2023-10-26 10:00,67.57,0.19,16.41,Electronics,In-store,Not Returned,High,3243.36,VIP
370896,USB Cable,21,2023-10-26 11:00,55.48,0.02,18.28,Electronics,In-store,Returned,Low,1165.08,VIP
818835,Notebook,38,2023-10-27 01:00,47.04,0.42,21.44,Electronics,Online,Not Returned,Medium,1787.52,VIP
380684,Desk Lamp,32,2023-10-27 03:00,89.25,0.38,15.04,Electronics,In-store,Not Returned,Medium,2856.0,VIP
210947,Desk Lamp,37,2023-10-28 00:00,44.55,0.02,19.13,Electronics,In-store,Not Returned,High,1648.35,VIP
196320,Blue Pen,42,2023-10-28 10:00,63.61,0.06,23.81,Electronics,In-store,Not Returned,Medium,2671.62,VIP
994759,Blue Pen,45,2023-10-28 19:00,30.09,0.4,20.08,Electronics,In-store,Not Returned,High,1354.05,VIP
300349,Blue Pen,-36,2023-10-30 10:00,-48.43,0.34,,Electronics,Online,Not Returned,Medium,1743.48,VIP
481522,Notebook,25,2023-10-31 06:00,66.13,0.01,21.42,Electronics,Online,Not Returned,Low,1653.25,VIP
110856,White Mug,20,2023-11-02 16:00,58.7,0.28,17.81,Electronics,In-store,Not Returned,Medium,1174.0,VIP
989735,Blue Pen,42,2023-11-03 02:00,33.62,0.44,12.52,Electronics,In-store,Not Returned,High,1412.04,VIP
508542,Notebook,35,2023-11-03 20:00,77.22,0.44,15.57,Electronics,In-store,Not Returned,Medium,2702.7,VIP
514556,Office Chair,20,2023-11-04 12:00,70.49,0.02,8.47,Electronics,In-store,Not Returned,High,1409.8,VIP
735536,Office Chair,11,2023-11-05 01:00,91.36,0.22,27.77,Electronics,In-store,Not Returned,High,1004.96,VIP
701601,Blue Pen,32,2023-11-05 02:00,86.97,0.44,13.84,Electronics,Online,Not Returned,Low,2783.04,VIP
183956,Wireless Mouse,44,2023-11-06 01:00,98.81,0.01,14.61,Electronics,In-store,Not Returned,High,4347.64,VIP
418342,Wireless Mouse,19,2023-11-06 04:00,83.41,0.29,6.09,Electronics,In-store,Returned,High,1584.79,VIP
343429,Office Chair,38,2023-11-06 05:00,65.54,0.48,18.3,Electronics,In-store,Not Returned,Medium,2490.5200000000004,VIP
132800,Wall Clock,-34,2023-11-06 18:00,-36.29,0.2,,Electronics,In-store,Returned,Medium,1233.86,VIP
707777,Headphones,40,2023-11-09 01:00,82.98,0.26,26.35,Electronics,In-store,Not Returned,Low,3319.2000000000003,VIP
910309,Office Chair,26,2023-11-09 02:00,46.72,0.15,18.93,Electronics,Online,Returned,High,1214.72,VIP
210159,USB Cable,38,2023-11-09 17:00,27.72,0.47,10.6,Electronics,Online,Not Returned,Low,1053.36,VIP
906016,Wall Clock,46,2023-11-09 19:00,84.83,0.36,17.65,Electronics,In-store,Not Returned,High,3902.18,VIP
484379,Notebook,24,2023-11-09 21:00,80.76,0.24,19.88,Electronics,In-store,Not Returned,Medium,1938.24,VIP
887557,White Mug,44,2023-11-10 04:00,98.67,0.32,29.56,Electronics,In-store,Not Returned,Low,4341.4800000000005,VIP
232762,Notebook,24,2023-11-10 13:00,85.41,0.38,18.07,Electronics,Online,Not Returned,High,2049.84,VIP
957370,Notebook,36,2023-11-10 23:00,66.01,0.15,11.1,Electronics,In-store,Not Returned,High,2376.36,VIP
431974,Notebook,31,2023-11-11 10:00,89.95,0.05,20.51,Electronics,Online,Not Returned,High,2788.4500000000003,VIP
654358,Headphones,22,2023-11-11 20:00,68.42,0.41,22.18,Electronics,In-store,Not Returned,High,1505.24,VIP
773403,T-shirt,30,2023-11-12 09:00,37.24,0.29,7.17,Electronics,Online,Not Returned,High,1117.2,VIP
677697,Desk Lamp,23,2023-11-12 16:00,95.14,0.31,17.74,Electronics,In-store,Returned,Low,2188.22,VIP
269461,Wireless Mouse,45,2023-11-13 00:00,36.32,0.17,9.38,Electronics,Online,Returned,Medium,1634.4,VIP
212168,Wall Clock,20,2023-11-13 05:00,78.34,0.23,5.46,Electronics,In-store,Not Returned,Medium,1566.8000000000002,VIP
708458,Headphones,33,2023-11-13 06:00,95.04,0.14,15.79,Electronics,In-store,Not Returned,Medium,3136.32,VIP
133435,USB Cable,45,2023-11-14 00:00,83.49,0.01,12.21,Electronics,Online,Not Returned,High,3757.05,VIP
123838,USB Cable,46,2023-11-14 10:00,30.84,0.32,20.18,Electronics,In-store,Returned,Medium,1418.64,VIP
980623,Notebook,-15,2023-11-14 17:00,-92.04,1.84268743346039,,Electronics,In-store,Not Returned,Low,1380.6,VIP
759216,Office Chair,31,2023-11-15 06:00,90.87,0.37,17.11,Electronics,Online,Not Returned,High,2816.9700000000003,VIP
602434,Wireless Mouse,19,2023-11-15 10:00,90.61,0.37,20.1,Electronics,In-store,Not Returned,Low,1721.59,VIP
135017,Wall Clock,23,2023-11-15 17:00,64.72,0.3,20.81,Electronics,In-store,Not Returned,Medium,1488.56,VIP
652129,Wall Clock,48,2023-11-16 11:00,47.26,0.28,26.13,Electronics,In-store,Not Returned,High,2268.48,VIP
629622,Blue Pen,19,2023-11-16 13:00,83.96,0.18,7.29,Electronics,Online,Not Returned,Medium,1595.2399999999998,VIP
951982,Notebook,23,2023-11-16 23:00,73.36,0.19,23.17,Electronics,Online,Not Returned,Low,1687.28,VIP
496679,T-shirt,20,2023-11-19 17:00,51.37,0.09,25.86,Electronics,Online,Returned,Low,1027.4,VIP
203245,Headphones,28,2023-11-20 00:00,99.71,0.44,14.21,Electronics,Online,Not Returned,Low,2791.88,VIP
362749,Office Chair,21,2023-11-20 04:00,73.53,0.24,28.87,Electronics,In-store,Not Returned,Low,1544.13,VIP
717722,White Mug,48,2023-11-20 19:00,34.61,0.36,17.78,Electronics,In-store,Returned,High,1661.28,VIP
751355,Desk Lamp,37,2023-11-21 07:00,85.73,0.03,18.42,Electronics,In-store,Not Returned,Medium,3172.01,VIP
814413,Notebook,35,2023-11-21 14:00,44.68,0.02,21.62,Electronics,Online,Returned,Low,1563.8,VIP
589554,Wall Clock,19,2023-11-21 15:00,58.79,0.27,28.13,Electronics,Online,Not Returned,High,1117.01,VIP
403273,White Mug,46,2023-11-22 11:00,79.08,0.14,15.05,Electronics,Online,Not Returned,High,3637.68,VIP
648682,Office Chair,11,2023-11-22 14:00,98.08,0.17,11.64,Electronics,Online,Not Returned,High,1078.88,VIP
876524,USB Cable,44,2023-11-22 17:00,78.93,0.17,20.92,Electronics,In-store,Not Returned,Low,3472.92,VIP
987424,T-shirt,43,2023-11-22 23:00,78.34,0.1,9.49,Electronics,In-store,Returned,High,3368.6200000000003,VIP
629092,Office Chair,46,2023-11-23 00:00,96.81,0.4,24.92,Electronics,Online,Not Returned,High,4453.26,VIP
157450,Desk Lamp,46,2023-11-23 02:00,34.95,0.45,20.88,Electronics,Online,Not Returned,High,1607.7,VIP
663728,Office Chair,40,2023-11-23 12:00,48.71,0.15,22.76,Electronics,In-store,Not Returned,High,1948.4,VIP
168517,T-shirt,27,2023-11-23 18:00,86.19,0.13,21.0,Electronics,Online,Not Returned,High,2327.13,VIP
154470,T-shirt,33,2023-11-25 15:00,47.97,0.26,15.67,Electronics,Online,Not Returned,Low,1583.01,VIP
176668,Office Chair,22,2023-11-25 22:00,97.98,0.31,5.77,Electronics,Online,Not Returned,Low,2155.56,VIP
451105,Headphones,13,2023-11-26 15:00,77.13,0.4,17.12,Electronics,Online,Not Returned,Medium,1002.69,VIP
113763,Headphones,43,2023-11-26 20:00,49.66,0.22,8.19,Electronics,In-store,Not Returned,Low,2135.38,VIP
778787,White Mug,30,2023-11-27 09:00,49.97,0.48,10.46,Electronics,Online,Not Returned,High,1499.1,VIP
851500,USB Cable,30,2023-11-29 14:00,75.39,0.09,23.8,Electronics,In-store,Not Returned,Medium,2261.7,VIP
891269,Wireless Mouse,19,2023-11-29 17:00,57.93,0.45,7.7,Electronics,Online,Not Returned,Low,1100.67,VIP
365853,T-shirt,25,2023-11-30 10:00,52.77,0.06,8.06,Electronics,Online,Not Returned,Low,1319.25,VIP
869140,Office Chair,35,2023-11-30 18:00,30.4,0.32,6.34,Electronics,Online,Not Returned,Low,1064.0,VIP
254147,Headphones,33,2023-12-01 16:00,60.52,0.08,19.38,Electronics,In-store,Not Returned,High,1997.16,VIP
297968,Office Chair,45,2023-12-02 06:00,42.55,0.4,26.5,Electronics,In-store,Not Returned,Medium,1914.75,VIP
264097,Blue Pen,45,2023-12-02 16:00,30.71,0.35,13.19,Electronics,Online,Not Returned,High,1381.95,VIP
898083,Wireless Mouse,44,2023-12-02 17:00,26.52,0.42,26.81,Electronics,In-store,Not Returned,Medium,1166.88,VIP
768949,Notebook,17,2023-12-02 22:00,93.54,0.19,21.33,Electronics,Online,Not Returned,Low,1590.18,VIP
926200,USB Cable,42,2023-12-02 23:00,37.14,0.09,10.33,Electronics,In-store,Not Returned,Low,1559.88,VIP
971990,Notebook,33,2023-12-03 01:00,64.78,0.42,24.91,Electronics,Online,Not Returned,High,2137.74,VIP
935617,USB Cable,31,2023-12-04 00:00,76.09,0.09,15.13,Electronics,Online,Not Returned,Medium,2358.79,VIP
677950,T-shirt,18,2023-12-04 10:00,81.4,0.13,8.35,Electronics,Online,Not Returned,Medium,1465.2,VIP
684978,Office Chair,37,2023-12-05 07:00,62.19,0.03,7.59,Electronics,Online,Not Returned,Medium,2301.03,VIP
917679,T-shirt,35,2023-12-05 13:00,32.66,0.12,14.08,Electronics,Online,Not Returned,High,1143.1,VIP
156480,Wireless Mouse,47,2023-12-06 01:00,90.28,0.46,23.74,Electronics,In-store,Not Returned,High,4243.16,VIP
711786,Blue Pen,33,2023-12-06 07:00,66.9,0.01,13.59,Electronics,In-store,Not Returned,Low,2207.7000000000003,VIP
968894,Headphones,-39,2023-12-06 21:00,-48.75,1.272553554096217,,Electronics,Online,Not Returned,Low,1901.25,VIP
484571,Desk Lamp,48,2023-12-07 18:00,82.5,0.1,25.96,Electronics,Online,Not Returned,Medium,3960.0,VIP
796731,Headphones,43,2023-12-08 04:00,44.93,0.3,25.59,Electronics,Online,Not Returned,Medium,1931.99,VIP
953974,White Mug,16,2023-12-08 06:00,77.89,0.33,19.67,Electronics,In-store,Not Returned,Low,1246.24,VIP
673792,Office Chair,30,2023-12-08 14:00,68.83,0.14,26.69,Electronics,In-store,Not Returned,High,2064.9,VIP
134070,Wireless Mouse,17,2023-12-08 18:00,88.69,0.11,20.92,Electronics,In-store,Not Returned,High,1507.73,VIP
679419,Wall Clock,25,2023-12-09 09:00,43.63,0.27,24.88,Electronics,In-store,Not Returned,High,1090.75,VIP
588594,Wireless Mouse,48,2023-12-09 18:00,47.25,0.15,24.97,Electronics,Online,Not Returned,High,2268.0,VIP
144561,White Mug,35,2023-12-09 22:00,94.19,0.26,23.61,Electronics,In-store,Not Returned,Low,3296.65,VIP
133779,White Mug,18,2023-12-10 02:00,85.16,0.17,7.94,Electronics,In-store,Not Returned,High,1532.88,VIP
882846,White Mug,17,2023-12-10 11:00,58.84,0.42,26.09,Electronics,Online,Not Returned,Medium,1000.28,VIP
304298,Desk Lamp,21,2023-12-10 20:00,69.25,0.16,21.49,Electronics,Online,Not Returned,Low,1454.25,VIP
176086,Headphones,23,2023-12-11 21:00,48.59,0.41,17.07,Electronics,Online,Not Returned,Medium,1117.5700000000002,VIP
955992,Desk Lamp,35,2023-12-11 23:00,49.04,0.33,26.56,Electronics,In-store,Not Returned,High,1716.4,VIP
236949,Headphones,42,2023-12-12 07:00,32.28,0.13,18.53,Electronics,Online,Returned,High,1355.76,VIP
602240,Wall Clock,37,2023-12-12 08:00,67.76,0.08,15.05,Electronics,Online,Not Returned,Low,2507.1200000000003,VIP
659190,Desk Lamp,25,2023-12-12 16:00,94.22,0.26,26.79,Electronics,In-store,Not Returned,Medium,2355.5,VIP
940038,Desk Lamp,30,2023-12-12 17:00,39.64,0.42,26.93,Electronics,In-store,Not Returned,Medium,1189.2,VIP
973589,Desk Lamp,14,2023-12-13 00:00,83.91,0.17,12.31,Electronics,Online,Not Returned,Low,1174.74,VIP
841873,USB Cable,39,2023-12-13 01:00,26.82,0.41,24.88,Electronics,In-store,Not Returned,Low,1045.98,VIP
681491,Blue Pen,-50,2023-12-13 04:00,-98.19,0.13,,Electronics,Online,Not Returned,High,4909.5,VIP
155448,Desk Lamp,17,2023-12-13 14:00,88.24,0.31,13.2,Electronics,In-store,Not Returned,Medium,1500.08,VIP
694191,Blue Pen,30,2023-12-13 15:00,98.97,0.29,15.25,Electronics,In-store,Not Returned,Low,2969.1,VIP
366634,Wireless Mouse,29,2023-12-14 01:00,96.58,0.01,26.36,Electronics,In-store,Not Returned,Medium,2800.82,VIP
116833,Office Chair,42,2023-12-14 20:00,29.36,0.14,15.02,Electronics,In-store,Not Returned,Low,1233.12,VIP
487884,Notebook,19,2023-12-14 23:00,97.72,0.04,25.15,Electronics,Online,Not Returned,Medium,1856.68,VIP
496561,Notebook,21,2023-12-15 08:00,54.13,0.1,17.32,Electronics,Online,Not Returned,Low,1136.73,VIP
353442,Office Chair,30,2023-12-15 12:00,34.03,0.29,5.67,Electronics,In-store,Not Returned,High,1020.9,VIP
679940,Wireless Mouse,25,2023-12-16 13:00,52.85,0.38,29.01,Electronics,In-store,Not Returned,High,1321.25,VIP
333367,Wireless Mouse,27,2023-12-16 19:00,55.26,0.42,7.46,Electronics,Online,Not Returned,Low,1492.02,VIP
242463,White Mug,27,2023-12-17 08:00,41.62,0.37,22.55,Electronics,Online,Not Returned,Medium,1123.74,VIP
880534,Wall Clock,37,2023-12-17 23:00,85.47,0.4,17.51,Electronics,In-store,Not Returned,Low,3162.39,VIP
895326,T-shirt,32,2023-12-19 03:00,78.96,0.44,10.59,Electronics,In-store,Not Returned,Medium,2526.72,VIP
957353,Wireless Mouse,28,2023-12-19 17:00,44.73,0.49,15.0,Electronics,Online,Not Returned,High,1252.4399999999998,VIP
365080,Notebook,19,2023-12-20 05:00,72.59,0.39,21.76,Electronics,In-store,Not Returned,Medium,1379.21,VIP
850750,Headphones,46,2023-12-20 10:00,51.9,0.4,17.68,Electronics,In-store,Not Returned,High,2387.4,VIP
921619,Notebook,34,2023-12-20 13:00,60.23,0.31,17.03,Electronics,Online,Not Returned,Medium,2047.82,VIP
142536,Blue Pen,28,2023-12-20 15:00,98.09,0.05,9.31,Electronics,Online,Not Returned,Low,2746.52,VIP
997714,Blue Pen,44,2023-12-20 18:00,38.39,0.04,9.02,Electronics,In-store,Not Returned,Medium,1689.16,VIP
116560,White Mug,41,2023-12-22 16:00,32.24,0.5,27.12,Electronics,Online,Not Returned,High,1321.84,VIP
427296,Notebook,27,2023-12-22 18:00,72.82,0.03,22.56,Electronics,Online,Not Returned,High,1966.14,VIP
476439,Wireless Mouse,29,2023-12-23 10:00,87.52,0.12,18.09,Electronics,Online,Not Returned,Medium,2538.08,VIP
983223,Office Chair,35,2023-12-23 13:00,98.35,0.13,23.08,Electronics,Online,Not Returned,Medium,3442.25,VIP
202262,Wireless Mouse,20,2023-12-23 14:00,52.64,0.13,26.43,Electronics,Online,Not Returned,Low,1052.8,VIP
402824,Blue Pen,23,2023-12-24 02:00,80.87,0.16,26.78,Electronics,In-store,Not Returned,Medium,1860.01,VIP
159179,Backpack,32,2023-12-24 05:00,74.48,0.31,28.35,Electronics,In-store,Not Returned,High,2383.36,VIP
344245,Wall Clock,37,2023-12-25 02:00,47.22,0.29,15.83,Electronics,In-store,Not Returned,Medium,1747.14,VIP
340734,Blue Pen,44,2023-12-25 05:00,98.64,0.21,10.14,Electronics,Online,Not Returned,High,4340.16,VIP
792323,Wireless Mouse,33,2023-12-25 19:00,84.42,0.2,24.02,Electronics,Online,Not Returned,High,2785.86,VIP
286513,T-shirt,30,2023-12-26 18:00,62.57,0.1,28.14,Electronics,In-store,Not Returned,Medium,1877.1,VIP
144560,Headphones,41,2023-12-27 12:00,85.75,0.15,27.63,Electronics,In-store,Not Returned,Low,3515.75,VIP
858618,Blue Pen,47,2023-12-28 04:00,83.74,0.41,22.79,Electronics,In-store,Not Returned,Low,3935.78,VIP
353154,T-shirt,19,2023-12-28 19:00,91.26,0.45,25.65,Electronics,In-store,Not Returned,Medium,1733.94,VIP
811865,Headphones,42,2023-12-28 23:00,70.36,0.01,6.35,Electronics,In-store,Not Returned,Low,2955.12,VIP
310582,Wireless Mouse,24,2023-12-29 01:00,92.03,0.15,13.83,Electronics,Online,Not Returned,Medium,2208.7200000000003,VIP
172005,Backpack,34,2023-12-29 06:00,73.26,0.48,10.45,Electronics,Online,Not Returned,Low,2490.84,VIP
125040,Notebook,14,2023-12-29 07:00,94.69,0.48,11.64,Electronics,Online,Not Returned,Medium,1325.66,VIP
976899,White Mug,46,2023-12-29 13:00,64.96,0.44,6.35,Electronics,Online,Not Returned,Low,2988.16,VIP
175764,Blue Pen,-21,2023-12-30 02:00,-79.04,0.11,,Electronics,In-store,Not Returned,High,1659.84,VIP
764578,Desk Lamp,39,2023-12-30 03:00,90.81,0.21,28.58,Electronics,Online,Not Returned,Medium,3541.59,VIP
802221,Backpack,21,2023-12-30 09:00,92.72,0.42,24.02,Electronics,Online,Not Returned,Low,1947.12,VIP
916339,Wireless Mouse,27,2023-12-30 10:00,77.35,0.39,5.69,Electronics,In-store,Not Returned,Medium,2088.45,VIP
965028,T-shirt,45,2023-12-30 23:00,37.44,0.29,5.76,Electronics,In-store,Not Returned,Medium,1684.8,VIP
244199,Backpack,44,2023-12-31 03:00,52.52,0.05,28.2,Electronics,Online,Not Returned,Low,2310.88,VIP
326286,Wireless Mouse,45,2024-01-01 05:00,65.61,0.22,25.76,Electronics,In-store,Not Returned,Low,2952.45,VIP
370057,Headphones,23,2024-01-01 09:00,93.78,0.05,10.87,Electronics,In-store,Not Returned,High,2156.94,VIP
332791,T-shirt,37,2024-01-01 14:00,85.25,0.22,17.14,Electronics,Online,Not Returned,Medium,3154.25,VIP
337406,Notebook,39,2024-01-01 21:00,25.98,0.21,29.34,Electronics,Online,Not Returned,Low,1013.22,VIP
307588,Notebook,40,2024-01-01 23:00,85.96,0.34,22.04,Electronics,Online,Not Returned,High,3438.4,VIP
839173,T-shirt,27,2024-01-02 04:00,87.09,0.45,6.37,Electronics,In-store,Not Returned,High,2351.4300000000003,VIP
995766,White Mug,47,2024-01-02 14:00,27.99,0.15,28.15,Electronics,In-store,Not Returned,Medium,1315.53,VIP
189359,USB Cable,27,2024-01-03 08:00,54.09,0.28,11.07,Electronics,In-store,Not Returned,Medium,1460.43,VIP
575152,Desk Lamp,46,2024-01-03 09:00,70.12,0.4,24.39,Electronics,Online,Not Returned,Low,3225.5200000000004,VIP
734328,Headphones,17,2024-01-03 21:00,98.05,0.04,10.17,Electronics,Online,Returned,Medium,1666.85,VIP
947520,Desk Lamp,32,2024-01-04 21:00,98.72,0.03,26.01,Electronics,Online,Returned,High,3159.04,VIP
367808,White Mug,46,2024-01-05 00:00,72.65,0.39,8.63,Electronics,In-store,Not Returned,High,3341.9,VIP
236063,Headphones,26,2024-01-05 06:00,63.92,0.49,14.67,Electronics,In-store,Not Returned,Medium,1661.92,VIP
723787,Office Chair,45,2024-01-06 22:00,53.07,0.47,12.9,Electronics,In-store,Not Returned,High,2388.15,VIP
468457,Headphones,31,2024-01-07 00:00,59.9,0.07,14.49,Electronics,Online,Not Returned,Medium,1856.9,VIP
807596,Desk Lamp,24,2024-01-07 21:00,76.07,0.41,5.58,Electronics,In-store,Not Returned,High,1825.68,VIP
137481,Wireless Mouse,31,2024-01-08 00:00,75.19,0.1,22.28,Electronics,Online,Not Returned,High,2330.89,VIP
933834,T-shirt,39,2024-01-08 11:00,45.48,0.16,21.94,Electronics,Online,Not Returned,Medium,1773.7199999999998,VIP
186070,Desk Lamp,35,2024-01-09 00:00,37.48,0.17,18.99,Electronics,Online,Not Returned,Medium,1311.8,VIP
252007,USB Cable,38,2024-01-09 02:00,69.42,0.18,23.35,Electronics,In-store,Not Returned,High,2637.96,VIP
496961,Headphones,18,2024-01-09 11:00,57.61,0.23,16.7,Electronics,In-store,Returned,High,1036.98,VIP
839316,Wall Clock,-26,2024-01-09 21:00,-69.92,1.2274040812367426,,Electronics,Online,Not Returned,High,1817.92,VIP
417440,Headphones,22,2024-01-10 00:00,47.44,0.2,14.83,Electronics,Online,Not Returned,Medium,1043.6799999999998,VIP
334154,Wireless Mouse,22,2024-01-10 07:00,58.69,0.11,6.61,Electronics,In-store,Not Returned,Low,1291.1799999999998,VIP
368602,Wireless Mouse,42,2024-01-10 08:00,62.28,0.32,13.11,Electronics,Online,Not Returned,Medium,2615.76,VIP
901281,Desk Lamp,12,2024-01-10 19:00,92.06,0.03,20.11,Electronics,Online,Not Returned,Low,1104.72,VIP
430644,Office Chair,-18,2024-01-10 22:00,-76.15,1.2233931811113772,,Electronics,In-store,Returned,Low,1370.7,VIP
296328,Notebook,46,2024-01-11 18:00,29.21,0.19,27.55,Electronics,In-store,Not Returned,Medium,1343.66,VIP
499086,Wireless Mouse,45,2024-01-13 01:00,74.44,0.35,5.76,Electronics,In-store,Not Returned,Medium,3349.8,VIP
440698,Notebook,47,2024-01-14 01:00,51.35,0.34,21.17,Electronics,Online,Not Returned,Medium,2413.4500000000003,VIP
382701,USB Cable,47,2024-01-14 22:00,67.17,0.35,7.29,Electronics,In-store,Not Returned,Low,3156.99,VIP
644863,Office Chair,47,2024-01-15 06:00,26.29,0.19,17.96,Electronics,Online,Not Returned,Low,1235.63,VIP
395268,Wireless Mouse,34,2024-01-15 13:00,85.09,0.02,8.77,Electronics,Online,Not Returned,Medium,2893.06,VIP
415747,Office Chair,14,2024-01-16 01:00,71.43,0.35,25.41,Electronics,Online,Not Returned,Medium,1000.02,VIP
196492,T-shirt,16,2024-01-16 04:00,95.83,0.33,14.55,Electronics,Online,Returned,Low,1533.28,VIP
978050,Wall Clock,32,2024-01-16 21:00,32.84,0.47,23.85,Electronics,Online,Not Returned,High,1050.88,VIP
826309,Headphones,13,2024-01-17 20:00,93.45,0.44,12.08,Electronics,Online,Not Returned,High,1214.85,VIP
809685,Desk Lamp,-25,2024-01-18 01:00,-80.54,1.978362024416719,,Electronics,In-store,Not Returned,High,2013.5,VIP
405394,Blue Pen,28,2024-01-18 03:00,76.64,0.05,5.03,Electronics,In-store,Not Returned,Medium,2145.92,VIP
143042,Office Chair,29,2024-01-18 14:00,89.0,0.38,7.92,Electronics,In-store,Not Returned,Low,2581.0,VIP
484369,Desk Lamp,23,2024-01-18 20:00,69.55,0.21,29.22,Electronics,Online,Not Returned,Medium,1599.65,VIP
533506,Office Chair,44,2024-01-19 07:00,97.06,0.29,15.43,Electronics,Online,Not Returned,Medium,4270.64,VIP
735765,Blue Pen,46,2024-01-19 08:00,37.99,0.17,24.31,Electronics,In-store,Not Returned,High,1747.5400000000002,VIP
249865,Backpack,34,2024-01-19 23:00,63.67,0.38,21.56,Electronics,In-store,Not Returned,Low,2164.78,VIP
624864,Wireless Mouse,44,2024-01-21 00:00,37.2,0.48,5.38,Electronics,In-store,Not Returned,High,1636.8000000000002,VIP
534355,Backpack,37,2024-01-21 05:00,65.65,0.06,6.61,Electronics,In-store,Not Returned,Medium,2429.05,VIP
708613,Backpack,-14,2024-01-21 06:00,-89.94,0.19,,Electronics,In-store,Not Returned,High,1259.16,VIP
926083,Notebook,18,2024-01-21 07:00,76.79,0.48,8.54,Electronics,Online,Not Returned,High,1382.22,VIP
492758,Notebook,44,2024-01-21 20:00,88.86,0.28,26.4,Electronics,Online,Not Returned,High,3909.84,VIP
108000,Wireless Mouse,41,2024-01-21 23:00,63.09,0.49,6.85,Electronics,Online,Not Returned,High,2586.69,VIP
226190,White Mug,28,2024-01-22 06:00,69.83,0.4,29.1,Electronics,In-store,Not Returned,Medium,1955.24,VIP
413269,White Mug,20,2024-01-22 16:00,88.59,0.41,29.28,Electronics,Online,Not Returned,High,1771.8000000000002,VIP
723715,Blue Pen,42,2024-01-23 04:00,32.02,0.07,16.88,Electronics,In-store,Not Returned,Low,1344.84,VIP
500819,Headphones,23,2024-01-25 21:00,52.42,0.03,22.72,Electronics,Online,Returned,Medium,1205.66,VIP
741655,T-shirt,44,2024-01-26 02:00,84.63,0.39,28.17,Electronics,In-store,Not Returned,Low,3723.72,VIP
210737,Blue Pen,19,2024-01-27 16:00,80.52,0.26,19.94,Electronics,Online,Not Returned,Low,1529.88,VIP
795612,Desk Lamp,46,2024-01-27 21:00,64.59,0.08,26.29,Electronics,In-store,Not Returned,High,2971.1400000000003,VIP
578706,Headphones,48,2024-01-27 23:00,48.53,0.21,6.14,Electronics,Online,Not Returned,Medium,2329.44,VIP
381117,Blue Pen,49,2024-01-29 17:00,80.61,0.12,7.05,Electronics,In-store,Not Returned,Medium,3949.89,VIP
609365,Office Chair,25,2024-01-29 20:00,74.16,0.04,13.42,Electronics,Online,Not Returned,High,1854.0,VIP
317409,Backpack,21,2024-01-29 21:00,64.36,0.21,13.0,Electronics,Online,Not Returned,High,1351.56,VIP
979491,Office Chair,38,2024-01-29 22:00,35.92,0.11,21.47,Electronics,Online,Not Returned,Medium,1364.96,VIP
775311,Desk Lamp,36,2024-01-30 02:00,34.71,0.45,19.42,Electronics,Online,Not Returned,Medium,1249.56,VIP
443259,Headphones,37,2024-01-30 04:00,81.65,0.19,17.79,Electronics,Online,Not Returned,Medium,3021.05,VIP
469199,White Mug,35,2024-01-30 14:00,40.08,0.07,27.3,Electronics,In-store,Not Returned,Medium,1402.8,VIP
583956,Wall Clock,40,2024-01-30 15:00,72.03,0.26,23.42,Electronics,In-store,Not Returned,Low,2881.2,VIP
701946,Desk Lamp,43,2024-01-30 22:00,70.85,0.44,5.36,Electronics,In-store,Returned,Medium,3046.55,VIP
950340,Office Chair,42,2024-01-31 00:00,33.97,0.14,7.09,Electronics,Online,Not Returned,Low,1426.74,VIP
533891,USB Cable,45,2024-02-01 00:00,44.49,0.15,13.47,Electronics,Online,Not Returned,High,2002.05,VIP
675463,Notebook,37,2024-02-01 22:00,99.77,0.45,7.95,Electronics,In-store,Not Returned,High,3691.49,VIP
524572,T-shirt,27,2024-02-02 11:00,91.26,0.06,6.99,Electronics,Online,Not Returned,Low,2464.02,VIP
754389,USB Cable,15,2024-02-03 16:00,72.22,0.46,27.0,Electronics,Online,Not Returned,Low,1083.3,VIP
113376,White Mug,39,2024-02-03 19:00,56.98,0.16,25.4,Electronics,Online,Returned,Medium,2222.22,VIP
249021,Office Chair,17,2024-02-04 08:00,87.59,0.47,27.72,Electronics,Online,Returned,Low,1489.03,VIP
772192,T-shirt,39,2024-02-04 13:00,30.39,0.39,5.58,Electronics,In-store,Not Returned,High,1185.21,VIP
198975,USB Cable,42,2024-02-04 22:00,29.52,0.21,17.05,Electronics,Online,Not Returned,High,1239.84,VIP
525884,Headphones,18,2024-02-06 05:00,71.16,0.02,29.29,Electronics,Online,Not Returned,Low,1280.88,VIP
246081,Blue Pen,47,2024-02-06 10:00,94.05,0.22,14.61,Electronics,In-store,Not Returned,Low,4420.349999999999,VIP
421456,Headphones,44,2024-02-07 02:00,83.98,0.11,8.02,Electronics,In-store,Not Returned,Low,3695.12,VIP
509092,White Mug,34,2024-02-07 06:00,94.39,0.03,12.62,Electronics,Online,Not Returned,Low,3209.26,VIP
827900,Backpack,47,2024-02-07 09:00,42.32,0.02,8.14,Electronics,In-store,Returned,Low,1989.04,VIP
603411,Backpack,29,2024-02-08 03:00,46.78,0.03,16.0,Electronics,Online,Not Returned,Low,1356.62,VIP
248427,Notebook,46,2024-02-08 17:00,85.59,0.36,13.12,Electronics,Online,Not Returned,Low,3937.14,VIP
803636,Desk Lamp,45,2024-02-08 19:00,62.87,0.31,7.13,Electronics,In-store,Not Returned,Medium,2829.15,VIP
555486,Wall Clock,29,2024-02-09 11:00,61.62,0.44,6.6,Electronics,Online,Not Returned,Low,1786.98,VIP
924125,Notebook,42,2024-02-10 16:00,56.13,0.3,8.78,Electronics,Online,Not Returned,High,2357.46,VIP
184533,Notebook,22,2024-02-10 17:00,85.91,0.13,14.25,Electronics,In-store,Not Returned,High,1890.02,VIP
343815,Wall Clock,28,2024-02-10 19:00,67.57,0.3,20.51,Electronics,Online,Not Returned,Medium,1891.96,VIP
703747,White Mug,-24,2024-02-11 06:00,-97.58,1.2275652188395965,,Electronics,In-store,Returned,Medium,2341.92,VIP
891754,T-shirt,40,2024-02-11 12:00,59.18,0.21,24.34,Electronics,Online,Not Returned,Medium,2367.2,VIP
584993,Wireless Mouse,27,2024-02-12 17:00,92.27,0.18,21.49,Electronics,Online,Not Returned,High,2491.29,VIP
755423,Wireless Mouse,20,2024-02-13 03:00,91.18,0.37,14.3,Electronics,In-store,Not Returned,Low,1823.6,VIP
853765,T-shirt,38,2024-02-13 08:00,81.27,0.21,24.22,Electronics,In-store,Not Returned,High,3088.26,VIP
477236,USB Cable,37,2024-02-14 01:00,56.14,0.46,24.45,Electronics,Online,Not Returned,High,2077.18,VIP
529252,White Mug,29,2024-02-14 03:00,70.05,0.4,21.25,Electronics,Online,Not Returned,Medium,2031.45,VIP
537161,Wall Clock,30,2024-02-14 18:00,64.37,0.09,14.82,Electronics,In-store,Not Returned,Low,1931.1,VIP
229335,Notebook,42,2024-02-15 01:00,87.71,0.02,15.89,Electronics,In-store,Not Returned,Low,3683.82,VIP
669398,T-shirt,24,2024-02-15 03:00,66.87,0.15,8.24,Electronics,Online,Not Returned,High,1604.88,VIP
694830,USB Cable,46,2024-02-15 11:00,71.52,0.11,20.2,Electronics,Online,Not Returned,Low,3289.92,VIP
162559,Backpack,42,2024-02-17 00:00,59.64,0.39,7.84,Electronics,In-store,Not Returned,High,2504.88,VIP
106476,Wireless Mouse,31,2024-02-17 08:00,83.24,0.32,28.88,Electronics,In-store,Not Returned,High,2580.44,VIP
936539,Wireless Mouse,26,2024-02-18 19:00,49.35,0.4,28.86,Electronics,In-store,Not Returned,Low,1283.1,VIP
184724,Office Chair,43,2024-02-20 02:00,85.38,0.12,22.68,Electronics,In-store,Returned,High,3671.34,VIP
473502,Backpack,31,2024-02-20 16:00,92.94,0.11,13.95,Electronics,In-store,Returned,Medium,2881.14,VIP
371642,White Mug,23,2024-02-20 22:00,88.32,0.38,14.25,Electronics,In-store,Not Returned,Low,2031.36,VIP
592130,Desk Lamp,35,2024-02-21 08:00,51.84,0.23,9.44,Electronics,In-store,Not Returned,High,1814.4,VIP
233099,White Mug,27,2024-02-21 18:00,37.17,0.42,14.65,Electronics,Online,Not Returned,Low,1003.59,VIP
973373,Headphones,42,2024-02-22 07:00,28.3,0.35,25.74,Electronics,Online,Not Returned,Low,1188.6,VIP
829438,Office Chair,27,2024-02-22 11:00,42.25,0.37,17.18,Electronics,Online,Not Returned,Low,1140.75,VIP
524558,Blue Pen,47,2024-02-22 13:00,59.66,0.21,29.17,Electronics,In-store,Not Returned,Medium,2804.02,VIP
198113,USB Cable,43,2024-02-23 01:00,39.76,0.42,24.85,Electronics,Online,Not Returned,Low,1709.6799999999998,VIP
122736,USB Cable,34,2024-02-23 04:00,47.56,0.11,22.54,Electronics,Online,Not Returned,Low,1617.04,VIP
944213,Desk Lamp,35,2024-02-23 06:00,54.31,0.47,12.48,Electronics,In-store,Not Returned,High,1900.85,VIP
354334,Notebook,38,2024-02-23 12:00,59.13,0.39,6.03,Electronics,Online,Not Returned,Medium,2246.94,VIP
473617,Wireless Mouse,39,2024-02-23 22:00,61.4,0.07,16.87,Electronics,Online,Not Returned,High,2394.6,VIP
184104,Wall Clock,36,2024-02-23 23:00,91.34,0.44,27.34,Electronics,In-store,Not Returned,High,3288.24,VIP
559853,Notebook,28,2024-02-24 10:00,60.29,0.07,7.73,Electronics,Online,Not Returned,Medium,1688.12,VIP
635646,USB Cable,36,2024-02-25 01:00,52.41,0.43,25.28,Electronics,In-store,Not Returned,Low,1886.76,VIP
805870,Backpack,46,2024-02-25 19:00,46.14,0.3,24.19,Electronics,Online,Not Returned,Medium,2122.44,VIP
655404,Notebook,-46,2024-02-26 06:00,-65.83,1.870455397621249,,Electronics,Online,Not Returned,Low,3028.18,VIP
120856,White Mug,39,2024-02-26 13:00,93.83,0.18,8.99,Electronics,In-store,Not Returned,Low,3659.37,VIP
684903,Office Chair,17,2024-02-26 17:00,72.27,0.11,18.16,Electronics,In-store,Not Returned,High,1228.59,VIP
496094,Wall Clock,37,2024-02-27 00:00,89.41,0.33,29.24,Electronics,Online,Not Returned,Medium,3308.17,VIP
442033,Wall Clock,19,2024-02-27 12:00,78.1,0.34,22.2,Electronics,Online,Returned,High,1483.9,VIP
118541,T-shirt,49,2024-02-29 00:00,42.43,0.4,24.08,Electronics,In-store,Returned,Medium,2079.07,VIP
229622,Wall Clock,26,2024-02-29 08:00,72.27,0.05,8.98,Electronics,Online,Not Returned,Medium,1879.02,VIP
542821,Wall Clock,34,2024-03-01 04:00,92.61,0.13,8.52,Electronics,Online,Not Returned,High,3148.74,VIP
643979,Wall Clock,29,2024-03-01 19:00,73.86,0.02,28.64,Electronics,In-store,Not Returned,Medium,2141.94,VIP
699140,Wireless Mouse,31,2024-03-02 06:00,47.1,0.35,11.82,Electronics,Online,Not Returned,Low,1460.1,VIP
946677,USB Cable,35,2024-03-02 07:00,51.45,0.29,9.3,Electronics,In-store,Not Returned,Low,1800.75,VIP
321935,T-shirt,22,2024-03-02 16:00,49.28,0.25,9.43,Electronics,In-store,Not Returned,High,1084.16,VIP
802969,White Mug,16,2024-03-02 17:00,82.0,0.08,26.41,Electronics,Online,Not Returned,Low,1312.0,VIP
693684,Wireless Mouse,44,2024-03-02 22:00,95.21,0.38,18.52,Electronics,Online,Not Returned,High,4189.24,VIP
226658,T-shirt,44,2024-03-03 08:00,28.8,0.06,28.52,Electronics,Online,Not Returned,Low,1267.2,VIP
140653,Desk Lamp,27,2024-03-03 16:00,52.39,0.09,24.92,Electronics,Online,Not Returned,Low,1414.53,VIP
993270,Desk Lamp,23,2024-03-04 00:00,81.05,0.02,24.42,Electronics,In-store,Not Returned,Medium,1864.15,VIP
675263,Headphones,49,2024-03-04 07:00,56.27,0.13,23.44,Electronics,In-store,Not Returned,Low,2757.23,VIP
317418,Wireless Mouse,23,2024-03-04 08:00,86.3,0.43,25.26,Electronics,Online,Returned,High,1984.9,VIP
579764,Wall Clock,42,2024-03-05 03:00,25.63,0.28,11.79,Electronics,In-store,Not Returned,Low,1076.46,VIP
220717,T-shirt,42,2024-03-05 16:00,79.19,0.37,12.93,Electronics,Online,Not Returned,High,3325.98,VIP
455420,USB Cable,41,2024-03-06 13:00,37.85,0.09,17.58,Electronics,In-store,Not Returned,High,1551.85,VIP
597074,USB Cable,24,2024-03-07 02:00,50.41,0.1,25.19,Electronics,Online,Returned,Medium,1209.84,VIP
204726,Notebook,48,2024-03-07 13:00,57.14,0.25,9.08,Electronics,Online,Not Returned,Medium,2742.7200000000003,VIP
442625,White Mug,28,2024-03-08 16:00,73.47,0.36,9.52,Electronics,Online,Not Returned,High,2057.16,VIP
954393,Wall Clock,19,2024-03-09 01:00,82.12,0.05,6.09,Electronics,In-store,Not Returned,Low,1560.2800000000002,VIP
134173,Desk Lamp,-48,2024-03-09 20:00,-80.82,0.43,,Electronics,In-store,Not Returned,Low,3879.36,VIP
846291,Headphones,22,2024-03-10 04:00,92.05,0.37,13.29,Electronics,Online,Not Returned,Medium,2025.1,VIP
689812,Backpack,33,2024-03-10 07:00,66.46,0.4,10.74,Electronics,In-store,Not Returned,Low,2193.18,VIP
829981,Desk Lamp,15,2024-03-10 10:00,78.03,0.14,23.4,Electronics,Online,Returned,High,1170.45,VIP
997004,USB Cable,31,2024-03-10 12:00,92.35,0.41,15.24,Electronics,Online,Not Returned,Medium,2862.85,VIP
676226,Headphones,38,2024-03-10 13:00,80.32,0.16,7.11,Electronics,Online,Not Returned,Medium,3052.16,VIP
252130,Wireless Mouse,28,2024-03-11 03:00,69.72,0.4,22.26,Electronics,In-store,Not Returned,Low,1952.16,VIP
909046,Wall Clock,19,2024-03-11 08:00,62.87,0.32,8.53,Electronics,Online,Not Returned,Medium,1194.53,VIP
126844,USB Cable,43,2024-03-11 18:00,87.01,0.11,28.0,Electronics,In-store,Not Returned,Medium,3741.43,VIP
171836,Wall Clock,32,2024-03-11 19:00,48.88,0.4,28.65,Electronics,In-store,Not Returned,Medium,1564.16,VIP
661344,White Mug,28,2024-03-12 09:00,53.11,0.04,24.37,Electronics,Online,Not Returned,High,1487.08,VIP
901573,Desk Lamp,19,2024-03-12 14:00,82.67,0.09,12.52,Electronics,Online,Not Returned,Medium,1570.73,VIP
887176,Office Chair,25,2024-03-13 12:00,68.62,0.14,29.6,Electronics,In-store,Not Returned,Low,1715.5,VIP
882223,Wireless Mouse,37,2024-03-13 23:00,30.91,0.26,27.73,Electronics,Online,Not Returned,High,1143.67,VIP
437266,T-shirt,35,2024-03-14 00:00,37.57,0.23,16.35,Electronics,In-store,Returned,Low,1314.95,VIP
560108,Office Chair,33,2024-03-14 11:00,37.68,0.25,25.43,Electronics,In-store,Not Returned,High,1243.44,VIP
937966,Wall Clock,45,2024-03-14 23:00,42.88,0.06,20.66,Electronics,In-store,Not Returned,Medium,1929.6,VIP
109821,Blue Pen,20,2024-03-15 01:00,70.66,0.35,22.19,Electronics,Online,Not Returned,Medium,1413.1999999999998,VIP
472110,Office Chair,31,2024-03-15 08:00,39.01,0.44,12.01,Electronics,Online,Not Returned,High,1209.31,VIP
386720,T-shirt,25,2024-03-15 18:00,50.23,0.33,23.61,Electronics,Online,Not Returned,High,1255.75,VIP
245724,Desk Lamp,40,2024-03-15 20:00,61.13,0.18,15.06,Electronics,Online,Not Returned,Low,2445.2000000000003,VIP
730747,Office Chair,37,2024-03-16 13:00,52.66,0.24,6.78,Electronics,Online,Not Returned,Medium,1948.42,VIP
598448,Backpack,26,2024-03-17 07:00,95.01,0.14,5.5,Electronics,Online,Not Returned,Medium,2470.26,VIP
979706,White Mug,19,2024-03-17 23:00,54.56,0.07,16.91,Electronics,In-store,Not Returned,Medium,1036.64,VIP
118141,Desk Lamp,-26,2024-03-18 06:00,-96.4,0.5,,Electronics,Online,Not Returned,Low,2506.4,VIP
840121,T-shirt,44,2024-03-18 14:00,55.27,0.01,12.67,Electronics,Online,Returned,Medium,2431.88,VIP
151556,USB Cable,28,2024-03-18 16:00,66.19,0.29,25.01,Electronics,In-store,Not Returned,High,1853.32,VIP
413224,Wireless Mouse,24,2024-03-19 08:00,70.27,0.02,13.74,Electronics,Online,Not Returned,High,1686.48,VIP
123038,White Mug,29,2024-03-19 15:00,42.63,0.12,7.03,Electronics,In-store,Not Returned,Low,1236.27,VIP
848664,Wall Clock,37,2024-03-19 22:00,71.63,0.03,8.21,Electronics,Online,Not Returned,Low,2650.31,VIP
220631,Blue Pen,16,2024-03-19 23:00,78.25,0.39,7.31,Electronics,In-store,Not Returned,Medium,1252.0,VIP
413594,Headphones,40,2024-03-20 13:00,87.68,0.46,11.7,Electronics,Online,Not Returned,High,3507.2000000000003,VIP
299538,T-shirt,35,2024-03-20 17:00,46.29,0.22,24.42,Electronics,In-store,Returned,Low,1620.15,VIP
917444,Headphones,48,2024-03-20 21:00,39.6,0.19,12.0,Electronics,Online,Not Returned,Medium,1900.8,VIP
618299,Backpack,21,2024-03-21 11:00,79.19,0.33,19.88,Electronics,In-store,Not Returned,High,1662.99,VIP
386464,Office Chair,48,2024-03-21 13:00,91.16,0.45,25.04,Electronics,Online,Not Returned,Medium,4375.68,VIP
114743,USB Cable,29,2024-03-21 21:00,86.4,0.24,24.26,Electronics,In-store,Not Returned,Low,2505.6000000000004,VIP
587928,Wall Clock,23,2024-03-22 08:00,62.63,0.33,28.31,Electronics,In-store,Not Returned,Low,1440.49,VIP
383989,Office Chair,11,2024-03-22 14:00,96.05,0.22,20.38,Electronics,In-store,Not Returned,Medium,1056.55,VIP
465283,Blue Pen,47,2024-03-22 21:00,39.41,0.06,8.4,Electronics,Online,Not Returned,Low,1852.27,VIP
354948,Desk Lamp,34,2024-03-22 22:00,76.07,0.26,20.51,Electronics,In-store,Not Returned,Medium,2586.38,VIP
541320,Office Chair,45,2024-03-23 08:00,88.16,0.43,10.04,Electronics,In-store,Not Returned,Low,3967.2,VIP
572351,Headphones,49,2024-03-23 09:00,80.14,0.42,13.52,Electronics,In-store,Not Returned,Medium,3926.86,VIP
744213,Wireless Mouse,26,2024-03-23 12:00,98.6,0.16,17.57,Electronics,In-store,Not Returned,High,2563.6,VIP
650856,Wall Clock,15,2024-03-23 14:00,99.8,0.24,13.46,Electronics,In-store,Not Returned,High,1497.0,VIP
615293,White Mug,22,2024-03-23 21:00,80.42,0.16,23.27,Electronics,In-store,Not Returned,Medium,1769.24,VIP
361566,Desk Lamp,25,2024-03-24 10:00,83.38,0.14,9.76,Electronics,Online,Not Returned,Low,2084.5,VIP
422743,Wireless Mouse,40,2024-03-24 13:00,37.71,0.31,27.72,Electronics,Online,Not Returned,Low,1508.4,VIP
958411,Office Chair,28,2024-03-24 23:00,84.57,0.23,24.14,Electronics,Online,Not Returned,High,2367.96,VIP
609240,Wall Clock,49,2024-03-26 16:00,32.62,0.15,21.08,Electronics,In-store,Not Returned,High,1598.38,VIP
676920,Blue Pen,43,2024-03-26 21:00,92.62,0.48,26.8,Electronics,Online,Not Returned,Low,3982.66,VIP
697425,Notebook,28,2024-03-27 08:00,92.05,0.15,7.44,Electronics,Online,Not Returned,High,2577.4,VIP
596571,Headphones,33,2024-03-27 09:00,95.08,0.09,22.08,Electronics,In-store,Not Returned,Medium,3137.64,VIP
762104,Blue Pen,37,2024-03-27 14:00,60.07,0.02,26.07,Electronics,In-store,Not Returned,High,2222.59,VIP
899849,Blue Pen,47,2024-03-28 02:00,32.58,0.21,26.37,Electronics,Online,Not Returned,Medium,1531.26,VIP
865124,White Mug,19,2024-03-28 09:00,69.32,0.27,17.61,Electronics,Online,Not Returned,Medium,1317.08,VIP
710096,T-shirt,44,2024-03-28 13:00,32.66,0.04,27.48,Electronics,In-store,Not Returned,High,1437.04,VIP
877368,Wireless Mouse,15,2024-03-28 17:00,92.05,0.46,26.41,Electronics,In-store,Not Returned,Medium,1380.75,VIP
556994,White Mug,40,2024-03-28 18:00,72.18,0.43,26.89,Electronics,Online,Not Returned,High,2887.2000000000003,VIP
371415,Office Chair,46,2024-03-29 06:00,44.22,0.1,17.19,Electronics,In-store,Not Returned,Medium,2034.12,VIP
101903,T-shirt,37,2024-03-29 22:00,44.66,0.24,13.22,Electronics,In-store,Not Returned,High,1652.4199999999998,VIP
664973,USB Cable,46,2024-03-31 22:00,45.37,0.35,17.63,Electronics,Online,Not Returned,High,2087.02,VIP
360226,Wall Clock,49,2024-04-02 00:00,82.09,0.07,7.1,Electronics,In-store,Not Returned,Low,4022.41,VIP
690535,Blue Pen,38,2024-04-05 03:00,90.86,0.22,16.92,Electronics,In-store,Not Returned,Low,3452.68,VIP
835016,Headphones,47,2024-04-05 23:00,21.68,0.41,21.86,Electronics,Online,Not Returned,Low,1018.96,VIP
900452,Wireless Mouse,31,2024-04-06 10:00,36.14,0.32,15.5,Electronics,In-store,Not Returned,Low,1120.34,VIP
969480,Desk Lamp,49,2024-04-07 19:00,50.8,0.44,19.16,Electronics,In-store,Not Returned,High,2489.2,VIP
165124,Desk Lamp,19,2024-04-08 02:00,81.42,0.38,16.12,Electronics,In-store,Not Returned,High,1546.98,VIP
793605,Notebook,47,2024-04-08 04:00,93.74,0.17,14.46,Electronics,In-store,Not Returned,High,4405.78,VIP
401970,Wireless Mouse,13,2024-04-08 21:00,77.55,0.04,7.21,Electronics,Online,Not Returned,High,1008.15,VIP
475102,Wall Clock,41,2024-04-09 11:00,61.8,0.04,26.87,Electronics,Online,Not Returned,High,2533.8,VIP
574200,Headphones,27,2024-04-09 17:00,80.27,0.01,16.95,Electronics,In-store,Not Returned,Medium,2167.29,VIP
759326,Wireless Mouse,42,2024-04-09 18:00,73.21,0.19,29.29,Electronics,Online,Returned,Medium,3074.82,VIP
776761,Wireless Mouse,33,2024-04-09 21:00,68.43,0.08,28.54,Electronics,Online,Not Returned,High,2258.19,VIP
331588,Desk Lamp,23,2024-04-10 10:00,88.06,0.38,14.36,Electronics,In-store,Not Returned,High,2025.38,VIP
580829,White Mug,43,2024-04-10 14:00,74.33,0.05,16.66,Electronics,Online,Returned,Low,3196.19,VIP
267831,USB Cable,41,2024-04-10 15:00,35.06,0.01,20.22,Electronics,In-store,Returned,Medium,1437.46,VIP
136091,Headphones,42,2024-04-11 09:00,80.75,0.42,14.96,Electronics,In-store,Not Returned,Medium,3391.5,VIP
633995,Wall Clock,48,2024-04-12 07:00,67.2,0.47,25.55,Electronics,In-store,Not Returned,Medium,3225.6000000000004,VIP
150277,Headphones,41,2024-04-12 09:00,32.61,0.1,20.13,Electronics,In-store,Not Returned,Low,1337.01,VIP
460614,Wireless Mouse,47,2024-04-12 17:00,48.24,0.43,29.63,Electronics,In-store,Not Returned,Medium,2267.28,VIP
693167,White Mug,40,2024-04-12 23:00,50.83,0.15,20.48,Electronics,Online,Not Returned,Low,2033.2,VIP
584143,Wall Clock,39,2024-04-13 03:00,44.63,0.23,7.74,Electronics,Online,Not Returned,High,1740.5700000000002,VIP
352140,Wall Clock,13,2024-04-13 13:00,99.4,0.44,7.31,Electronics,In-store,Not Returned,Medium,1292.2,VIP
682140,Office Chair,28,2024-04-14 15:00,59.79,0.28,21.8,Electronics,Online,Not Returned,Medium,1674.12,VIP
763819,Wireless Mouse,33,2024-04-15 00:00,48.24,0.12,23.92,Electronics,In-store,Not Returned,High,1591.92,VIP
440907,T-shirt,41,2024-04-15 04:00,52.4,0.44,21.39,Electronics,Online,Not Returned,Medium,2148.4,VIP
434024,Wall Clock,40,2024-04-15 10:00,61.44,0.49,16.08,Electronics,In-store,Not Returned,High,2457.6,VIP
636974,Desk Lamp,37,2024-04-16 02:00,48.9,0.01,17.8,Electronics,In-store,Not Returned,Low,1809.3,VIP
667892,Desk Lamp,34,2024-04-16 03:00,96.9,0.06,11.29,Electronics,In-store,Not Returned,Low,3294.6000000000004,VIP
924550,Wall Clock,44,2024-04-16 16:00,48.6,0.43,19.25,Electronics,In-store,Not Returned,Low,2138.4,VIP
504919,Desk Lamp,48,2024-04-16 20:00,87.92,0.23,19.56,Electronics,In-store,Not Returned,Low,4220.16,VIP
632720,Office Chair,26,2024-04-17 04:00,87.63,0.2,24.75,Electronics,In-store,Not Returned,High,2278.38,VIP
749078,Wireless Mouse,46,2024-04-17 06:00,48.1,0.17,13.67,Electronics,Online,Returned,Low,2212.6,VIP
956152,Headphones,28,2024-04-18 15:00,42.06,0.24,28.0,Electronics,Online,Not Returned,High,1177.68,VIP
301599,Wall Clock,20,2024-04-18 19:00,64.19,0.07,11.62,Electronics,In-store,Not Returned,Medium,1283.8,VIP
845445,Notebook,46,2024-04-19 01:00,76.35,0.31,27.6,Electronics,In-store,Not Returned,Medium,3512.1,VIP
820924,USB Cable,23,2024-04-19 06:00,98.3,0.2,18.2,Electronics,In-store,Not Returned,Low,2260.9,VIP
548496,Blue Pen,41,2024-04-19 14:00,77.43,0.09,8.0,Electronics,In-store,Not Returned,High,3174.63,VIP
195597,T-shirt,34,2024-04-19 15:00,46.83,0.08,14.96,Electronics,Online,Not Returned,Medium,1592.22,VIP
102127,Office Chair,46,2024-04-19 17:00,44.45,0.23,9.02,Electronics,In-store,Not Returned,High,2044.7,VIP
306691,Desk Lamp,44,2024-04-19 18:00,58.71,0.33,23.93,Electronics,Online,Not Returned,High,2583.24,VIP
600016,T-shirt,20,2024-04-20 07:00,76.29,0.22,19.92,Electronics,Online,Not Returned,Low,1525.8000000000002,VIP
139253,White Mug,20,2024-04-20 12:00,81.29,0.01,28.35,Electronics,In-store,Not Returned,High,1625.8000000000002,VIP
450998,Wall Clock,45,2024-04-20 21:00,82.87,0.12,9.3,Electronics,Online,Not Returned,Low,3729.15,VIP
979317,T-shirt,26,2024-04-21 04:00,63.6,0.39,20.16,Electronics,Online,Not Returned,Medium,1653.6,VIP
318597,Blue Pen,18,2024-04-21 06:00,57.81,0.01,19.18,Electronics,In-store,Not Returned,Low,1040.58,VIP
173106,Headphones,43,2024-04-21 16:00,79.03,0.31,21.42,Electronics,Online,Returned,Medium,3398.29,VIP
206813,Blue Pen,47,2024-04-21 21:00,43.84,0.25,14.49,Electronics,Online,Not Returned,High,2060.48,VIP
726466,Blue Pen,31,2024-04-22 03:00,64.83,0.06,25.02,Electronics,In-store,Not Returned,Low,2009.73,VIP
346763,USB Cable,31,2024-04-22 09:00,75.34,0.36,9.88,Electronics,In-store,Not Returned,Medium,2335.54,VIP
412362,Desk Lamp,29,2024-04-22 13:00,37.64,0.38,25.87,Electronics,In-store,Not Returned,High,1091.56,VIP
956466,Notebook,28,2024-04-22 22:00,61.67,0.42,15.66,Electronics,Online,Not Returned,Low,1726.76,VIP
873913,White Mug,47,2024-04-23 15:00,75.01,0.03,29.09,Electronics,In-store,Not Returned,Medium,3525.4700000000003,VIP
379986,USB Cable,37,2024-04-24 00:00,69.99,0.19,24.76,Electronics,Online,Not Returned,Low,2589.63,VIP
107736,Headphones,32,2024-04-24 06:00,33.86,0.18,12.82,Electronics,Online,Not Returned,High,1083.52,VIP
366350,Wireless Mouse,41,2024-04-24 11:00,85.45,0.36,11.44,Electronics,In-store,Not Returned,High,3503.4500000000003,VIP
764122,Backpack,33,2024-04-25 19:00,59.15,0.01,13.91,Electronics,In-store,Not Returned,Low,1951.95,VIP
983260,T-shirt,38,2024-04-25 20:00,57.64,0.48,8.03,Electronics,Online,Not Returned,High,2190.32,VIP
197164,Notebook,18,2024-04-26 07:00,74.08,0.22,19.18,Electronics,Online,Not Returned,Medium,1333.44,VIP
541249,Office Chair,45,2024-04-26 10:00,87.31,0.06,7.24,Electronics,Online,Not Returned,Low,3928.95,VIP
104626,Headphones,16,2024-04-26 13:00,93.0,0.14,29.28,Electronics,Online,Not Returned,Medium,1488.0,VIP
979045,Notebook,24,2024-04-27 18:00,83.23,0.47,23.66,Electronics,In-store,Not Returned,Medium,1997.52,VIP
186416,USB Cable,42,2024-04-27 20:00,35.06,0.41,11.9,Electronics,Online,Not Returned,Low,1472.52,VIP
926710,Headphones,13,2024-04-28 02:00,85.43,0.43,13.96,Electronics,Online,Not Returned,High,1110.59,VIP
168486,Desk Lamp,38,2024-04-28 03:00,95.63,0.41,28.8,Electronics,Online,Returned,Low,3633.94,VIP
761423,Backpack,26,2024-04-28 07:00,80.07,0.42,10.64,Electronics,Online,Returned,High,2081.82,VIP
441885,Office Chair,41,2024-04-28 08:00,82.52,0.26,5.86,Electronics,In-store,Not Returned,High,3383.32,VIP
781867,USB Cable,23,2024-04-28 10:00,95.1,0.24,13.81,Electronics,In-store,Not Returned,High,2187.3,VIP
919842,Desk Lamp,48,2024-04-28 20:00,43.97,0.32,12.63,Electronics,In-store,Not Returned,High,2110.56,VIP
248192,Desk Lamp,21,2024-04-29 22:00,96.34,0.11,25.35,Electronics,In-store,Not Returned,Low,2023.14,VIP
949219,White Mug,45,2024-04-30 10:00,67.08,0.14,5.38,Electronics,In-store,Not Returned,Low,3018.6,VIP
756979,Backpack,44,2024-04-30 11:00,75.37,0.44,24.61,Electronics,In-store,Returned,Medium,3316.28,VIP
518626,Backpack,34,2024-04-30 20:00,38.34,0.42,15.95,Electronics,Online,Not Returned,High,1303.5600000000002,VIP
900049,Wireless Mouse,21,2024-05-01 10:00,49.07,0.1,29.76,Electronics,Online,Not Returned,Medium,1030.47,VIP
832459,USB Cable,49,2024-05-01 14:00,60.17,0.03,23.46,Electronics,Online,Not Returned,Low,2948.33,VIP
756887,Blue Pen,45,2024-05-02 10:00,85.31,0.31,15.48,Electronics,Online,Not Returned,Medium,3838.95,VIP
309693,Notebook,29,2024-05-02 16:00,71.55,0.34,8.29,Electronics,In-store,Not Returned,Medium,2074.95,VIP
645282,T-shirt,47,2024-05-02 20:00,90.2,0.02,28.29,Electronics,Online,Not Returned,Low,4239.400000000001,VIP
186170,White Mug,46,2024-05-03 00:00,53.5,0.31,18.43,Electronics,In-store,Not Returned,High,2461.0,VIP
474938,Backpack,36,2024-05-03 09:00,44.88,0.39,27.6,Electronics,In-store,Not Returned,Low,1615.68,VIP
467326,White Mug,45,2024-05-03 15:00,75.98,0.14,13.32,Electronics,In-store,Not Returned,Low,3419.1000000000004,VIP
593441,Backpack,31,2024-05-03 17:00,59.44,0.22,29.49,Electronics,Online,Returned,Low,1842.64,VIP
876204,Wireless Mouse,20,2024-05-05 02:00,56.53,0.24,28.89,Electronics,Online,Not Returned,High,1130.6,VIP
869486,Desk Lamp,33,2024-05-05 07:00,66.37,0.32,24.52,Electronics,In-store,Not Returned,High,2190.21,VIP
615593,Desk Lamp,20,2024-05-05 14:00,92.56,0.34,8.77,Electronics,Online,Not Returned,High,1851.2,VIP
808289,Wall Clock,38,2024-05-05 18:00,55.47,0.23,17.37,Electronics,In-store,Not Returned,Medium,2107.86,VIP
603679,Wireless Mouse,36,2024-05-06 01:00,76.87,0.42,13.53,Electronics,In-store,Not Returned,Low,2767.32,VIP
444985,USB Cable,14,2024-05-06 10:00,90.71,0.15,26.14,Electronics,Online,Not Returned,Medium,1269.9399999999998,VIP
326575,T-shirt,45,2024-05-06 16:00,90.06,0.07,21.02,Electronics,In-store,Not Returned,Low,4052.7,VIP
895647,Wall Clock,42,2024-05-06 23:00,90.03,0.1,23.77,Electronics,Online,Not Returned,Medium,3781.26,VIP
345911,Wireless Mouse,35,2024-05-07 00:00,37.47,0.45,15.74,Electronics,In-store,Not Returned,Low,1311.45,VIP
330096,T-shirt,36,2024-05-07 11:00,81.96,0.39,5.18,Electronics,Online,Not Returned,Medium,2950.56,VIP
520991,Wireless Mouse,24,2024-05-08 06:00,96.69,0.43,8.07,Electronics,Online,Not Returned,Low,2320.56,VIP
894916,Backpack,18,2024-05-09 01:00,63.43,0.46,27.6,Electronics,In-store,Not Returned,High,1141.74,VIP
694399,USB Cable,22,2024-05-09 03:00,85.11,0.17,23.51,Electronics,Online,Not Returned,Medium,1872.42,VIP
419926,Backpack,40,2024-05-09 22:00,97.9,0.18,18.91,Electronics,In-store,Not Returned,High,3916.0,VIP
707924,T-shirt,33,2024-05-11 10:00,63.19,0.38,10.14,Electronics,Online,Not Returned,Medium,2085.27,VIP
546661,Notebook,39,2024-05-12 04:00,26.59,0.24,16.34,Electronics,In-store,Not Returned,Low,1037.01,VIP
356599,Blue Pen,41,2024-05-12 22:00,55.53,0.08,18.05,Electronics,In-store,Not Returned,Medium,2276.73,VIP
920392,Headphones,-20,2024-05-13 05:00,-70.4,1.3372992542771098,,Electronics,In-store,Not Returned,High,1408.0,VIP
618851,Wireless Mouse,48,2024-05-13 09:00,74.38,0.4,21.65,Electronics,In-store,Not Returned,High,3570.24,VIP
627100,White Mug,29,2024-05-13 12:00,54.16,0.28,20.45,Electronics,Online,Not Returned,Low,1570.64,VIP
883520,Desk Lamp,14,2024-05-13 18:00,99.14,0.49,14.32,Electronics,Online,Not Returned,Low,1387.96,VIP
622005,T-shirt,21,2024-05-14 13:00,54.66,0.32,28.06,Electronics,In-store,Not Returned,Low,1147.86,VIP
894223,T-shirt,49,2024-05-15 02:00,32.72,0.43,13.77,Electronics,Online,Not Returned,High,1603.28,VIP
189854,T-shirt,20,2024-05-15 08:00,69.86,0.17,8.13,Electronics,In-store,Not Returned,Medium,1397.2,VIP
991901,Wall Clock,25,2024-05-15 12:00,79.74,0.27,15.19,Electronics,In-store,Not Returned,Medium,1993.5,VIP
880910,Wireless Mouse,21,2024-05-15 20:00,48.12,0.3,21.41,Electronics,Online,Not Returned,High,1010.52,VIP
636196,Notebook,13,2024-05-15 23:00,93.45,0.11,25.59,Electronics,Online,Not Returned,Medium,1214.85,VIP
456245,Office Chair,41,2024-05-16 10:00,75.23,0.04,8.09,Electronics,In-store,Not Returned,Low,3084.4300000000003,VIP
763511,Blue Pen,26,2024-05-17 16:00,40.59,0.1,21.98,Electronics,Online,Not Returned,Medium,1055.34,VIP
401788,Notebook,33,2024-05-18 01:00,95.02,0.08,16.66,Electronics,Online,Not Returned,Medium,3135.66,VIP
611908,Wall Clock,21,2024-05-18 02:00,48.85,0.37,25.18,Electronics,In-store,Returned,Low,1025.85,VIP
925173,Office Chair,28,2024-05-18 03:00,72.88,0.38,25.22,Electronics,Online,Returned,High,2040.64,VIP
231469,Notebook,34,2024-05-19 06:00,29.53,0.12,16.08,Electronics,In-store,Not Returned,High,1004.02,VIP
388520,Office Chair,44,2024-05-19 09:00,65.89,0.2,10.46,Electronics,Online,Not Returned,Low,2899.16,VIP
251382,T-shirt,30,2024-05-19 15:00,68.49,0.42,17.49,Electronics,In-store,Returned,High,2054.7,VIP
289692,Backpack,28,2024-05-20 05:00,39.65,0.06,11.93,Electronics,In-store,Not Returned,Medium,1110.2,VIP
900978,Headphones,35,2024-05-20 12:00,73.2,0.44,23.95,Electronics,In-store,Not Returned,High,2562.0,VIP
740253,Desk Lamp,41,2024-05-20 21:00,24.59,0.16,16.57,Electronics,In-store,Not Returned,Medium,1008.19,VIP
115930,T-shirt,15,2024-05-20 23:00,71.38,0.1,8.94,Electronics,In-store,Returned,High,1070.6999999999998,VIP
999908,USB Cable,45,2024-05-21 00:00,83.31,0.27,28.86,Electronics,In-store,Not Returned,Medium,3748.95,VIP
216032,T-shirt,31,2024-05-21 21:00,48.36,0.41,26.64,Electronics,Online,Not Returned,High,1499.16,VIP
701940,Wireless Mouse,40,2024-05-22 09:00,80.38,0.36,12.01,Electronics,In-store,Not Returned,Medium,3215.2,VIP
784408,Wireless Mouse,47,2024-05-22 19:00,28.9,0.06,22.51,Electronics,In-store,Not Returned,Low,1358.3,VIP
551698,Wireless Mouse,31,2024-05-23 12:00,84.77,0.0,24.02,Electronics,In-store,Not Returned,Low,2627.87,VIP
171352,T-shirt,17,2024-05-25 08:00,71.74,0.37,27.29,Electronics,In-store,Not Returned,Medium,1219.58,VIP
435446,Headphones,22,2024-05-26 04:00,76.64,0.45,28.23,Electronics,Online,Not Returned,High,1686.08,VIP
278250,Wireless Mouse,44,2024-05-26 08:00,85.73,0.27,24.15,Electronics,In-store,Not Returned,High,3772.12,VIP
793070,Office Chair,42,2024-05-27 03:00,66.75,0.19,15.3,Electronics,Online,Not Returned,Low,2803.5,VIP
930553,Blue Pen,45,2024-05-27 06:00,69.93,0.1,6.4,Electronics,Online,Not Returned,Low,3146.8500000000004,VIP
109554,Notebook,21,2024-05-27 16:00,68.19,0.35,9.13,Electronics,In-store,Not Returned,High,1431.99,VIP
482747,Notebook,23,2024-05-28 05:00,64.57,0.05,8.69,Electronics,Online,Not Returned,Medium,1485.11,VIP
784277,Headphones,38,2024-05-28 06:00,75.94,0.5,25.49,Electronics,Online,Not Returned,Low,2885.72,VIP
874726,Wireless Mouse,44,2024-05-28 07:00,92.45,0.46,25.38,Electronics,Online,Not Returned,Low,4067.8,VIP
722317,USB Cable,47,2024-05-28 13:00,45.73,0.2,23.56,Electronics,In-store,Not Returned,High,2149.31,VIP
443398,Headphones,33,2024-05-28 19:00,45.28,0.01,25.16,Electronics,Online,Not Returned,Medium,1494.24,VIP
794102,Wall Clock,44,2024-05-29 07:00,72.56,0.3,11.63,Electronics,Online,Not Returned,Low,3192.6400000000003,VIP
143327,Backpack,21,2024-05-29 10:00,79.33,0.23,16.49,Electronics,In-store,Not Returned,Low,1665.93,VIP
846073,Notebook,30,2024-05-29 20:00,55.72,0.46,8.24,Electronics,In-store,Not Returned,Medium,1671.6,VIP
584356,Headphones,44,2024-05-31 02:00,42.89,0.08,7.26,Electronics,In-store,Not Returned,High,1887.16,VIP
828831,T-shirt,36,2024-05-31 05:00,89.35,0.42,18.9,Electronics,Online,Not Returned,Low,3216.6,VIP
779258,Office Chair,16,2024-05-31 09:00,88.68,0.11,8.47,Electronics,In-store,Not Returned,Medium,1418.88,VIP
484911,Wireless Mouse,42,2024-05-31 22:00,85.49,0.39,8.51,Electronics,Online,Not Returned,High,3590.58,VIP
218156,Blue Pen,35,2024-06-01 06:00,34.57,0.32,10.7,Electronics,In-store,Not Returned,Low,1209.95,VIP
373916,Wall Clock,41,2024-06-01 08:00,76.58,0.4,24.47,Electronics,In-store,Not Returned,High,3139.78,VIP
662923,Wireless Mouse,32,2024-06-01 13:00,43.05,0.28,17.42,Electronics,In-store,Not Returned,Low,1377.6,VIP
519135,T-shirt,24,2024-06-01 14:00,98.9,0.25,22.99,Electronics,Online,Not Returned,High,2373.6000000000004,VIP
798171,Desk Lamp,47,2024-06-03 13:00,84.0,0.38,19.43,Electronics,In-store,Not Returned,Low,3948.0,VIP
553247,White Mug,20,2024-06-03 22:00,61.87,0.43,9.03,Electronics,In-store,Not Returned,Medium,1237.4,VIP
262003,Wall Clock,45,2024-06-04 04:00,47.86,0.33,12.84,Electronics,In-store,Returned,Low,2153.7,VIP
996757,USB Cable,46,2024-06-04 16:00,87.62,0.19,6.25,Electronics,In-store,Not Returned,Low,4030.52,VIP
757297,T-shirt,45,2024-06-05 08:00,52.82,0.37,9.5,Electronics,Online,Not Returned,Low,2376.9,VIP
719648,Blue Pen,-47,2024-06-06 12:00,-43.96,0.22,,Electronics,Online,Not Returned,High,2066.12,VIP
929147,Notebook,22,2024-06-06 22:00,66.27,0.27,21.5,Electronics,In-store,Not Returned,Medium,1457.9399999999998,VIP
881575,Backpack,21,2024-06-07 19:00,69.62,0.28,15.07,Electronics,In-store,Not Returned,Low,1462.02,VIP
325328,Headphones,-38,2024-06-08 06:00,-36.75,1.3829353948028846,,Electronics,In-store,Not Returned,Medium,1396.5,VIP
192334,Wall Clock,30,2024-06-08 14:00,71.12,0.45,10.01,Electronics,In-store,Returned,Medium,2133.6000000000004,VIP
580884,Blue Pen,19,2024-06-09 16:00,71.0,0.26,14.6,Electronics,Online,Not Returned,High,1349.0,VIP
865924,USB Cable,39,2024-06-09 18:00,88.45,0.39,11.63,Electronics,In-store,Not Returned,Low,3449.55,VIP
805041,Wireless Mouse,42,2024-06-10 06:00,78.61,0.02,22.95,Electronics,In-store,Not Returned,Low,3301.62,VIP
363409,Notebook,41,2024-06-11 16:00,39.93,0.48,9.12,Electronics,In-store,Not Returned,High,1637.13,VIP
586793,White Mug,44,2024-06-12 04:00,46.16,0.48,17.98,Electronics,In-store,Not Returned,Medium,2031.04,VIP
906060,Blue Pen,37,2024-06-14 18:00,94.8,0.02,22.56,Electronics,In-store,Not Returned,Medium,3507.6,VIP
338934,Office Chair,18,2024-06-15 04:00,77.49,0.46,9.51,Electronics,In-store,Not Returned,Medium,1394.82,VIP
232424,Backpack,25,2024-06-16 05:00,96.89,0.04,10.1,Electronics,Online,Not Returned,High,2422.25,VIP
980162,Desk Lamp,48,2024-06-16 11:00,72.08,0.07,21.85,Electronics,Online,Returned,High,3459.84,VIP
982815,Notebook,25,2024-06-16 13:00,79.17,0.27,18.13,Electronics,In-store,Not Returned,Medium,1979.25,VIP
765083,Office Chair,26,2024-06-17 01:00,69.52,0.35,16.38,Electronics,Online,Not Returned,Low,1807.52,VIP
846444,Backpack,44,2024-06-17 08:00,43.12,0.26,20.92,Electronics,Online,Not Returned,Medium,1897.28,VIP
243088,Wall Clock,39,2024-06-17 10:00,58.35,0.12,13.23,Electronics,In-store,Not Returned,Medium,2275.65,VIP
601316,USB Cable,29,2024-06-17 13:00,53.1,0.1,29.47,Electronics,Online,Not Returned,Low,1539.9,VIP
982433,Office Chair,33,2024-06-17 19:00,63.17,0.11,21.82,Electronics,Online,Not Returned,Medium,2084.61,VIP
997751,Desk Lamp,33,2024-06-17 23:00,41.11,0.33,18.12,Electronics,In-store,Not Returned,Medium,1356.63,VIP
105156,USB Cable,24,2024-06-18 02:00,60.2,0.48,6.97,Electronics,Online,Not Returned,Medium,1444.8000000000002,VIP
256745,White Mug,18,2024-06-18 11:00,59.25,0.49,17.51,Electronics,Online,Not Returned,Low,1066.5,VIP
100570,Wall Clock,42,2024-06-18 13:00,35.12,0.44,16.52,Electronics,Online,Not Returned,Medium,1475.04,VIP
812852,Office Chair,48,2024-06-18 16:00,23.89,0.25,13.86,Electronics,Online,Not Returned,Low,1146.72,VIP
745647,Blue Pen,15,2024-06-19 06:00,78.54,0.04,13.92,Electronics,Online,Not Returned,High,1178.1,VIP
317307,Office Chair,45,2024-06-19 23:00,45.09,0.34,26.87,Electronics,In-store,Not Returned,Low,2029.05,VIP
776538,USB Cable,45,2024-06-20 00:00,39.18,0.04,19.98,Electronics,In-store,Not Returned,High,1763.1,VIP
186951,White Mug,41,2024-06-20 13:00,39.56,0.04,17.51,Electronics,Online,Not Returned,Low,1621.96,VIP
338274,Backpack,49,2024-06-20 16:00,85.51,0.45,11.54,Electronics,In-store,Not Returned,Low,4189.990000000001,VIP
494394,T-shirt,35,2024-06-21 00:00,70.65,0.18,24.16,Electronics,Online,Not Returned,Low,2472.75,VIP
809373,USB Cable,32,2024-06-21 09:00,47.38,0.23,27.14,Electronics,In-store,Not Returned,High,1516.16,VIP
581436,Blue Pen,48,2024-06-21 10:00,23.52,0.41,9.8,Electronics,Online,Not Returned,Medium,1128.96,VIP
319570,Backpack,18,2024-06-21 12:00,71.46,0.45,8.17,Electronics,In-store,Not Returned,Medium,1286.28,VIP
505880,White Mug,46,2024-06-21 21:00,51.17,0.33,8.29,Electronics,Online,Not Returned,Medium,2353.82,VIP
328745,Desk Lamp,45,2024-06-23 04:00,34.23,0.13,20.02,Electronics,Online,Returned,Low,1540.35,VIP
152328,Desk Lamp,38,2024-06-23 12:00,57.72,0.4,27.39,Electronics,Online,Not Returned,High,2193.36,VIP
581121,Backpack,41,2024-06-23 17:00,91.37,0.02,13.9,Electronics,In-store,Not Returned,Medium,3746.17,VIP
293609,Desk Lamp,34,2024-06-24 00:00,51.59,0.11,28.66,Electronics,Online,Not Returned,High,1754.0600000000002,VIP
275380,Headphones,-24,2024-06-24 01:00,-62.5,1.793552179565542,,Electronics,Online,Not Returned,High,1500.0,VIP
379088,T-shirt,33,2024-06-25 00:00,36.26,0.43,23.43,Electronics,Online,Not Returned,Medium,1196.58,VIP
307815,Desk Lamp,22,2024-06-25 03:00,64.97,0.29,11.17,Electronics,Online,Not Returned,Low,1429.34,VIP
368988,Office Chair,34,2024-06-25 07:00,71.2,0.29,5.88,Electronics,In-store,Not Returned,Low,2420.8,VIP
936296,Backpack,25,2024-06-25 09:00,53.35,0.09,19.51,Electronics,In-store,Not Returned,High,1333.75,VIP
940490,T-shirt,33,2024-06-25 23:00,87.74,0.09,21.59,Electronics,In-store,Not Returned,Medium,2895.42,VIP
393441,Blue Pen,36,2024-06-26 03:00,97.96,0.06,27.58,Electronics,In-store,Not Returned,Low,3526.56,VIP
174457,Backpack,31,2024-06-26 13:00,65.14,0.07,16.19,Electronics,Online,Not Returned,High,2019.34,VIP
207889,Office Chair,41,2024-06-27 03:00,86.98,0.43,5.16,Electronics,Online,Not Returned,Medium,3566.1800000000003,VIP
457531,Headphones,38,2024-06-27 07:00,88.57,0.22,15.95,Electronics,Online,Not Returned,Low,3365.66,VIP
915659,Wall Clock,21,2024-06-27 12:00,58.43,0.35,13.65,Electronics,Online,Not Returned,Medium,1227.03,VIP
702725,Office Chair,25,2024-06-28 03:00,53.64,0.37,10.09,Electronics,Online,Not Returned,Low,1341.0,VIP
914053,White Mug,13,2024-06-28 10:00,78.28,0.4,20.11,Electronics,In-store,Returned,Low,1017.64,VIP
494233,Wall Clock,37,2024-06-29 07:00,83.01,0.26,26.06,Electronics,Online,Not Returned,High,3071.3700000000003,VIP
594071,White Mug,35,2024-06-30 22:00,39.17,0.21,18.16,Electronics,In-store,Not Returned,Medium,1370.95,VIP
389295,Notebook,35,2024-07-01 09:00,64.23,0.2,11.9,Electronics,In-store,Not Returned,High,2248.05,VIP
386757,Notebook,19,2024-07-01 10:00,84.48,0.32,10.31,Electronics,Online,Not Returned,High,1605.12,VIP
309816,Headphones,26,2024-07-01 12:00,91.6,0.41,17.35,Electronics,Online,Not Returned,Medium,2381.6,VIP
654990,T-shirt,40,2024-07-01 16:00,60.2,0.45,20.86,Electronics,Online,Returned,Medium,2408.0,VIP
224188,Office Chair,38,2024-07-01 18:00,45.22,0.16,12.5,Electronics,In-store,Not Returned,High,1718.36,VIP
113699,Blue Pen,27,2024-07-02 16:00,53.61,0.26,26.74,Electronics,Online,Not Returned,Low,1447.47,VIP
949924,Backpack,32,2024-07-03 21:00,99.06,0.27,15.86,Electronics,Online,Not Returned,Low,3169.92,VIP
981587,Desk Lamp,41,2024-07-04 02:00,92.84,0.28,28.02,Electronics,In-store,Not Returned,High,3806.44,VIP
642946,White Mug,42,2024-07-04 19:00,50.85,0.07,17.62,Electronics,Online,Not Returned,Low,2135.7000000000003,VIP
487419,Notebook,38,2024-07-04 23:00,76.1,0.48,19.54,Electronics,Online,Not Returned,Low,2891.8,VIP
466570,White Mug,24,2024-07-06 04:00,77.74,0.26,28.96,Electronics,Online,Not Returned,Low,1865.76,VIP
852612,Headphones,42,2024-07-06 14:00,68.17,0.18,23.54,Electronics,Online,Returned,Low,2863.14,VIP
447493,Backpack,-36,2024-07-07 16:00,-62.83,1.1208497756147215,,Electronics,Online,Not Returned,Medium,2261.88,VIP
365076,USB Cable,47,2024-07-07 20:00,33.04,0.03,6.58,Electronics,Online,Not Returned,Low,1552.88,VIP
436314,White Mug,21,2024-07-08 18:00,62.76,0.24,28.87,Electronics,Online,Returned,Medium,1317.96,VIP
860072,Desk Lamp,38,2024-07-08 19:00,27.21,0.09,7.97,Electronics,In-store,Not Returned,Low,1033.98,VIP
293020,Backpack,35,2024-07-08 22:00,64.98,0.28,14.06,Electronics,In-store,Not Returned,Medium,2274.3,VIP
721868,White Mug,44,2024-07-08 23:00,78.13,0.35,26.96,Electronics,Online,Not Returned,Low,3437.72,VIP
674162,Office Chair,38,2024-07-09 10:00,39.53,0.48,23.78,Electronics,In-store,Not Returned,Low,1502.14,VIP
160269,Wall Clock,44,2024-07-09 23:00,67.27,0.14,13.59,Electronics,In-store,Not Returned,Low,2959.88,VIP
238485,White Mug,33,2024-07-10 18:00,48.62,0.37,12.74,Electronics,Online,Not Returned,Low,1604.4599999999998,VIP
641953,Office Chair,41,2024-07-10 21:00,68.54,0.39,14.02,Electronics,Online,Not Returned,Low,2810.1400000000003,VIP
569608,Wireless Mouse,49,2024-07-10 22:00,57.85,0.46,21.18,Electronics,Online,Not Returned,Low,2834.65,VIP
469873,Backpack,48,2024-07-11 12:00,34.36,0.03,29.09,Electronics,Online,Not Returned,High,1649.28,VIP
859642,White Mug,32,2024-07-11 13:00,70.96,0.19,5.04,Electronics,In-store,Not Returned,Low,2270.72,VIP
370298,White Mug,31,2024-07-11 19:00,34.75,0.04,28.27,Electronics,In-store,Not Returned,Low,1077.25,VIP
994028,USB Cable,33,2024-07-12 23:00,44.14,0.16,9.43,Electronics,In-store,Returned,Medium,1456.62,VIP
957395,Blue Pen,43,2024-07-13 10:00,25.73,0.06,14.29,Electronics,In-store,Not Returned,Low,1106.39,VIP
654806,Wall Clock,34,2024-07-14 03:00,69.58,0.04,23.56,Electronics,In-store,Returned,Medium,2365.72,VIP
869137,Notebook,42,2024-07-14 10:00,29.88,0.25,26.66,Electronics,Online,Not Returned,High,1254.96,VIP
763851,Desk Lamp,31,2024-07-15 16:00,92.88,0.12,13.26,Electronics,Online,Not Returned,Medium,2879.28,VIP
855015,Wireless Mouse,49,2024-07-16 19:00,43.04,0.48,18.9,Electronics,In-store,Not Returned,Low,2108.96,VIP
965134,Headphones,19,2024-07-17 02:00,61.81,0.31,27.39,Electronics,In-store,Not Returned,Medium,1174.39,VIP
129347,Office Chair,29,2024-07-18 20:00,99.76,0.34,29.18,Electronics,In-store,Not Returned,High,2893.04,VIP
316265,White Mug,47,2024-07-18 23:00,63.5,0.44,13.5,Electronics,In-store,Not Returned,High,2984.5,VIP
496018,Desk Lamp,48,2024-07-19 04:00,98.63,0.12,28.38,Electronics,In-store,Not Returned,Medium,4734.24,VIP
403149,White Mug,43,2024-07-19 12:00,65.24,0.24,26.66,Electronics,Online,Not Returned,Medium,2805.32,VIP
544977,USB Cable,39,2024-07-19 15:00,65.09,0.35,7.35,Electronics,In-store,Not Returned,Low,2538.51,VIP
878247,White Mug,38,2024-07-19 22:00,40.57,0.41,9.65,Electronics,Online,Not Returned,High,1541.66,VIP
842769,T-shirt,36,2024-07-20 01:00,32.33,0.33,20.37,Electronics,Online,Not Returned,High,1163.88,VIP
930984,USB Cable,47,2024-07-20 08:00,45.1,0.03,14.74,Electronics,In-store,Returned,Low,2119.7000000000003,VIP
428613,Blue Pen,39,2024-07-21 04:00,37.03,0.27,13.8,Electronics,In-store,Returned,Low,1444.17,VIP
911824,Office Chair,24,2024-07-21 07:00,89.85,0.28,17.91,Electronics,In-store,Not Returned,High,2156.4,VIP
860780,Backpack,44,2024-07-21 11:00,94.83,0.42,12.0,Electronics,Online,Not Returned,High,4172.52,VIP
612947,Desk Lamp,37,2024-07-21 12:00,61.59,0.38,16.45,Electronics,In-store,Not Returned,Low,2278.83,VIP
106878,Office Chair,29,2024-07-21 17:00,78.13,0.38,15.19,Electronics,In-store,Not Returned,Medium,2265.77,VIP
986121,Desk Lamp,40,2024-07-21 22:00,95.01,0.45,10.1,Electronics,Online,Not Returned,Low,3800.4,VIP
278184,T-shirt,44,2024-07-22 06:00,25.51,0.2,7.08,Electronics,In-store,Not Returned,Medium,1122.44,VIP
451556,T-shirt,16,2024-07-22 09:00,78.97,0.46,6.83,Electronics,In-store,Not Returned,Low,1263.52,VIP
794455,USB Cable,27,2024-07-22 10:00,67.01,0.19,11.3,Electronics,Online,Not Returned,Medium,1809.27,VIP
221485,Office Chair,44,2024-07-23 08:00,94.82,0.36,8.21,Electronics,Online,Not Returned,Low,4172.08,VIP
185938,Backpack,44,2024-07-23 14:00,97.64,0.07,21.42,Electronics,Online,Not Returned,High,4296.16,VIP
430762,Wall Clock,32,2024-07-23 16:00,90.71,0.42,15.67,Electronics,Online,Not Returned,High,2902.72,VIP
226908,Wall Clock,-33,2024-07-23 23:00,-36.8,1.04950967959778,,Electronics,In-store,Not Returned,High,1214.4,VIP
789806,Wireless Mouse,23,2024-07-24 13:00,66.57,0.12,15.7,Electronics,Online,Returned,Medium,1531.11,VIP
621296,Backpack,26,2024-07-25 15:00,46.96,0.34,23.51,Electronics,Online,Not Returned,High,1220.96,VIP
312527,Wall Clock,-36,2024-07-26 01:00,-54.28,0.16,,Electronics,In-store,Not Returned,Medium,1954.08,VIP
555991,T-shirt,33,2024-07-26 02:00,31.04,0.5,11.52,Electronics,Online,Not Returned,High,1024.32,VIP
724266,USB Cable,24,2024-07-26 10:00,74.03,0.31,26.49,Electronics,In-store,Not Returned,Medium,1776.72,VIP
591510,Wireless Mouse,23,2024-07-27 00:00,84.85,0.02,22.09,Electronics,Online,Not Returned,Low,1951.55,VIP
761703,USB Cable,24,2024-07-27 08:00,84.6,0.31,16.44,Electronics,In-store,Not Returned,Low,2030.4,VIP
429705,Desk Lamp,38,2024-07-27 15:00,68.03,0.48,18.83,Electronics,In-store,Not Returned,Low,2585.14,VIP
799590,Office Chair,47,2024-07-28 02:00,27.33,0.21,7.8,Electronics,In-store,Not Returned,Medium,1284.51,VIP
303841,White Mug,41,2024-07-28 13:00,59.64,0.1,28.47,Electronics,In-store,Not Returned,Low,2445.24,VIP
232963,Blue Pen,29,2024-07-28 14:00,53.38,0.09,21.67,Electronics,Online,Not Returned,High,1548.02,VIP
988242,Blue Pen,33,2024-07-28 17:00,99.88,0.26,6.76,Electronics,In-store,Not Returned,Medium,3296.04,VIP
336021,Notebook,19,2024-07-28 22:00,90.84,0.28,22.0,Electronics,Online,Not Returned,Medium,1725.96,VIP
439035,Blue Pen,14,2024-07-29 06:00,88.78,0.23,11.6,Electronics,Online,Not Returned,Low,1242.92,VIP
342330,Headphones,48,2024-07-29 10:00,24.43,0.05,26.51,Electronics,In-store,Not Returned,Medium,1172.64,VIP
319087,Wireless Mouse,42,2024-07-29 12:00,42.13,0.33,13.52,Electronics,Online,Returned,Medium,1769.46,VIP
688906,White Mug,49,2024-07-30 13:00,31.52,0.26,15.26,Electronics,In-store,Not Returned,Medium,1544.48,VIP
543909,USB Cable,41,2024-07-31 04:00,92.84,0.17,10.17,Electronics,Online,Not Returned,High,3806.44,VIP
420681,Notebook,47,2024-07-31 16:00,76.33,0.08,19.83,Electronics,In-store,Not Returned,High,3587.51,VIP
977465,Blue Pen,46,2024-07-31 19:00,29.05,0.08,27.77,Electronics,Online,Not Returned,Low,1336.3,VIP
564480,Wireless Mouse,17,2024-08-01 09:00,62.98,0.04,24.09,Electronics,Online,Not Returned,High,1070.66,VIP
427324,Desk Lamp,46,2024-08-02 16:00,77.17,0.07,7.51,Electronics,Online,Not Returned,Low,3549.82,VIP
659372,Office Chair,-45,2024-08-03 01:00,-67.28,0.08,,Electronics,In-store,Not Returned,High,3027.6,VIP
795962,Backpack,36,2024-08-03 13:00,69.12,0.41,23.74,Electronics,Online,Not Returned,Low,2488.32,VIP
601224,T-shirt,47,2024-08-03 19:00,40.83,0.31,20.71,Electronics,In-store,Not Returned,Medium,1919.01,VIP
306928,White Mug,18,2024-08-03 21:00,59.7,0.36,19.4,Electronics,In-store,Not Returned,High,1074.6,VIP
727770,Notebook,18,2024-08-03 23:00,70.77,0.15,10.2,Electronics,Online,Not Returned,Low,1273.86,VIP
978720,T-shirt,27,2024-08-04 02:00,69.24,0.43,17.85,Electronics,In-store,Not Returned,High,1869.48,VIP
583645,Headphones,24,2024-08-04 21:00,48.51,0.46,11.06,Electronics,In-store,Not Returned,Low,1164.24,VIP
602799,Headphones,31,2024-08-05 11:00,80.19,0.43,17.49,Electronics,In-store,Not Returned,High,2485.89,VIP
731840,White Mug,16,2024-08-05 17:00,72.52,0.41,20.49,Electronics,Online,Not Returned,High,1160.32,VIP
421366,T-shirt,16,2024-08-05 22:00,90.49,0.29,13.29,Electronics,In-store,Not Returned,Medium,1447.84,VIP
693207,T-shirt,42,2024-08-06 01:00,80.33,0.31,11.84,Electronics,Online,Returned,Medium,3373.86,VIP
411689,Desk Lamp,43,2024-08-06 04:00,38.5,0.17,19.16,Electronics,Online,Not Returned,Medium,1655.5,VIP
217949,USB Cable,40,2024-08-06 22:00,71.07,0.13,18.61,Electronics,In-store,Not Returned,Medium,2842.8,VIP
955144,USB Cable,38,2024-08-07 11:00,45.24,0.02,22.35,Electronics,In-store,Not Returned,Medium,1719.12,VIP
101229,Blue Pen,32,2024-08-07 15:00,36.25,0.21,8.25,Electronics,Online,Not Returned,Medium,1160.0,VIP
946953,Wireless Mouse,47,2024-08-08 10:00,89.57,0.34,5.58,Electronics,Online,Not Returned,Low,4209.79,VIP
358226,USB Cable,39,2024-08-08 13:00,31.09,0.08,15.28,Electronics,In-store,Not Returned,Low,1212.51,VIP
119856,Blue Pen,41,2024-08-08 15:00,50.69,0.43,11.0,Electronics,Online,Not Returned,Low,2078.29,VIP
176174,Headphones,-45,2024-08-08 23:00,-89.41,0.44,,Electronics,In-store,Returned,High,4023.45,VIP
436204,Headphones,12,2024-08-09 10:00,96.87,0.44,5.73,Electronics,Online,Not Returned,Medium,1162.44,VIP
126025,Wall Clock,34,2024-08-09 16:00,31.92,0.19,18.23,Electronics,Online,Not Returned,Low,1085.28,VIP
836754,Wireless Mouse,39,2024-08-10 21:00,94.88,0.46,8.39,Electronics,In-store,Not Returned,Medium,3700.32,VIP
814948,Notebook,31,2024-08-10 23:00,72.15,0.16,22.56,Electronics,Online,Not Returned,High,2236.65,VIP
693489,Desk Lamp,17,2024-08-11 06:00,65.73,0.42,22.72,Electronics,In-store,Not Returned,Low,1117.41,VIP
339246,Backpack,16,2024-08-11 23:00,74.14,0.27,16.56,Electronics,In-store,Not Returned,High,1186.24,VIP
649880,Blue Pen,48,2024-08-12 05:00,82.9,0.33,29.22,Electronics,Online,Not Returned,Medium,3979.2,VIP
193405,Blue Pen,42,2024-08-13 06:00,54.39,0.05,13.2,Electronics,Online,Not Returned,Low,2284.38,VIP
555658,Blue Pen,40,2024-08-14 06:00,42.82,0.48,10.19,Electronics,Online,Not Returned,Low,1712.8,VIP
425749,Office Chair,23,2024-08-14 13:00,99.35,0.45,15.29,Electronics,In-store,Not Returned,Medium,2285.05,VIP
208987,USB Cable,45,2024-08-14 16:00,22.51,0.17,5.48,Electronics,Online,Not Returned,High,1012.95,VIP
476354,T-shirt,33,2024-08-15 00:00,95.25,0.47,12.36,Electronics,Online,Not Returned,Medium,3143.25,VIP
296209,Headphones,33,2024-08-15 11:00,81.62,0.49,23.1,Electronics,In-store,Not Returned,High,2693.46,VIP
832172,USB Cable,21,2024-08-15 17:00,85.96,0.38,6.27,Electronics,In-store,Not Returned,High,1805.16,VIP
129483,Blue Pen,31,2024-08-16 03:00,82.58,0.48,22.43,Electronics,Online,Not Returned,Low,2559.98,VIP
810909,Blue Pen,41,2024-08-16 05:00,38.52,0.26,25.33,Electronics,In-store,Not Returned,High,1579.3200000000002,VIP
165509,Headphones,20,2024-08-16 16:00,86.62,0.08,22.34,Electronics,In-store,Not Returned,Low,1732.4,VIP
233631,White Mug,39,2024-08-17 02:00,64.09,0.04,5.24,Electronics,In-store,Not Returned,High,2499.51,VIP
463582,Desk Lamp,35,2024-08-17 12:00,76.51,0.34,24.7,Electronics,In-store,Not Returned,Low,2677.8500000000004,VIP
575127,T-shirt,38,2024-08-17 15:00,65.28,0.12,7.02,Electronics,Online,Not Returned,Low,2480.64,VIP
758429,Office Chair,44,2024-08-17 21:00,97.86,0.37,28.17,Electronics,Online,Not Returned,High,4305.84,VIP
374013,Desk Lamp,28,2024-08-18 05:00,84.09,0.49,11.8,Electronics,Online,Not Returned,High,2354.52,VIP
925880,Blue Pen,47,2024-08-20 23:00,82.72,0.32,26.57,Electronics,In-store,Not Returned,Medium,3887.84,VIP
176323,T-shirt,18,2024-08-21 04:00,97.99,0.4,20.19,Electronics,Online,Not Returned,Low,1763.82,VIP
725530,Backpack,36,2024-08-21 06:00,40.29,0.01,23.85,Electronics,Online,Not Returned,Medium,1450.44,VIP
514339,Wall Clock,22,2024-08-22 09:00,77.35,0.44,22.55,Electronics,Online,Not Returned,High,1701.6999999999998,VIP
105291,Notebook,48,2024-08-22 19:00,69.28,0.23,20.6,Electronics,Online,Not Returned,High,3325.44,VIP
837813,T-shirt,42,2024-08-23 17:00,27.83,0.12,23.01,Electronics,Online,Not Returned,High,1168.86,VIP
600234,White Mug,46,2024-08-24 20:00,83.74,0.33,20.51,Electronics,In-store,Not Returned,Medium,3852.04,VIP
848218,Office Chair,17,2024-08-25 15:00,77.73,0.22,7.4,Electronics,Online,Not Returned,High,1321.41,VIP
776284,Desk Lamp,37,2024-08-26 15:00,74.45,0.31,5.18,Electronics,In-store,Not Returned,Low,2754.65,VIP
657103,Office Chair,-32,2024-08-26 22:00,-42.01,1.0795129397157297,,Electronics,Online,Not Returned,Medium,1344.32,VIP
517918,Headphones,20,2024-08-27 16:00,66.29,0.06,29.75,Electronics,Online,Not Returned,High,1325.8000000000002,VIP
695142,Desk Lamp,41,2024-08-28 01:00,55.4,0.37,29.23,Electronics,In-store,Returned,High,2271.4,VIP
398166,Wireless Mouse,33,2024-08-28 09:00,64.7,0.45,19.68,Electronics,Online,Not Returned,Medium,2135.1,VIP
618431,USB Cable,36,2024-08-28 21:00,41.82,0.33,27.78,Electronics,In-store,Not Returned,Medium,1505.52,VIP
310381,Notebook,-41,2024-08-29 01:00,-50.19,1.7905911224675546,,Electronics,In-store,Not Returned,High,2057.79,VIP
281420,Backpack,18,2024-08-29 06:00,72.9,0.33,9.91,Electronics,Online,Not Returned,Medium,1312.2,VIP
950756,White Mug,21,2024-08-29 19:00,77.45,0.01,27.44,Electronics,In-store,Not Returned,High,1626.45,VIP
176789,White Mug,37,2024-08-30 10:00,97.89,0.41,14.61,Electronics,In-store,Not Returned,High,3621.93,VIP
185940,Wall Clock,37,2024-08-30 11:00,75.03,0.42,13.25,Electronics,Online,Not Returned,High,2776.11,VIP
598364,Blue Pen,44,2024-08-30 16:00,40.0,0.27,13.5,Electronics,Online,Returned,Medium,1760.0,VIP
180379,Desk Lamp,18,2024-08-31 07:00,92.53,0.45,6.01,Electronics,Online,Not Returned,Medium,1665.54,VIP
892131,White Mug,24,2024-08-31 09:00,51.76,0.22,20.33,Electronics,In-store,Not Returned,Low,1242.24,VIP
868901,Notebook,39,2024-08-31 20:00,96.74,0.34,7.61,Electronics,In-store,Not Returned,Medium,3772.86,VIP
889266,Wall Clock,16,2024-09-01 07:00,97.5,0.03,21.57,Electronics,Online,Not Returned,High,1560.0,VIP
193715,Desk Lamp,35,2024-09-01 14:00,55.99,0.23,20.4,Electronics,In-store,Not Returned,Medium,1959.65,VIP
625354,USB Cable,-12,2024-09-02 16:00,-86.0,1.340550221779589,,Electronics,Online,Not Returned,High,1032.0,VIP
121245,T-shirt,25,2024-09-03 05:00,55.42,0.03,21.24,Electronics,Online,Not Returned,Medium,1385.5,VIP
976194,T-shirt,41,2024-09-03 09:00,98.25,0.2,15.54,Electronics,Online,Not Returned,Medium,4028.25,VIP
629339,Office Chair,45,2024-09-04 23:00,77.46,0.08,6.86,Electronics,In-store,Not Returned,Medium,3485.7,VIP
252908,Backpack,47,2024-09-06 01:00,90.82,0.23,7.94,Electronics,In-store,Not Returned,Medium,4268.54,VIP
952427,T-shirt,41,2024-09-06 08:00,38.39,0.32,20.48,Electronics,Online,Not Returned,High,1573.99,VIP
245511,T-shirt,46,2024-09-06 12:00,91.56,0.08,14.1,Electronics,Online,Not Returned,Medium,4211.76,VIP
950414,Wireless Mouse,37,2024-09-08 08:00,37.8,0.2,18.3,Electronics,Online,Not Returned,Low,1398.6,VIP
302478,Wireless Mouse,12,2024-09-08 19:00,96.73,0.22,27.18,Electronics,Online,Not Returned,Low,1160.76,VIP
279307,Office Chair,31,2024-09-08 20:00,59.24,0.18,15.35,Electronics,In-store,Not Returned,High,1836.44,VIP
116862,Notebook,44,2024-09-09 05:00,37.6,0.34,28.94,Electronics,In-store,Not Returned,Low,1654.4,VIP
711726,White Mug,20,2024-09-09 06:00,87.05,0.24,21.0,Electronics,Online,Returned,Medium,1741.0,VIP
917994,White Mug,35,2024-09-09 12:00,97.54,0.13,19.0,Electronics,Online,Not Returned,Medium,3413.9,VIP
686566,Wall Clock,29,2024-09-09 21:00,57.17,0.35,9.38,Electronics,In-store,Not Returned,High,1657.93,VIP
734837,USB Cable,46,2024-09-09 22:00,43.49,0.39,20.42,Electronics,Online,Not Returned,Medium,2000.54,VIP
631399,Wall Clock,13,2024-09-10 21:00,95.3,0.44,27.14,Electronics,Online,Not Returned,High,1238.9,VIP
171020,White Mug,34,2024-09-11 15:00,84.32,0.05,20.52,Electronics,Online,Not Returned,Low,2866.88,VIP
720053,Wall Clock,38,2024-09-12 01:00,33.94,0.39,5.28,Electronics,In-store,Not Returned,Low,1289.7199999999998,VIP
362069,Backpack,45,2024-09-12 02:00,67.78,0.17,20.18,Electronics,Online,Not Returned,Medium,3050.1,VIP
788659,Office Chair,49,2024-09-12 09:00,58.88,0.08,13.92,Electronics,In-store,Not Returned,Low,2885.1200000000003,VIP
395001,Headphones,34,2024-09-12 15:00,30.42,0.24,5.73,Electronics,In-store,Not Returned,Low,1034.28,VIP
974528,Blue Pen,16,2024-09-16 03:00,71.48,0.08,15.66,Electronics,Online,Not Returned,Medium,1143.68,VIP
619965,Backpack,35,2024-09-16 06:00,78.72,0.08,5.01,Electronics,Online,Returned,Low,2755.2,VIP
405607,Office Chair,28,2024-09-16 10:00,65.1,0.23,12.15,Electronics,In-store,Not Returned,Low,1822.8,VIP
235026,Headphones,35,2024-09-16 16:00,87.5,0.18,8.56,Electronics,In-store,Not Returned,High,3062.5,VIP
720699,Blue Pen,31,2024-09-16 19:00,96.23,0.35,15.3,Electronics,In-store,Not Returned,Medium,2983.13,VIP
941763,USB Cable,49,2024-09-16 22:00,83.33,0.18,8.68,Electronics,In-store,Not Returned,Medium,4083.17,VIP
973922,Office Chair,40,2024-09-17 16:00,34.8,0.5,16.61,Electronics,Online,Not Returned,Medium,1392.0,VIP
547525,Backpack,49,2024-09-18 03:00,55.68,0.37,18.01,Electronics,Online,Not Returned,Medium,2728.32,VIP
733530,Desk Lamp,30,2024-09-18 22:00,66.26,0.02,6.94,Electronics,In-store,Not Returned,Medium,1987.8,VIP
363186,Backpack,49,2024-09-19 02:00,41.54,0.39,26.46,Electronics,In-store,Not Returned,Medium,2035.46,VIP
959270,Desk Lamp,37,2024-09-19 09:00,32.89,0.32,21.71,Electronics,In-store,Not Returned,Medium,1216.93,VIP
515092,Wall Clock,26,2024-09-19 10:00,47.9,0.28,7.55,Electronics,In-store,Returned,High,1245.4,VIP
215148,Wall Clock,45,2024-09-19 11:00,63.03,0.4,8.91,Electronics,Online,Not Returned,High,2836.35,VIP
425768,Office Chair,23,2024-09-20 06:00,76.82,0.01,7.33,Electronics,Online,Not Returned,High,1766.86,VIP
457794,Office Chair,42,2024-09-20 07:00,82.87,0.2,14.55,Electronics,Online,Not Returned,Low,3480.54,VIP
211184,T-shirt,28,2024-09-20 23:00,95.11,0.02,5.14,Electronics,In-store,Not Returned,High,2663.08,VIP
758498,USB Cable,33,2024-09-22 09:00,73.84,0.09,19.16,Electronics,In-store,Not Returned,High,2436.7200000000003,VIP
343762,T-shirt,31,2024-09-22 21:00,57.64,0.08,26.61,Electronics,In-store,Not Returned,Low,1786.84,VIP
430878,Headphones,36,2024-09-25 02:00,80.48,0.11,27.37,Electronics,Online,Not Returned,Medium,2897.28,VIP
743940,White Mug,36,2024-09-25 07:00,70.74,0.27,16.4,Electronics,In-store,Not Returned,Low,2546.64,VIP
819370,Office Chair,46,2024-09-25 08:00,26.02,0.47,20.54,Electronics,In-store,Not Returned,Medium,1196.92,VIP
948308,T-shirt,49,2024-09-25 11:00,68.89,0.36,11.71,Electronics,Online,Not Returned,Low,3375.61,VIP
293590,T-shirt,19,2024-09-25 20:00,94.78,0.48,23.06,Electronics,In-store,Not Returned,Low,1800.82,VIP
562434,Wall Clock,20,2024-09-25 22:00,84.04,0.15,28.89,Electronics,Online,Not Returned,Medium,1680.8000000000002,VIP
801101,Wall Clock,-31,2024-09-26 15:00,-79.77,1.4480225586495932,,Electronics,In-store,Not Returned,Medium,2472.87,VIP
630662,Blue Pen,44,2024-09-28 05:00,45.87,0.24,8.25,Electronics,In-store,Not Returned,High,2018.28,VIP
451273,Blue Pen,39,2024-09-28 15:00,77.2,0.37,11.07,Electronics,Online,Not Returned,Low,3010.8,VIP
976124,Notebook,36,2024-09-30 09:00,52.15,0.27,12.64,Electronics,Online,Not Returned,Medium,1877.4,VIP
102078,Wall Clock,23,2024-09-30 12:00,85.53,0.35,21.71,Electronics,In-store,Not Returned,Medium,1967.19,VIP
865806,Wall Clock,41,2024-09-30 14:00,99.62,0.45,17.37,Electronics,In-store,Not Returned,Medium,4084.42,VIP
298589,Backpack,43,2024-10-01 12:00,31.0,0.42,26.3,Electronics,Online,Not Returned,Low,1333.0,VIP
494365,Wireless Mouse,45,2024-10-02 11:00,98.11,0.2,18.79,Electronics,Online,Returned,Low,4414.95,VIP
623469,Notebook,49,2024-10-02 15:00,78.85,0.39,27.54,Electronics,Online,Not Returned,Low,3863.65,VIP
956811,Wall Clock,28,2024-10-03 01:00,43.69,0.15,21.41,Electronics,Online,Returned,High,1223.32,VIP
402754,Notebook,44,2024-10-03 08:00,46.67,0.48,14.85,Electronics,In-store,Not Returned,Low,2053.48,VIP
925348,Headphones,14,2024-10-04 23:00,87.44,0.23,22.91,Electronics,In-store,Not Returned,Low,1224.16,VIP
776053,Backpack,25,2024-10-05 01:00,63.34,0.0,24.5,Electronics,Online,Not Returned,High,1583.5,VIP
494576,USB Cable,18,2024-10-05 22:00,58.09,0.15,24.05,Electronics,In-store,Not Returned,High,1045.62,VIP
532236,Wall Clock,21,2024-10-06 00:00,73.02,0.24,7.17,Electronics,Online,Not Returned,Medium,1533.4199999999998,VIP
788333,Notebook,43,2024-10-06 05:00,24.46,0.22,10.41,Electronics,Online,Not Returned,High,1051.78,VIP
734270,Office Chair,29,2024-10-06 06:00,92.98,0.03,23.11,Electronics,In-store,Not Returned,Low,2696.42,VIP
733796,T-shirt,17,2024-10-06 11:00,61.94,0.3,5.87,Electronics,Online,Not Returned,Low,1052.98,VIP
386075,Backpack,46,2024-10-06 15:00,24.22,0.03,28.57,Electronics,In-store,Not Returned,High,1114.12,VIP
153886,Backpack,22,2024-10-06 21:00,53.83,0.22,21.99,Electronics,Online,Not Returned,Medium,1184.26,VIP
986461,Wall Clock,39,2024-10-07 04:00,87.78,0.08,9.4,Electronics,Online,Not Returned,High,3423.42,VIP
991952,Notebook,27,2024-10-07 08:00,64.36,0.23,28.11,Electronics,In-store,Not Returned,Medium,1737.72,VIP
101425,White Mug,30,2024-10-07 10:00,93.68,0.04,16.76,Electronics,Online,Not Returned,Low,2810.4,VIP
946451,White Mug,21,2024-10-09 15:00,69.03,0.05,8.29,Electronics,In-store,Not Returned,Medium,1449.63,VIP
200156,T-shirt,25,2024-10-09 21:00,74.75,0.16,9.42,Electronics,Online,Not Returned,Medium,1868.75,VIP
128675,Office Chair,42,2024-10-10 01:00,73.9,0.24,8.37,Electronics,Online,Not Returned,Low,3103.8,VIP
489796,Notebook,28,2024-10-10 02:00,63.1,0.48,18.42,Electronics,Online,Not Returned,Medium,1766.8,VIP
542580,Notebook,42,2024-10-10 07:00,98.94,0.09,5.99,Electronics,In-store,Not Returned,Medium,4155.48,VIP
575610,USB Cable,41,2024-10-10 17:00,50.83,0.05,11.28,Electronics,Online,Not Returned,Low,2084.03,VIP
291881,Blue Pen,35,2024-10-12 03:00,89.28,0.35,6.37,Electronics,In-store,Returned,High,3124.8,VIP
748406,Headphones,31,2024-10-12 07:00,78.38,0.22,20.37,Electronics,In-store,Not Returned,High,2429.78,VIP
495290,Desk Lamp,39,2024-10-12 08:00,52.0,0.0,21.6,Electronics,Online,Not Returned,Medium,2028.0,VIP
674396,Notebook,-37,2024-10-12 19:00,-78.47,1.4307915233540895,,Electronics,In-store,Not Returned,Medium,2903.39,VIP
252552,Wireless Mouse,45,2024-10-12 20:00,77.71,0.11,13.26,Electronics,Online,Not Returned,Medium,3496.95,VIP
423480,Backpack,41,2024-10-13 05:00,62.17,0.05,8.59,Electronics,Online,Not Returned,High,2548.9700000000003,VIP
438063,USB Cable,43,2024-10-13 20:00,67.72,0.5,16.8,Electronics,Online,Not Returned,Medium,2911.96,VIP
990286,USB Cable,32,2024-10-13 21:00,59.49,0.47,21.05,Electronics,In-store,Not Returned,High,1903.68,VIP
888253,USB Cable,31,2024-10-15 08:00,88.39,0.1,6.35,Electronics,In-store,Not Returned,High,2740.09,VIP
992934,Office Chair,19,2024-10-15 22:00,66.86,0.04,12.83,Electronics,Online,Not Returned,Medium,1270.34,VIP
587988,Notebook,43,2024-10-16 08:00,48.16,0.29,21.93,Electronics,In-store,Returned,High,2070.88,VIP
898565,Desk Lamp,40,2024-10-16 12:00,84.75,0.34,22.7,Electronics,Online,Not Returned,Medium,3390.0,VIP
363545,Office Chair,39,2024-10-16 19:00,41.53,0.36,19.43,Electronics,Online,Not Returned,Low,1619.67,VIP
956053,USB Cable,47,2024-10-17 02:00,93.91,0.49,19.26,Electronics,In-store,Not Returned,Low,4413.77,VIP
481817,T-shirt,30,2024-10-17 03:00,46.78,0.28,9.72,Electronics,In-store,Not Returned,Medium,1403.4,VIP
804169,Office Chair,-25,2024-10-17 05:00,-52.67,1.7542986618203846,,Electronics,Online,Not Returned,High,1316.75,VIP
750833,Wireless Mouse,47,2024-10-17 06:00,66.09,0.11,15.16,Electronics,Online,Not Returned,Low,3106.23,VIP
863113,Office Chair,29,2024-10-17 23:00,37.08,0.19,15.77,Electronics,Online,Not Returned,High,1075.32,VIP
688823,Backpack,38,2024-10-18 08:00,90.53,0.36,13.97,Electronics,Online,Not Returned,Medium,3440.14,VIP
162637,Notebook,23,2024-10-18 19:00,90.73,0.41,13.81,Electronics,Online,Not Returned,High,2086.79,VIP
822241,Wall Clock,41,2024-10-19 08:00,70.93,0.24,19.42,Electronics,Online,Not Returned,High,2908.13,VIP
704154,Office Chair,46,2024-10-19 09:00,55.96,0.3,24.88,Electronics,In-store,Not Returned,Low,2574.16,VIP
570832,USB Cable,26,2024-10-20 10:00,66.05,0.03,14.14,Electronics,Online,Not Returned,Low,1717.3,VIP
177512,White Mug,11,2024-10-20 11:00,92.94,0.44,8.03,Electronics,In-store,Not Returned,High,1022.34,VIP
819623,White Mug,42,2024-10-22 04:00,77.15,0.17,7.02,Electronics,Online,Not Returned,Low,3240.3,VIP
894576,Notebook,27,2024-10-22 14:00,75.85,0.46,28.18,Electronics,In-store,Not Returned,High,2047.95,VIP
866103,Blue Pen,25,2024-10-22 16:00,62.66,0.07,28.82,Electronics,Online,Not Returned,High,1566.5,VIP
884946,Notebook,27,2024-10-22 20:00,45.01,0.08,6.52,Electronics,Online,Not Returned,Medium,1215.27,VIP
843245,Blue Pen,27,2024-10-23 02:00,89.4,0.11,28.34,Electronics,In-store,Not Returned,Medium,2413.8,VIP
551464,Notebook,45,2024-10-23 17:00,68.78,0.33,7.44,Electronics,Online,Not Returned,Low,3095.1,VIP
595821,Notebook,41,2024-10-23 22:00,56.45,0.02,18.87,Electronics,In-store,Not Returned,High,2314.4500000000003,VIP
570961,Office Chair,46,2024-10-24 11:00,84.78,0.49,28.78,Electronics,Online,Not Returned,Medium,3899.88,VIP
341015,Backpack,17,2024-10-25 09:00,88.32,0.04,11.05,Electronics,In-store,Not Returned,High,1501.4399999999998,VIP
399100,USB Cable,22,2024-10-25 16:00,55.16,0.33,12.61,Electronics,In-store,Not Returned,Low,1213.52,VIP
892594,White Mug,21,2024-10-26 00:00,86.99,0.35,27.46,Electronics,In-store,Not Returned,Low,1826.79,VIP
182293,Desk Lamp,35,2024-10-26 02:00,71.09,0.24,9.47,Electronics,Online,Not Returned,Medium,2488.15,VIP
480959,Backpack,43,2024-10-26 05:00,52.19,0.1,27.63,Electronics,In-store,Not Returned,High,2244.17,VIP
508724,Backpack,20,2024-10-26 11:00,88.2,0.38,24.4,Electronics,Online,Not Returned,Low,1764.0,VIP
660190,Wireless Mouse,38,2024-10-27 03:00,84.71,0.09,15.88,Electronics,In-store,Not Returned,Medium,3218.98,VIP
314579,USB Cable,35,2024-10-27 04:00,46.9,0.08,17.58,Electronics,Online,Not Returned,High,1641.5,VIP
603390,Office Chair,48,2024-10-27 20:00,95.65,0.44,24.31,Electronics,Online,Not Returned,Medium,4591.200000000001,VIP
685690,Wireless Mouse,39,2024-10-29 02:00,73.13,0.14,20.69,Electronics,In-store,Not Returned,Medium,2852.07,VIP
400652,Blue Pen,36,2024-10-29 05:00,40.38,0.0,16.17,Electronics,Online,Returned,Medium,1453.68,VIP
726746,Backpack,25,2024-10-29 06:00,89.2,0.36,27.02,Electronics,Online,Not Returned,Medium,2230.0,VIP
211375,Wireless Mouse,27,2024-10-29 13:00,53.89,0.38,15.56,Electronics,In-store,Not Returned,High,1455.03,VIP
475775,T-shirt,42,2024-10-29 19:00,73.66,0.08,27.48,Electronics,Online,Not Returned,High,3093.72,VIP
315570,Blue Pen,20,2024-10-29 20:00,94.62,0.12,23.1,Electronics,Online,Not Returned,Low,1892.4,VIP
312549,Desk Lamp,-16,2024-10-30 04:00,-94.34,0.28,,Electronics,In-store,Not Returned,Low,1509.44,VIP
193602,USB Cable,27,2024-10-30 10:00,67.26,0.37,18.98,Electronics,In-store,Not Returned,High,1816.02,VIP
789653,USB Cable,38,2024-10-30 13:00,92.82,0.03,5.55,Electronics,Online,Not Returned,High,3527.16,VIP
645214,Desk Lamp,43,2024-10-31 12:00,99.92,0.13,6.15,Electronics,Online,Not Returned,Low,4296.56,VIP
111865,Notebook,41,2024-11-01 02:00,81.82,0.29,12.72,Electronics,In-store,Not Returned,High,3354.62,VIP
118936,Wireless Mouse,40,2024-11-01 03:00,61.12,0.37,20.75,Electronics,Online,Not Returned,High,2444.8,VIP
984220,Headphones,47,2024-11-01 06:00,59.89,0.03,9.19,Electronics,Online,Not Returned,High,2814.83,VIP
759199,Blue Pen,32,2024-11-01 11:00,46.46,0.34,7.03,Electronics,Online,Returned,Low,1486.72,VIP
808981,Headphones,27,2024-11-02 02:00,60.71,0.15,23.55,Electronics,Online,Not Returned,Low,1639.17,VIP
173876,Backpack,38,2024-11-03 11:00,88.01,0.31,15.44,Electronics,In-store,Not Returned,High,3344.38,VIP
164792,USB Cable,37,2024-11-03 23:00,98.48,0.42,26.72,Electronics,In-store,Returned,Medium,3643.76,VIP
340416,Office Chair,48,2024-11-04 12:00,90.28,0.11,11.05,Electronics,In-store,Not Returned,Low,4333.4400000000005,VIP
696087,USB Cable,-46,2024-11-04 17:00,-82.31,0.41,,Electronics,In-store,Not Returned,Medium,3786.26,VIP
665680,USB Cable,34,2024-11-04 23:00,45.79,0.26,9.24,Electronics,Online,Not Returned,High,1556.86,VIP
748340,Backpack,27,2024-11-05 05:00,67.15,0.19,6.1,Electronics,In-store,Not Returned,High,1813.05,VIP
778751,Wall Clock,35,2024-11-05 08:00,30.82,0.0,10.66,Electronics,In-store,Not Returned,Low,1078.7,VIP
990560,USB Cable,19,2024-11-05 11:00,67.87,0.18,24.49,Electronics,Online,Not Returned,High,1289.5300000000002,VIP
603635,Office Chair,26,2024-11-05 16:00,68.77,0.23,19.28,Electronics,In-store,Not Returned,Low,1788.02,VIP
149769,USB Cable,19,2024-11-05 20:00,71.37,0.39,25.24,Electronics,Online,Not Returned,Low,1356.0300000000002,VIP
594222,Desk Lamp,40,2024-11-06 01:00,85.53,0.16,16.54,Electronics,Online,Not Returned,Low,3421.2,VIP
409670,T-shirt,40,2024-11-06 08:00,62.81,0.2,6.35,Electronics,Online,Not Returned,High,2512.4,VIP
429225,USB Cable,39,2024-11-07 05:00,31.22,0.13,14.26,Electronics,In-store,Returned,Low,1217.58,VIP
673604,USB Cable,27,2024-11-07 16:00,74.35,0.41,6.86,Electronics,In-store,Not Returned,High,2007.45,VIP
968153,Wall Clock,48,2024-11-08 06:00,27.12,0.33,27.5,Electronics,In-store,Returned,Low,1301.76,VIP
762559,Wall Clock,47,2024-11-08 10:00,76.61,0.41,9.42,Electronics,In-store,Not Returned,High,3600.67,VIP
490999,T-shirt,24,2024-11-09 05:00,53.49,0.3,16.9,Electronics,In-store,Not Returned,Medium,1283.76,VIP
124279,Headphones,13,2024-11-09 18:00,96.75,0.06,25.26,Electronics,Online,Not Returned,Low,1257.75,VIP
635901,Blue Pen,40,2024-11-11 00:00,50.72,0.19,12.68,Electronics,In-store,Not Returned,High,2028.8,VIP
611919,T-shirt,46,2024-11-11 09:00,77.45,0.24,20.47,Electronics,In-store,Not Returned,Medium,3562.7000000000003,VIP
618697,Blue Pen,27,2024-11-11 14:00,75.98,0.04,6.93,Electronics,In-store,Not Returned,Low,2051.46,VIP
283974,Backpack,48,2024-11-11 23:00,72.2,0.31,7.33,Electronics,In-store,Not Returned,High,3465.6000000000004,VIP
987272,White Mug,31,2024-11-12 06:00,84.06,0.37,15.24,Electronics,Online,Not Returned,Medium,2605.86,VIP
270719,Notebook,26,2024-11-12 07:00,39.79,0.05,5.44,Electronics,Online,Not Returned,Medium,1034.54,VIP
313559,Desk Lamp,32,2024-11-12 14:00,81.54,0.16,25.8,Electronics,In-store,Not Returned,High,2609.28,VIP
557092,Wall Clock,26,2024-11-13 15:00,55.04,0.22,5.83,Electronics,Online,Not Returned,Low,1431.04,VIP
516717,Desk Lamp,18,2024-11-14 18:00,58.76,0.44,5.45,Electronics,Online,Returned,High,1057.68,VIP
462167,Wall Clock,41,2024-11-15 13:00,28.0,0.35,20.33,Electronics,In-store,Not Returned,Low,1148.0,VIP
439529,White Mug,33,2024-11-17 13:00,47.49,0.31,12.04,Electronics,Online,Not Returned,Low,1567.17,VIP
285641,Desk Lamp,30,2024-11-18 15:00,88.1,0.1,18.67,Electronics,In-store,Not Returned,Low,2643.0,VIP
496688,Notebook,46,2024-11-18 22:00,70.71,0.17,27.76,Electronics,In-store,Not Returned,Medium,3252.66,VIP
872497,Wall Clock,40,2024-11-19 15:00,55.81,0.1,23.53,Electronics,Online,Not Returned,High,2232.4,VIP
166972,Desk Lamp,25,2024-11-20 00:00,64.03,0.16,14.8,Electronics,In-store,Not Returned,High,1600.75,VIP
803791,Backpack,18,2024-11-20 09:00,75.9,0.49,22.78,Electronics,In-store,Not Returned,Medium,1366.2,VIP
622121,Headphones,46,2024-11-22 02:00,76.91,0.13,17.31,Electronics,In-store,Not Returned,High,3537.86,VIP
661926,Wall Clock,42,2024-11-22 06:00,84.29,0.05,24.72,Electronics,In-store,Not Returned,Medium,3540.1800000000003,VIP
780569,Blue Pen,43,2024-11-23 06:00,53.23,0.3,23.14,Electronics,In-store,Not Returned,Low,2288.89,VIP
428170,Wireless Mouse,43,2024-11-23 20:00,38.35,0.05,8.34,Electronics,In-store,Not Returned,High,1649.05,VIP
757264,Desk Lamp,36,2024-11-24 03:00,38.98,0.49,26.02,Electronics,Online,Not Returned,Low,1403.28,VIP
373009,White Mug,16,2024-11-24 16:00,75.71,0.05,21.88,Electronics,Online,Not Returned,Low,1211.36,VIP
685327,Wall Clock,29,2024-11-24 21:00,85.88,0.23,8.75,Electronics,Online,Not Returned,Low,2490.52,VIP
437655,Headphones,43,2024-11-25 18:00,58.82,0.48,11.4,Electronics,Online,Not Returned,Low,2529.26,VIP
246724,T-shirt,35,2024-11-26 22:00,56.87,0.24,5.14,Electronics,In-store,Not Returned,High,1990.45,VIP
281057,USB Cable,24,2024-11-27 13:00,61.29,0.33,8.72,Electronics,In-store,Not Returned,High,1470.96,VIP
292154,Office Chair,33,2024-11-28 06:00,31.37,0.35,16.91,Electronics,Online,Not Returned,High,1035.21,VIP
194747,Headphones,42,2024-11-28 08:00,95.65,0.43,16.44,Electronics,In-store,Not Returned,High,4017.3,VIP
953726,White Mug,49,2024-11-28 10:00,88.95,0.12,12.72,Electronics,Online,Not Returned,Low,4358.55,VIP
924980,White Mug,21,2024-11-28 12:00,92.71,0.19,13.4,Electronics,Online,Not Returned,High,1946.91,VIP
797101,T-shirt,38,2024-11-28 17:00,92.5,0.26,6.82,Electronics,Online,Not Returned,High,3515.0,VIP
183446,Blue Pen,28,2024-11-28 22:00,48.77,0.11,10.57,Electronics,Online,Not Returned,Low,1365.5600000000002,VIP
588741,Backpack,29,2024-11-29 02:00,64.46,0.43,10.59,Electronics,Online,Not Returned,Medium,1869.34,VIP
957910,Office Chair,36,2024-11-30 05:00,44.37,0.44,8.26,Electronics,Online,Not Returned,Low,1597.32,VIP
659564,Wall Clock,40,2024-11-30 07:00,59.07,0.32,8.24,Electronics,In-store,Not Returned,Medium,2362.8,VIP
976148,White Mug,48,2024-11-30 14:00,80.32,0.12,20.69,Electronics,Online,Returned,Medium,3855.36,VIP
476213,Wall Clock,41,2024-11-30 20:00,38.34,0.04,8.89,Electronics,In-store,Not Returned,High,1571.94,VIP
443101,T-shirt,35,2024-12-01 06:00,97.02,0.14,25.9,Electronics,In-store,Not Returned,Low,3395.7,VIP
323554,Notebook,33,2024-12-01 09:00,40.89,0.34,7.81,Electronics,In-store,Not Returned,Medium,1349.37,VIP
681489,Wireless Mouse,26,2024-12-01 20:00,78.29,0.32,12.56,Electronics,Online,Not Returned,Low,2035.54,VIP
789376,Wall Clock,36,2024-12-02 04:00,77.8,0.26,17.25,Electronics,Online,Not Returned,High,2800.8,VIP
504140,Wall Clock,-50,2024-12-02 17:00,-86.02,1.7352927172688943,,Electronics,Online,Not Returned,High,4301.0,VIP
705789,Backpack,-50,2024-12-02 23:00,-55.42,0.24,,Electronics,Online,Not Returned,Medium,2771.0,VIP
192379,Headphones,13,2024-12-03 05:00,83.4,0.48,5.46,Electronics,Online,Not Returned,Medium,1084.2,VIP
471974,USB Cable,34,2024-12-03 12:00,81.45,0.33,9.84,Electronics,In-store,Not Returned,Low,2769.3,VIP
309497,Headphones,42,2024-12-03 19:00,27.01,0.36,27.87,Electronics,Online,Not Returned,Low,1134.42,VIP
632440,Office Chair,31,2024-12-04 01:00,46.05,0.07,28.22,Electronics,In-store,Not Returned,High,1427.55,VIP
150356,Blue Pen,17,2024-12-04 23:00,78.64,0.24,24.24,Electronics,Online,Not Returned,Medium,1336.88,VIP
149253,Notebook,35,2024-12-06 05:00,73.03,0.47,22.49,Electronics,Online,Not Returned,High,2556.05,VIP
261769,T-shirt,29,2024-12-06 18:00,96.41,0.38,9.53,Electronics,Online,Not Returned,High,2795.89,VIP
575848,Headphones,35,2024-12-07 08:00,65.32,0.46,16.57,Electronics,In-store,Not Returned,High,2286.2,VIP
768128,Wall Clock,48,2024-12-07 11:00,41.95,0.05,14.86,Electronics,Online,Not Returned,High,2013.6,VIP
384769,Notebook,39,2024-12-07 12:00,71.46,0.09,17.35,Electronics,In-store,Not Returned,Low,2786.94,VIP
120032,Headphones,27,2024-12-07 16:00,54.46,0.38,18.89,Electronics,Online,Not Returned,High,1470.42,VIP
231098,White Mug,37,2024-12-08 06:00,28.77,0.38,24.41,Electronics,Online,Not Returned,Low,1064.49,VIP
638758,White Mug,37,2024-12-08 08:00,51.42,0.34,9.04,Electronics,Online,Not Returned,Medium,1902.54,VIP
191838,Headphones,45,2024-12-09 01:00,54.75,0.17,24.42,Electronics,Online,Not Returned,Low,2463.75,VIP
947454,Headphones,29,2024-12-09 13:00,89.2,0.37,20.6,Electronics,Online,Not Returned,High,2586.8,VIP
445398,Headphones,14,2024-12-09 14:00,85.53,0.15,24.3,Electronics,Online,Not Returned,Low,1197.42,VIP
263062,Backpack,42,2024-12-11 00:00,94.46,0.48,18.95,Electronics,In-store,Not Returned,Low,3967.32,VIP
502262,Blue Pen,39,2024-12-11 05:00,26.04,0.15,17.06,Electronics,In-store,Not Returned,Low,1015.56,VIP
434423,Headphones,49,2024-12-12 04:00,24.24,0.2,12.29,Electronics,Online,Not Returned,High,1187.76,VIP
593548,Notebook,36,2024-12-12 09:00,94.73,0.49,10.46,Electronics,In-store,Not Returned,High,3410.28,VIP
752241,Desk Lamp,42,2024-12-12 22:00,44.4,0.33,20.4,Electronics,In-store,Not Returned,Low,1864.8,VIP
946789,Blue Pen,33,2024-12-13 16:00,73.02,0.08,18.33,Electronics,In-store,Not Returned,Low,2409.66,VIP
976555,Wireless Mouse,32,2024-12-13 23:00,51.14,0.21,23.14,Electronics,Online,Not Returned,Low,1636.48,VIP
603782,Desk Lamp,49,2024-12-14 05:00,67.99,0.38,7.07,Electronics,In-store,Not Returned,Medium,3331.51,VIP
682083,Wall Clock,49,2024-12-15 01:00,72.39,0.43,22.68,Electronics,Online,Not Returned,High,3547.11,VIP
386704,USB Cable,45,2024-12-15 02:00,74.6,0.14,12.69,Electronics,In-store,Not Returned,Medium,3356.9999999999995,VIP
442535,White Mug,30,2024-12-15 07:00,57.37,0.13,21.61,Electronics,Online,Not Returned,Medium,1721.1,VIP
806677,Office Chair,46,2024-12-15 10:00,80.36,0.39,28.02,Electronics,Online,Not Returned,Medium,3696.56,VIP
637451,Backpack,32,2024-12-16 03:00,70.73,0.08,9.41,Electronics,Online,Returned,Low,2263.36,VIP
997451,Notebook,47,2024-12-17 09:00,75.88,0.23,14.24,Electronics,In-store,Not Returned,High,3566.36,VIP
693204,Wall Clock,39,2024-12-17 17:00,60.0,0.43,8.53,Electronics,In-store,Not Returned,High,2340.0,VIP
416772,Notebook,48,2024-12-17 18:00,38.45,0.13,24.14,Electronics,In-store,Not Returned,Medium,1845.6,VIP
704987,Office Chair,28,2024-12-17 20:00,62.27,0.15,21.42,Electronics,Online,Returned,High,1743.5600000000002,VIP
168514,White Mug,22,2024-12-18 14:00,47.16,0.12,8.67,Electronics,Online,Not Returned,Medium,1037.52,VIP
343126,Blue Pen,37,2024-12-18 15:00,54.7,0.36,20.22,Electronics,In-store,Returned,Medium,2023.9,VIP
529084,Backpack,27,2024-12-19 05:00,48.07,0.15,12.47,Electronics,In-store,Not Returned,Medium,1297.89,VIP
688277,White Mug,43,2024-12-19 18:00,23.29,0.25,7.73,Electronics,Online,Not Returned,Low,1001.47,VIP
124190,USB Cable,49,2024-12-20 10:00,25.67,0.09,14.86,Electronics,In-store,Not Returned,High,1257.8300000000002,VIP
323447,Notebook,37,2024-12-21 10:00,34.71,0.0,22.21,Electronics,In-store,Not Returned,High,1284.27,VIP
141189,Desk Lamp,24,2024-12-21 21:00,75.14,0.12,23.15,Electronics,In-store,Not Returned,Medium,1803.36,VIP
270460,Notebook,36,2024-12-24 01:00,95.73,0.46,7.77,Electronics,Online,Not Returned,Medium,3446.28,VIP
695795,White Mug,29,2024-12-24 05:00,59.93,0.38,26.81,Electronics,In-store,Not Returned,Low,1737.97,VIP
826864,Backpack,23,2024-12-24 08:00,55.73,0.46,20.25,Electronics,Online,Not Returned,Low,1281.79,VIP
960968,Headphones,21,2024-12-24 16:00,85.47,0.46,18.13,Electronics,In-store,Not Returned,Low,1794.87,VIP
921326,Headphones,41,2024-12-24 20:00,32.28,0.24,28.84,Electronics,In-store,Not Returned,Medium,1323.48,VIP
426380,Wireless Mouse,40,2024-12-25 18:00,41.95,0.16,22.43,Electronics,In-store,Not Returned,Low,1678.0,VIP
966051,USB Cable,49,2024-12-25 19:00,94.49,0.27,29.3,Electronics,In-store,Not Returned,Medium,4630.009999999999,VIP
860197,Desk Lamp,43,2024-12-26 02:00,70.63,0.24,25.22,Electronics,Online,Not Returned,High,3037.09,VIP
268530,Blue Pen,19,2024-12-26 07:00,69.02,0.35,21.45,Electronics,Online,Not Returned,Medium,1311.38,VIP
895252,Blue Pen,34,2024-12-26 14:00,85.45,0.43,29.31,Electronics,In-store,Not Returned,Medium,2905.3,VIP
486301,USB Cable,31,2024-12-27 03:00,71.88,0.41,12.36,Electronics,Online,Not Returned,High,2228.28,VIP
918018,Wireless Mouse,27,2024-12-27 13:00,76.18,0.34,16.05,Electronics,In-store,Returned,Medium,2056.86,VIP
493899,T-shirt,41,2024-12-27 19:00,64.03,0.34,28.05,Electronics,In-store,Not Returned,Medium,2625.23,VIP
715275,Notebook,22,2024-12-27 20:00,48.38,0.29,21.45,Electronics,In-store,Returned,Low,1064.36,VIP
947529,USB Cable,43,2024-12-27 22:00,57.5,0.15,15.24,Electronics,Online,Not Returned,Low,2472.5,VIP
516901,Wall Clock,44,2024-12-28 03:00,94.86,0.48,14.65,Electronics,In-store,Not Returned,Low,4173.84,VIP
919722,Backpack,37,2024-12-28 12:00,48.35,0.47,13.6,Electronics,In-store,Not Returned,Low,1788.95,VIP
887700,Blue Pen,37,2024-12-28 20:00,41.81,0.31,9.03,Electronics,Online,Not Returned,Medium,1546.97,VIP
988349,T-shirt,49,2024-12-29 02:00,65.24,0.23,26.96,Electronics,In-store,Not Returned,Medium,3196.76,VIP
994184,Wireless Mouse,22,2024-12-29 20:00,96.74,0.0,24.27,Electronics,In-store,Not Returned,Low,2128.28,VIP
622100,T-shirt,23,2024-12-30 00:00,95.6,0.26,9.28,Electronics,Online,Returned,Medium,2198.8,VIP
996731,Backpack,23,2024-12-30 08:00,66.56,0.31,7.98,Electronics,Online,Not Returned,High,1530.88,VIP
103485,Backpack,44,2024-12-30 13:00,85.09,0.25,7.94,Electronics,Online,Not Returned,High,3743.96,VIP
474199,White Mug,49,2024-12-30 14:00,58.85,0.32,9.84,Electronics,Online,Not Returned,Low,2883.65,VIP
294251,Desk Lamp,-50,2024-12-31 01:00,-71.36,1.7401246887520876,,Electronics,Online,Returned,Medium,3568.0,VIP
983131,T-shirt,43,2024-12-31 18:00,70.09,0.48,10.2,Electronics,In-store,Not Returned,High,3013.8700000000003,VIP
221704,Office Chair,45,2025-01-01 07:00,62.1,0.25,6.95,Electronics,In-store,Not Returned,High,2794.5,VIP
550927,Notebook,20,2025-01-01 14:00,70.99,0.07,8.26,Electronics,Online,Not Returned,Medium,1419.8,VIP
654196,Wall Clock,47,2025-01-02 05:00,36.71,0.37,29.11,Electronics,In-store,Not Returned,Medium,1725.37,VIP
754856,Headphones,31,2025-01-02 16:00,90.2,0.28,26.03,Electronics,Online,Not Returned,High,2796.2000000000003,VIP
591358,Headphones,44,2025-01-03 03:00,55.26,0.44,19.69,Electronics,In-store,Not Returned,High,2431.44,VIP
879177,Blue Pen,-42,2025-01-03 07:00,-26.19,1.1088775435545486,,Electronics,In-store,Not Returned,Medium,1099.98,VIP
970735,White Mug,18,2025-01-06 02:00,88.56,0.08,6.1,Electronics,Online,Not Returned,Medium,1594.08,VIP
392065,White Mug,21,2025-01-06 08:00,90.37,0.08,18.82,Electronics,In-store,Not Returned,Medium,1897.77,VIP
464789,Backpack,47,2025-01-07 00:00,79.33,0.23,12.5,Electronics,Online,Not Returned,Medium,3728.51,VIP
217974,Notebook,26,2025-01-07 12:00,89.37,0.19,12.94,Electronics,In-store,Not Returned,Medium,2323.62,VIP
719614,Desk Lamp,41,2025-01-07 19:00,62.18,0.43,7.81,Electronics,Online,Returned,High,2549.38,VIP
844782,Headphones,35,2025-01-08 02:00,68.57,0.37,5.64,Electronics,In-store,Not Returned,Medium,2399.95,VIP
234961,Headphones,47,2025-01-08 09:00,21.3,0.43,10.1,Electronics,In-store,Not Returned,Low,1001.1,VIP
587720,Headphones,33,2025-01-08 10:00,65.12,0.36,21.99,Electronics,In-store,Not Returned,High,2148.96,VIP
909985,Desk Lamp,34,2025-01-08 15:00,66.33,0.38,24.64,Electronics,In-store,Not Returned,Low,2255.22,VIP
309697,Office Chair,36,2025-01-08 18:00,93.06,0.02,18.81,Electronics,In-store,Not Returned,High,3350.16,VIP
137358,T-shirt,19,2025-01-09 07:00,62.79,0.2,17.0,Electronics,In-store,Not Returned,Medium,1193.01,VIP
259072,Backpack,17,2025-01-09 22:00,74.24,0.44,23.72,Electronics,Online,Not Returned,High,1262.08,VIP
489031,Backpack,42,2025-01-10 08:00,71.19,0.45,13.04,Electronics,In-store,Not Returned,Low,2989.98,VIP
521247,T-shirt,41,2025-01-10 11:00,57.52,0.23,17.54,Electronics,In-store,Not Returned,Low,2358.32,VIP
203812,Wall Clock,44,2025-01-10 19:00,45.18,0.1,25.98,Electronics,Online,Not Returned,Low,1987.92,VIP
657125,USB Cable,24,2025-01-11 09:00,83.51,0.46,20.35,Electronics,In-store,Not Returned,Low,2004.24,VIP
216969,White Mug,45,2025-01-11 15:00,93.49,0.45,25.71,Electronics,In-store,Not Returned,High,4207.05,VIP
627970,White Mug,39,2025-01-11 17:00,55.43,0.0,28.47,Electronics,In-store,Not Returned,Low,2161.77,VIP
175038,Office Chair,21,2025-01-11 20:00,75.41,0.09,27.24,Electronics,In-store,Not Returned,High,1583.61,VIP
498629,White Mug,32,2025-01-11 21:00,87.88,0.01,13.74,Electronics,Online,Not Returned,High,2812.16,VIP
185726,Wireless Mouse,32,2025-01-12 03:00,65.23,0.23,13.05,Electronics,In-store,Not Returned,High,2087.36,VIP
459943,T-shirt,47,2025-01-12 04:00,82.16,0.13,20.68,Electronics,Online,Returned,High,3861.52,VIP
901394,White Mug,29,2025-01-12 08:00,88.62,0.34,28.05,Electronics,In-store,Not Returned,Low,2569.98,VIP
193745,White Mug,36,2025-01-13 01:00,79.3,0.18,13.91,Electronics,Online,Not Returned,Low,2854.8,VIP
441882,Wall Clock,48,2025-01-13 10:00,93.16,0.29,11.51,Electronics,Online,Not Returned,Low,4471.68,VIP
474984,Desk Lamp,36,2025-01-13 15:00,67.46,0.1,11.06,Electronics,Online,Not Returned,Low,2428.56,VIP
300231,White Mug,47,2025-01-13 23:00,60.88,0.28,14.26,Electronics,Online,Not Returned,Medium,2861.36,VIP
499746,Blue Pen,33,2025-01-14 00:00,99.54,0.22,22.34,Electronics,Online,Not Returned,High,3284.82,VIP
745991,T-shirt,18,2025-01-15 02:00,96.12,0.29,5.05,Electronics,In-store,Not Returned,High,1730.16,VIP
216490,USB Cable,36,2025-01-15 05:00,35.23,0.23,12.59,Electronics,In-store,Not Returned,Low,1268.28,VIP
559429,Desk Lamp,41,2025-01-15 07:00,97.84,0.1,23.0,Electronics,Online,Not Returned,Low,4011.44,VIP
743689,Headphones,36,2025-01-15 09:00,97.22,0.05,23.11,Electronics,Online,Returned,High,3499.92,VIP
496220,Notebook,41,2025-01-15 12:00,98.23,0.47,9.01,Electronics,Online,Not Returned,High,4027.43,VIP
418372,USB Cable,48,2025-01-16 23:00,76.05,0.46,27.45,Electronics,Online,Not Returned,High,3650.4,VIP
944192,T-shirt,41,2025-01-17 06:00,37.5,0.44,14.64,Electronics,Online,Not Returned,Medium,1537.5,VIP
997496,Notebook,35,2025-01-18 09:00,44.46,0.35,19.28,Electronics,In-store,Returned,High,1556.1,VIP
360133,T-shirt,48,2025-01-18 18:00,62.19,0.47,9.41,Electronics,Online,Not Returned,Low,2985.12,VIP
693739,USB Cable,20,2025-01-19 11:00,90.13,0.12,9.87,Electronics,In-store,Not Returned,Low,1802.6,VIP
242029,White Mug,20,2025-01-19 16:00,76.11,0.33,5.38,Electronics,Online,Not Returned,Low,1522.2,VIP
687159,USB Cable,49,2025-01-19 20:00,46.58,0.08,13.72,Electronics,In-store,Not Returned,High,2282.42,VIP
205687,Wall Clock,45,2025-01-20 02:00,76.03,0.33,13.75,Electronics,Online,Not Returned,Medium,3421.35,VIP
166964,White Mug,14,2025-01-20 12:00,75.96,0.4,8.88,Electronics,In-store,Returned,Medium,1063.4399999999998,VIP
967686,T-shirt,33,2025-01-20 20:00,40.43,0.46,25.74,Electronics,Online,Not Returned,High,1334.19,VIP
156822,Wall Clock,26,2025-01-21 04:00,87.06,0.15,11.34,Electronics,Online,Not Returned,High,2263.56,VIP
275428,Backpack,14,2025-01-21 15:00,73.95,0.28,18.79,Electronics,Online,Not Returned,Low,1035.3,VIP
448439,Backpack,44,2025-01-21 16:00,78.5,0.13,21.81,Electronics,Online,Not Returned,Low,3454.0,VIP
660180,Notebook,32,2025-01-22 04:00,47.95,0.1,6.49,Electronics,In-store,Not Returned,Medium,1534.4,VIP
216441,USB Cable,32,2025-01-22 05:00,67.74,0.28,6.67,Electronics,In-store,Not Returned,Low,2167.68,VIP
190845,Desk Lamp,22,2025-01-22 13:00,88.39,0.18,21.02,Electronics,Online,Not Returned,Low,1944.58,VIP
374528,Desk Lamp,42,2025-01-22 23:00,79.45,0.06,14.77,Electronics,Online,Not Returned,High,3336.9,VIP
264166,Wireless Mouse,19,2025-01-23 00:00,79.94,0.43,12.89,Electronics,Online,Not Returned,High,1518.86,VIP
407532,Wireless Mouse,30,2025-01-23 07:00,75.25,0.07,14.64,Electronics,Online,Not Returned,Low,2257.5,VIP
160123,Backpack,35,2025-01-23 13:00,78.3,0.12,21.3,Electronics,In-store,Not Returned,High,2740.5,VIP
945513,Backpack,49,2025-01-24 16:00,21.93,0.04,27.88,Electronics,In-store,Not Returned,Medium,1074.57,VIP
811504,Desk Lamp,43,2025-01-24 18:00,41.29,0.38,8.27,Electronics,In-store,Returned,Medium,1775.47,VIP
842753,Desk Lamp,31,2025-01-24 22:00,43.34,0.23,13.42,Electronics,Online,Returned,High,1343.5400000000002,VIP
301441,T-shirt,48,2025-01-25 09:00,53.97,0.41,13.17,Electronics,In-store,Not Returned,Medium,2590.56,VIP
639499,Headphones,38,2025-01-25 19:00,39.29,0.31,29.23,Electronics,In-store,Not Returned,High,1493.02,VIP
599671,Office Chair,18,2025-01-25 23:00,73.9,0.35,24.49,Electronics,In-store,Not Returned,High,1330.2,VIP
305327,Notebook,19,2025-01-26 06:00,86.1,0.34,22.8,Electronics,Online,Not Returned,High,1635.9,VIP
700050,Blue Pen,37,2025-01-26 12:00,81.61,0.41,8.3,Electronics,Online,Not Returned,Low,3019.57,VIP
175302,Office Chair,33,2025-01-26 22:00,89.2,0.37,12.41,Electronics,In-store,Returned,Medium,2943.6,VIP
120653,Office Chair,40,2025-01-27 03:00,78.73,0.26,26.8,Electronics,In-store,Not Returned,High,3149.2000000000003,VIP
407651,Desk Lamp,49,2025-01-28 09:00,55.96,0.39,22.96,Electronics,In-store,Not Returned,Low,2742.04,VIP
972933,USB Cable,23,2025-01-28 10:00,53.54,0.34,10.56,Electronics,In-store,Not Returned,Medium,1231.42,VIP
339779,USB Cable,24,2025-01-28 16:00,71.25,0.35,5.84,Electronics,In-store,Not Returned,Medium,1710.0,VIP
902713,Headphones,44,2025-01-28 22:00,72.16,0.46,9.66,Electronics,In-store,Not Returned,Medium,3175.04,VIP
398683,USB Cable,47,2025-01-29 02:00,38.04,0.11,28.24,Electronics,In-store,Not Returned,High,1787.88,VIP
576228,Backpack,29,2025-01-30 03:00,87.3,0.19,8.78,Electronics,Online,Not Returned,Low,2531.7,VIP
468092,USB Cable,44,2025-01-30 13:00,86.03,0.26,24.22,Electronics,In-store,Not Returned,High,3785.32,VIP
850708,Office Chair,36,2025-01-31 11:00,29.42,0.38,6.73,Electronics,In-store,Not Returned,Low,1059.12,VIP
202895,Notebook,15,2025-01-31 17:00,87.4,0.29,21.6,Electronics,In-store,Not Returned,Medium,1311.0,VIP
676052,T-shirt,44,2025-01-31 23:00,33.23,0.12,5.69,Electronics,Online,Not Returned,High,1462.12,VIP
726166,Headphones,-49,2025-02-01 12:00,-51.92,1.2260583697366294,,Electronics,In-store,Not Returned,Medium,2544.08,VIP
551631,Headphones,26,2025-02-01 17:00,58.36,0.44,27.43,Electronics,Online,Not Returned,Low,1517.36,VIP
843982,T-shirt,17,2025-02-02 00:00,60.47,0.21,11.15,Electronics,Online,Not Returned,Low,1027.99,VIP
291667,Desk Lamp,45,2025-02-02 21:00,35.97,0.47,21.85,Electronics,In-store,Not Returned,Medium,1618.65,VIP
740753,Blue Pen,-40,2025-02-03 09:00,-36.93,0.37,,Electronics,In-store,Not Returned,Low,1477.2,VIP
823361,White Mug,42,2025-02-03 17:00,71.37,0.2,24.06,Electronics,Online,Not Returned,High,2997.54,VIP
872640,Wall Clock,41,2025-02-04 03:00,54.41,0.41,20.79,Electronics,In-store,Not Returned,Low,2230.81,VIP
893664,Notebook,26,2025-02-04 06:00,81.98,0.21,22.38,Electronics,In-store,Not Returned,High,2131.48,VIP
825731,USB Cable,49,2025-02-04 09:00,24.56,0.04,13.0,Electronics,In-store,Not Returned,Medium,1203.4399999999998,VIP
962737,Backpack,15,2025-02-04 14:00,78.98,0.42,11.33,Electronics,Online,Not Returned,Medium,1184.7,VIP
355842,Desk Lamp,47,2025-02-05 05:00,44.92,0.42,29.95,Electronics,Online,Not Returned,Medium,2111.24,VIP
868735,Backpack,28,2025-02-05 11:00,96.04,0.38,14.98,Electronics,Online,Not Returned,Medium,2689.1200000000003,VIP
472577,Backpack,35,2025-02-05 13:00,87.14,0.46,17.15,Electronics,In-store,Not Returned,Low,3049.9,VIP
615323,Wireless Mouse,36,2025-02-05 14:00,84.19,0.38,25.7,Electronics,Online,Not Returned,Medium,3030.84,VIP
201470,Wireless Mouse,22,2025-02-06 04:00,81.12,0.02,28.54,Electronics,Online,Not Returned,Low,1784.64,VIP
318633,Wireless Mouse,24,2025-02-06 17:00,99.99,0.1,28.49,Electronics,Online,Not Returned,Low,2399.76,VIP
284989,Wall Clock,45,2025-02-07 02:00,99.42,0.4,16.3,Electronics,Online,Not Returned,Medium,4473.9,VIP
178305,Blue Pen,26,2025-02-07 12:00,81.52,0.18,21.92,Electronics,Online,Not Returned,Medium,2119.52,VIP
512152,Office Chair,49,2025-02-08 00:00,69.0,0.41,15.01,Electronics,In-store,Not Returned,Low,3381.0,VIP
309866,Office Chair,30,2025-02-08 01:00,57.0,0.08,18.14,Electronics,In-store,Not Returned,High,1710.0,VIP
755768,Blue Pen,47,2025-02-08 09:00,32.46,0.29,22.62,Electronics,Online,Not Returned,High,1525.62,VIP
147497,T-shirt,43,2025-02-08 11:00,78.46,0.35,10.49,Electronics,In-store,Not Returned,Low,3373.78,VIP
886254,T-shirt,27,2025-02-08 12:00,97.42,0.31,12.27,Electronics,In-store,Not Returned,Medium,2630.34,VIP
743504,Wireless Mouse,23,2025-02-08 15:00,86.69,0.37,25.44,Electronics,Online,Not Returned,High,1993.87,VIP
634989,Headphones,47,2025-02-10 08:00,65.58,0.34,14.49,Electronics,Online,Not Returned,High,3082.26,VIP
870430,Wireless Mouse,48,2025-02-10 15:00,89.69,0.31,21.24,Electronics,Online,Not Returned,Low,4305.12,VIP
576063,Office Chair,16,2025-02-10 18:00,98.1,0.31,5.07,Electronics,Online,Not Returned,Low,1569.6,VIP
593888,T-shirt,18,2025-02-11 02:00,75.02,0.28,25.96,Electronics,Online,Returned,Medium,1350.36,VIP
342329,Backpack,35,2025-02-11 14:00,85.41,0.35,6.85,Electronics,In-store,Not Returned,High,2989.35,VIP
766903,Wireless Mouse,36,2025-02-12 10:00,94.65,0.25,22.59,Electronics,Online,Not Returned,High,3407.4,VIP
959546,Blue Pen,27,2025-02-12 16:00,69.33,0.43,23.65,Electronics,Online,Not Returned,Low,1871.91,VIP
383407,Backpack,43,2025-02-12 17:00,27.6,0.23,14.95,Electronics,In-store,Not Returned,High,1186.8,VIP
176204,White Mug,28,2025-02-12 18:00,66.76,0.23,19.42,Electronics,In-store,Not Returned,High,1869.28,VIP
699364,Notebook,47,2025-02-13 19:00,30.39,0.1,21.53,Electronics,In-store,Not Returned,Low,1428.33,VIP
262165,Wireless Mouse,16,2025-02-14 10:00,96.08,0.1,16.52,Electronics,Online,Not Returned,Medium,1537.28,VIP
464750,Backpack,18,2025-02-14 17:00,70.14,0.11,21.35,Electronics,In-store,Not Returned,Low,1262.52,VIP
733552,White Mug,29,2025-02-14 20:00,84.49,0.44,8.86,Electronics,Online,Not Returned,Medium,2450.21,VIP
433440,Wall Clock,40,2025-02-15 12:00,40.93,0.16,10.68,Electronics,In-store,Not Returned,Low,1637.2,VIP
767885,Desk Lamp,22,2025-02-15 21:00,46.61,0.24,11.04,Electronics,In-store,Not Returned,Low,1025.42,VIP
838257,Wireless Mouse,43,2025-02-16 03:00,68.8,0.41,21.97,Electronics,In-store,Not Returned,High,2958.4,VIP
953605,Headphones,39,2025-02-16 06:00,86.85,0.37,18.0,Electronics,Online,Not Returned,Low,3387.15,VIP
119684,Desk Lamp,-39,2025-02-16 11:00,-78.02,0.23,,Electronics,Online,Not Returned,High,3042.78,VIP
627754,Backpack,31,2025-02-17 00:00,43.94,0.11,26.43,Electronics,In-store,Not Returned,Low,1362.14,VIP
357656,Wireless Mouse,18,2025-02-17 04:00,57.7,0.44,20.76,Electronics,Online,Not Returned,Low,1038.6,VIP
573335,Office Chair,49,2025-02-17 13:00,22.77,0.39,10.87,Electronics,Online,Not Returned,Low,1115.73,VIP
272238,T-shirt,40,2025-02-17 15:00,82.55,0.11,20.14,Electronics,In-store,Not Returned,Medium,3302.0,VIP
189292,T-shirt,12,2025-02-17 16:00,94.92,0.19,18.24,Electronics,Online,Not Returned,Medium,1139.04,VIP
743203,T-shirt,23,2025-02-18 04:00,75.76,0.31,12.71,Electronics,In-store,Not Returned,Medium,1742.48,VIP
415317,Wall Clock,45,2025-02-18 09:00,56.0,0.38,15.73,Electronics,In-store,Not Returned,Medium,2520.0,VIP
842090,T-shirt,24,2025-02-18 14:00,85.12,0.34,28.21,Electronics,In-store,Returned,Low,2042.88,VIP
896778,USB Cable,48,2025-02-19 01:00,90.66,0.24,28.96,Electronics,In-store,Not Returned,High,4351.68,VIP
232409,Office Chair,23,2025-02-19 07:00,71.76,0.21,6.61,Electronics,Online,Not Returned,High,1650.48,VIP
687256,Backpack,21,2025-02-19 11:00,72.27,0.21,23.43,Electronics,Online,Not Returned,High,1517.6699999999998,VIP
640502,White Mug,28,2025-02-19 17:00,98.25,0.44,28.2,Electronics,Online,Not Returned,High,2751.0,VIP
922244,Wall Clock,44,2025-02-19 21:00,32.2,0.44,27.03,Electronics,Online,Not Returned,Low,1416.8000000000002,VIP
421072,Office Chair,47,2025-02-19 22:00,42.46,0.37,18.31,Electronics,Online,Not Returned,High,1995.62,VIP
110091,Blue Pen,16,2025-02-20 10:00,73.74,0.29,26.09,Electronics,Online,Not Returned,Low,1179.84,VIP
486217,Desk Lamp,38,2025-02-20 23:00,31.25,0.43,19.53,Electronics,In-store,Not Returned,Low,1187.5,VIP
441673,T-shirt,39,2025-02-21 15:00,40.57,0.39,26.94,Electronics,Online,Not Returned,Low,1582.23,VIP
719232,Backpack,35,2025-02-22 01:00,94.4,0.2,5.13,Electronics,In-store,Returned,Low,3304.0,VIP
244855,USB Cable,22,2025-02-22 09:00,58.35,0.39,21.92,Electronics,Online,Not Returned,Medium,1283.7,VIP
577361,Headphones,49,2025-02-22 21:00,38.22,0.46,9.61,Electronics,In-store,Not Returned,Low,1872.78,VIP
721779,Headphones,25,2025-02-23 01:00,92.61,0.03,7.46,Electronics,Online,Not Returned,Medium,2315.25,VIP
960295,Backpack,43,2025-02-23 17:00,80.65,0.3,26.77,Electronics,In-store,Not Returned,Low,3467.9500000000003,VIP
340899,Notebook,44,2025-02-24 20:00,73.32,0.37,18.44,Electronics,Online,Not Returned,Medium,3226.08,VIP
346641,Backpack,49,2025-02-25 01:00,71.78,0.23,24.7,Electronics,In-store,Not Returned,Medium,3517.2200000000003,VIP
122783,USB Cable,16,2025-02-25 23:00,93.32,0.3,27.95,Electronics,Online,Not Returned,Low,1493.12,VIP
913973,Backpack,-35,2025-02-26 05:00,-61.29,1.6100394341062192,,Electronics,Online,Not Returned,High,2145.15,VIP
991703,Blue Pen,45,2025-02-26 10:00,48.11,0.27,11.05,Electronics,In-store,Not Returned,Medium,2164.95,VIP
151944,Wireless Mouse,46,2025-02-26 15:00,75.04,0.41,9.35,Electronics,In-store,Not Returned,Low,3451.84,VIP
407336,Wall Clock,30,2025-02-27 04:00,64.95,0.01,20.79,Electronics,In-store,Returned,Medium,1948.5,VIP
150111,T-shirt,24,2025-02-27 08:00,78.51,0.34,7.65,Electronics,Online,Not Returned,Low,1884.24,VIP
281385,USB Cable,18,2025-02-27 21:00,63.26,0.36,24.39,Electronics,Online,Not Returned,High,1138.68,VIP
665216,USB Cable,27,2025-02-28 02:00,39.73,0.29,9.29,Electronics,Online,Not Returned,Medium,1072.7099999999998,VIP
486712,Headphones,39,2025-02-28 09:00,83.92,0.24,7.0,Electronics,Online,Not Returned,Medium,3272.88,VIP
231916,White Mug,47,2025-02-28 13:00,88.47,0.18,14.09,Electronics,In-store,Not Returned,Medium,4158.09,VIP
421821,Wall Clock,21,2025-02-28 18:00,82.31,0.4,13.41,Electronics,Online,Not Returned,Low,1728.51,VIP
789391,T-shirt,33,2025-02-28 19:00,73.89,0.34,10.64,Electronics,Online,Not Returned,Medium,2438.37,VIP
991910,Blue Pen,18,2025-02-28 23:00,84.01,0.07,23.98,Electronics,In-store,Returned,Low,1512.18,VIP
599270,Backpack,33,2025-03-01 09:00,53.02,0.31,5.28,Electronics,Online,Not Returned,High,1749.66,VIP
754272,Wireless Mouse,18,2025-03-02 00:00,67.76,0.1,29.42,Electronics,Online,Not Returned,High,1219.68,VIP
783897,Wireless Mouse,18,2025-03-02 02:00,69.27,0.49,13.46,Electronics,In-store,Returned,High,1246.86,VIP
236727,White Mug,21,2025-03-02 07:00,81.72,0.18,12.35,Electronics,In-store,Not Returned,Medium,1716.12,VIP
194845,Blue Pen,47,2025-03-02 19:00,84.94,0.15,20.92,Electronics,In-store,Not Returned,Medium,3992.18,VIP
373899,White Mug,41,2025-03-03 20:00,33.32,0.4,20.39,Electronics,In-store,Not Returned,High,1366.12,VIP
656036,Headphones,25,2025-03-05 05:00,78.39,0.15,19.73,Electronics,Online,Not Returned,High,1959.75,VIP
514082,Wireless Mouse,43,2025-03-05 22:00,52.41,0.04,18.02,Electronics,Online,Not Returned,High,2253.63,VIP
641270,Wireless Mouse,22,2025-03-06 18:00,66.37,0.49,17.97,Electronics,Online,Not Returned,High,1460.14,VIP
550244,T-shirt,42,2025-03-06 19:00,50.96,0.17,17.75,Electronics,In-store,Returned,High,2140.32,VIP
308914,Blue Pen,46,2025-03-06 23:00,36.96,0.04,15.76,Electronics,In-store,Not Returned,High,1700.16,VIP
849165,Notebook,39,2025-03-07 16:00,78.57,0.22,7.38,Electronics,Online,Not Returned,High,3064.23,VIP
586713,T-shirt,48,2025-03-07 23:00,29.1,0.41,28.43,Electronics,In-store,Not Returned,Medium,1396.8000000000002,VIP
145876,Wall Clock,38,2025-03-08 04:00,30.8,0.5,19.61,Electronics,Online,Not Returned,Low,1170.4,VIP
537543,White Mug,49,2025-03-08 07:00,20.94,0.31,23.27,Electronics,Online,Not Returned,High,1026.0600000000002,VIP
194605,Headphones,47,2025-03-08 19:00,43.51,0.24,29.31,Electronics,Online,Not Returned,Medium,2044.97,VIP
850612,Notebook,48,2025-03-09 09:00,26.95,0.15,20.06,Electronics,In-store,Not Returned,High,1293.6,VIP
474315,USB Cable,25,2025-03-09 15:00,75.0,0.33,15.05,Electronics,Online,Not Returned,High,1875.0,VIP
692051,Wall Clock,33,2025-03-09 18:00,85.36,0.29,11.28,Electronics,In-store,Not Returned,Low,2816.88,VIP
717976,Notebook,-34,2025-03-11 06:00,-85.51,1.4337170834618074,,Electronics,Online,Not Returned,Low,2907.34,VIP
232501,T-shirt,49,2025-03-11 07:00,55.89,0.1,17.82,Electronics,In-store,Not Returned,Low,2738.61,VIP
421197,USB Cable,17,2025-03-11 14:00,65.12,0.48,29.27,Electronics,In-store,Not Returned,Medium,1107.04,VIP
280686,White Mug,44,2025-03-11 20:00,58.72,0.04,22.09,Electronics,Online,Not Returned,High,2583.68,VIP
680147,Wall Clock,45,2025-03-11 21:00,47.16,0.36,25.95,Electronics,In-store,Not Returned,Low,2122.2,VIP
603808,T-shirt,32,2025-03-12 00:00,59.01,0.07,8.95,Electronics,Online,Returned,High,1888.32,VIP
565803,USB Cable,33,2025-03-12 10:00,49.6,0.32,12.26,Electronics,Online,Not Returned,High,1636.8,VIP
762804,Desk Lamp,23,2025-03-12 11:00,73.79,0.13,24.58,Electronics,Online,Not Returned,High,1697.17,VIP
483937,Desk Lamp,42,2025-03-13 19:00,80.02,0.46,8.0,Electronics,In-store,Not Returned,Medium,3360.84,VIP
704992,White Mug,32,2025-03-13 23:00,41.45,0.17,13.72,Electronics,Online,Not Returned,Medium,1326.4,VIP
986195,Headphones,26,2025-03-14 09:00,73.18,0.44,20.59,Electronics,Online,Not Returned,Low,1902.6800000000003,VIP
653215,Wireless Mouse,23,2025-03-14 13:00,64.63,0.02,9.72,Electronics,Online,Not Returned,Low,1486.4899999999998,VIP
445175,Wall Clock,32,2025-03-14 19:00,84.83,0.2,16.53,Electronics,In-store,Not Returned,Low,2714.56,VIP
440913,T-shirt,42,2025-03-15 18:00,67.9,0.16,18.72,Electronics,In-store,Not Returned,Low,2851.8,VIP
333094,Backpack,40,2025-03-15 23:00,48.98,0.06,6.89,Electronics,In-store,Returned,High,1959.2,VIP
519592,Notebook,38,2025-03-16 12:00,86.52,0.1,25.87,Electronics,In-store,Not Returned,Medium,3287.76,VIP
184636,Notebook,46,2025-03-16 14:00,29.1,0.1,29.28,Electronics,Online,Not Returned,High,1338.6,VIP
176420,Wall Clock,36,2025-03-17 03:00,43.37,0.14,10.25,Electronics,In-store,Not Returned,Low,1561.32,VIP
278805,Blue Pen,32,2025-03-17 09:00,81.04,0.03,6.59,Electronics,Online,Not Returned,Medium,2593.28,VIP
682602,USB Cable,28,2025-03-18 06:00,90.36,0.14,13.89,Electronics,In-store,Not Returned,Medium,2530.08,VIP
196537,Headphones,26,2025-03-18 11:00,79.64,0.07,19.82,Electronics,Online,Not Returned,Low,2070.64,VIP
712381,White Mug,34,2025-03-18 23:00,79.33,0.17,19.46,Electronics,Online,Not Returned,High,2697.22,VIP
797862,Desk Lamp,18,2025-03-19 00:00,59.0,0.47,15.68,Electronics,Online,Not Returned,High,1062.0,VIP
483334,Notebook,14,2025-03-20 13:00,81.39,0.2,28.22,Electronics,In-store,Not Returned,Medium,1139.46,VIP
962435,Office Chair,34,2025-03-21 02:00,47.97,0.34,29.32,Electronics,In-store,Not Returned,High,1630.98,VIP
539643,Headphones,33,2025-03-21 21:00,30.32,0.21,27.99,Electronics,In-store,Not Returned,High,1000.56,VIP
119882,Headphones,27,2025-03-22 04:00,89.02,0.38,28.79,Electronics,Online,Not Returned,Medium,2403.54,VIP
536395,Notebook,39,2025-03-24 03:00,48.01,0.07,17.08,Electronics,In-store,Not Returned,Medium,1872.39,VIP
797418,Office Chair,36,2025-03-24 10:00,89.62,0.19,25.95,Electronics,In-store,Not Returned,Low,3226.32,VIP
267257,Notebook,19,2025-03-24 14:00,98.73,0.49,10.32,Electronics,Online,Not Returned,Low,1875.87,VIP
601669,Office Chair,20,2025-03-24 17:00,63.84,0.4,27.45,Electronics,In-store,Not Returned,Low,1276.8000000000002,VIP
675330,USB Cable,23,2025-03-24 18:00,60.21,0.27,12.96,Electronics,In-store,Not Returned,High,1384.83,VIP
891082,Desk Lamp,40,2025-03-25 11:00,41.87,0.06,24.65,Electronics,Online,Not Returned,Medium,1674.8,VIP
744711,Wireless Mouse,46,2025-03-26 21:00,27.21,0.25,24.39,Electronics,In-store,Not Returned,Low,1251.66,VIP
119462,White Mug,49,2025-03-27 16:00,83.8,0.48,7.55,Electronics,Online,Not Returned,Medium,4106.2,VIP
203246,Wall Clock,16,2025-03-28 16:00,90.74,0.07,8.66,Electronics,In-store,Not Returned,Low,1451.84,VIP
695022,Headphones,23,2025-03-28 20:00,51.55,0.29,11.86,Electronics,Online,Not Returned,Low,1185.65,VIP
608446,Notebook,24,2025-03-29 02:00,73.7,0.07,24.0,Electronics,In-store,Not Returned,High,1768.8000000000002,VIP
856899,Wall Clock,14,2025-03-29 22:00,97.16,0.35,22.9,Electronics,Online,Not Returned,High,1360.24,VIP
854899,Wireless Mouse,18,2025-03-30 19:00,77.18,0.24,6.3,Electronics,Online,Not Returned,Medium,1389.2400000000002,VIP
177383,Wireless Mouse,43,2025-03-30 23:00,55.14,0.41,20.08,Electronics,In-store,Not Returned,Low,2371.02,VIP
841360,White Mug,48,2025-03-31 06:00,27.57,0.18,27.29,Electronics,In-store,Not Returned,Medium,1323.36,VIP
502243,Office Chair,34,2025-03-31 15:00,85.81,0.26,13.51,Electronics,Online,Not Returned,High,2917.54,VIP
170013,Desk Lamp,39,2025-04-01 00:00,48.22,0.47,25.05,Electronics,Online,Not Returned,Low,1880.58,VIP
224326,Wall Clock,21,2025-04-01 01:00,74.73,0.44,11.03,Electronics,In-store,Not Returned,Low,1569.3300000000002,VIP
216562,Blue Pen,-17,2025-04-01 04:00,-77.46,1.2117297537208267,,Electronics,Online,Not Returned,Medium,1316.82,VIP
461590,Wall Clock,46,2025-04-01 08:00,97.3,0.46,16.1,Electronics,Online,Not Returned,Low,4475.8,VIP
164734,Wireless Mouse,18,2025-04-02 11:00,56.55,0.11,21.33,Electronics,In-store,Not Returned,Low,1017.9,VIP
170050,Office Chair,43,2025-04-02 13:00,42.23,0.05,25.07,Electronics,In-store,Not Returned,High,1815.89,VIP
418317,Wireless Mouse,26,2025-04-03 17:00,50.16,0.45,6.67,Electronics,Online,Not Returned,Low,1304.16,VIP
974323,White Mug,34,2025-04-03 18:00,90.83,0.37,21.82,Electronics,Online,Not Returned,Medium,3088.22,VIP
470903,Wireless Mouse,31,2025-04-03 21:00,44.61,0.46,15.94,Electronics,Online,Not Returned,High,1382.91,VIP
120893,Backpack,13,2025-04-04 01:00,93.03,0.28,7.23,Electronics,In-store,Not Returned,High,1209.39,VIP
312880,Wireless Mouse,39,2025-04-04 14:00,98.39,0.46,24.25,Electronics,Online,Not Returned,High,3837.21,VIP
284426,Notebook,46,2025-04-04 20:00,29.64,0.31,11.24,Electronics,In-store,Not Returned,High,1363.44,VIP
784388,Backpack,29,2025-04-05 00:00,63.68,0.36,11.41,Electronics,Online,Not Returned,Low,1846.72,VIP
557298,White Mug,16,2025-04-05 01:00,78.01,0.16,15.64,Electronics,In-store,Not Returned,Medium,1248.16,VIP
866582,T-shirt,49,2025-04-06 02:00,69.81,0.14,29.92,Electronics,Online,Returned,Medium,3420.69,VIP
972523,Notebook,28,2025-04-06 11:00,67.43,0.28,11.68,Electronics,Online,Not Returned,Medium,1888.04,VIP
981171,Desk Lamp,31,2025-04-07 12:00,87.71,0.02,27.45,Electronics,Online,Not Returned,Medium,2719.01,VIP
996699,Headphones,40,2025-04-07 16:00,78.25,0.45,9.97,Electronics,Online,Not Returned,Low,3130.0,VIP
104942,T-shirt,43,2025-04-08 14:00,28.09,0.19,22.61,Electronics,In-store,Not Returned,High,1207.87,VIP
808294,Desk Lamp,36,2025-04-08 21:00,38.61,0.24,23.07,Electronics,In-store,Not Returned,High,1389.96,VIP
185401,Wireless Mouse,17,2025-04-09 02:00,91.83,0.19,13.19,Electronics,In-store,Returned,Medium,1561.11,VIP
810284,Headphones,20,2025-04-09 05:00,51.01,0.49,10.72,Electronics,In-store,Not Returned,Medium,1020.2,VIP
961985,Blue Pen,39,2025-04-10 16:00,86.46,0.25,7.85,Electronics,Online,Not Returned,High,3371.94,VIP
736213,Office Chair,32,2025-04-10 19:00,92.26,0.04,21.3,Electronics,Online,Not Returned,High,2952.32,VIP
411919,T-shirt,34,2025-04-11 07:00,95.09,0.5,19.27,Electronics,In-store,Not Returned,Low,3233.06,VIP
698016,USB Cable,31,2025-04-11 16:00,76.96,0.03,8.51,Electronics,Online,Not Returned,Medium,2385.76,VIP
502202,Backpack,14,2025-04-11 23:00,83.45,0.47,20.89,Electronics,Online,Not Returned,Medium,1168.3,VIP
327362,T-shirt,23,2025-04-12 02:00,99.95,0.41,25.47,Electronics,In-store,Returned,Low,2298.85,VIP
338706,Backpack,39,2025-04-12 12:00,87.31,0.1,7.61,Electronics,Online,Not Returned,Low,3405.09,VIP
225640,Blue Pen,37,2025-04-13 05:00,44.52,0.12,26.86,Electronics,Online,Not Returned,Low,1647.24,VIP
208369,Office Chair,41,2025-04-14 07:00,49.87,0.47,27.03,Electronics,Online,Not Returned,High,2044.67,VIP
374072,White Mug,37,2025-04-14 14:00,50.21,0.43,19.33,Electronics,Online,Not Returned,Low,1857.77,VIP
863341,Wall Clock,47,2025-04-14 16:00,43.77,0.07,21.92,Electronics,Online,Not Returned,Medium,2057.19,VIP
907272,Desk Lamp,29,2025-04-15 10:00,50.72,0.46,14.44,Electronics,In-store,Returned,Medium,1470.88,VIP
626259,Wireless Mouse,17,2025-04-15 13:00,76.08,0.45,15.91,Electronics,Online,Not Returned,High,1293.36,VIP
803227,T-shirt,23,2025-04-16 09:00,98.0,0.21,7.6,Electronics,In-store,Returned,Low,2254.0,VIP
840694,Wireless Mouse,30,2025-04-16 19:00,74.66,0.05,18.07,Electronics,In-store,Not Returned,Medium,2239.8,VIP
623319,Desk Lamp,39,2025-04-16 21:00,39.9,0.46,6.0,Electronics,Online,Not Returned,High,1556.1,VIP
832524,Headphones,39,2025-04-17 07:00,82.36,0.27,19.2,Electronics,Online,Not Returned,High,3212.04,VIP
770658,Wireless Mouse,38,2025-04-17 21:00,61.13,0.06,5.98,Electronics,In-store,Not Returned,High,2322.94,VIP
744426,USB Cable,22,2025-04-17 23:00,76.78,0.24,5.42,Electronics,Online,Not Returned,High,1689.16,VIP
556226,Desk Lamp,37,2025-04-18 06:00,56.87,0.07,13.21,Electronics,Online,Not Returned,Low,2104.19,VIP
793763,Notebook,48,2025-04-19 05:00,33.74,0.17,22.74,Electronics,Online,Not Returned,Low,1619.52,VIP
445627,Desk Lamp,37,2025-04-19 09:00,33.4,0.2,18.26,Electronics,Online,Not Returned,Medium,1235.8,VIP
122727,USB Cable,24,2025-04-19 11:00,83.4,0.44,23.0,Electronics,Online,Returned,High,2001.6,VIP
449204,USB Cable,28,2025-04-20 01:00,83.41,0.02,20.05,Electronics,Online,Not Returned,Low,2335.48,VIP
244371,Desk Lamp,49,2025-04-20 04:00,24.39,0.27,25.14,Electronics,In-store,Not Returned,Low,1195.11,VIP
608864,Office Chair,48,2025-04-20 06:00,48.74,0.02,24.56,Electronics,Online,Returned,Low,2339.52,VIP
549135,Blue Pen,28,2025-04-20 09:00,62.51,0.08,12.57,Electronics,In-store,Not Returned,Low,1750.28,VIP
238741,White Mug,31,2025-04-21 15:00,84.64,0.05,15.53,Electronics,In-store,Not Returned,Low,2623.84,VIP
381335,USB Cable,33,2025-04-21 20:00,35.03,0.1,9.63,Electronics,In-store,Not Returned,Medium,1155.99,VIP
256588,Notebook,35,2025-04-22 00:00,69.15,0.29,6.25,Electronics,In-store,Not Returned,Medium,2420.25,VIP
394935,T-shirt,27,2025-04-22 06:00,95.64,0.33,25.88,Electronics,In-store,Not Returned,High,2582.28,VIP
108095,USB Cable,39,2025-04-22 10:00,91.25,0.25,23.21,Electronics,In-store,Not Returned,Medium,3558.75,VIP
299965,Desk Lamp,44,2025-04-22 11:00,37.82,0.09,27.09,Electronics,Online,Not Returned,Medium,1664.08,VIP
121045,Office Chair,21,2025-04-23 05:00,90.68,0.04,22.83,Electronics,In-store,Not Returned,High,1904.28,VIP
641349,T-shirt,24,2025-04-23 07:00,50.52,0.44,23.55,Electronics,In-store,Not Returned,Low,1212.48,VIP
309746,USB Cable,28,2025-04-23 08:00,58.42,0.06,24.44,Electronics,Online,Not Returned,Medium,1635.76,VIP
139212,White Mug,37,2025-04-23 15:00,90.23,0.39,23.03,Electronics,In-store,Not Returned,Low,3338.51,VIP
372467,Office Chair,20,2025-04-24 03:00,84.53,0.47,7.45,Electronics,Online,Not Returned,Medium,1690.6,VIP
600013,Office Chair,28,2025-04-25 08:00,42.94,0.33,15.62,Electronics,Online,Not Returned,Low,1202.32,VIP
216315,White Mug,29,2025-04-26 16:00,88.82,0.49,12.48,Electronics,Online,Returned,High,2575.78,VIP
385005,Wall Clock,20,2025-04-27 05:00,75.49,0.04,8.87,Electronics,Online,Not Returned,Low,1509.8,VIP
209655,Backpack,34,2025-04-27 09:00,85.19,0.35,14.97,Electronics,Online,Not Returned,High,2896.46,VIP
884448,Desk Lamp,24,2025-04-27 11:00,87.86,0.22,12.14,Electronics,Online,Not Returned,High,2108.64,VIP
957932,Office Chair,42,2025-04-27 14:00,79.17,0.24,11.5,Electronics,In-store,Not Returned,Low,3325.14,VIP
278989,Office Chair,31,2025-04-28 00:00,94.13,0.34,28.98,Electronics,In-store,Not Returned,Low,2918.03,VIP
295149,Backpack,47,2025-04-28 07:00,85.01,0.39,10.19,Electronics,In-store,Not Returned,Low,3995.47,VIP
284605,Backpack,41,2025-04-28 13:00,57.47,0.23,24.59,Electronics,In-store,Not Returned,Low,2356.27,VIP
323402,T-shirt,16,2025-04-28 14:00,66.51,0.36,23.94,Electronics,In-store,Not Returned,Low,1064.16,VIP
398588,Headphones,31,2025-04-28 15:00,87.99,0.27,19.86,Electronics,In-store,Not Returned,High,2727.69,VIP
565837,Blue Pen,44,2025-04-28 17:00,67.46,0.27,22.57,Electronics,In-store,Not Returned,High,2968.24,VIP
170047,Headphones,33,2025-04-28 23:00,36.27,0.3,12.28,Electronics,Online,Not Returned,Low,1196.91,VIP
108532,Office Chair,45,2025-04-29 11:00,92.56,0.44,20.32,Electronics,In-store,Not Returned,High,4165.2,VIP
395645,White Mug,32,2025-04-29 14:00,85.18,0.37,25.13,Electronics,Online,Returned,Low,2725.76,VIP
825606,Wall Clock,33,2025-04-30 08:00,94.47,0.48,20.5,Electronics,Online,Not Returned,High,3117.51,VIP
397302,T-shirt,30,2025-04-30 13:00,43.56,0.33,10.49,Electronics,In-store,Not Returned,Medium,1306.8000000000002,VIP
761798,Notebook,14,2025-05-01 08:00,78.62,0.36,6.13,Electronics,Online,Not Returned,High,1100.68,VIP
519623,Backpack,34,2025-05-01 11:00,75.88,0.11,6.33,Electronics,Online,Not Returned,High,2579.92,VIP
850458,White Mug,14,2025-05-01 12:00,84.86,0.16,16.06,Electronics,In-store,Not Returned,Low,1188.04,VIP
453410,Notebook,48,2025-05-01 14:00,37.89,0.12,29.5,Electronics,Online,Not Returned,Medium,1818.72,VIP
972933,T-shirt,16,2025-05-01 22:00,83.31,0.23,28.75,Electronics,Online,Not Returned,Low,1332.96,VIP
304967,Desk Lamp,43,2025-05-02 01:00,99.57,0.09,9.12,Electronics,Online,Not Returned,High,4281.509999999999,VIP
979269,USB Cable,30,2025-05-03 02:00,40.05,0.12,22.55,Electronics,In-store,Not Returned,Low,1201.5,VIP
892236,Office Chair,23,2025-05-03 05:00,97.78,0.09,15.37,Electronics,Online,Not Returned,Low,2248.94,VIP
238375,Notebook,17,2025-05-03 23:00,97.89,0.07,18.65,Electronics,In-store,Not Returned,Low,1664.13,VIP
568523,Desk Lamp,36,2025-05-04 08:00,95.93,0.41,29.7,Electronics,In-store,Not Returned,Low,3453.4800000000005,VIP
468610,Blue Pen,12,2025-05-04 11:00,85.18,0.17,17.54,Electronics,In-store,Not Returned,High,1022.16,VIP
896470,White Mug,28,2025-05-04 17:00,90.22,0.31,5.14,Electronics,In-store,Not Returned,Low,2526.16,VIP
396351,Headphones,49,2025-05-05 13:00,79.1,0.15,19.53,Electronics,In-store,Not Returned,High,3875.9,VIP
467148,Blue Pen,40,2025-05-05 16:00,60.69,0.27,7.07,Electronics,Online,Not Returned,High,2427.6,VIP
804581,Blue Pen,41,2025-05-05 21:00,85.19,0.43,21.33,Electronics,In-store,Not Returned,Low,3492.79,VIP
949670,Backpack,45,2025-05-06 20:00,45.09,0.09,9.87,Electronics,Online,Not Returned,Low,2029.05,VIP
852185,Desk Lamp,17,2025-05-06 21:00,90.71,0.15,15.43,Electronics,In-store,Not Returned,High,1542.07,VIP
405490,Desk Lamp,20,2025-05-08 06:00,90.83,0.28,5.35,Electronics,Online,Not Returned,Low,1816.6,VIP
971610,Wall Clock,36,2025-05-08 11:00,80.22,0.29,5.41,Electronics,Online,Not Returned,Low,2887.92,VIP
162635,Headphones,45,2025-05-08 13:00,60.84,0.33,16.6,Electronics,Online,Not Returned,High,2737.8,VIP
977473,Desk Lamp,35,2025-05-08 23:00,35.42,0.12,23.03,Electronics,In-store,Not Returned,Medium,1239.7,VIP
848367,Blue Pen,49,2025-05-09 12:00,88.26,0.21,21.98,Electronics,Online,Not Returned,High,4324.740000000001,VIP
845231,Desk Lamp,26,2025-05-09 16:00,73.34,0.36,15.98,Electronics,In-store,Not Returned,Low,1906.84,VIP
363277,Headphones,46,2025-05-10 01:00,79.23,0.25,20.95,Electronics,In-store,Not Returned,Low,3644.58,VIP
864658,White Mug,42,2025-05-10 20:00,49.71,0.07,7.11,Electronics,Online,Not Returned,Low,2087.82,VIP
142491,Wall Clock,37,2025-05-11 02:00,44.51,0.29,22.78,Electronics,In-store,Not Returned,Low,1646.87,VIP
603951,USB Cable,32,2025-05-12 15:00,85.11,0.1,9.35,Electronics,In-store,Not Returned,High,2723.52,VIP
281423,Wall Clock,-50,2025-05-12 20:00,-79.49,1.292710452538661,,Electronics,Online,Not Returned,Medium,3974.5,VIP
247245,Notebook,39,2025-05-12 21:00,66.64,0.32,8.94,Electronics,In-store,Not Returned,Medium,2598.96,VIP
983324,Backpack,34,2025-05-13 11:00,58.67,0.33,24.3,Electronics,In-store,Not Returned,Medium,1994.78,VIP
152828,Desk Lamp,40,2025-05-14 23:00,53.78,0.36,16.87,Electronics,In-store,Not Returned,Low,2151.2,VIP
754659,Blue Pen,37,2025-05-15 07:00,73.99,0.41,26.37,Electronics,In-store,Not Returned,Medium,2737.63,VIP
213554,Wall Clock,20,2025-05-15 09:00,94.08,0.48,6.77,Electronics,Online,Not Returned,High,1881.6,VIP
448535,White Mug,40,2025-05-16 14:00,38.12,0.38,21.11,Electronics,In-store,Not Returned,Low,1524.8,VIP
498458,Backpack,11,2025-05-16 15:00,99.39,0.37,16.54,Electronics,Online,Not Returned,Medium,1093.29,VIP
441774,Desk Lamp,37,2025-05-16 22:00,30.35,0.23,18.64,Electronics,Online,Not Returned,Medium,1122.95,VIP
990916,Blue Pen,41,2025-05-17 08:00,74.5,0.14,22.04,Electronics,In-store,Not Returned,Medium,3054.5,VIP
380681,Desk Lamp,25,2025-05-17 10:00,87.77,0.35,11.02,Electronics,Online,Not Returned,High,2194.25,VIP
498494,Wall Clock,48,2025-05-17 17:00,24.69,0.34,14.29,Electronics,In-store,Not Returned,Low,1185.12,VIP
992323,Wireless Mouse,49,2025-05-18 00:00,93.91,0.22,29.39,Electronics,Online,Returned,Low,4601.59,VIP
446743,Wall Clock,-35,2025-05-18 22:00,-45.32,1.3440628482451116,,Electronics,In-store,Not Returned,Medium,1586.2,VIP
869449,Desk Lamp,26,2025-05-19 03:00,63.75,0.21,14.66,Electronics,In-store,Not Returned,Low,1657.5,VIP
238308,Backpack,-16,2025-05-19 09:00,-93.91,0.29,,Electronics,In-store,Not Returned,Medium,1502.56,VIP
727566,Backpack,-17,2025-05-19 14:00,-58.89,1.512854964781471,,Electronics,Online,Not Returned,High,1001.13,VIP
398389,Office Chair,40,2025-05-19 23:00,40.7,0.47,28.66,Electronics,In-store,Not Returned,Medium,1628.0,VIP
555438,Desk Lamp,25,2025-05-20 01:00,73.85,0.43,18.48,Electronics,Online,Not Returned,Medium,1846.25,VIP
321760,Office Chair,48,2025-05-20 02:00,24.56,0.34,21.67,Electronics,In-store,Not Returned,Low,1178.88,VIP
591414,Backpack,21,2025-05-20 03:00,72.49,0.16,15.26,Electronics,In-store,Not Returned,Medium,1522.29,VIP
577516,Desk Lamp,28,2025-05-20 11:00,38.42,0.15,8.87,Electronics,Online,Returned,Low,1075.76,VIP
354409,Backpack,18,2025-05-21 05:00,70.46,0.13,16.11,Electronics,In-store,Returned,Medium,1268.28,VIP
785752,Headphones,36,2025-05-21 07:00,30.01,0.19,28.12,Electronics,In-store,Not Returned,Low,1080.36,VIP
159727,Notebook,22,2025-05-21 16:00,46.46,0.19,23.99,Electronics,In-store,Not Returned,Medium,1022.12,VIP
329942,Desk Lamp,45,2025-05-22 00:00,54.43,0.03,7.11,Electronics,Online,Not Returned,Medium,2449.35,VIP
149094,Headphones,36,2025-05-23 04:00,98.88,0.05,23.32,Electronics,Online,Not Returned,Medium,3559.68,VIP
783066,Headphones,23,2025-05-23 22:00,89.53,0.2,11.91,Electronics,Online,Not Returned,Low,2059.19,VIP
135229,T-shirt,33,2025-05-24 06:00,43.21,0.49,29.81,Electronics,Online,Not Returned,Medium,1425.93,VIP
413402,USB Cable,32,2025-05-24 09:00,34.17,0.06,14.81,Electronics,In-store,Not Returned,Low,1093.44,VIP
764694,Blue Pen,12,2025-05-24 13:00,84.49,0.21,14.17,Electronics,Online,Not Returned,High,1013.88,VIP
618723,Blue Pen,-40,2025-05-24 22:00,-71.44,0.08,,Electronics,Online,Not Returned,Low,2857.6,VIP
871603,Backpack,43,2025-05-25 01:00,65.74,0.08,25.09,Electronics,In-store,Not Returned,Low,2826.82,VIP
228609,Office Chair,49,2025-05-25 04:00,88.77,0.1,14.17,Electronics,Online,Not Returned,Low,4349.73,VIP
311219,Backpack,27,2025-05-25 11:00,41.95,0.44,17.87,Electronics,Online,Not Returned,Low,1132.65,VIP
720572,Desk Lamp,36,2025-05-25 16:00,59.34,0.13,26.62,Electronics,Online,Not Returned,High,2136.24,VIP
399812,Desk Lamp,13,2025-05-26 05:00,82.12,0.05,23.46,Electronics,Online,Not Returned,Medium,1067.56,VIP
952997,Wireless Mouse,41,2025-05-26 12:00,85.35,0.49,22.23,Electronics,In-store,Not Returned,High,3499.35,VIP
396908,Blue Pen,47,2025-05-26 13:00,28.65,0.02,21.71,Electronics,Online,Not Returned,Medium,1346.55,VIP
847608,Wireless Mouse,36,2025-05-26 17:00,35.58,0.38,26.96,Electronics,In-store,Not Returned,High,1280.88,VIP
179374,T-shirt,18,2025-05-27 02:00,88.93,0.24,18.34,Electronics,Online,Not Returned,High,1600.7400000000002,VIP
722870,White Mug,17,2025-05-27 08:00,92.13,0.28,7.05,Electronics,In-store,Not Returned,Medium,1566.21,VIP
880585,Notebook,34,2025-05-27 15:00,69.47,0.25,24.71,Electronics,In-store,Not Returned,Low,2361.98,VIP
960476,Desk Lamp,44,2025-05-27 23:00,43.84,0.0,24.58,Electronics,In-store,Not Returned,High,1928.96,VIP
554959,White Mug,28,2025-05-28 05:00,75.14,0.4,16.88,Electronics,Online,Not Returned,Medium,2103.92,VIP
709726,Wall Clock,49,2025-05-28 06:00,47.96,0.12,28.53,Electronics,In-store,Not Returned,Medium,2350.04,VIP
169128,Blue Pen,24,2025-05-28 09:00,83.75,0.36,28.02,Electronics,Online,Not Returned,Low,2010.0,VIP
819655,T-shirt,29,2025-05-28 12:00,42.7,0.37,24.66,Electronics,In-store,Not Returned,Medium,1238.3000000000002,VIP
663611,Desk Lamp,24,2025-05-28 20:00,69.45,0.34,20.93,Electronics,In-store,Not Returned,Low,1666.8000000000002,VIP
323764,T-shirt,22,2025-05-29 03:00,64.22,0.41,10.08,Electronics,Online,Not Returned,Low,1412.84,VIP
539449,White Mug,27,2025-05-29 06:00,68.61,0.43,14.2,Electronics,In-store,Not Returned,Low,1852.47,VIP
536066,Backpack,27,2025-05-30 01:00,99.41,0.24,10.62,Electronics,Online,Not Returned,Medium,2684.07,VIP
789474,Headphones,25,2025-05-30 14:00,96.59,0.25,28.07,Electronics,Online,Not Returned,Low,2414.75,VIP
873043,USB Cable,32,2025-05-30 18:00,65.95,0.18,28.21,Electronics,In-store,Not Returned,High,2110.4,VIP
770528,Notebook,33,2025-05-30 23:00,56.89,0.21,27.88,Electronics,In-store,Not Returned,Medium,1877.37,VIP
165116,Wireless Mouse,36,2025-05-31 02:00,44.97,0.13,9.16,Electronics,Online,Not Returned,Low,1618.92,VIP
435727,Headphones,42,2025-05-31 04:00,47.72,0.26,14.16,Electronics,In-store,Not Returned,Low,2004.24,VIP
389808,White Mug,26,2025-05-31 08:00,45.66,0.13,22.46,Electronics,Online,Not Returned,High,1187.16,VIP
870129,Office Chair,23,2025-06-01 07:00,59.62,0.02,15.23,Electronics,Online,Not Returned,Low,1371.26,VIP
392432,Backpack,30,2025-06-01 21:00,45.41,0.18,26.92,Electronics,In-store,Not Returned,Medium,1362.3,VIP
994325,Wireless Mouse,43,2025-06-02 12:00,95.72,0.18,18.13,Electronics,Online,Not Returned,Medium,4115.96,VIP
672945,Blue Pen,20,2025-06-02 16:00,93.45,0.23,8.97,Electronics,In-store,Not Returned,High,1869.0,VIP
792625,Wireless Mouse,30,2025-06-02 21:00,66.55,0.19,6.32,Electronics,Online,Not Returned,Low,1996.5,VIP
292298,White Mug,33,2025-06-02 23:00,59.04,0.28,12.57,Electronics,In-store,Not Returned,Low,1948.32,VIP
355672,Blue Pen,12,2025-06-03 12:00,95.43,0.04,23.62,Electronics,In-store,Not Returned,Medium,1145.16,VIP
504392,Wireless Mouse,22,2025-06-03 13:00,65.88,0.4,11.82,Electronics,Online,Not Returned,Low,1449.36,VIP
924649,Headphones,32,2025-06-03 22:00,53.6,0.38,25.13,Electronics,In-store,Returned,High,1715.2,VIP
111242,Backpack,42,2025-06-04 02:00,43.86,0.14,15.52,Electronics,Online,Returned,Low,1842.12,VIP
364692,USB Cable,14,2025-06-04 15:00,92.11,0.18,24.63,Electronics,Online,Not Returned,Low,1289.54,VIP
540840,Office Chair,31,2025-06-04 17:00,37.85,0.01,5.65,Electronics,Online,Not Returned,Low,1173.35,VIP
813067,Backpack,34,2025-06-05 06:00,94.22,0.27,6.44,Electronics,Online,Not Returned,Medium,3203.48,VIP
288719,White Mug,36,2025-06-05 15:00,55.81,0.07,26.44,Electronics,In-store,Not Returned,Low,2009.16,VIP
703100,Wireless Mouse,-39,2025-06-06 00:00,-86.72,0.28,,Electronics,Online,Not Returned,Low,3382.08,VIP
204374,Notebook,28,2025-06-06 07:00,81.58,0.47,9.41,Electronics,Online,Not Returned,Low,2284.24,VIP
575770,Desk Lamp,44,2025-06-06 16:00,92.94,0.49,11.39,Electronics,In-store,Not Returned,High,4089.36,VIP
221389,Office Chair,42,2025-06-07 06:00,41.31,0.13,18.53,Electronics,Online,Returned,Medium,1735.02,VIP
863961,Desk Lamp,36,2025-06-07 11:00,96.3,0.15,26.38,Electronics,Online,Not Returned,Medium,3466.8,VIP
827701,Notebook,44,2025-06-08 09:00,74.46,0.47,15.03,Electronics,In-store,Not Returned,Low,3276.24,VIP
454379,Desk Lamp,48,2025-06-08 16:00,84.24,0.32,14.15,Electronics,Online,Not Returned,Low,4043.52,VIP
257614,Notebook,23,2025-06-08 22:00,96.27,0.29,21.06,Electronics,In-store,Not Returned,Low,2214.21,VIP
492623,Headphones,30,2025-06-09 05:00,41.2,0.43,24.41,Electronics,In-store,Not Returned,Low,1236.0,VIP
995854,Wall Clock,43,2025-06-09 08:00,53.9,0.1,19.85,Electronics,Online,Not Returned,Medium,2317.7,VIP
446336,Blue Pen,48,2025-06-09 18:00,72.81,0.06,28.03,Electronics,Online,Not Returned,High,3494.88,VIP
407672,Headphones,22,2025-06-10 02:00,84.7,0.23,8.97,Electronics,In-store,Not Returned,High,1863.4,VIP
314266,Notebook,46,2025-06-11 01:00,82.77,0.37,23.8,Electronics,Online,Not Returned,Medium,3807.42,VIP
194117,Wall Clock,26,2025-06-11 07:00,74.74,0.31,25.13,Electronics,In-store,Not Returned,High,1943.24,VIP
819452,Notebook,18,2025-06-11 13:00,99.52,0.24,11.05,Electronics,Online,Not Returned,Low,1791.36,VIP
289969,Headphones,26,2025-06-11 21:00,88.29,0.39,10.78,Electronics,In-store,Not Returned,High,2295.54,VIP
247098,White Mug,38,2025-06-12 09:00,78.34,0.25,22.96,Electronics,Online,Not Returned,High,2976.92,VIP
734258,Headphones,11,2025-06-12 18:00,97.58,0.34,7.49,Electronics,In-store,Not Returned,Low,1073.38,VIP
717247,Wireless Mouse,46,2025-06-13 23:00,30.71,0.07,18.61,Electronics,Online,Not Returned,Medium,1412.66,VIP
356051,Desk Lamp,48,2025-06-14 22:00,99.41,0.11,16.53,Electronics,Online,Not Returned,Medium,4771.68,VIP
317524,White Mug,45,2025-06-14 23:00,88.3,0.46,25.71,Electronics,In-store,Not Returned,Low,3973.5,VIP
995144,Blue Pen,46,2025-06-15 21:00,89.79,0.35,23.12,Electronics,In-store,Returned,Low,4130.34,VIP
760325,Office Chair,23,2025-06-17 10:00,86.43,0.22,26.04,Electronics,Online,Not Returned,Medium,1987.89,VIP
304486,Wall Clock,25,2025-06-18 02:00,78.92,0.41,22.69,Electronics,Online,Not Returned,High,1973.0,VIP
732321,Desk Lamp,24,2025-06-18 08:00,71.06,0.28,18.62,Electronics,In-store,Not Returned,High,1705.44,VIP
891634,Blue Pen,21,2025-06-18 16:00,78.1,0.43,18.38,Electronics,Online,Not Returned,Low,1640.1,VIP
161305,USB Cable,42,2025-06-19 23:00,27.21,0.13,27.4,Electronics,Online,Not Returned,Medium,1142.82,VIP
375726,Office Chair,29,2025-06-20 06:00,68.58,0.16,28.42,Electronics,In-store,Not Returned,Low,1988.82,VIP
384838,Backpack,13,2025-06-21 12:00,90.54,0.16,11.25,Electronics,Online,Not Returned,Low,1177.02,VIP
761402,Desk Lamp,43,2025-06-21 13:00,25.04,0.07,21.77,Electronics,Online,Not Returned,High,1076.72,VIP
156350,Wall Clock,27,2025-06-22 23:00,58.61,0.08,18.83,Electronics,Online,Not Returned,Low,1582.47,VIP
980038,Office Chair,43,2025-06-23 07:00,89.81,0.39,21.74,Electronics,Online,Not Returned,Medium,3861.83,VIP
696873,Blue Pen,21,2025-06-23 08:00,48.65,0.19,22.04,Electronics,Online,Not Returned,Medium,1021.65,VIP
419133,Wireless Mouse,12,2025-06-23 10:00,85.99,0.4,28.76,Electronics,In-store,Returned,Medium,1031.88,VIP
684279,Notebook,12,2025-06-23 16:00,90.71,0.39,17.76,Electronics,Online,Not Returned,High,1088.52,VIP
246167,Blue Pen,45,2025-06-23 18:00,92.0,0.24,21.78,Electronics,Online,Not Returned,Low,4140.0,VIP
425530,White Mug,29,2025-06-23 22:00,98.46,0.07,29.8,Electronics,In-store,Not Returned,Medium,2855.34,VIP
207747,Wireless Mouse,36,2025-06-24 20:00,59.58,0.44,9.51,Electronics,In-store,Not Returned,Medium,2144.88,VIP
104235,White Mug,43,2025-06-25 03:00,78.56,0.01,8.56,Electronics,Online,Not Returned,High,3378.08,VIP
486702,T-shirt,40,2025-06-25 05:00,83.14,0.48,13.09,Electronics,Online,Not Returned,Low,3325.6,VIP
510134,USB Cable,42,2025-06-25 09:00,71.41,0.31,25.61,Electronics,In-store,Returned,Medium,2999.22,VIP
204457,Wireless Mouse,33,2025-06-25 21:00,42.94,0.16,8.98,Electronics,In-store,Not Returned,Low,1417.02,VIP
885042,T-shirt,26,2025-06-26 17:00,76.37,0.2,12.26,Electronics,Online,Not Returned,Medium,1985.62,VIP
130294,Wall Clock,13,2025-06-26 21:00,91.7,0.46,9.95,Electronics,Online,Not Returned,Medium,1192.1,VIP
353010,Notebook,21,2025-06-26 23:00,66.84,0.07,7.46,Electronics,Online,Not Returned,Medium,1403.64,VIP
859065,Blue Pen,16,2025-06-27 09:00,94.05,0.1,5.83,Electronics,Online,Returned,Low,1504.8,VIP
591033,Wireless Mouse,43,2025-06-27 14:00,35.45,0.38,26.81,Electronics,In-store,Not Returned,Medium,1524.35,VIP
931173,T-shirt,45,2025-06-27 19:00,47.69,0.02,13.24,Electronics,In-store,Not Returned,Medium,2146.05,VIP
409052,T-shirt,42,2025-06-27 21:00,30.02,0.38,7.34,Electronics,Online,Not Returned,Medium,1260.84,VIP
740743,USB Cable,-13,2025-06-27 22:00,-95.35,1.5305969586486263,,Electronics,Online,Not Returned,High,1239.55,VIP
163539,Wall Clock,-23,2025-06-28 04:00,-89.83,1.0824119820313096,,Electronics,Online,Not Returned,Low,2066.09,VIP
390859,White Mug,23,2025-06-29 03:00,60.73,0.39,27.73,Electronics,In-store,Not Returned,High,1396.79,VIP
791175,Wall Clock,36,2025-06-30 11:00,91.89,0.41,6.36,Electronics,Online,Not Returned,Medium,3308.04,VIP
316581,Wireless Mouse,30,2025-07-01 02:00,84.16,0.35,13.78,Electronics,In-store,Returned,Low,2524.8,VIP
412366,Backpack,16,2025-07-01 09:00,63.86,0.28,18.07,Electronics,Online,Not Returned,Low,1021.76,VIP
736786,Notebook,47,2025-07-03 08:00,24.65,0.24,23.01,Electronics,Online,Returned,High,1158.55,VIP
842692,Wireless Mouse,28,2025-07-05 23:00,55.92,0.16,18.65,Electronics,In-store,Not Returned,Medium,1565.76,VIP
960364,Notebook,31,2025-07-06 03:00,57.25,0.12,5.84,Electronics,Online,Not Returned,Low,1774.75,VIP
447664,Blue Pen,33,2025-07-06 05:00,44.4,0.32,6.29,Electronics,Online,Not Returned,Medium,1465.2,VIP
609286,Desk Lamp,48,2025-07-06 13:00,31.73,0.29,24.98,Electronics,In-store,Not Returned,Low,1523.04,VIP
131041,White Mug,16,2025-07-06 16:00,94.45,0.32,9.82,Electronics,In-store,Not Returned,High,1511.2,VIP
154100,Notebook,37,2025-07-07 03:00,30.13,0.32,9.38,Electronics,In-store,Not Returned,Low,1114.81,VIP
442503,Wireless Mouse,41,2025-07-07 05:00,92.66,0.02,25.41,Electronics,Online,Not Returned,Low,3799.06,VIP
202169,USB Cable,45,2025-07-07 06:00,84.22,0.32,29.92,Electronics,In-store,Not Returned,Low,3789.9,VIP
232774,Blue Pen,28,2025-07-07 23:00,81.55,0.1,6.21,Electronics,Online,Not Returned,Medium,2283.4,VIP
534478,Office Chair,29,2025-07-08 01:00,49.52,0.22,21.84,Electronics,Online,Not Returned,Low,1436.0800000000002,VIP
870936,Blue Pen,19,2025-07-08 09:00,79.97,0.06,16.81,Electronics,Online,Not Returned,High,1519.43,VIP
364313,Blue Pen,49,2025-07-08 13:00,33.38,0.03,17.24,Electronics,Online,Not Returned,Medium,1635.62,VIP
439291,White Mug,34,2025-07-09 01:00,73.92,0.37,5.82,Electronics,In-store,Not Returned,Medium,2513.28,VIP
863962,White Mug,24,2025-07-09 22:00,54.34,0.2,7.91,Electronics,In-store,Not Returned,Medium,1304.16,VIP
557225,T-shirt,46,2025-07-11 15:00,37.03,0.29,12.73,Electronics,Online,Not Returned,Medium,1703.38,VIP
271705,Wireless Mouse,15,2025-07-11 17:00,75.64,0.03,7.64,Electronics,In-store,Not Returned,Low,1134.6,VIP
606260,White Mug,34,2025-07-11 22:00,86.31,0.14,25.48,Electronics,Online,Not Returned,Low,2934.54,VIP
201058,USB Cable,25,2025-07-11 23:00,48.39,0.48,26.88,Electronics,Online,Not Returned,Medium,1209.75,VIP
828963,Wall Clock,22,2025-07-12 03:00,58.51,0.49,8.4,Electronics,Online,Not Returned,Medium,1287.22,VIP
827118,Backpack,18,2025-07-12 11:00,58.42,0.13,16.73,Electronics,Online,Returned,Medium,1051.56,VIP
638768,Wall Clock,41,2025-07-12 12:00,80.77,0.27,28.01,Electronics,In-store,Not Returned,Low,3311.57,VIP
282285,White Mug,21,2025-07-12 14:00,60.92,0.12,28.75,Electronics,In-store,Not Returned,Medium,1279.32,VIP
687382,Office Chair,44,2025-07-12 15:00,34.5,0.02,7.49,Electronics,Online,Returned,Medium,1518.0,VIP
377933,Wireless Mouse,16,2025-07-12 22:00,85.03,0.47,17.06,Electronics,In-store,Not Returned,High,1360.48,VIP
375504,Wall Clock,38,2025-07-14 00:00,81.32,0.21,13.97,Electronics,In-store,Not Returned,Low,3090.16,VIP
524829,Wall Clock,48,2025-07-14 17:00,65.47,0.43,19.66,Electronics,In-store,Not Returned,Low,3142.56,VIP
672450,Wireless Mouse,25,2025-07-14 20:00,55.38,0.34,27.66,Electronics,In-store,Not Returned,Medium,1384.5,VIP
691145,USB Cable,28,2025-07-15 07:00,63.02,0.35,24.19,Electronics,Online,Not Returned,High,1764.5600000000002,VIP
753756,Wireless Mouse,12,2025-07-15 13:00,99.36,0.3,17.99,Electronics,Online,Not Returned,High,1192.32,VIP
463798,T-shirt,13,2025-07-15 23:00,91.58,0.15,19.1,Electronics,In-store,Returned,Low,1190.54,VIP
202897,Desk Lamp,43,2025-07-16 12:00,78.07,0.33,9.58,Electronics,In-store,Not Returned,Low,3357.01,VIP
566351,Headphones,19,2025-07-17 12:00,67.32,0.22,12.1,Electronics,In-store,Not Returned,Medium,1279.08,VIP
562635,Wall Clock,46,2025-07-17 15:00,98.93,0.3,25.2,Electronics,In-store,Not Returned,Low,4550.780000000001,VIP
439804,White Mug,48,2025-07-17 19:00,47.23,0.18,5.63,Electronics,In-store,Not Returned,Medium,2267.04,VIP
737308,Desk Lamp,44,2025-07-17 22:00,56.34,0.21,19.75,Electronics,In-store,Not Returned,Low,2478.96,VIP
222104,Wireless Mouse,21,2025-07-18 01:00,96.84,0.44,28.8,Electronics,Online,Not Returned,Medium,2033.64,VIP
701309,Backpack,26,2025-07-18 13:00,99.38,0.3,15.31,Electronics,In-store,Not Returned,Low,2583.88,VIP
909681,Backpack,39,2025-07-19 09:00,42.16,0.42,16.55,Electronics,Online,Not Returned,Low,1644.2399999999998,VIP
495491,Office Chair,28,2025-07-19 11:00,51.24,0.17,8.1,Electronics,Online,Not Returned,Medium,1434.72,VIP
794502,Headphones,44,2025-07-20 00:00,62.07,0.22,13.38,Electronics,Online,Not Returned,High,2731.08,VIP
455537,Notebook,36,2025-07-20 07:00,64.71,0.46,15.34,Electronics,In-store,Not Returned,Low,2329.56,VIP
502348,T-shirt,39,2025-07-21 13:00,60.47,0.41,10.52,Electronics,In-store,Not Returned,Low,2358.33,VIP
556604,Wall Clock,38,2025-07-22 11:00,36.27,0.33,19.44,Electronics,Online,Not Returned,Low,1378.2600000000002,VIP
866766,T-shirt,32,2025-07-22 15:00,70.24,0.1,10.05,Electronics,In-store,Not Returned,High,2247.68,VIP
634289,T-shirt,40,2025-07-22 19:00,25.01,0.01,6.76,Electronics,Online,Not Returned,Medium,1000.4,VIP
984970,Blue Pen,42,2025-07-22 23:00,41.27,0.12,15.74,Electronics,In-store,Not Returned,Low,1733.34,VIP
137896,White Mug,21,2025-07-23 04:00,71.3,0.04,29.22,Electronics,Online,Not Returned,Medium,1497.3,VIP
554135,Wireless Mouse,-18,2025-07-23 06:00,-85.21,0.24,,Electronics,In-store,Not Returned,Low,1533.78,VIP
611899,Wall Clock,21,2025-07-23 18:00,80.07,0.23,25.46,Electronics,In-store,Not Returned,High,1681.4699999999998,VIP
172623,Notebook,34,2025-07-24 08:00,45.96,0.28,25.1,Electronics,Online,Not Returned,Low,1562.64,VIP
602063,White Mug,24,2025-07-26 02:00,45.25,0.18,17.51,Electronics,In-store,Not Returned,Low,1086.0,VIP
955860,White Mug,39,2025-07-26 03:00,43.27,0.23,29.85,Electronics,In-store,Not Returned,Low,1687.5300000000002,VIP
280199,T-shirt,42,2025-07-26 12:00,58.49,0.42,27.98,Electronics,Online,Not Returned,Medium,2456.58,VIP
200758,Backpack,23,2025-07-26 13:00,80.61,0.31,25.42,Electronics,In-store,Not Returned,Medium,1854.03,VIP
590055,Backpack,35,2025-07-26 19:00,32.42,0.33,25.95,Electronics,Online,Not Returned,High,1134.7,VIP
901815,Wireless Mouse,32,2025-07-27 04:00,77.69,0.39,29.02,Electronics,Online,Not Returned,Medium,2486.08,VIP
250461,Desk Lamp,36,2025-07-27 09:00,31.03,0.17,5.43,Electronics,Online,Not Returned,High,1117.08,VIP
375239,T-shirt,28,2025-07-27 15:00,61.28,0.16,14.37,Electronics,Online,Not Returned,High,1715.84,VIP
875442,Wall Clock,25,2025-07-29 06:00,86.08,0.07,17.98,Electronics,In-store,Returned,Medium,2152.0,VIP
387600,Office Chair,44,2025-07-29 20:00,88.88,0.17,10.85,Electronics,Online,Not Returned,High,3910.72,VIP
108461,Wall Clock,35,2025-07-29 22:00,31.81,0.47,29.05,Electronics,In-store,Not Returned,Medium,1113.35,VIP
783305,T-shirt,42,2025-07-29 23:00,77.06,0.29,18.11,Electronics,Online,Not Returned,High,3236.52,VIP
656157,Wireless Mouse,44,2025-07-30 14:00,85.75,0.34,27.0,Electronics,In-store,Returned,High,3773.0,VIP
393658,USB Cable,20,2025-07-31 07:00,93.68,0.16,27.49,Electronics,Online,Not Returned,High,1873.6,VIP
699541,Wall Clock,26,2025-08-01 02:00,51.18,0.02,25.51,Electronics,In-store,Not Returned,Medium,1330.68,VIP
798473,T-shirt,39,2025-08-01 07:00,94.4,0.44,23.93,Electronics,In-store,Not Returned,High,3681.6,VIP
955447,White Mug,40,2025-08-02 23:00,30.68,0.15,19.47,Electronics,In-store,Not Returned,High,1227.2,VIP
585280,Blue Pen,47,2025-08-03 01:00,97.78,0.02,12.39,Electronics,In-store,Not Returned,High,4595.66,VIP
397545,Desk Lamp,28,2025-08-03 03:00,69.09,0.47,5.98,Electronics,Online,Not Returned,High,1934.52,VIP
860454,Backpack,46,2025-08-03 04:00,99.32,0.35,23.17,Electronics,Online,Not Returned,High,4568.719999999999,VIP
136928,Desk Lamp,19,2025-08-03 09:00,71.43,0.48,26.84,Electronics,Online,Not Returned,High,1357.17,VIP
530035,USB Cable,25,2025-08-03 10:00,42.06,0.32,5.21,Electronics,Online,Not Returned,High,1051.5,VIP
139605,Backpack,34,2025-08-03 21:00,88.12,0.0,18.52,Electronics,Online,Not Returned,Low,2996.08,VIP
408644,Blue Pen,29,2025-08-03 22:00,85.03,0.17,10.58,Electronics,Online,Not Returned,High,2465.87,VIP
293978,Blue Pen,25,2025-08-04 00:00,61.84,0.11,11.45,Electronics,Online,Not Returned,High,1546.0,VIP
778230,Wall Clock,47,2025-08-04 03:00,94.73,0.27,14.54,Electronics,In-store,Not Returned,High,4452.31,VIP
766950,Backpack,23,2025-08-04 05:00,50.27,0.49,12.62,Electronics,Online,Not Returned,Low,1156.21,VIP
911329,Wall Clock,37,2025-08-04 07:00,75.43,0.12,22.35,Electronics,Online,Returned,High,2790.9100000000003,VIP
785572,Office Chair,22,2025-08-05 12:00,52.96,0.49,25.01,Electronics,In-store,Returned,Medium,1165.12,VIP
308640,Desk Lamp,41,2025-08-05 23:00,49.73,0.37,10.19,Electronics,Online,Not Returned,High,2038.93,VIP
594039,Office Chair,47,2025-08-06 04:00,75.88,0.32,5.82,Electronics,Online,Not Returned,Medium,3566.36,VIP
819034,Wall Clock,39,2025-08-06 15:00,27.36,0.45,19.92,Electronics,Online,Not Returned,Low,1067.04,VIP
227867,T-shirt,31,2025-08-06 19:00,46.4,0.04,10.55,Electronics,In-store,Returned,Medium,1438.4,VIP
245286,Office Chair,32,2025-08-06 21:00,88.29,0.41,27.86,Electronics,Online,Not Returned,High,2825.28,VIP
883028,Blue Pen,-37,2025-08-07 18:00,-63.83,1.3891788196582642,,Electronics,In-store,Not Returned,High,2361.71,VIP
158384,Wireless Mouse,12,2025-08-07 19:00,85.92,0.03,23.33,Electronics,Online,Not Returned,Low,1031.04,VIP
330186,Office Chair,49,2025-08-08 03:00,82.02,0.31,21.05,Electronics,Online,Returned,Medium,4018.98,VIP
398657,Blue Pen,20,2025-08-08 12:00,69.16,0.01,19.44,Electronics,Online,Not Returned,Medium,1383.1999999999998,VIP
743895,Backpack,44,2025-08-08 21:00,92.51,0.2,26.77,Electronics,In-store,Not Returned,Low,4070.44,VIP
488145,Notebook,38,2025-08-10 00:00,38.1,0.03,20.31,Electronics,In-store,Not Returned,Medium,1447.8,VIP
317277,Notebook,18,2025-08-10 09:00,88.94,0.13,11.18,Electronics,Online,Not Returned,Medium,1600.92,VIP
604399,Wall Clock,44,2025-08-11 06:00,53.0,0.09,10.27,Electronics,In-store,Not Returned,High,2332.0,VIP
995980,Desk Lamp,44,2025-08-11 23:00,36.09,0.39,27.98,Electronics,In-store,Returned,High,1587.96,VIP
257847,Headphones,30,2025-08-12 22:00,72.81,0.37,5.62,Electronics,Online,Returned,Medium,2184.3,VIP
260624,USB Cable,41,2025-08-13 06:00,35.98,0.06,12.59,Electronics,Online,Not Returned,Medium,1475.1799999999998,VIP
602174,T-shirt,19,2025-08-13 07:00,84.23,0.21,19.89,Electronics,In-store,Not Returned,Low,1600.37,VIP
235722,Backpack,35,2025-08-13 13:00,65.79,0.44,13.86,Electronics,Online,Not Returned,Low,2302.65,VIP
548914,USB Cable,34,2025-08-14 23:00,58.95,0.24,17.71,Electronics,In-store,Not Returned,Medium,2004.3,VIP
115060,Wireless Mouse,12,2025-08-15 23:00,88.66,0.25,21.76,Electronics,Online,Not Returned,Medium,1063.92,VIP
492289,T-shirt,14,2025-08-16 19:00,90.1,0.2,8.42,Electronics,Online,Not Returned,High,1261.4,VIP
451261,T-shirt,49,2025-08-17 13:00,50.67,0.2,12.57,Electronics,In-store,Not Returned,Medium,2482.83,VIP
507503,Backpack,24,2025-08-17 15:00,75.54,0.17,28.88,Electronics,In-store,Not Returned,Medium,1812.96,VIP
401940,Wireless Mouse,18,2025-08-18 01:00,63.62,0.49,23.26,Electronics,Online,Not Returned,High,1145.16,VIP
133691,Desk Lamp,35,2025-08-18 12:00,72.61,0.07,17.1,Electronics,Online,Not Returned,High,2541.35,VIP
372034,Wireless Mouse,21,2025-08-18 21:00,97.51,0.44,18.62,Electronics,Online,Not Returned,Low,2047.71,VIP
388744,T-shirt,48,2025-08-19 13:00,77.04,0.02,27.98,Electronics,Online,Returned,Medium,3697.92,VIP
829879,Headphones,24,2025-08-19 18:00,68.77,0.22,16.69,Electronics,In-store,Not Returned,High,1650.48,VIP
989859,USB Cable,33,2025-08-22 03:00,84.21,0.06,15.61,Electronics,In-store,Not Returned,High,2778.93,VIP
106149,Headphones,37,2025-08-22 09:00,46.53,0.33,28.14,Electronics,Online,Not Returned,Low,1721.61,VIP
196628,Wireless Mouse,19,2025-08-22 23:00,70.82,0.06,15.42,Electronics,Online,Not Returned,Medium,1345.58,VIP
701067,USB Cable,40,2025-08-24 06:00,66.95,0.36,7.63,Electronics,In-store,Not Returned,Low,2678.0,VIP
733191,Blue Pen,33,2025-08-24 09:00,74.91,0.29,23.75,Electronics,Online,Not Returned,Low,2472.03,VIP
195400,Headphones,26,2025-08-25 00:00,97.06,0.1,8.51,Electronics,In-store,Not Returned,Medium,2523.56,VIP
905957,Backpack,28,2025-08-25 03:00,73.36,0.18,13.72,Electronics,In-store,Not Returned,Low,2054.08,VIP
283933,Headphones,-45,2025-08-25 14:00,-51.77,0.12,,Electronics,Online,Returned,High,2329.65,VIP
547974,Wireless Mouse,32,2025-08-27 02:00,79.17,0.08,23.25,Electronics,Online,Not Returned,Low,2533.44,VIP
118839,USB Cable,40,2025-08-27 09:00,25.7,0.24,23.69,Electronics,Online,Not Returned,Medium,1028.0,VIP
468254,Notebook,39,2025-08-27 20:00,53.83,0.49,16.05,Electronics,Online,Not Returned,High,2099.37,VIP
838088,Headphones,42,2025-08-27 23:00,46.79,0.06,6.31,Electronics,In-store,Not Returned,Medium,1965.18,VIP
597483,White Mug,35,2025-08-28 04:00,57.35,0.13,9.37,Electronics,Online,Not Returned,High,2007.25,VIP
275363,Notebook,44,2025-08-28 10:00,30.32,0.28,29.13,Electronics,In-store,Not Returned,High,1334.08,VIP
312076,Backpack,48,2025-08-28 15:00,88.27,0.06,9.77,Electronics,Online,Not Returned,Low,4236.96,VIP
733594,Notebook,-50,2025-08-29 14:00,-32.91,1.6082327361719488,,Electronics,In-store,Not Returned,Medium,1645.4999999999998,VIP
333099,Wireless Mouse,44,2025-08-30 00:00,71.9,0.4,28.02,Electronics,Online,Not Returned,Low,3163.6000000000004,VIP
353200,Wireless Mouse,46,2025-08-30 02:00,63.97,0.41,21.63,Electronics,Online,Not Returned,Medium,2942.62,VIP
783828,USB Cable,40,2025-08-30 05:00,38.24,0.27,19.5,Electronics,In-store,Not Returned,High,1529.6,VIP
547471,Blue Pen,28,2025-08-30 10:00,76.45,0.42,15.54,Electronics,In-store,Not Returned,High,2140.6,VIP
900065,Wall Clock,44,2025-08-30 13:00,35.8,0.46,29.79,Electronics,In-store,Not Returned,Medium,1575.1999999999998,VIP
629220,White Mug,23,2025-08-30 15:00,80.29,0.37,18.91,Electronics,In-store,Not Returned,High,1846.67,VIP
397078,White Mug,34,2025-08-31 05:00,87.32,0.48,11.61,Electronics,Online,Not Returned,High,2968.88,VIP
301235,Office Chair,24,2025-08-31 21:00,65.92,0.39,20.42,Electronics,In-store,Not Returned,High,1582.08,VIP
758906,Desk Lamp,17,2025-09-02 03:00,75.49,0.01,15.74,Electronics,In-store,Not Returned,High,1283.33,VIP
883261,USB Cable,35,2025-09-02 18:00,87.64,0.13,13.28,Electronics,Online,Not Returned,Low,3067.4,VIP
931202,Desk Lamp,23,2025-09-03 03:00,81.56,0.18,28.15,Electronics,Online,Not Returned,Medium,1875.88,VIP
932050,White Mug,32,2025-09-03 07:00,95.85,0.22,13.27,Electronics,In-store,Not Returned,Medium,3067.2,VIP
524453,Office Chair,43,2025-09-05 00:00,84.19,0.25,21.38,Electronics,Online,Not Returned,Low,3620.17,VIP
354083,Blue Pen,25,2025-09-05 01:00,70.92,0.2,8.96,Electronics,Online,Returned,Medium,1773.0,VIP
