invoiceno,description,quantity,invoicedate,unitprice,discount,shippingcost,category,saleschannel,returnstatus,orderpriority,total_revenue,grade
187498,Office Chair,41,2020-01-01 11:00,59.51,0.39,12.0,Furniture,In-store,Not Returned,Low,2439.91,VIP
378167,T-shirt,16,2020-01-01 15:00,82.58,0.41,27.02,Furniture,In-store,Not Returned,High,1321.28,VIP
887201,USB Cable,46,2020-01-01 19:00,27.03,0.26,23.8,Furniture,In-store,Returned,Medium,1243.38,VIP
970910,Backpack,21,2020-01-02 12:00,61.34,0.24,9.39,Furniture,In-store,Not Returned,Low,1288.14,VIP
339629,Notebook,31,2020-01-03 13:00,55.33,0.05,25.13,Furniture,Online,Not Returned,Low,1715.23,VIP
798361,Office Chair,30,2020-01-03 15:00,45.18,0.32,13.75,Furniture,Online,Not Returned,Medium,1355.4,VIP
748531,USB Cable,19,2020-01-03 20:00,69.38,0.33,27.74,Furniture,Online,Not Returned,Medium,1318.2199999999998,VIP
905889,Backpack,35,2020-01-04 08:00,30.82,0.03,8.87,Furniture,Online,Returned,Low,1078.7,VIP
559773,Wireless Mouse,38,2020-01-04 09:00,81.28,0.18,27.77,Furniture,In-store,Not Returned,High,3088.64,VIP
882038,White Mug,34,2020-01-05 01:00,88.14,0.07,12.45,Furniture,Online,Not Returned,High,2996.76,VIP
567281,T-shirt,43,2020-01-05 08:00,57.77,0.1,11.1,Furniture,Online,Not Returned,Low,2484.11,VIP
401648,Headphones,17,2020-01-06 07:00,73.34,0.23,9.78,Furniture,In-store,Not Returned,Medium,1246.78,VIP
124538,T-shirt,40,2020-01-07 07:00,33.55,0.28,10.63,Furniture,In-store,Not Returned,Low,1342.0,VIP
572525,Wall Clock,21,2020-01-07 13:00,49.16,0.36,25.76,Furniture,In-store,Not Returned,Low,1032.36,VIP
723094,Blue Pen,46,2020-01-07 17:00,23.1,0.0,27.63,Furniture,In-store,Not Returned,Low,1062.6,VIP
997421,Notebook,17,2020-01-07 18:00,90.61,0.18,14.91,Furniture,Online,Not Returned,High,1540.37,VIP
835716,Desk Lamp,16,2020-01-08 12:00,91.5,0.33,10.81,Furniture,In-store,Not Returned,Low,1464.0,VIP
508923,White Mug,48,2020-01-09 14:00,33.36,0.41,24.94,Furniture,In-store,Not Returned,Low,1601.28,VIP
979989,Wireless Mouse,22,2020-01-10 13:00,87.31,0.19,14.6,Furniture,Online,Not Returned,Low,1920.82,VIP
693128,White Mug,20,2020-01-10 15:00,84.59,0.49,22.17,Furniture,Online,Not Returned,Low,1691.8000000000002,VIP
218451,Wall Clock,43,2020-01-10 16:00,88.21,0.19,15.59,Furniture,In-store,Not Returned,Low,3793.03,VIP
865313,T-shirt,28,2020-01-11 01:00,57.98,0.09,24.25,Furniture,Online,Not Returned,Low,1623.4399999999998,VIP
881239,Office Chair,40,2020-01-11 06:00,69.95,0.35,20.23,Furniture,Online,Not Returned,High,2798.0,VIP
737147,Office Chair,36,2020-01-11 11:00,28.07,0.45,8.76,Furniture,Online,Not Returned,Low,1010.52,VIP
494070,Office Chair,38,2020-01-11 13:00,75.52,0.29,25.86,Furniture,Online,Not Returned,Low,2869.76,VIP
335167,Desk Lamp,35,2020-01-12 00:00,30.31,0.08,6.06,Furniture,In-store,Not Returned,High,1060.85,VIP
819094,Notebook,48,2020-01-12 03:00,44.99,0.15,7.98,Furniture,Online,Not Returned,Medium,2159.52,VIP
170467,Backpack,22,2020-01-12 04:00,79.66,0.3,6.7,Furniture,In-store,Not Returned,Low,1752.52,VIP
481050,Backpack,43,2020-01-12 08:00,79.64,0.45,27.67,Furniture,Online,Not Returned,High,3424.52,VIP
710490,Office Chair,38,2020-01-12 21:00,80.74,0.04,24.53,Furniture,Online,Not Returned,High,3068.12,VIP
242483,T-shirt,18,2020-01-13 08:00,74.28,0.1,20.97,Furniture,In-store,Not Returned,High,1337.04,VIP
758271,Blue Pen,24,2020-01-13 09:00,64.47,0.45,10.03,Furniture,In-store,Not Returned,High,1547.28,VIP
171295,Desk Lamp,29,2020-01-13 14:00,78.99,0.31,23.75,Furniture,In-store,Not Returned,Medium,2290.71,VIP
768234,Blue Pen,39,2020-01-15 08:00,54.62,0.21,24.93,Furniture,In-store,Not Returned,High,2130.18,VIP
284423,Wall Clock,36,2020-01-15 13:00,49.64,0.42,16.39,Furniture,Online,Not Returned,Medium,1787.04,VIP
233272,Wall Clock,20,2020-01-15 19:00,62.74,0.3,6.09,Furniture,Online,Not Returned,High,1254.8,VIP
138467,Wireless Mouse,45,2020-01-16 08:00,37.86,0.1,9.98,Furniture,Online,Not Returned,Medium,1703.7,VIP
392890,Office Chair,32,2020-01-17 10:00,69.65,0.18,8.28,Furniture,In-store,Not Returned,Medium,2228.8,VIP
271836,Office Chair,34,2020-01-17 18:00,96.47,0.24,10.87,Furniture,Online,Not Returned,High,3279.98,VIP
566960,T-shirt,33,2020-01-18 00:00,34.78,0.38,6.79,Furniture,Online,Not Returned,High,1147.74,VIP
278274,Wireless Mouse,30,2020-01-18 07:00,82.62,0.01,23.83,Furniture,In-store,Not Returned,Low,2478.6000000000004,VIP
354079,Backpack,46,2020-01-19 02:00,60.27,0.32,11.21,Furniture,In-store,Not Returned,Medium,2772.42,VIP
922209,Headphones,25,2020-01-19 15:00,58.22,0.33,17.18,Furniture,In-store,Returned,Medium,1455.5,VIP
297392,White Mug,48,2020-01-19 21:00,78.35,0.1,24.85,Furniture,In-store,Returned,Low,3760.8,VIP
152921,T-shirt,46,2020-01-21 12:00,98.05,0.3,19.28,Furniture,Online,Not Returned,High,4510.3,VIP
457429,T-shirt,42,2020-01-21 23:00,78.66,0.35,16.62,Furniture,In-store,Not Returned,Low,3303.72,VIP
821772,T-shirt,30,2020-01-22 07:00,36.57,0.18,22.62,Furniture,Online,Not Returned,Medium,1097.1,VIP
186672,Office Chair,35,2020-01-22 20:00,99.58,0.26,16.13,Furniture,In-store,Not Returned,High,3485.3,VIP
834994,Office Chair,40,2020-01-22 23:00,29.23,0.24,19.9,Furniture,In-store,Not Returned,High,1169.2,VIP
276615,Notebook,20,2020-01-23 21:00,71.27,0.45,22.33,Furniture,Online,Not Returned,High,1425.4,VIP
612153,Wireless Mouse,-28,2020-01-24 12:00,-89.53,1.5321500433511075,,Furniture,Online,Not Returned,High,2506.84,VIP
109435,Blue Pen,18,2020-01-24 19:00,87.23,0.05,13.59,Furniture,Online,Not Returned,Medium,1570.14,VIP
965264,Backpack,44,2020-01-24 22:00,77.85,0.32,11.22,Furniture,In-store,Not Returned,High,3425.4,VIP
291475,Desk Lamp,32,2020-01-25 01:00,66.77,0.42,27.18,Furniture,In-store,Not Returned,Low,2136.64,VIP
260196,USB Cable,39,2020-01-25 02:00,96.88,0.49,27.88,Furniture,Online,Not Returned,Low,3778.32,VIP
291232,Office Chair,33,2020-01-26 05:00,71.16,0.25,27.98,Furniture,In-store,Not Returned,Low,2348.28,VIP
431593,Wall Clock,47,2020-01-27 11:00,67.94,0.0,19.5,Furniture,In-store,Not Returned,Medium,3193.18,VIP
485777,Blue Pen,-41,2020-01-27 20:00,-35.69,0.22,,Furniture,In-store,Not Returned,High,1463.29,VIP
844086,USB Cable,22,2020-01-29 11:00,54.53,0.14,29.16,Furniture,In-store,Not Returned,High,1199.66,VIP
638685,Blue Pen,45,2020-01-30 02:00,57.62,0.12,16.59,Furniture,In-store,Not Returned,High,2592.9,VIP
166234,Notebook,28,2020-01-30 05:00,53.08,0.13,18.91,Furniture,In-store,Not Returned,Low,1486.24,VIP
239407,Office Chair,49,2020-01-30 21:00,78.93,0.45,12.74,Furniture,Online,Not Returned,Low,3867.57,VIP
297775,Headphones,19,2020-01-31 07:00,60.85,0.46,10.08,Furniture,Online,Returned,High,1156.15,VIP
331915,T-shirt,21,2020-02-01 04:00,98.78,0.18,10.44,Furniture,Online,Not Returned,Medium,2074.38,VIP
905497,Desk Lamp,45,2020-02-01 16:00,94.59,0.44,27.18,Furniture,Online,Not Returned,Medium,4256.55,VIP
712380,Headphones,38,2020-02-01 19:00,76.34,0.15,13.68,Furniture,Online,Not Returned,Medium,2900.92,VIP
416837,T-shirt,38,2020-02-01 21:00,29.28,0.48,7.81,Furniture,In-store,Not Returned,High,1112.64,VIP
743162,White Mug,22,2020-02-02 16:00,66.23,0.48,26.84,Furniture,In-store,Not Returned,Low,1457.0600000000002,VIP
601708,Backpack,44,2020-02-03 14:00,64.01,0.46,25.61,Furniture,Online,Not Returned,Medium,2816.44,VIP
342804,Blue Pen,32,2020-02-04 01:00,87.06,0.11,18.65,Furniture,Online,Not Returned,Medium,2785.92,VIP
476965,Headphones,25,2020-02-04 02:00,91.94,0.26,7.74,Furniture,In-store,Not Returned,High,2298.5,VIP
921052,Notebook,26,2020-02-04 08:00,59.4,0.36,12.5,Furniture,Online,Not Returned,Low,1544.4,VIP
359747,Wall Clock,25,2020-02-04 17:00,65.59,0.13,23.13,Furniture,In-store,Returned,Medium,1639.75,VIP
738353,Notebook,22,2020-02-04 21:00,89.32,0.23,12.5,Furniture,Online,Not Returned,Low,1965.04,VIP
824226,Backpack,32,2020-02-05 07:00,37.78,0.05,5.55,Furniture,Online,Not Returned,High,1208.96,VIP
802965,Headphones,15,2020-02-06 09:00,92.88,0.28,17.66,Furniture,In-store,Not Returned,High,1393.1999999999998,VIP
680466,Wall Clock,21,2020-02-07 00:00,73.74,0.03,5.38,Furniture,Online,Not Returned,Medium,1548.54,VIP
867214,USB Cable,46,2020-02-07 15:00,94.8,0.31,22.54,Furniture,In-store,Not Returned,High,4360.8,VIP
904449,Notebook,23,2020-02-08 03:00,78.84,0.3,12.73,Furniture,Online,Not Returned,High,1813.32,VIP
910006,Wall Clock,32,2020-02-08 17:00,42.93,0.37,20.16,Furniture,In-store,Not Returned,Low,1373.76,VIP
104809,Blue Pen,43,2020-02-08 21:00,70.43,0.29,14.27,Furniture,In-store,Not Returned,Low,3028.49,VIP
808690,Headphones,48,2020-02-08 23:00,55.24,0.49,23.04,Furniture,Online,Not Returned,High,2651.52,VIP
731172,T-shirt,41,2020-02-10 03:00,45.06,0.44,25.09,Furniture,Online,Not Returned,Low,1847.46,VIP
880722,Backpack,47,2020-02-11 03:00,39.84,0.12,16.83,Furniture,In-store,Not Returned,Low,1872.48,VIP
842729,Office Chair,47,2020-02-11 23:00,44.85,0.14,21.05,Furniture,Online,Not Returned,Medium,2107.9500000000003,VIP
900820,USB Cable,34,2020-02-12 07:00,87.26,0.04,28.17,Furniture,Online,Returned,High,2966.84,VIP
761614,USB Cable,45,2020-02-12 16:00,40.09,0.33,23.11,Furniture,In-store,Not Returned,Medium,1804.05,VIP
302846,USB Cable,37,2020-02-12 20:00,83.19,0.18,6.36,Furniture,Online,Not Returned,Low,3078.03,VIP
777775,Wall Clock,16,2020-02-12 23:00,81.31,0.13,14.91,Furniture,Online,Not Returned,Medium,1300.96,VIP
124071,Desk Lamp,35,2020-02-13 00:00,70.62,0.08,6.41,Furniture,In-store,Not Returned,Low,2471.7000000000003,VIP
314879,Blue Pen,46,2020-02-13 05:00,42.27,0.26,20.21,Furniture,In-store,Not Returned,Medium,1944.42,VIP
191865,Wall Clock,18,2020-02-14 04:00,69.34,0.03,23.97,Furniture,Online,Not Returned,Low,1248.12,VIP
123321,USB Cable,35,2020-02-14 08:00,89.65,0.18,13.22,Furniture,Online,Not Returned,High,3137.75,VIP
503704,Backpack,20,2020-02-14 09:00,84.72,0.39,26.14,Furniture,In-store,Not Returned,High,1694.4,VIP
274293,T-shirt,20,2020-02-14 11:00,65.34,0.17,26.85,Furniture,Online,Not Returned,High,1306.8000000000002,VIP
735605,White Mug,49,2020-02-15 02:00,40.4,0.23,24.48,Furniture,In-store,Not Returned,High,1979.6,VIP
772108,USB Cable,45,2020-02-15 10:00,47.04,0.35,17.76,Furniture,Online,Not Returned,High,2116.8,VIP
758956,USB Cable,13,2020-02-16 20:00,96.83,0.26,14.72,Furniture,Online,Not Returned,Medium,1258.79,VIP
126734,Wireless Mouse,43,2020-02-17 05:00,54.23,0.23,24.4,Furniture,Online,Returned,Low,2331.89,VIP
365956,T-shirt,16,2020-02-18 00:00,64.93,0.09,23.95,Furniture,Online,Not Returned,Low,1038.88,VIP
244990,Headphones,-34,2020-02-18 11:00,-84.76,0.48,,Furniture,Online,Not Returned,Medium,2881.84,VIP
784106,Headphones,19,2020-02-19 00:00,61.62,0.41,23.31,Furniture,In-store,Not Returned,Low,1170.78,VIP
222883,Backpack,44,2020-02-19 01:00,85.58,0.21,8.4,Furniture,Online,Not Returned,High,3765.52,VIP
656542,Notebook,23,2020-02-20 10:00,53.95,0.45,26.0,Furniture,In-store,Not Returned,Medium,1240.85,VIP
467436,T-shirt,33,2020-02-20 12:00,60.37,0.12,7.55,Furniture,In-store,Not Returned,High,1992.21,VIP
814743,Wall Clock,46,2020-02-20 18:00,59.6,0.47,10.08,Furniture,In-store,Not Returned,Low,2741.6,VIP
820801,Blue Pen,27,2020-02-22 00:00,88.39,0.21,17.53,Furniture,Online,Not Returned,Low,2386.53,VIP
791519,Notebook,46,2020-02-22 06:00,53.01,0.0,18.3,Furniture,In-store,Not Returned,High,2438.46,VIP
237023,White Mug,17,2020-02-22 08:00,89.21,0.4,25.77,Furniture,In-store,Not Returned,Medium,1516.57,VIP
357802,Notebook,34,2020-02-22 11:00,67.92,0.39,26.93,Furniture,Online,Not Returned,Low,2309.28,VIP
749789,Desk Lamp,16,2020-02-22 22:00,83.44,0.33,13.47,Furniture,In-store,Not Returned,Low,1335.04,VIP
248056,Wireless Mouse,40,2020-02-23 00:00,43.51,0.34,5.15,Furniture,Online,Not Returned,High,1740.4,VIP
511597,White Mug,39,2020-02-23 23:00,74.28,0.15,11.64,Furniture,In-store,Not Returned,Medium,2896.92,VIP
159379,Backpack,44,2020-02-24 14:00,78.53,0.2,10.73,Furniture,Online,Not Returned,Medium,3455.32,VIP
930460,Wall Clock,38,2020-02-24 23:00,63.01,0.2,7.73,Furniture,In-store,Not Returned,Low,2394.38,VIP
463339,Backpack,26,2020-02-26 03:00,75.79,0.37,14.39,Furniture,Online,Not Returned,High,1970.54,VIP
700613,Desk Lamp,41,2020-02-26 17:00,46.2,0.43,25.78,Furniture,Online,Returned,Medium,1894.2,VIP
295716,Headphones,41,2020-02-27 15:00,92.28,0.0,26.67,Furniture,Online,Returned,High,3783.48,VIP
963021,Office Chair,38,2020-02-28 11:00,93.36,0.05,18.61,Furniture,Online,Not Returned,High,3547.68,VIP
384260,Headphones,23,2020-02-28 12:00,44.78,0.21,17.94,Furniture,In-store,Not Returned,Medium,1029.94,VIP
418408,Wall Clock,11,2020-02-29 01:00,94.28,0.07,18.81,Furniture,Online,Returned,Low,1037.08,VIP
301579,Headphones,44,2020-02-29 21:00,97.94,0.01,19.02,Furniture,Online,Not Returned,Low,4309.36,VIP
891189,Desk Lamp,25,2020-03-01 07:00,49.03,0.06,27.09,Furniture,Online,Not Returned,Low,1225.75,VIP
956912,Wall Clock,12,2020-03-01 14:00,98.39,0.05,15.06,Furniture,Online,Not Returned,Low,1180.68,VIP
717895,Blue Pen,30,2020-03-02 16:00,96.01,0.29,24.56,Furniture,Online,Not Returned,High,2880.3,VIP
374486,White Mug,28,2020-03-03 09:00,54.46,0.19,28.37,Furniture,In-store,Not Returned,Medium,1524.88,VIP
316454,Wall Clock,36,2020-03-03 20:00,79.67,0.49,23.56,Furniture,In-store,Not Returned,Low,2868.12,VIP
786840,Office Chair,27,2020-03-04 07:00,42.06,0.47,28.43,Furniture,In-store,Returned,Medium,1135.62,VIP
427073,Headphones,25,2020-03-04 16:00,74.67,0.15,23.57,Furniture,Online,Not Returned,High,1866.75,VIP
697794,Wireless Mouse,37,2020-03-04 17:00,77.49,0.49,20.7,Furniture,Online,Returned,High,2867.13,VIP
147057,Wireless Mouse,35,2020-03-05 08:00,65.79,0.05,8.7,Furniture,Online,Not Returned,Low,2302.65,VIP
808754,Wall Clock,33,2020-03-05 14:00,71.34,0.21,9.06,Furniture,Online,Not Returned,Medium,2354.2200000000003,VIP
190093,Notebook,46,2020-03-06 21:00,54.88,0.22,14.61,Furniture,In-store,Not Returned,Medium,2524.48,VIP
317215,Headphones,45,2020-03-06 23:00,51.94,0.05,24.99,Furniture,Online,Not Returned,Medium,2337.3,VIP
356609,White Mug,-17,2020-03-07 19:00,-58.85,0.2,,Furniture,In-store,Not Returned,Low,1000.45,VIP
288456,Notebook,22,2020-03-08 04:00,51.01,0.43,22.18,Furniture,In-store,Not Returned,High,1122.22,VIP
324137,Backpack,20,2020-03-09 01:00,51.84,0.28,9.87,Furniture,In-store,Not Returned,Low,1036.8000000000002,VIP
451707,Headphones,37,2020-03-09 05:00,78.95,0.34,15.59,Furniture,In-store,Not Returned,Low,2921.15,VIP
880298,T-shirt,34,2020-03-09 21:00,53.0,0.18,5.75,Furniture,Online,Not Returned,High,1802.0,VIP
111046,Blue Pen,23,2020-03-10 01:00,95.65,0.39,16.4,Furniture,In-store,Not Returned,Medium,2199.9500000000003,VIP
808662,Desk Lamp,45,2020-03-10 04:00,74.61,0.14,10.03,Furniture,In-store,Not Returned,High,3357.45,VIP
366997,T-shirt,26,2020-03-10 06:00,52.94,0.03,21.12,Furniture,Online,Not Returned,Medium,1376.44,VIP
683417,T-shirt,43,2020-03-10 10:00,42.03,0.49,8.19,Furniture,Online,Not Returned,High,1807.29,VIP
771210,Backpack,23,2020-03-10 16:00,95.96,0.11,16.87,Furniture,In-store,Not Returned,Medium,2207.08,VIP
375494,Headphones,46,2020-03-11 12:00,45.25,0.16,18.13,Furniture,In-store,Not Returned,Medium,2081.5,VIP
527236,T-shirt,49,2020-03-11 16:00,61.89,0.07,12.55,Furniture,In-store,Not Returned,Low,3032.61,VIP
599883,White Mug,26,2020-03-11 18:00,51.68,0.16,28.06,Furniture,Online,Not Returned,High,1343.68,VIP
359568,USB Cable,22,2020-03-12 10:00,50.94,0.32,20.93,Furniture,Online,Returned,Low,1120.6799999999998,VIP
756701,USB Cable,42,2020-03-12 13:00,66.87,0.05,25.01,Furniture,Online,Not Returned,High,2808.54,VIP
771256,White Mug,47,2020-03-13 02:00,44.42,0.43,6.12,Furniture,In-store,Not Returned,Medium,2087.74,VIP
611897,Office Chair,26,2020-03-13 08:00,91.62,0.06,14.23,Furniture,In-store,Not Returned,High,2382.12,VIP
980889,Headphones,21,2020-03-13 19:00,69.95,0.13,11.29,Furniture,In-store,Not Returned,Medium,1468.95,VIP
369708,Backpack,22,2020-03-15 13:00,45.46,0.15,18.31,Furniture,In-store,Not Returned,Low,1000.12,VIP
132733,Wall Clock,35,2020-03-17 05:00,65.02,0.46,6.73,Furniture,In-store,Not Returned,Low,2275.7,VIP
601946,Wall Clock,19,2020-03-18 03:00,71.01,0.08,14.75,Furniture,Online,Not Returned,Low,1349.19,VIP
931460,White Mug,29,2020-03-18 06:00,66.15,0.05,7.7,Furniture,In-store,Not Returned,High,1918.35,VIP
565966,Desk Lamp,21,2020-03-19 13:00,62.78,0.17,25.98,Furniture,Online,Not Returned,High,1318.38,VIP
880977,Headphones,42,2020-03-19 23:00,36.24,0.32,22.21,Furniture,In-store,Not Returned,High,1522.0800000000002,VIP
784191,Backpack,47,2020-03-20 01:00,55.6,0.16,10.32,Furniture,Online,Not Returned,Medium,2613.2000000000003,VIP
928952,Desk Lamp,26,2020-03-21 04:00,64.89,0.24,10.85,Furniture,In-store,Not Returned,Medium,1687.14,VIP
777114,Desk Lamp,48,2020-03-21 13:00,26.9,0.04,23.25,Furniture,Online,Not Returned,Medium,1291.1999999999998,VIP
758380,Backpack,32,2020-03-21 20:00,56.24,0.31,22.6,Furniture,Online,Not Returned,Low,1799.68,VIP
606079,Office Chair,18,2020-03-22 03:00,73.8,0.41,14.12,Furniture,In-store,Not Returned,Low,1328.4,VIP
184082,Desk Lamp,25,2020-03-22 05:00,42.67,0.46,14.89,Furniture,Online,Not Returned,High,1066.75,VIP
261633,Backpack,37,2020-03-22 09:00,35.81,0.19,9.75,Furniture,In-store,Returned,Medium,1324.97,VIP
823035,White Mug,23,2020-03-22 17:00,99.88,0.1,10.82,Furniture,Online,Not Returned,High,2297.24,VIP
576840,Backpack,35,2020-03-22 20:00,89.28,0.23,10.74,Furniture,Online,Not Returned,High,3124.8,VIP
671926,USB Cable,41,2020-03-23 16:00,26.96,0.39,24.58,Furniture,In-store,Not Returned,Medium,1105.36,VIP
992297,USB Cable,43,2020-03-23 18:00,56.93,0.2,24.88,Furniture,In-store,Not Returned,High,2447.99,VIP
129257,Wireless Mouse,31,2020-03-25 01:00,71.65,0.46,7.35,Furniture,In-store,Not Returned,High,2221.15,VIP
580488,Wireless Mouse,44,2020-03-25 02:00,59.06,0.4,12.74,Furniture,Online,Not Returned,High,2598.6400000000003,VIP
423390,Notebook,38,2020-03-25 05:00,73.9,0.32,9.81,Furniture,Online,Not Returned,Medium,2808.2000000000003,VIP
872800,Notebook,43,2020-03-25 21:00,75.8,0.09,7.19,Furniture,Online,Returned,High,3259.4,VIP
776555,Blue Pen,43,2020-03-26 07:00,82.17,0.32,18.18,Furniture,In-store,Not Returned,High,3533.31,VIP
776787,T-shirt,11,2020-03-26 11:00,95.04,0.02,27.6,Furniture,In-store,Not Returned,Medium,1045.44,VIP
414451,Notebook,23,2020-03-27 19:00,56.27,0.09,29.23,Furniture,In-store,Not Returned,Medium,1294.21,VIP
395900,Wall Clock,31,2020-03-28 03:00,76.3,0.05,20.22,Furniture,Online,Not Returned,Low,2365.3,VIP
490530,Wall Clock,33,2020-03-28 14:00,95.78,0.45,11.83,Furniture,Online,Not Returned,Medium,3160.74,VIP
803650,Desk Lamp,19,2020-03-28 20:00,69.92,0.26,8.4,Furniture,Online,Not Returned,Medium,1328.48,VIP
855271,White Mug,33,2020-03-29 07:00,76.01,0.29,28.46,Furniture,Online,Not Returned,Low,2508.3300000000004,VIP
445114,Notebook,24,2020-03-29 13:00,60.38,0.13,8.87,Furniture,Online,Not Returned,High,1449.12,VIP
447697,Office Chair,41,2020-03-29 15:00,66.56,0.34,29.76,Furniture,In-store,Not Returned,Medium,2728.96,VIP
618349,Wall Clock,18,2020-03-30 04:00,93.57,0.42,18.32,Furniture,In-store,Not Returned,Medium,1684.2599999999998,VIP
951887,Blue Pen,38,2020-03-30 12:00,94.36,0.15,18.75,Furniture,Online,Returned,High,3585.68,VIP
805290,Wireless Mouse,45,2020-03-31 17:00,33.94,0.44,24.99,Furniture,In-store,Not Returned,High,1527.3,VIP
733025,Notebook,39,2020-04-02 00:00,74.01,0.4,16.59,Furniture,Online,Not Returned,High,2886.3900000000003,VIP
675335,Wireless Mouse,27,2020-04-02 12:00,83.32,0.49,8.12,Furniture,In-store,Not Returned,High,2249.64,VIP
944092,Blue Pen,26,2020-04-02 14:00,84.68,0.07,7.6,Furniture,Online,Not Returned,High,2201.6800000000003,VIP
749438,Wireless Mouse,20,2020-04-02 20:00,73.15,0.14,14.21,Furniture,In-store,Not Returned,Low,1463.0,VIP
506845,Headphones,47,2020-04-03 04:00,45.57,0.23,10.49,Furniture,In-store,Not Returned,High,2141.79,VIP
854122,Desk Lamp,39,2020-04-03 09:00,90.44,0.13,9.32,Furniture,Online,Not Returned,Low,3527.16,VIP
373797,Desk Lamp,43,2020-04-03 12:00,26.57,0.04,20.65,Furniture,In-store,Not Returned,Medium,1142.51,VIP
706229,Wall Clock,30,2020-04-03 14:00,57.73,0.28,26.72,Furniture,Online,Not Returned,Medium,1731.9,VIP
198818,Wireless Mouse,41,2020-04-03 17:00,62.78,0.09,17.66,Furniture,In-store,Not Returned,Low,2573.98,VIP
661165,Headphones,37,2020-04-03 21:00,37.76,0.08,14.68,Furniture,In-store,Not Returned,Medium,1397.12,VIP
183186,Wireless Mouse,17,2020-04-04 06:00,97.94,0.35,26.96,Furniture,In-store,Not Returned,High,1664.98,VIP
889352,Headphones,47,2020-04-04 23:00,71.66,0.29,24.04,Furniture,In-store,Not Returned,Medium,3368.02,VIP
232028,Backpack,29,2020-04-05 17:00,37.75,0.06,26.37,Furniture,Online,Not Returned,High,1094.75,VIP
726045,Notebook,27,2020-04-05 22:00,89.27,0.18,22.89,Furniture,In-store,Not Returned,High,2410.29,VIP
478544,Office Chair,17,2020-04-06 03:00,93.15,0.11,5.89,Furniture,In-store,Not Returned,Low,1583.5500000000002,VIP
667873,Notebook,32,2020-04-06 12:00,59.18,0.21,29.45,Furniture,In-store,Not Returned,Low,1893.76,VIP
488076,T-shirt,48,2020-04-07 14:00,69.58,0.44,6.25,Furniture,Online,Returned,High,3339.84,VIP
616123,Office Chair,24,2020-04-08 05:00,85.84,0.11,16.31,Furniture,In-store,Not Returned,High,2060.16,VIP
448619,Wall Clock,14,2020-04-08 10:00,84.73,0.32,9.15,Furniture,Online,Not Returned,Medium,1186.22,VIP
857038,Backpack,33,2020-04-08 14:00,75.18,0.49,16.97,Furniture,In-store,Not Returned,High,2480.94,VIP
967969,White Mug,45,2020-04-10 06:00,91.91,0.11,5.07,Furniture,In-store,Not Returned,Medium,4135.95,VIP
574112,Backpack,47,2020-04-10 13:00,89.9,0.11,26.24,Furniture,In-store,Not Returned,Medium,4225.3,VIP
345546,Wireless Mouse,39,2020-04-11 06:00,59.46,0.03,11.92,Furniture,Online,Not Returned,High,2318.94,VIP
975825,Headphones,20,2020-04-11 10:00,76.86,0.19,19.13,Furniture,Online,Not Returned,High,1537.2,VIP
497686,Wall Clock,40,2020-04-12 04:00,55.11,0.48,12.73,Furniture,Online,Not Returned,Medium,2204.4,VIP
896657,T-shirt,48,2020-04-12 06:00,87.99,0.4,21.33,Furniture,In-store,Not Returned,Low,4223.52,VIP
747296,Blue Pen,42,2020-04-12 08:00,70.36,0.17,16.04,Furniture,Online,Not Returned,Low,2955.12,VIP
596758,T-shirt,26,2020-04-12 16:00,88.0,0.48,27.36,Furniture,In-store,Returned,Medium,2288.0,VIP
881725,Office Chair,24,2020-04-12 20:00,81.83,0.0,11.24,Furniture,Online,Not Returned,Low,1963.92,VIP
629992,Backpack,38,2020-04-14 00:00,27.05,0.41,24.1,Furniture,In-store,Not Returned,Low,1027.9,VIP
842488,Wall Clock,45,2020-04-14 02:00,70.45,0.06,19.76,Furniture,In-store,Not Returned,Medium,3170.25,VIP
345014,Headphones,34,2020-04-14 21:00,48.67,0.38,11.08,Furniture,In-store,Not Returned,Medium,1654.78,VIP
764468,Notebook,30,2020-04-15 12:00,91.69,0.42,11.7,Furniture,Online,Not Returned,Medium,2750.7,VIP
239999,Headphones,32,2020-04-15 18:00,93.86,0.06,26.09,Furniture,Online,Not Returned,High,3003.52,VIP
458690,USB Cable,46,2020-04-15 20:00,47.2,0.31,19.54,Furniture,Online,Not Returned,Low,2171.2000000000003,VIP
847419,Notebook,33,2020-04-16 11:00,61.42,0.39,12.02,Furniture,Online,Returned,Medium,2026.86,VIP
671107,Wall Clock,25,2020-04-16 22:00,79.36,0.35,11.95,Furniture,Online,Not Returned,Medium,1984.0,VIP
669667,Wireless Mouse,20,2020-04-17 16:00,94.39,0.39,14.79,Furniture,Online,Not Returned,High,1887.8,VIP
893583,Backpack,49,2020-04-18 00:00,49.52,0.12,29.15,Furniture,Online,Not Returned,Low,2426.48,VIP
172588,Notebook,46,2020-04-18 23:00,44.45,0.39,15.99,Furniture,Online,Not Returned,Medium,2044.7,VIP
859416,Office Chair,27,2020-04-20 06:00,53.87,0.19,11.08,Furniture,Online,Not Returned,Low,1454.49,VIP
618727,Wireless Mouse,32,2020-04-20 09:00,75.45,0.19,28.38,Furniture,Online,Not Returned,High,2414.4,VIP
743791,Desk Lamp,20,2020-04-20 11:00,86.59,0.09,15.89,Furniture,Online,Not Returned,High,1731.8000000000002,VIP
351459,Office Chair,24,2020-04-20 15:00,64.16,0.45,9.31,Furniture,Online,Not Returned,High,1539.84,VIP
734929,Office Chair,48,2020-04-20 16:00,24.66,0.26,11.48,Furniture,Online,Not Returned,High,1183.68,VIP
751844,Backpack,46,2020-04-21 07:00,61.79,0.03,25.68,Furniture,In-store,Not Returned,High,2842.34,VIP
346242,Headphones,28,2020-04-21 10:00,65.0,0.23,14.57,Furniture,In-store,Not Returned,Low,1820.0,VIP
966964,Notebook,41,2020-04-21 14:00,32.64,0.28,21.66,Furniture,Online,Not Returned,Low,1338.24,VIP
640302,Blue Pen,45,2020-04-21 18:00,91.27,0.23,21.5,Furniture,In-store,Not Returned,Low,4107.15,VIP
176329,White Mug,32,2020-04-23 00:00,64.43,0.44,27.9,Furniture,Online,Returned,Low,2061.76,VIP
131007,Backpack,23,2020-04-23 01:00,97.67,0.13,6.21,Furniture,In-store,Not Returned,High,2246.41,VIP
304451,Backpack,21,2020-04-23 08:00,96.05,0.05,20.67,Furniture,In-store,Not Returned,Low,2017.05,VIP
265575,Backpack,49,2020-04-24 02:00,99.42,0.31,21.17,Furniture,Online,Returned,Medium,4871.58,VIP
329189,Backpack,33,2020-04-24 08:00,47.1,0.32,10.56,Furniture,In-store,Not Returned,Medium,1554.3,VIP
498465,Backpack,24,2020-04-24 09:00,59.54,0.42,8.65,Furniture,In-store,Not Returned,Low,1428.96,VIP
372670,USB Cable,25,2020-04-25 01:00,43.51,0.22,6.29,Furniture,In-store,Not Returned,Low,1087.75,VIP
241826,USB Cable,17,2020-04-25 17:00,70.38,0.21,21.43,Furniture,In-store,Not Returned,Medium,1196.46,VIP
959414,Wall Clock,42,2020-04-25 21:00,38.32,0.4,26.59,Furniture,Online,Not Returned,Medium,1609.44,VIP
614003,Notebook,36,2020-04-26 03:00,61.43,0.22,22.42,Furniture,Online,Not Returned,Low,2211.48,VIP
293783,Desk Lamp,42,2020-04-26 04:00,77.68,0.13,14.65,Furniture,Online,Not Returned,High,3262.5600000000004,VIP
716166,Wall Clock,27,2020-04-26 13:00,89.38,0.01,11.35,Furniture,Online,Not Returned,Medium,2413.26,VIP
891327,USB Cable,28,2020-04-26 14:00,68.78,0.38,8.79,Furniture,In-store,Not Returned,High,1925.84,VIP
477844,Blue Pen,44,2020-04-26 16:00,82.71,0.05,27.21,Furniture,In-store,Returned,Medium,3639.24,VIP
315400,Wall Clock,35,2020-04-27 05:00,50.51,0.2,11.96,Furniture,In-store,Not Returned,Medium,1767.85,VIP
118073,Notebook,38,2020-04-27 16:00,52.23,0.06,21.55,Furniture,In-store,Not Returned,Low,1984.74,VIP
557828,Wall Clock,44,2020-04-28 02:00,82.14,0.29,17.48,Furniture,Online,Not Returned,High,3614.16,VIP
807650,Office Chair,49,2020-04-28 17:00,88.03,0.32,12.17,Furniture,In-store,Not Returned,High,4313.47,VIP
664749,Wireless Mouse,33,2020-04-28 19:00,52.23,0.3,22.91,Furniture,In-store,Not Returned,Low,1723.59,VIP
738387,USB Cable,17,2020-04-29 20:00,98.63,0.16,6.43,Furniture,Online,Not Returned,Low,1676.71,VIP
302380,Headphones,46,2020-04-30 01:00,94.39,0.17,15.31,Furniture,Online,Returned,Low,4341.94,VIP
772280,Office Chair,41,2020-04-30 08:00,34.97,0.44,24.91,Furniture,In-store,Not Returned,Medium,1433.77,VIP
659550,Desk Lamp,45,2020-04-30 23:00,41.87,0.23,19.76,Furniture,In-store,Not Returned,Medium,1884.15,VIP
571082,Wall Clock,32,2020-05-01 02:00,97.29,0.15,20.41,Furniture,In-store,Not Returned,Medium,3113.28,VIP
655462,White Mug,36,2020-05-03 07:00,92.81,0.07,16.07,Furniture,Online,Not Returned,Medium,3341.16,VIP
163037,USB Cable,49,2020-05-03 14:00,69.39,0.18,17.74,Furniture,Online,Not Returned,Low,3400.11,VIP
160428,Office Chair,45,2020-05-04 03:00,63.33,0.26,9.76,Furniture,In-store,Not Returned,High,2849.85,VIP
421497,Backpack,31,2020-05-04 05:00,71.81,0.3,14.29,Furniture,Online,Not Returned,Medium,2226.11,VIP
546636,Backpack,21,2020-05-04 11:00,65.39,0.26,16.46,Furniture,In-store,Not Returned,Low,1373.19,VIP
503850,Notebook,26,2020-05-04 17:00,84.17,0.36,5.14,Furniture,Online,Not Returned,Medium,2188.42,VIP
526577,T-shirt,28,2020-05-05 06:00,48.3,0.02,9.02,Furniture,Online,Not Returned,Medium,1352.4,VIP
103191,Blue Pen,23,2020-05-05 20:00,44.93,0.21,14.12,Furniture,Online,Returned,Low,1033.39,VIP
196722,USB Cable,49,2020-05-07 00:00,70.62,0.47,10.24,Furniture,Online,Not Returned,Medium,3460.38,VIP
423064,Headphones,13,2020-05-07 07:00,96.27,0.33,16.9,Furniture,In-store,Returned,High,1251.51,VIP
503082,Desk Lamp,42,2020-05-07 23:00,81.52,0.37,7.02,Furniture,In-store,Not Returned,Medium,3423.84,VIP
301139,Notebook,46,2020-05-08 00:00,58.41,0.3,20.14,Furniture,Online,Not Returned,High,2686.86,VIP
338340,Blue Pen,46,2020-05-08 08:00,84.26,0.42,21.24,Furniture,In-store,Not Returned,Low,3875.96,VIP
752184,T-shirt,45,2020-05-08 21:00,64.14,0.47,8.4,Furniture,In-store,Not Returned,Low,2886.3,VIP
369054,Wall Clock,21,2020-05-09 11:00,52.77,0.19,21.37,Furniture,In-store,Not Returned,Medium,1108.17,VIP
438416,Wall Clock,25,2020-05-11 07:00,50.61,0.36,22.32,Furniture,Online,Not Returned,Medium,1265.25,VIP
487732,Desk Lamp,49,2020-05-11 14:00,93.49,0.01,16.59,Furniture,In-store,Not Returned,Low,4581.009999999999,VIP
688316,Notebook,32,2020-05-12 10:00,44.16,0.21,27.44,Furniture,In-store,Not Returned,High,1413.12,VIP
743534,Office Chair,48,2020-05-12 11:00,80.06,0.03,15.3,Furniture,In-store,Not Returned,High,3842.88,VIP
680735,Wall Clock,22,2020-05-13 13:00,50.9,0.08,21.52,Furniture,In-store,Not Returned,High,1119.8,VIP
119033,USB Cable,33,2020-05-15 00:00,76.33,0.17,27.41,Furniture,In-store,Not Returned,High,2518.89,VIP
169122,T-shirt,39,2020-05-16 23:00,88.73,0.45,6.82,Furniture,Online,Returned,High,3460.4700000000003,VIP
981718,Blue Pen,40,2020-05-17 04:00,44.73,0.45,20.3,Furniture,Online,Not Returned,Medium,1789.1999999999998,VIP
116029,White Mug,14,2020-05-17 10:00,89.66,0.2,14.99,Furniture,Online,Not Returned,Medium,1255.24,VIP
168926,Blue Pen,35,2020-05-17 17:00,28.77,0.41,10.52,Furniture,Online,Not Returned,Low,1006.95,VIP
879446,Wireless Mouse,18,2020-05-18 12:00,64.99,0.5,23.95,Furniture,Online,Not Returned,Low,1169.82,VIP
920483,Wireless Mouse,29,2020-05-19 02:00,85.03,0.26,10.62,Furniture,In-store,Not Returned,Medium,2465.87,VIP
616494,Notebook,33,2020-05-19 07:00,64.79,0.49,10.23,Furniture,In-store,Not Returned,Low,2138.07,VIP
507688,Office Chair,29,2020-05-19 12:00,42.54,0.07,14.44,Furniture,In-store,Not Returned,Low,1233.66,VIP
328981,Wireless Mouse,43,2020-05-20 03:00,71.87,0.25,8.33,Furniture,Online,Not Returned,Low,3090.4100000000003,VIP
708108,T-shirt,26,2020-05-20 08:00,75.05,0.21,20.38,Furniture,Online,Not Returned,High,1951.3,VIP
837266,USB Cable,46,2020-05-20 14:00,38.47,0.31,19.33,Furniture,In-store,Not Returned,Medium,1769.62,VIP
518495,Wall Clock,33,2020-05-20 23:00,32.39,0.19,28.36,Furniture,In-store,Not Returned,High,1068.87,VIP
388345,USB Cable,19,2020-05-21 03:00,61.56,0.18,20.57,Furniture,Online,Not Returned,Low,1169.64,VIP
770438,Backpack,47,2020-05-21 06:00,68.37,0.28,18.55,Furniture,Online,Not Returned,Low,3213.3900000000003,VIP
755522,T-shirt,38,2020-05-22 07:00,59.87,0.02,15.92,Furniture,In-store,Not Returned,Low,2275.06,VIP
367491,Blue Pen,38,2020-05-22 21:00,41.2,0.34,25.76,Furniture,Online,Not Returned,Low,1565.6,VIP
758003,Backpack,16,2020-05-23 00:00,76.02,0.39,24.63,Furniture,In-store,Not Returned,Low,1216.32,VIP
513860,Wall Clock,41,2020-05-24 00:00,85.33,0.24,29.51,Furniture,Online,Not Returned,Medium,3498.53,VIP
405035,Wireless Mouse,32,2020-05-24 16:00,36.31,0.15,8.23,Furniture,Online,Returned,Low,1161.92,VIP
888768,T-shirt,21,2020-05-25 03:00,75.36,0.46,16.89,Furniture,Online,Not Returned,Medium,1582.56,VIP
560385,Notebook,32,2020-05-25 17:00,43.77,0.05,27.67,Furniture,In-store,Not Returned,Low,1400.64,VIP
488612,Wall Clock,13,2020-05-26 00:00,88.56,0.14,24.73,Furniture,Online,Not Returned,Low,1151.28,VIP
613317,Blue Pen,21,2020-05-26 18:00,60.69,0.42,18.56,Furniture,In-store,Not Returned,Low,1274.49,VIP
724446,Notebook,42,2020-05-27 01:00,70.9,0.35,11.6,Furniture,In-store,Not Returned,Medium,2977.8,VIP
728138,Notebook,47,2020-05-28 23:00,83.98,0.39,18.62,Furniture,Online,Not Returned,Medium,3947.06,VIP
419972,Notebook,28,2020-05-29 11:00,74.87,0.13,17.54,Furniture,Online,Not Returned,Low,2096.36,VIP
522355,Backpack,27,2020-05-29 21:00,85.67,0.49,29.11,Furniture,In-store,Returned,High,2313.09,VIP
442829,Office Chair,15,2020-05-31 00:00,83.5,0.26,28.11,Furniture,In-store,Not Returned,Low,1252.5,VIP
678688,Blue Pen,39,2020-05-31 03:00,49.69,0.3,26.61,Furniture,Online,Not Returned,Low,1937.91,VIP
595384,Headphones,24,2020-06-01 00:00,74.14,0.04,25.21,Furniture,In-store,Not Returned,High,1779.36,VIP
512104,Wall Clock,39,2020-06-01 22:00,55.74,0.41,20.27,Furniture,Online,Not Returned,Medium,2173.86,VIP
529332,Headphones,19,2020-06-02 09:00,78.72,0.47,19.04,Furniture,Online,Not Returned,Medium,1495.68,VIP
970678,Notebook,46,2020-06-03 02:00,89.15,0.33,15.54,Furniture,In-store,Not Returned,High,4100.900000000001,VIP
289139,White Mug,14,2020-06-03 14:00,97.45,0.28,29.97,Furniture,Online,Not Returned,Medium,1364.3,VIP
700517,Headphones,23,2020-06-04 00:00,60.96,0.24,22.9,Furniture,In-store,Not Returned,Medium,1402.08,VIP
653083,White Mug,33,2020-06-04 03:00,72.72,0.35,17.67,Furniture,Online,Not Returned,Medium,2399.76,VIP
286368,T-shirt,40,2020-06-04 04:00,47.54,0.21,28.67,Furniture,In-store,Not Returned,Medium,1901.6,VIP
472013,Desk Lamp,30,2020-06-04 18:00,69.66,0.27,14.94,Furniture,In-store,Not Returned,High,2089.8,VIP
940230,Desk Lamp,26,2020-06-04 23:00,97.49,0.21,19.27,Furniture,Online,Not Returned,Medium,2534.74,VIP
895219,Headphones,48,2020-06-06 03:00,37.76,0.01,12.09,Furniture,In-store,Not Returned,Medium,1812.48,VIP
863760,Notebook,26,2020-06-06 04:00,49.45,0.48,10.28,Furniture,Online,Not Returned,Medium,1285.7,VIP
128365,Notebook,45,2020-06-07 00:00,74.28,0.19,23.36,Furniture,Online,Not Returned,Medium,3342.6,VIP
440754,Wall Clock,27,2020-06-07 08:00,54.33,0.37,8.44,Furniture,Online,Not Returned,Medium,1466.91,VIP
680595,Office Chair,20,2020-06-07 10:00,75.52,0.33,23.22,Furniture,In-store,Not Returned,Low,1510.4,VIP
237888,Wall Clock,37,2020-06-07 20:00,82.54,0.18,17.77,Furniture,Online,Not Returned,High,3053.98,VIP
225149,Wall Clock,48,2020-06-08 05:00,33.86,0.46,29.78,Furniture,In-store,Not Returned,Medium,1625.28,VIP
302435,T-shirt,17,2020-06-08 07:00,65.37,0.1,12.13,Furniture,Online,Not Returned,Medium,1111.29,VIP
370403,Notebook,17,2020-06-08 09:00,83.43,0.3,17.49,Furniture,In-store,Not Returned,High,1418.3100000000002,VIP
427231,Blue Pen,49,2020-06-09 04:00,35.13,0.27,28.56,Furniture,In-store,Not Returned,Low,1721.37,VIP
805860,USB Cable,35,2020-06-09 09:00,80.41,0.5,9.53,Furniture,Online,Not Returned,Low,2814.35,VIP
582604,USB Cable,16,2020-06-10 02:00,79.14,0.19,27.13,Furniture,Online,Not Returned,Low,1266.24,VIP
653091,Notebook,45,2020-06-10 23:00,87.0,0.22,11.72,Furniture,In-store,Not Returned,High,3915.0,VIP
773590,Blue Pen,28,2020-06-11 00:00,40.02,0.46,15.2,Furniture,Online,Not Returned,Medium,1120.5600000000002,VIP
971803,White Mug,26,2020-06-12 00:00,99.05,0.13,22.69,Furniture,Online,Not Returned,High,2575.3,VIP
811404,T-shirt,28,2020-06-12 12:00,65.3,0.11,10.14,Furniture,In-store,Not Returned,High,1828.4,VIP
818675,T-shirt,44,2020-06-12 13:00,49.14,0.13,20.46,Furniture,In-store,Not Returned,Medium,2162.16,VIP
711004,Office Chair,16,2020-06-12 16:00,70.94,0.49,23.94,Furniture,Online,Not Returned,High,1135.04,VIP
395767,White Mug,40,2020-06-13 17:00,28.24,0.35,8.17,Furniture,Online,Not Returned,High,1129.6,VIP
694316,Office Chair,43,2020-06-14 00:00,40.74,0.0,9.02,Furniture,Online,Not Returned,High,1751.8200000000002,VIP
776746,USB Cable,17,2020-06-14 05:00,95.64,0.16,22.8,Furniture,Online,Not Returned,Low,1625.88,VIP
702567,Blue Pen,29,2020-06-14 14:00,86.31,0.36,25.21,Furniture,Online,Not Returned,Low,2502.99,VIP
299919,Wall Clock,26,2020-06-14 19:00,84.27,0.36,17.7,Furniture,In-store,Not Returned,High,2191.02,VIP
539953,Headphones,15,2020-06-15 14:00,85.61,0.37,18.2,Furniture,In-store,Not Returned,Medium,1284.15,VIP
850704,Notebook,49,2020-06-16 02:00,43.93,0.14,28.3,Furniture,In-store,Not Returned,High,2152.57,VIP
571249,Desk Lamp,-45,2020-06-16 20:00,-65.03,1.795792745633533,,Furniture,Online,Not Returned,Medium,2926.35,VIP
880741,Wireless Mouse,46,2020-06-17 04:00,95.28,0.17,25.07,Furniture,In-store,Not Returned,Medium,4382.88,VIP
162068,Office Chair,41,2020-06-17 06:00,93.99,0.49,16.54,Furniture,Online,Not Returned,High,3853.59,VIP
828342,Office Chair,44,2020-06-18 06:00,29.5,0.2,8.27,Furniture,Online,Not Returned,High,1298.0,VIP
594178,Backpack,21,2020-06-18 15:00,73.11,0.13,17.02,Furniture,In-store,Not Returned,Medium,1535.31,VIP
816409,Headphones,43,2020-06-18 19:00,91.35,0.44,24.18,Furniture,In-store,Not Returned,Low,3928.05,VIP
986559,Office Chair,38,2020-06-19 00:00,65.26,0.31,25.72,Furniture,Online,Not Returned,Medium,2479.88,VIP
839522,USB Cable,46,2020-06-19 02:00,90.07,0.08,27.11,Furniture,In-store,Not Returned,Medium,4143.219999999999,VIP
703291,T-shirt,33,2020-06-19 03:00,56.29,0.12,10.71,Furniture,Online,Returned,High,1857.57,VIP
664046,Office Chair,35,2020-06-19 05:00,79.0,0.41,28.96,Furniture,Online,Not Returned,Medium,2765.0,VIP
437913,USB Cable,23,2020-06-19 12:00,80.15,0.12,12.0,Furniture,In-store,Not Returned,Low,1843.45,VIP
988097,Wall Clock,13,2020-06-19 20:00,87.7,0.09,8.38,Furniture,Online,Not Returned,Medium,1140.1,VIP
611603,Wireless Mouse,-43,2020-06-21 02:00,-51.67,1.9457078931226384,,Furniture,In-store,Not Returned,Medium,2221.81,VIP
630032,Blue Pen,42,2020-06-21 08:00,28.83,0.14,19.22,Furniture,Online,Not Returned,Medium,1210.86,VIP
745194,Wireless Mouse,41,2020-06-21 15:00,43.17,0.4,18.05,Furniture,Online,Not Returned,High,1769.97,VIP
863034,Notebook,48,2020-06-21 19:00,90.13,0.1,13.67,Furniture,Online,Not Returned,Medium,4326.24,VIP
254245,T-shirt,36,2020-06-22 18:00,76.16,0.26,6.9,Furniture,In-store,Not Returned,Low,2741.76,VIP
302747,Office Chair,46,2020-06-22 20:00,26.63,0.23,11.81,Furniture,Online,Not Returned,High,1224.98,VIP
509064,Office Chair,16,2020-06-23 11:00,80.43,0.37,13.23,Furniture,In-store,Returned,Medium,1286.88,VIP
962881,Notebook,26,2020-06-23 14:00,98.25,0.32,16.88,Furniture,Online,Not Returned,Low,2554.5,VIP
886261,USB Cable,48,2020-06-23 16:00,60.98,0.26,15.36,Furniture,Online,Not Returned,High,2927.04,VIP
230544,USB Cable,44,2020-06-24 03:00,28.13,0.19,14.42,Furniture,Online,Returned,High,1237.72,VIP
624426,Blue Pen,12,2020-06-24 09:00,86.84,0.02,22.0,Furniture,In-store,Not Returned,High,1042.08,VIP
493574,USB Cable,25,2020-06-24 10:00,69.14,0.06,14.72,Furniture,Online,Not Returned,High,1728.5,VIP
568466,Wireless Mouse,33,2020-06-24 12:00,48.13,0.3,25.09,Furniture,In-store,Not Returned,High,1588.2900000000002,VIP
702276,USB Cable,44,2020-06-25 11:00,94.64,0.23,19.77,Furniture,Online,Not Returned,Medium,4164.16,VIP
180388,Headphones,24,2020-06-25 16:00,71.98,0.22,17.4,Furniture,In-store,Not Returned,Low,1727.52,VIP
888140,Desk Lamp,43,2020-06-26 01:00,96.6,0.17,8.79,Furniture,In-store,Not Returned,Low,4153.8,VIP
126086,Desk Lamp,46,2020-06-26 06:00,71.53,0.21,20.93,Furniture,Online,Not Returned,Medium,3290.38,VIP
191088,Desk Lamp,19,2020-06-26 09:00,53.86,0.25,15.59,Furniture,In-store,Not Returned,Medium,1023.34,VIP
815371,Notebook,36,2020-06-26 21:00,55.8,0.4,19.37,Furniture,Online,Returned,Medium,2008.8,VIP
565918,Blue Pen,25,2020-06-27 00:00,64.56,0.38,20.21,Furniture,In-store,Not Returned,Medium,1614.0,VIP
364598,Wall Clock,33,2020-06-27 07:00,59.3,0.2,25.55,Furniture,In-store,Not Returned,Medium,1956.9,VIP
587505,USB Cable,46,2020-06-27 20:00,33.6,0.26,21.45,Furniture,Online,Not Returned,High,1545.6,VIP
430170,Notebook,44,2020-06-28 20:00,27.47,0.23,28.76,Furniture,In-store,Not Returned,Medium,1208.6799999999998,VIP
518734,Backpack,39,2020-06-28 23:00,41.81,0.41,19.5,Furniture,Online,Not Returned,Medium,1630.59,VIP
413295,Desk Lamp,42,2020-06-29 15:00,50.6,0.03,22.08,Furniture,In-store,Not Returned,Medium,2125.2000000000003,VIP
767304,Headphones,49,2020-06-29 16:00,61.87,0.33,25.6,Furniture,Online,Not Returned,High,3031.63,VIP
705730,Wall Clock,43,2020-06-29 18:00,63.15,0.4,26.29,Furniture,Online,Not Returned,High,2715.45,VIP
616637,Desk Lamp,17,2020-06-30 06:00,80.74,0.2,14.18,Furniture,In-store,Returned,High,1372.58,VIP
428768,Backpack,31,2020-06-30 08:00,68.73,0.22,20.82,Furniture,Online,Not Returned,High,2130.63,VIP
906242,Wireless Mouse,48,2020-07-01 11:00,42.88,0.3,5.9,Furniture,In-store,Not Returned,Low,2058.24,VIP
779682,T-shirt,35,2020-07-01 13:00,37.7,0.44,28.51,Furniture,Online,Not Returned,Medium,1319.5,VIP
684054,Notebook,48,2020-07-02 04:00,94.26,0.21,28.99,Furniture,Online,Not Returned,High,4524.4800000000005,VIP
551610,Wall Clock,24,2020-07-03 01:00,95.65,0.09,18.08,Furniture,In-store,Not Returned,Low,2295.6000000000004,VIP
609492,Backpack,38,2020-07-03 05:00,99.06,0.25,22.72,Furniture,Online,Not Returned,Medium,3764.28,VIP
378710,T-shirt,31,2020-07-03 18:00,41.73,0.01,14.22,Furniture,In-store,Not Returned,High,1293.63,VIP
998488,Wireless Mouse,21,2020-07-05 09:00,77.88,0.17,22.09,Furniture,Online,Not Returned,Medium,1635.48,VIP
913349,Office Chair,36,2020-07-05 16:00,86.12,0.28,26.94,Furniture,In-store,Not Returned,Medium,3100.32,VIP
879128,Backpack,39,2020-07-05 23:00,27.19,0.18,12.6,Furniture,In-store,Not Returned,High,1060.41,VIP
302346,Notebook,46,2020-07-06 05:00,56.6,0.12,28.21,Furniture,In-store,Not Returned,Low,2603.6,VIP
596043,Wireless Mouse,32,2020-07-06 10:00,56.93,0.0,28.45,Furniture,In-store,Not Returned,Medium,1821.76,VIP
144760,USB Cable,42,2020-07-07 05:00,39.0,0.17,15.49,Furniture,In-store,Not Returned,High,1638.0,VIP
953284,USB Cable,46,2020-07-08 04:00,85.38,0.21,20.67,Furniture,In-store,Not Returned,Low,3927.48,VIP
487881,Backpack,45,2020-07-08 05:00,93.84,0.2,14.55,Furniture,In-store,Not Returned,Medium,4222.8,VIP
253077,Wireless Mouse,49,2020-07-08 08:00,85.02,0.47,22.64,Furniture,In-store,Not Returned,Low,4165.98,VIP
573958,Office Chair,33,2020-07-08 10:00,96.95,0.35,22.85,Furniture,In-store,Not Returned,Medium,3199.35,VIP
691202,Wireless Mouse,48,2020-07-08 14:00,95.59,0.17,15.22,Furniture,Online,Not Returned,High,4588.32,VIP
223106,Blue Pen,34,2020-07-08 20:00,88.53,0.07,19.13,Furniture,In-store,Not Returned,Medium,3010.02,VIP
891787,Notebook,31,2020-07-08 21:00,36.66,0.43,14.18,Furniture,In-store,Not Returned,Medium,1136.4599999999998,VIP
400486,T-shirt,19,2020-07-09 00:00,99.44,0.38,29.85,Furniture,In-store,Returned,Medium,1889.36,VIP
102257,Wall Clock,38,2020-07-09 01:00,91.67,0.13,17.96,Furniture,In-store,Not Returned,Medium,3483.46,VIP
134773,Wall Clock,39,2020-07-09 14:00,84.71,0.24,20.37,Furniture,Online,Not Returned,Low,3303.69,VIP
806528,Desk Lamp,40,2020-07-09 15:00,39.53,0.29,11.53,Furniture,In-store,Not Returned,Medium,1581.2,VIP
254626,USB Cable,36,2020-07-10 03:00,74.14,0.34,23.51,Furniture,Online,Not Returned,Medium,2669.04,VIP
578356,Wall Clock,47,2020-07-10 07:00,71.0,0.04,22.52,Furniture,In-store,Not Returned,High,3337.0,VIP
573314,Backpack,43,2020-07-10 16:00,67.41,0.45,5.96,Furniture,In-store,Not Returned,High,2898.63,VIP
609452,T-shirt,36,2020-07-10 17:00,35.36,0.37,29.55,Furniture,In-store,Not Returned,Low,1272.96,VIP
763376,Wireless Mouse,25,2020-07-11 09:00,47.91,0.04,20.09,Furniture,In-store,Not Returned,Low,1197.75,VIP
532995,Desk Lamp,45,2020-07-11 10:00,60.62,0.37,7.6,Furniture,Online,Returned,High,2727.9,VIP
855728,Wireless Mouse,37,2020-07-11 17:00,59.18,0.23,24.94,Furniture,Online,Not Returned,Low,2189.66,VIP
486721,Desk Lamp,47,2020-07-12 21:00,95.51,0.46,12.04,Furniture,Online,Not Returned,Low,4488.97,VIP
523332,Desk Lamp,19,2020-07-12 22:00,62.44,0.47,25.54,Furniture,Online,Not Returned,Medium,1186.36,VIP
980006,Blue Pen,40,2020-07-13 00:00,40.95,0.38,6.95,Furniture,Online,Not Returned,Low,1638.0,VIP
415014,Notebook,15,2020-07-13 15:00,98.51,0.26,16.48,Furniture,In-store,Not Returned,Low,1477.65,VIP
373452,Wall Clock,40,2020-07-14 02:00,61.24,0.08,5.48,Furniture,In-store,Not Returned,Medium,2449.6,VIP
658158,Wall Clock,47,2020-07-14 14:00,97.06,0.11,16.59,Furniture,In-store,Not Returned,Medium,4561.82,VIP
436851,USB Cable,37,2020-07-15 00:00,44.05,0.13,20.91,Furniture,In-store,Not Returned,Low,1629.85,VIP
623406,Blue Pen,17,2020-07-15 03:00,73.12,0.06,14.28,Furniture,In-store,Not Returned,Low,1243.04,VIP
844748,Headphones,40,2020-07-15 19:00,52.48,0.4,18.39,Furniture,Online,Not Returned,Medium,2099.2,VIP
698506,Backpack,45,2020-07-16 03:00,91.7,0.29,15.83,Furniture,In-store,Not Returned,Medium,4126.5,VIP
881413,Headphones,35,2020-07-16 07:00,68.45,0.39,16.3,Furniture,In-store,Not Returned,Low,2395.75,VIP
917865,Office Chair,26,2020-07-17 17:00,84.15,0.32,27.58,Furniture,In-store,Not Returned,Medium,2187.9,VIP
953900,Headphones,43,2020-07-17 19:00,51.21,0.12,27.83,Furniture,Online,Not Returned,Medium,2202.03,VIP
865419,Desk Lamp,16,2020-07-18 12:00,93.46,0.13,13.33,Furniture,Online,Returned,Low,1495.36,VIP
128328,Office Chair,30,2020-07-18 14:00,90.97,0.48,11.69,Furniture,Online,Returned,Medium,2729.1,VIP
159234,Wireless Mouse,27,2020-07-18 17:00,94.31,0.36,23.48,Furniture,In-store,Not Returned,Medium,2546.37,VIP
813987,Wireless Mouse,16,2020-07-19 12:00,72.18,0.15,29.24,Furniture,Online,Not Returned,High,1154.88,VIP
396208,Blue Pen,43,2020-07-19 19:00,34.05,0.12,13.26,Furniture,In-store,Not Returned,Medium,1464.15,VIP
970820,White Mug,33,2020-07-20 18:00,87.04,0.18,17.39,Furniture,In-store,Not Returned,Low,2872.32,VIP
168323,USB Cable,20,2020-07-21 20:00,60.35,0.22,18.6,Furniture,Online,Not Returned,Medium,1207.0,VIP
298784,Notebook,44,2020-07-22 03:00,76.02,0.26,26.43,Furniture,Online,Returned,Low,3344.88,VIP
357906,T-shirt,45,2020-07-24 08:00,84.78,0.15,22.67,Furniture,Online,Not Returned,High,3815.1,VIP
166668,Headphones,47,2020-07-24 10:00,62.71,0.33,29.03,Furniture,In-store,Not Returned,Medium,2947.37,VIP
199003,Wall Clock,47,2020-07-24 11:00,32.75,0.32,18.89,Furniture,Online,Not Returned,High,1539.25,VIP
594700,Backpack,46,2020-07-25 01:00,59.12,0.27,13.49,Furniture,Online,Not Returned,High,2719.52,VIP
575406,White Mug,17,2020-07-25 16:00,68.84,0.43,6.46,Furniture,Online,Not Returned,High,1170.28,VIP
782416,Backpack,43,2020-07-26 10:00,39.58,0.27,10.14,Furniture,In-store,Not Returned,Medium,1701.9399999999998,VIP
618823,Headphones,36,2020-07-27 03:00,78.76,0.18,25.08,Furniture,In-store,Returned,High,2835.36,VIP
319526,Blue Pen,19,2020-07-27 04:00,89.03,0.16,15.21,Furniture,In-store,Not Returned,Low,1691.57,VIP
998662,White Mug,47,2020-07-27 05:00,78.16,0.49,17.71,Furniture,In-store,Not Returned,Low,3673.52,VIP
946574,USB Cable,-13,2020-07-27 19:00,-87.16,1.9898596063861889,,Furniture,Online,Not Returned,Low,1133.08,VIP
944081,Wireless Mouse,35,2020-07-28 01:00,70.75,0.18,22.99,Furniture,Online,Not Returned,Medium,2476.25,VIP
649999,Office Chair,33,2020-07-28 05:00,50.52,0.41,7.82,Furniture,In-store,Not Returned,High,1667.16,VIP
463898,Office Chair,49,2020-07-28 11:00,98.46,0.49,24.64,Furniture,In-store,Not Returned,Low,4824.54,VIP
364852,Backpack,-38,2020-07-28 18:00,-53.26,0.05,,Furniture,Online,Not Returned,Low,2023.88,VIP
802495,Backpack,15,2020-07-29 03:00,98.6,0.16,9.01,Furniture,In-store,Returned,Low,1479.0,VIP
298522,Notebook,25,2020-07-30 07:00,76.8,0.16,11.97,Furniture,In-store,Not Returned,Low,1920.0,VIP
839804,Notebook,46,2020-07-30 20:00,27.35,0.12,25.06,Furniture,Online,Not Returned,Low,1258.1,VIP
192268,Desk Lamp,17,2020-07-31 09:00,90.8,0.39,14.28,Furniture,Online,Not Returned,Medium,1543.6,VIP
447235,Desk Lamp,18,2020-07-31 15:00,66.05,0.37,14.94,Furniture,In-store,Not Returned,Low,1188.9,VIP
229887,Blue Pen,37,2020-07-31 17:00,78.2,0.44,24.86,Furniture,In-store,Not Returned,Medium,2893.4,VIP
281517,Notebook,43,2020-08-01 06:00,69.24,0.5,8.72,Furniture,Online,Not Returned,High,2977.32,VIP
792924,T-shirt,27,2020-08-01 08:00,38.24,0.28,28.61,Furniture,Online,Not Returned,High,1032.48,VIP
572963,Desk Lamp,27,2020-08-01 10:00,68.31,0.26,28.77,Furniture,Online,Not Returned,High,1844.37,VIP
746238,Notebook,21,2020-08-02 13:00,71.68,0.38,13.4,Furniture,Online,Not Returned,Medium,1505.2800000000002,VIP
317400,Desk Lamp,39,2020-08-02 20:00,37.45,0.28,27.37,Furniture,In-store,Not Returned,Medium,1460.5500000000002,VIP
386479,White Mug,35,2020-08-03 02:00,93.44,0.29,11.59,Furniture,Online,Not Returned,High,3270.4,VIP
932721,Backpack,38,2020-08-03 05:00,94.93,0.31,10.49,Furniture,Online,Not Returned,Low,3607.34,VIP
231184,Wall Clock,48,2020-08-03 10:00,49.02,0.41,14.29,Furniture,Online,Not Returned,Medium,2352.96,VIP
247595,Backpack,21,2020-08-03 17:00,61.47,0.37,21.55,Furniture,Online,Not Returned,High,1290.87,VIP
706226,Office Chair,14,2020-08-04 07:00,86.69,0.02,20.06,Furniture,Online,Not Returned,Low,1213.66,VIP
967918,T-shirt,44,2020-08-04 21:00,78.69,0.45,16.83,Furniture,Online,Not Returned,High,3462.36,VIP
175277,USB Cable,43,2020-08-04 22:00,82.02,0.38,12.55,Furniture,Online,Not Returned,High,3526.86,VIP
583455,Notebook,33,2020-08-05 00:00,74.82,0.09,10.53,Furniture,Online,Not Returned,Low,2469.06,VIP
573918,Wireless Mouse,-35,2020-08-05 08:00,-66.99,1.315571947281876,,Furniture,Online,Not Returned,High,2344.65,VIP
480634,Notebook,37,2020-08-06 06:00,28.71,0.42,11.73,Furniture,In-store,Not Returned,Low,1062.27,VIP
656376,T-shirt,29,2020-08-06 14:00,79.52,0.24,11.16,Furniture,Online,Not Returned,Medium,2306.08,VIP
954568,Wall Clock,38,2020-08-07 05:00,41.48,0.48,10.97,Furniture,Online,Returned,Medium,1576.2399999999998,VIP
819979,Office Chair,35,2020-08-07 07:00,99.63,0.39,27.82,Furniture,In-store,Not Returned,Medium,3487.05,VIP
887738,Backpack,30,2020-08-07 18:00,38.15,0.31,10.08,Furniture,In-store,Not Returned,Low,1144.5,VIP
770798,Desk Lamp,21,2020-08-08 15:00,63.29,0.47,27.0,Furniture,Online,Not Returned,Medium,1329.09,VIP
934874,White Mug,40,2020-08-08 16:00,88.25,0.19,10.09,Furniture,In-store,Not Returned,Low,3530.0,VIP
927675,Notebook,25,2020-08-09 03:00,93.74,0.33,26.91,Furniture,Online,Not Returned,High,2343.5,VIP
570435,Headphones,24,2020-08-09 13:00,80.28,0.47,28.29,Furniture,In-store,Returned,High,1926.72,VIP
364237,Notebook,39,2020-08-09 16:00,55.19,0.08,12.64,Furniture,In-store,Not Returned,Low,2152.41,VIP
896883,Desk Lamp,42,2020-08-11 00:00,44.09,0.45,29.56,Furniture,In-store,Returned,Medium,1851.78,VIP
105039,Office Chair,37,2020-08-11 16:00,94.27,0.14,18.58,Furniture,Online,Not Returned,Medium,3487.99,VIP
536542,Blue Pen,17,2020-08-12 12:00,61.21,0.03,29.61,Furniture,Online,Not Returned,High,1040.57,VIP
887446,Office Chair,15,2020-08-12 19:00,89.56,0.25,25.9,Furniture,In-store,Not Returned,Low,1343.4,VIP
616540,Headphones,31,2020-08-13 17:00,38.97,0.23,26.44,Furniture,Online,Returned,Low,1208.07,VIP
834412,White Mug,26,2020-08-14 15:00,54.85,0.18,5.15,Furniture,In-store,Not Returned,Low,1426.1,VIP
824174,Notebook,41,2020-08-15 01:00,49.84,0.16,22.89,Furniture,Online,Not Returned,High,2043.44,VIP
238368,Backpack,16,2020-08-15 02:00,90.77,0.02,14.26,Furniture,Online,Not Returned,Medium,1452.32,VIP
771314,Desk Lamp,29,2020-08-16 01:00,64.37,0.03,15.49,Furniture,In-store,Not Returned,Low,1866.73,VIP
979854,Backpack,37,2020-08-18 04:00,93.24,0.01,20.56,Furniture,Online,Not Returned,Medium,3449.88,VIP
769277,White Mug,39,2020-08-18 22:00,70.11,0.18,7.87,Furniture,In-store,Not Returned,Medium,2734.29,VIP
451181,Headphones,45,2020-08-19 05:00,68.18,0.44,18.05,Furniture,In-store,Not Returned,Medium,3068.1000000000004,VIP
886086,Desk Lamp,43,2020-08-19 15:00,76.16,0.32,27.85,Furniture,In-store,Not Returned,Low,3274.88,VIP
431310,Wall Clock,27,2020-08-19 17:00,74.87,0.06,12.4,Furniture,Online,Not Returned,High,2021.49,VIP
788332,Office Chair,12,2020-08-20 22:00,87.39,0.23,21.33,Furniture,In-store,Not Returned,High,1048.68,VIP
522132,White Mug,33,2020-08-21 01:00,99.92,0.14,29.96,Furniture,Online,Not Returned,Medium,3297.36,VIP
947942,Blue Pen,21,2020-08-21 09:00,86.19,0.17,18.34,Furniture,In-store,Not Returned,Low,1809.99,VIP
158692,White Mug,43,2020-08-21 11:00,39.88,0.24,5.49,Furniture,In-store,Not Returned,Low,1714.84,VIP
624480,White Mug,40,2020-08-21 18:00,95.83,0.44,21.09,Furniture,Online,Not Returned,Medium,3833.2,VIP
945623,USB Cable,42,2020-08-22 13:00,51.13,0.11,9.02,Furniture,In-store,Not Returned,High,2147.46,VIP
389192,Blue Pen,34,2020-08-22 18:00,83.17,0.1,9.75,Furniture,In-store,Returned,Medium,2827.78,VIP
668242,Headphones,25,2020-08-22 20:00,66.61,0.19,8.3,Furniture,Online,Not Returned,Medium,1665.25,VIP
406093,T-shirt,28,2020-08-23 08:00,97.15,0.33,15.64,Furniture,In-store,Not Returned,Medium,2720.2000000000003,VIP
661693,Wall Clock,38,2020-08-23 09:00,94.4,0.49,14.35,Furniture,In-store,Not Returned,Medium,3587.2000000000003,VIP
218094,Backpack,47,2020-08-24 01:00,47.34,0.38,12.75,Furniture,Online,Returned,Medium,2224.98,VIP
851731,Headphones,37,2020-08-24 03:00,74.7,0.43,12.7,Furniture,In-store,Not Returned,Low,2763.9,VIP
703986,Desk Lamp,48,2020-08-24 18:00,32.35,0.24,25.33,Furniture,In-store,Not Returned,Low,1552.8000000000002,VIP
492670,White Mug,34,2020-08-25 05:00,37.11,0.37,10.92,Furniture,Online,Not Returned,Low,1261.74,VIP
440686,Wall Clock,25,2020-08-25 22:00,83.57,0.16,20.89,Furniture,In-store,Not Returned,Low,2089.25,VIP
725210,USB Cable,18,2020-08-26 16:00,72.78,0.11,9.9,Furniture,In-store,Not Returned,Medium,1310.04,VIP
903806,Desk Lamp,43,2020-08-27 02:00,86.91,0.16,15.85,Furniture,Online,Not Returned,High,3737.13,VIP
555738,Backpack,37,2020-08-27 18:00,45.21,0.07,10.25,Furniture,In-store,Not Returned,High,1672.77,VIP
795532,Headphones,26,2020-08-27 21:00,90.85,0.11,23.97,Furniture,Online,Returned,Low,2362.1,VIP
631147,White Mug,19,2020-08-28 01:00,64.25,0.28,27.82,Furniture,In-store,Returned,Medium,1220.75,VIP
330233,T-shirt,-26,2020-08-28 10:00,-89.62,1.3152476341181891,,Furniture,Online,Not Returned,High,2330.12,VIP
717693,USB Cable,39,2020-08-28 22:00,60.31,0.05,22.44,Furniture,Online,Not Returned,High,2352.09,VIP
310048,Backpack,46,2020-08-29 00:00,30.23,0.32,13.13,Furniture,In-store,Not Returned,Low,1390.58,VIP
929827,Wall Clock,44,2020-08-29 12:00,82.67,0.16,24.28,Furniture,In-store,Not Returned,Low,3637.48,VIP
452156,Wall Clock,26,2020-08-30 17:00,75.71,0.35,19.33,Furniture,Online,Not Returned,High,1968.46,VIP
436986,Desk Lamp,37,2020-08-31 07:00,94.94,0.02,24.58,Furniture,In-store,Not Returned,High,3512.78,VIP
204927,Wall Clock,39,2020-08-31 08:00,62.85,0.46,17.44,Furniture,In-store,Not Returned,Low,2451.15,VIP
422959,USB Cable,49,2020-08-31 17:00,51.35,0.02,14.37,Furniture,In-store,Not Returned,High,2516.15,VIP
545872,Office Chair,45,2020-09-01 14:00,48.76,0.01,16.14,Furniture,Online,Not Returned,High,2194.2,VIP
607235,USB Cable,-37,2020-09-01 16:00,-88.26,1.1118829401941723,,Furniture,In-store,Not Returned,Low,3265.6200000000003,VIP
565590,Headphones,30,2020-09-02 21:00,46.01,0.01,18.28,Furniture,In-store,Not Returned,High,1380.3,VIP
704056,Notebook,24,2020-09-03 09:00,93.59,0.18,23.61,Furniture,In-store,Not Returned,High,2246.16,VIP
643576,Notebook,-50,2020-09-04 01:00,-76.42,1.2426311299287347,,Furniture,In-store,Not Returned,High,3821.0,VIP
997116,Blue Pen,45,2020-09-04 18:00,99.78,0.01,18.78,Furniture,Online,Not Returned,Medium,4490.1,VIP
317741,Headphones,31,2020-09-04 20:00,40.01,0.04,14.5,Furniture,In-store,Not Returned,Medium,1240.31,VIP
436246,Blue Pen,11,2020-09-05 02:00,94.51,0.41,27.53,Furniture,Online,Not Returned,Medium,1039.61,VIP
759987,White Mug,38,2020-09-05 08:00,96.3,0.38,19.74,Furniture,Online,Returned,Medium,3659.4,VIP
202412,Blue Pen,13,2020-09-05 14:00,80.02,0.32,26.3,Furniture,In-store,Not Returned,Medium,1040.26,VIP
643692,White Mug,30,2020-09-05 15:00,66.94,0.34,7.17,Furniture,Online,Not Returned,Medium,2008.2,VIP
576111,Office Chair,43,2020-09-06 19:00,75.81,0.01,10.96,Furniture,Online,Returned,High,3259.83,VIP
969446,Headphones,30,2020-09-08 10:00,94.94,0.23,8.36,Furniture,In-store,Not Returned,Medium,2848.2,VIP
102775,Desk Lamp,22,2020-09-08 18:00,47.32,0.32,11.59,Furniture,In-store,Not Returned,Low,1041.04,VIP
595654,Wireless Mouse,38,2020-09-09 16:00,55.2,0.37,22.37,Furniture,In-store,Not Returned,Low,2097.6,VIP
603323,T-shirt,-27,2020-09-09 17:00,-60.42,0.33,,Furniture,In-store,Not Returned,Low,1631.34,VIP
897781,Headphones,47,2020-09-10 01:00,27.06,0.09,21.35,Furniture,Online,Not Returned,Low,1271.82,VIP
387710,Backpack,49,2020-09-11 08:00,69.53,0.16,20.15,Furniture,In-store,Returned,High,3406.9700000000003,VIP
596440,Office Chair,16,2020-09-11 10:00,93.38,0.46,24.8,Furniture,Online,Not Returned,High,1494.08,VIP
930288,Desk Lamp,40,2020-09-12 09:00,56.27,0.21,17.03,Furniture,Online,Not Returned,Medium,2250.8,VIP
900463,Notebook,23,2020-09-12 18:00,93.38,0.4,12.88,Furniture,Online,Not Returned,High,2147.74,VIP
690270,Backpack,30,2020-09-12 20:00,65.46,0.15,20.41,Furniture,In-store,Not Returned,Low,1963.8,VIP
217797,Notebook,20,2020-09-12 23:00,93.13,0.2,10.74,Furniture,Online,Not Returned,Medium,1862.6,VIP
853890,T-shirt,47,2020-09-13 04:00,58.97,0.17,10.82,Furniture,In-store,Not Returned,High,2771.59,VIP
564310,Headphones,32,2020-09-13 08:00,96.23,0.36,21.47,Furniture,Online,Not Returned,Medium,3079.36,VIP
907221,USB Cable,23,2020-09-13 22:00,55.27,0.13,7.86,Furniture,In-store,Not Returned,Medium,1271.21,VIP
488227,Notebook,47,2020-09-13 23:00,99.66,0.36,19.83,Furniture,Online,Not Returned,High,4684.02,VIP
188059,Wireless Mouse,23,2020-09-14 00:00,56.26,0.43,23.75,Furniture,In-store,Not Returned,Medium,1293.98,VIP
365406,Backpack,21,2020-09-14 08:00,76.67,0.34,12.23,Furniture,In-store,Not Returned,Medium,1610.07,VIP
181972,Wall Clock,21,2020-09-14 10:00,96.76,0.03,20.35,Furniture,In-store,Not Returned,Medium,2031.96,VIP
592239,Backpack,18,2020-09-14 17:00,59.55,0.35,13.74,Furniture,In-store,Not Returned,Low,1071.9,VIP
958823,Office Chair,46,2020-09-14 22:00,32.17,0.41,23.49,Furniture,Online,Not Returned,Medium,1479.8200000000002,VIP
636162,White Mug,26,2020-09-15 04:00,76.9,0.22,10.16,Furniture,In-store,Not Returned,Medium,1999.4,VIP
744894,White Mug,43,2020-09-15 11:00,96.51,0.21,23.31,Furniture,In-store,Not Returned,Low,4149.93,VIP
775302,Office Chair,35,2020-09-15 22:00,92.61,0.32,6.65,Furniture,Online,Not Returned,Medium,3241.35,VIP
192876,USB Cable,41,2020-09-16 09:00,62.24,0.25,8.49,Furniture,In-store,Returned,High,2551.84,VIP
547244,USB Cable,43,2020-09-17 06:00,69.04,0.29,22.74,Furniture,Online,Not Returned,Low,2968.7200000000003,VIP
511324,USB Cable,31,2020-09-17 11:00,55.52,0.38,27.42,Furniture,Online,Not Returned,High,1721.12,VIP
575278,Notebook,26,2020-09-18 12:00,54.33,0.34,22.03,Furniture,Online,Not Returned,Medium,1412.58,VIP
934006,White Mug,15,2020-09-18 19:00,98.05,0.48,18.96,Furniture,In-store,Returned,Medium,1470.75,VIP
917459,Wireless Mouse,14,2020-09-19 00:00,87.34,0.32,10.89,Furniture,Online,Not Returned,Medium,1222.76,VIP
398783,T-shirt,46,2020-09-19 11:00,48.38,0.27,26.65,Furniture,In-store,Not Returned,High,2225.48,VIP
977042,Office Chair,22,2020-09-21 01:00,49.91,0.48,10.37,Furniture,In-store,Not Returned,Medium,1098.02,VIP
525767,Notebook,49,2020-09-23 08:00,76.69,0.42,17.19,Furniture,In-store,Not Returned,High,3757.81,VIP
984671,Wall Clock,33,2020-09-24 13:00,44.63,0.22,27.34,Furniture,In-store,Not Returned,Medium,1472.7900000000002,VIP
280494,T-shirt,22,2020-09-25 00:00,79.85,0.4,24.27,Furniture,Online,Not Returned,Medium,1756.6999999999998,VIP
380926,Blue Pen,46,2020-09-25 08:00,45.02,0.02,9.14,Furniture,In-store,Not Returned,Low,2070.92,VIP
702251,Desk Lamp,23,2020-09-25 11:00,86.88,0.12,8.53,Furniture,In-store,Returned,Medium,1998.24,VIP
692054,T-shirt,47,2020-09-25 15:00,91.51,0.49,14.26,Furniture,Online,Not Returned,Low,4300.97,VIP
113780,Headphones,22,2020-09-26 04:00,51.02,0.25,26.21,Furniture,In-store,Returned,High,1122.44,VIP
397584,Headphones,17,2020-09-26 21:00,79.67,0.05,17.38,Furniture,In-store,Not Returned,Medium,1354.39,VIP
517216,Wall Clock,46,2020-09-28 10:00,46.5,0.25,19.8,Furniture,Online,Not Returned,Medium,2139.0,VIP
589415,Wall Clock,24,2020-09-28 20:00,44.28,0.17,29.57,Furniture,Online,Not Returned,Low,1062.72,VIP
810070,Office Chair,18,2020-09-29 15:00,58.22,0.04,5.78,Furniture,In-store,Not Returned,Medium,1047.96,VIP
962318,USB Cable,18,2020-09-29 18:00,69.55,0.43,29.29,Furniture,In-store,Not Returned,Medium,1251.9,VIP
147111,Notebook,27,2020-09-30 06:00,73.7,0.3,14.11,Furniture,Online,Not Returned,Medium,1989.9,VIP
422137,Wireless Mouse,11,2020-09-30 12:00,96.03,0.19,22.4,Furniture,In-store,Not Returned,Low,1056.33,VIP
952557,Backpack,48,2020-09-30 17:00,36.55,0.12,22.16,Furniture,Online,Not Returned,Medium,1754.4,VIP
469349,Wireless Mouse,48,2020-10-02 01:00,67.42,0.34,15.84,Furniture,In-store,Not Returned,Low,3236.16,VIP
561370,T-shirt,48,2020-10-02 02:00,66.87,0.01,23.79,Furniture,Online,Not Returned,Medium,3209.76,VIP
860592,Blue Pen,33,2020-10-02 07:00,95.89,0.36,20.94,Furniture,Online,Returned,High,3164.37,VIP
772747,USB Cable,35,2020-10-02 21:00,99.38,0.45,12.99,Furniture,In-store,Not Returned,High,3478.3,VIP
488422,T-shirt,34,2020-10-03 11:00,96.33,0.27,13.89,Furniture,Online,Not Returned,Low,3275.22,VIP
543441,USB Cable,29,2020-10-03 13:00,91.45,0.02,29.2,Furniture,In-store,Not Returned,Low,2652.05,VIP
816741,Desk Lamp,37,2020-10-03 19:00,62.38,0.11,12.17,Furniture,Online,Not Returned,Medium,2308.06,VIP
279001,Office Chair,48,2020-10-03 20:00,35.64,0.46,16.76,Furniture,In-store,Not Returned,Medium,1710.72,VIP
854471,Desk Lamp,20,2020-10-04 04:00,54.09,0.27,17.61,Furniture,In-store,Not Returned,Medium,1081.8000000000002,VIP
244771,T-shirt,33,2020-10-04 10:00,97.46,0.02,18.47,Furniture,Online,Not Returned,Medium,3216.18,VIP
824750,Backpack,48,2020-10-04 18:00,94.67,0.5,9.38,Furniture,Online,Not Returned,High,4544.16,VIP
939431,Wireless Mouse,22,2020-10-05 00:00,64.22,0.39,23.81,Furniture,Online,Not Returned,Low,1412.84,VIP
859401,Notebook,32,2020-10-06 11:00,73.29,0.32,9.57,Furniture,In-store,Not Returned,High,2345.28,VIP
564761,Headphones,33,2020-10-06 13:00,41.04,0.01,8.59,Furniture,Online,Not Returned,Low,1354.32,VIP
956874,Backpack,40,2020-10-07 01:00,39.07,0.35,21.12,Furniture,In-store,Not Returned,Low,1562.8,VIP
865197,Wireless Mouse,25,2020-10-08 05:00,86.38,0.38,20.81,Furniture,Online,Not Returned,Low,2159.5,VIP
397843,Backpack,24,2020-10-08 19:00,60.54,0.31,6.76,Furniture,Online,Not Returned,Medium,1452.96,VIP
578928,Wall Clock,41,2020-10-10 04:00,32.76,0.43,5.16,Furniture,In-store,Not Returned,High,1343.16,VIP
810386,Blue Pen,46,2020-10-10 17:00,46.59,0.05,28.58,Furniture,In-store,Not Returned,High,2143.1400000000003,VIP
412849,Office Chair,25,2020-10-10 18:00,63.99,0.47,5.96,Furniture,Online,Not Returned,Low,1599.75,VIP
960346,Blue Pen,39,2020-10-10 21:00,93.51,0.49,10.46,Furniture,In-store,Not Returned,High,3646.89,VIP
101881,White Mug,22,2020-10-10 22:00,86.24,0.11,15.35,Furniture,Online,Not Returned,Medium,1897.28,VIP
511659,Wireless Mouse,15,2020-10-11 20:00,84.82,0.37,26.45,Furniture,Online,Not Returned,High,1272.3,VIP
120855,Backpack,47,2020-10-12 03:00,56.67,0.31,23.8,Furniture,In-store,Not Returned,High,2663.49,VIP
815732,Backpack,49,2020-10-12 05:00,42.7,0.46,9.22,Furniture,Online,Not Returned,Medium,2092.3,VIP
204428,Office Chair,36,2020-10-12 19:00,45.66,0.0,6.97,Furniture,In-store,Not Returned,Medium,1643.7599999999998,VIP
180152,Headphones,44,2020-10-13 14:00,81.93,0.24,18.26,Furniture,In-store,Returned,Medium,3604.92,VIP
601793,Wireless Mouse,24,2020-10-14 05:00,92.81,0.09,12.55,Furniture,In-store,Not Returned,High,2227.44,VIP
835122,Desk Lamp,42,2020-10-14 20:00,73.12,0.18,9.09,Furniture,Online,Not Returned,High,3071.04,VIP
838591,Desk Lamp,25,2020-10-15 02:00,60.91,0.19,25.91,Furniture,Online,Returned,Medium,1522.75,VIP
851393,Backpack,29,2020-10-15 15:00,43.6,0.27,16.37,Furniture,In-store,Not Returned,High,1264.4,VIP
940297,USB Cable,34,2020-10-15 18:00,35.13,0.44,19.09,Furniture,Online,Not Returned,Medium,1194.42,VIP
507974,Office Chair,36,2020-10-16 18:00,75.74,0.01,15.92,Furniture,Online,Returned,High,2726.64,VIP
656119,Office Chair,42,2020-10-16 22:00,62.87,0.34,18.14,Furniture,Online,Not Returned,Low,2640.54,VIP
784687,Office Chair,34,2020-10-18 12:00,74.63,0.31,20.59,Furniture,In-store,Not Returned,Low,2537.42,VIP
469484,T-shirt,38,2020-10-19 03:00,37.97,0.1,5.22,Furniture,In-store,Not Returned,High,1442.86,VIP
993481,Wireless Mouse,11,2020-10-19 07:00,96.41,0.08,15.8,Furniture,Online,Returned,High,1060.51,VIP
591215,Wireless Mouse,38,2020-10-19 11:00,64.86,0.11,25.69,Furniture,In-store,Not Returned,High,2464.68,VIP
854924,USB Cable,17,2020-10-19 12:00,95.88,0.12,25.2,Furniture,Online,Not Returned,High,1629.96,VIP
145256,Wireless Mouse,41,2020-10-20 05:00,87.28,0.47,9.1,Furniture,Online,Not Returned,Low,3578.48,VIP
312603,Desk Lamp,24,2020-10-20 15:00,68.64,0.32,12.62,Furniture,In-store,Returned,Medium,1647.36,VIP
381197,White Mug,38,2020-10-21 09:00,51.43,0.21,14.7,Furniture,In-store,Not Returned,High,1954.34,VIP
514027,T-shirt,48,2020-10-21 16:00,92.29,0.07,20.35,Furniture,Online,Returned,High,4429.92,VIP
493120,Notebook,47,2020-10-22 06:00,95.94,0.16,7.29,Furniture,Online,Not Returned,Low,4509.18,VIP
704453,White Mug,48,2020-10-22 10:00,78.87,0.34,14.18,Furniture,Online,Not Returned,Low,3785.76,VIP
178533,White Mug,39,2020-10-22 20:00,64.07,0.34,7.88,Furniture,In-store,Not Returned,High,2498.73,VIP
839644,Wall Clock,26,2020-10-23 03:00,52.98,0.45,8.1,Furniture,Online,Not Returned,Low,1377.48,VIP
316621,T-shirt,30,2020-10-23 05:00,76.72,0.2,10.86,Furniture,Online,Not Returned,Low,2301.6,VIP
472778,Wall Clock,23,2020-10-23 22:00,78.45,0.31,7.78,Furniture,In-store,Not Returned,Low,1804.35,VIP
747952,Headphones,40,2020-10-24 01:00,68.41,0.04,26.25,Furniture,In-store,Not Returned,High,2736.4,VIP
169590,Blue Pen,47,2020-10-24 07:00,98.68,0.23,23.13,Furniture,Online,Not Returned,Low,4637.96,VIP
134753,Blue Pen,29,2020-10-24 22:00,62.67,0.15,22.72,Furniture,Online,Not Returned,High,1817.43,VIP
114389,Wall Clock,48,2020-10-25 14:00,32.34,0.29,24.01,Furniture,In-store,Not Returned,Medium,1552.3200000000002,VIP
331452,USB Cable,37,2020-10-26 08:00,92.27,0.26,28.87,Furniture,Online,Not Returned,Medium,3413.99,VIP
332520,Backpack,43,2020-10-26 21:00,90.91,0.36,24.74,Furniture,In-store,Not Returned,Low,3909.13,VIP
343459,Blue Pen,15,2020-10-26 23:00,83.04,0.41,21.08,Furniture,In-store,Not Returned,High,1245.6,VIP
623116,White Mug,19,2020-10-27 15:00,95.27,0.27,29.62,Furniture,Online,Not Returned,Medium,1810.13,VIP
506547,White Mug,46,2020-10-28 06:00,71.2,0.37,24.13,Furniture,Online,Not Returned,Low,3275.2000000000003,VIP
294999,Backpack,46,2020-10-28 07:00,88.4,0.37,24.43,Furniture,In-store,Not Returned,Medium,4066.4,VIP
710514,Notebook,31,2020-10-28 08:00,74.83,0.3,28.44,Furniture,Online,Not Returned,High,2319.73,VIP
163014,Wall Clock,25,2020-10-28 10:00,40.36,0.38,19.56,Furniture,Online,Not Returned,Low,1009.0,VIP
694699,Wireless Mouse,43,2020-10-28 12:00,50.25,0.38,25.29,Furniture,In-store,Not Returned,High,2160.75,VIP
986388,Office Chair,36,2020-10-29 22:00,83.16,0.12,16.12,Furniture,In-store,Not Returned,High,2993.76,VIP
944156,Office Chair,48,2020-10-30 05:00,31.03,0.3,5.66,Furniture,Online,Not Returned,Medium,1489.44,VIP
972565,Backpack,37,2020-10-30 06:00,49.55,0.01,18.23,Furniture,In-store,Not Returned,High,1833.35,VIP
745424,Blue Pen,25,2020-10-30 12:00,45.33,0.34,19.03,Furniture,Online,Not Returned,High,1133.25,VIP
867976,Office Chair,49,2020-10-30 19:00,80.55,0.14,24.46,Furniture,In-store,Not Returned,High,3946.95,VIP
369152,White Mug,32,2020-10-31 08:00,42.71,0.25,6.61,Furniture,Online,Returned,Low,1366.72,VIP
514380,USB Cable,45,2020-10-31 21:00,48.04,0.35,10.83,Furniture,Online,Not Returned,Medium,2161.8,VIP
389385,Desk Lamp,34,2020-11-01 02:00,32.37,0.13,10.26,Furniture,In-store,Not Returned,Low,1100.58,VIP
195790,Wireless Mouse,17,2020-11-01 03:00,75.38,0.34,5.28,Furniture,In-store,Not Returned,High,1281.46,VIP
506245,Wall Clock,45,2020-11-02 00:00,51.2,0.05,17.99,Furniture,Online,Not Returned,Medium,2304.0,VIP
782511,Notebook,24,2020-11-03 09:00,59.94,0.22,6.47,Furniture,Online,Not Returned,High,1438.56,VIP
204700,Office Chair,49,2020-11-04 12:00,46.75,0.27,6.26,Furniture,In-store,Not Returned,Low,2290.75,VIP
710885,T-shirt,44,2020-11-04 20:00,61.31,0.24,13.68,Furniture,In-store,Not Returned,Low,2697.6400000000003,VIP
150013,White Mug,22,2020-11-05 13:00,81.89,0.4,20.05,Furniture,In-store,Returned,High,1801.58,VIP
501562,Headphones,47,2020-11-05 14:00,78.76,0.07,29.34,Furniture,Online,Not Returned,Medium,3701.72,VIP
116555,Wireless Mouse,15,2020-11-06 04:00,69.0,0.33,11.99,Furniture,Online,Not Returned,High,1035.0,VIP
191321,Office Chair,46,2020-11-06 14:00,98.49,0.25,11.47,Furniture,Online,Not Returned,High,4530.54,VIP
450046,Desk Lamp,39,2020-11-07 13:00,58.87,0.32,5.16,Furniture,In-store,Not Returned,Medium,2295.93,VIP
207449,Office Chair,24,2020-11-07 23:00,86.27,0.32,7.63,Furniture,In-store,Not Returned,Medium,2070.48,VIP
439386,Blue Pen,49,2020-11-08 09:00,84.46,0.49,17.6,Furniture,In-store,Not Returned,High,4138.54,VIP
636069,Desk Lamp,41,2020-11-09 00:00,58.17,0.45,24.73,Furniture,Online,Returned,Medium,2384.9700000000003,VIP
251542,Blue Pen,44,2020-11-09 08:00,82.22,0.46,18.08,Furniture,In-store,Returned,Low,3617.68,VIP
405273,T-shirt,30,2020-11-09 09:00,68.0,0.26,5.66,Furniture,Online,Not Returned,Medium,2040.0,VIP
576152,Office Chair,14,2020-11-10 04:00,94.07,0.44,14.82,Furniture,Online,Not Returned,Low,1316.98,VIP
788433,White Mug,38,2020-11-10 21:00,34.66,0.44,28.26,Furniture,In-store,Not Returned,High,1317.08,VIP
354371,Wall Clock,43,2020-11-11 04:00,86.87,0.19,26.65,Furniture,Online,Not Returned,High,3735.41,VIP
414557,Wireless Mouse,32,2020-11-11 11:00,49.06,0.29,9.47,Furniture,In-store,Not Returned,High,1569.92,VIP
259163,Desk Lamp,29,2020-11-11 18:00,83.62,0.49,17.54,Furniture,In-store,Not Returned,Low,2424.98,VIP
822927,Headphones,31,2020-11-12 11:00,36.93,0.22,18.41,Furniture,Online,Not Returned,High,1144.83,VIP
704111,Wireless Mouse,46,2020-11-12 15:00,71.53,0.29,6.15,Furniture,Online,Not Returned,Low,3290.38,VIP
518641,Wireless Mouse,46,2020-11-13 02:00,47.27,0.17,16.58,Furniture,In-store,Not Returned,Medium,2174.42,VIP
747534,Blue Pen,35,2020-11-13 03:00,54.45,0.46,22.54,Furniture,In-store,Not Returned,Low,1905.75,VIP
694507,Notebook,37,2020-11-13 11:00,79.37,0.27,29.49,Furniture,Online,Not Returned,High,2936.69,VIP
462232,Wall Clock,34,2020-11-13 15:00,44.57,0.21,21.31,Furniture,Online,Not Returned,Low,1515.38,VIP
507137,Headphones,45,2020-11-15 02:00,87.25,0.47,14.18,Furniture,In-store,Not Returned,Medium,3926.25,VIP
302210,Wireless Mouse,45,2020-11-15 04:00,30.35,0.26,7.22,Furniture,In-store,Not Returned,Low,1365.75,VIP
445430,Wall Clock,33,2020-11-15 09:00,48.59,0.47,16.04,Furniture,Online,Not Returned,High,1603.47,VIP
333462,Wall Clock,44,2020-11-15 22:00,97.02,0.48,5.64,Furniture,In-store,Not Returned,Low,4268.88,VIP
858678,USB Cable,49,2020-11-16 12:00,57.58,0.13,22.56,Furniture,In-store,Not Returned,Medium,2821.42,VIP
839667,Backpack,45,2020-11-17 12:00,94.81,0.31,16.27,Furniture,In-store,Not Returned,Low,4266.45,VIP
533950,Office Chair,24,2020-11-17 19:00,78.38,0.48,11.38,Furniture,In-store,Not Returned,High,1881.12,VIP
691451,Headphones,22,2020-11-18 07:00,64.2,0.35,13.87,Furniture,Online,Not Returned,Medium,1412.4,VIP
254536,White Mug,25,2020-11-18 10:00,48.44,0.01,12.56,Furniture,In-store,Not Returned,High,1211.0,VIP
947929,Office Chair,33,2020-11-18 13:00,74.72,0.06,8.66,Furniture,Online,Not Returned,High,2465.76,VIP
931633,Headphones,24,2020-11-19 06:00,55.32,0.1,20.22,Furniture,In-store,Not Returned,Low,1327.68,VIP
500565,Notebook,36,2020-11-20 05:00,86.26,0.29,13.45,Furniture,In-store,Returned,Low,3105.36,VIP
399488,Desk Lamp,29,2020-11-20 11:00,78.58,0.33,12.48,Furniture,In-store,Not Returned,Medium,2278.82,VIP
331444,Backpack,47,2020-11-20 21:00,32.49,0.3,21.47,Furniture,In-store,Not Returned,High,1527.0300000000002,VIP
647571,Wireless Mouse,44,2020-11-21 06:00,32.4,0.37,9.58,Furniture,In-store,Not Returned,Medium,1425.6,VIP
237080,Office Chair,20,2020-11-22 02:00,57.09,0.25,19.93,Furniture,In-store,Returned,Low,1141.8000000000002,VIP
532206,USB Cable,32,2020-11-22 06:00,54.72,0.04,26.34,Furniture,Online,Not Returned,High,1751.04,VIP
528556,Desk Lamp,12,2020-11-22 11:00,97.67,0.37,10.41,Furniture,Online,Not Returned,Low,1172.04,VIP
629321,Wireless Mouse,26,2020-11-22 13:00,88.71,0.16,24.15,Furniture,Online,Returned,Medium,2306.46,VIP
477972,White Mug,16,2020-11-23 02:00,70.64,0.32,24.79,Furniture,Online,Not Returned,Low,1130.24,VIP
733316,Desk Lamp,47,2020-11-23 05:00,94.59,0.32,26.22,Furniture,In-store,Not Returned,High,4445.7300000000005,VIP
975817,Backpack,23,2020-11-23 07:00,59.84,0.31,13.75,Furniture,In-store,Not Returned,High,1376.3200000000002,VIP
102795,White Mug,33,2020-11-24 09:00,61.78,0.42,17.03,Furniture,In-store,Not Returned,Medium,2038.74,VIP
538480,T-shirt,28,2020-11-24 11:00,46.39,0.43,19.79,Furniture,Online,Not Returned,High,1298.92,VIP
232201,Backpack,12,2020-11-24 19:00,92.76,0.24,8.14,Furniture,In-store,Not Returned,Low,1113.12,VIP
144130,White Mug,40,2020-11-25 00:00,86.35,0.47,7.12,Furniture,Online,Not Returned,Low,3454.0,VIP
323034,Desk Lamp,25,2020-11-25 08:00,48.13,0.26,22.62,Furniture,In-store,Not Returned,Low,1203.25,VIP
644061,T-shirt,38,2020-11-25 11:00,53.33,0.15,11.37,Furniture,In-store,Not Returned,High,2026.54,VIP
168968,Wireless Mouse,14,2020-11-25 15:00,92.39,0.18,6.39,Furniture,In-store,Not Returned,High,1293.46,VIP
853624,Wall Clock,42,2020-11-26 05:00,82.84,0.22,11.63,Furniture,In-store,Not Returned,Medium,3479.28,VIP
319730,Backpack,44,2020-11-26 15:00,75.0,0.11,23.75,Furniture,Online,Not Returned,High,3300.0,VIP
696861,Wall Clock,43,2020-11-27 15:00,69.97,0.49,7.91,Furniture,In-store,Not Returned,High,3008.71,VIP
215375,Desk Lamp,46,2020-11-28 00:00,61.81,0.01,25.25,Furniture,In-store,Not Returned,Medium,2843.26,VIP
598909,Headphones,40,2020-11-28 05:00,37.15,0.17,17.67,Furniture,In-store,Not Returned,High,1486.0,VIP
604515,Office Chair,18,2020-11-28 20:00,74.63,0.32,15.72,Furniture,Online,Not Returned,High,1343.34,VIP
675194,Backpack,37,2020-11-29 03:00,91.76,0.12,18.5,Furniture,In-store,Not Returned,High,3395.1200000000003,VIP
174694,Notebook,48,2020-11-29 05:00,22.48,0.46,9.39,Furniture,In-store,Not Returned,Low,1079.04,VIP
955126,Wireless Mouse,18,2020-11-29 07:00,85.01,0.22,5.46,Furniture,Online,Not Returned,High,1530.18,VIP
111516,Blue Pen,27,2020-11-30 08:00,38.65,0.38,18.44,Furniture,In-store,Not Returned,Medium,1043.55,VIP
798614,Blue Pen,24,2020-12-01 04:00,89.25,0.49,26.98,Furniture,Online,Not Returned,High,2142.0,VIP
584607,Backpack,19,2020-12-01 17:00,68.65,0.2,15.1,Furniture,Online,Not Returned,High,1304.35,VIP
907461,Wireless Mouse,29,2020-12-02 10:00,96.48,0.33,27.5,Furniture,Online,Not Returned,Low,2797.92,VIP
769986,USB Cable,13,2020-12-03 02:00,89.58,0.21,9.46,Furniture,In-store,Not Returned,Low,1164.54,VIP
987935,Office Chair,42,2020-12-03 06:00,80.23,0.49,28.53,Furniture,In-store,Not Returned,Medium,3369.6600000000003,VIP
451300,Office Chair,43,2020-12-04 00:00,26.18,0.16,7.64,Furniture,In-store,Not Returned,High,1125.74,VIP
752158,Notebook,35,2020-12-05 02:00,41.8,0.2,14.37,Furniture,In-store,Returned,High,1463.0,VIP
570455,Backpack,36,2020-12-06 03:00,89.38,0.46,23.97,Furniture,In-store,Not Returned,Medium,3217.68,VIP
332117,Blue Pen,22,2020-12-06 05:00,81.66,0.11,17.89,Furniture,In-store,Not Returned,High,1796.52,VIP
493444,USB Cable,44,2020-12-06 08:00,81.03,0.03,22.8,Furniture,Online,Not Returned,Medium,3565.32,VIP
313286,Backpack,22,2020-12-06 09:00,77.65,0.43,5.95,Furniture,In-store,Not Returned,High,1708.3000000000002,VIP
272857,Wall Clock,-45,2020-12-06 18:00,-39.49,1.6133234357252144,,Furniture,In-store,Not Returned,Medium,1777.0500000000002,VIP
954378,Headphones,49,2020-12-07 12:00,31.77,0.37,26.16,Furniture,Online,Not Returned,Low,1556.73,VIP
617965,Desk Lamp,44,2020-12-07 14:00,86.31,0.41,17.21,Furniture,Online,Not Returned,Medium,3797.64,VIP
789995,USB Cable,23,2020-12-07 18:00,87.18,0.2,9.99,Furniture,Online,Not Returned,Medium,2005.14,VIP
663159,Blue Pen,35,2020-12-08 02:00,98.53,0.41,6.65,Furniture,Online,Not Returned,Low,3448.55,VIP
293946,Desk Lamp,35,2020-12-08 03:00,93.36,0.03,5.99,Furniture,In-store,Not Returned,Low,3267.6,VIP
834172,T-shirt,42,2020-12-08 20:00,51.91,0.48,26.76,Furniture,In-store,Returned,Low,2180.22,VIP
209779,Notebook,39,2020-12-08 23:00,27.89,0.0,12.87,Furniture,In-store,Returned,Low,1087.71,VIP
856265,White Mug,34,2020-12-09 04:00,94.88,0.32,28.77,Furniture,In-store,Returned,Medium,3225.92,VIP
823055,Desk Lamp,20,2020-12-09 08:00,98.2,0.05,13.31,Furniture,Online,Not Returned,High,1964.0,VIP
428910,T-shirt,-32,2020-12-09 15:00,-33.96,1.3832207636963116,,Furniture,Online,Not Returned,Medium,1086.72,VIP
640850,Notebook,40,2020-12-10 10:00,76.56,0.43,20.58,Furniture,In-store,Not Returned,Low,3062.4,VIP
365039,Wall Clock,48,2020-12-10 22:00,70.69,0.42,22.38,Furniture,Online,Not Returned,Medium,3393.12,VIP
871152,Wireless Mouse,17,2020-12-11 23:00,62.61,0.48,26.22,Furniture,Online,Not Returned,High,1064.37,VIP
786290,Backpack,27,2020-12-12 11:00,79.09,0.26,12.51,Furniture,In-store,Not Returned,Medium,2135.4300000000003,VIP
170934,Wall Clock,29,2020-12-12 16:00,98.42,0.43,7.37,Furniture,Online,Not Returned,Low,2854.18,VIP
210776,Blue Pen,26,2020-12-13 08:00,72.48,0.03,27.29,Furniture,Online,Returned,Low,1884.48,VIP
103114,Desk Lamp,24,2020-12-14 14:00,98.35,0.47,5.49,Furniture,Online,Not Returned,Low,2360.4,VIP
851331,Blue Pen,49,2020-12-15 04:00,65.87,0.08,14.8,Furniture,Online,Not Returned,Medium,3227.63,VIP
947374,Wireless Mouse,31,2020-12-15 19:00,55.51,0.4,14.87,Furniture,Online,Not Returned,High,1720.81,VIP
292319,Office Chair,45,2020-12-15 23:00,46.38,0.28,29.1,Furniture,In-store,Not Returned,Medium,2087.1,VIP
300173,Desk Lamp,19,2020-12-16 00:00,80.06,0.22,7.43,Furniture,Online,Not Returned,Medium,1521.14,VIP
601946,Blue Pen,48,2020-12-16 01:00,36.54,0.07,23.62,Furniture,Online,Returned,Medium,1753.92,VIP
974609,Headphones,31,2020-12-16 05:00,42.84,0.13,13.46,Furniture,In-store,Not Returned,High,1328.0400000000002,VIP
238454,Office Chair,42,2020-12-16 10:00,35.33,0.2,22.65,Furniture,Online,Not Returned,Low,1483.86,VIP
913592,Headphones,47,2020-12-16 19:00,85.74,0.2,28.29,Furniture,Online,Not Returned,Low,4029.78,VIP
444407,USB Cable,38,2020-12-17 03:00,47.61,0.34,21.92,Furniture,Online,Not Returned,Medium,1809.18,VIP
786736,Notebook,36,2020-12-17 08:00,53.66,0.21,14.59,Furniture,In-store,Not Returned,High,1931.76,VIP
785328,Desk Lamp,19,2020-12-17 20:00,76.51,0.47,5.78,Furniture,Online,Not Returned,Medium,1453.69,VIP
964950,Notebook,41,2020-12-18 05:00,39.75,0.38,23.94,Furniture,Online,Not Returned,Low,1629.75,VIP
707132,T-shirt,36,2020-12-18 06:00,66.52,0.21,26.2,Furniture,In-store,Not Returned,Medium,2394.72,VIP
678963,White Mug,36,2020-12-19 01:00,43.96,0.29,16.22,Furniture,Online,Not Returned,Low,1582.56,VIP
563120,Wall Clock,47,2020-12-20 06:00,24.67,0.25,9.19,Furniture,In-store,Not Returned,Medium,1159.49,VIP
309755,USB Cable,37,2020-12-21 16:00,79.07,0.05,17.74,Furniture,Online,Not Returned,Medium,2925.59,VIP
703471,Wireless Mouse,29,2020-12-21 19:00,65.21,0.45,25.07,Furniture,Online,Returned,High,1891.09,VIP
575859,Desk Lamp,26,2020-12-22 07:00,98.42,0.1,19.43,Furniture,Online,Not Returned,Low,2558.92,VIP
111549,Notebook,24,2020-12-22 16:00,43.37,0.12,15.29,Furniture,Online,Not Returned,Low,1040.88,VIP
827963,Backpack,-34,2020-12-23 02:00,-92.5,1.597708286974839,,Furniture,In-store,Not Returned,Medium,3145.0,VIP
882119,White Mug,36,2020-12-23 19:00,46.88,0.31,9.34,Furniture,Online,Not Returned,High,1687.68,VIP
435949,Backpack,21,2020-12-23 22:00,61.13,0.01,18.62,Furniture,Online,Not Returned,Medium,1283.73,VIP
301798,Headphones,19,2020-12-24 18:00,89.84,0.11,18.02,Furniture,Online,Not Returned,High,1706.96,VIP
253956,White Mug,35,2020-12-25 02:00,84.94,0.04,29.89,Furniture,In-store,Not Returned,Low,2972.9,VIP
860330,White Mug,39,2020-12-25 07:00,47.59,0.46,11.4,Furniture,In-store,Not Returned,Low,1856.01,VIP
870519,USB Cable,41,2020-12-26 02:00,85.64,0.1,10.77,Furniture,Online,Not Returned,Low,3511.24,VIP
129709,Wall Clock,19,2020-12-26 06:00,54.66,0.2,7.28,Furniture,In-store,Returned,Medium,1038.54,VIP
275037,Office Chair,23,2020-12-26 17:00,83.3,0.23,12.1,Furniture,In-store,Not Returned,Medium,1915.9,VIP
496419,Office Chair,26,2020-12-27 05:00,91.08,0.15,25.59,Furniture,In-store,Not Returned,High,2368.08,VIP
495460,USB Cable,38,2020-12-27 07:00,26.33,0.21,28.05,Furniture,Online,Not Returned,Low,1000.54,VIP
430763,Notebook,41,2020-12-27 09:00,72.36,0.38,22.22,Furniture,Online,Not Returned,High,2966.76,VIP
558168,Backpack,28,2020-12-27 19:00,82.88,0.39,26.98,Furniture,In-store,Not Returned,Low,2320.64,VIP
607173,T-shirt,47,2020-12-29 17:00,97.06,0.48,29.62,Furniture,In-store,Not Returned,Low,4561.82,VIP
417231,Headphones,49,2020-12-30 16:00,32.7,0.15,18.17,Furniture,Online,Returned,Low,1602.3000000000002,VIP
911032,White Mug,11,2020-12-31 00:00,91.31,0.32,28.44,Furniture,In-store,Not Returned,Low,1004.41,VIP
990936,Headphones,32,2020-12-31 04:00,62.4,0.34,8.95,Furniture,In-store,Not Returned,Low,1996.8,VIP
141139,Office Chair,26,2020-12-31 05:00,39.61,0.42,8.43,Furniture,Online,Not Returned,Medium,1029.86,VIP
911350,Wireless Mouse,39,2021-01-01 09:00,64.85,0.24,8.86,Furniture,Online,Not Returned,Medium,2529.15,VIP
597873,Wireless Mouse,48,2021-01-01 23:00,45.33,0.38,7.46,Furniture,In-store,Not Returned,High,2175.84,VIP
919745,Wireless Mouse,44,2021-01-02 11:00,36.54,0.01,5.14,Furniture,Online,Not Returned,Medium,1607.76,VIP
783189,Office Chair,23,2021-01-02 21:00,75.31,0.04,7.5,Furniture,Online,Not Returned,Low,1732.13,VIP
684570,Headphones,14,2021-01-03 02:00,74.05,0.49,29.05,Furniture,Online,Not Returned,Low,1036.7,VIP
137860,Office Chair,48,2021-01-03 16:00,61.69,0.14,10.5,Furniture,Online,Not Returned,Medium,2961.12,VIP
302630,Office Chair,48,2021-01-03 17:00,85.42,0.18,13.01,Furniture,Online,Not Returned,Low,4100.16,VIP
695983,Wireless Mouse,44,2021-01-03 21:00,96.06,0.03,22.33,Furniture,Online,Not Returned,Medium,4226.64,VIP
353078,Notebook,38,2021-01-03 22:00,58.51,0.19,24.93,Furniture,In-store,Not Returned,Low,2223.38,VIP
100654,Office Chair,40,2021-01-04 12:00,78.1,0.22,6.55,Furniture,In-store,Not Returned,Medium,3124.0,VIP
680222,Desk Lamp,44,2021-01-04 15:00,94.71,0.25,8.33,Furniture,Online,Not Returned,High,4167.24,VIP
727751,Headphones,41,2021-01-04 17:00,55.62,0.37,23.6,Furniture,Online,Not Returned,Low,2280.42,VIP
974506,Wireless Mouse,16,2021-01-05 04:00,64.64,0.5,26.82,Furniture,Online,Not Returned,Medium,1034.24,VIP
602716,Wall Clock,38,2021-01-05 06:00,27.11,0.39,19.2,Furniture,In-store,Not Returned,Low,1030.18,VIP
286720,USB Cable,34,2021-01-06 06:00,75.36,0.41,22.78,Furniture,In-store,Not Returned,Medium,2562.24,VIP
257403,T-shirt,37,2021-01-06 07:00,59.79,0.39,19.83,Furniture,In-store,Not Returned,Medium,2212.23,VIP
497595,Office Chair,29,2021-01-06 13:00,42.81,0.09,5.97,Furniture,Online,Returned,High,1241.49,VIP
782465,White Mug,22,2021-01-06 16:00,95.32,0.25,14.59,Furniture,Online,Not Returned,Low,2097.04,VIP
803713,White Mug,22,2021-01-06 18:00,52.0,0.07,10.14,Furniture,Online,Not Returned,Low,1144.0,VIP
928457,Desk Lamp,-34,2021-01-07 03:00,-34.12,1.3691901399458617,,Furniture,In-store,Not Returned,Low,1160.08,VIP
960380,Wireless Mouse,38,2021-01-07 19:00,45.1,0.2,18.47,Furniture,Online,Not Returned,Low,1713.8,VIP
399189,Wall Clock,33,2021-01-07 21:00,74.79,0.4,19.78,Furniture,In-store,Not Returned,Low,2468.07,VIP
453699,Wall Clock,32,2021-01-08 12:00,48.3,0.06,8.74,Furniture,In-store,Returned,Medium,1545.6,VIP
739548,Blue Pen,34,2021-01-08 14:00,65.7,0.4,26.26,Furniture,In-store,Not Returned,Medium,2233.8,VIP
287646,Notebook,39,2021-01-09 03:00,45.72,0.31,11.47,Furniture,In-store,Not Returned,High,1783.08,VIP
879105,USB Cable,49,2021-01-09 11:00,20.98,0.24,29.4,Furniture,In-store,Not Returned,High,1028.02,VIP
361849,Headphones,48,2021-01-09 15:00,42.3,0.4,5.78,Furniture,Online,Not Returned,High,2030.4,VIP
353017,T-shirt,44,2021-01-10 01:00,73.18,0.5,13.95,Furniture,In-store,Not Returned,High,3219.92,VIP
701648,T-shirt,37,2021-01-10 14:00,70.02,0.12,29.83,Furniture,Online,Not Returned,High,2590.74,VIP
399479,Notebook,36,2021-01-10 15:00,80.45,0.1,5.34,Furniture,In-store,Not Returned,High,2896.2000000000003,VIP
233501,T-shirt,36,2021-01-10 17:00,36.13,0.35,27.08,Furniture,Online,Not Returned,Medium,1300.68,VIP
823503,Office Chair,22,2021-01-10 23:00,88.14,0.2,24.85,Furniture,In-store,Not Returned,Medium,1939.08,VIP
377483,White Mug,33,2021-01-11 16:00,69.93,0.4,13.35,Furniture,In-store,Not Returned,Medium,2307.69,VIP
930547,Notebook,30,2021-01-12 14:00,46.4,0.43,5.57,Furniture,In-store,Not Returned,Medium,1392.0,VIP
811323,Headphones,31,2021-01-12 17:00,49.72,0.47,22.64,Furniture,Online,Returned,High,1541.32,VIP
467508,USB Cable,49,2021-01-12 20:00,86.57,0.03,26.59,Furniture,In-store,Returned,Medium,4241.929999999999,VIP
923628,Wireless Mouse,40,2021-01-13 01:00,94.22,0.36,14.82,Furniture,Online,Not Returned,Medium,3768.8,VIP
679789,Wireless Mouse,43,2021-01-13 05:00,56.72,0.23,28.56,Furniture,In-store,Not Returned,Medium,2438.96,VIP
827467,Wireless Mouse,30,2021-01-13 15:00,49.46,0.04,24.86,Furniture,Online,Not Returned,High,1483.8,VIP
366294,Desk Lamp,38,2021-01-13 19:00,68.47,0.45,11.43,Furniture,In-store,Not Returned,High,2601.86,VIP
435834,White Mug,37,2021-01-14 06:00,45.67,0.04,24.25,Furniture,Online,Not Returned,Low,1689.79,VIP
103626,Headphones,49,2021-01-15 13:00,28.81,0.14,21.97,Furniture,In-store,Not Returned,Low,1411.6899999999998,VIP
595395,Office Chair,41,2021-01-15 15:00,57.96,0.47,9.29,Furniture,Online,Not Returned,High,2376.36,VIP
354043,Office Chair,19,2021-01-16 02:00,69.56,0.08,20.06,Furniture,Online,Not Returned,Medium,1321.64,VIP
210084,USB Cable,40,2021-01-16 13:00,38.32,0.28,6.3,Furniture,In-store,Not Returned,High,1532.8,VIP
445876,USB Cable,49,2021-01-16 14:00,35.05,0.03,12.63,Furniture,In-store,Not Returned,Low,1717.4499999999998,VIP
191288,USB Cable,22,2021-01-17 04:00,87.03,0.1,23.2,Furniture,In-store,Not Returned,High,1914.66,VIP
687073,USB Cable,27,2021-01-18 01:00,40.05,0.27,10.64,Furniture,In-store,Not Returned,Medium,1081.35,VIP
256688,Office Chair,40,2021-01-18 12:00,49.04,0.27,12.83,Furniture,In-store,Not Returned,Medium,1961.6,VIP
131556,Wireless Mouse,11,2021-01-18 20:00,92.22,0.04,5.38,Furniture,Online,Not Returned,Low,1014.42,VIP
268733,Office Chair,44,2021-01-19 23:00,72.15,0.1,9.97,Furniture,In-store,Not Returned,High,3174.6000000000004,VIP
119156,Blue Pen,35,2021-01-20 20:00,98.36,0.27,11.87,Furniture,In-store,Not Returned,Low,3442.6,VIP
773289,Blue Pen,45,2021-01-21 00:00,43.88,0.19,23.12,Furniture,Online,Not Returned,High,1974.6,VIP
559822,Wall Clock,26,2021-01-21 01:00,60.54,0.47,12.08,Furniture,In-store,Returned,Low,1574.04,VIP
245338,USB Cable,33,2021-01-22 05:00,65.84,0.21,20.63,Furniture,Online,Not Returned,High,2172.7200000000003,VIP
524429,Backpack,44,2021-01-22 10:00,72.48,0.25,17.23,Furniture,Online,Not Returned,Medium,3189.1200000000003,VIP
258998,Headphones,37,2021-01-23 04:00,31.78,0.34,9.46,Furniture,Online,Not Returned,Low,1175.86,VIP
345847,Headphones,21,2021-01-23 09:00,88.46,0.38,12.66,Furniture,Online,Not Returned,Medium,1857.66,VIP
974168,Wireless Mouse,-21,2021-01-23 12:00,-73.9,1.8892831205235583,,Furniture,In-store,Not Returned,Medium,1551.9,VIP
246025,Backpack,48,2021-01-23 15:00,92.12,0.45,27.92,Furniture,In-store,Not Returned,Medium,4421.76,VIP
859940,Backpack,26,2021-01-23 16:00,88.18,0.34,7.59,Furniture,In-store,Not Returned,Medium,2292.6800000000003,VIP
768779,USB Cable,35,2021-01-24 03:00,44.42,0.16,10.6,Furniture,In-store,Not Returned,Low,1554.7,VIP
727907,Blue Pen,24,2021-01-24 06:00,70.69,0.45,25.45,Furniture,Online,Returned,High,1696.56,VIP
351842,Wireless Mouse,36,2021-01-25 10:00,83.69,0.19,29.89,Furniture,In-store,Not Returned,High,3012.84,VIP
693411,Wall Clock,44,2021-01-26 15:00,64.56,0.27,29.63,Furniture,In-store,Not Returned,High,2840.6400000000003,VIP
486791,Notebook,43,2021-01-27 15:00,75.34,0.41,23.13,Furniture,Online,Not Returned,High,3239.6200000000003,VIP
194202,Office Chair,49,2021-01-28 02:00,32.23,0.05,18.29,Furniture,Online,Not Returned,Medium,1579.2699999999998,VIP
425188,White Mug,15,2021-01-28 12:00,73.74,0.47,7.69,Furniture,In-store,Not Returned,High,1106.1,VIP
373958,T-shirt,39,2021-01-28 14:00,58.96,0.03,22.55,Furniture,In-store,Not Returned,Medium,2299.44,VIP
995668,Blue Pen,23,2021-01-28 18:00,79.91,0.37,25.42,Furniture,Online,Not Returned,High,1837.93,VIP
361176,Backpack,37,2021-01-29 00:00,43.03,0.26,15.23,Furniture,In-store,Not Returned,Medium,1592.11,VIP
629954,Notebook,40,2021-01-29 06:00,36.07,0.01,29.38,Furniture,In-store,Not Returned,High,1442.8,VIP
340056,T-shirt,14,2021-01-30 03:00,79.65,0.15,9.09,Furniture,In-store,Not Returned,Low,1115.1,VIP
153997,Wall Clock,47,2021-01-30 14:00,99.99,0.46,10.27,Furniture,Online,Returned,Medium,4699.53,VIP
670993,Desk Lamp,49,2021-01-31 06:00,65.35,0.25,7.74,Furniture,In-store,Not Returned,Low,3202.15,VIP
637691,Blue Pen,34,2021-02-01 14:00,30.9,0.31,19.14,Furniture,In-store,Not Returned,Low,1050.6,VIP
458234,Backpack,-17,2021-02-01 21:00,-89.08,0.05,,Furniture,Online,Not Returned,High,1514.36,VIP
496601,White Mug,29,2021-02-01 23:00,64.39,0.23,12.43,Furniture,Online,Not Returned,Medium,1867.31,VIP
876684,USB Cable,48,2021-02-02 00:00,43.96,0.02,17.13,Furniture,In-store,Not Returned,Medium,2110.08,VIP
518779,Backpack,31,2021-02-02 08:00,94.72,0.47,19.36,Furniture,In-store,Returned,Medium,2936.32,VIP
395135,Office Chair,23,2021-02-02 12:00,71.27,0.36,5.4,Furniture,In-store,Not Returned,Low,1639.2099999999998,VIP
757253,USB Cable,43,2021-02-03 07:00,70.74,0.48,11.91,Furniture,In-store,Not Returned,Low,3041.82,VIP
138090,Wireless Mouse,17,2021-02-03 09:00,96.71,0.49,19.35,Furniture,Online,Not Returned,Medium,1644.07,VIP
505377,White Mug,40,2021-02-04 10:00,82.99,0.48,29.77,Furniture,In-store,Not Returned,High,3319.6,VIP
816284,Wall Clock,48,2021-02-04 13:00,65.21,0.27,15.18,Furniture,Online,Not Returned,Low,3130.08,VIP
837781,USB Cable,23,2021-02-05 02:00,69.03,0.31,14.06,Furniture,In-store,Not Returned,High,1587.69,VIP
461417,Office Chair,47,2021-02-05 10:00,49.54,0.16,22.34,Furniture,In-store,Not Returned,Medium,2328.38,VIP
907182,Headphones,20,2021-02-05 21:00,72.25,0.43,15.04,Furniture,Online,Not Returned,Medium,1445.0,VIP
143162,Notebook,42,2021-02-06 12:00,49.39,0.05,22.17,Furniture,In-store,Not Returned,High,2074.38,VIP
226150,Wireless Mouse,46,2021-02-07 00:00,73.89,0.06,10.42,Furniture,Online,Not Returned,Medium,3398.94,VIP
573919,T-shirt,37,2021-02-07 01:00,71.48,0.16,15.9,Furniture,In-store,Not Returned,Medium,2644.76,VIP
451060,Notebook,39,2021-02-07 07:00,46.19,0.38,21.38,Furniture,Online,Returned,Medium,1801.41,VIP
335161,Headphones,31,2021-02-07 21:00,80.5,0.18,17.59,Furniture,Online,Not Returned,High,2495.5,VIP
740816,Blue Pen,13,2021-02-09 03:00,94.59,0.47,7.48,Furniture,In-store,Not Returned,High,1229.67,VIP
846716,Wireless Mouse,49,2021-02-09 08:00,83.71,0.15,7.76,Furniture,In-store,Not Returned,Medium,4101.79,VIP
881700,Backpack,15,2021-02-09 09:00,69.3,0.14,13.27,Furniture,In-store,Not Returned,Low,1039.5,VIP
610874,Office Chair,12,2021-02-09 21:00,89.22,0.46,29.66,Furniture,Online,Not Returned,Low,1070.64,VIP
521863,Backpack,39,2021-02-11 23:00,59.76,0.23,19.31,Furniture,In-store,Not Returned,High,2330.64,VIP
349402,Desk Lamp,-37,2021-02-12 01:00,-78.52,1.5810578309312586,,Furniture,In-store,Not Returned,High,2905.24,VIP
462544,T-shirt,29,2021-02-13 08:00,47.94,0.05,27.62,Furniture,Online,Not Returned,Medium,1390.26,VIP
247631,Wall Clock,40,2021-02-13 12:00,68.0,0.4,22.1,Furniture,Online,Returned,High,2720.0,VIP
291812,Blue Pen,45,2021-02-14 15:00,31.15,0.11,8.15,Furniture,Online,Not Returned,Medium,1401.75,VIP
608522,White Mug,15,2021-02-14 19:00,83.03,0.33,18.74,Furniture,Online,Not Returned,Medium,1245.45,VIP
359427,Blue Pen,37,2021-02-15 00:00,73.6,0.13,9.79,Furniture,Online,Not Returned,Medium,2723.2,VIP
697457,Blue Pen,33,2021-02-15 06:00,91.47,0.04,21.92,Furniture,In-store,Returned,Medium,3018.51,VIP
494798,T-shirt,31,2021-02-15 18:00,98.01,0.37,16.54,Furniture,Online,Not Returned,High,3038.31,VIP
942288,Wall Clock,26,2021-02-16 04:00,82.79,0.37,18.91,Furniture,Online,Not Returned,High,2152.54,VIP
766470,Wireless Mouse,42,2021-02-16 12:00,30.26,0.19,21.42,Furniture,Online,Not Returned,High,1270.92,VIP
547875,Notebook,49,2021-02-16 21:00,21.47,0.25,26.39,Furniture,In-store,Not Returned,High,1052.03,VIP
294716,T-shirt,21,2021-02-18 05:00,54.39,0.37,22.1,Furniture,In-store,Returned,Medium,1142.19,VIP
508294,Office Chair,48,2021-02-20 18:00,62.76,0.25,16.67,Furniture,In-store,Not Returned,High,3012.48,VIP
101468,USB Cable,31,2021-02-20 23:00,37.01,0.03,26.41,Furniture,Online,Not Returned,Low,1147.31,VIP
172255,Backpack,41,2021-02-21 01:00,80.18,0.3,17.13,Furniture,In-store,Not Returned,Medium,3287.38,VIP
882366,Desk Lamp,34,2021-02-21 02:00,32.65,0.36,29.63,Furniture,In-store,Not Returned,Medium,1110.1,VIP
887199,USB Cable,38,2021-02-21 13:00,61.1,0.21,8.25,Furniture,In-store,Not Returned,Low,2321.8,VIP
508548,Wall Clock,26,2021-02-21 18:00,66.11,0.16,16.72,Furniture,Online,Not Returned,Low,1718.86,VIP
804824,Wireless Mouse,32,2021-02-22 03:00,99.97,0.4,23.65,Furniture,In-store,Not Returned,Low,3199.04,VIP
342113,T-shirt,30,2021-02-22 16:00,35.95,0.47,5.09,Furniture,In-store,Not Returned,High,1078.5,VIP
359425,T-shirt,36,2021-02-22 19:00,54.02,0.37,24.25,Furniture,Online,Not Returned,Medium,1944.72,VIP
400589,Desk Lamp,26,2021-02-23 01:00,45.48,0.34,25.26,Furniture,Online,Returned,Medium,1182.48,VIP
741404,Notebook,28,2021-02-23 08:00,97.53,0.39,20.1,Furniture,In-store,Not Returned,High,2730.84,VIP
929311,Wireless Mouse,19,2021-02-24 10:00,54.49,0.26,24.62,Furniture,Online,Not Returned,Low,1035.31,VIP
140736,USB Cable,38,2021-02-24 17:00,91.53,0.47,12.35,Furniture,Online,Returned,Medium,3478.14,VIP
865644,Notebook,41,2021-02-25 23:00,25.59,0.33,10.66,Furniture,In-store,Not Returned,Medium,1049.19,VIP
134160,Wireless Mouse,32,2021-02-26 07:00,99.2,0.1,15.54,Furniture,In-store,Not Returned,Medium,3174.4,VIP
969029,Wall Clock,33,2021-02-26 11:00,49.54,0.04,6.92,Furniture,In-store,Not Returned,Low,1634.82,VIP
940125,Headphones,25,2021-02-26 22:00,58.57,0.15,24.82,Furniture,Online,Not Returned,High,1464.25,VIP
116984,Wireless Mouse,35,2021-02-27 13:00,35.91,0.15,24.03,Furniture,Online,Not Returned,Medium,1256.85,VIP
453153,Wireless Mouse,45,2021-02-27 23:00,64.78,0.01,11.81,Furniture,In-store,Not Returned,Low,2915.1,VIP
775025,Desk Lamp,16,2021-02-28 13:00,86.64,0.05,10.65,Furniture,Online,Not Returned,Medium,1386.24,VIP
670819,Desk Lamp,21,2021-02-28 22:00,64.38,0.12,5.78,Furniture,In-store,Not Returned,Medium,1351.98,VIP
616394,T-shirt,26,2021-03-01 21:00,86.1,0.42,11.64,Furniture,Online,Not Returned,Medium,2238.6,VIP
649633,Office Chair,34,2021-03-02 04:00,50.33,0.35,22.62,Furniture,In-store,Not Returned,Medium,1711.22,VIP
421701,Backpack,15,2021-03-02 08:00,84.7,0.3,19.87,Furniture,Online,Not Returned,Low,1270.5,VIP
181199,Backpack,34,2021-03-02 15:00,87.53,0.25,25.45,Furniture,Online,Not Returned,Medium,2976.02,VIP
442873,T-shirt,49,2021-03-02 19:00,26.83,0.07,13.66,Furniture,In-store,Returned,Low,1314.6699999999998,VIP
719256,USB Cable,39,2021-03-03 00:00,49.74,0.17,27.43,Furniture,Online,Returned,Medium,1939.86,VIP
236260,Office Chair,39,2021-03-04 00:00,81.98,0.23,10.74,Furniture,In-store,Not Returned,Medium,3197.2200000000003,VIP
630084,Headphones,28,2021-03-04 09:00,92.31,0.19,10.15,Furniture,In-store,Returned,High,2584.6800000000003,VIP
501339,Wireless Mouse,42,2021-03-04 12:00,92.07,0.1,25.05,Furniture,Online,Not Returned,Medium,3866.94,VIP
854534,Notebook,35,2021-03-04 20:00,30.91,0.11,10.8,Furniture,In-store,Not Returned,Low,1081.85,VIP
910238,Desk Lamp,34,2021-03-05 05:00,76.8,0.3,24.57,Furniture,In-store,Not Returned,Medium,2611.2,VIP
923333,Wall Clock,40,2021-03-05 07:00,92.81,0.02,29.86,Furniture,Online,Not Returned,Medium,3712.4,VIP
510259,USB Cable,15,2021-03-05 08:00,90.41,0.09,25.14,Furniture,In-store,Not Returned,Medium,1356.15,VIP
300065,Notebook,40,2021-03-05 11:00,53.74,0.26,27.77,Furniture,Online,Returned,Medium,2149.6,VIP
152127,Wireless Mouse,12,2021-03-05 13:00,89.29,0.01,6.86,Furniture,In-store,Not Returned,Low,1071.48,VIP
207724,Office Chair,39,2021-03-06 08:00,64.77,0.42,10.91,Furniture,In-store,Not Returned,Low,2526.03,VIP
503923,Wall Clock,37,2021-03-06 13:00,37.4,0.02,8.69,Furniture,Online,Not Returned,High,1383.8,VIP
728935,Office Chair,48,2021-03-06 18:00,26.79,0.48,6.27,Furniture,Online,Not Returned,Low,1285.92,VIP
659319,T-shirt,40,2021-03-06 19:00,37.12,0.2,14.57,Furniture,Online,Not Returned,Medium,1484.8,VIP
165867,Wall Clock,25,2021-03-07 02:00,95.89,0.05,15.02,Furniture,Online,Not Returned,Low,2397.25,VIP
157196,Desk Lamp,17,2021-03-07 04:00,97.13,0.47,29.71,Furniture,Online,Returned,High,1651.21,VIP
697993,T-shirt,11,2021-03-07 05:00,94.55,0.34,20.1,Furniture,In-store,Not Returned,Low,1040.05,VIP
600653,Headphones,47,2021-03-07 08:00,23.99,0.15,28.43,Furniture,Online,Not Returned,Medium,1127.53,VIP
376735,Blue Pen,33,2021-03-07 09:00,81.67,0.48,14.74,Furniture,Online,Not Returned,Medium,2695.11,VIP
510609,Headphones,43,2021-03-07 22:00,70.37,0.23,13.23,Furniture,Online,Not Returned,Low,3025.9100000000003,VIP
869302,White Mug,20,2021-03-09 04:00,97.81,0.23,27.4,Furniture,In-store,Not Returned,Medium,1956.2,VIP
378026,T-shirt,17,2021-03-10 13:00,75.29,0.4,15.18,Furniture,Online,Returned,High,1279.93,VIP
779129,Backpack,29,2021-03-10 16:00,78.62,0.17,23.82,Furniture,Online,Not Returned,Medium,2279.98,VIP
437935,T-shirt,45,2021-03-11 02:00,62.94,0.07,11.52,Furniture,In-store,Not Returned,Low,2832.3,VIP
953415,Wall Clock,16,2021-03-11 03:00,77.74,0.33,29.13,Furniture,Online,Not Returned,High,1243.84,VIP
898385,T-shirt,32,2021-03-11 07:00,52.79,0.03,20.08,Furniture,Online,Not Returned,Low,1689.28,VIP
568255,Backpack,41,2021-03-11 12:00,32.62,0.13,14.12,Furniture,In-store,Not Returned,Medium,1337.4199999999998,VIP
352712,Notebook,48,2021-03-11 13:00,41.31,0.09,14.91,Furniture,In-store,Not Returned,Medium,1982.88,VIP
572032,Headphones,-48,2021-03-12 01:00,-91.2,0.34,,Furniture,Online,Returned,Low,4377.6,VIP
660309,T-shirt,45,2021-03-12 13:00,91.72,0.41,20.83,Furniture,Online,Not Returned,Low,4127.4,VIP
839945,Notebook,40,2021-03-12 21:00,63.36,0.45,25.23,Furniture,Online,Not Returned,Medium,2534.4,VIP
929151,USB Cable,23,2021-03-12 22:00,64.87,0.12,19.98,Furniture,In-store,Not Returned,Low,1492.0100000000002,VIP
573319,Notebook,41,2021-03-13 01:00,27.84,0.19,13.59,Furniture,Online,Not Returned,High,1141.44,VIP
234585,Office Chair,39,2021-03-13 03:00,50.98,0.4,25.87,Furniture,Online,Not Returned,Medium,1988.22,VIP
126393,Wireless Mouse,25,2021-03-13 15:00,85.97,0.4,10.95,Furniture,In-store,Not Returned,High,2149.25,VIP
974722,Notebook,26,2021-03-13 17:00,64.89,0.49,5.26,Furniture,In-store,Not Returned,Medium,1687.14,VIP
473994,T-shirt,17,2021-03-14 03:00,78.2,0.36,9.34,Furniture,Online,Not Returned,High,1329.4,VIP
178422,Wall Clock,20,2021-03-14 11:00,57.55,0.31,28.63,Furniture,Online,Not Returned,Low,1151.0,VIP
660027,Backpack,40,2021-03-15 11:00,89.85,0.16,26.93,Furniture,In-store,Not Returned,Medium,3594.0,VIP
502935,Wall Clock,47,2021-03-15 12:00,60.58,0.46,19.22,Furniture,Online,Returned,Medium,2847.26,VIP
108314,Wireless Mouse,31,2021-03-15 14:00,40.59,0.3,15.84,Furniture,In-store,Not Returned,Low,1258.2900000000002,VIP
718119,USB Cable,35,2021-03-15 15:00,71.22,0.5,9.06,Furniture,Online,Not Returned,Medium,2492.7,VIP
741462,T-shirt,41,2021-03-15 20:00,28.83,0.14,29.32,Furniture,In-store,Returned,Medium,1182.03,VIP
865387,Wall Clock,16,2021-03-16 08:00,71.86,0.12,12.38,Furniture,Online,Not Returned,Low,1149.76,VIP
272106,Wireless Mouse,47,2021-03-16 14:00,21.29,0.43,9.21,Furniture,Online,Not Returned,Medium,1000.63,VIP
897866,Backpack,37,2021-03-16 18:00,46.03,0.16,7.32,Furniture,Online,Not Returned,High,1703.11,VIP
158382,Blue Pen,18,2021-03-16 19:00,66.66,0.08,16.78,Furniture,Online,Not Returned,High,1199.88,VIP
103771,T-shirt,17,2021-03-17 00:00,96.37,0.44,13.16,Furniture,Online,Not Returned,Medium,1638.29,VIP
948689,Backpack,-49,2021-03-17 03:00,-53.17,1.7802199243051715,,Furniture,Online,Not Returned,Low,2605.33,VIP
878760,Blue Pen,39,2021-03-17 10:00,34.51,0.14,22.87,Furniture,Online,Not Returned,Medium,1345.89,VIP
579885,Wireless Mouse,45,2021-03-18 17:00,64.65,0.1,12.66,Furniture,Online,Not Returned,Low,2909.2500000000005,VIP
232385,Blue Pen,28,2021-03-19 05:00,47.28,0.12,13.83,Furniture,Online,Not Returned,Low,1323.84,VIP
241002,T-shirt,31,2021-03-19 07:00,32.74,0.48,21.92,Furniture,Online,Not Returned,Low,1014.94,VIP
247776,USB Cable,19,2021-03-19 11:00,57.4,0.44,14.29,Furniture,Online,Not Returned,Low,1090.6,VIP
913171,Wall Clock,34,2021-03-20 00:00,54.89,0.34,7.24,Furniture,In-store,Not Returned,Low,1866.26,VIP
752329,Notebook,47,2021-03-20 02:00,31.71,0.25,27.46,Furniture,Online,Not Returned,Low,1490.37,VIP
790641,Notebook,37,2021-03-20 07:00,32.0,0.05,27.13,Furniture,Online,Returned,Medium,1184.0,VIP
617473,Headphones,38,2021-03-20 22:00,48.62,0.45,19.0,Furniture,Online,Not Returned,High,1847.56,VIP
851943,Notebook,44,2021-03-21 00:00,93.72,0.46,17.61,Furniture,Online,Not Returned,Medium,4123.68,VIP
823879,Wall Clock,39,2021-03-21 10:00,59.13,0.05,11.72,Furniture,Online,Not Returned,Medium,2306.07,VIP
197469,Wall Clock,37,2021-03-21 13:00,68.56,0.26,19.75,Furniture,Online,Returned,Low,2536.7200000000003,VIP
537359,Wireless Mouse,19,2021-03-22 01:00,89.05,0.35,29.66,Furniture,In-store,Not Returned,Low,1691.95,VIP
601477,Wall Clock,23,2021-03-22 04:00,92.9,0.26,9.96,Furniture,In-store,Not Returned,Medium,2136.7000000000003,VIP
277129,T-shirt,23,2021-03-22 10:00,52.25,0.23,6.09,Furniture,Online,Returned,Medium,1201.75,VIP
767897,Desk Lamp,29,2021-03-22 11:00,90.08,0.49,25.08,Furniture,Online,Not Returned,High,2612.32,VIP
625122,Wireless Mouse,39,2021-03-22 17:00,93.98,0.46,20.1,Furniture,Online,Returned,Medium,3665.22,VIP
214897,USB Cable,-13,2021-03-23 07:00,-81.66,0.22,,Furniture,Online,Not Returned,Low,1061.58,VIP
216908,White Mug,32,2021-03-23 10:00,65.22,0.35,16.39,Furniture,Online,Not Returned,Medium,2087.04,VIP
487410,USB Cable,42,2021-03-24 14:00,92.14,0.21,12.48,Furniture,In-store,Not Returned,High,3869.88,VIP
760501,Headphones,43,2021-03-24 15:00,50.29,0.38,17.22,Furniture,Online,Not Returned,Medium,2162.47,VIP
275324,Blue Pen,39,2021-03-25 05:00,73.93,0.14,24.0,Furniture,Online,Not Returned,High,2883.2700000000004,VIP
263384,Headphones,25,2021-03-26 14:00,77.55,0.4,20.06,Furniture,In-store,Not Returned,Low,1938.75,VIP
704596,Headphones,38,2021-03-26 22:00,77.13,0.3,6.04,Furniture,Online,Not Returned,Low,2930.94,VIP
865523,White Mug,37,2021-03-27 00:00,35.73,0.34,25.54,Furniture,Online,Not Returned,Low,1322.01,VIP
309720,Wall Clock,34,2021-03-29 03:00,39.44,0.27,27.68,Furniture,Online,Not Returned,High,1340.96,VIP
221070,Blue Pen,37,2021-03-29 04:00,88.26,0.32,21.14,Furniture,Online,Not Returned,Medium,3265.6200000000003,VIP
811932,Backpack,17,2021-03-30 01:00,72.76,0.47,19.6,Furniture,Online,Not Returned,High,1236.92,VIP
473839,Wireless Mouse,17,2021-03-30 11:00,90.54,0.09,27.92,Furniture,Online,Not Returned,High,1539.18,VIP
267558,White Mug,23,2021-03-30 12:00,87.78,0.24,24.78,Furniture,In-store,Not Returned,High,2018.94,VIP
127197,T-shirt,29,2021-03-31 04:00,46.84,0.31,13.23,Furniture,Online,Not Returned,Medium,1358.36,VIP
587707,Wall Clock,28,2021-04-01 00:00,58.04,0.29,26.97,Furniture,In-store,Not Returned,High,1625.12,VIP
478226,White Mug,47,2021-04-02 04:00,44.17,0.22,11.29,Furniture,Online,Not Returned,High,2075.99,VIP
334975,USB Cable,33,2021-04-02 08:00,95.66,0.07,26.11,Furniture,In-store,Not Returned,High,3156.78,VIP
645648,Backpack,33,2021-04-03 10:00,70.18,0.27,18.55,Furniture,Online,Not Returned,Medium,2315.94,VIP
924464,Wireless Mouse,48,2021-04-03 18:00,59.35,0.41,24.69,Furniture,In-store,Not Returned,High,2848.8,VIP
805853,Notebook,21,2021-04-05 05:00,89.29,0.44,19.06,Furniture,Online,Not Returned,High,1875.09,VIP
994285,Office Chair,29,2021-04-06 09:00,95.68,0.17,24.71,Furniture,Online,Returned,Medium,2774.7200000000003,VIP
453383,USB Cable,24,2021-04-06 16:00,60.56,0.2,16.41,Furniture,In-store,Not Returned,High,1453.44,VIP
340491,White Mug,43,2021-04-07 18:00,56.05,0.1,8.13,Furniture,In-store,Not Returned,Low,2410.15,VIP
858271,USB Cable,48,2021-04-08 00:00,71.13,0.19,11.39,Furniture,Online,Not Returned,High,3414.24,VIP
555651,Desk Lamp,32,2021-04-08 18:00,83.69,0.11,11.08,Furniture,Online,Not Returned,Medium,2678.08,VIP
540523,Blue Pen,43,2021-04-09 00:00,78.99,0.48,22.57,Furniture,In-store,Not Returned,Low,3396.57,VIP
202951,USB Cable,30,2021-04-09 02:00,94.81,0.05,29.14,Furniture,In-store,Not Returned,Medium,2844.3,VIP
994738,Office Chair,39,2021-04-09 03:00,35.24,0.33,13.37,Furniture,In-store,Not Returned,Low,1374.36,VIP
831316,USB Cable,32,2021-04-09 05:00,73.38,0.29,17.11,Furniture,In-store,Returned,Medium,2348.16,VIP
934799,Desk Lamp,35,2021-04-09 12:00,49.56,0.4,10.87,Furniture,Online,Not Returned,High,1734.6,VIP
850406,Wireless Mouse,48,2021-04-09 23:00,56.71,0.37,9.53,Furniture,Online,Not Returned,Medium,2722.08,VIP
838157,Blue Pen,44,2021-04-10 00:00,95.67,0.45,5.44,Furniture,Online,Not Returned,Low,4209.4800000000005,VIP
963907,T-shirt,37,2021-04-10 04:00,88.04,0.16,8.35,Furniture,Online,Not Returned,Medium,3257.48,VIP
530423,USB Cable,30,2021-04-11 09:00,54.44,0.25,5.47,Furniture,In-store,Returned,High,1633.1999999999998,VIP
307374,Desk Lamp,45,2021-04-11 23:00,27.16,0.32,7.23,Furniture,In-store,Not Returned,Low,1222.2,VIP
185501,Wireless Mouse,19,2021-04-12 23:00,53.32,0.47,25.92,Furniture,Online,Not Returned,High,1013.08,VIP
640997,White Mug,20,2021-04-13 06:00,58.43,0.4,14.28,Furniture,Online,Not Returned,Low,1168.6,VIP
946278,Notebook,12,2021-04-13 19:00,96.38,0.32,29.53,Furniture,Online,Not Returned,Low,1156.56,VIP
837371,T-shirt,27,2021-04-14 05:00,86.31,0.27,11.95,Furniture,Online,Not Returned,High,2330.37,VIP
218922,Blue Pen,17,2021-04-14 06:00,63.75,0.22,7.94,Furniture,In-store,Not Returned,High,1083.75,VIP
616576,Headphones,20,2021-04-14 07:00,69.44,0.03,9.92,Furniture,In-store,Not Returned,High,1388.8,VIP
338366,Backpack,40,2021-04-14 18:00,80.5,0.42,14.09,Furniture,Online,Not Returned,High,3220.0,VIP
965718,Backpack,22,2021-04-14 21:00,99.66,0.48,11.8,Furniture,Online,Returned,High,2192.52,VIP
715429,Office Chair,45,2021-04-15 11:00,53.05,0.17,24.01,Furniture,In-store,Not Returned,Medium,2387.25,VIP
346476,Wall Clock,49,2021-04-15 12:00,74.01,0.01,23.93,Furniture,Online,Not Returned,High,3626.49,VIP
952633,Notebook,39,2021-04-15 15:00,65.09,0.12,26.54,Furniture,Online,Not Returned,High,2538.51,VIP
804237,Office Chair,25,2021-04-16 01:00,65.12,0.22,25.42,Furniture,Online,Not Returned,Medium,1628.0,VIP
363246,T-shirt,17,2021-04-16 14:00,99.71,0.18,9.34,Furniture,In-store,Returned,Low,1695.07,VIP
494569,Office Chair,23,2021-04-18 06:00,77.74,0.31,7.52,Furniture,Online,Not Returned,High,1788.02,VIP
901123,Backpack,35,2021-04-18 08:00,30.23,0.32,27.51,Furniture,Online,Not Returned,Low,1058.05,VIP
871257,Blue Pen,27,2021-04-18 15:00,49.14,0.2,18.46,Furniture,Online,Not Returned,Medium,1326.78,VIP
154213,Headphones,35,2021-04-19 07:00,74.67,0.15,19.8,Furniture,Online,Not Returned,Low,2613.4500000000003,VIP
105435,Backpack,15,2021-04-19 11:00,74.9,0.13,26.69,Furniture,Online,Not Returned,Medium,1123.5,VIP
987977,Backpack,32,2021-04-19 18:00,53.01,0.23,23.56,Furniture,Online,Not Returned,Low,1696.32,VIP
564535,Notebook,25,2021-04-20 04:00,91.08,0.49,17.92,Furniture,In-store,Not Returned,Medium,2277.0,VIP
190715,Desk Lamp,45,2021-04-20 23:00,56.4,0.19,12.19,Furniture,In-store,Not Returned,High,2538.0,VIP
635633,Office Chair,29,2021-04-22 14:00,78.64,0.4,29.08,Furniture,In-store,Not Returned,Medium,2280.56,VIP
636343,Notebook,48,2021-04-22 18:00,27.8,0.13,25.82,Furniture,Online,Not Returned,Low,1334.4,VIP
144484,Wireless Mouse,30,2021-04-22 21:00,44.71,0.29,21.79,Furniture,In-store,Not Returned,Low,1341.3,VIP
996716,Blue Pen,-23,2021-04-23 05:00,-89.92,1.351832899938478,,Furniture,Online,Not Returned,High,2068.16,VIP
991317,Desk Lamp,49,2021-04-23 07:00,80.47,0.33,25.64,Furniture,Online,Not Returned,Low,3943.03,VIP
236016,T-shirt,35,2021-04-23 19:00,68.03,0.31,15.0,Furniture,Online,Not Returned,High,2381.05,VIP
148825,T-shirt,19,2021-04-23 20:00,80.31,0.34,9.89,Furniture,Online,Not Returned,Medium,1525.89,VIP
523206,Headphones,46,2021-04-23 22:00,86.52,0.16,9.29,Furniture,Online,Not Returned,High,3979.92,VIP
217674,Wall Clock,45,2021-04-24 02:00,97.13,0.01,27.72,Furniture,Online,Not Returned,High,4370.849999999999,VIP
351881,Office Chair,49,2021-04-24 06:00,72.08,0.34,8.32,Furniture,Online,Returned,Medium,3531.92,VIP
131629,Office Chair,48,2021-04-24 07:00,42.5,0.32,9.07,Furniture,In-store,Not Returned,High,2040.0,VIP
587849,USB Cable,41,2021-04-24 12:00,61.04,0.45,22.49,Furniture,In-store,Not Returned,Medium,2502.64,VIP
188697,Desk Lamp,40,2021-04-24 17:00,52.7,0.16,24.79,Furniture,Online,Not Returned,Medium,2108.0,VIP
921247,USB Cable,31,2021-04-25 19:00,57.0,0.38,6.89,Furniture,Online,Not Returned,Medium,1767.0,VIP
509898,Blue Pen,18,2021-04-26 00:00,91.91,0.35,10.02,Furniture,In-store,Not Returned,Low,1654.38,VIP
643910,Backpack,35,2021-04-26 01:00,92.75,0.22,13.07,Furniture,Online,Not Returned,Low,3246.25,VIP
764197,Blue Pen,-46,2021-04-26 03:00,-35.01,0.26,,Furniture,Online,Not Returned,Low,1610.4599999999998,VIP
315432,Backpack,45,2021-04-28 09:00,80.17,0.1,17.95,Furniture,Online,Not Returned,Low,3607.65,VIP
265486,Wireless Mouse,26,2021-04-28 11:00,65.55,0.02,15.45,Furniture,Online,Not Returned,Low,1704.3,VIP
433636,Headphones,39,2021-04-28 14:00,27.17,0.31,7.48,Furniture,In-store,Not Returned,Medium,1059.63,VIP
135135,Blue Pen,46,2021-04-28 18:00,91.55,0.32,15.65,Furniture,Online,Not Returned,Low,4211.3,VIP
889694,Desk Lamp,43,2021-04-29 07:00,93.78,0.5,5.89,Furniture,Online,Not Returned,High,4032.54,VIP
450002,Blue Pen,21,2021-04-29 12:00,68.77,0.08,10.29,Furniture,In-store,Not Returned,Medium,1444.1699999999998,VIP
595784,T-shirt,17,2021-04-29 18:00,85.03,0.16,25.19,Furniture,Online,Not Returned,High,1445.51,VIP
249457,Headphones,47,2021-04-30 21:00,88.01,0.1,7.21,Furniture,In-store,Not Returned,Medium,4136.47,VIP
869776,Headphones,15,2021-05-01 21:00,95.11,0.4,13.96,Furniture,Online,Returned,Medium,1426.65,VIP
880908,Wall Clock,26,2021-05-02 02:00,51.78,0.17,8.91,Furniture,In-store,Not Returned,Medium,1346.28,VIP
922922,USB Cable,28,2021-05-02 07:00,44.26,0.45,19.2,Furniture,In-store,Not Returned,Low,1239.28,VIP
194154,Notebook,41,2021-05-03 01:00,62.36,0.06,13.89,Furniture,In-store,Not Returned,Low,2556.76,VIP
510568,Headphones,38,2021-05-03 04:00,49.25,0.5,10.31,Furniture,Online,Not Returned,High,1871.5,VIP
193476,T-shirt,28,2021-05-03 06:00,91.2,0.45,24.94,Furniture,In-store,Not Returned,Medium,2553.6,VIP
662229,Headphones,29,2021-05-03 09:00,90.78,0.38,16.59,Furniture,Online,Not Returned,Medium,2632.62,VIP
855398,T-shirt,17,2021-05-06 16:00,90.57,0.18,27.24,Furniture,In-store,Not Returned,Medium,1539.6899999999998,VIP
927363,Wall Clock,17,2021-05-07 02:00,99.93,0.0,17.22,Furniture,Online,Not Returned,Low,1698.8100000000002,VIP
837609,USB Cable,44,2021-05-08 07:00,55.67,0.27,24.36,Furniture,Online,Not Returned,Low,2449.48,VIP
894280,Desk Lamp,16,2021-05-08 23:00,64.69,0.2,29.9,Furniture,Online,Not Returned,Medium,1035.04,VIP
638562,White Mug,32,2021-05-09 00:00,61.09,0.32,17.5,Furniture,In-store,Not Returned,Low,1954.88,VIP
674699,Backpack,46,2021-05-09 21:00,26.08,0.33,16.83,Furniture,Online,Not Returned,Medium,1199.6799999999998,VIP
820989,Desk Lamp,48,2021-05-11 00:00,33.3,0.13,19.86,Furniture,Online,Not Returned,High,1598.4,VIP
418275,T-shirt,46,2021-05-11 08:00,73.26,0.03,11.95,Furniture,Online,Not Returned,Medium,3369.96,VIP
354767,Notebook,19,2021-05-11 16:00,66.44,0.05,14.85,Furniture,Online,Not Returned,Medium,1262.36,VIP
161260,Notebook,25,2021-05-11 21:00,48.12,0.37,25.97,Furniture,In-store,Not Returned,Low,1203.0,VIP
772636,Backpack,47,2021-05-12 14:00,59.61,0.23,18.33,Furniture,Online,Not Returned,High,2801.67,VIP
963165,Notebook,38,2021-05-13 01:00,64.35,0.06,8.7,Furniture,In-store,Not Returned,Medium,2445.3,VIP
272687,Desk Lamp,27,2021-05-13 04:00,83.0,0.36,10.21,Furniture,In-store,Not Returned,Low,2241.0,VIP
170658,Blue Pen,31,2021-05-13 10:00,41.23,0.1,12.11,Furniture,In-store,Not Returned,Low,1278.13,VIP
634140,Desk Lamp,36,2021-05-13 11:00,36.46,0.14,12.69,Furniture,In-store,Not Returned,Low,1312.56,VIP
363456,T-shirt,49,2021-05-14 00:00,74.08,0.22,8.4,Furniture,In-store,Not Returned,High,3629.92,VIP
731445,Headphones,23,2021-05-15 07:00,80.61,0.35,15.88,Furniture,Online,Not Returned,High,1854.03,VIP
644748,Backpack,22,2021-05-15 20:00,92.1,0.44,25.73,Furniture,In-store,Not Returned,Medium,2026.2,VIP
291848,Office Chair,44,2021-05-16 08:00,63.8,0.21,11.09,Furniture,In-store,Returned,Low,2807.2,VIP
958690,Office Chair,31,2021-05-16 10:00,88.48,0.11,16.85,Furniture,In-store,Not Returned,Low,2742.88,VIP
967190,Notebook,41,2021-05-17 03:00,31.28,0.01,29.75,Furniture,In-store,Not Returned,Low,1282.48,VIP
604136,T-shirt,26,2021-05-17 07:00,74.88,0.41,12.68,Furniture,Online,Not Returned,Low,1946.88,VIP
169672,Desk Lamp,24,2021-05-17 08:00,86.7,0.45,5.99,Furniture,In-store,Not Returned,Medium,2080.8,VIP
714080,Headphones,36,2021-05-18 02:00,75.94,0.35,26.33,Furniture,Online,Not Returned,High,2733.84,VIP
566441,Backpack,33,2021-05-18 21:00,54.71,0.36,20.13,Furniture,Online,Not Returned,High,1805.43,VIP
584716,White Mug,23,2021-05-19 02:00,63.93,0.07,11.73,Furniture,Online,Not Returned,Medium,1470.39,VIP
877867,Backpack,32,2021-05-19 05:00,69.56,0.09,28.33,Furniture,In-store,Returned,High,2225.92,VIP
505732,Desk Lamp,30,2021-05-19 09:00,78.83,0.04,25.35,Furniture,Online,Not Returned,Medium,2364.9,VIP
762806,T-shirt,44,2021-05-20 10:00,40.83,0.28,20.1,Furniture,Online,Not Returned,Low,1796.52,VIP
350319,Backpack,31,2021-05-21 03:00,38.06,0.26,12.6,Furniture,Online,Not Returned,Medium,1179.86,VIP
939949,Desk Lamp,27,2021-05-21 04:00,96.11,0.27,19.08,Furniture,Online,Not Returned,Low,2594.97,VIP
863977,White Mug,32,2021-05-21 15:00,73.25,0.4,19.71,Furniture,Online,Not Returned,Low,2344.0,VIP
134112,Wireless Mouse,14,2021-05-22 02:00,88.29,0.17,26.4,Furniture,Online,Not Returned,High,1236.0600000000002,VIP
829411,USB Cable,46,2021-05-22 03:00,76.61,0.37,26.88,Furniture,In-store,Not Returned,Low,3524.06,VIP
186590,Desk Lamp,40,2021-05-22 05:00,37.89,0.35,14.35,Furniture,Online,Not Returned,High,1515.6,VIP
278901,Blue Pen,41,2021-05-22 22:00,72.84,0.26,11.65,Furniture,Online,Not Returned,Medium,2986.44,VIP
594523,Wall Clock,22,2021-05-23 03:00,64.86,0.21,7.59,Furniture,In-store,Not Returned,Medium,1426.92,VIP
649939,Office Chair,28,2021-05-23 05:00,49.71,0.13,16.58,Furniture,Online,Returned,Medium,1391.88,VIP
402107,Backpack,22,2021-05-23 07:00,60.1,0.18,29.81,Furniture,Online,Not Returned,High,1322.2,VIP
400406,T-shirt,24,2021-05-24 01:00,52.13,0.27,5.36,Furniture,Online,Not Returned,Medium,1251.12,VIP
977702,Wall Clock,44,2021-05-24 06:00,40.2,0.12,7.43,Furniture,Online,Not Returned,High,1768.8000000000002,VIP
972700,USB Cable,12,2021-05-24 11:00,98.41,0.22,24.22,Furniture,In-store,Not Returned,High,1180.92,VIP
449937,Blue Pen,40,2021-05-24 18:00,94.35,0.46,17.74,Furniture,Online,Not Returned,Medium,3774.0,VIP
770088,Headphones,33,2021-05-25 03:00,43.28,0.32,25.87,Furniture,In-store,Returned,High,1428.24,VIP
332298,Backpack,47,2021-05-25 23:00,72.25,0.27,14.21,Furniture,In-store,Returned,High,3395.75,VIP
246154,USB Cable,14,2021-05-26 11:00,96.96,0.38,28.34,Furniture,Online,Returned,Medium,1357.4399999999998,VIP
505854,White Mug,15,2021-05-26 22:00,94.57,0.47,17.23,Furniture,In-store,Not Returned,Medium,1418.55,VIP
825356,Desk Lamp,40,2021-05-27 07:00,94.35,0.05,13.89,Furniture,Online,Not Returned,Low,3774.0,VIP
994586,Blue Pen,42,2021-05-28 13:00,85.35,0.43,5.55,Furniture,Online,Not Returned,Medium,3584.7,VIP
653669,Office Chair,45,2021-05-30 00:00,73.94,0.3,10.29,Furniture,Online,Not Returned,High,3327.3,VIP
180857,Headphones,36,2021-05-30 21:00,88.42,0.31,21.7,Furniture,In-store,Not Returned,Medium,3183.12,VIP
290128,T-shirt,48,2021-05-31 00:00,79.85,0.48,26.58,Furniture,In-store,Not Returned,Low,3832.8,VIP
484784,Backpack,45,2021-05-31 21:00,37.17,0.28,21.92,Furniture,Online,Not Returned,High,1672.65,VIP
943353,Blue Pen,23,2021-06-01 07:00,87.28,0.11,21.32,Furniture,Online,Not Returned,High,2007.44,VIP
241519,Blue Pen,48,2021-06-01 20:00,37.78,0.11,12.64,Furniture,Online,Not Returned,High,1813.44,VIP
256089,Headphones,45,2021-06-02 11:00,51.55,0.24,12.78,Furniture,In-store,Not Returned,Medium,2319.75,VIP
521655,Headphones,29,2021-06-02 20:00,48.43,0.33,13.68,Furniture,In-store,Not Returned,High,1404.47,VIP
478522,Office Chair,18,2021-06-02 21:00,87.27,0.08,17.17,Furniture,Online,Not Returned,Medium,1570.86,VIP
504189,Wireless Mouse,34,2021-06-03 00:00,56.07,0.23,9.27,Furniture,In-store,Not Returned,Low,1906.38,VIP
720501,Backpack,-38,2021-06-03 13:00,-66.43,1.3045455722291477,,Furniture,In-store,Not Returned,Medium,2524.34,VIP
911146,USB Cable,19,2021-06-04 02:00,61.57,0.1,8.12,Furniture,In-store,Not Returned,High,1169.83,VIP
235797,Blue Pen,45,2021-06-04 05:00,69.36,0.46,8.99,Furniture,Online,Not Returned,Medium,3121.2,VIP
958099,USB Cable,27,2021-06-04 13:00,50.82,0.03,24.61,Furniture,In-store,Not Returned,Low,1372.14,VIP
358430,Backpack,41,2021-06-05 16:00,68.85,0.12,28.33,Furniture,In-store,Not Returned,Low,2822.85,VIP
868576,Wall Clock,21,2021-06-06 02:00,78.85,0.23,8.04,Furniture,In-store,Not Returned,Low,1655.85,VIP
341424,Wireless Mouse,47,2021-06-07 04:00,37.84,0.07,6.97,Furniture,In-store,Not Returned,Low,1778.4800000000002,VIP
306384,Desk Lamp,29,2021-06-07 05:00,70.79,0.45,24.94,Furniture,Online,Not Returned,Medium,2052.9100000000003,VIP
457851,T-shirt,19,2021-06-08 12:00,80.74,0.49,8.22,Furniture,In-store,Not Returned,Medium,1534.06,VIP
883540,Notebook,34,2021-06-09 05:00,69.57,0.46,9.72,Furniture,Online,Not Returned,Low,2365.38,VIP
686831,USB Cable,44,2021-06-09 10:00,42.12,0.43,6.12,Furniture,In-store,Not Returned,Medium,1853.28,VIP
931599,USB Cable,32,2021-06-09 17:00,69.38,0.04,27.24,Furniture,In-store,Not Returned,Low,2220.16,VIP
611545,USB Cable,34,2021-06-11 00:00,74.62,0.0,12.07,Furniture,In-store,Not Returned,Medium,2537.08,VIP
930890,Backpack,26,2021-06-11 05:00,41.05,0.46,8.81,Furniture,In-store,Returned,High,1067.3,VIP
267932,White Mug,12,2021-06-13 01:00,83.96,0.23,27.86,Furniture,Online,Not Returned,Medium,1007.52,VIP
297173,Notebook,35,2021-06-13 23:00,97.47,0.02,6.33,Furniture,In-store,Not Returned,Low,3411.45,VIP
601994,White Mug,46,2021-06-14 02:00,87.17,0.03,20.04,Furniture,Online,Not Returned,Low,4009.82,VIP
184153,Backpack,19,2021-06-16 04:00,64.12,0.37,23.05,Furniture,In-store,Not Returned,High,1218.2800000000002,VIP
883930,Desk Lamp,37,2021-06-16 06:00,46.8,0.17,21.86,Furniture,Online,Not Returned,Low,1731.6,VIP
157124,T-shirt,29,2021-06-16 11:00,73.95,0.32,27.94,Furniture,Online,Returned,Medium,2144.55,VIP
470134,White Mug,39,2021-06-17 02:00,35.85,0.07,13.09,Furniture,In-store,Not Returned,Medium,1398.15,VIP
369482,White Mug,21,2021-06-17 08:00,59.34,0.03,9.17,Furniture,Online,Not Returned,Low,1246.14,VIP
832426,Blue Pen,46,2021-06-17 16:00,23.12,0.37,27.81,Furniture,Online,Not Returned,Low,1063.52,VIP
988752,Wall Clock,22,2021-06-18 03:00,56.48,0.4,23.58,Furniture,In-store,Not Returned,High,1242.56,VIP
664365,Desk Lamp,48,2021-06-18 08:00,92.68,0.21,22.47,Furniture,Online,Not Returned,Medium,4448.64,VIP
391813,Office Chair,41,2021-06-18 12:00,73.19,0.31,12.61,Furniture,In-store,Not Returned,Medium,3000.79,VIP
245093,White Mug,48,2021-06-18 21:00,60.42,0.37,13.41,Furniture,Online,Not Returned,High,2900.16,VIP
153811,Backpack,38,2021-06-19 14:00,59.56,0.41,15.6,Furniture,In-store,Not Returned,Medium,2263.28,VIP
685136,T-shirt,42,2021-06-19 16:00,51.15,0.09,17.62,Furniture,Online,Not Returned,Medium,2148.3,VIP
720140,Office Chair,-47,2021-06-19 19:00,-79.88,1.8901710780247487,,Furniture,In-store,Not Returned,High,3754.36,VIP
794519,Wall Clock,41,2021-06-20 00:00,80.5,0.06,22.98,Furniture,In-store,Not Returned,Low,3300.5,VIP
550491,Desk Lamp,28,2021-06-20 03:00,55.08,0.29,25.99,Furniture,In-store,Returned,Medium,1542.24,VIP
863580,Blue Pen,48,2021-06-20 07:00,43.6,0.38,5.91,Furniture,Online,Not Returned,Low,2092.8,VIP
967424,Wireless Mouse,48,2021-06-20 14:00,57.81,0.32,28.73,Furniture,In-store,Not Returned,Low,2774.88,VIP
863361,Notebook,46,2021-06-21 04:00,98.07,0.3,18.71,Furniture,Online,Not Returned,Low,4511.219999999999,VIP
569837,Notebook,20,2021-06-22 15:00,85.39,0.22,29.43,Furniture,Online,Not Returned,Low,1707.8,VIP
412188,Backpack,49,2021-06-22 16:00,44.43,0.4,23.84,Furniture,In-store,Not Returned,High,2177.07,VIP
597393,T-shirt,47,2021-06-22 20:00,38.41,0.1,15.47,Furniture,In-store,Not Returned,High,1805.27,VIP
137271,Desk Lamp,26,2021-06-22 21:00,61.62,0.21,5.41,Furniture,In-store,Not Returned,Medium,1602.12,VIP
575551,Office Chair,37,2021-06-23 09:00,54.34,0.41,5.3,Furniture,Online,Not Returned,High,2010.58,VIP
963204,Headphones,25,2021-06-23 17:00,94.14,0.32,5.25,Furniture,In-store,Not Returned,High,2353.5,VIP
707200,Desk Lamp,27,2021-06-23 20:00,94.98,0.48,16.44,Furniture,Online,Not Returned,High,2564.46,VIP
721029,Backpack,44,2021-06-24 07:00,64.45,0.34,24.51,Furniture,In-store,Not Returned,Low,2835.8,VIP
141340,Office Chair,46,2021-06-25 12:00,98.02,0.05,22.97,Furniture,In-store,Not Returned,Low,4508.92,VIP
929783,Headphones,48,2021-06-25 14:00,58.55,0.3,6.46,Furniture,Online,Not Returned,Low,2810.4,VIP
737423,White Mug,35,2021-06-26 11:00,54.49,0.42,9.98,Furniture,Online,Not Returned,Medium,1907.15,VIP
499130,Blue Pen,40,2021-06-26 17:00,81.71,0.0,5.78,Furniture,In-store,Not Returned,Medium,3268.4,VIP
780143,Notebook,22,2021-06-26 21:00,60.34,0.09,15.76,Furniture,Online,Not Returned,Medium,1327.48,VIP
622757,Headphones,29,2021-06-27 03:00,60.32,0.12,21.18,Furniture,Online,Not Returned,Medium,1749.28,VIP
419055,Blue Pen,44,2021-06-27 07:00,85.19,0.06,23.12,Furniture,In-store,Not Returned,Low,3748.36,VIP
392164,USB Cable,46,2021-06-27 16:00,23.66,0.49,25.76,Furniture,Online,Not Returned,High,1088.36,VIP
912804,USB Cable,38,2021-06-29 06:00,97.17,0.3,17.92,Furniture,Online,Not Returned,Low,3692.46,VIP
129048,USB Cable,39,2021-06-29 11:00,77.55,0.15,15.28,Furniture,In-store,Not Returned,Low,3024.45,VIP
866719,Desk Lamp,44,2021-06-30 22:00,65.87,0.11,13.7,Furniture,Online,Not Returned,Medium,2898.28,VIP
171939,USB Cable,48,2021-07-01 18:00,98.21,0.13,8.65,Furniture,Online,Not Returned,Low,4714.08,VIP
859848,White Mug,39,2021-07-01 23:00,53.64,0.43,29.41,Furniture,Online,Not Returned,Low,2091.96,VIP
908826,Wireless Mouse,41,2021-07-02 00:00,41.19,0.15,11.38,Furniture,Online,Not Returned,High,1688.79,VIP
590576,Backpack,-37,2021-07-02 08:00,-69.97,1.0148230828620342,,Furniture,Online,Not Returned,Low,2588.89,VIP
923837,Office Chair,13,2021-07-02 09:00,95.38,0.48,20.98,Furniture,In-store,Not Returned,Medium,1239.94,VIP
461732,Notebook,41,2021-07-03 07:00,55.03,0.13,15.89,Furniture,In-store,Not Returned,Medium,2256.23,VIP
989258,Wall Clock,17,2021-07-03 23:00,97.52,0.43,18.35,Furniture,Online,Not Returned,Low,1657.84,VIP
665764,T-shirt,24,2021-07-04 23:00,77.97,0.38,25.11,Furniture,In-store,Not Returned,High,1871.28,VIP
523501,Wireless Mouse,38,2021-07-05 01:00,48.09,0.43,11.19,Furniture,Online,Returned,High,1827.42,VIP
480355,USB Cable,34,2021-07-05 06:00,85.67,0.41,14.86,Furniture,In-store,Not Returned,High,2912.78,VIP
319123,White Mug,46,2021-07-05 08:00,94.2,0.45,15.04,Furniture,Online,Returned,Medium,4333.2,VIP
575759,White Mug,18,2021-07-05 23:00,83.26,0.09,15.55,Furniture,Online,Not Returned,Medium,1498.68,VIP
839663,Desk Lamp,13,2021-07-07 12:00,99.29,0.01,17.07,Furniture,Online,Not Returned,High,1290.77,VIP
473337,Wall Clock,47,2021-07-07 17:00,46.35,0.44,27.0,Furniture,In-store,Not Returned,High,2178.4500000000003,VIP
101095,Notebook,34,2021-07-07 20:00,39.42,0.08,29.67,Furniture,In-store,Not Returned,High,1340.28,VIP
917585,Blue Pen,11,2021-07-08 06:00,99.49,0.22,7.36,Furniture,Online,Not Returned,High,1094.39,VIP
240073,USB Cable,44,2021-07-08 14:00,39.82,0.25,12.24,Furniture,Online,Not Returned,Medium,1752.08,VIP
683072,Wall Clock,13,2021-07-09 00:00,80.11,0.38,17.37,Furniture,Online,Not Returned,Medium,1041.43,VIP
401343,USB Cable,31,2021-07-09 21:00,90.0,0.39,16.16,Furniture,Online,Not Returned,High,2790.0,VIP
209084,Blue Pen,43,2021-07-10 06:00,97.04,0.47,12.56,Furniture,In-store,Not Returned,Medium,4172.72,VIP
370151,Notebook,37,2021-07-10 23:00,33.03,0.07,14.16,Furniture,Online,Not Returned,Medium,1222.11,VIP
970061,Notebook,23,2021-07-11 06:00,85.67,0.14,16.08,Furniture,Online,Not Returned,High,1970.41,VIP
806050,Wireless Mouse,38,2021-07-11 21:00,46.42,0.25,28.34,Furniture,Online,Not Returned,Medium,1763.96,VIP
587258,White Mug,33,2021-07-11 22:00,92.22,0.41,20.74,Furniture,In-store,Not Returned,Medium,3043.26,VIP
468709,White Mug,17,2021-07-12 02:00,63.33,0.03,15.75,Furniture,In-store,Not Returned,High,1076.61,VIP
138712,Wall Clock,34,2021-07-12 04:00,31.26,0.19,28.87,Furniture,In-store,Not Returned,Medium,1062.84,VIP
611984,Backpack,32,2021-07-13 03:00,52.16,0.34,7.79,Furniture,Online,Not Returned,High,1669.12,VIP
272905,Headphones,17,2021-07-13 22:00,88.9,0.34,8.09,Furniture,Online,Not Returned,High,1511.3000000000002,VIP
112834,White Mug,44,2021-07-14 03:00,99.85,0.06,7.34,Furniture,In-store,Not Returned,High,4393.4,VIP
137180,Blue Pen,40,2021-07-14 05:00,43.98,0.22,18.47,Furniture,Online,Returned,Medium,1759.1999999999998,VIP
306659,T-shirt,47,2021-07-14 08:00,89.46,0.49,17.38,Furniture,In-store,Not Returned,Low,4204.62,VIP
468664,T-shirt,43,2021-07-14 09:00,35.63,0.43,23.76,Furniture,In-store,Not Returned,Medium,1532.09,VIP
686109,Desk Lamp,16,2021-07-15 02:00,92.96,0.31,10.59,Furniture,Online,Not Returned,High,1487.36,VIP
663506,Office Chair,25,2021-07-15 16:00,56.08,0.12,29.23,Furniture,Online,Not Returned,Medium,1402.0,VIP
914892,Wireless Mouse,26,2021-07-15 20:00,58.95,0.32,27.85,Furniture,Online,Not Returned,High,1532.7,VIP
919433,White Mug,39,2021-07-16 04:00,59.48,0.42,27.04,Furniture,Online,Not Returned,Low,2319.72,VIP
468350,White Mug,32,2021-07-16 14:00,96.33,0.5,6.81,Furniture,Online,Not Returned,High,3082.56,VIP
852254,Desk Lamp,20,2021-07-17 04:00,74.18,0.27,17.15,Furniture,Online,Not Returned,Low,1483.6,VIP
151690,Notebook,26,2021-07-17 10:00,46.65,0.38,10.58,Furniture,Online,Not Returned,Medium,1212.9,VIP
625403,Notebook,31,2021-07-18 06:00,47.86,0.07,20.14,Furniture,In-store,Not Returned,Low,1483.66,VIP
589572,USB Cable,21,2021-07-18 16:00,76.07,0.4,11.27,Furniture,Online,Not Returned,High,1597.4699999999998,VIP
834303,Backpack,25,2021-07-20 14:00,42.91,0.03,9.37,Furniture,In-store,Not Returned,Low,1072.75,VIP
668800,Backpack,-49,2021-07-21 12:00,-81.29,0.45,,Furniture,In-store,Returned,High,3983.210000000001,VIP
832878,Notebook,31,2021-07-22 04:00,44.94,0.24,13.3,Furniture,In-store,Returned,Medium,1393.14,VIP
931659,Headphones,-48,2021-07-22 17:00,-22.75,1.793334452648038,,Furniture,In-store,Returned,Medium,1092.0,VIP
412051,Desk Lamp,26,2021-07-23 18:00,96.07,0.12,29.46,Furniture,In-store,Not Returned,Low,2497.82,VIP
793852,Wireless Mouse,34,2021-07-23 21:00,58.62,0.34,10.25,Furniture,Online,Not Returned,Low,1993.08,VIP
519627,USB Cable,29,2021-07-23 22:00,76.52,0.07,24.58,Furniture,In-store,Not Returned,High,2219.08,VIP
546300,T-shirt,25,2021-07-25 14:00,67.18,0.04,6.71,Furniture,Online,Not Returned,Low,1679.5000000000002,VIP
654634,Office Chair,27,2021-07-26 13:00,80.67,0.26,16.21,Furniture,Online,Not Returned,Medium,2178.09,VIP
842147,Office Chair,28,2021-07-27 08:00,88.47,0.03,11.21,Furniture,Online,Not Returned,Low,2477.16,VIP
299330,T-shirt,46,2021-07-27 11:00,34.25,0.46,12.63,Furniture,In-store,Not Returned,Medium,1575.5,VIP
307892,USB Cable,34,2021-07-27 23:00,42.34,0.12,21.07,Furniture,Online,Not Returned,Low,1439.5600000000002,VIP
546771,Wall Clock,27,2021-07-28 09:00,55.22,0.2,21.29,Furniture,In-store,Not Returned,Low,1490.94,VIP
316651,White Mug,27,2021-07-30 05:00,55.3,0.18,13.05,Furniture,Online,Not Returned,High,1493.1,VIP
705502,Backpack,46,2021-07-30 14:00,21.99,0.41,9.61,Furniture,Online,Not Returned,High,1011.54,VIP
265043,White Mug,45,2021-07-31 04:00,73.72,0.15,11.42,Furniture,In-store,Not Returned,High,3317.4,VIP
381620,T-shirt,28,2021-07-31 08:00,58.22,0.06,29.96,Furniture,Online,Returned,High,1630.16,VIP
597712,White Mug,32,2021-07-31 15:00,63.75,0.27,7.75,Furniture,In-store,Not Returned,High,2040.0,VIP
923163,T-shirt,31,2021-08-01 09:00,94.29,0.12,26.67,Furniture,Online,Not Returned,Low,2922.99,VIP
711272,Headphones,23,2021-08-01 20:00,49.09,0.35,24.23,Furniture,Online,Not Returned,Low,1129.0700000000002,VIP
607763,Desk Lamp,40,2021-08-02 10:00,40.58,0.08,6.45,Furniture,Online,Not Returned,Low,1623.1999999999998,VIP
296681,Wall Clock,48,2021-08-02 18:00,47.39,0.37,10.46,Furniture,Online,Not Returned,High,2274.7200000000003,VIP
727523,Desk Lamp,49,2021-08-03 07:00,35.33,0.31,24.97,Furniture,Online,Not Returned,Low,1731.1699999999998,VIP
342802,Desk Lamp,24,2021-08-03 10:00,56.33,0.25,16.38,Furniture,In-store,Not Returned,High,1351.92,VIP
874456,White Mug,32,2021-08-03 11:00,33.63,0.21,20.55,Furniture,Online,Not Returned,Medium,1076.16,VIP
957081,Wall Clock,29,2021-08-03 12:00,56.81,0.45,26.45,Furniture,In-store,Not Returned,Medium,1647.49,VIP
971217,Desk Lamp,38,2021-08-03 17:00,69.2,0.09,23.03,Furniture,Online,Not Returned,High,2629.6,VIP
801793,White Mug,38,2021-08-05 02:00,75.39,0.07,13.66,Furniture,In-store,Not Returned,Medium,2864.82,VIP
965796,T-shirt,49,2021-08-05 06:00,49.98,0.1,20.52,Furniture,In-store,Not Returned,High,2449.02,VIP
908508,Notebook,47,2021-08-05 23:00,77.23,0.33,16.61,Furniture,Online,Returned,Medium,3629.81,VIP
419753,Desk Lamp,34,2021-08-06 01:00,82.26,0.05,21.8,Furniture,Online,Not Returned,High,2796.84,VIP
991712,Desk Lamp,47,2021-08-07 22:00,62.0,0.3,16.23,Furniture,Online,Not Returned,High,2914.0,VIP
568361,USB Cable,21,2021-08-09 00:00,58.1,0.09,29.91,Furniture,In-store,Not Returned,High,1220.1,VIP
521280,White Mug,34,2021-08-09 02:00,36.41,0.22,12.32,Furniture,In-store,Not Returned,High,1237.9399999999998,VIP
531419,T-shirt,49,2021-08-09 11:00,91.76,0.07,18.91,Furniture,Online,Not Returned,Low,4496.240000000001,VIP
605935,USB Cable,48,2021-08-10 03:00,99.93,0.12,7.42,Furniture,Online,Not Returned,Medium,4796.64,VIP
645669,Wall Clock,32,2021-08-10 04:00,56.34,0.21,22.76,Furniture,In-store,Not Returned,High,1802.88,VIP
259359,Wireless Mouse,25,2021-08-10 20:00,70.0,0.33,10.52,Furniture,Online,Not Returned,Low,1750.0,VIP
225702,Blue Pen,23,2021-08-10 22:00,54.94,0.36,19.37,Furniture,Online,Not Returned,Low,1263.62,VIP
565432,Wireless Mouse,46,2021-08-12 03:00,48.15,0.06,5.34,Furniture,In-store,Not Returned,Low,2214.9,VIP
829887,Office Chair,17,2021-08-12 18:00,79.22,0.14,26.93,Furniture,Online,Not Returned,Medium,1346.74,VIP
218171,Blue Pen,48,2021-08-13 20:00,74.85,0.25,16.3,Furniture,Online,Not Returned,Low,3592.8,VIP
716070,T-shirt,45,2021-08-14 05:00,56.51,0.47,6.72,Furniture,Online,Not Returned,Medium,2542.95,VIP
381035,Office Chair,24,2021-08-14 20:00,62.87,0.25,12.08,Furniture,Online,Returned,Low,1508.88,VIP
816079,T-shirt,37,2021-08-14 23:00,66.12,0.33,22.36,Furniture,In-store,Not Returned,High,2446.44,VIP
324589,Wall Clock,21,2021-08-15 02:00,68.51,0.42,13.92,Furniture,Online,Not Returned,Medium,1438.71,VIP
382566,Headphones,38,2021-08-15 04:00,99.68,0.49,21.66,Furniture,Online,Not Returned,Low,3787.84,VIP
733672,Backpack,14,2021-08-15 07:00,79.92,0.49,14.05,Furniture,In-store,Returned,Low,1118.88,VIP
963689,Office Chair,28,2021-08-16 09:00,66.91,0.09,6.66,Furniture,In-store,Not Returned,Medium,1873.48,VIP
904371,Wireless Mouse,46,2021-08-16 10:00,88.51,0.19,12.32,Furniture,In-store,Not Returned,Low,4071.46,VIP
994287,Blue Pen,28,2021-08-19 01:00,96.85,0.27,20.47,Furniture,In-store,Returned,Low,2711.8,VIP
329415,Wireless Mouse,22,2021-08-19 05:00,57.94,0.31,14.84,Furniture,Online,Not Returned,Medium,1274.6799999999998,VIP
342718,Notebook,-34,2021-08-20 09:00,-70.77,1.6075646488616435,,Furniture,Online,Not Returned,Low,2406.18,VIP
493807,Office Chair,21,2021-08-21 18:00,97.6,0.5,6.04,Furniture,In-store,Not Returned,Medium,2049.6,VIP
534758,Wireless Mouse,49,2021-08-22 06:00,66.78,0.5,7.54,Furniture,In-store,Not Returned,Medium,3272.2200000000003,VIP
790973,Headphones,30,2021-08-22 12:00,88.13,0.28,17.36,Furniture,In-store,Not Returned,High,2643.9,VIP
199372,Blue Pen,24,2021-08-23 05:00,77.24,0.42,22.29,Furniture,Online,Not Returned,High,1853.76,VIP
789746,Notebook,30,2021-08-23 23:00,33.86,0.33,5.96,Furniture,Online,Returned,Low,1015.8,VIP
206147,Notebook,43,2021-08-24 05:00,70.72,0.49,20.76,Furniture,In-store,Returned,High,3040.96,VIP
332409,USB Cable,37,2021-08-24 19:00,69.74,0.0,15.94,Furniture,In-store,Not Returned,Low,2580.38,VIP
364491,Headphones,-34,2021-08-25 10:00,-74.14,0.21,,Furniture,Online,Not Returned,Medium,2520.76,VIP
248182,Notebook,42,2021-08-25 13:00,51.99,0.3,24.87,Furniture,Online,Returned,Low,2183.58,VIP
181147,USB Cable,31,2021-08-25 18:00,45.18,0.3,10.25,Furniture,Online,Not Returned,Medium,1400.58,VIP
410279,White Mug,41,2021-08-25 19:00,25.06,0.48,7.53,Furniture,In-store,Not Returned,Low,1027.46,VIP
214427,Headphones,-15,2021-08-26 03:00,-97.65,0.32,,Furniture,Online,Not Returned,Low,1464.75,VIP
655943,T-shirt,27,2021-08-27 00:00,60.46,0.11,7.78,Furniture,Online,Not Returned,Medium,1632.42,VIP
667327,Notebook,20,2021-08-27 01:00,66.3,0.37,25.85,Furniture,Online,Not Returned,High,1326.0,VIP
314772,Office Chair,26,2021-08-27 16:00,63.77,0.45,19.57,Furniture,In-store,Not Returned,High,1658.02,VIP
287435,Desk Lamp,13,2021-08-27 21:00,91.76,0.19,17.22,Furniture,Online,Not Returned,Medium,1192.88,VIP
719501,Wireless Mouse,24,2021-08-27 22:00,56.41,0.23,11.03,Furniture,Online,Not Returned,Medium,1353.84,VIP
705750,Blue Pen,13,2021-08-28 10:00,97.86,0.2,28.51,Furniture,In-store,Not Returned,Low,1272.18,VIP
609662,Backpack,29,2021-08-29 01:00,73.18,0.33,20.44,Furniture,In-store,Not Returned,High,2122.2200000000003,VIP
224078,White Mug,-42,2021-08-29 11:00,-56.38,1.404209619027863,,Furniture,In-store,Not Returned,Medium,2367.96,VIP
595926,Notebook,11,2021-08-29 15:00,96.27,0.48,7.15,Furniture,Online,Not Returned,High,1058.97,VIP
548477,Wireless Mouse,46,2021-08-30 02:00,67.9,0.21,28.93,Furniture,In-store,Not Returned,Low,3123.4,VIP
160204,White Mug,46,2021-08-30 10:00,61.76,0.01,20.04,Furniture,Online,Not Returned,Medium,2840.96,VIP
976004,Wall Clock,26,2021-08-30 23:00,56.16,0.18,13.45,Furniture,In-store,Not Returned,High,1460.16,VIP
691309,White Mug,47,2021-08-31 00:00,54.1,0.04,25.24,Furniture,In-store,Not Returned,Medium,2542.7000000000003,VIP
606805,Office Chair,40,2021-08-31 22:00,83.44,0.29,24.91,Furniture,Online,Not Returned,Medium,3337.6,VIP
813628,Desk Lamp,39,2021-09-01 05:00,80.93,0.2,29.57,Furniture,Online,Not Returned,Medium,3156.2700000000004,VIP
165350,Notebook,35,2021-09-01 16:00,31.84,0.4,10.54,Furniture,Online,Not Returned,Low,1114.4,VIP
281417,Backpack,41,2021-09-01 17:00,66.28,0.3,15.99,Furniture,In-store,Not Returned,Low,2717.48,VIP
340678,Wall Clock,19,2021-09-01 18:00,79.84,0.11,9.48,Furniture,Online,Not Returned,Medium,1516.96,VIP
710422,Office Chair,45,2021-09-02 08:00,69.56,0.19,20.11,Furniture,Online,Not Returned,High,3130.2000000000003,VIP
670392,Wireless Mouse,37,2021-09-02 23:00,60.82,0.28,7.37,Furniture,Online,Not Returned,Medium,2250.34,VIP
630338,Wall Clock,27,2021-09-03 02:00,44.09,0.13,17.15,Furniture,Online,Not Returned,Medium,1190.43,VIP
422089,Wall Clock,21,2021-09-03 07:00,60.88,0.36,24.51,Furniture,Online,Not Returned,Medium,1278.48,VIP
186332,Desk Lamp,39,2021-09-03 10:00,45.25,0.27,5.34,Furniture,In-store,Not Returned,High,1764.75,VIP
354547,Office Chair,48,2021-09-03 14:00,72.57,0.31,6.61,Furniture,Online,Not Returned,High,3483.36,VIP
410112,Wireless Mouse,42,2021-09-03 16:00,40.55,0.11,12.6,Furniture,In-store,Not Returned,Medium,1703.1,VIP
419118,USB Cable,17,2021-09-04 05:00,88.67,0.02,5.95,Furniture,In-store,Not Returned,Low,1507.39,VIP
628111,White Mug,44,2021-09-04 10:00,24.7,0.41,13.16,Furniture,In-store,Not Returned,Medium,1086.8,VIP
537261,T-shirt,39,2021-09-04 17:00,67.36,0.23,5.01,Furniture,In-store,Not Returned,High,2627.04,VIP
122072,T-shirt,45,2021-09-05 10:00,53.22,0.02,10.06,Furniture,In-store,Not Returned,Medium,2394.9,VIP
181015,Headphones,45,2021-09-05 11:00,86.93,0.4,12.87,Furniture,In-store,Not Returned,High,3911.85,VIP
703688,T-shirt,33,2021-09-06 01:00,70.95,0.22,19.14,Furniture,In-store,Not Returned,Medium,2341.35,VIP
261940,White Mug,39,2021-09-06 09:00,82.51,0.35,19.11,Furniture,In-store,Not Returned,Medium,3217.8900000000003,VIP
588968,Desk Lamp,49,2021-09-08 02:00,83.17,0.35,24.1,Furniture,In-store,Not Returned,Medium,4075.33,VIP
279614,USB Cable,45,2021-09-08 10:00,34.77,0.47,18.86,Furniture,Online,Not Returned,Medium,1564.65,VIP
161032,Notebook,20,2021-09-09 03:00,53.79,0.47,18.05,Furniture,Online,Not Returned,Medium,1075.8,VIP
505737,Wireless Mouse,36,2021-09-10 14:00,95.72,0.01,8.18,Furniture,Online,Not Returned,Medium,3445.92,VIP
413030,Backpack,18,2021-09-11 18:00,65.57,0.16,24.78,Furniture,In-store,Not Returned,Low,1180.2599999999998,VIP
668786,Desk Lamp,19,2021-09-13 06:00,77.64,0.02,26.39,Furniture,Online,Not Returned,High,1475.16,VIP
994995,Headphones,49,2021-09-14 01:00,87.17,0.39,23.62,Furniture,In-store,Not Returned,High,4271.33,VIP
825898,T-shirt,38,2021-09-14 05:00,76.83,0.14,16.42,Furniture,Online,Not Returned,Low,2919.54,VIP
854016,Notebook,45,2021-09-14 23:00,92.69,0.29,17.38,Furniture,In-store,Not Returned,High,4171.05,VIP
377845,Wireless Mouse,46,2021-09-15 05:00,27.79,0.34,22.82,Furniture,Online,Not Returned,Low,1278.34,VIP
752619,Wireless Mouse,19,2021-09-15 10:00,66.5,0.26,15.88,Furniture,In-store,Not Returned,Medium,1263.5,VIP
784770,White Mug,25,2021-09-15 11:00,53.45,0.08,5.83,Furniture,Online,Not Returned,High,1336.25,VIP
199280,Desk Lamp,22,2021-09-15 12:00,89.46,0.11,18.82,Furniture,Online,Not Returned,Medium,1968.12,VIP
827773,Wireless Mouse,19,2021-09-16 00:00,98.5,0.35,21.68,Furniture,In-store,Not Returned,Medium,1871.5,VIP
639538,White Mug,38,2021-09-16 12:00,36.75,0.4,6.4,Furniture,In-store,Returned,High,1396.5,VIP
725638,USB Cable,41,2021-09-16 14:00,50.76,0.02,18.28,Furniture,Online,Not Returned,High,2081.16,VIP
345259,Desk Lamp,47,2021-09-17 08:00,45.33,0.04,29.62,Furniture,In-store,Not Returned,Medium,2130.51,VIP
958734,White Mug,35,2021-09-18 09:00,64.71,0.45,19.53,Furniture,Online,Returned,Low,2264.85,VIP
972189,Desk Lamp,43,2021-09-18 13:00,46.18,0.07,18.19,Furniture,Online,Not Returned,Low,1985.74,VIP
372667,Notebook,35,2021-09-19 10:00,89.51,0.09,25.56,Furniture,In-store,Not Returned,Medium,3132.8500000000004,VIP
856120,Headphones,39,2021-09-19 18:00,62.05,0.11,23.44,Furniture,Online,Not Returned,Low,2419.95,VIP
859087,Wall Clock,45,2021-09-19 20:00,89.7,0.48,15.8,Furniture,Online,Not Returned,Low,4036.5,VIP
825223,Wall Clock,29,2021-09-21 01:00,63.84,0.29,12.55,Furniture,In-store,Not Returned,Medium,1851.36,VIP
198841,Notebook,18,2021-09-21 07:00,79.23,0.46,25.68,Furniture,In-store,Not Returned,High,1426.14,VIP
346300,Wall Clock,45,2021-09-21 09:00,77.21,0.1,20.69,Furniture,Online,Not Returned,High,3474.45,VIP
641486,Backpack,26,2021-09-21 11:00,41.32,0.05,22.04,Furniture,Online,Not Returned,Medium,1074.32,VIP
643028,Office Chair,22,2021-09-21 16:00,60.18,0.45,8.11,Furniture,Online,Not Returned,High,1323.96,VIP
358308,Backpack,43,2021-09-21 18:00,60.46,0.15,7.24,Furniture,In-store,Not Returned,High,2599.78,VIP
664679,Blue Pen,49,2021-09-22 20:00,59.19,0.16,20.46,Furniture,In-store,Not Returned,Medium,2900.31,VIP
279354,Notebook,39,2021-09-23 10:00,89.85,0.28,12.12,Furniture,In-store,Not Returned,High,3504.15,VIP
185779,Wireless Mouse,36,2021-09-23 17:00,90.26,0.45,17.35,Furniture,Online,Not Returned,Low,3249.36,VIP
614583,Desk Lamp,33,2021-09-24 01:00,93.86,0.02,11.03,Furniture,Online,Not Returned,High,3097.38,VIP
389596,Backpack,22,2021-09-24 13:00,48.61,0.32,10.05,Furniture,In-store,Not Returned,High,1069.42,VIP
515941,White Mug,26,2021-09-24 14:00,72.6,0.03,8.44,Furniture,Online,Not Returned,High,1887.6,VIP
830420,White Mug,47,2021-09-24 17:00,88.69,0.12,19.27,Furniture,Online,Not Returned,High,4168.43,VIP
213535,Backpack,46,2021-09-24 18:00,44.52,0.24,24.58,Furniture,In-store,Not Returned,Low,2047.92,VIP
924255,Notebook,29,2021-09-25 05:00,63.9,0.38,21.55,Furniture,In-store,Returned,High,1853.1,VIP
695446,Wall Clock,24,2021-09-25 06:00,75.05,0.15,12.62,Furniture,In-store,Not Returned,High,1801.1999999999998,VIP
613676,Backpack,38,2021-09-25 14:00,51.04,0.38,20.2,Furniture,Online,Not Returned,High,1939.52,VIP
590913,Notebook,36,2021-09-25 15:00,74.85,0.46,12.53,Furniture,Online,Not Returned,Medium,2694.6,VIP
910672,Blue Pen,41,2021-09-26 08:00,75.49,0.16,29.44,Furniture,Online,Not Returned,Low,3095.09,VIP
789270,Wall Clock,44,2021-09-26 19:00,84.43,0.37,21.82,Furniture,Online,Not Returned,Medium,3714.92,VIP
212557,USB Cable,41,2021-09-27 00:00,27.26,0.42,20.11,Furniture,Online,Not Returned,Low,1117.66,VIP
645734,USB Cable,32,2021-09-27 03:00,71.25,0.37,25.24,Furniture,In-store,Not Returned,Low,2280.0,VIP
898028,USB Cable,-42,2021-09-27 22:00,-59.15,1.794328150875471,,Furniture,Online,Not Returned,Low,2484.3,VIP
297745,Blue Pen,11,2021-09-28 01:00,96.91,0.4,29.76,Furniture,In-store,Not Returned,Medium,1066.01,VIP
227309,Blue Pen,33,2021-09-28 13:00,58.6,0.23,28.98,Furniture,In-store,Not Returned,High,1933.8,VIP
654840,Desk Lamp,31,2021-09-28 17:00,91.63,0.41,10.11,Furniture,In-store,Not Returned,High,2840.53,VIP
143563,Wall Clock,44,2021-09-28 22:00,72.62,0.13,19.02,Furniture,Online,Not Returned,Medium,3195.28,VIP
610571,Wall Clock,-23,2021-09-29 03:00,-49.07,0.44,,Furniture,Online,Not Returned,Medium,1128.61,VIP
108798,Headphones,46,2021-09-29 11:00,36.82,0.41,25.54,Furniture,In-store,Returned,Medium,1693.72,VIP
508224,Wall Clock,26,2021-09-29 21:00,85.19,0.2,22.94,Furniture,Online,Not Returned,High,2214.94,VIP
116259,Wireless Mouse,35,2021-09-30 05:00,77.95,0.09,21.64,Furniture,Online,Returned,Low,2728.25,VIP
609212,T-shirt,21,2021-09-30 12:00,59.53,0.05,23.52,Furniture,In-store,Not Returned,High,1250.13,VIP
143147,Wall Clock,36,2021-09-30 14:00,44.1,0.03,27.68,Furniture,In-store,Not Returned,Medium,1587.6,VIP
374535,Backpack,41,2021-10-01 02:00,88.97,0.31,9.71,Furniture,Online,Not Returned,High,3647.77,VIP
625957,Headphones,44,2021-10-02 01:00,95.23,0.16,24.5,Furniture,Online,Not Returned,High,4190.12,VIP
806443,Backpack,21,2021-10-02 05:00,49.79,0.29,20.95,Furniture,Online,Not Returned,Low,1045.59,VIP
688321,Wireless Mouse,17,2021-10-02 19:00,99.31,0.01,12.67,Furniture,Online,Not Returned,Low,1688.27,VIP
387062,Backpack,-35,2021-10-03 04:00,-93.76,1.6319674811938378,,Furniture,Online,Not Returned,High,3281.6000000000004,VIP
716798,T-shirt,20,2021-10-03 10:00,91.13,0.02,22.84,Furniture,Online,Returned,High,1822.6,VIP
732956,USB Cable,22,2021-10-04 16:00,61.86,0.32,20.48,Furniture,In-store,Not Returned,Low,1360.92,VIP
285102,USB Cable,33,2021-10-05 04:00,80.3,0.06,7.58,Furniture,In-store,Not Returned,High,2649.9,VIP
430048,White Mug,35,2021-10-05 05:00,46.99,0.33,24.53,Furniture,In-store,Not Returned,Low,1644.65,VIP
857596,Blue Pen,16,2021-10-05 08:00,74.93,0.04,17.25,Furniture,In-store,Not Returned,High,1198.88,VIP
588241,Office Chair,34,2021-10-06 03:00,60.96,0.32,20.34,Furniture,In-store,Returned,Medium,2072.64,VIP
326812,Blue Pen,38,2021-10-06 09:00,57.61,0.33,16.17,Furniture,In-store,Not Returned,Low,2189.18,VIP
682787,White Mug,-49,2021-10-06 10:00,-86.67,1.550533917440113,,Furniture,Online,Returned,Low,4246.83,VIP
394067,Notebook,30,2021-10-06 22:00,51.04,0.32,28.33,Furniture,In-store,Not Returned,Medium,1531.2,VIP
811741,T-shirt,42,2021-10-09 02:00,56.2,0.45,17.84,Furniture,In-store,Not Returned,Medium,2360.4,VIP
352299,Backpack,34,2021-10-09 22:00,86.37,0.34,17.23,Furniture,In-store,Not Returned,High,2936.58,VIP
208352,White Mug,32,2021-10-10 00:00,34.59,0.07,12.29,Furniture,In-store,Not Returned,High,1106.88,VIP
211889,White Mug,45,2021-10-10 05:00,25.17,0.45,8.83,Furniture,Online,Not Returned,Medium,1132.65,VIP
809173,T-shirt,24,2021-10-10 20:00,55.63,0.35,16.39,Furniture,Online,Not Returned,High,1335.12,VIP
104694,Blue Pen,12,2021-10-11 06:00,90.37,0.45,6.55,Furniture,Online,Not Returned,High,1084.44,VIP
172356,Office Chair,34,2021-10-11 21:00,62.58,0.34,23.03,Furniture,Online,Not Returned,Medium,2127.72,VIP
133593,USB Cable,47,2021-10-12 20:00,95.06,0.22,22.39,Furniture,Online,Not Returned,Low,4467.82,VIP
320511,Wall Clock,41,2021-10-13 02:00,57.4,0.09,20.16,Furniture,Online,Not Returned,Medium,2353.4,VIP
282631,Wall Clock,30,2021-10-13 11:00,51.61,0.39,8.29,Furniture,Online,Returned,High,1548.3,VIP
147003,Backpack,37,2021-10-13 23:00,90.34,0.34,15.3,Furniture,In-store,Not Returned,High,3342.58,VIP
672766,Notebook,14,2021-10-14 00:00,96.35,0.03,17.13,Furniture,In-store,Not Returned,High,1348.9,VIP
987104,Headphones,49,2021-10-14 21:00,34.24,0.22,17.64,Furniture,Online,Returned,Medium,1677.76,VIP
570938,Blue Pen,23,2021-10-14 22:00,52.72,0.4,15.69,Furniture,In-store,Not Returned,Medium,1212.56,VIP
651872,Wireless Mouse,32,2021-10-15 14:00,77.07,0.44,6.63,Furniture,In-store,Not Returned,Medium,2466.24,VIP
451206,Wireless Mouse,34,2021-10-17 07:00,75.35,0.23,26.7,Furniture,Online,Returned,Medium,2561.9,VIP
958899,Wall Clock,37,2021-10-17 13:00,77.46,0.32,11.69,Furniture,Online,Returned,Medium,2866.02,VIP
781132,White Mug,48,2021-10-17 14:00,38.19,0.19,21.34,Furniture,Online,Not Returned,Medium,1833.12,VIP
294760,Wall Clock,22,2021-10-18 01:00,83.17,0.28,9.39,Furniture,Online,Not Returned,Low,1829.74,VIP
839818,Headphones,26,2021-10-18 20:00,76.63,0.29,7.76,Furniture,Online,Not Returned,Low,1992.38,VIP
379400,T-shirt,43,2021-10-19 10:00,23.73,0.1,26.73,Furniture,In-store,Not Returned,Medium,1020.39,VIP
442135,USB Cable,11,2021-10-19 18:00,95.98,0.28,20.26,Furniture,Online,Not Returned,High,1055.78,VIP
440492,Headphones,43,2021-10-19 20:00,87.98,0.05,16.03,Furniture,In-store,Not Returned,High,3783.14,VIP
759390,White Mug,49,2021-10-20 04:00,53.86,0.21,15.99,Furniture,Online,Not Returned,Medium,2639.14,VIP
136491,Blue Pen,24,2021-10-20 11:00,86.97,0.35,21.79,Furniture,In-store,Not Returned,High,2087.28,VIP
445922,Wireless Mouse,38,2021-10-20 14:00,40.92,0.4,9.6,Furniture,In-store,Not Returned,Low,1554.96,VIP
120448,Wireless Mouse,45,2021-10-20 15:00,23.55,0.07,17.95,Furniture,In-store,Not Returned,Medium,1059.75,VIP
604393,Wireless Mouse,12,2021-10-20 16:00,90.68,0.49,9.0,Furniture,In-store,Not Returned,Low,1088.16,VIP
400141,Desk Lamp,49,2021-10-24 01:00,99.66,0.19,27.39,Furniture,Online,Not Returned,High,4883.34,VIP
368718,Blue Pen,36,2021-10-24 11:00,42.05,0.08,11.98,Furniture,Online,Not Returned,High,1513.8,VIP
434937,T-shirt,14,2021-10-24 14:00,95.09,0.06,17.84,Furniture,Online,Returned,High,1331.26,VIP
281980,Wireless Mouse,35,2021-10-25 00:00,99.06,0.1,11.25,Furniture,In-store,Not Returned,High,3467.1,VIP
941847,Office Chair,42,2021-10-25 04:00,57.77,0.29,10.28,Furniture,Online,Not Returned,Medium,2426.34,VIP
911730,Blue Pen,31,2021-10-25 08:00,91.7,0.16,22.1,Furniture,In-store,Not Returned,High,2842.7000000000003,VIP
306329,Notebook,24,2021-10-25 14:00,94.7,0.34,9.37,Furniture,Online,Not Returned,Low,2272.8,VIP
686801,Wireless Mouse,20,2021-10-25 16:00,53.06,0.26,22.79,Furniture,In-store,Not Returned,High,1061.2,VIP
659486,Desk Lamp,34,2021-10-25 20:00,36.46,0.12,6.0,Furniture,Online,Not Returned,High,1239.64,VIP
959983,Notebook,36,2021-10-26 07:00,65.06,0.46,20.46,Furniture,In-store,Returned,High,2342.16,VIP
634940,Blue Pen,13,2021-10-26 17:00,90.75,0.17,16.96,Furniture,In-store,Not Returned,Medium,1179.75,VIP
317201,Backpack,43,2021-10-27 00:00,55.11,0.21,19.19,Furniture,Online,Not Returned,Medium,2369.73,VIP
732549,USB Cable,14,2021-10-27 11:00,87.3,0.4,13.1,Furniture,In-store,Not Returned,High,1222.2,VIP
555139,Backpack,30,2021-10-27 15:00,94.94,0.16,12.49,Furniture,In-store,Not Returned,Low,2848.2,VIP
170560,Wall Clock,34,2021-10-27 16:00,64.65,0.45,20.16,Furniture,In-store,Not Returned,High,2198.1000000000004,VIP
524986,Headphones,43,2021-10-27 20:00,26.1,0.14,13.48,Furniture,Online,Not Returned,Medium,1122.3,VIP
409642,Desk Lamp,36,2021-10-28 12:00,87.75,0.45,16.06,Furniture,Online,Not Returned,Low,3159.0,VIP
522122,Desk Lamp,37,2021-10-28 19:00,54.23,0.44,9.48,Furniture,Online,Not Returned,High,2006.51,VIP
564702,Backpack,37,2021-10-28 21:00,33.96,0.04,20.26,Furniture,Online,Not Returned,High,1256.52,VIP
759285,Wall Clock,24,2021-10-29 06:00,54.69,0.12,20.69,Furniture,Online,Not Returned,Low,1312.56,VIP
418415,Office Chair,42,2021-10-29 15:00,68.08,0.38,6.37,Furniture,Online,Returned,Medium,2859.36,VIP
376109,Notebook,44,2021-10-29 20:00,80.23,0.14,23.74,Furniture,In-store,Not Returned,Medium,3530.1200000000003,VIP
470522,Wireless Mouse,39,2021-10-30 05:00,95.95,0.32,23.76,Furniture,Online,Not Returned,High,3742.05,VIP
715493,White Mug,19,2021-10-30 15:00,65.08,0.47,26.28,Furniture,In-store,Returned,Low,1236.52,VIP
332321,Headphones,41,2021-10-30 16:00,34.45,0.15,12.78,Furniture,Online,Returned,Low,1412.45,VIP
674592,T-shirt,39,2021-10-31 09:00,92.29,0.47,20.46,Furniture,In-store,Not Returned,Medium,3599.3100000000004,VIP
436239,Office Chair,41,2021-10-31 14:00,99.88,0.27,10.99,Furniture,Online,Not Returned,Medium,4095.08,VIP
650755,USB Cable,27,2021-11-02 21:00,62.56,0.19,8.23,Furniture,In-store,Not Returned,High,1689.12,VIP
755408,Headphones,43,2021-11-02 23:00,57.47,0.47,29.28,Furniture,In-store,Not Returned,Medium,2471.21,VIP
339190,Wall Clock,23,2021-11-03 20:00,83.8,0.29,12.15,Furniture,In-store,Not Returned,High,1927.4,VIP
108888,T-shirt,35,2021-11-03 21:00,72.41,0.35,7.2,Furniture,In-store,Not Returned,Medium,2534.35,VIP
349434,Backpack,46,2021-11-04 10:00,69.45,0.42,12.17,Furniture,Online,Not Returned,High,3194.7000000000003,VIP
989602,Headphones,45,2021-11-04 11:00,33.11,0.19,5.11,Furniture,Online,Not Returned,Low,1489.95,VIP
280926,USB Cable,29,2021-11-04 13:00,93.81,0.28,14.26,Furniture,Online,Returned,Medium,2720.49,VIP
279504,Office Chair,17,2021-11-06 03:00,69.82,0.18,25.11,Furniture,In-store,Not Returned,High,1186.9399999999998,VIP
382648,Headphones,46,2021-11-06 06:00,62.25,0.05,16.47,Furniture,Online,Not Returned,Low,2863.5,VIP
121050,Office Chair,32,2021-11-06 09:00,87.2,0.48,5.14,Furniture,In-store,Not Returned,High,2790.4,VIP
676209,Backpack,19,2021-11-06 16:00,81.31,0.09,16.13,Furniture,Online,Not Returned,Medium,1544.89,VIP
139023,Headphones,42,2021-11-07 06:00,75.63,0.23,8.85,Furniture,Online,Not Returned,Medium,3176.46,VIP
547166,Desk Lamp,21,2021-11-07 09:00,96.07,0.48,26.5,Furniture,Online,Returned,High,2017.47,VIP
591112,Headphones,45,2021-11-07 15:00,80.62,0.19,23.91,Furniture,In-store,Returned,Low,3627.9,VIP
669503,USB Cable,35,2021-11-07 16:00,37.4,0.36,15.75,Furniture,Online,Not Returned,High,1309.0,VIP
349045,Backpack,46,2021-11-08 01:00,71.08,0.2,23.38,Furniture,In-store,Not Returned,Low,3269.68,VIP
670517,Backpack,29,2021-11-08 02:00,98.01,0.41,5.11,Furniture,Online,Not Returned,Low,2842.29,VIP
162583,Notebook,43,2021-11-08 04:00,39.49,0.07,18.1,Furniture,Online,Not Returned,High,1698.0700000000002,VIP
953575,Desk Lamp,14,2021-11-09 11:00,73.5,0.19,12.18,Furniture,In-store,Not Returned,Medium,1029.0,VIP
631562,USB Cable,44,2021-11-09 17:00,97.1,0.49,19.19,Furniture,Online,Not Returned,Medium,4272.4,VIP
516706,Office Chair,15,2021-11-10 03:00,68.69,0.22,22.19,Furniture,Online,Not Returned,Low,1030.35,VIP
272507,Notebook,36,2021-11-10 05:00,35.66,0.36,12.57,Furniture,Online,Not Returned,High,1283.7599999999998,VIP
445250,Notebook,-29,2021-11-10 09:00,-78.1,0.37,,Furniture,In-store,Not Returned,High,2264.9,VIP
810419,Wireless Mouse,31,2021-11-10 19:00,78.4,0.22,21.92,Furniture,In-store,Not Returned,Low,2430.4,VIP
971643,White Mug,40,2021-11-10 23:00,71.87,0.14,15.53,Furniture,In-store,Not Returned,Medium,2874.8,VIP
404893,Wall Clock,29,2021-11-11 01:00,61.5,0.31,28.96,Furniture,In-store,Not Returned,High,1783.5,VIP
998342,Desk Lamp,38,2021-11-11 08:00,65.23,0.01,10.38,Furniture,Online,Not Returned,High,2478.74,VIP
637717,Blue Pen,33,2021-11-11 09:00,60.77,0.25,14.04,Furniture,In-store,Not Returned,High,2005.41,VIP
914957,USB Cable,37,2021-11-11 17:00,42.87,0.29,8.08,Furniture,Online,Not Returned,Low,1586.1899999999998,VIP
299888,White Mug,43,2021-11-11 19:00,23.91,0.5,24.67,Furniture,In-store,Not Returned,Medium,1028.13,VIP
519614,Headphones,46,2021-11-12 08:00,54.31,0.33,12.01,Furniture,Online,Not Returned,High,2498.26,VIP
864705,USB Cable,17,2021-11-13 16:00,91.49,0.4,16.3,Furniture,Online,Not Returned,High,1555.33,VIP
742006,USB Cable,26,2021-11-13 17:00,84.99,0.45,10.89,Furniture,Online,Not Returned,High,2209.74,VIP
245711,Office Chair,45,2021-11-14 07:00,87.51,0.14,6.57,Furniture,In-store,Returned,Medium,3937.95,VIP
160481,Notebook,45,2021-11-15 08:00,54.23,0.03,5.79,Furniture,Online,Not Returned,Medium,2440.35,VIP
949760,Wall Clock,43,2021-11-15 11:00,97.41,0.26,19.92,Furniture,Online,Not Returned,Medium,4188.63,VIP
661465,Notebook,30,2021-11-15 17:00,50.93,0.49,11.61,Furniture,Online,Not Returned,High,1527.9,VIP
932985,Wireless Mouse,46,2021-11-16 05:00,95.1,0.39,5.03,Furniture,Online,Not Returned,High,4374.599999999999,VIP
642057,White Mug,46,2021-11-16 22:00,85.08,0.36,18.36,Furniture,Online,Not Returned,Low,3913.68,VIP
660591,USB Cable,21,2021-11-17 07:00,49.31,0.08,22.55,Furniture,Online,Not Returned,High,1035.51,VIP
280394,White Mug,27,2021-11-17 10:00,43.92,0.22,26.73,Furniture,Online,Not Returned,High,1185.84,VIP
678668,Wireless Mouse,39,2021-11-17 20:00,77.23,0.46,9.54,Furniture,In-store,Not Returned,High,3011.9700000000003,VIP
805191,Wireless Mouse,36,2021-11-17 23:00,83.26,0.01,17.49,Furniture,In-store,Not Returned,Medium,2997.36,VIP
963517,Desk Lamp,44,2021-11-18 05:00,51.43,0.44,29.33,Furniture,In-store,Not Returned,Medium,2262.92,VIP
299548,Desk Lamp,32,2021-11-18 17:00,60.72,0.43,14.44,Furniture,Online,Not Returned,Medium,1943.04,VIP
860151,T-shirt,35,2021-11-19 09:00,53.78,0.28,8.3,Furniture,Online,Not Returned,Low,1882.3,VIP
818580,Office Chair,35,2021-11-19 10:00,41.84,0.48,5.26,Furniture,Online,Not Returned,Medium,1464.4,VIP
828993,Office Chair,27,2021-11-19 16:00,62.19,0.36,26.85,Furniture,In-store,Not Returned,Medium,1679.13,VIP
400388,Wireless Mouse,22,2021-11-19 18:00,47.2,0.08,6.12,Furniture,Online,Not Returned,Low,1038.4,VIP
940765,Headphones,36,2021-11-19 20:00,56.16,0.38,6.07,Furniture,In-store,Not Returned,Low,2021.76,VIP
175028,Wireless Mouse,29,2021-11-20 02:00,41.24,0.31,19.55,Furniture,In-store,Not Returned,Low,1195.96,VIP
705507,Wireless Mouse,23,2021-11-20 13:00,68.25,0.11,23.55,Furniture,In-store,Not Returned,Medium,1569.75,VIP
219783,Wireless Mouse,49,2021-11-20 14:00,74.74,0.23,19.27,Furniture,In-store,Not Returned,High,3662.26,VIP
242290,Office Chair,16,2021-11-21 04:00,94.28,0.23,17.32,Furniture,In-store,Not Returned,High,1508.48,VIP
230439,Notebook,38,2021-11-22 01:00,85.75,0.25,16.99,Furniture,In-store,Not Returned,High,3258.5,VIP
876796,Wall Clock,-24,2021-11-23 10:00,-95.2,0.39,,Furniture,In-store,Not Returned,Low,2284.8,VIP
288691,Wireless Mouse,46,2021-11-24 12:00,28.62,0.37,24.72,Furniture,In-store,Not Returned,Medium,1316.52,VIP
924322,Wall Clock,43,2021-11-24 14:00,48.58,0.16,19.99,Furniture,In-store,Not Returned,Low,2088.94,VIP
410495,Wall Clock,13,2021-11-24 18:00,90.72,0.0,25.07,Furniture,In-store,Not Returned,Medium,1179.36,VIP
621817,Blue Pen,49,2021-11-24 23:00,25.22,0.2,8.02,Furniture,Online,Returned,Low,1235.78,VIP
594897,White Mug,-37,2021-11-25 06:00,-71.57,0.38,,Furniture,Online,Not Returned,High,2648.09,VIP
484333,Backpack,46,2021-11-25 07:00,58.4,0.12,10.08,Furniture,In-store,Not Returned,Low,2686.4,VIP
733556,Wireless Mouse,16,2021-11-25 08:00,93.99,0.42,6.46,Furniture,Online,Not Returned,High,1503.84,VIP
238691,Blue Pen,17,2021-11-25 12:00,60.57,0.31,24.47,Furniture,Online,Not Returned,High,1029.69,VIP
355027,Notebook,40,2021-11-25 19:00,52.23,0.32,9.09,Furniture,Online,Returned,Medium,2089.2,VIP
787100,USB Cable,32,2021-11-25 22:00,41.08,0.13,7.6,Furniture,Online,Not Returned,Medium,1314.56,VIP
179311,White Mug,22,2021-11-26 01:00,50.21,0.2,9.68,Furniture,In-store,Not Returned,Medium,1104.62,VIP
691881,White Mug,28,2021-11-26 04:00,43.91,0.44,12.36,Furniture,Online,Returned,Medium,1229.48,VIP
617649,Headphones,-40,2021-11-28 01:00,-83.11,0.43,,Furniture,In-store,Not Returned,High,3324.4,VIP
177123,Backpack,26,2021-11-28 13:00,91.81,0.18,10.35,Furniture,Online,Not Returned,Medium,2387.06,VIP
268767,Desk Lamp,46,2021-11-28 20:00,51.28,0.21,7.94,Furniture,Online,Not Returned,Medium,2358.88,VIP
777090,Office Chair,24,2021-11-29 07:00,93.35,0.46,18.82,Furniture,Online,Not Returned,Low,2240.4,VIP
971627,Desk Lamp,39,2021-11-29 12:00,34.83,0.42,6.64,Furniture,In-store,Not Returned,Medium,1358.37,VIP
895016,White Mug,43,2021-11-29 22:00,59.67,0.39,10.85,Furniture,Online,Not Returned,Medium,2565.81,VIP
116738,Wireless Mouse,34,2021-11-30 11:00,43.65,0.46,17.88,Furniture,In-store,Not Returned,Medium,1484.1,VIP
593085,Office Chair,29,2021-12-02 05:00,51.6,0.41,16.33,Furniture,In-store,Not Returned,Low,1496.4,VIP
306084,Office Chair,31,2021-12-02 11:00,53.18,0.34,24.73,Furniture,Online,Not Returned,High,1648.58,VIP
487554,White Mug,35,2021-12-02 13:00,46.15,0.11,27.55,Furniture,Online,Not Returned,Medium,1615.25,VIP
308072,Notebook,36,2021-12-02 16:00,89.33,0.43,15.07,Furniture,Online,Not Returned,High,3215.88,VIP
738093,Wireless Mouse,42,2021-12-03 10:00,61.42,0.41,25.63,Furniture,In-store,Returned,Low,2579.64,VIP
969914,Blue Pen,24,2021-12-03 14:00,52.99,0.49,16.88,Furniture,Online,Not Returned,High,1271.76,VIP
225801,T-shirt,21,2021-12-04 00:00,48.21,0.04,19.82,Furniture,Online,Not Returned,Medium,1012.41,VIP
994030,White Mug,17,2021-12-04 01:00,76.91,0.04,20.37,Furniture,Online,Not Returned,Low,1307.47,VIP
124220,Wireless Mouse,28,2021-12-04 11:00,77.33,0.04,24.72,Furniture,Online,Not Returned,High,2165.24,VIP
797785,T-shirt,-42,2021-12-04 15:00,-78.01,1.088386740184205,,Furniture,Online,Not Returned,Medium,3276.42,VIP
350139,White Mug,38,2021-12-05 01:00,32.17,0.27,11.51,Furniture,Online,Not Returned,Medium,1222.46,VIP
642528,Notebook,45,2021-12-05 08:00,97.96,0.27,15.57,Furniture,Online,Not Returned,Medium,4408.2,VIP
445590,Blue Pen,22,2021-12-05 10:00,95.89,0.17,17.65,Furniture,Online,Not Returned,High,2109.58,VIP
568968,Office Chair,40,2021-12-05 11:00,36.56,0.45,29.47,Furniture,In-store,Returned,Low,1462.4,VIP
990965,White Mug,27,2021-12-05 12:00,48.55,0.41,20.16,Furniture,In-store,Not Returned,High,1310.85,VIP
265368,White Mug,41,2021-12-07 00:00,30.24,0.06,23.87,Furniture,In-store,Not Returned,Low,1239.84,VIP
592646,Office Chair,35,2021-12-07 07:00,60.73,0.33,21.5,Furniture,In-store,Not Returned,Medium,2125.55,VIP
268332,Headphones,40,2021-12-07 14:00,96.09,0.0,19.37,Furniture,In-store,Not Returned,High,3843.6,VIP
612193,White Mug,33,2021-12-08 06:00,83.68,0.5,12.81,Furniture,Online,Not Returned,Low,2761.44,VIP
768043,Wireless Mouse,26,2021-12-09 02:00,46.24,0.48,6.13,Furniture,In-store,Not Returned,Low,1202.24,VIP
872793,White Mug,27,2021-12-10 18:00,79.84,0.17,29.28,Furniture,Online,Returned,Low,2155.6800000000003,VIP
103743,White Mug,46,2021-12-11 03:00,36.86,0.36,13.37,Furniture,Online,Not Returned,Medium,1695.56,VIP
978247,White Mug,48,2021-12-11 06:00,60.88,0.46,9.87,Furniture,Online,Not Returned,Low,2922.24,VIP
729600,USB Cable,25,2021-12-11 07:00,54.51,0.29,21.43,Furniture,Online,Not Returned,High,1362.75,VIP
442543,Blue Pen,42,2021-12-11 12:00,71.03,0.27,29.54,Furniture,Online,Not Returned,High,2983.26,VIP
223323,T-shirt,-28,2021-12-12 02:00,-52.1,1.0935427921280931,,Furniture,Online,Not Returned,High,1458.8,VIP
564151,Wall Clock,16,2021-12-12 17:00,95.09,0.18,25.31,Furniture,In-store,Returned,High,1521.44,VIP
981779,Desk Lamp,34,2021-12-12 18:00,30.37,0.47,23.04,Furniture,In-store,Not Returned,Medium,1032.58,VIP
585820,Office Chair,38,2021-12-13 19:00,59.84,0.08,19.16,Furniture,In-store,Not Returned,High,2273.92,VIP
775748,Wall Clock,34,2021-12-13 21:00,97.63,0.3,19.46,Furniture,Online,Not Returned,Medium,3319.42,VIP
296945,Blue Pen,49,2021-12-14 01:00,75.55,0.42,15.77,Furniture,In-store,Not Returned,Medium,3701.95,VIP
644283,Desk Lamp,20,2021-12-14 09:00,57.96,0.44,11.92,Furniture,In-store,Not Returned,High,1159.2,VIP
214587,Backpack,26,2021-12-14 10:00,59.4,0.3,11.69,Furniture,In-store,Not Returned,Low,1544.4,VIP
726627,Notebook,31,2021-12-15 11:00,38.11,0.23,23.05,Furniture,In-store,Not Returned,Medium,1181.41,VIP
332275,Office Chair,15,2021-12-15 13:00,72.36,0.05,15.98,Furniture,Online,Not Returned,Medium,1085.4,VIP
996366,White Mug,44,2021-12-16 09:00,85.06,0.01,25.46,Furniture,In-store,Not Returned,High,3742.64,VIP
305719,Desk Lamp,25,2021-12-16 15:00,67.47,0.34,20.74,Furniture,Online,Not Returned,Medium,1686.75,VIP
651972,Wireless Mouse,29,2021-12-17 02:00,95.1,0.34,18.92,Furniture,In-store,Not Returned,Medium,2757.9,VIP
641285,Headphones,49,2021-12-17 10:00,92.13,0.43,5.35,Furniture,In-store,Not Returned,Medium,4514.37,VIP
163043,White Mug,40,2021-12-17 14:00,94.57,0.36,22.23,Furniture,Online,Not Returned,Low,3782.8,VIP
228131,Wall Clock,38,2021-12-17 19:00,65.86,0.0,22.25,Furniture,Online,Not Returned,High,2502.68,VIP
467390,White Mug,17,2021-12-18 02:00,95.16,0.48,25.87,Furniture,Online,Not Returned,Low,1617.72,VIP
634535,Wireless Mouse,19,2021-12-18 14:00,86.61,0.47,16.61,Furniture,Online,Not Returned,Medium,1645.59,VIP
300123,Wireless Mouse,15,2021-12-18 15:00,67.34,0.25,25.47,Furniture,Online,Not Returned,High,1010.1,VIP
472332,Backpack,47,2021-12-19 07:00,43.2,0.17,13.96,Furniture,In-store,Not Returned,High,2030.4,VIP
622247,Desk Lamp,35,2021-12-19 17:00,78.46,0.34,19.15,Furniture,In-store,Not Returned,High,2746.1,VIP
735181,Office Chair,27,2021-12-20 05:00,57.68,0.37,28.23,Furniture,In-store,Not Returned,Medium,1557.36,VIP
565996,USB Cable,41,2021-12-20 14:00,53.83,0.19,20.79,Furniture,In-store,Returned,Medium,2207.03,VIP
871812,White Mug,20,2021-12-20 19:00,55.77,0.21,26.86,Furniture,Online,Not Returned,High,1115.4,VIP
439233,Wireless Mouse,28,2021-12-20 23:00,43.51,0.13,10.67,Furniture,In-store,Not Returned,Medium,1218.28,VIP
290191,Backpack,25,2021-12-21 02:00,86.65,0.2,11.18,Furniture,In-store,Not Returned,Medium,2166.25,VIP
569965,Office Chair,37,2021-12-23 04:00,51.11,0.49,15.98,Furniture,Online,Not Returned,High,1891.07,VIP
824091,Desk Lamp,34,2021-12-23 14:00,36.37,0.08,28.3,Furniture,In-store,Not Returned,Medium,1236.58,VIP
131817,Wall Clock,32,2021-12-23 21:00,89.87,0.07,28.55,Furniture,Online,Not Returned,Medium,2875.84,VIP
142311,Desk Lamp,38,2021-12-24 06:00,56.56,0.1,12.11,Furniture,Online,Not Returned,High,2149.28,VIP
264334,T-shirt,27,2021-12-24 13:00,78.23,0.12,9.63,Furniture,Online,Not Returned,High,2112.21,VIP
703810,Backpack,33,2021-12-24 16:00,31.49,0.46,6.13,Furniture,In-store,Not Returned,Low,1039.1699999999998,VIP
148929,Wireless Mouse,35,2021-12-24 18:00,91.03,0.48,20.54,Furniture,In-store,Not Returned,High,3186.05,VIP
896240,Headphones,39,2021-12-24 21:00,89.66,0.2,16.13,Furniture,In-store,Not Returned,Medium,3496.74,VIP
646113,White Mug,25,2021-12-25 06:00,41.51,0.49,27.93,Furniture,Online,Not Returned,High,1037.75,VIP
883103,Office Chair,28,2021-12-25 09:00,70.45,0.17,13.22,Furniture,Online,Not Returned,Low,1972.6,VIP
278982,Backpack,34,2021-12-25 19:00,75.81,0.08,15.91,Furniture,In-store,Not Returned,Low,2577.54,VIP
428042,USB Cable,48,2021-12-25 21:00,85.13,0.17,12.97,Furniture,In-store,Not Returned,Medium,4086.24,VIP
760709,Backpack,45,2021-12-26 04:00,63.61,0.5,26.58,Furniture,In-store,Not Returned,Low,2862.45,VIP
163528,Wireless Mouse,24,2021-12-26 13:00,94.71,0.0,7.69,Furniture,Online,Not Returned,Low,2273.04,VIP
556388,Headphones,32,2021-12-27 04:00,55.57,0.22,27.73,Furniture,In-store,Returned,High,1778.24,VIP
127313,USB Cable,33,2021-12-27 11:00,82.75,0.45,9.37,Furniture,Online,Returned,Medium,2730.75,VIP
279480,Headphones,31,2021-12-27 13:00,90.58,0.12,10.61,Furniture,Online,Not Returned,Low,2807.98,VIP
240688,White Mug,18,2021-12-28 07:00,61.4,0.1,12.69,Furniture,Online,Not Returned,High,1105.2,VIP
931866,Backpack,17,2021-12-28 19:00,70.12,0.32,13.13,Furniture,Online,Not Returned,Low,1192.04,VIP
942495,Notebook,-27,2021-12-29 07:00,-74.33,1.5886713828931636,,Furniture,Online,Not Returned,Medium,2006.91,VIP
179794,White Mug,38,2021-12-29 14:00,99.98,0.22,5.82,Furniture,In-store,Not Returned,High,3799.24,VIP
884326,Office Chair,28,2021-12-29 18:00,70.89,0.18,28.74,Furniture,Online,Not Returned,Medium,1984.92,VIP
844809,Desk Lamp,-39,2021-12-31 14:00,-43.54,0.18,,Furniture,In-store,Not Returned,High,1698.06,VIP
671952,USB Cable,22,2022-01-01 04:00,72.95,0.14,23.79,Furniture,Online,Not Returned,Medium,1604.9,VIP
548636,Backpack,19,2022-01-01 16:00,89.17,0.45,21.5,Furniture,Online,Not Returned,Low,1694.23,VIP
594308,Notebook,40,2022-01-01 17:00,81.31,0.37,6.64,Furniture,Online,Not Returned,High,3252.4,VIP
350396,White Mug,41,2022-01-01 20:00,43.63,0.03,5.87,Furniture,Online,Not Returned,High,1788.8300000000002,VIP
726517,White Mug,49,2022-01-02 04:00,36.99,0.18,26.51,Furniture,Online,Not Returned,Medium,1812.51,VIP
786874,Wall Clock,30,2022-01-02 17:00,45.9,0.34,7.71,Furniture,Online,Not Returned,Medium,1377.0,VIP
995150,Headphones,28,2022-01-02 18:00,54.07,0.49,22.64,Furniture,Online,Not Returned,Medium,1513.96,VIP
859774,Notebook,30,2022-01-03 11:00,96.45,0.02,9.77,Furniture,In-store,Not Returned,High,2893.5,VIP
276978,T-shirt,41,2022-01-05 16:00,25.09,0.09,21.3,Furniture,In-store,Not Returned,Medium,1028.69,VIP
159332,Notebook,39,2022-01-05 17:00,89.79,0.15,15.19,Furniture,In-store,Not Returned,Low,3501.8100000000004,VIP
907784,White Mug,19,2022-01-05 20:00,68.1,0.05,11.15,Furniture,In-store,Not Returned,Low,1293.9,VIP
606357,Wireless Mouse,20,2022-01-06 04:00,62.46,0.14,29.95,Furniture,In-store,Not Returned,Medium,1249.2,VIP
108539,Office Chair,36,2022-01-06 05:00,62.16,0.43,19.32,Furniture,Online,Not Returned,Medium,2237.76,VIP
340310,Backpack,25,2022-01-06 09:00,76.25,0.03,11.22,Furniture,Online,Not Returned,Low,1906.25,VIP
445123,T-shirt,30,2022-01-07 08:00,78.4,0.13,19.34,Furniture,Online,Not Returned,Medium,2352.0,VIP
378747,USB Cable,29,2022-01-07 10:00,61.51,0.29,5.09,Furniture,Online,Not Returned,High,1783.79,VIP
379837,Office Chair,23,2022-01-07 19:00,65.06,0.28,15.09,Furniture,In-store,Not Returned,Medium,1496.38,VIP
456668,Wall Clock,48,2022-01-07 22:00,26.33,0.08,19.31,Furniture,In-store,Not Returned,Low,1263.84,VIP
785352,Wall Clock,27,2022-01-08 00:00,49.59,0.38,28.73,Furniture,In-store,Not Returned,Medium,1338.93,VIP
425969,T-shirt,42,2022-01-08 01:00,73.38,0.28,27.34,Furniture,In-store,Not Returned,Low,3081.96,VIP
340140,USB Cable,35,2022-01-08 06:00,80.01,0.36,11.94,Furniture,Online,Returned,High,2800.3500000000004,VIP
507435,USB Cable,20,2022-01-08 09:00,62.19,0.42,27.37,Furniture,Online,Not Returned,Medium,1243.8,VIP
855247,White Mug,26,2022-01-08 14:00,99.68,0.45,17.48,Furniture,Online,Returned,Low,2591.6800000000003,VIP
649753,White Mug,20,2022-01-10 02:00,51.53,0.47,22.05,Furniture,In-store,Not Returned,High,1030.6,VIP
610237,Notebook,26,2022-01-10 05:00,44.18,0.18,9.67,Furniture,Online,Not Returned,Medium,1148.68,VIP
694206,Office Chair,25,2022-01-11 05:00,68.15,0.36,5.98,Furniture,Online,Not Returned,High,1703.7500000000002,VIP
431145,White Mug,28,2022-01-12 11:00,93.89,0.4,17.54,Furniture,Online,Not Returned,Medium,2628.92,VIP
280685,White Mug,16,2022-01-12 13:00,87.73,0.21,12.31,Furniture,In-store,Not Returned,High,1403.68,VIP
369182,Headphones,35,2022-01-12 21:00,43.88,0.43,10.59,Furniture,In-store,Not Returned,High,1535.8000000000002,VIP
892846,Blue Pen,37,2022-01-12 22:00,48.07,0.49,27.45,Furniture,Online,Not Returned,Low,1778.59,VIP
120875,Backpack,43,2022-01-13 10:00,33.48,0.29,21.51,Furniture,In-store,Not Returned,Low,1439.64,VIP
361538,White Mug,32,2022-01-13 21:00,82.54,0.4,15.27,Furniture,In-store,Not Returned,Medium,2641.28,VIP
714134,Headphones,27,2022-01-14 05:00,46.34,0.32,25.17,Furniture,Online,Not Returned,High,1251.18,VIP
401286,USB Cable,26,2022-01-14 07:00,53.74,0.39,14.0,Furniture,In-store,Not Returned,Low,1397.24,VIP
708841,White Mug,30,2022-01-14 16:00,52.59,0.37,6.3,Furniture,In-store,Not Returned,Low,1577.7,VIP
707050,Wireless Mouse,26,2022-01-15 08:00,52.43,0.33,6.29,Furniture,Online,Not Returned,Medium,1363.18,VIP
810958,Notebook,38,2022-01-15 13:00,46.16,0.06,29.83,Furniture,Online,Not Returned,High,1754.08,VIP
768646,Backpack,39,2022-01-15 16:00,31.23,0.11,11.02,Furniture,In-store,Not Returned,High,1217.97,VIP
285217,Wall Clock,49,2022-01-16 01:00,54.89,0.1,8.85,Furniture,In-store,Not Returned,High,2689.61,VIP
250434,Wireless Mouse,43,2022-01-16 09:00,78.81,0.47,23.63,Furniture,In-store,Not Returned,Low,3388.83,VIP
720218,Wall Clock,39,2022-01-16 18:00,90.26,0.38,7.69,Furniture,Online,Not Returned,Low,3520.1400000000003,VIP
820643,Office Chair,24,2022-01-16 21:00,86.59,0.47,29.46,Furniture,In-store,Not Returned,High,2078.16,VIP
802124,Backpack,37,2022-01-17 01:00,64.45,0.49,9.1,Furniture,Online,Not Returned,High,2384.65,VIP
992215,Blue Pen,-29,2022-01-17 23:00,-38.71,0.33,,Furniture,In-store,Returned,High,1122.59,VIP
618680,White Mug,35,2022-01-18 08:00,52.91,0.26,18.59,Furniture,Online,Not Returned,Low,1851.85,VIP
136972,Blue Pen,46,2022-01-18 14:00,95.96,0.15,21.42,Furniture,In-store,Not Returned,High,4414.16,VIP
248388,Notebook,-22,2022-01-19 03:00,-60.14,1.861963602494172,,Furniture,In-store,Not Returned,High,1323.08,VIP
770534,Blue Pen,18,2022-01-19 14:00,89.58,0.11,9.1,Furniture,Online,Not Returned,Low,1612.44,VIP
531613,USB Cable,45,2022-01-19 19:00,95.08,0.15,27.12,Furniture,Online,Not Returned,High,4278.6,VIP
397391,Blue Pen,47,2022-01-20 07:00,78.6,0.12,18.39,Furniture,In-store,Not Returned,Low,3694.2,VIP
493650,Desk Lamp,31,2022-01-20 11:00,59.94,0.04,26.57,Furniture,Online,Not Returned,Low,1858.14,VIP
951612,Blue Pen,28,2022-01-20 13:00,54.19,0.29,18.86,Furniture,In-store,Not Returned,Low,1517.32,VIP
958440,T-shirt,17,2022-01-22 05:00,86.76,0.19,25.89,Furniture,In-store,Not Returned,Low,1474.92,VIP
619149,Backpack,28,2022-01-22 08:00,61.63,0.26,28.9,Furniture,Online,Not Returned,Low,1725.64,VIP
380759,Notebook,47,2022-01-22 13:00,81.89,0.36,16.23,Furniture,In-store,Not Returned,Low,3848.83,VIP
565992,Headphones,45,2022-01-22 19:00,24.59,0.18,8.92,Furniture,Online,Not Returned,Low,1106.55,VIP
145291,T-shirt,26,2022-01-23 00:00,97.8,0.24,25.33,Furniture,In-store,Not Returned,High,2542.8,VIP
969061,USB Cable,37,2022-01-23 01:00,65.48,0.36,22.22,Furniture,Online,Not Returned,Medium,2422.76,VIP
121797,Desk Lamp,34,2022-01-24 01:00,43.46,0.29,11.06,Furniture,In-store,Not Returned,Low,1477.64,VIP
117903,USB Cable,45,2022-01-24 20:00,54.87,0.38,28.44,Furniture,In-store,Returned,High,2469.15,VIP
452594,Office Chair,46,2022-01-25 10:00,60.75,0.42,10.72,Furniture,Online,Not Returned,High,2794.5,VIP
472222,Backpack,38,2022-01-25 13:00,94.44,0.44,18.15,Furniture,In-store,Not Returned,Low,3588.72,VIP
688141,Backpack,15,2022-01-25 14:00,86.85,0.33,27.73,Furniture,In-store,Returned,High,1302.75,VIP
514170,Desk Lamp,23,2022-01-25 19:00,59.19,0.21,19.0,Furniture,Online,Not Returned,Medium,1361.37,VIP
688577,Desk Lamp,41,2022-01-26 01:00,25.47,0.42,11.44,Furniture,In-store,Not Returned,Medium,1044.27,VIP
934395,White Mug,49,2022-01-26 03:00,86.67,0.2,15.06,Furniture,In-store,Returned,High,4246.83,VIP
781182,White Mug,48,2022-01-26 04:00,82.9,0.34,12.44,Furniture,Online,Not Returned,Medium,3979.2,VIP
337439,T-shirt,38,2022-01-26 19:00,80.58,0.12,19.66,Furniture,In-store,Not Returned,High,3062.04,VIP
446655,USB Cable,18,2022-01-26 20:00,71.11,0.05,17.77,Furniture,In-store,Not Returned,Low,1279.98,VIP
916916,White Mug,46,2022-01-27 05:00,37.78,0.07,6.25,Furniture,Online,Not Returned,High,1737.88,VIP
404592,Headphones,30,2022-01-28 01:00,36.22,0.18,22.69,Furniture,In-store,Not Returned,Medium,1086.6,VIP
994370,Wall Clock,23,2022-01-28 12:00,83.26,0.09,21.44,Furniture,In-store,Not Returned,High,1914.98,VIP
934760,Desk Lamp,33,2022-01-28 14:00,92.77,0.29,14.46,Furniture,In-store,Not Returned,Low,3061.41,VIP
579274,Wireless Mouse,46,2022-01-29 11:00,27.06,0.48,25.28,Furniture,In-store,Not Returned,Low,1244.76,VIP
219342,White Mug,25,2022-01-29 15:00,51.96,0.06,8.34,Furniture,Online,Returned,Medium,1299.0,VIP
908143,Backpack,27,2022-01-30 16:00,83.79,0.44,18.82,Furniture,In-store,Returned,High,2262.3300000000004,VIP
781845,Wall Clock,31,2022-01-31 00:00,55.25,0.29,16.13,Furniture,In-store,Returned,High,1712.75,VIP
211359,Office Chair,22,2022-01-31 07:00,45.67,0.4,22.77,Furniture,In-store,Not Returned,Medium,1004.74,VIP
514248,Notebook,41,2022-02-01 07:00,28.08,0.34,27.08,Furniture,In-store,Not Returned,High,1151.28,VIP
313766,USB Cable,24,2022-02-01 18:00,77.49,0.48,6.5,Furniture,Online,Not Returned,Medium,1859.76,VIP
709019,Notebook,29,2022-02-01 19:00,75.64,0.1,12.29,Furniture,Online,Not Returned,High,2193.56,VIP
623846,T-shirt,21,2022-02-02 14:00,51.67,0.09,9.99,Furniture,In-store,Not Returned,High,1085.07,VIP
355560,T-shirt,15,2022-02-02 22:00,84.67,0.28,9.35,Furniture,In-store,Not Returned,High,1270.05,VIP
281676,Backpack,-26,2022-02-04 03:00,-92.23,1.6591049834030245,,Furniture,In-store,Not Returned,Low,2397.98,VIP
797143,Office Chair,-31,2022-02-04 17:00,-34.12,1.6743822543775693,,Furniture,Online,Not Returned,Low,1057.72,VIP
115376,USB Cable,19,2022-02-05 05:00,80.95,0.4,19.16,Furniture,Online,Returned,Medium,1538.05,VIP
969965,White Mug,44,2022-02-06 00:00,81.28,0.04,19.54,Furniture,In-store,Not Returned,High,3576.32,VIP
822670,Office Chair,21,2022-02-06 04:00,63.94,0.41,17.95,Furniture,Online,Not Returned,High,1342.74,VIP
719113,Desk Lamp,48,2022-02-06 10:00,77.58,0.21,11.13,Furniture,In-store,Not Returned,High,3723.84,VIP
197289,Blue Pen,45,2022-02-06 13:00,81.32,0.17,27.51,Furniture,Online,Not Returned,Low,3659.4,VIP
607745,Headphones,24,2022-02-07 04:00,81.14,0.41,22.35,Furniture,In-store,Not Returned,Low,1947.36,VIP
980507,Blue Pen,31,2022-02-07 05:00,75.82,0.44,7.73,Furniture,In-store,Not Returned,Low,2350.42,VIP
691444,T-shirt,48,2022-02-09 00:00,66.97,0.17,7.74,Furniture,Online,Not Returned,Low,3214.56,VIP
116575,Desk Lamp,42,2022-02-09 06:00,45.04,0.14,20.95,Furniture,In-store,Not Returned,Medium,1891.68,VIP
806502,Wireless Mouse,42,2022-02-09 11:00,52.01,0.43,29.34,Furniture,Online,Returned,High,2184.42,VIP
857902,T-shirt,29,2022-02-10 06:00,63.12,0.09,27.43,Furniture,In-store,Not Returned,Medium,1830.48,VIP
971612,White Mug,24,2022-02-10 07:00,83.89,0.43,9.65,Furniture,In-store,Not Returned,Medium,2013.36,VIP
385084,Office Chair,20,2022-02-10 16:00,50.43,0.21,7.53,Furniture,In-store,Not Returned,High,1008.6,VIP
207001,Blue Pen,46,2022-02-10 22:00,31.4,0.16,29.65,Furniture,In-store,Not Returned,Low,1444.4,VIP
115675,Headphones,12,2022-02-11 18:00,99.9,0.06,19.46,Furniture,In-store,Not Returned,High,1198.8000000000002,VIP
218384,Wall Clock,46,2022-02-11 19:00,95.8,0.06,5.41,Furniture,In-store,Not Returned,Medium,4406.8,VIP
826262,White Mug,47,2022-02-12 04:00,30.39,0.37,18.09,Furniture,Online,Returned,Medium,1428.33,VIP
329333,Wall Clock,21,2022-02-12 19:00,69.59,0.41,15.15,Furniture,In-store,Not Returned,High,1461.39,VIP
699262,Blue Pen,17,2022-02-13 00:00,81.67,0.24,14.69,Furniture,Online,Not Returned,Low,1388.39,VIP
884141,Headphones,48,2022-02-13 23:00,40.84,0.17,26.23,Furniture,Online,Returned,High,1960.32,VIP
345620,Office Chair,49,2022-02-14 04:00,34.22,0.09,7.03,Furniture,Online,Not Returned,Low,1676.78,VIP
267198,Backpack,44,2022-02-15 05:00,88.35,0.42,20.62,Furniture,Online,Not Returned,Medium,3887.4,VIP
132735,Wireless Mouse,26,2022-02-16 10:00,86.86,0.42,19.74,Furniture,Online,Not Returned,Low,2258.36,VIP
442925,Wall Clock,17,2022-02-17 07:00,99.86,0.06,20.08,Furniture,Online,Not Returned,High,1697.62,VIP
984907,White Mug,46,2022-02-17 17:00,97.44,0.38,24.44,Furniture,Online,Not Returned,High,4482.24,VIP
601571,Backpack,42,2022-02-17 21:00,42.73,0.06,29.52,Furniture,In-store,Returned,Medium,1794.66,VIP
417152,Blue Pen,29,2022-02-17 22:00,36.64,0.13,20.7,Furniture,In-store,Not Returned,High,1062.56,VIP
156680,Backpack,48,2022-02-18 12:00,88.91,0.37,29.0,Furniture,Online,Not Returned,High,4267.68,VIP
128400,Wireless Mouse,39,2022-02-18 13:00,39.4,0.05,8.28,Furniture,In-store,Not Returned,Medium,1536.6,VIP
822706,USB Cable,16,2022-02-18 16:00,64.69,0.41,26.99,Furniture,In-store,Returned,Medium,1035.04,VIP
390706,Notebook,31,2022-02-18 19:00,98.04,0.34,24.89,Furniture,Online,Not Returned,Low,3039.24,VIP
185834,Backpack,37,2022-02-19 09:00,99.15,0.46,7.13,Furniture,In-store,Not Returned,High,3668.55,VIP
333670,Blue Pen,42,2022-02-19 22:00,56.02,0.09,21.29,Furniture,Online,Not Returned,Medium,2352.84,VIP
228513,Wall Clock,31,2022-02-20 05:00,63.9,0.25,18.21,Furniture,In-store,Not Returned,Low,1980.9,VIP
913725,USB Cable,33,2022-02-20 06:00,67.47,0.47,14.71,Furniture,Online,Not Returned,Low,2226.51,VIP
253043,White Mug,40,2022-02-21 00:00,53.85,0.08,9.66,Furniture,Online,Not Returned,Low,2154.0,VIP
766351,T-shirt,40,2022-02-21 12:00,28.84,0.45,28.13,Furniture,Online,Not Returned,Medium,1153.6,VIP
331789,Blue Pen,40,2022-02-21 19:00,99.05,0.35,9.76,Furniture,Online,Not Returned,Medium,3962.0,VIP
902161,Notebook,45,2022-02-21 23:00,56.02,0.23,16.55,Furniture,In-store,Not Returned,High,2520.9,VIP
941345,Wall Clock,46,2022-02-22 02:00,25.53,0.15,25.52,Furniture,Online,Returned,High,1174.38,VIP
592665,Headphones,32,2022-02-22 07:00,69.94,0.38,7.84,Furniture,Online,Not Returned,High,2238.08,VIP
366651,Office Chair,43,2022-02-22 12:00,90.3,0.47,22.31,Furniture,In-store,Not Returned,Low,3882.9,VIP
862186,Office Chair,14,2022-02-22 18:00,94.41,0.3,9.66,Furniture,In-store,Not Returned,Low,1321.74,VIP
209097,Wall Clock,40,2022-02-23 01:00,58.54,0.14,17.83,Furniture,In-store,Not Returned,Medium,2341.6,VIP
230436,USB Cable,47,2022-02-23 07:00,96.19,0.47,8.2,Furniture,Online,Returned,Medium,4520.93,VIP
252018,White Mug,41,2022-02-24 01:00,79.36,0.34,5.06,Furniture,In-store,Not Returned,Medium,3253.76,VIP
884717,Backpack,39,2022-02-24 13:00,51.9,0.1,12.23,Furniture,In-store,Not Returned,Low,2024.1,VIP
955612,T-shirt,47,2022-02-24 19:00,53.41,0.31,11.14,Furniture,Online,Not Returned,Medium,2510.27,VIP
479129,Desk Lamp,36,2022-02-24 20:00,82.55,0.32,25.42,Furniture,Online,Not Returned,High,2971.8,VIP
832942,Notebook,37,2022-02-25 20:00,77.67,0.24,14.48,Furniture,In-store,Not Returned,Low,2873.79,VIP
829422,Wall Clock,36,2022-02-26 11:00,82.24,0.2,17.15,Furniture,Online,Returned,Low,2960.64,VIP
623604,White Mug,25,2022-02-27 17:00,41.04,0.37,19.09,Furniture,In-store,Not Returned,Low,1026.0,VIP
238923,Headphones,14,2022-02-28 03:00,90.87,0.16,26.78,Furniture,In-store,Not Returned,Medium,1272.18,VIP
890124,T-shirt,35,2022-02-28 07:00,30.3,0.46,27.99,Furniture,Online,Not Returned,Medium,1060.5,VIP
828229,Wireless Mouse,39,2022-02-28 20:00,67.96,0.1,23.59,Furniture,In-store,Not Returned,Low,2650.44,VIP
925855,Desk Lamp,41,2022-02-28 23:00,98.05,0.38,7.75,Furniture,Online,Not Returned,High,4020.05,VIP
186120,Office Chair,22,2022-03-01 01:00,55.13,0.3,18.41,Furniture,Online,Not Returned,Low,1212.86,VIP
666136,Blue Pen,17,2022-03-01 04:00,78.2,0.16,5.51,Furniture,Online,Not Returned,High,1329.4,VIP
413678,Headphones,21,2022-03-01 08:00,93.53,0.2,17.4,Furniture,In-store,Not Returned,High,1964.13,VIP
869708,Wireless Mouse,27,2022-03-01 13:00,89.38,0.21,29.45,Furniture,In-store,Returned,Medium,2413.26,VIP
186009,Notebook,35,2022-03-01 21:00,86.22,0.49,23.36,Furniture,In-store,Not Returned,High,3017.7,VIP
810373,Blue Pen,20,2022-03-02 10:00,63.14,0.19,15.63,Furniture,In-store,Not Returned,Medium,1262.8,VIP
206998,Wireless Mouse,43,2022-03-02 19:00,37.31,0.09,25.68,Furniture,Online,Returned,Low,1604.3300000000002,VIP
620410,Backpack,40,2022-03-02 22:00,70.63,0.26,20.0,Furniture,In-store,Not Returned,High,2825.2,VIP
833121,Blue Pen,34,2022-03-03 04:00,63.96,0.04,29.38,Furniture,In-store,Not Returned,Low,2174.64,VIP
202071,Desk Lamp,35,2022-03-03 23:00,84.61,0.3,21.97,Furniture,In-store,Not Returned,High,2961.35,VIP
983590,USB Cable,38,2022-03-04 15:00,54.97,0.33,22.02,Furniture,Online,Not Returned,Medium,2088.86,VIP
133550,Backpack,48,2022-03-04 21:00,93.32,0.19,7.01,Furniture,In-store,Returned,High,4479.36,VIP
409454,White Mug,35,2022-03-05 13:00,77.76,0.18,23.75,Furniture,Online,Not Returned,Low,2721.6000000000004,VIP
166912,Backpack,19,2022-03-05 20:00,53.18,0.43,24.55,Furniture,In-store,Returned,Low,1010.42,VIP
456215,Backpack,25,2022-03-06 14:00,91.65,0.08,13.49,Furniture,In-store,Returned,Medium,2291.25,VIP
104521,Desk Lamp,36,2022-03-07 08:00,74.18,0.31,8.88,Furniture,In-store,Not Returned,Low,2670.4800000000005,VIP
639353,Backpack,25,2022-03-07 15:00,58.64,0.37,29.15,Furniture,Online,Returned,Medium,1466.0,VIP
683984,Backpack,22,2022-03-08 07:00,46.25,0.08,27.09,Furniture,Online,Not Returned,Medium,1017.5,VIP
775087,USB Cable,20,2022-03-08 17:00,70.64,0.22,22.43,Furniture,Online,Not Returned,High,1412.8,VIP
918076,Backpack,31,2022-03-09 06:00,56.56,0.3,5.25,Furniture,In-store,Not Returned,High,1753.36,VIP
967378,Wireless Mouse,36,2022-03-09 23:00,46.44,0.09,17.93,Furniture,Online,Not Returned,Medium,1671.84,VIP
778381,Wall Clock,27,2022-03-10 09:00,61.02,0.28,10.73,Furniture,Online,Not Returned,Medium,1647.5400000000002,VIP
202666,Office Chair,47,2022-03-10 14:00,57.8,0.43,7.52,Furniture,Online,Not Returned,Low,2716.6,VIP
380786,Office Chair,38,2022-03-11 05:00,83.66,0.05,20.4,Furniture,Online,Not Returned,Low,3179.08,VIP
136509,Backpack,13,2022-03-11 08:00,79.66,0.01,20.92,Furniture,In-store,Not Returned,High,1035.58,VIP
411294,Blue Pen,40,2022-03-11 17:00,45.26,0.12,26.68,Furniture,In-store,Not Returned,High,1810.4,VIP
920484,Office Chair,44,2022-03-12 05:00,94.79,0.4,13.65,Furniture,In-store,Returned,Low,4170.76,VIP
721828,USB Cable,22,2022-03-12 10:00,60.74,0.01,15.24,Furniture,Online,Not Returned,Medium,1336.28,VIP
779424,Wireless Mouse,24,2022-03-12 12:00,90.28,0.38,6.21,Furniture,In-store,Not Returned,Low,2166.7200000000003,VIP
749086,USB Cable,47,2022-03-12 21:00,98.82,0.3,25.63,Furniture,In-store,Not Returned,Medium,4644.54,VIP
922196,Wireless Mouse,15,2022-03-13 00:00,96.59,0.24,12.26,Furniture,In-store,Returned,Medium,1448.85,VIP
108367,Notebook,30,2022-03-13 12:00,50.77,0.33,7.8,Furniture,In-store,Not Returned,Medium,1523.1,VIP
427985,Wireless Mouse,45,2022-03-13 20:00,96.42,0.46,6.36,Furniture,In-store,Not Returned,Low,4338.9,VIP
274682,Wall Clock,44,2022-03-14 12:00,95.88,0.47,14.08,Furniture,In-store,Not Returned,High,4218.719999999999,VIP
494833,Backpack,15,2022-03-14 23:00,92.25,0.27,11.21,Furniture,In-store,Not Returned,Medium,1383.75,VIP
582843,Headphones,37,2022-03-15 06:00,81.61,0.4,26.15,Furniture,Online,Not Returned,High,3019.57,VIP
754299,T-shirt,42,2022-03-15 09:00,76.5,0.37,12.14,Furniture,In-store,Not Returned,High,3213.0,VIP
131786,Wireless Mouse,39,2022-03-15 13:00,76.88,0.09,19.93,Furniture,In-store,Not Returned,Low,2998.32,VIP
567572,Desk Lamp,45,2022-03-15 14:00,96.47,0.39,10.38,Furniture,Online,Not Returned,Medium,4341.15,VIP
667152,White Mug,43,2022-03-16 16:00,87.0,0.16,13.35,Furniture,Online,Not Returned,Medium,3741.0,VIP
279243,T-shirt,49,2022-03-17 01:00,62.63,0.49,13.89,Furniture,Online,Not Returned,High,3068.8700000000003,VIP
620335,Notebook,17,2022-03-17 12:00,63.91,0.01,29.27,Furniture,In-store,Not Returned,High,1086.47,VIP
782358,Headphones,38,2022-03-17 17:00,72.86,0.49,8.66,Furniture,Online,Not Returned,Low,2768.68,VIP
733969,Blue Pen,18,2022-03-18 00:00,81.99,0.38,6.42,Furniture,In-store,Not Returned,Medium,1475.82,VIP
393076,Backpack,36,2022-03-18 19:00,57.26,0.47,14.8,Furniture,Online,Not Returned,Low,2061.36,VIP
353928,Headphones,47,2022-03-19 02:00,67.52,0.21,20.69,Furniture,Online,Not Returned,Low,3173.44,VIP
432643,Desk Lamp,47,2022-03-19 12:00,98.41,0.05,21.34,Furniture,Online,Not Returned,Low,4625.27,VIP
911608,Wall Clock,33,2022-03-19 20:00,46.21,0.49,18.22,Furniture,In-store,Not Returned,Medium,1524.93,VIP
587943,Blue Pen,15,2022-03-20 05:00,75.01,0.44,29.72,Furniture,Online,Not Returned,High,1125.15,VIP
136368,Wireless Mouse,30,2022-03-21 10:00,69.24,0.33,28.5,Furniture,Online,Not Returned,High,2077.2,VIP
613168,Blue Pen,40,2022-03-21 19:00,75.27,0.36,19.82,Furniture,Online,Not Returned,High,3010.8,VIP
144858,USB Cable,38,2022-03-22 00:00,85.62,0.16,20.89,Furniture,In-store,Not Returned,Medium,3253.5600000000004,VIP
556185,White Mug,36,2022-03-22 05:00,51.59,0.19,26.23,Furniture,Online,Not Returned,Low,1857.24,VIP
901547,Wireless Mouse,39,2022-03-22 17:00,33.34,0.24,17.56,Furniture,In-store,Not Returned,Medium,1300.2600000000002,VIP
534737,Headphones,28,2022-03-24 06:00,96.01,0.17,22.53,Furniture,In-store,Not Returned,High,2688.28,VIP
877146,USB Cable,45,2022-03-25 00:00,49.65,0.45,6.06,Furniture,Online,Not Returned,Medium,2234.25,VIP
510646,Wireless Mouse,43,2022-03-25 22:00,95.85,0.43,28.12,Furniture,In-store,Not Returned,High,4121.55,VIP
817654,Wireless Mouse,26,2022-03-26 02:00,87.13,0.17,15.21,Furniture,Online,Not Returned,High,2265.38,VIP
501702,USB Cable,19,2022-03-26 08:00,89.25,0.22,20.14,Furniture,In-store,Not Returned,High,1695.75,VIP
502961,Headphones,49,2022-03-26 11:00,55.56,0.44,13.79,Furniture,Online,Not Returned,Low,2722.44,VIP
468808,Headphones,39,2022-03-26 12:00,56.12,0.18,8.22,Furniture,In-store,Not Returned,High,2188.68,VIP
642618,Headphones,15,2022-03-26 14:00,91.02,0.17,17.24,Furniture,In-store,Not Returned,High,1365.3,VIP
700322,Backpack,27,2022-03-27 15:00,37.11,0.17,5.33,Furniture,In-store,Not Returned,Medium,1001.97,VIP
354259,USB Cable,21,2022-03-27 19:00,52.22,0.23,10.69,Furniture,Online,Not Returned,Low,1096.62,VIP
213436,Wireless Mouse,47,2022-03-27 22:00,61.36,0.46,25.77,Furniture,In-store,Not Returned,Medium,2883.92,VIP
851419,Backpack,26,2022-03-28 09:00,55.95,0.37,13.1,Furniture,Online,Not Returned,Low,1454.7,VIP
865523,Blue Pen,47,2022-03-28 11:00,71.35,0.42,22.45,Furniture,Online,Not Returned,High,3353.45,VIP
371984,Desk Lamp,47,2022-03-28 15:00,21.78,0.3,8.14,Furniture,In-store,Not Returned,Medium,1023.66,VIP
491029,Desk Lamp,45,2022-03-28 23:00,95.25,0.31,12.41,Furniture,Online,Not Returned,Medium,4286.25,VIP
453085,Headphones,49,2022-03-29 09:00,91.7,0.03,24.27,Furniture,In-store,Not Returned,High,4493.3,VIP
516919,Notebook,30,2022-03-29 10:00,93.44,0.02,6.05,Furniture,Online,Not Returned,Medium,2803.2,VIP
921681,White Mug,32,2022-03-29 18:00,95.38,0.09,28.37,Furniture,Online,Not Returned,Low,3052.16,VIP
971510,Wall Clock,31,2022-03-29 22:00,45.76,0.02,25.95,Furniture,In-store,Not Returned,Low,1418.56,VIP
496900,Blue Pen,44,2022-03-30 01:00,23.51,0.05,28.49,Furniture,In-store,Returned,Medium,1034.44,VIP
517011,Notebook,47,2022-03-30 02:00,75.37,0.43,8.15,Furniture,Online,Not Returned,Medium,3542.3900000000003,VIP
617351,Office Chair,49,2022-03-30 03:00,46.23,0.03,11.38,Furniture,Online,Not Returned,High,2265.27,VIP
812111,Wall Clock,42,2022-03-31 07:00,96.19,0.15,29.06,Furniture,Online,Not Returned,High,4039.98,VIP
296979,T-shirt,41,2022-03-31 17:00,44.83,0.47,18.23,Furniture,In-store,Not Returned,High,1838.03,VIP
200965,Wall Clock,44,2022-03-31 23:00,57.75,0.15,19.12,Furniture,Online,Not Returned,Low,2541.0,VIP
432213,Office Chair,23,2022-04-02 20:00,90.83,0.27,14.72,Furniture,In-store,Not Returned,High,2089.09,VIP
661337,Wireless Mouse,36,2022-04-02 23:00,65.63,0.09,19.4,Furniture,In-store,Not Returned,High,2362.68,VIP
389965,Headphones,24,2022-04-03 00:00,72.76,0.19,29.15,Furniture,Online,Not Returned,High,1746.2400000000002,VIP
785305,Headphones,47,2022-04-03 02:00,24.79,0.42,18.45,Furniture,In-store,Not Returned,High,1165.13,VIP
177734,Headphones,35,2022-04-03 04:00,61.3,0.26,13.04,Furniture,In-store,Not Returned,Low,2145.5,VIP
972119,Wireless Mouse,38,2022-04-04 09:00,53.67,0.07,7.69,Furniture,In-store,Not Returned,Medium,2039.46,VIP
528535,T-shirt,20,2022-04-04 10:00,56.47,0.46,6.37,Furniture,Online,Not Returned,Low,1129.4,VIP
533671,USB Cable,31,2022-04-04 17:00,70.47,0.35,25.36,Furniture,In-store,Not Returned,High,2184.57,VIP
699980,Wireless Mouse,43,2022-04-04 18:00,90.77,0.08,23.79,Furniture,In-store,Not Returned,Medium,3903.11,VIP
686463,Wall Clock,27,2022-04-04 21:00,37.39,0.07,14.98,Furniture,Online,Not Returned,Medium,1009.53,VIP
616853,Blue Pen,45,2022-04-04 23:00,35.01,0.38,19.51,Furniture,In-store,Not Returned,Low,1575.4499999999998,VIP
118179,USB Cable,31,2022-04-05 01:00,33.0,0.47,21.2,Furniture,Online,Not Returned,Medium,1023.0,VIP
203153,Wall Clock,34,2022-04-05 03:00,31.06,0.37,22.06,Furniture,Online,Not Returned,Medium,1056.04,VIP
422030,Office Chair,15,2022-04-05 14:00,67.96,0.26,9.76,Furniture,In-store,Not Returned,Low,1019.4,VIP
141598,Desk Lamp,39,2022-04-06 13:00,74.63,0.06,13.16,Furniture,Online,Not Returned,High,2910.57,VIP
781398,T-shirt,37,2022-04-07 07:00,42.03,0.15,14.51,Furniture,Online,Returned,Medium,1555.11,VIP
254525,Blue Pen,29,2022-04-07 19:00,39.33,0.06,27.14,Furniture,In-store,Not Returned,Low,1140.57,VIP
132646,USB Cable,-39,2022-04-08 07:00,-88.63,1.1671908748406292,,Furniture,Online,Not Returned,High,3456.57,VIP
668176,Wireless Mouse,44,2022-04-09 03:00,62.83,0.18,26.05,Furniture,In-store,Not Returned,Low,2764.52,VIP
583843,Desk Lamp,37,2022-04-09 06:00,34.81,0.13,15.52,Furniture,In-store,Not Returned,High,1287.97,VIP
629604,Office Chair,30,2022-04-10 00:00,98.81,0.4,11.56,Furniture,In-store,Not Returned,Low,2964.3,VIP
537090,White Mug,49,2022-04-10 11:00,33.02,0.28,20.14,Furniture,In-store,Not Returned,Low,1617.9800000000002,VIP
192199,Desk Lamp,43,2022-04-10 21:00,86.01,0.48,17.5,Furniture,Online,Not Returned,Low,3698.43,VIP
391840,T-shirt,42,2022-04-11 21:00,89.27,0.13,12.52,Furniture,In-store,Not Returned,High,3749.34,VIP
230775,USB Cable,16,2022-04-12 15:00,84.63,0.17,5.48,Furniture,Online,Not Returned,High,1354.08,VIP
132556,Desk Lamp,44,2022-04-14 01:00,57.25,0.26,27.29,Furniture,Online,Not Returned,High,2519.0,VIP
594361,Backpack,44,2022-04-14 03:00,25.4,0.16,21.46,Furniture,Online,Not Returned,High,1117.6,VIP
321746,Office Chair,30,2022-04-14 04:00,76.84,0.27,9.78,Furniture,Online,Not Returned,High,2305.2000000000003,VIP
909960,Wireless Mouse,31,2022-04-14 14:00,75.5,0.12,10.73,Furniture,Online,Not Returned,Low,2340.5,VIP
549794,Notebook,45,2022-04-15 01:00,85.67,0.1,10.72,Furniture,In-store,Not Returned,Low,3855.15,VIP
216775,USB Cable,35,2022-04-15 03:00,57.98,0.25,8.57,Furniture,Online,Returned,High,2029.3,VIP
187844,T-shirt,-49,2022-04-15 22:00,-33.03,1.2733230589327926,,Furniture,Online,Not Returned,Medium,1618.47,VIP
273074,Backpack,-38,2022-04-16 08:00,-62.2,0.26,,Furniture,In-store,Not Returned,Low,2363.6,VIP
124022,Blue Pen,37,2022-04-16 10:00,62.17,0.45,17.09,Furniture,Online,Not Returned,High,2300.29,VIP
254946,Wireless Mouse,25,2022-04-18 06:00,85.54,0.36,24.67,Furniture,In-store,Not Returned,Medium,2138.5,VIP
638569,USB Cable,34,2022-04-18 08:00,41.83,0.48,14.02,Furniture,In-store,Not Returned,Low,1422.22,VIP
597425,Blue Pen,46,2022-04-19 04:00,27.69,0.27,25.01,Furniture,Online,Not Returned,Medium,1273.74,VIP
263148,White Mug,20,2022-04-19 08:00,92.15,0.35,14.66,Furniture,Online,Not Returned,High,1843.0,VIP
568380,Blue Pen,34,2022-04-19 11:00,56.88,0.28,24.47,Furniture,Online,Not Returned,High,1933.92,VIP
994990,Wireless Mouse,14,2022-04-20 04:00,88.92,0.31,27.73,Furniture,Online,Not Returned,High,1244.88,VIP
370187,Office Chair,36,2022-04-20 12:00,49.06,0.48,20.25,Furniture,Online,Not Returned,Medium,1766.16,VIP
864291,Backpack,36,2022-04-20 15:00,50.31,0.02,28.01,Furniture,Online,Not Returned,Low,1811.16,VIP
430484,White Mug,27,2022-04-20 16:00,81.48,0.15,22.38,Furniture,Online,Not Returned,Low,2199.96,VIP
444776,USB Cable,20,2022-04-20 20:00,68.8,0.05,19.0,Furniture,Online,Not Returned,Medium,1376.0,VIP
809697,Notebook,39,2022-04-21 03:00,50.0,0.36,6.24,Furniture,In-store,Not Returned,Low,1950.0,VIP
945763,Blue Pen,42,2022-04-21 04:00,96.86,0.25,11.86,Furniture,In-store,Not Returned,Medium,4068.12,VIP
885772,Blue Pen,39,2022-04-21 05:00,33.88,0.25,8.13,Furniture,Online,Not Returned,High,1321.3200000000002,VIP
772818,Office Chair,33,2022-04-21 10:00,63.95,0.19,25.41,Furniture,Online,Returned,Medium,2110.35,VIP
790538,Wall Clock,15,2022-04-21 21:00,75.31,0.12,25.13,Furniture,In-store,Not Returned,Low,1129.65,VIP
980381,Blue Pen,20,2022-04-22 07:00,54.38,0.43,28.8,Furniture,In-store,Not Returned,Low,1087.6,VIP
357023,Office Chair,15,2022-04-22 19:00,69.0,0.49,29.11,Furniture,In-store,Not Returned,Medium,1035.0,VIP
248408,Desk Lamp,19,2022-04-22 22:00,97.82,0.22,15.83,Furniture,In-store,Not Returned,High,1858.58,VIP
631296,Notebook,44,2022-04-23 16:00,38.06,0.14,10.8,Furniture,Online,Not Returned,Low,1674.64,VIP
745026,Blue Pen,22,2022-04-24 15:00,49.7,0.42,16.81,Furniture,Online,Not Returned,Medium,1093.4,VIP
405868,Wireless Mouse,48,2022-04-25 04:00,78.1,0.39,20.01,Furniture,In-store,Not Returned,Medium,3748.8,VIP
509336,Wall Clock,40,2022-04-25 06:00,80.12,0.22,12.06,Furniture,In-store,Not Returned,Low,3204.8,VIP
292268,Notebook,28,2022-04-25 20:00,35.83,0.42,14.16,Furniture,Online,Not Returned,Medium,1003.24,VIP
964093,Wireless Mouse,35,2022-04-26 14:00,35.65,0.06,27.69,Furniture,In-store,Not Returned,Low,1247.75,VIP
703532,White Mug,12,2022-04-26 20:00,97.09,0.07,13.91,Furniture,Online,Not Returned,Low,1165.08,VIP
557391,USB Cable,39,2022-04-27 07:00,90.87,0.04,18.87,Furniture,In-store,Not Returned,High,3543.9300000000003,VIP
456338,Blue Pen,47,2022-04-27 10:00,66.41,0.17,9.53,Furniture,Online,Not Returned,High,3121.27,VIP
826099,Backpack,34,2022-04-27 11:00,41.37,0.11,28.65,Furniture,Online,Returned,High,1406.58,VIP
982257,Backpack,44,2022-04-28 02:00,26.91,0.27,17.17,Furniture,Online,Not Returned,High,1184.04,VIP
558715,USB Cable,33,2022-04-28 06:00,61.04,0.35,28.92,Furniture,Online,Not Returned,Medium,2014.32,VIP
523190,Notebook,49,2022-04-29 09:00,32.29,0.29,16.92,Furniture,Online,Not Returned,Medium,1582.21,VIP
907734,White Mug,24,2022-04-30 15:00,79.09,0.34,8.17,Furniture,In-store,Not Returned,High,1898.16,VIP
783195,Wireless Mouse,23,2022-04-30 19:00,44.15,0.09,25.19,Furniture,In-store,Not Returned,Low,1015.45,VIP
136476,Desk Lamp,26,2022-05-01 07:00,96.33,0.35,27.29,Furniture,Online,Not Returned,Low,2504.58,VIP
832267,USB Cable,42,2022-05-02 04:00,56.38,0.41,12.99,Furniture,In-store,Not Returned,Low,2367.96,VIP
309944,Desk Lamp,26,2022-05-02 13:00,56.78,0.06,18.63,Furniture,Online,Not Returned,Medium,1476.28,VIP
263223,USB Cable,27,2022-05-03 08:00,49.96,0.38,7.45,Furniture,Online,Not Returned,High,1348.92,VIP
571677,Desk Lamp,32,2022-05-03 11:00,41.2,0.28,8.95,Furniture,In-store,Not Returned,Medium,1318.4,VIP
648683,Wireless Mouse,39,2022-05-03 22:00,41.7,0.03,14.05,Furniture,In-store,Not Returned,Medium,1626.3000000000002,VIP
755860,Wall Clock,46,2022-05-04 03:00,85.44,0.01,17.81,Furniture,In-store,Not Returned,Medium,3930.24,VIP
962634,Office Chair,40,2022-05-04 17:00,31.07,0.46,11.54,Furniture,Online,Not Returned,Low,1242.8,VIP
646356,Headphones,18,2022-05-04 20:00,81.98,0.39,11.47,Furniture,In-store,Not Returned,Low,1475.64,VIP
194430,Backpack,39,2022-05-06 18:00,70.8,0.31,6.72,Furniture,In-store,Not Returned,Medium,2761.2,VIP
789051,Headphones,-50,2022-05-07 00:00,-20.44,1.462860186541976,,Furniture,Online,Not Returned,High,1022.0,VIP
322143,White Mug,46,2022-05-07 13:00,55.07,0.44,24.62,Furniture,Online,Returned,Medium,2533.22,VIP
500623,White Mug,37,2022-05-07 17:00,74.51,0.38,22.53,Furniture,In-store,Not Returned,High,2756.8700000000003,VIP
179552,Office Chair,27,2022-05-08 10:00,66.59,0.16,13.43,Furniture,Online,Returned,Medium,1797.93,VIP
621410,Blue Pen,-40,2022-05-08 12:00,-58.27,1.324234687268958,,Furniture,In-store,Not Returned,Low,2330.8,VIP
273806,Wireless Mouse,29,2022-05-08 15:00,86.47,0.46,23.76,Furniture,In-store,Not Returned,Medium,2507.63,VIP
443401,Wireless Mouse,30,2022-05-08 16:00,38.15,0.45,11.95,Furniture,In-store,Not Returned,Medium,1144.5,VIP
275210,Backpack,47,2022-05-09 10:00,26.02,0.16,7.25,Furniture,In-store,Not Returned,Medium,1222.94,VIP
377633,USB Cable,29,2022-05-09 12:00,49.2,0.15,29.58,Furniture,Online,Not Returned,High,1426.8000000000002,VIP
487167,White Mug,39,2022-05-10 22:00,46.3,0.13,10.0,Furniture,Online,Not Returned,Medium,1805.7,VIP
795269,Wall Clock,-17,2022-05-13 00:00,-78.53,0.45,,Furniture,In-store,Not Returned,Low,1335.01,VIP
746956,T-shirt,15,2022-05-13 04:00,83.9,0.07,16.01,Furniture,In-store,Not Returned,High,1258.5,VIP
560915,USB Cable,48,2022-05-13 14:00,30.87,0.27,22.16,Furniture,Online,Not Returned,Medium,1481.76,VIP
627109,Headphones,34,2022-05-14 19:00,87.62,0.21,5.6,Furniture,In-store,Not Returned,High,2979.08,VIP
838705,Office Chair,38,2022-05-15 10:00,91.11,0.09,23.83,Furniture,Online,Not Returned,Low,3462.18,VIP
501345,Office Chair,37,2022-05-15 14:00,37.25,0.37,20.72,Furniture,In-store,Not Returned,Medium,1378.25,VIP
981993,Notebook,-33,2022-05-16 10:00,-68.1,1.467805366794588,,Furniture,In-store,Not Returned,High,2247.3,VIP
712817,White Mug,-40,2022-05-16 23:00,-80.69,0.49,,Furniture,Online,Not Returned,Medium,3227.6,VIP
451314,Wireless Mouse,18,2022-05-17 05:00,71.19,0.3,16.23,Furniture,In-store,Not Returned,Medium,1281.42,VIP
519508,Backpack,24,2022-05-17 06:00,88.55,0.24,29.56,Furniture,In-store,Not Returned,Medium,2125.2,VIP
787933,White Mug,32,2022-05-17 21:00,69.18,0.24,5.44,Furniture,Online,Not Returned,Medium,2213.76,VIP
362025,White Mug,49,2022-05-17 23:00,76.25,0.16,21.58,Furniture,Online,Not Returned,Low,3736.25,VIP
247083,Wall Clock,23,2022-05-18 08:00,91.24,0.33,9.66,Furniture,Online,Not Returned,High,2098.52,VIP
183537,T-shirt,18,2022-05-18 09:00,99.04,0.08,8.83,Furniture,In-store,Not Returned,High,1782.72,VIP
190693,Wall Clock,22,2022-05-18 23:00,75.42,0.5,13.0,Furniture,In-store,Not Returned,Low,1659.24,VIP
478630,Blue Pen,31,2022-05-19 03:00,97.47,0.05,13.91,Furniture,Online,Not Returned,Medium,3021.57,VIP
175276,Headphones,39,2022-05-20 00:00,40.24,0.48,24.62,Furniture,In-store,Not Returned,Medium,1569.36,VIP
861816,White Mug,46,2022-05-20 06:00,41.92,0.08,22.64,Furniture,Online,Not Returned,Medium,1928.32,VIP
359966,USB Cable,37,2022-05-20 21:00,42.93,0.25,26.33,Furniture,In-store,Not Returned,Low,1588.41,VIP
889106,Desk Lamp,48,2022-05-21 04:00,64.71,0.37,16.29,Furniture,In-store,Not Returned,High,3106.08,VIP
977752,Office Chair,49,2022-05-21 17:00,35.33,0.01,25.67,Furniture,Online,Not Returned,High,1731.1699999999998,VIP
307012,Backpack,32,2022-05-22 03:00,37.39,0.24,22.39,Furniture,Online,Not Returned,Medium,1196.48,VIP
355623,White Mug,22,2022-05-22 08:00,62.67,0.16,21.2,Furniture,Online,Not Returned,High,1378.74,VIP
273441,USB Cable,25,2022-05-22 18:00,92.47,0.29,24.99,Furniture,In-store,Not Returned,Low,2311.75,VIP
147728,Headphones,39,2022-05-22 23:00,30.12,0.15,20.3,Furniture,In-store,Not Returned,Low,1174.68,VIP
485145,Office Chair,18,2022-05-23 11:00,79.35,0.23,7.2,Furniture,Online,Not Returned,High,1428.3,VIP
151712,Notebook,39,2022-05-23 14:00,55.95,0.4,15.95,Furniture,In-store,Not Returned,Low,2182.05,VIP
609272,Headphones,20,2022-05-23 19:00,52.65,0.37,7.54,Furniture,In-store,Not Returned,High,1053.0,VIP
794595,Backpack,27,2022-05-24 22:00,78.25,0.37,6.99,Furniture,In-store,Not Returned,Low,2112.75,VIP
253893,Blue Pen,19,2022-05-25 01:00,91.11,0.41,5.68,Furniture,In-store,Not Returned,High,1731.09,VIP
794252,Desk Lamp,49,2022-05-26 02:00,97.08,0.34,15.78,Furniture,In-store,Not Returned,Medium,4756.92,VIP
421901,Desk Lamp,31,2022-05-26 09:00,84.75,0.09,27.69,Furniture,In-store,Not Returned,Low,2627.25,VIP
115064,Office Chair,47,2022-05-26 13:00,90.56,0.26,23.56,Furniture,Online,Not Returned,Medium,4256.32,VIP
787312,Blue Pen,44,2022-05-26 15:00,75.3,0.38,19.49,Furniture,Online,Not Returned,Medium,3313.2,VIP
729769,Notebook,-25,2022-05-27 01:00,-50.16,1.869096402283167,,Furniture,Online,Not Returned,High,1254.0,VIP
739963,Notebook,35,2022-05-28 11:00,87.53,0.38,17.0,Furniture,Online,Returned,Medium,3063.55,VIP
222603,Notebook,45,2022-05-28 13:00,64.6,0.45,6.77,Furniture,In-store,Not Returned,High,2906.9999999999995,VIP
598905,USB Cable,17,2022-05-29 07:00,82.32,0.23,27.15,Furniture,Online,Not Returned,Low,1399.4399999999998,VIP
534448,Office Chair,44,2022-05-29 09:00,69.61,0.34,24.95,Furniture,In-store,Returned,Medium,3062.84,VIP
183470,Desk Lamp,34,2022-05-29 20:00,34.28,0.2,6.35,Furniture,In-store,Not Returned,High,1165.52,VIP
395103,T-shirt,43,2022-05-30 04:00,77.2,0.17,5.93,Furniture,Online,Not Returned,High,3319.6,VIP
197069,White Mug,34,2022-05-30 14:00,46.42,0.32,24.45,Furniture,In-store,Not Returned,Medium,1578.28,VIP
508980,Wireless Mouse,29,2022-05-31 03:00,90.31,0.43,13.49,Furniture,In-store,Not Returned,Low,2618.99,VIP
955633,Desk Lamp,-50,2022-05-31 16:00,-22.53,0.17,,Furniture,Online,Not Returned,Medium,1126.5,VIP
591582,Notebook,14,2022-06-01 07:00,79.28,0.06,21.51,Furniture,In-store,Not Returned,Medium,1109.92,VIP
969946,Notebook,44,2022-06-01 22:00,93.27,0.08,27.17,Furniture,In-store,Not Returned,Medium,4103.88,VIP
212808,White Mug,31,2022-06-02 05:00,62.17,0.39,27.36,Furniture,Online,Not Returned,Medium,1927.27,VIP
210091,T-shirt,37,2022-06-02 06:00,97.91,0.07,5.11,Furniture,Online,Not Returned,High,3622.67,VIP
858921,Office Chair,30,2022-06-02 22:00,39.94,0.48,19.44,Furniture,Online,Not Returned,Low,1198.1999999999998,VIP
343603,Notebook,34,2022-06-03 07:00,82.87,0.05,18.56,Furniture,In-store,Not Returned,High,2817.58,VIP
805662,Blue Pen,37,2022-06-03 08:00,53.24,0.09,6.96,Furniture,In-store,Not Returned,High,1969.88,VIP
902056,White Mug,16,2022-06-03 09:00,83.55,0.38,28.08,Furniture,In-store,Not Returned,Low,1336.8,VIP
634396,T-shirt,48,2022-06-03 23:00,35.03,0.35,17.21,Furniture,In-store,Not Returned,Medium,1681.44,VIP
766483,Blue Pen,42,2022-06-04 10:00,80.89,0.47,21.31,Furniture,Online,Not Returned,Medium,3397.38,VIP
130881,T-shirt,28,2022-06-04 17:00,43.52,0.15,18.05,Furniture,Online,Not Returned,Low,1218.5600000000002,VIP
186675,Backpack,48,2022-06-05 05:00,98.08,0.49,10.59,Furniture,Online,Returned,Medium,4707.84,VIP
324320,T-shirt,38,2022-06-05 07:00,37.93,0.09,29.52,Furniture,In-store,Not Returned,Medium,1441.34,VIP
291026,Blue Pen,34,2022-06-05 09:00,37.84,0.21,7.08,Furniture,Online,Not Returned,Medium,1286.5600000000002,VIP
251563,Blue Pen,29,2022-06-05 19:00,60.78,0.33,18.85,Furniture,In-store,Not Returned,High,1762.62,VIP
484462,Blue Pen,48,2022-06-06 11:00,76.95,0.23,5.13,Furniture,In-store,Not Returned,High,3693.6,VIP
503439,USB Cable,38,2022-06-07 05:00,80.61,0.41,26.77,Furniture,In-store,Not Returned,Low,3063.18,VIP
657807,Headphones,32,2022-06-07 08:00,90.8,0.24,7.08,Furniture,In-store,Not Returned,High,2905.6,VIP
222388,T-shirt,38,2022-06-08 10:00,57.9,0.34,14.36,Furniture,Online,Returned,High,2200.2,VIP
732551,USB Cable,23,2022-06-08 20:00,77.8,0.03,14.23,Furniture,Online,Not Returned,Low,1789.4,VIP
196643,Office Chair,49,2022-06-09 04:00,42.93,0.39,21.75,Furniture,Online,Not Returned,High,2103.57,VIP
785846,Desk Lamp,17,2022-06-09 05:00,89.62,0.33,20.64,Furniture,In-store,Not Returned,High,1523.54,VIP
571820,Backpack,28,2022-06-09 06:00,84.48,0.32,7.69,Furniture,Online,Not Returned,High,2365.44,VIP
249712,Backpack,40,2022-06-09 07:00,94.52,0.05,12.35,Furniture,Online,Returned,Medium,3780.8,VIP
293201,T-shirt,28,2022-06-09 18:00,43.78,0.45,21.67,Furniture,Online,Not Returned,Medium,1225.84,VIP
910161,Office Chair,44,2022-06-10 01:00,53.15,0.14,12.69,Furniture,In-store,Returned,High,2338.6,VIP
113149,White Mug,29,2022-06-11 08:00,46.43,0.22,9.3,Furniture,In-store,Returned,Low,1346.47,VIP
261466,T-shirt,16,2022-06-11 09:00,86.08,0.07,17.92,Furniture,In-store,Not Returned,Medium,1377.28,VIP
578911,Blue Pen,33,2022-06-11 21:00,67.32,0.24,28.55,Furniture,In-store,Not Returned,Medium,2221.56,VIP
256049,Headphones,40,2022-06-12 04:00,56.19,0.3,6.17,Furniture,In-store,Not Returned,Low,2247.6,VIP
421827,White Mug,48,2022-06-12 07:00,96.34,0.0,15.46,Furniture,In-store,Not Returned,Low,4624.32,VIP
625587,Headphones,33,2022-06-13 01:00,52.36,0.32,23.25,Furniture,Online,Not Returned,Medium,1727.88,VIP
273453,Blue Pen,40,2022-06-13 06:00,36.45,0.32,16.54,Furniture,Online,Not Returned,High,1458.0,VIP
762953,Backpack,45,2022-06-14 02:00,29.27,0.46,21.34,Furniture,Online,Not Returned,Low,1317.15,VIP
385556,USB Cable,26,2022-06-14 12:00,53.07,0.09,22.36,Furniture,In-store,Not Returned,High,1379.82,VIP
218833,Notebook,28,2022-06-14 14:00,82.17,0.08,28.15,Furniture,Online,Not Returned,High,2300.76,VIP
598577,Notebook,38,2022-06-15 01:00,47.16,0.46,11.26,Furniture,In-store,Not Returned,High,1792.08,VIP
776381,White Mug,45,2022-06-15 07:00,73.77,0.09,27.78,Furniture,Online,Not Returned,Low,3319.65,VIP
176620,Office Chair,43,2022-06-15 16:00,35.26,0.42,20.17,Furniture,Online,Not Returned,High,1516.1799999999998,VIP
536060,Desk Lamp,23,2022-06-16 13:00,84.71,0.45,29.73,Furniture,Online,Not Returned,High,1948.33,VIP
567927,Desk Lamp,17,2022-06-16 16:00,88.36,0.02,8.17,Furniture,Online,Not Returned,Medium,1502.12,VIP
164467,White Mug,28,2022-06-17 01:00,99.61,0.18,17.63,Furniture,Online,Not Returned,High,2789.08,VIP
880196,Backpack,35,2022-06-17 04:00,58.53,0.36,15.88,Furniture,Online,Not Returned,Medium,2048.55,VIP
117829,Wall Clock,31,2022-06-18 00:00,41.12,0.2,24.4,Furniture,Online,Not Returned,High,1274.72,VIP
367981,Headphones,40,2022-06-18 01:00,47.36,0.33,27.29,Furniture,Online,Not Returned,Low,1894.4,VIP
130215,Wireless Mouse,47,2022-06-18 06:00,68.86,0.5,21.07,Furniture,Online,Not Returned,Medium,3236.42,VIP
306604,T-shirt,24,2022-06-18 14:00,86.78,0.37,16.19,Furniture,Online,Not Returned,Low,2082.7200000000003,VIP
691002,White Mug,38,2022-06-18 15:00,77.68,0.17,25.05,Furniture,In-store,Not Returned,High,2951.84,VIP
743346,Notebook,17,2022-06-18 17:00,60.26,0.2,25.89,Furniture,In-store,Returned,High,1024.42,VIP
581522,T-shirt,35,2022-06-19 06:00,53.54,0.0,15.67,Furniture,In-store,Not Returned,High,1873.9,VIP
565342,Blue Pen,24,2022-06-19 21:00,72.37,0.15,9.51,Furniture,In-store,Not Returned,High,1736.88,VIP
943823,White Mug,20,2022-06-20 05:00,93.56,0.19,8.14,Furniture,In-store,Not Returned,High,1871.2,VIP
750831,Wireless Mouse,26,2022-06-20 06:00,82.96,0.01,23.98,Furniture,In-store,Not Returned,High,2156.96,VIP
718871,Wireless Mouse,43,2022-06-20 07:00,55.83,0.0,28.97,Furniture,Online,Not Returned,Medium,2400.69,VIP
289243,White Mug,39,2022-06-20 08:00,93.17,0.43,14.49,Furniture,Online,Not Returned,Medium,3633.63,VIP
402295,Backpack,19,2022-06-21 03:00,60.62,0.44,26.38,Furniture,In-store,Returned,High,1151.78,VIP
654055,USB Cable,49,2022-06-22 14:00,51.65,0.22,18.66,Furniture,Online,Not Returned,High,2530.85,VIP
253023,White Mug,47,2022-06-23 16:00,23.28,0.18,29.08,Furniture,In-store,Not Returned,Medium,1094.16,VIP
875842,White Mug,-40,2022-06-24 04:00,-69.84,1.521234307954495,,Furniture,Online,Not Returned,High,2793.6000000000004,VIP
651646,Headphones,25,2022-06-24 08:00,56.44,0.32,14.16,Furniture,In-store,Not Returned,Low,1411.0,VIP
381907,Blue Pen,46,2022-06-24 11:00,71.56,0.08,12.14,Furniture,In-store,Not Returned,Medium,3291.76,VIP
954407,Notebook,24,2022-06-24 16:00,74.15,0.0,22.27,Furniture,Online,Not Returned,Low,1779.6,VIP
309820,Headphones,47,2022-06-24 18:00,97.66,0.42,21.22,Furniture,In-store,Not Returned,High,4590.02,VIP
261919,Notebook,28,2022-06-25 03:00,50.71,0.22,22.04,Furniture,Online,Not Returned,Low,1419.88,VIP
699162,Office Chair,23,2022-06-26 03:00,62.24,0.12,26.56,Furniture,Online,Returned,High,1431.52,VIP
963611,Office Chair,38,2022-06-26 08:00,98.55,0.33,6.65,Furniture,In-store,Not Returned,Low,3744.9,VIP
407963,Wireless Mouse,13,2022-06-26 14:00,89.6,0.0,20.33,Furniture,Online,Not Returned,Low,1164.8,VIP
864634,Wall Clock,19,2022-06-27 17:00,92.3,0.12,21.86,Furniture,Online,Not Returned,Medium,1753.7,VIP
623566,Backpack,37,2022-06-27 22:00,45.08,0.04,25.2,Furniture,Online,Not Returned,Low,1667.96,VIP
674605,Wall Clock,39,2022-06-27 23:00,28.75,0.19,19.6,Furniture,Online,Returned,Medium,1121.25,VIP
164873,Office Chair,35,2022-06-28 05:00,50.6,0.0,14.66,Furniture,In-store,Not Returned,Low,1771.0,VIP
354295,Headphones,42,2022-06-29 04:00,89.03,0.13,17.94,Furniture,In-store,Not Returned,Low,3739.26,VIP
210282,T-shirt,34,2022-06-29 05:00,57.2,0.32,8.28,Furniture,In-store,Not Returned,Medium,1944.8,VIP
509362,Office Chair,37,2022-06-29 12:00,75.12,0.11,24.28,Furniture,In-store,Not Returned,Medium,2779.44,VIP
351762,White Mug,14,2022-06-29 15:00,73.07,0.21,23.38,Furniture,Online,Not Returned,High,1022.98,VIP
665168,Notebook,-27,2022-06-30 06:00,-84.21,0.41,,Furniture,Online,Not Returned,Medium,2273.67,VIP
996606,Notebook,25,2022-06-30 19:00,91.99,0.42,23.08,Furniture,Online,Not Returned,Medium,2299.75,VIP
460372,Notebook,22,2022-07-01 05:00,49.2,0.26,26.3,Furniture,In-store,Not Returned,High,1082.4,VIP
923424,Notebook,12,2022-07-02 02:00,87.61,0.35,21.52,Furniture,In-store,Not Returned,Medium,1051.32,VIP
323989,Office Chair,34,2022-07-02 15:00,68.13,0.19,28.32,Furniture,In-store,Not Returned,Low,2316.42,VIP
906675,T-shirt,48,2022-07-03 03:00,28.78,0.34,19.63,Furniture,Online,Not Returned,High,1381.44,VIP
768465,Desk Lamp,23,2022-07-03 14:00,46.42,0.32,14.64,Furniture,Online,Returned,Medium,1067.66,VIP
558245,T-shirt,11,2022-07-03 19:00,95.43,0.5,16.31,Furniture,In-store,Not Returned,Low,1049.73,VIP
448109,Blue Pen,41,2022-07-04 15:00,53.64,0.21,10.82,Furniture,Online,Not Returned,High,2199.24,VIP
718618,Notebook,45,2022-07-04 23:00,29.72,0.29,13.47,Furniture,In-store,Not Returned,High,1337.4,VIP
123758,Headphones,40,2022-07-05 15:00,33.65,0.22,27.21,Furniture,Online,Not Returned,Medium,1346.0,VIP
637605,White Mug,49,2022-07-05 18:00,44.6,0.44,27.03,Furniture,In-store,Not Returned,Medium,2185.4,VIP
784729,Headphones,38,2022-07-06 06:00,30.9,0.17,25.0,Furniture,In-store,Not Returned,Medium,1174.2,VIP
847004,Headphones,49,2022-07-07 05:00,75.67,0.25,7.55,Furniture,In-store,Not Returned,Low,3707.83,VIP
860392,Backpack,41,2022-07-07 10:00,38.72,0.33,17.94,Furniture,In-store,Not Returned,Medium,1587.52,VIP
309991,Backpack,24,2022-07-07 13:00,80.75,0.35,16.72,Furniture,Online,Not Returned,Low,1938.0,VIP
141716,Wireless Mouse,32,2022-07-07 15:00,71.06,0.04,14.71,Furniture,Online,Not Returned,Low,2273.92,VIP
979712,White Mug,37,2022-07-07 22:00,84.24,0.21,7.51,Furniture,In-store,Not Returned,Low,3116.88,VIP
643863,Office Chair,48,2022-07-08 16:00,24.81,0.05,9.5,Furniture,Online,Not Returned,High,1190.88,VIP
190388,T-shirt,36,2022-07-09 02:00,67.23,0.35,6.39,Furniture,In-store,Not Returned,Medium,2420.28,VIP
851580,Backpack,36,2022-07-09 03:00,80.25,0.04,21.87,Furniture,Online,Returned,Low,2889.0,VIP
445184,Headphones,39,2022-07-09 10:00,72.89,0.07,22.34,Furniture,In-store,Returned,Low,2842.71,VIP
562122,Wireless Mouse,-46,2022-07-09 15:00,-81.55,1.8747510881402727,,Furniture,Online,Not Returned,Low,3751.3,VIP
495124,Blue Pen,23,2022-07-09 17:00,47.05,0.23,29.66,Furniture,In-store,Not Returned,Low,1082.15,VIP
295659,Headphones,12,2022-07-09 19:00,86.74,0.35,28.59,Furniture,Online,Returned,Low,1040.88,VIP
870545,T-shirt,47,2022-07-09 22:00,89.9,0.03,15.66,Furniture,In-store,Not Returned,Low,4225.3,VIP
999273,Backpack,25,2022-07-10 10:00,57.5,0.36,16.89,Furniture,In-store,Not Returned,High,1437.5,VIP
240880,USB Cable,38,2022-07-10 17:00,92.13,0.08,14.15,Furniture,Online,Not Returned,Low,3500.94,VIP
562833,Backpack,45,2022-07-10 21:00,75.87,0.2,19.72,Furniture,Online,Not Returned,High,3414.15,VIP
663510,USB Cable,33,2022-07-10 22:00,66.01,0.45,19.84,Furniture,Online,Not Returned,High,2178.3300000000004,VIP
315616,Blue Pen,46,2022-07-11 06:00,69.65,0.27,10.05,Furniture,Online,Not Returned,Medium,3203.9,VIP
675607,White Mug,33,2022-07-11 16:00,97.06,0.1,26.55,Furniture,In-store,Not Returned,Medium,3202.98,VIP
859103,Blue Pen,49,2022-07-12 01:00,50.3,0.06,20.9,Furniture,In-store,Not Returned,High,2464.7,VIP
605931,Desk Lamp,49,2022-07-12 06:00,34.35,0.16,17.64,Furniture,Online,Not Returned,Low,1683.15,VIP
905482,White Mug,45,2022-07-12 18:00,42.12,0.32,8.42,Furniture,In-store,Not Returned,Low,1895.4,VIP
219233,Office Chair,35,2022-07-13 05:00,45.02,0.31,21.97,Furniture,In-store,Not Returned,Low,1575.7,VIP
559410,Headphones,43,2022-07-13 09:00,77.11,0.47,8.03,Furniture,Online,Not Returned,High,3315.73,VIP
343758,USB Cable,-44,2022-07-13 12:00,-33.32,1.592598695522402,,Furniture,Online,Not Returned,Low,1466.08,VIP
523030,Wireless Mouse,25,2022-07-13 20:00,56.56,0.13,27.06,Furniture,In-store,Not Returned,High,1414.0,VIP
734163,Desk Lamp,31,2022-07-15 22:00,66.87,0.47,14.92,Furniture,Online,Not Returned,Medium,2072.9700000000003,VIP
572671,Notebook,15,2022-07-16 04:00,96.37,0.05,20.09,Furniture,In-store,Not Returned,High,1445.5500000000002,VIP
676702,Wireless Mouse,41,2022-07-16 11:00,70.26,0.03,10.59,Furniture,Online,Not Returned,Medium,2880.6600000000003,VIP
910517,Office Chair,49,2022-07-16 19:00,31.11,0.14,21.05,Furniture,In-store,Not Returned,Medium,1524.39,VIP
633893,Notebook,37,2022-07-17 02:00,81.49,0.24,10.41,Furniture,In-store,Not Returned,High,3015.13,VIP
622419,Office Chair,47,2022-07-18 00:00,72.25,0.44,17.5,Furniture,Online,Not Returned,High,3395.75,VIP
457105,Desk Lamp,45,2022-07-18 22:00,75.16,0.4,20.75,Furniture,Online,Not Returned,Medium,3382.2,VIP
307593,Notebook,35,2022-07-19 11:00,91.49,0.38,28.72,Furniture,Online,Not Returned,High,3202.15,VIP
995554,Wireless Mouse,34,2022-07-19 18:00,45.99,0.27,13.13,Furniture,Online,Returned,Low,1563.66,VIP
881085,Backpack,25,2022-07-19 20:00,84.57,0.21,7.62,Furniture,In-store,Not Returned,Medium,2114.25,VIP
710572,Notebook,49,2022-07-19 21:00,94.32,0.17,8.81,Furniture,Online,Returned,Medium,4621.679999999999,VIP
667848,Office Chair,23,2022-07-20 00:00,65.79,0.03,12.07,Furniture,Online,Not Returned,High,1513.17,VIP
866355,Wall Clock,26,2022-07-20 07:00,60.16,0.12,5.93,Furniture,In-store,Not Returned,High,1564.16,VIP
789182,USB Cable,48,2022-07-20 11:00,52.06,0.23,15.3,Furniture,Online,Not Returned,Low,2498.88,VIP
165470,Headphones,46,2022-07-21 16:00,72.15,0.43,23.23,Furniture,Online,Not Returned,High,3318.9,VIP
241439,White Mug,27,2022-07-22 10:00,75.67,0.43,29.02,Furniture,In-store,Not Returned,Medium,2043.09,VIP
839906,Backpack,39,2022-07-22 17:00,34.64,0.32,21.83,Furniture,Online,Not Returned,Medium,1350.96,VIP
538201,White Mug,36,2022-07-24 07:00,59.37,0.34,22.52,Furniture,Online,Not Returned,High,2137.32,VIP
759230,Blue Pen,22,2022-07-24 11:00,66.13,0.16,16.22,Furniture,In-store,Not Returned,Low,1454.86,VIP
546811,Office Chair,32,2022-07-24 22:00,93.06,0.14,16.21,Furniture,Online,Not Returned,High,2977.92,VIP
703311,Notebook,43,2022-07-25 02:00,99.71,0.13,20.04,Furniture,Online,Not Returned,High,4287.53,VIP
117580,Wall Clock,32,2022-07-25 20:00,87.75,0.33,18.29,Furniture,In-store,Not Returned,Medium,2808.0,VIP
494039,Desk Lamp,30,2022-07-25 22:00,95.89,0.34,21.58,Furniture,In-store,Not Returned,Medium,2876.7,VIP
323080,Wall Clock,42,2022-07-26 00:00,55.09,0.26,10.25,Furniture,In-store,Not Returned,Low,2313.78,VIP
767329,Backpack,-31,2022-07-26 08:00,-61.68,1.468956594409199,,Furniture,Online,Not Returned,Low,1912.08,VIP
570452,T-shirt,13,2022-07-26 10:00,83.38,0.08,10.73,Furniture,Online,Not Returned,Medium,1083.94,VIP
826295,Headphones,16,2022-07-27 05:00,91.35,0.06,29.63,Furniture,In-store,Returned,Low,1461.6,VIP
533420,Backpack,45,2022-07-27 09:00,93.44,0.4,17.84,Furniture,In-store,Not Returned,Low,4204.8,VIP
271926,Wireless Mouse,26,2022-07-27 16:00,82.44,0.14,10.54,Furniture,In-store,Not Returned,Low,2143.44,VIP
658310,Blue Pen,33,2022-07-28 04:00,57.04,0.42,17.23,Furniture,In-store,Not Returned,Low,1882.32,VIP
642353,Desk Lamp,47,2022-07-28 06:00,32.52,0.14,29.79,Furniture,In-store,Not Returned,Medium,1528.44,VIP
520822,T-shirt,21,2022-07-29 01:00,83.41,0.18,13.79,Furniture,In-store,Not Returned,Medium,1751.61,VIP
161330,Office Chair,30,2022-07-29 03:00,48.36,0.05,7.09,Furniture,In-store,Not Returned,Medium,1450.8,VIP
467101,Notebook,28,2022-07-29 12:00,84.69,0.06,20.49,Furniture,In-store,Not Returned,Medium,2371.32,VIP
687699,Wall Clock,31,2022-07-29 14:00,67.63,0.33,23.68,Furniture,In-store,Not Returned,Low,2096.53,VIP
348290,Blue Pen,15,2022-07-30 01:00,80.94,0.06,24.31,Furniture,Online,Not Returned,Low,1214.1,VIP
916517,T-shirt,25,2022-07-30 13:00,64.62,0.44,20.51,Furniture,In-store,Not Returned,Low,1615.5,VIP
458451,Headphones,39,2022-07-30 15:00,67.29,0.08,27.15,Furniture,Online,Not Returned,Low,2624.3100000000004,VIP
365968,Wall Clock,46,2022-07-31 02:00,92.82,0.19,7.0,Furniture,Online,Not Returned,Low,4269.719999999999,VIP
946454,USB Cable,44,2022-07-31 15:00,52.18,0.16,29.1,Furniture,Online,Not Returned,Low,2295.92,VIP
672569,Headphones,30,2022-08-01 13:00,96.18,0.1,19.55,Furniture,In-store,Not Returned,Medium,2885.4,VIP
544162,Headphones,46,2022-08-01 19:00,47.22,0.38,8.73,Furniture,Online,Not Returned,Medium,2172.12,VIP
213104,T-shirt,41,2022-08-02 15:00,38.03,0.37,19.21,Furniture,Online,Not Returned,High,1559.23,VIP
828770,White Mug,26,2022-08-02 16:00,90.59,0.28,14.79,Furniture,Online,Not Returned,Low,2355.34,VIP
926064,Blue Pen,20,2022-08-02 18:00,77.42,0.1,12.46,Furniture,In-store,Not Returned,High,1548.4,VIP
951306,Desk Lamp,14,2022-08-03 08:00,92.79,0.13,25.09,Furniture,In-store,Not Returned,Low,1299.0600000000002,VIP
269299,Blue Pen,42,2022-08-03 12:00,96.18,0.39,16.04,Furniture,In-store,Not Returned,High,4039.56,VIP
508153,USB Cable,27,2022-08-03 13:00,86.04,0.35,22.62,Furniture,Online,Not Returned,Low,2323.0800000000004,VIP
194449,Office Chair,15,2022-08-03 20:00,93.77,0.45,16.51,Furniture,In-store,Not Returned,Medium,1406.55,VIP
982326,Wireless Mouse,19,2022-08-04 18:00,52.74,0.41,5.98,Furniture,Online,Not Returned,High,1002.06,VIP
234556,Wall Clock,25,2022-08-05 09:00,96.03,0.13,28.06,Furniture,In-store,Not Returned,Medium,2400.75,VIP
416131,Headphones,46,2022-08-05 10:00,44.36,0.35,25.08,Furniture,Online,Not Returned,High,2040.56,VIP
180459,Headphones,40,2022-08-05 12:00,55.69,0.44,23.47,Furniture,Online,Not Returned,High,2227.6,VIP
950247,USB Cable,41,2022-08-06 11:00,85.69,0.42,9.63,Furniture,In-store,Returned,Medium,3513.29,VIP
209365,Desk Lamp,42,2022-08-06 18:00,78.31,0.1,12.91,Furniture,Online,Not Returned,Medium,3289.02,VIP
928343,Backpack,27,2022-08-07 00:00,68.29,0.01,18.46,Furniture,In-store,Not Returned,Medium,1843.83,VIP
226866,Office Chair,-22,2022-08-07 05:00,-69.53,1.2270459391274269,,Furniture,Online,Not Returned,Low,1529.66,VIP
591745,Office Chair,30,2022-08-07 08:00,72.19,0.28,23.54,Furniture,Online,Not Returned,Medium,2165.7,VIP
217713,Wireless Mouse,14,2022-08-07 21:00,85.84,0.17,5.42,Furniture,In-store,Not Returned,Medium,1201.76,VIP
227897,White Mug,43,2022-08-08 03:00,35.91,0.06,5.96,Furniture,In-store,Not Returned,Low,1544.13,VIP
869814,Backpack,25,2022-08-08 05:00,56.94,0.37,7.67,Furniture,Online,Not Returned,Medium,1423.5,VIP
381594,Notebook,28,2022-08-08 15:00,59.65,0.0,29.73,Furniture,In-store,Not Returned,High,1670.2,VIP
443810,T-shirt,12,2022-08-09 10:00,90.57,0.41,16.94,Furniture,In-store,Not Returned,Low,1086.84,VIP
289007,Office Chair,23,2022-08-09 21:00,48.47,0.18,21.12,Furniture,Online,Returned,Medium,1114.81,VIP
246149,T-shirt,17,2022-08-14 17:00,72.83,0.36,22.48,Furniture,Online,Not Returned,Low,1238.11,VIP
808012,Wall Clock,39,2022-08-14 21:00,34.81,0.06,12.46,Furniture,In-store,Not Returned,Medium,1357.59,VIP
103376,Notebook,46,2022-08-15 15:00,92.8,0.21,11.94,Furniture,In-store,Not Returned,Medium,4268.8,VIP
392927,Desk Lamp,42,2022-08-15 16:00,65.64,0.22,24.57,Furniture,In-store,Returned,Low,2756.88,VIP
867283,Office Chair,16,2022-08-16 02:00,70.74,0.04,14.53,Furniture,Online,Not Returned,Medium,1131.84,VIP
627947,Office Chair,46,2022-08-16 15:00,93.32,0.19,14.25,Furniture,In-store,Not Returned,Low,4292.719999999999,VIP
236203,Wireless Mouse,39,2022-08-17 00:00,60.92,0.37,9.15,Furniture,Online,Not Returned,Medium,2375.88,VIP
405131,Office Chair,42,2022-08-17 09:00,31.81,0.13,8.49,Furniture,In-store,Not Returned,Low,1336.02,VIP
373445,USB Cable,35,2022-08-17 13:00,33.3,0.06,25.61,Furniture,Online,Returned,Low,1165.5,VIP
366336,Notebook,23,2022-08-17 22:00,81.29,0.5,10.48,Furniture,In-store,Not Returned,Medium,1869.67,VIP
384922,Wall Clock,25,2022-08-18 04:00,47.99,0.18,21.76,Furniture,In-store,Not Returned,Medium,1199.75,VIP
905953,Wireless Mouse,20,2022-08-18 14:00,94.95,0.37,14.02,Furniture,Online,Not Returned,High,1899.0,VIP
380199,Office Chair,31,2022-08-19 05:00,84.28,0.17,15.65,Furniture,In-store,Not Returned,Medium,2612.68,VIP
943409,Notebook,27,2022-08-20 05:00,89.71,0.32,7.99,Furniture,In-store,Returned,Low,2422.17,VIP
472371,USB Cable,49,2022-08-21 02:00,65.42,0.02,9.86,Furniture,In-store,Not Returned,Medium,3205.58,VIP
514599,T-shirt,27,2022-08-21 05:00,66.52,0.28,10.0,Furniture,In-store,Not Returned,High,1796.04,VIP
255337,White Mug,34,2022-08-22 06:00,59.29,0.26,23.4,Furniture,In-store,Not Returned,Low,2015.86,VIP
803552,Desk Lamp,17,2022-08-22 08:00,97.78,0.39,27.95,Furniture,In-store,Not Returned,Medium,1662.26,VIP
325963,USB Cable,27,2022-08-23 01:00,99.8,0.08,15.82,Furniture,Online,Not Returned,Medium,2694.6,VIP
140693,T-shirt,43,2022-08-23 07:00,61.52,0.38,5.2,Furniture,Online,Not Returned,High,2645.36,VIP
657827,T-shirt,31,2022-08-23 18:00,70.02,0.15,6.64,Furniture,Online,Not Returned,Medium,2170.62,VIP
328252,Notebook,46,2022-08-24 12:00,73.9,0.48,29.26,Furniture,In-store,Not Returned,Medium,3399.4,VIP
972730,White Mug,16,2022-08-24 15:00,68.94,0.4,17.32,Furniture,In-store,Not Returned,Medium,1103.04,VIP
168908,Blue Pen,27,2022-08-25 00:00,88.52,0.26,22.54,Furniture,Online,Not Returned,Medium,2390.04,VIP
396854,Notebook,-33,2022-08-25 02:00,-46.18,0.33,,Furniture,Online,Not Returned,Low,1523.94,VIP
755439,Notebook,24,2022-08-25 14:00,73.0,0.22,23.0,Furniture,Online,Not Returned,Low,1752.0,VIP
248579,Headphones,21,2022-08-25 22:00,99.23,0.23,27.11,Furniture,Online,Not Returned,Low,2083.83,VIP
357426,Backpack,47,2022-08-26 02:00,46.05,0.05,23.6,Furniture,Online,Not Returned,Medium,2164.35,VIP
658459,USB Cable,33,2022-08-26 04:00,89.05,0.26,9.85,Furniture,Online,Not Returned,Medium,2938.65,VIP
273873,Wireless Mouse,-41,2022-08-27 01:00,-80.9,1.8251343394064368,,Furniture,Online,Returned,Low,3316.9,VIP
816432,USB Cable,19,2022-08-27 18:00,65.18,0.14,6.17,Furniture,In-store,Not Returned,Medium,1238.42,VIP
939528,Desk Lamp,46,2022-08-28 00:00,98.64,0.05,12.91,Furniture,Online,Not Returned,Medium,4537.44,VIP
539268,Blue Pen,24,2022-08-28 02:00,70.51,0.15,25.84,Furniture,Online,Not Returned,Medium,1692.2400000000002,VIP
861752,Wireless Mouse,20,2022-08-28 11:00,82.89,0.48,14.85,Furniture,Online,Not Returned,Medium,1657.8,VIP
261680,Backpack,33,2022-08-28 19:00,56.27,0.07,22.24,Furniture,Online,Not Returned,Medium,1856.91,VIP
486822,Wireless Mouse,43,2022-08-28 21:00,90.68,0.4,20.57,Furniture,In-store,Not Returned,Medium,3899.24,VIP
875575,Wireless Mouse,27,2022-08-29 18:00,94.57,0.21,8.12,Furniture,In-store,Not Returned,Low,2553.39,VIP
834091,Office Chair,22,2022-08-30 13:00,74.12,0.06,27.34,Furniture,In-store,Not Returned,Low,1630.64,VIP
561480,White Mug,13,2022-08-30 17:00,78.03,0.45,29.94,Furniture,Online,Not Returned,Medium,1014.39,VIP
886170,Notebook,44,2022-08-31 01:00,83.17,0.04,20.45,Furniture,In-store,Not Returned,High,3659.48,VIP
361387,Blue Pen,30,2022-09-01 04:00,92.67,0.08,15.56,Furniture,Online,Not Returned,Low,2780.1,VIP
166535,Desk Lamp,15,2022-09-01 09:00,71.56,0.38,17.55,Furniture,In-store,Not Returned,Low,1073.4,VIP
989147,USB Cable,28,2022-09-01 12:00,95.38,0.5,25.18,Furniture,Online,Not Returned,High,2670.64,VIP
580693,Headphones,49,2022-09-01 13:00,54.56,0.33,6.93,Furniture,Online,Not Returned,High,2673.44,VIP
878839,Backpack,24,2022-09-02 02:00,45.39,0.45,10.2,Furniture,In-store,Not Returned,High,1089.36,VIP
535946,T-shirt,34,2022-09-03 05:00,99.61,0.31,5.01,Furniture,Online,Not Returned,High,3386.74,VIP
634022,Notebook,40,2022-09-04 05:00,26.52,0.3,19.26,Furniture,Online,Not Returned,High,1060.8,VIP
401749,Wall Clock,35,2022-09-04 07:00,37.37,0.08,26.1,Furniture,Online,Not Returned,Low,1307.9499999999998,VIP
148648,White Mug,26,2022-09-05 09:00,87.59,0.34,7.99,Furniture,In-store,Not Returned,Medium,2277.34,VIP
327993,USB Cable,41,2022-09-05 11:00,95.86,0.33,20.18,Furniture,In-store,Not Returned,Low,3930.26,VIP
346602,Office Chair,34,2022-09-05 13:00,52.79,0.18,26.75,Furniture,In-store,Returned,Medium,1794.86,VIP
341201,Office Chair,23,2022-09-05 20:00,59.67,0.1,22.55,Furniture,In-store,Not Returned,Medium,1372.41,VIP
973372,Headphones,35,2022-09-06 00:00,48.39,0.03,11.68,Furniture,In-store,Returned,Low,1693.65,VIP
963713,Backpack,25,2022-09-06 13:00,68.26,0.03,17.89,Furniture,In-store,Not Returned,Low,1706.5000000000002,VIP
983936,Wireless Mouse,28,2022-09-06 23:00,39.37,0.04,12.05,Furniture,Online,Not Returned,High,1102.36,VIP
745391,Backpack,47,2022-09-07 13:00,41.08,0.39,25.96,Furniture,Online,Not Returned,Medium,1930.76,VIP
946801,White Mug,41,2022-09-08 04:00,41.04,0.34,12.93,Furniture,Online,Not Returned,Medium,1682.64,VIP
174300,Backpack,21,2022-09-09 02:00,92.15,0.3,22.68,Furniture,In-store,Returned,High,1935.15,VIP
232001,Desk Lamp,20,2022-09-09 17:00,78.9,0.39,11.34,Furniture,In-store,Not Returned,Medium,1578.0,VIP
354268,USB Cable,35,2022-09-09 19:00,55.53,0.07,26.49,Furniture,Online,Not Returned,Medium,1943.55,VIP
720709,T-shirt,37,2022-09-10 03:00,88.25,0.24,7.28,Furniture,Online,Not Returned,Medium,3265.25,VIP
695635,Desk Lamp,38,2022-09-10 04:00,27.66,0.05,11.81,Furniture,In-store,Not Returned,High,1051.08,VIP
506743,Notebook,38,2022-09-10 08:00,49.32,0.1,23.64,Furniture,In-store,Not Returned,Medium,1874.16,VIP
122449,USB Cable,24,2022-09-10 23:00,90.45,0.32,15.76,Furniture,Online,Returned,Low,2170.8,VIP
539090,Headphones,31,2022-09-11 01:00,58.47,0.33,22.77,Furniture,Online,Not Returned,High,1812.57,VIP
892208,Blue Pen,27,2022-09-11 10:00,45.43,0.18,28.73,Furniture,Online,Not Returned,High,1226.61,VIP
230078,Desk Lamp,49,2022-09-11 14:00,39.03,0.28,26.29,Furniture,Online,Not Returned,High,1912.47,VIP
157995,Blue Pen,27,2022-09-12 02:00,81.71,0.12,10.57,Furniture,Online,Not Returned,Low,2206.17,VIP
882129,Wireless Mouse,48,2022-09-12 06:00,26.55,0.48,13.22,Furniture,In-store,Not Returned,Low,1274.4,VIP
124809,T-shirt,12,2022-09-12 17:00,90.1,0.49,20.23,Furniture,In-store,Not Returned,Medium,1081.1999999999998,VIP
153076,Blue Pen,25,2022-09-13 06:00,67.23,0.18,27.75,Furniture,In-store,Not Returned,High,1680.75,VIP
407977,Blue Pen,45,2022-09-13 09:00,66.04,0.25,17.78,Furniture,Online,Not Returned,Medium,2971.8,VIP
291755,Office Chair,14,2022-09-14 08:00,85.28,0.24,25.05,Furniture,In-store,Not Returned,Low,1193.92,VIP
129433,Blue Pen,42,2022-09-14 11:00,25.27,0.28,23.97,Furniture,Online,Not Returned,Medium,1061.34,VIP
528487,White Mug,42,2022-09-14 19:00,61.17,0.1,8.37,Furniture,Online,Not Returned,Low,2569.14,VIP
534412,Office Chair,43,2022-09-15 10:00,45.97,0.02,11.21,Furniture,Online,Not Returned,High,1976.71,VIP
720909,T-shirt,27,2022-09-16 01:00,92.69,0.09,24.49,Furniture,Online,Not Returned,Low,2502.63,VIP
466447,Backpack,20,2022-09-16 15:00,79.33,0.43,12.05,Furniture,Online,Not Returned,Medium,1586.6,VIP
473242,Wall Clock,39,2022-09-17 22:00,77.88,0.1,5.54,Furniture,In-store,Not Returned,Low,3037.32,VIP
689352,Headphones,48,2022-09-17 23:00,75.54,0.01,5.26,Furniture,Online,Not Returned,High,3625.92,VIP
127424,Desk Lamp,36,2022-09-18 02:00,81.27,0.31,20.59,Furniture,In-store,Not Returned,Medium,2925.72,VIP
551797,Backpack,47,2022-09-19 16:00,84.71,0.27,24.62,Furniture,In-store,Not Returned,Medium,3981.37,VIP
892271,T-shirt,19,2022-09-20 17:00,91.9,0.13,15.77,Furniture,In-store,Not Returned,Medium,1746.1,VIP
354166,Headphones,37,2022-09-20 20:00,75.64,0.32,19.72,Furniture,In-store,Not Returned,Low,2798.68,VIP
305532,Office Chair,18,2022-09-21 03:00,72.31,0.2,18.14,Furniture,Online,Not Returned,Low,1301.58,VIP
416161,Wireless Mouse,30,2022-09-21 16:00,54.98,0.1,13.34,Furniture,In-store,Not Returned,Medium,1649.4,VIP
813341,Notebook,46,2022-09-22 06:00,63.06,0.33,8.63,Furniture,Online,Not Returned,Low,2900.76,VIP
595407,Desk Lamp,32,2022-09-22 22:00,43.85,0.35,18.0,Furniture,Online,Not Returned,Medium,1403.2,VIP
757729,Backpack,49,2022-09-23 11:00,95.58,0.47,25.79,Furniture,Online,Not Returned,Low,4683.42,VIP
359153,Backpack,30,2022-09-23 22:00,41.62,0.27,26.94,Furniture,Online,Not Returned,Low,1248.6,VIP
140733,T-shirt,33,2022-09-24 04:00,98.49,0.45,7.04,Furniture,In-store,Not Returned,Medium,3250.17,VIP
284616,T-shirt,42,2022-09-25 03:00,64.18,0.45,16.5,Furniture,Online,Not Returned,Medium,2695.5600000000004,VIP
918454,Wireless Mouse,33,2022-09-25 08:00,52.35,0.22,8.79,Furniture,In-store,Not Returned,High,1727.55,VIP
470371,Headphones,22,2022-09-25 19:00,54.78,0.13,21.55,Furniture,In-store,Not Returned,High,1205.16,VIP
228773,Wireless Mouse,32,2022-09-25 22:00,36.26,0.49,27.26,Furniture,In-store,Not Returned,Medium,1160.32,VIP
656497,Wireless Mouse,25,2022-09-26 02:00,62.37,0.34,21.31,Furniture,Online,Not Returned,Medium,1559.25,VIP
695890,Wireless Mouse,37,2022-09-27 17:00,78.9,0.07,8.03,Furniture,Online,Not Returned,Medium,2919.3,VIP
663961,White Mug,34,2022-09-28 08:00,79.19,0.13,9.05,Furniture,In-store,Not Returned,Medium,2692.46,VIP
148423,Wall Clock,46,2022-09-28 13:00,87.98,0.38,8.07,Furniture,In-store,Not Returned,Medium,4047.08,VIP
859904,T-shirt,-33,2022-09-28 15:00,-30.34,0.09,,Furniture,In-store,Not Returned,Medium,1001.22,VIP
887189,USB Cable,12,2022-09-28 18:00,97.48,0.4,23.27,Furniture,Online,Not Returned,High,1169.76,VIP
914720,Wall Clock,42,2022-09-29 04:00,36.06,0.3,28.59,Furniture,Online,Returned,Low,1514.52,VIP
496713,Blue Pen,-22,2022-09-29 08:00,-94.3,1.9989456620945152,,Furniture,In-store,Not Returned,Medium,2074.6,VIP
848877,T-shirt,32,2022-09-29 11:00,58.22,0.2,26.7,Furniture,Online,Not Returned,Medium,1863.04,VIP
287460,White Mug,48,2022-09-29 21:00,22.28,0.05,20.81,Furniture,In-store,Not Returned,Medium,1069.44,VIP
892539,Wireless Mouse,38,2022-09-30 11:00,73.84,0.07,18.53,Furniture,In-store,Not Returned,Medium,2805.92,VIP
657873,USB Cable,42,2022-10-02 15:00,62.04,0.25,26.71,Furniture,Online,Not Returned,High,2605.68,VIP
516428,Wall Clock,42,2022-10-02 21:00,85.2,0.01,13.68,Furniture,In-store,Not Returned,Medium,3578.4,VIP
789963,Desk Lamp,45,2022-10-03 09:00,26.67,0.44,26.0,Furniture,In-store,Not Returned,Low,1200.15,VIP
984884,Desk Lamp,34,2022-10-03 11:00,38.77,0.16,24.09,Furniture,In-store,Not Returned,High,1318.18,VIP
876691,Wall Clock,41,2022-10-03 16:00,27.45,0.36,12.89,Furniture,In-store,Not Returned,Medium,1125.45,VIP
320370,Wall Clock,49,2022-10-03 20:00,94.59,0.4,11.55,Furniture,Online,Not Returned,Low,4634.91,VIP
534171,Backpack,49,2022-10-04 07:00,24.7,0.27,21.06,Furniture,Online,Not Returned,Medium,1210.3,VIP
309637,Wall Clock,-33,2022-10-04 08:00,-90.89,0.49,,Furniture,Online,Not Returned,Low,2999.37,VIP
347387,T-shirt,30,2022-10-04 16:00,84.99,0.16,11.53,Furniture,Online,Not Returned,Low,2549.7,VIP
648547,Office Chair,30,2022-10-05 13:00,92.08,0.07,20.18,Furniture,In-store,Not Returned,Medium,2762.4,VIP
481610,Desk Lamp,35,2022-10-06 01:00,32.36,0.43,15.42,Furniture,In-store,Not Returned,Medium,1132.6,VIP
145706,Office Chair,26,2022-10-06 16:00,86.97,0.25,25.66,Furniture,In-store,Not Returned,High,2261.22,VIP
302222,Headphones,44,2022-10-07 02:00,84.32,0.4,25.0,Furniture,Online,Not Returned,High,3710.08,VIP
554933,Office Chair,42,2022-10-07 15:00,51.34,0.09,10.93,Furniture,In-store,Not Returned,Low,2156.28,VIP
553520,Blue Pen,42,2022-10-07 19:00,64.48,0.13,29.82,Furniture,In-store,Not Returned,Medium,2708.1600000000003,VIP
572334,Backpack,42,2022-10-09 11:00,47.92,0.17,9.53,Furniture,In-store,Not Returned,High,2012.64,VIP
709778,T-shirt,24,2022-10-09 12:00,72.82,0.07,26.35,Furniture,Online,Not Returned,Medium,1747.6799999999998,VIP
995600,USB Cable,26,2022-10-09 17:00,69.23,0.1,18.72,Furniture,In-store,Not Returned,Medium,1799.98,VIP
349406,Notebook,26,2022-10-09 18:00,49.35,0.24,16.6,Furniture,In-store,Not Returned,Low,1283.1,VIP
331745,Office Chair,40,2022-10-10 02:00,26.47,0.06,18.73,Furniture,In-store,Not Returned,Low,1058.8,VIP
288297,Headphones,32,2022-10-10 07:00,56.32,0.24,28.03,Furniture,Online,Not Returned,Low,1802.24,VIP
982980,Backpack,48,2022-10-10 08:00,78.92,0.41,11.13,Furniture,In-store,Not Returned,Medium,3788.16,VIP
820964,Notebook,29,2022-10-10 11:00,44.76,0.08,21.91,Furniture,In-store,Returned,Medium,1298.04,VIP
346968,Backpack,40,2022-10-11 05:00,68.2,0.39,16.03,Furniture,Online,Not Returned,High,2728.0,VIP
107466,T-shirt,20,2022-10-11 08:00,92.32,0.31,28.35,Furniture,Online,Not Returned,Medium,1846.4,VIP
234150,Headphones,22,2022-10-11 15:00,89.39,0.02,23.96,Furniture,Online,Not Returned,Low,1966.58,VIP
484934,Desk Lamp,31,2022-10-11 18:00,92.0,0.27,23.61,Furniture,In-store,Not Returned,Low,2852.0,VIP
696605,Blue Pen,33,2022-10-12 06:00,82.07,0.39,25.69,Furniture,Online,Not Returned,Medium,2708.31,VIP
150530,Headphones,24,2022-10-12 09:00,45.49,0.44,21.23,Furniture,Online,Not Returned,Low,1091.76,VIP
935422,Wall Clock,16,2022-10-12 18:00,97.13,0.11,14.33,Furniture,In-store,Not Returned,Medium,1554.08,VIP
850230,Wireless Mouse,40,2022-10-12 23:00,43.27,0.12,12.38,Furniture,Online,Not Returned,High,1730.8000000000002,VIP
579053,Headphones,27,2022-10-13 02:00,96.48,0.29,27.11,Furniture,In-store,Returned,High,2604.96,VIP
698706,T-shirt,32,2022-10-13 07:00,71.75,0.0,22.44,Furniture,In-store,Not Returned,Low,2296.0,VIP
939052,T-shirt,46,2022-10-13 08:00,97.94,0.03,11.7,Furniture,In-store,Returned,High,4505.24,VIP
361989,T-shirt,47,2022-10-13 14:00,86.36,0.4,13.05,Furniture,In-store,Not Returned,Low,4058.92,VIP
742792,White Mug,47,2022-10-13 15:00,83.9,0.24,8.76,Furniture,Online,Not Returned,High,3943.3,VIP
159090,Blue Pen,17,2022-10-14 00:00,71.88,0.06,27.09,Furniture,In-store,Not Returned,High,1221.96,VIP
539378,Desk Lamp,44,2022-10-14 14:00,91.45,0.11,14.15,Furniture,In-store,Not Returned,Medium,4023.8,VIP
868112,USB Cable,44,2022-10-14 17:00,36.38,0.25,6.55,Furniture,In-store,Not Returned,Low,1600.72,VIP
946741,Headphones,26,2022-10-14 19:00,53.27,0.06,27.83,Furniture,In-store,Not Returned,High,1385.02,VIP
659268,Blue Pen,38,2022-10-15 00:00,71.89,0.31,6.09,Furniture,Online,Not Returned,High,2731.82,VIP
885345,Blue Pen,20,2022-10-15 01:00,88.87,0.31,29.6,Furniture,In-store,Not Returned,Low,1777.4,VIP
626251,Desk Lamp,47,2022-10-16 05:00,58.61,0.39,16.83,Furniture,In-store,Not Returned,Medium,2754.67,VIP
629465,White Mug,45,2022-10-16 09:00,87.75,0.44,15.91,Furniture,Online,Not Returned,Medium,3948.75,VIP
841195,USB Cable,16,2022-10-16 15:00,68.5,0.4,20.13,Furniture,Online,Not Returned,Medium,1096.0,VIP
248293,Blue Pen,47,2022-10-16 16:00,76.32,0.44,6.65,Furniture,In-store,Not Returned,Low,3587.0399999999995,VIP
861319,Office Chair,17,2022-10-16 23:00,82.51,0.03,13.83,Furniture,Online,Not Returned,Low,1402.67,VIP
239402,Backpack,30,2022-10-17 02:00,68.58,0.4,9.33,Furniture,In-store,Returned,High,2057.4,VIP
736024,USB Cable,34,2022-10-17 15:00,35.28,0.25,21.87,Furniture,In-store,Not Returned,High,1199.52,VIP
847916,USB Cable,47,2022-10-17 17:00,58.17,0.37,11.28,Furniture,Online,Not Returned,Medium,2733.99,VIP
163474,Backpack,43,2022-10-19 05:00,36.4,0.19,5.74,Furniture,Online,Not Returned,Medium,1565.2,VIP
669205,T-shirt,49,2022-10-19 15:00,34.27,0.08,18.7,Furniture,Online,Not Returned,Low,1679.2300000000002,VIP
692513,T-shirt,34,2022-10-19 20:00,99.16,0.45,15.74,Furniture,In-store,Not Returned,Low,3371.44,VIP
151033,Wall Clock,38,2022-10-20 21:00,98.31,0.2,29.7,Furniture,Online,Returned,Low,3735.78,VIP
147219,Wireless Mouse,25,2022-10-21 01:00,89.95,0.25,20.95,Furniture,Online,Not Returned,Medium,2248.75,VIP
134510,Wall Clock,-35,2022-10-22 07:00,-38.65,1.6572174010978116,,Furniture,In-store,Not Returned,High,1352.75,VIP
884689,Backpack,-11,2022-10-23 11:00,-95.53,0.39,,Furniture,In-store,Not Returned,Low,1050.83,VIP
843023,Desk Lamp,49,2022-10-23 19:00,61.52,0.15,14.82,Furniture,In-store,Not Returned,High,3014.48,VIP
748869,Blue Pen,29,2022-10-24 15:00,79.3,0.23,21.4,Furniture,Online,Not Returned,High,2299.7,VIP
955447,Blue Pen,22,2022-10-26 05:00,88.26,0.24,16.6,Furniture,Online,Not Returned,High,1941.72,VIP
513869,Backpack,47,2022-10-28 07:00,87.42,0.2,24.45,Furniture,In-store,Not Returned,High,4108.74,VIP
495324,Wall Clock,39,2022-10-28 10:00,32.44,0.46,7.43,Furniture,Online,Not Returned,Medium,1265.16,VIP
530898,USB Cable,45,2022-10-28 14:00,32.83,0.43,27.12,Furniture,Online,Returned,Medium,1477.35,VIP
534610,White Mug,44,2022-10-29 14:00,86.77,0.08,28.96,Furniture,In-store,Returned,Medium,3817.88,VIP
999455,Blue Pen,47,2022-10-29 18:00,52.38,0.15,23.17,Furniture,In-store,Not Returned,Low,2461.86,VIP
696917,Wall Clock,45,2022-10-29 22:00,34.74,0.41,29.1,Furniture,In-store,Not Returned,Low,1563.3000000000002,VIP
279431,T-shirt,28,2022-10-30 03:00,38.89,0.17,20.22,Furniture,In-store,Not Returned,Medium,1088.92,VIP
376838,White Mug,34,2022-10-30 05:00,63.47,0.21,28.87,Furniture,In-store,Not Returned,Medium,2157.98,VIP
909286,Backpack,43,2022-10-31 05:00,77.7,0.37,25.04,Furniture,In-store,Not Returned,Low,3341.1,VIP
696842,Backpack,22,2022-10-31 17:00,86.52,0.35,13.86,Furniture,In-store,Returned,High,1903.44,VIP
874072,Wireless Mouse,27,2022-10-31 21:00,45.24,0.2,16.39,Furniture,In-store,Not Returned,Medium,1221.48,VIP
221403,Office Chair,34,2022-11-01 02:00,48.65,0.09,7.4,Furniture,Online,Not Returned,High,1654.1,VIP
977407,Office Chair,20,2022-11-01 13:00,85.7,0.11,28.13,Furniture,Online,Not Returned,High,1714.0,VIP
709122,Office Chair,25,2022-11-01 22:00,45.13,0.26,15.81,Furniture,In-store,Not Returned,High,1128.25,VIP
882884,Desk Lamp,44,2022-11-02 06:00,62.39,0.1,20.0,Furniture,In-store,Not Returned,Low,2745.16,VIP
683058,Office Chair,41,2022-11-02 20:00,59.14,0.13,20.32,Furniture,In-store,Not Returned,Medium,2424.74,VIP
380980,Wall Clock,49,2022-11-03 05:00,57.07,0.48,16.81,Furniture,In-store,Not Returned,Low,2796.43,VIP
414856,Backpack,41,2022-11-03 19:00,95.89,0.44,14.69,Furniture,In-store,Not Returned,High,3931.49,VIP
894609,White Mug,16,2022-11-04 05:00,87.35,0.1,5.91,Furniture,Online,Not Returned,Low,1397.6,VIP
676115,Wireless Mouse,49,2022-11-04 13:00,30.38,0.31,29.29,Furniture,In-store,Not Returned,High,1488.62,VIP
242412,T-shirt,37,2022-11-04 23:00,31.9,0.18,17.28,Furniture,In-store,Not Returned,High,1180.3,VIP
733610,Backpack,35,2022-11-05 06:00,66.09,0.43,27.25,Furniture,In-store,Returned,Medium,2313.15,VIP
267116,White Mug,43,2022-11-05 18:00,80.84,0.13,16.77,Furniture,In-store,Not Returned,Low,3476.1200000000003,VIP
982148,Backpack,40,2022-11-06 03:00,57.31,0.45,22.26,Furniture,In-store,Not Returned,Medium,2292.4,VIP
521153,Wall Clock,13,2022-11-06 21:00,83.35,0.1,15.25,Furniture,Online,Not Returned,Low,1083.55,VIP
935134,Blue Pen,21,2022-11-07 00:00,63.09,0.46,22.27,Furniture,In-store,Not Returned,Low,1324.89,VIP
416925,USB Cable,24,2022-11-07 06:00,64.33,0.22,12.8,Furniture,In-store,Not Returned,Medium,1543.92,VIP
973705,Desk Lamp,23,2022-11-07 13:00,46.11,0.18,7.91,Furniture,Online,Not Returned,High,1060.53,VIP
215310,Desk Lamp,20,2022-11-07 15:00,75.08,0.13,27.07,Furniture,In-store,Not Returned,Low,1501.6,VIP
564825,Wall Clock,45,2022-11-07 16:00,30.58,0.46,8.97,Furniture,Online,Not Returned,High,1376.1,VIP
312718,Wall Clock,25,2022-11-08 13:00,53.92,0.14,27.59,Furniture,In-store,Not Returned,Low,1348.0,VIP
652766,USB Cable,25,2022-11-08 19:00,94.04,0.05,5.91,Furniture,In-store,Not Returned,Medium,2351.0,VIP
692145,Wall Clock,17,2022-11-08 23:00,83.07,0.26,10.22,Furniture,In-store,Not Returned,High,1412.1899999999998,VIP
665386,Blue Pen,43,2022-11-09 03:00,58.73,0.41,12.64,Furniture,In-store,Not Returned,Medium,2525.39,VIP
624898,USB Cable,18,2022-11-10 00:00,85.63,0.49,7.1,Furniture,In-store,Not Returned,High,1541.34,VIP
343095,White Mug,24,2022-11-10 09:00,95.17,0.38,21.0,Furniture,Online,Returned,Low,2284.08,VIP
936765,Office Chair,20,2022-11-10 10:00,61.7,0.1,21.49,Furniture,In-store,Not Returned,Medium,1234.0,VIP
666099,T-shirt,26,2022-11-10 14:00,98.57,0.09,5.47,Furniture,Online,Not Returned,High,2562.82,VIP
739695,USB Cable,15,2022-11-10 16:00,89.9,0.15,29.09,Furniture,Online,Not Returned,High,1348.5,VIP
994199,Notebook,19,2022-11-11 05:00,93.75,0.48,12.26,Furniture,Online,Not Returned,High,1781.25,VIP
692239,Desk Lamp,31,2022-11-11 06:00,85.73,0.09,25.49,Furniture,Online,Not Returned,Medium,2657.63,VIP
243977,Headphones,49,2022-11-11 08:00,38.41,0.15,14.61,Furniture,Online,Not Returned,Low,1882.09,VIP
203691,Blue Pen,39,2022-11-11 11:00,88.34,0.1,29.62,Furniture,Online,Not Returned,Medium,3445.26,VIP
303251,White Mug,45,2022-11-11 14:00,96.28,0.49,12.57,Furniture,In-store,Not Returned,Medium,4332.6,VIP
106028,Desk Lamp,39,2022-11-11 20:00,84.3,0.36,7.48,Furniture,In-store,Not Returned,High,3287.7,VIP
331324,White Mug,39,2022-11-12 00:00,88.17,0.06,16.05,Furniture,In-store,Not Returned,Medium,3438.63,VIP
374507,Wireless Mouse,33,2022-11-12 06:00,34.49,0.2,13.68,Furniture,In-store,Returned,Medium,1138.17,VIP
745979,Headphones,34,2022-11-12 20:00,43.91,0.13,12.4,Furniture,In-store,Not Returned,Medium,1492.9399999999998,VIP
421367,Wireless Mouse,45,2022-11-12 23:00,76.29,0.37,9.95,Furniture,Online,Not Returned,High,3433.05,VIP
839980,Backpack,20,2022-11-13 00:00,72.46,0.13,27.04,Furniture,Online,Not Returned,Low,1449.1999999999998,VIP
321325,Headphones,47,2022-11-13 12:00,83.46,0.47,26.87,Furniture,In-store,Not Returned,Low,3922.62,VIP
161684,White Mug,42,2022-11-13 15:00,32.06,0.39,10.3,Furniture,Online,Not Returned,Medium,1346.52,VIP
636201,T-shirt,17,2022-11-13 22:00,75.59,0.2,14.52,Furniture,In-store,Not Returned,Medium,1285.03,VIP
110101,Office Chair,31,2022-11-13 23:00,60.76,0.06,23.03,Furniture,In-store,Not Returned,Low,1883.56,VIP
804345,Wall Clock,45,2022-11-14 04:00,27.61,0.28,20.8,Furniture,Online,Returned,High,1242.45,VIP
520431,T-shirt,17,2022-11-14 05:00,80.44,0.33,17.81,Furniture,In-store,Not Returned,High,1367.48,VIP
119215,Wall Clock,31,2022-11-14 09:00,82.94,0.5,16.46,Furniture,In-store,Returned,Low,2571.14,VIP
590987,Wireless Mouse,43,2022-11-14 21:00,65.34,0.27,22.17,Furniture,Online,Not Returned,Medium,2809.6200000000003,VIP
385410,Wireless Mouse,32,2022-11-15 04:00,45.15,0.24,23.28,Furniture,Online,Not Returned,Low,1444.8,VIP
354799,Blue Pen,49,2022-11-15 13:00,47.21,0.14,17.76,Furniture,In-store,Not Returned,High,2313.29,VIP
807395,Office Chair,34,2022-11-15 23:00,30.89,0.46,18.95,Furniture,In-store,Not Returned,High,1050.26,VIP
428778,Headphones,41,2022-11-16 16:00,92.11,0.11,13.27,Furniture,Online,Not Returned,Low,3776.51,VIP
396649,Wall Clock,20,2022-11-16 18:00,89.02,0.3,17.53,Furniture,In-store,Not Returned,Medium,1780.4,VIP
594285,Headphones,28,2022-11-16 20:00,87.34,0.03,8.72,Furniture,In-store,Returned,Low,2445.52,VIP
737069,Headphones,41,2022-11-18 02:00,82.48,0.03,22.65,Furniture,Online,Not Returned,High,3381.6800000000003,VIP
984426,Headphones,29,2022-11-18 09:00,57.84,0.23,15.15,Furniture,Online,Not Returned,Medium,1677.36,VIP
388969,T-shirt,26,2022-11-18 20:00,93.01,0.03,6.63,Furniture,Online,Not Returned,Low,2418.26,VIP
884118,White Mug,26,2022-11-19 05:00,89.89,0.18,29.53,Furniture,In-store,Not Returned,High,2337.14,VIP
424857,Desk Lamp,26,2022-11-19 08:00,49.47,0.3,27.29,Furniture,Online,Not Returned,High,1286.22,VIP
365121,Backpack,20,2022-11-19 17:00,50.14,0.37,26.2,Furniture,Online,Not Returned,High,1002.8,VIP
494484,Headphones,22,2022-11-19 20:00,68.41,0.26,23.82,Furniture,Online,Not Returned,Medium,1505.02,VIP
705302,Wall Clock,24,2022-11-20 08:00,79.83,0.19,27.55,Furniture,Online,Not Returned,Low,1915.92,VIP
672551,White Mug,30,2022-11-20 22:00,90.98,0.06,21.27,Furniture,In-store,Not Returned,Medium,2729.4,VIP
390367,Wall Clock,18,2022-11-21 05:00,96.88,0.17,18.01,Furniture,Online,Not Returned,Low,1743.84,VIP
920007,T-shirt,28,2022-11-21 06:00,72.92,0.02,11.76,Furniture,Online,Not Returned,Medium,2041.76,VIP
335189,Notebook,33,2022-11-22 04:00,47.48,0.24,12.46,Furniture,Online,Not Returned,High,1566.84,VIP
583546,Blue Pen,26,2022-11-22 05:00,88.11,0.15,11.83,Furniture,In-store,Not Returned,High,2290.86,VIP
978174,Wireless Mouse,38,2022-11-22 12:00,43.26,0.26,7.12,Furniture,Online,Not Returned,Low,1643.88,VIP
860520,White Mug,34,2022-11-22 20:00,77.15,0.44,18.81,Furniture,In-store,Not Returned,Low,2623.1000000000004,VIP
836626,USB Cable,17,2022-11-23 13:00,84.22,0.2,14.99,Furniture,In-store,Not Returned,High,1431.74,VIP
923072,White Mug,15,2022-11-23 20:00,74.04,0.01,20.82,Furniture,In-store,Not Returned,Low,1110.6,VIP
346921,Notebook,46,2022-11-24 00:00,30.94,0.3,15.41,Furniture,In-store,Not Returned,Low,1423.24,VIP
826589,White Mug,30,2022-11-24 01:00,37.54,0.45,8.06,Furniture,In-store,Not Returned,Medium,1126.2,VIP
710602,Backpack,37,2022-11-24 14:00,48.5,0.09,21.57,Furniture,In-store,Not Returned,Low,1794.5,VIP
635814,Blue Pen,-23,2022-11-25 08:00,-76.8,1.499550509139424,,Furniture,In-store,Not Returned,Medium,1766.4,VIP
223441,USB Cable,46,2022-11-26 05:00,77.17,0.32,22.78,Furniture,Online,Not Returned,High,3549.82,VIP
283643,Wall Clock,25,2022-11-26 10:00,40.93,0.18,27.06,Furniture,Online,Not Returned,Medium,1023.25,VIP
288766,Backpack,42,2022-11-27 18:00,88.75,0.33,21.45,Furniture,In-store,Returned,High,3727.5,VIP
745171,Headphones,42,2022-11-28 04:00,59.49,0.08,22.37,Furniture,Online,Not Returned,Low,2498.58,VIP
450340,Wireless Mouse,48,2022-11-28 07:00,90.29,0.08,7.34,Furniture,In-store,Not Returned,Medium,4333.92,VIP
548250,Desk Lamp,44,2022-11-28 13:00,68.03,0.36,10.07,Furniture,Online,Not Returned,High,2993.32,VIP
375995,USB Cable,41,2022-11-30 09:00,72.09,0.43,21.34,Furniture,In-store,Not Returned,Low,2955.69,VIP
576555,Desk Lamp,40,2022-11-30 19:00,47.03,0.42,10.94,Furniture,In-store,Not Returned,Medium,1881.2,VIP
640609,Blue Pen,27,2022-12-02 02:00,73.54,0.27,13.61,Furniture,In-store,Not Returned,Low,1985.58,VIP
705871,White Mug,27,2022-12-02 20:00,75.8,0.08,11.93,Furniture,In-store,Not Returned,High,2046.6,VIP
891709,Backpack,23,2022-12-02 23:00,87.07,0.05,11.54,Furniture,In-store,Not Returned,Low,2002.61,VIP
681190,Backpack,36,2022-12-03 02:00,33.45,0.34,13.45,Furniture,Online,Not Returned,Medium,1204.2,VIP
491568,Office Chair,39,2022-12-03 12:00,49.31,0.43,22.64,Furniture,Online,Not Returned,Medium,1923.09,VIP
165781,T-shirt,39,2022-12-03 17:00,68.28,0.06,6.3,Furniture,In-store,Not Returned,Medium,2662.92,VIP
936103,Backpack,15,2022-12-03 22:00,82.69,0.14,18.99,Furniture,In-store,Not Returned,Medium,1240.35,VIP
244973,Headphones,40,2022-12-04 00:00,95.97,0.35,28.7,Furniture,Online,Not Returned,High,3838.8,VIP
743549,USB Cable,37,2022-12-04 08:00,76.35,0.44,19.25,Furniture,Online,Not Returned,Medium,2824.95,VIP
476783,Desk Lamp,27,2022-12-04 10:00,86.87,0.14,13.88,Furniture,Online,Not Returned,High,2345.49,VIP
786133,Notebook,31,2022-12-04 23:00,45.83,0.43,26.47,Furniture,Online,Not Returned,Medium,1420.73,VIP
454100,Backpack,25,2022-12-05 01:00,73.26,0.15,28.35,Furniture,In-store,Not Returned,Medium,1831.5,VIP
762951,T-shirt,29,2022-12-06 21:00,37.19,0.28,25.7,Furniture,In-store,Returned,Medium,1078.51,VIP
820614,T-shirt,42,2022-12-07 10:00,88.9,0.42,13.3,Furniture,In-store,Not Returned,Low,3733.8,VIP
702350,Wireless Mouse,15,2022-12-08 00:00,82.75,0.42,28.77,Furniture,In-store,Not Returned,High,1241.25,VIP
977237,T-shirt,38,2022-12-08 05:00,55.23,0.37,20.9,Furniture,In-store,Not Returned,High,2098.74,VIP
729275,USB Cable,39,2022-12-08 22:00,93.56,0.41,19.48,Furniture,Online,Not Returned,High,3648.84,VIP
540087,Wireless Mouse,47,2022-12-09 09:00,87.43,0.33,21.04,Furniture,Online,Not Returned,High,4109.21,VIP
160530,White Mug,20,2022-12-10 05:00,58.04,0.44,19.23,Furniture,In-store,Not Returned,Low,1160.8,VIP
551127,Office Chair,41,2022-12-10 22:00,96.65,0.13,22.62,Furniture,In-store,Not Returned,High,3962.65,VIP
156764,Wireless Mouse,23,2022-12-11 18:00,75.37,0.35,7.2,Furniture,Online,Returned,High,1733.5100000000002,VIP
142850,Wall Clock,49,2022-12-11 20:00,83.94,0.09,10.17,Furniture,In-store,Not Returned,Low,4113.06,VIP
846597,Wall Clock,35,2022-12-12 02:00,46.76,0.22,21.38,Furniture,Online,Not Returned,Medium,1636.6,VIP
765474,Desk Lamp,37,2022-12-12 17:00,66.74,0.42,9.7,Furniture,In-store,Not Returned,Medium,2469.38,VIP
936097,Wall Clock,47,2022-12-13 14:00,63.27,0.28,5.79,Furniture,Online,Not Returned,Medium,2973.69,VIP
173728,Notebook,23,2022-12-13 17:00,77.31,0.32,24.27,Furniture,In-store,Not Returned,High,1778.13,VIP
844271,Headphones,45,2022-12-14 14:00,46.62,0.33,29.25,Furniture,Online,Not Returned,High,2097.9,VIP
912525,Wall Clock,26,2022-12-14 15:00,48.02,0.47,23.91,Furniture,In-store,Not Returned,High,1248.52,VIP
608961,Wireless Mouse,42,2022-12-14 21:00,81.14,0.19,23.74,Furniture,In-store,Returned,Medium,3407.88,VIP
746868,Headphones,14,2022-12-16 01:00,75.88,0.08,11.25,Furniture,In-store,Not Returned,Medium,1062.32,VIP
437468,Wall Clock,46,2022-12-16 02:00,46.44,0.14,21.5,Furniture,Online,Not Returned,Low,2136.24,VIP
517669,Wall Clock,42,2022-12-17 03:00,64.51,0.09,11.34,Furniture,In-store,Not Returned,Medium,2709.42,VIP
390869,White Mug,24,2022-12-17 15:00,98.73,0.13,15.42,Furniture,In-store,Not Returned,High,2369.52,VIP
601817,Wall Clock,41,2022-12-18 05:00,28.29,0.03,12.04,Furniture,In-store,Not Returned,Medium,1159.89,VIP
453126,T-shirt,21,2022-12-18 13:00,80.94,0.14,13.6,Furniture,In-store,Not Returned,Medium,1699.74,VIP
261961,Wireless Mouse,30,2022-12-20 07:00,62.49,0.02,26.36,Furniture,In-store,Not Returned,High,1874.7,VIP
862620,T-shirt,12,2022-12-20 09:00,95.89,0.05,22.56,Furniture,In-store,Returned,Low,1150.68,VIP
326445,Notebook,25,2022-12-20 15:00,41.42,0.42,10.3,Furniture,Online,Not Returned,Low,1035.5,VIP
124336,USB Cable,23,2022-12-20 17:00,96.78,0.31,24.66,Furniture,In-store,Not Returned,Medium,2225.94,VIP
980757,White Mug,27,2022-12-20 22:00,56.31,0.02,13.88,Furniture,In-store,Not Returned,High,1520.37,VIP
732027,White Mug,15,2022-12-22 09:00,84.77,0.0,17.24,Furniture,Online,Not Returned,Medium,1271.55,VIP
451161,Wall Clock,20,2022-12-22 13:00,81.45,0.19,18.54,Furniture,In-store,Not Returned,Low,1629.0,VIP
607146,Blue Pen,38,2022-12-23 06:00,90.06,0.08,17.52,Furniture,Online,Not Returned,High,3422.28,VIP
433589,Headphones,20,2022-12-23 07:00,81.27,0.38,18.13,Furniture,Online,Not Returned,Medium,1625.4,VIP
763178,White Mug,32,2022-12-24 12:00,48.35,0.05,18.55,Furniture,Online,Not Returned,Low,1547.2,VIP
614879,Backpack,17,2022-12-24 21:00,98.8,0.34,29.36,Furniture,In-store,Not Returned,Low,1679.6,VIP
528297,Wireless Mouse,13,2022-12-25 03:00,84.21,0.4,6.4,Furniture,Online,Not Returned,Medium,1094.73,VIP
453815,Notebook,21,2022-12-25 14:00,94.76,0.23,19.45,Furniture,Online,Not Returned,Medium,1989.96,VIP
435314,Desk Lamp,33,2022-12-25 23:00,33.09,0.1,28.64,Furniture,Online,Not Returned,High,1091.97,VIP
985169,Headphones,25,2022-12-28 05:00,50.83,0.44,15.33,Furniture,In-store,Not Returned,High,1270.75,VIP
127182,Office Chair,36,2022-12-28 10:00,76.58,0.17,17.81,Furniture,In-store,Returned,Medium,2756.88,VIP
580313,Notebook,40,2022-12-29 20:00,70.22,0.45,5.66,Furniture,Online,Returned,High,2808.8,VIP
676618,Notebook,33,2022-12-30 00:00,43.09,0.31,25.88,Furniture,In-store,Not Returned,High,1421.97,VIP
809002,T-shirt,35,2022-12-30 02:00,61.81,0.48,6.57,Furniture,In-store,Not Returned,High,2163.35,VIP
826670,Wireless Mouse,47,2022-12-30 22:00,59.83,0.38,9.59,Furniture,Online,Not Returned,Low,2812.01,VIP
339066,Notebook,49,2022-12-31 06:00,44.05,0.38,28.42,Furniture,In-store,Not Returned,High,2158.45,VIP
298296,Wireless Mouse,30,2022-12-31 07:00,35.99,0.32,29.81,Furniture,In-store,Not Returned,Low,1079.7,VIP
275556,USB Cable,46,2022-12-31 14:00,87.25,0.32,22.5,Furniture,Online,Returned,High,4013.5,VIP
836366,T-shirt,48,2023-01-01 03:00,30.95,0.42,16.8,Furniture,In-store,Not Returned,Medium,1485.6,VIP
765522,Notebook,39,2023-01-01 10:00,89.13,0.44,22.68,Furniture,Online,Not Returned,Medium,3476.07,VIP
111675,USB Cable,34,2023-01-01 15:00,83.39,0.02,17.06,Furniture,In-store,Not Returned,Low,2835.26,VIP
742699,Wall Clock,13,2023-01-02 05:00,84.04,0.37,21.71,Furniture,Online,Not Returned,Medium,1092.52,VIP
984248,Backpack,35,2023-01-02 11:00,29.64,0.43,19.89,Furniture,In-store,Not Returned,Medium,1037.4,VIP
281172,Wall Clock,24,2023-01-02 13:00,68.98,0.39,27.12,Furniture,Online,Returned,High,1655.52,VIP
232192,White Mug,31,2023-01-04 06:00,69.91,0.19,5.97,Furniture,Online,Returned,High,2167.21,VIP
891625,Backpack,47,2023-01-04 09:00,59.65,0.01,5.18,Furniture,Online,Not Returned,Medium,2803.55,VIP
654237,T-shirt,34,2023-01-04 18:00,94.28,0.03,12.82,Furniture,Online,Not Returned,Low,3205.52,VIP
569773,USB Cable,22,2023-01-04 22:00,48.97,0.44,22.86,Furniture,In-store,Returned,High,1077.34,VIP
464577,White Mug,48,2023-01-05 00:00,69.41,0.43,12.35,Furniture,In-store,Returned,Medium,3331.68,VIP
274458,Office Chair,27,2023-01-06 07:00,83.0,0.48,11.34,Furniture,Online,Not Returned,Medium,2241.0,VIP
115628,White Mug,44,2023-01-06 22:00,95.06,0.33,14.44,Furniture,In-store,Not Returned,Medium,4182.64,VIP
359517,USB Cable,25,2023-01-07 00:00,57.31,0.48,14.9,Furniture,In-store,Not Returned,High,1432.75,VIP
780575,T-shirt,45,2023-01-07 18:00,86.78,0.22,20.94,Furniture,In-store,Not Returned,Medium,3905.1,VIP
484486,T-shirt,37,2023-01-07 22:00,62.45,0.35,14.29,Furniture,In-store,Not Returned,High,2310.65,VIP
990446,Backpack,47,2023-01-08 03:00,43.38,0.27,13.74,Furniture,Online,Not Returned,Low,2038.86,VIP
151425,Blue Pen,38,2023-01-08 23:00,48.26,0.47,17.73,Furniture,In-store,Not Returned,High,1833.88,VIP
130568,Office Chair,39,2023-01-09 15:00,71.89,0.14,25.43,Furniture,Online,Not Returned,High,2803.71,VIP
472507,Wall Clock,38,2023-01-09 19:00,69.51,0.46,13.94,Furniture,Online,Not Returned,Low,2641.38,VIP
605527,Wall Clock,32,2023-01-10 17:00,91.33,0.15,29.56,Furniture,In-store,Not Returned,Medium,2922.56,VIP
308294,Wall Clock,29,2023-01-11 01:00,93.47,0.41,18.14,Furniture,Online,Not Returned,Medium,2710.63,VIP
371121,T-shirt,31,2023-01-11 03:00,83.16,0.09,24.05,Furniture,Online,Not Returned,High,2577.96,VIP
436216,Blue Pen,42,2023-01-11 06:00,35.42,0.09,29.37,Furniture,In-store,Not Returned,High,1487.64,VIP
103825,Notebook,43,2023-01-11 21:00,82.55,0.44,12.32,Furniture,In-store,Not Returned,High,3549.65,VIP
186390,T-shirt,19,2023-01-12 01:00,81.54,0.03,26.78,Furniture,In-store,Not Returned,Medium,1549.2600000000002,VIP
279577,White Mug,26,2023-01-12 06:00,72.14,0.24,29.22,Furniture,Online,Returned,Medium,1875.64,VIP
771544,White Mug,18,2023-01-13 00:00,75.65,0.32,14.09,Furniture,Online,Not Returned,Low,1361.7,VIP
123358,Backpack,43,2023-01-13 11:00,30.88,0.46,19.47,Furniture,Online,Not Returned,Low,1327.84,VIP
561373,Headphones,23,2023-01-13 21:00,97.07,0.03,5.08,Furniture,Online,Not Returned,Medium,2232.61,VIP
232844,Desk Lamp,45,2023-01-14 07:00,22.9,0.31,21.95,Furniture,Online,Not Returned,Low,1030.5,VIP
478997,White Mug,44,2023-01-14 22:00,46.68,0.44,21.33,Furniture,In-store,Not Returned,Low,2053.92,VIP
896784,USB Cable,49,2023-01-15 07:00,83.62,0.35,26.83,Furniture,In-store,Not Returned,Low,4097.38,VIP
371367,Wireless Mouse,48,2023-01-15 10:00,21.42,0.14,10.02,Furniture,In-store,Not Returned,Medium,1028.16,VIP
157965,Wireless Mouse,18,2023-01-15 21:00,87.84,0.39,28.25,Furniture,Online,Not Returned,Medium,1581.12,VIP
926949,Notebook,20,2023-01-16 09:00,58.16,0.35,11.3,Furniture,In-store,Not Returned,Medium,1163.1999999999998,VIP
174797,Headphones,34,2023-01-17 05:00,93.29,0.05,5.28,Furniture,Online,Returned,Medium,3171.86,VIP
198115,Desk Lamp,45,2023-01-18 09:00,22.31,0.14,28.41,Furniture,Online,Not Returned,Medium,1003.95,VIP
307932,White Mug,38,2023-01-19 07:00,65.8,0.28,22.83,Furniture,In-store,Not Returned,Low,2500.4,VIP
339354,Blue Pen,27,2023-01-20 21:00,88.09,0.15,12.31,Furniture,Online,Returned,Low,2378.4300000000003,VIP
559512,Wall Clock,29,2023-01-21 01:00,35.61,0.16,11.31,Furniture,Online,Not Returned,Low,1032.69,VIP
863129,Desk Lamp,31,2023-01-21 12:00,77.26,0.2,13.82,Furniture,Online,Not Returned,Low,2395.06,VIP
449790,Backpack,39,2023-01-22 02:00,42.04,0.03,7.77,Furniture,In-store,Returned,Medium,1639.56,VIP
730363,Office Chair,47,2023-01-23 01:00,65.6,0.18,10.03,Furniture,In-store,Not Returned,High,3083.2,VIP
319026,Blue Pen,41,2023-01-23 12:00,38.21,0.06,16.4,Furniture,Online,Not Returned,Medium,1566.61,VIP
648155,Headphones,-35,2023-01-23 16:00,-93.98,1.817110904822488,,Furniture,Online,Not Returned,Medium,3289.3,VIP
320667,Wall Clock,28,2023-01-24 02:00,57.91,0.29,22.72,Furniture,In-store,Not Returned,Low,1621.48,VIP
957315,Wall Clock,29,2023-01-24 03:00,65.99,0.11,29.03,Furniture,Online,Not Returned,Medium,1913.71,VIP
651936,Wall Clock,45,2023-01-24 07:00,36.94,0.42,19.66,Furniture,Online,Not Returned,Medium,1662.3,VIP
149647,Office Chair,25,2023-01-24 12:00,63.76,0.0,19.33,Furniture,In-store,Not Returned,High,1594.0,VIP
747010,Notebook,43,2023-01-25 00:00,92.2,0.09,12.28,Furniture,Online,Not Returned,Low,3964.6,VIP
968800,Notebook,-19,2023-01-25 02:00,-60.09,1.223788830829636,,Furniture,Online,Not Returned,Medium,1141.71,VIP
896454,Backpack,41,2023-01-25 04:00,70.17,0.12,12.12,Furniture,In-store,Not Returned,Low,2876.9700000000003,VIP
526833,T-shirt,35,2023-01-25 07:00,77.58,0.48,16.63,Furniture,Online,Not Returned,Low,2715.3,VIP
955930,Headphones,31,2023-01-25 09:00,42.5,0.01,9.32,Furniture,In-store,Not Returned,Medium,1317.5,VIP
223780,Wall Clock,21,2023-01-25 11:00,81.4,0.38,15.52,Furniture,In-store,Not Returned,High,1709.4,VIP
743933,White Mug,32,2023-01-25 17:00,51.66,0.13,18.96,Furniture,Online,Not Returned,Medium,1653.12,VIP
307091,Blue Pen,40,2023-01-26 09:00,41.58,0.37,10.61,Furniture,In-store,Not Returned,Medium,1663.1999999999998,VIP
244776,Headphones,17,2023-01-26 10:00,70.42,0.41,27.93,Furniture,In-store,Not Returned,High,1197.14,VIP
894733,Headphones,33,2023-01-26 21:00,80.86,0.24,10.96,Furniture,In-store,Not Returned,Low,2668.38,VIP
829353,Wall Clock,45,2023-01-26 23:00,91.75,0.02,25.31,Furniture,In-store,Not Returned,Low,4128.75,VIP
782159,Backpack,34,2023-01-27 10:00,93.64,0.03,19.35,Furniture,Online,Not Returned,Medium,3183.76,VIP
438551,USB Cable,24,2023-01-28 12:00,74.62,0.25,16.42,Furniture,In-store,Not Returned,High,1790.88,VIP
928786,White Mug,41,2023-01-28 23:00,25.9,0.03,18.75,Furniture,In-store,Not Returned,Medium,1061.9,VIP
400714,Backpack,49,2023-01-29 00:00,85.21,0.32,14.48,Furniture,In-store,Not Returned,Medium,4175.29,VIP
381719,Backpack,29,2023-01-29 10:00,65.34,0.21,11.42,Furniture,Online,Not Returned,Medium,1894.86,VIP
122231,Headphones,38,2023-01-29 11:00,72.29,0.22,7.38,Furniture,Online,Not Returned,High,2747.0200000000004,VIP
111357,Blue Pen,23,2023-01-29 21:00,58.75,0.41,16.0,Furniture,In-store,Not Returned,Low,1351.25,VIP
489203,Office Chair,18,2023-01-30 09:00,68.63,0.1,9.38,Furniture,Online,Returned,High,1235.34,VIP
476071,Blue Pen,17,2023-01-30 20:00,83.13,0.12,10.03,Furniture,Online,Returned,Medium,1413.21,VIP
342225,Wireless Mouse,38,2023-01-31 06:00,51.56,0.18,26.15,Furniture,In-store,Not Returned,Low,1959.28,VIP
933038,Wireless Mouse,19,2023-01-31 19:00,52.93,0.31,8.4,Furniture,Online,Not Returned,Medium,1005.67,VIP
765608,T-shirt,29,2023-02-01 00:00,44.75,0.33,22.62,Furniture,Online,Not Returned,Medium,1297.75,VIP
521426,Office Chair,24,2023-02-01 21:00,67.2,0.41,5.88,Furniture,In-store,Not Returned,Low,1612.8000000000002,VIP
914671,USB Cable,35,2023-02-01 23:00,33.72,0.02,24.04,Furniture,In-store,Not Returned,Low,1180.2,VIP
325449,Headphones,34,2023-02-02 04:00,39.44,0.21,15.02,Furniture,Online,Not Returned,High,1340.96,VIP
742757,Wireless Mouse,41,2023-02-02 09:00,41.82,0.23,17.26,Furniture,In-store,Returned,Medium,1714.62,VIP
143086,White Mug,17,2023-02-02 21:00,93.45,0.21,14.18,Furniture,Online,Not Returned,High,1588.65,VIP
284168,Wall Clock,45,2023-02-05 01:00,76.44,0.17,19.77,Furniture,In-store,Not Returned,Low,3439.8,VIP
869867,Notebook,24,2023-02-05 16:00,60.55,0.35,9.11,Furniture,Online,Not Returned,High,1453.1999999999998,VIP
131152,T-shirt,43,2023-02-05 23:00,30.45,0.42,5.68,Furniture,In-store,Not Returned,Low,1309.35,VIP
141815,Wireless Mouse,18,2023-02-06 10:00,99.92,0.35,27.55,Furniture,Online,Not Returned,Low,1798.56,VIP
943171,Notebook,42,2023-02-06 20:00,85.16,0.08,28.1,Furniture,Online,Not Returned,Medium,3576.72,VIP
338580,White Mug,18,2023-02-07 18:00,68.54,0.03,23.68,Furniture,Online,Not Returned,Low,1233.72,VIP
489566,T-shirt,34,2023-02-07 20:00,61.18,0.34,26.49,Furniture,In-store,Returned,High,2080.12,VIP
484762,Notebook,24,2023-02-08 01:00,82.92,0.42,12.13,Furniture,In-store,Not Returned,Low,1990.08,VIP
552685,Office Chair,36,2023-02-08 09:00,40.03,0.06,10.35,Furniture,Online,Not Returned,Medium,1441.08,VIP
293899,Notebook,48,2023-02-09 03:00,63.49,0.01,23.84,Furniture,Online,Not Returned,Medium,3047.52,VIP
616356,Wall Clock,30,2023-02-09 13:00,70.47,0.15,9.26,Furniture,In-store,Not Returned,High,2114.1,VIP
853789,USB Cable,34,2023-02-09 20:00,75.19,0.41,6.75,Furniture,Online,Not Returned,Medium,2556.46,VIP
986837,USB Cable,45,2023-02-10 00:00,30.72,0.48,21.02,Furniture,Online,Not Returned,High,1382.4,VIP
717690,White Mug,41,2023-02-11 02:00,87.61,0.11,7.42,Furniture,Online,Not Returned,Medium,3592.01,VIP
908500,Notebook,26,2023-02-11 16:00,54.09,0.16,24.68,Furniture,In-store,Not Returned,Medium,1406.34,VIP
643249,USB Cable,38,2023-02-12 04:00,54.3,0.25,6.61,Furniture,Online,Returned,High,2063.4,VIP
650757,White Mug,32,2023-02-13 04:00,50.08,0.33,22.5,Furniture,In-store,Not Returned,Medium,1602.56,VIP
696658,Notebook,31,2023-02-13 16:00,74.43,0.49,14.63,Furniture,In-store,Not Returned,Low,2307.3300000000004,VIP
464899,Office Chair,35,2023-02-13 17:00,32.53,0.45,25.63,Furniture,In-store,Not Returned,Medium,1138.55,VIP
592834,Wall Clock,-27,2023-02-14 02:00,-56.95,1.3801815835740898,,Furniture,Online,Not Returned,High,1537.65,VIP
998524,Office Chair,12,2023-02-14 13:00,90.31,0.1,11.88,Furniture,Online,Not Returned,Medium,1083.72,VIP
915329,Headphones,23,2023-02-14 20:00,73.76,0.25,6.08,Furniture,In-store,Not Returned,Medium,1696.48,VIP
487185,White Mug,35,2023-02-15 06:00,48.51,0.21,25.32,Furniture,In-store,Not Returned,Low,1697.85,VIP
110086,Office Chair,44,2023-02-15 16:00,30.12,0.14,18.56,Furniture,In-store,Not Returned,High,1325.28,VIP
448128,Notebook,27,2023-02-16 19:00,85.84,0.39,8.3,Furniture,Online,Not Returned,High,2317.6800000000003,VIP
407034,Wall Clock,33,2023-02-16 22:00,78.54,0.16,10.55,Furniture,In-store,Not Returned,High,2591.82,VIP
649690,Office Chair,45,2023-02-17 00:00,52.71,0.35,12.48,Furniture,Online,Not Returned,Low,2371.95,VIP
821561,Blue Pen,-20,2023-02-17 04:00,-66.34,1.4986689539749745,,Furniture,In-store,Not Returned,High,1326.8000000000002,VIP
596533,Notebook,32,2023-02-18 10:00,42.94,0.2,10.16,Furniture,In-store,Not Returned,High,1374.08,VIP
199039,Backpack,49,2023-02-18 20:00,38.14,0.21,7.5,Furniture,Online,Returned,Medium,1868.86,VIP
364982,Notebook,27,2023-02-18 21:00,40.99,0.03,29.63,Furniture,Online,Not Returned,Low,1106.73,VIP
989572,Desk Lamp,33,2023-02-19 01:00,44.53,0.25,16.75,Furniture,Online,Not Returned,High,1469.49,VIP
110270,T-shirt,20,2023-02-19 13:00,95.31,0.5,24.82,Furniture,Online,Not Returned,Medium,1906.2,VIP
801485,Blue Pen,34,2023-02-20 01:00,91.87,0.43,13.17,Furniture,Online,Not Returned,Medium,3123.58,VIP
181141,USB Cable,34,2023-02-20 06:00,52.96,0.27,13.29,Furniture,In-store,Not Returned,High,1800.64,VIP
884118,Headphones,45,2023-02-21 05:00,44.11,0.45,28.49,Furniture,Online,Not Returned,Low,1984.95,VIP
363575,USB Cable,32,2023-02-21 10:00,88.63,0.19,5.7,Furniture,Online,Not Returned,High,2836.16,VIP
639491,Blue Pen,32,2023-02-21 23:00,54.16,0.49,8.81,Furniture,In-store,Not Returned,Low,1733.12,VIP
366118,Wall Clock,23,2023-02-22 00:00,90.16,0.22,14.76,Furniture,Online,Not Returned,Medium,2073.68,VIP
446106,Wireless Mouse,49,2023-02-22 14:00,52.76,0.27,18.88,Furniture,Online,Not Returned,Medium,2585.24,VIP
970912,Blue Pen,20,2023-02-23 02:00,98.88,0.23,20.07,Furniture,In-store,Not Returned,High,1977.6,VIP
258554,Desk Lamp,49,2023-02-23 10:00,52.94,0.47,16.62,Furniture,Online,Not Returned,Medium,2594.06,VIP
858153,White Mug,36,2023-02-23 11:00,94.22,0.5,7.91,Furniture,In-store,Not Returned,Medium,3391.92,VIP
293585,Desk Lamp,49,2023-02-23 12:00,61.87,0.11,10.84,Furniture,In-store,Not Returned,Medium,3031.63,VIP
965451,White Mug,16,2023-02-24 17:00,91.74,0.0,6.59,Furniture,In-store,Not Returned,Medium,1467.84,VIP
865823,Notebook,24,2023-02-24 20:00,85.7,0.35,29.07,Furniture,Online,Not Returned,Medium,2056.8,VIP
288791,T-shirt,45,2023-02-24 22:00,96.82,0.28,20.58,Furniture,In-store,Not Returned,Medium,4356.9,VIP
882428,Wall Clock,32,2023-02-26 16:00,57.67,0.41,22.84,Furniture,In-store,Not Returned,Medium,1845.44,VIP
964192,White Mug,24,2023-02-26 21:00,90.76,0.3,22.36,Furniture,In-store,Not Returned,Medium,2178.24,VIP
366714,T-shirt,30,2023-02-27 05:00,58.45,0.09,26.98,Furniture,Online,Not Returned,High,1753.5,VIP
436802,Notebook,36,2023-02-27 12:00,40.59,0.34,10.31,Furniture,Online,Not Returned,Low,1461.2400000000002,VIP
744927,Headphones,47,2023-02-28 02:00,58.51,0.03,27.39,Furniture,In-store,Not Returned,Low,2749.97,VIP
464211,Backpack,21,2023-02-28 10:00,58.52,0.41,17.76,Furniture,Online,Returned,High,1228.92,VIP
221232,Headphones,41,2023-03-01 20:00,96.23,0.15,25.95,Furniture,Online,Returned,High,3945.43,VIP
292863,White Mug,30,2023-03-02 02:00,82.97,0.33,16.7,Furniture,In-store,Not Returned,High,2489.1,VIP
532695,Office Chair,31,2023-03-03 05:00,33.75,0.4,20.1,Furniture,In-store,Not Returned,Medium,1046.25,VIP
842126,White Mug,44,2023-03-04 09:00,33.47,0.12,15.49,Furniture,Online,Not Returned,High,1472.6799999999998,VIP
155919,Wall Clock,30,2023-03-04 11:00,61.98,0.5,21.78,Furniture,In-store,Not Returned,Medium,1859.4,VIP
783641,Notebook,33,2023-03-04 18:00,41.61,0.32,22.81,Furniture,Online,Not Returned,Low,1373.13,VIP
862431,T-shirt,39,2023-03-05 06:00,71.54,0.4,10.83,Furniture,Online,Not Returned,Medium,2790.0600000000004,VIP
810787,Desk Lamp,14,2023-03-05 16:00,99.58,0.39,12.03,Furniture,In-store,Returned,Medium,1394.12,VIP
720096,Wall Clock,34,2023-03-05 23:00,64.15,0.17,22.16,Furniture,Online,Not Returned,Low,2181.1000000000004,VIP
671719,Backpack,18,2023-03-06 07:00,86.21,0.45,18.93,Furniture,Online,Not Returned,High,1551.78,VIP
818166,White Mug,46,2023-03-07 05:00,65.49,0.07,25.32,Furniture,Online,Not Returned,Low,3012.54,VIP
807870,Wall Clock,26,2023-03-08 17:00,42.42,0.22,16.0,Furniture,Online,Returned,High,1102.92,VIP
270275,T-shirt,27,2023-03-08 19:00,62.38,0.09,25.41,Furniture,Online,Not Returned,High,1684.26,VIP
811833,White Mug,22,2023-03-08 20:00,66.59,0.47,25.41,Furniture,Online,Not Returned,Low,1464.98,VIP
460492,USB Cable,44,2023-03-09 15:00,71.13,0.41,12.98,Furniture,Online,Not Returned,Medium,3129.72,VIP
650288,Headphones,21,2023-03-10 00:00,70.78,0.38,21.94,Furniture,In-store,Not Returned,Medium,1486.38,VIP
662367,Blue Pen,33,2023-03-10 20:00,48.74,0.46,21.89,Furniture,Online,Not Returned,High,1608.42,VIP
410745,Notebook,41,2023-03-11 00:00,85.49,0.32,16.84,Furniture,In-store,Not Returned,High,3505.09,VIP
524306,Blue Pen,30,2023-03-11 07:00,90.75,0.04,17.67,Furniture,In-store,Not Returned,Low,2722.5,VIP
754654,White Mug,33,2023-03-11 09:00,45.49,0.13,13.61,Furniture,In-store,Not Returned,Medium,1501.17,VIP
117857,White Mug,46,2023-03-11 12:00,65.99,0.13,21.69,Furniture,In-store,Not Returned,Medium,3035.54,VIP
867876,Headphones,19,2023-03-11 14:00,95.61,0.08,25.56,Furniture,In-store,Returned,High,1816.59,VIP
301157,Office Chair,42,2023-03-12 13:00,66.17,0.19,19.72,Furniture,Online,Not Returned,Low,2779.14,VIP
853830,Wireless Mouse,31,2023-03-13 13:00,69.44,0.09,16.63,Furniture,In-store,Not Returned,Medium,2152.64,VIP
314396,Office Chair,15,2023-03-13 17:00,78.47,0.3,8.6,Furniture,Online,Not Returned,Low,1177.05,VIP
262198,USB Cable,42,2023-03-13 18:00,72.64,0.33,28.04,Furniture,Online,Not Returned,Medium,3050.88,VIP
189938,Office Chair,36,2023-03-14 07:00,76.27,0.48,12.11,Furniture,Online,Not Returned,Low,2745.72,VIP
290563,Wireless Mouse,32,2023-03-15 00:00,90.65,0.49,28.92,Furniture,Online,Not Returned,Medium,2900.8,VIP
232933,Desk Lamp,14,2023-03-15 05:00,84.08,0.01,25.96,Furniture,In-store,Not Returned,High,1177.12,VIP
263754,Wireless Mouse,15,2023-03-15 07:00,98.41,0.39,10.33,Furniture,In-store,Not Returned,Low,1476.15,VIP
453277,USB Cable,31,2023-03-15 09:00,71.33,0.34,20.32,Furniture,Online,Not Returned,Low,2211.23,VIP
241263,Office Chair,42,2023-03-16 02:00,43.58,0.18,29.69,Furniture,Online,Not Returned,Low,1830.36,VIP
287956,Office Chair,26,2023-03-16 03:00,94.83,0.34,26.44,Furniture,In-store,Not Returned,High,2465.58,VIP
354398,Blue Pen,41,2023-03-16 14:00,94.07,0.11,20.04,Furniture,In-store,Not Returned,High,3856.87,VIP
818387,Backpack,22,2023-03-16 21:00,72.71,0.05,28.32,Furniture,Online,Not Returned,High,1599.62,VIP
811759,Headphones,27,2023-03-18 06:00,47.64,0.48,8.93,Furniture,Online,Not Returned,Low,1286.28,VIP
922087,Wireless Mouse,41,2023-03-18 13:00,51.82,0.35,8.6,Furniture,In-store,Not Returned,Medium,2124.62,VIP
734521,Blue Pen,29,2023-03-18 18:00,94.17,0.46,12.41,Furniture,In-store,Not Returned,High,2730.93,VIP
132862,White Mug,34,2023-03-18 21:00,72.51,0.48,23.43,Furniture,Online,Not Returned,High,2465.34,VIP
581034,Desk Lamp,39,2023-03-18 23:00,83.25,0.34,27.02,Furniture,Online,Not Returned,Medium,3246.75,VIP
766295,Blue Pen,34,2023-03-19 10:00,88.91,0.4,5.08,Furniture,In-store,Not Returned,Medium,3022.94,VIP
722793,Blue Pen,44,2023-03-19 19:00,30.05,0.13,22.93,Furniture,Online,Not Returned,Low,1322.2,VIP
769189,Backpack,25,2023-03-19 21:00,55.03,0.33,12.89,Furniture,Online,Not Returned,Low,1375.75,VIP
491941,Blue Pen,38,2023-03-20 02:00,99.41,0.5,24.49,Furniture,In-store,Not Returned,High,3777.58,VIP
167484,Headphones,27,2023-03-20 03:00,42.29,0.22,8.68,Furniture,Online,Not Returned,High,1141.83,VIP
894166,T-shirt,29,2023-03-20 11:00,48.41,0.03,24.18,Furniture,Online,Not Returned,Medium,1403.89,VIP
750178,Office Chair,48,2023-03-22 07:00,67.39,0.38,8.5,Furniture,In-store,Not Returned,High,3234.7200000000003,VIP
314075,Desk Lamp,37,2023-03-23 01:00,74.95,0.22,19.43,Furniture,In-store,Not Returned,High,2773.15,VIP
935672,T-shirt,32,2023-03-23 11:00,85.7,0.04,22.62,Furniture,Online,Not Returned,Medium,2742.4,VIP
776110,Backpack,40,2023-03-24 04:00,69.7,0.13,21.39,Furniture,In-store,Not Returned,Low,2788.0,VIP
232624,Wall Clock,37,2023-03-24 09:00,43.92,0.13,11.74,Furniture,In-store,Returned,Medium,1625.04,VIP
502826,USB Cable,45,2023-03-25 02:00,36.36,0.36,23.15,Furniture,In-store,Not Returned,Low,1636.2,VIP
128615,Headphones,38,2023-03-25 03:00,48.85,0.29,20.84,Furniture,Online,Not Returned,Low,1856.3,VIP
307716,Notebook,46,2023-03-25 04:00,62.7,0.16,23.43,Furniture,Online,Not Returned,Low,2884.2000000000003,VIP
173086,Backpack,41,2023-03-25 10:00,90.07,0.35,27.68,Furniture,Online,Not Returned,Low,3692.87,VIP
114202,Blue Pen,44,2023-03-26 18:00,30.98,0.47,19.35,Furniture,Online,Not Returned,High,1363.12,VIP
775799,Wireless Mouse,40,2023-03-27 01:00,73.0,0.19,23.15,Furniture,Online,Not Returned,Medium,2920.0,VIP
869709,Desk Lamp,36,2023-03-27 17:00,38.57,0.47,28.94,Furniture,Online,Not Returned,Medium,1388.52,VIP
326283,Blue Pen,28,2023-03-28 03:00,61.05,0.15,22.3,Furniture,Online,Not Returned,Medium,1709.4,VIP
516716,Wireless Mouse,28,2023-03-29 08:00,39.13,0.25,28.13,Furniture,Online,Not Returned,Medium,1095.64,VIP
403588,Backpack,27,2023-03-29 20:00,40.69,0.2,17.92,Furniture,In-store,Not Returned,High,1098.63,VIP
526375,Blue Pen,39,2023-03-31 17:00,79.31,0.16,20.54,Furniture,In-store,Not Returned,Low,3093.09,VIP
891042,Wireless Mouse,31,2023-04-01 10:00,51.05,0.01,19.13,Furniture,Online,Not Returned,High,1582.55,VIP
214794,Backpack,11,2023-04-03 01:00,91.2,0.17,19.24,Furniture,In-store,Not Returned,Medium,1003.2,VIP
955208,Headphones,29,2023-04-03 07:00,46.27,0.45,19.61,Furniture,In-store,Not Returned,Medium,1341.8300000000002,VIP
196626,White Mug,18,2023-04-05 11:00,77.87,0.24,28.58,Furniture,In-store,Not Returned,Medium,1401.66,VIP
525987,T-shirt,33,2023-04-06 14:00,74.06,0.4,13.74,Furniture,In-store,Not Returned,High,2443.98,VIP
558166,USB Cable,32,2023-04-06 15:00,74.85,0.47,13.82,Furniture,Online,Not Returned,Low,2395.2,VIP
594771,T-shirt,24,2023-04-07 06:00,67.94,0.47,13.52,Furniture,Online,Returned,High,1630.56,VIP
722762,Headphones,37,2023-04-08 06:00,55.78,0.06,21.23,Furniture,Online,Not Returned,Low,2063.86,VIP
909527,White Mug,46,2023-04-08 12:00,46.92,0.31,11.33,Furniture,In-store,Not Returned,Low,2158.32,VIP
259435,Wall Clock,13,2023-04-09 00:00,94.3,0.17,7.46,Furniture,Online,Not Returned,Medium,1225.9,VIP
641709,Office Chair,16,2023-04-09 03:00,92.14,0.08,19.15,Furniture,In-store,Not Returned,High,1474.24,VIP
801983,USB Cable,46,2023-04-09 09:00,98.35,0.27,23.03,Furniture,Online,Not Returned,Medium,4524.099999999999,VIP
426512,Backpack,37,2023-04-09 21:00,84.57,0.12,12.94,Furniture,Online,Not Returned,Medium,3129.09,VIP
132481,Office Chair,49,2023-04-10 07:00,49.34,0.14,21.55,Furniture,Online,Returned,Low,2417.6600000000003,VIP
338691,Backpack,21,2023-04-11 02:00,90.21,0.39,25.44,Furniture,In-store,Returned,High,1894.41,VIP
656420,USB Cable,21,2023-04-11 05:00,87.05,0.28,17.59,Furniture,Online,Not Returned,Medium,1828.05,VIP
574677,Backpack,37,2023-04-11 11:00,31.93,0.4,11.56,Furniture,Online,Returned,High,1181.41,VIP
388465,Office Chair,18,2023-04-12 01:00,60.73,0.48,20.32,Furniture,Online,Not Returned,Low,1093.14,VIP
235230,Desk Lamp,14,2023-04-12 13:00,99.26,0.13,24.1,Furniture,In-store,Not Returned,Low,1389.64,VIP
987518,White Mug,12,2023-04-12 17:00,95.4,0.17,14.04,Furniture,In-store,Not Returned,Medium,1144.8000000000002,VIP
357075,Office Chair,44,2023-04-13 13:00,76.46,0.05,11.42,Furniture,In-store,Not Returned,High,3364.24,VIP
853132,Desk Lamp,16,2023-04-13 14:00,68.8,0.23,27.82,Furniture,In-store,Not Returned,High,1100.8,VIP
978531,Wireless Mouse,17,2023-04-14 02:00,82.23,0.27,10.62,Furniture,Online,Not Returned,Medium,1397.91,VIP
157061,Wall Clock,31,2023-04-14 12:00,38.69,0.15,9.19,Furniture,In-store,Not Returned,Low,1199.39,VIP
862017,Headphones,-44,2023-04-15 00:00,-34.64,1.3951767449341317,,Furniture,In-store,Not Returned,Low,1524.16,VIP
385605,Backpack,32,2023-04-15 05:00,72.93,0.44,23.78,Furniture,In-store,Returned,Medium,2333.76,VIP
714865,Notebook,36,2023-04-15 14:00,48.82,0.1,18.47,Furniture,Online,Not Returned,Medium,1757.52,VIP
667729,Office Chair,25,2023-04-15 21:00,54.95,0.35,14.06,Furniture,In-store,Not Returned,Low,1373.75,VIP
312361,Wireless Mouse,-31,2023-04-16 04:00,-66.94,1.1683172148741572,,Furniture,In-store,Returned,High,2075.14,VIP
139530,Notebook,43,2023-04-16 17:00,43.47,0.2,14.23,Furniture,Online,Returned,High,1869.21,VIP
747786,T-shirt,28,2023-04-16 22:00,73.3,0.27,11.63,Furniture,Online,Not Returned,Low,2052.4,VIP
304781,Notebook,30,2023-04-17 01:00,38.5,0.43,24.79,Furniture,Online,Not Returned,High,1155.0,VIP
766716,Wall Clock,35,2023-04-17 04:00,29.46,0.16,8.77,Furniture,In-store,Not Returned,High,1031.1,VIP
326351,White Mug,32,2023-04-17 14:00,61.19,0.11,12.14,Furniture,Online,Not Returned,Low,1958.08,VIP
557782,USB Cable,30,2023-04-18 01:00,42.71,0.4,9.3,Furniture,In-store,Not Returned,Low,1281.3,VIP
241755,White Mug,46,2023-04-18 14:00,86.26,0.46,16.0,Furniture,Online,Not Returned,Low,3967.96,VIP
949093,White Mug,34,2023-04-18 21:00,89.86,0.05,17.0,Furniture,Online,Not Returned,Medium,3055.24,VIP
524517,T-shirt,24,2023-04-19 02:00,82.81,0.25,25.62,Furniture,Online,Not Returned,Medium,1987.44,VIP
503048,Blue Pen,31,2023-04-19 07:00,96.52,0.45,26.91,Furniture,Online,Not Returned,High,2992.12,VIP
378477,Notebook,27,2023-04-19 14:00,98.77,0.18,8.77,Furniture,Online,Not Returned,Medium,2666.79,VIP
265591,Wall Clock,30,2023-04-19 21:00,53.0,0.11,5.88,Furniture,Online,Not Returned,Low,1590.0,VIP
578041,USB Cable,28,2023-04-20 11:00,62.85,0.21,8.89,Furniture,Online,Not Returned,High,1759.8,VIP
769902,USB Cable,26,2023-04-20 13:00,74.96,0.11,12.14,Furniture,Online,Not Returned,Medium,1948.96,VIP
487581,Desk Lamp,28,2023-04-21 21:00,72.74,0.45,23.52,Furniture,Online,Not Returned,Low,2036.72,VIP
464258,USB Cable,27,2023-04-21 23:00,42.51,0.15,21.88,Furniture,In-store,Not Returned,Medium,1147.77,VIP
915832,USB Cable,44,2023-04-22 18:00,98.84,0.41,24.21,Furniture,Online,Not Returned,Medium,4348.96,VIP
898526,T-shirt,41,2023-04-23 00:00,63.29,0.45,15.76,Furniture,Online,Not Returned,Medium,2594.89,VIP
670935,White Mug,43,2023-04-23 02:00,32.05,0.13,27.16,Furniture,Online,Not Returned,Low,1378.15,VIP
501894,USB Cable,42,2023-04-23 08:00,61.26,0.43,24.73,Furniture,In-store,Not Returned,High,2572.92,VIP
132143,Wall Clock,45,2023-04-23 23:00,45.45,0.03,27.07,Furniture,In-store,Not Returned,High,2045.25,VIP
358329,Office Chair,28,2023-04-24 19:00,91.44,0.05,6.32,Furniture,Online,Not Returned,Low,2560.32,VIP
816846,Wall Clock,21,2023-04-25 00:00,52.21,0.36,25.87,Furniture,Online,Not Returned,High,1096.41,VIP
872112,White Mug,48,2023-04-25 04:00,66.64,0.29,12.18,Furniture,Online,Not Returned,High,3198.7200000000003,VIP
223031,USB Cable,47,2023-04-26 10:00,45.41,0.04,25.18,Furniture,In-store,Not Returned,High,2134.27,VIP
116838,Wall Clock,44,2023-04-28 08:00,78.94,0.46,20.49,Furniture,In-store,Not Returned,Medium,3473.36,VIP
930696,Backpack,38,2023-04-28 22:00,40.5,0.06,25.5,Furniture,In-store,Not Returned,Low,1539.0,VIP
365914,Headphones,37,2023-04-29 18:00,53.95,0.19,19.22,Furniture,Online,Not Returned,Low,1996.15,VIP
546187,Backpack,34,2023-04-30 05:00,34.86,0.07,17.99,Furniture,Online,Returned,High,1185.24,VIP
670107,T-shirt,17,2023-04-30 20:00,59.62,0.32,17.71,Furniture,In-store,Not Returned,Low,1013.54,VIP
769773,Office Chair,37,2023-05-01 05:00,82.07,0.02,22.28,Furniture,In-store,Not Returned,Low,3036.59,VIP
822193,Headphones,12,2023-05-01 17:00,85.41,0.36,26.97,Furniture,In-store,Not Returned,Low,1024.92,VIP
285326,Wireless Mouse,20,2023-05-01 22:00,50.33,0.5,12.39,Furniture,In-store,Not Returned,Low,1006.6,VIP
991903,Notebook,-39,2023-05-02 17:00,-52.88,0.25,,Furniture,In-store,Not Returned,High,2062.32,VIP
974294,White Mug,48,2023-05-02 18:00,34.44,0.27,24.76,Furniture,Online,Not Returned,Medium,1653.12,VIP
859838,Headphones,27,2023-05-03 05:00,75.65,0.37,12.24,Furniture,In-store,Not Returned,Low,2042.55,VIP
377833,Wall Clock,47,2023-05-03 06:00,36.76,0.06,16.78,Furniture,Online,Not Returned,Medium,1727.7199999999998,VIP
430035,Wireless Mouse,-37,2023-05-03 10:00,-88.0,1.672349400482431,,Furniture,In-store,Not Returned,High,3256.0,VIP
282730,Desk Lamp,46,2023-05-03 11:00,64.72,0.38,15.74,Furniture,In-store,Not Returned,Low,2977.12,VIP
561989,Notebook,38,2023-05-03 23:00,43.11,0.11,21.89,Furniture,Online,Not Returned,High,1638.18,VIP
245271,USB Cable,13,2023-05-04 00:00,90.0,0.04,13.23,Furniture,Online,Not Returned,High,1170.0,VIP
771924,Desk Lamp,24,2023-05-04 16:00,97.41,0.03,15.92,Furniture,Online,Not Returned,High,2337.84,VIP
356680,T-shirt,21,2023-05-06 00:00,94.4,0.12,14.43,Furniture,In-store,Not Returned,Low,1982.4,VIP
528651,Office Chair,35,2023-05-06 02:00,41.17,0.26,29.94,Furniture,In-store,Not Returned,High,1440.95,VIP
875469,Blue Pen,18,2023-05-06 05:00,58.7,0.49,15.27,Furniture,In-store,Not Returned,Medium,1056.6,VIP
357505,Desk Lamp,46,2023-05-06 11:00,60.62,0.5,12.39,Furniture,In-store,Not Returned,High,2788.52,VIP
937948,T-shirt,48,2023-05-06 12:00,68.23,0.24,7.56,Furniture,Online,Not Returned,Low,3275.04,VIP
312668,Backpack,35,2023-05-07 09:00,80.04,0.09,15.72,Furniture,Online,Not Returned,Medium,2801.4,VIP
142044,Wireless Mouse,49,2023-05-08 12:00,95.32,0.38,9.31,Furniture,Online,Returned,Low,4670.679999999999,VIP
241615,Desk Lamp,16,2023-05-08 14:00,89.53,0.19,11.2,Furniture,Online,Not Returned,Medium,1432.48,VIP
670669,USB Cable,37,2023-05-08 21:00,73.4,0.5,22.38,Furniture,In-store,Not Returned,Medium,2715.8,VIP
622779,Desk Lamp,25,2023-05-08 22:00,98.96,0.23,15.06,Furniture,Online,Not Returned,High,2474.0,VIP
909903,Desk Lamp,34,2023-05-09 04:00,99.85,0.06,9.39,Furniture,In-store,Not Returned,Medium,3394.9,VIP
624434,Headphones,23,2023-05-11 01:00,72.89,0.06,15.41,Furniture,Online,Not Returned,High,1676.47,VIP
102594,Wireless Mouse,44,2023-05-11 07:00,27.23,0.0,18.97,Furniture,Online,Not Returned,Medium,1198.12,VIP
712485,Desk Lamp,37,2023-05-11 13:00,97.21,0.41,18.19,Furniture,In-store,Not Returned,High,3596.77,VIP
602912,Notebook,26,2023-05-11 15:00,45.57,0.31,8.48,Furniture,In-store,Not Returned,Medium,1184.82,VIP
841898,Backpack,35,2023-05-11 22:00,53.85,0.17,27.88,Furniture,In-store,Not Returned,High,1884.75,VIP
862659,Wireless Mouse,18,2023-05-11 23:00,89.19,0.34,7.97,Furniture,Online,Not Returned,Low,1605.42,VIP
721597,Backpack,25,2023-05-12 06:00,72.09,0.33,7.28,Furniture,In-store,Returned,High,1802.25,VIP
137459,Backpack,15,2023-05-12 10:00,89.31,0.32,29.14,Furniture,Online,Not Returned,Medium,1339.65,VIP
622522,T-shirt,46,2023-05-12 19:00,97.81,0.38,8.29,Furniture,Online,Returned,Medium,4499.26,VIP
791486,Office Chair,26,2023-05-13 14:00,39.43,0.49,17.25,Furniture,In-store,Not Returned,Medium,1025.18,VIP
497294,USB Cable,18,2023-05-13 16:00,98.25,0.3,5.12,Furniture,Online,Not Returned,High,1768.5,VIP
506862,Desk Lamp,46,2023-05-14 00:00,93.82,0.05,8.03,Furniture,Online,Not Returned,High,4315.719999999999,VIP
116211,Backpack,16,2023-05-14 06:00,73.38,0.05,15.01,Furniture,In-store,Not Returned,Low,1174.08,VIP
186665,Desk Lamp,21,2023-05-14 07:00,90.33,0.14,14.55,Furniture,Online,Not Returned,Medium,1896.93,VIP
762737,Headphones,37,2023-05-14 08:00,50.73,0.28,26.63,Furniture,Online,Not Returned,Low,1877.01,VIP
970194,Blue Pen,31,2023-05-14 18:00,34.84,0.2,5.09,Furniture,In-store,Not Returned,Medium,1080.0400000000002,VIP
480213,Wall Clock,23,2023-05-15 19:00,75.01,0.02,26.26,Furniture,Online,Not Returned,Medium,1725.23,VIP
490523,Headphones,25,2023-05-17 02:00,73.75,0.1,22.98,Furniture,Online,Not Returned,Low,1843.75,VIP
198901,Desk Lamp,16,2023-05-17 09:00,65.11,0.17,6.58,Furniture,In-store,Not Returned,Low,1041.76,VIP
345900,T-shirt,36,2023-05-17 19:00,98.66,0.05,24.49,Furniture,Online,Not Returned,Low,3551.76,VIP
113570,Headphones,26,2023-05-18 04:00,41.54,0.21,11.41,Furniture,Online,Returned,Medium,1080.04,VIP
355019,Notebook,33,2023-05-18 11:00,67.98,0.01,8.38,Furniture,In-store,Not Returned,Medium,2243.34,VIP
962800,Wireless Mouse,47,2023-05-18 12:00,52.94,0.42,22.46,Furniture,In-store,Not Returned,High,2488.18,VIP
837897,Desk Lamp,26,2023-05-18 18:00,79.42,0.37,20.97,Furniture,In-store,Not Returned,High,2064.92,VIP
393904,Wall Clock,16,2023-05-19 08:00,93.42,0.22,16.39,Furniture,In-store,Not Returned,Low,1494.72,VIP
624209,Wall Clock,35,2023-05-19 17:00,33.95,0.06,18.42,Furniture,Online,Not Returned,High,1188.25,VIP
756994,Wireless Mouse,27,2023-05-20 05:00,48.13,0.28,23.63,Furniture,In-store,Not Returned,High,1299.51,VIP
867905,Backpack,25,2023-05-20 14:00,50.11,0.23,25.2,Furniture,In-store,Not Returned,Low,1252.75,VIP
118934,USB Cable,22,2023-05-20 15:00,87.29,0.02,27.24,Furniture,Online,Not Returned,Low,1920.38,VIP
673642,Desk Lamp,49,2023-05-21 06:00,94.96,0.04,10.82,Furniture,Online,Not Returned,Low,4653.04,VIP
768763,USB Cable,26,2023-05-21 13:00,74.44,0.03,5.37,Furniture,In-store,Returned,Medium,1935.44,VIP
884891,Blue Pen,24,2023-05-22 13:00,93.34,0.27,22.48,Furniture,In-store,Not Returned,Low,2240.16,VIP
190638,Backpack,44,2023-05-22 14:00,80.21,0.27,8.26,Furniture,Online,Not Returned,Low,3529.24,VIP
116385,White Mug,31,2023-05-23 15:00,86.61,0.18,12.6,Furniture,In-store,Not Returned,Medium,2684.91,VIP
612527,Backpack,12,2023-05-23 20:00,97.1,0.38,16.73,Furniture,Online,Not Returned,Medium,1165.1999999999998,VIP
827498,Notebook,39,2023-05-24 22:00,56.22,0.12,23.71,Furniture,Online,Not Returned,Medium,2192.58,VIP
170656,Blue Pen,15,2023-05-25 10:00,68.38,0.38,28.38,Furniture,In-store,Not Returned,High,1025.6999999999998,VIP
662746,USB Cable,35,2023-05-25 20:00,58.2,0.08,21.64,Furniture,Online,Not Returned,Medium,2037.0,VIP
419631,Desk Lamp,42,2023-05-26 13:00,37.87,0.46,8.5,Furniture,In-store,Returned,High,1590.54,VIP
864413,Blue Pen,39,2023-05-27 10:00,91.08,0.26,17.11,Furniture,Online,Not Returned,High,3552.12,VIP
405963,Wall Clock,49,2023-05-27 12:00,54.67,0.12,24.83,Furniture,In-store,Not Returned,Medium,2678.83,VIP
157858,Wireless Mouse,27,2023-05-28 23:00,89.43,0.44,5.6,Furniture,In-store,Not Returned,High,2414.61,VIP
993148,Wireless Mouse,47,2023-05-29 01:00,52.34,0.24,13.24,Furniture,In-store,Not Returned,Medium,2459.98,VIP
348422,Blue Pen,12,2023-05-29 15:00,94.4,0.37,16.83,Furniture,In-store,Not Returned,High,1132.8000000000002,VIP
664501,White Mug,18,2023-05-29 20:00,59.89,0.45,20.13,Furniture,Online,Not Returned,High,1078.02,VIP
890716,USB Cable,33,2023-05-29 21:00,98.18,0.49,19.06,Furniture,Online,Not Returned,High,3239.94,VIP
153441,Desk Lamp,15,2023-05-30 06:00,98.68,0.14,17.87,Furniture,Online,Not Returned,Medium,1480.2,VIP
420687,Wireless Mouse,18,2023-06-01 04:00,82.92,0.42,18.45,Furniture,In-store,Not Returned,Low,1492.56,VIP
951380,Office Chair,33,2023-06-01 15:00,77.33,0.25,12.04,Furniture,Online,Not Returned,High,2551.89,VIP
602972,Desk Lamp,38,2023-06-01 18:00,43.2,0.07,8.26,Furniture,In-store,Not Returned,Medium,1641.6,VIP
322047,Wall Clock,44,2023-06-02 00:00,74.91,0.08,12.73,Furniture,Online,Not Returned,Medium,3296.04,VIP
976683,Blue Pen,44,2023-06-02 02:00,91.19,0.37,20.68,Furniture,In-store,Returned,Medium,4012.36,VIP
983238,T-shirt,27,2023-06-02 17:00,99.37,0.25,26.6,Furniture,Online,Not Returned,Medium,2682.99,VIP
814335,T-shirt,33,2023-06-03 02:00,84.33,0.04,27.74,Furniture,Online,Not Returned,Medium,2782.89,VIP
645917,Headphones,-25,2023-06-03 04:00,-97.9,1.1979835207384315,,Furniture,Online,Not Returned,Medium,2447.5,VIP
320079,Wireless Mouse,26,2023-06-03 14:00,81.92,0.38,21.16,Furniture,In-store,Not Returned,Low,2129.92,VIP
466675,Notebook,43,2023-06-04 01:00,90.69,0.2,23.64,Furniture,Online,Not Returned,Medium,3899.67,VIP
593663,Blue Pen,19,2023-06-04 11:00,59.35,0.18,28.85,Furniture,Online,Not Returned,High,1127.65,VIP
486505,Notebook,38,2023-06-04 15:00,61.5,0.04,28.82,Furniture,In-store,Not Returned,High,2337.0,VIP
443802,Wall Clock,48,2023-06-05 00:00,70.27,0.09,11.65,Furniture,Online,Not Returned,High,3372.96,VIP
820658,Blue Pen,36,2023-06-05 06:00,68.86,0.3,21.55,Furniture,Online,Not Returned,Low,2478.96,VIP
533733,Desk Lamp,25,2023-06-05 09:00,89.29,0.39,29.51,Furniture,Online,Not Returned,Medium,2232.25,VIP
399519,Headphones,43,2023-06-05 13:00,43.35,0.11,24.33,Furniture,In-store,Returned,Low,1864.05,VIP
777122,Blue Pen,21,2023-06-05 22:00,71.45,0.19,6.05,Furniture,Online,Not Returned,High,1500.45,VIP
622801,USB Cable,19,2023-06-06 10:00,73.39,0.33,27.85,Furniture,In-store,Not Returned,Low,1394.41,VIP
171889,Wireless Mouse,-50,2023-06-06 22:00,-25.99,0.38,,Furniture,Online,Not Returned,Medium,1299.5,VIP
440845,Backpack,45,2023-06-07 21:00,37.67,0.09,10.82,Furniture,Online,Not Returned,Medium,1695.15,VIP
509421,Wireless Mouse,47,2023-06-08 01:00,81.88,0.31,9.99,Furniture,In-store,Not Returned,Low,3848.36,VIP
355665,Office Chair,30,2023-06-08 21:00,53.7,0.49,27.35,Furniture,Online,Returned,Medium,1611.0,VIP
389112,White Mug,36,2023-06-09 03:00,93.52,0.27,20.34,Furniture,Online,Not Returned,Low,3366.72,VIP
603982,Office Chair,19,2023-06-09 13:00,97.7,0.01,7.22,Furniture,In-store,Not Returned,Low,1856.3,VIP
250990,Wall Clock,-19,2023-06-09 16:00,-75.91,0.38,,Furniture,Online,Not Returned,Low,1442.29,VIP
575344,Desk Lamp,24,2023-06-11 07:00,64.36,0.16,28.77,Furniture,Online,Not Returned,Low,1544.64,VIP
175018,White Mug,17,2023-06-11 23:00,81.15,0.13,20.95,Furniture,In-store,Not Returned,Medium,1379.5500000000002,VIP
107304,T-shirt,26,2023-06-12 17:00,56.33,0.08,12.67,Furniture,In-store,Not Returned,High,1464.58,VIP
919072,USB Cable,45,2023-06-13 11:00,41.03,0.03,27.38,Furniture,In-store,Not Returned,Low,1846.35,VIP
880248,Notebook,25,2023-06-14 05:00,61.49,0.45,15.71,Furniture,Online,Not Returned,Low,1537.25,VIP
974756,Backpack,39,2023-06-14 14:00,91.19,0.32,22.98,Furniture,In-store,Not Returned,High,3556.41,VIP
183940,Headphones,25,2023-06-14 21:00,78.34,0.41,6.03,Furniture,Online,Not Returned,High,1958.5,VIP
213570,Blue Pen,27,2023-06-15 01:00,99.87,0.41,17.96,Furniture,In-store,Not Returned,Low,2696.49,VIP
898449,Office Chair,38,2023-06-15 05:00,36.62,0.23,22.46,Furniture,In-store,Not Returned,High,1391.56,VIP
137880,White Mug,21,2023-06-15 07:00,48.02,0.08,9.13,Furniture,Online,Not Returned,Low,1008.42,VIP
101355,Wireless Mouse,18,2023-06-15 08:00,62.93,0.15,17.85,Furniture,Online,Returned,Low,1132.74,VIP
176844,Headphones,30,2023-06-15 23:00,66.38,0.08,18.48,Furniture,Online,Not Returned,High,1991.4,VIP
566508,Wireless Mouse,16,2023-06-16 10:00,99.39,0.11,23.54,Furniture,Online,Not Returned,High,1590.24,VIP
301961,White Mug,34,2023-06-16 11:00,46.93,0.42,25.43,Furniture,In-store,Not Returned,Low,1595.62,VIP
148500,Blue Pen,31,2023-06-18 01:00,39.27,0.49,13.22,Furniture,In-store,Not Returned,Medium,1217.37,VIP
880331,Wall Clock,49,2023-06-18 04:00,84.22,0.31,9.45,Furniture,Online,Not Returned,Low,4126.78,VIP
197119,Office Chair,37,2023-06-18 19:00,41.88,0.31,8.28,Furniture,Online,Not Returned,Low,1549.5600000000002,VIP
825329,Office Chair,34,2023-06-19 03:00,43.45,0.32,10.35,Furniture,In-store,Returned,Low,1477.3000000000002,VIP
463298,Notebook,24,2023-06-19 05:00,49.06,0.43,23.63,Furniture,Online,Not Returned,Medium,1177.44,VIP
101378,Backpack,24,2023-06-19 06:00,76.04,0.33,6.02,Furniture,In-store,Not Returned,Medium,1824.96,VIP
574040,T-shirt,43,2023-06-19 18:00,29.54,0.26,9.32,Furniture,Online,Not Returned,Medium,1270.22,VIP
416376,Headphones,18,2023-06-19 21:00,88.41,0.04,14.99,Furniture,Online,Not Returned,High,1591.38,VIP
432317,Headphones,49,2023-06-20 10:00,66.05,0.14,23.08,Furniture,Online,Not Returned,Medium,3236.45,VIP
772051,Wall Clock,25,2023-06-21 01:00,62.16,0.41,22.81,Furniture,Online,Not Returned,Low,1554.0,VIP
632070,Wireless Mouse,43,2023-06-21 03:00,25.07,0.21,29.58,Furniture,In-store,Returned,Low,1078.01,VIP
302456,T-shirt,30,2023-06-21 10:00,73.33,0.15,29.88,Furniture,In-store,Not Returned,Medium,2199.9,VIP
158396,T-shirt,23,2023-06-21 12:00,94.71,0.43,14.73,Furniture,In-store,Not Returned,High,2178.33,VIP
216435,Office Chair,30,2023-06-21 15:00,52.15,0.25,13.88,Furniture,Online,Not Returned,Medium,1564.5,VIP
956322,White Mug,19,2023-06-22 10:00,79.59,0.18,24.98,Furniture,In-store,Not Returned,Low,1512.21,VIP
721671,Desk Lamp,42,2023-06-22 11:00,99.9,0.38,18.21,Furniture,Online,Not Returned,Medium,4195.8,VIP
397428,USB Cable,41,2023-06-22 14:00,32.68,0.4,10.36,Furniture,In-store,Not Returned,Medium,1339.88,VIP
568089,Blue Pen,-38,2023-06-22 23:00,-43.67,1.624828972376371,,Furniture,In-store,Not Returned,Low,1659.46,VIP
439003,Headphones,47,2023-06-23 11:00,45.3,0.13,7.15,Furniture,In-store,Not Returned,High,2129.1,VIP
422683,USB Cable,12,2023-06-24 12:00,93.48,0.49,6.69,Furniture,Online,Not Returned,Low,1121.76,VIP
772979,Headphones,44,2023-06-24 17:00,80.53,0.2,24.04,Furniture,In-store,Not Returned,Low,3543.32,VIP
121169,Desk Lamp,42,2023-06-24 22:00,91.96,0.48,14.41,Furniture,Online,Not Returned,Low,3862.32,VIP
235915,T-shirt,24,2023-06-25 15:00,64.9,0.48,22.66,Furniture,Online,Not Returned,Low,1557.6,VIP
588835,T-shirt,45,2023-06-26 19:00,92.99,0.12,19.07,Furniture,In-store,Not Returned,Low,4184.55,VIP
235772,Headphones,49,2023-06-28 08:00,58.76,0.3,5.77,Furniture,Online,Not Returned,Medium,2879.24,VIP
609219,Notebook,13,2023-06-28 15:00,78.78,0.39,15.54,Furniture,In-store,Not Returned,Medium,1024.14,VIP
897364,White Mug,14,2023-06-28 21:00,98.31,0.2,21.03,Furniture,Online,Not Returned,Low,1376.34,VIP
360346,Desk Lamp,40,2023-06-28 22:00,30.49,0.18,5.99,Furniture,In-store,Not Returned,Low,1219.6,VIP
243361,Headphones,31,2023-06-29 04:00,69.26,0.24,20.18,Furniture,In-store,Not Returned,Medium,2147.06,VIP
755056,Wireless Mouse,48,2023-06-29 09:00,87.52,0.29,13.49,Furniture,In-store,Not Returned,Medium,4200.96,VIP
890103,Backpack,41,2023-06-29 21:00,80.36,0.05,20.89,Furniture,Online,Not Returned,Medium,3294.76,VIP
563340,Desk Lamp,15,2023-06-30 04:00,95.91,0.12,9.64,Furniture,In-store,Not Returned,Low,1438.65,VIP
991856,Wall Clock,39,2023-06-30 12:00,68.63,0.19,10.22,Furniture,Online,Not Returned,High,2676.57,VIP
802402,Headphones,43,2023-06-30 13:00,37.33,0.08,17.21,Furniture,In-store,Not Returned,High,1605.1899999999998,VIP
981455,Backpack,35,2023-07-01 05:00,89.87,0.39,11.02,Furniture,Online,Returned,Medium,3145.4500000000003,VIP
343349,Backpack,38,2023-07-01 18:00,91.17,0.06,26.92,Furniture,In-store,Not Returned,High,3464.46,VIP
770712,Backpack,31,2023-07-01 19:00,36.35,0.25,17.52,Furniture,In-store,Not Returned,Low,1126.85,VIP
993683,Wireless Mouse,19,2023-07-02 17:00,98.27,0.03,22.66,Furniture,Online,Not Returned,Low,1867.13,VIP
144537,Headphones,21,2023-07-02 18:00,65.66,0.06,7.91,Furniture,Online,Not Returned,High,1378.86,VIP
321714,Notebook,38,2023-07-03 13:00,93.78,0.11,25.52,Furniture,In-store,Not Returned,Medium,3563.64,VIP
355333,White Mug,42,2023-07-04 04:00,51.44,0.03,27.08,Furniture,Online,Not Returned,High,2160.48,VIP
359407,USB Cable,38,2023-07-05 00:00,92.64,0.03,12.04,Furniture,In-store,Not Returned,High,3520.32,VIP
877574,Backpack,29,2023-07-05 13:00,47.05,0.38,23.82,Furniture,Online,Not Returned,Medium,1364.4499999999998,VIP
757009,Headphones,44,2023-07-05 14:00,58.89,0.38,8.39,Furniture,Online,Not Returned,High,2591.16,VIP
127134,T-shirt,46,2023-07-05 17:00,85.42,0.24,26.87,Furniture,Online,Not Returned,Low,3929.32,VIP
946837,Backpack,38,2023-07-06 12:00,73.21,0.5,27.31,Furniture,In-store,Not Returned,Medium,2781.98,VIP
300633,USB Cable,47,2023-07-06 16:00,78.45,0.38,11.08,Furniture,In-store,Not Returned,High,3687.15,VIP
754102,T-shirt,39,2023-07-06 23:00,43.07,0.42,16.59,Furniture,Online,Not Returned,Low,1679.73,VIP
367618,Headphones,49,2023-07-07 17:00,44.38,0.03,29.96,Furniture,Online,Not Returned,Medium,2174.6200000000003,VIP
305180,Wall Clock,31,2023-07-08 08:00,78.6,0.26,27.04,Furniture,Online,Not Returned,Low,2436.6,VIP
552423,Blue Pen,36,2023-07-08 12:00,70.03,0.16,24.88,Furniture,In-store,Not Returned,Low,2521.08,VIP
715839,White Mug,33,2023-07-08 23:00,73.88,0.25,19.88,Furniture,In-store,Not Returned,High,2438.04,VIP
243206,Desk Lamp,22,2023-07-09 08:00,82.65,0.34,8.47,Furniture,Online,Not Returned,High,1818.3,VIP
221840,Notebook,-27,2023-07-09 10:00,-52.44,1.6498654841074163,,Furniture,In-store,Not Returned,Low,1415.88,VIP
734936,White Mug,36,2023-07-09 22:00,28.48,0.23,17.18,Furniture,Online,Not Returned,Medium,1025.28,VIP
955795,Backpack,23,2023-07-10 03:00,98.11,0.25,22.78,Furniture,Online,Not Returned,Medium,2256.53,VIP
349972,Wall Clock,33,2023-07-10 05:00,58.63,0.3,6.04,Furniture,In-store,Not Returned,Low,1934.79,VIP
787554,Desk Lamp,15,2023-07-10 07:00,97.68,0.3,22.83,Furniture,In-store,Returned,Low,1465.2,VIP
361894,White Mug,49,2023-07-10 12:00,39.1,0.19,19.29,Furniture,In-store,Not Returned,High,1915.9,VIP
559353,T-shirt,22,2023-07-10 23:00,66.33,0.12,5.6,Furniture,Online,Not Returned,Low,1459.26,VIP
195987,Headphones,49,2023-07-12 02:00,46.61,0.01,5.68,Furniture,In-store,Not Returned,Low,2283.89,VIP
941618,Notebook,-15,2023-07-12 11:00,-83.26,1.94870171598476,,Furniture,In-store,Not Returned,Low,1248.9,VIP
115050,Wall Clock,49,2023-07-12 18:00,41.12,0.37,14.13,Furniture,In-store,Returned,High,2014.88,VIP
414308,Wall Clock,13,2023-07-12 21:00,87.88,0.17,16.42,Furniture,In-store,Not Returned,Low,1142.44,VIP
114284,Wireless Mouse,29,2023-07-13 02:00,69.1,0.23,12.54,Furniture,In-store,Not Returned,Medium,2003.9,VIP
480391,T-shirt,31,2023-07-13 08:00,97.49,0.5,16.66,Furniture,In-store,Not Returned,Medium,3022.19,VIP
421044,T-shirt,24,2023-07-13 09:00,49.23,0.42,27.59,Furniture,Online,Not Returned,Low,1181.52,VIP
368210,Backpack,47,2023-07-13 11:00,79.91,0.15,23.61,Furniture,Online,Not Returned,High,3755.77,VIP
449325,Headphones,30,2023-07-15 08:00,55.12,0.46,28.73,Furniture,Online,Not Returned,Medium,1653.6,VIP
997339,USB Cable,47,2023-07-15 09:00,33.37,0.34,17.34,Furniture,Online,Not Returned,Low,1568.39,VIP
562950,Backpack,15,2023-07-15 22:00,69.83,0.3,16.91,Furniture,Online,Not Returned,High,1047.45,VIP
942827,T-shirt,-24,2023-07-16 07:00,-50.78,0.33,,Furniture,Online,Not Returned,High,1218.72,VIP
391199,T-shirt,44,2023-07-16 09:00,66.93,0.45,20.91,Furniture,In-store,Not Returned,Medium,2944.92,VIP
452265,White Mug,39,2023-07-16 23:00,72.6,0.15,7.5,Furniture,In-store,Not Returned,Medium,2831.4,VIP
598535,USB Cable,33,2023-07-17 03:00,68.67,0.1,9.22,Furniture,In-store,Not Returned,Medium,2266.11,VIP
527047,Desk Lamp,25,2023-07-18 11:00,68.43,0.37,28.71,Furniture,Online,Not Returned,Medium,1710.7500000000002,VIP
777186,Headphones,31,2023-07-19 06:00,37.37,0.46,9.53,Furniture,In-store,Not Returned,Low,1158.47,VIP
527924,Office Chair,28,2023-07-19 11:00,51.05,0.22,14.62,Furniture,Online,Not Returned,High,1429.4,VIP
987103,Headphones,44,2023-07-19 12:00,66.81,0.29,7.26,Furniture,Online,Not Returned,Medium,2939.6400000000003,VIP
509767,Desk Lamp,27,2023-07-20 20:00,51.69,0.03,15.36,Furniture,In-store,Returned,Medium,1395.63,VIP
573530,Blue Pen,40,2023-07-21 16:00,43.32,0.43,24.11,Furniture,Online,Not Returned,High,1732.8,VIP
881654,Notebook,32,2023-07-22 02:00,73.69,0.22,10.68,Furniture,Online,Not Returned,High,2358.08,VIP
922501,Desk Lamp,41,2023-07-22 03:00,54.59,0.2,25.13,Furniture,Online,Not Returned,Medium,2238.19,VIP
413476,Headphones,17,2023-07-22 11:00,74.21,0.12,14.85,Furniture,In-store,Not Returned,Medium,1261.57,VIP
775109,Blue Pen,-25,2023-07-23 05:00,-43.81,1.1212512998753477,,Furniture,In-store,Not Returned,Medium,1095.25,VIP
137972,Notebook,14,2023-07-23 10:00,93.25,0.01,22.04,Furniture,Online,Not Returned,Medium,1305.5,VIP
597960,Notebook,38,2023-07-23 14:00,83.39,0.34,6.35,Furniture,In-store,Not Returned,High,3168.82,VIP
777772,Desk Lamp,25,2023-07-24 01:00,57.71,0.33,5.89,Furniture,Online,Returned,Medium,1442.75,VIP
922294,White Mug,11,2023-07-24 03:00,92.58,0.31,26.96,Furniture,Online,Returned,Medium,1018.38,VIP
239972,Notebook,45,2023-07-24 22:00,79.11,0.26,19.11,Furniture,Online,Not Returned,Medium,3559.95,VIP
770374,Wireless Mouse,43,2023-07-25 02:00,78.77,0.12,28.13,Furniture,In-store,Not Returned,Medium,3387.11,VIP
400108,Backpack,49,2023-07-25 04:00,57.96,0.46,24.92,Furniture,In-store,Not Returned,High,2840.04,VIP
152195,USB Cable,47,2023-07-25 17:00,95.08,0.37,6.14,Furniture,In-store,Returned,Low,4468.76,VIP
512453,Headphones,43,2023-07-25 22:00,49.29,0.34,5.57,Furniture,Online,Not Returned,Medium,2119.47,VIP
442494,Wireless Mouse,30,2023-07-26 16:00,58.59,0.07,10.47,Furniture,In-store,Not Returned,Medium,1757.7,VIP
936960,T-shirt,20,2023-07-26 20:00,59.05,0.06,29.34,Furniture,In-store,Not Returned,High,1181.0,VIP
849656,Office Chair,17,2023-07-27 03:00,74.14,0.42,17.82,Furniture,Online,Not Returned,High,1260.38,VIP
243723,Headphones,24,2023-07-27 07:00,82.37,0.25,10.98,Furniture,In-store,Not Returned,Medium,1976.88,VIP
166083,Headphones,19,2023-07-27 11:00,78.5,0.1,15.49,Furniture,Online,Not Returned,Medium,1491.5,VIP
334267,Backpack,13,2023-07-27 12:00,92.2,0.2,28.49,Furniture,Online,Not Returned,High,1198.6,VIP
676424,USB Cable,48,2023-07-27 20:00,99.31,0.18,5.58,Furniture,In-store,Returned,High,4766.88,VIP
953579,Wall Clock,47,2023-07-28 04:00,30.15,0.35,12.22,Furniture,Online,Not Returned,High,1417.05,VIP
346328,T-shirt,14,2023-07-29 13:00,89.63,0.16,12.04,Furniture,In-store,Not Returned,Low,1254.82,VIP
752863,T-shirt,41,2023-07-29 17:00,91.7,0.27,13.06,Furniture,In-store,Not Returned,High,3759.7,VIP
824629,Wireless Mouse,45,2023-07-29 19:00,70.08,0.48,28.83,Furniture,In-store,Not Returned,Low,3153.6,VIP
241370,T-shirt,27,2023-07-31 00:00,74.32,0.44,13.89,Furniture,Online,Not Returned,Low,2006.64,VIP
778794,Desk Lamp,19,2023-07-31 06:00,70.79,0.3,18.6,Furniture,In-store,Not Returned,Low,1345.0100000000002,VIP
377319,Headphones,45,2023-08-01 03:00,73.62,0.06,12.07,Furniture,In-store,Not Returned,High,3312.9,VIP
905997,Wall Clock,23,2023-08-01 23:00,97.25,0.41,24.14,Furniture,In-store,Not Returned,Medium,2236.75,VIP
579123,White Mug,23,2023-08-02 03:00,75.84,0.06,24.59,Furniture,Online,Not Returned,High,1744.3200000000002,VIP
283557,White Mug,21,2023-08-02 05:00,80.25,0.39,24.54,Furniture,Online,Not Returned,High,1685.25,VIP
964685,Office Chair,36,2023-08-02 07:00,59.38,0.32,16.02,Furniture,Online,Not Returned,Low,2137.6800000000003,VIP
407453,White Mug,46,2023-08-02 17:00,92.71,0.16,26.64,Furniture,Online,Not Returned,High,4264.66,VIP
339901,Office Chair,39,2023-08-03 03:00,65.85,0.33,18.63,Furniture,In-store,Returned,Medium,2568.15,VIP
255561,Wireless Mouse,16,2023-08-03 04:00,63.27,0.13,7.12,Furniture,In-store,Not Returned,Low,1012.32,VIP
210551,Office Chair,37,2023-08-03 10:00,59.15,0.23,25.63,Furniture,In-store,Not Returned,High,2188.55,VIP
670417,Wall Clock,21,2023-08-04 08:00,49.19,0.34,17.82,Furniture,Online,Not Returned,Medium,1032.99,VIP
680913,White Mug,29,2023-08-04 12:00,64.12,0.44,8.21,Furniture,Online,Not Returned,Medium,1859.48,VIP
802936,Wall Clock,-33,2023-08-04 19:00,-48.13,1.9117277664179488,,Furniture,In-store,Not Returned,High,1588.2900000000002,VIP
560133,Blue Pen,37,2023-08-05 00:00,64.08,0.08,27.63,Furniture,Online,Not Returned,High,2370.96,VIP
670864,Backpack,42,2023-08-05 07:00,52.88,0.45,6.6,Furniture,Online,Not Returned,Medium,2220.96,VIP
606693,Office Chair,46,2023-08-05 10:00,70.36,0.23,21.79,Furniture,In-store,Not Returned,High,3236.56,VIP
294164,Desk Lamp,-31,2023-08-05 17:00,-58.35,1.7633331759326651,,Furniture,Online,Not Returned,Low,1808.85,VIP
200927,Wall Clock,41,2023-08-06 04:00,41.33,0.02,21.49,Furniture,In-store,Not Returned,Low,1694.53,VIP
928460,Blue Pen,17,2023-08-06 11:00,60.56,0.32,12.39,Furniture,Online,Returned,High,1029.52,VIP
585197,Notebook,26,2023-08-06 23:00,71.13,0.1,24.58,Furniture,In-store,Not Returned,Medium,1849.38,VIP
744647,Desk Lamp,22,2023-08-07 08:00,88.43,0.21,28.11,Furniture,Online,Not Returned,High,1945.46,VIP
982428,T-shirt,24,2023-08-08 00:00,61.46,0.42,27.4,Furniture,In-store,Not Returned,Low,1475.04,VIP
603028,USB Cable,22,2023-08-10 04:00,62.47,0.19,16.52,Furniture,In-store,Not Returned,Low,1374.34,VIP
959284,Desk Lamp,26,2023-08-10 05:00,89.95,0.33,5.97,Furniture,Online,Returned,High,2338.7000000000003,VIP
146546,Desk Lamp,46,2023-08-10 09:00,73.4,0.49,6.04,Furniture,Online,Not Returned,Medium,3376.4,VIP
727571,White Mug,37,2023-08-10 13:00,32.05,0.3,25.42,Furniture,In-store,Not Returned,High,1185.85,VIP
272781,Backpack,21,2023-08-10 17:00,73.48,0.23,13.55,Furniture,In-store,Not Returned,Medium,1543.0800000000002,VIP
973394,USB Cable,24,2023-08-11 02:00,54.83,0.15,23.32,Furniture,In-store,Not Returned,Low,1315.92,VIP
827967,Desk Lamp,47,2023-08-11 04:00,22.2,0.25,24.43,Furniture,Online,Not Returned,Medium,1043.4,VIP
483987,Backpack,41,2023-08-11 13:00,59.06,0.34,10.88,Furniture,In-store,Not Returned,Low,2421.46,VIP
628451,White Mug,32,2023-08-11 15:00,90.72,0.41,15.52,Furniture,Online,Not Returned,High,2903.04,VIP
996656,T-shirt,24,2023-08-11 21:00,79.31,0.43,8.08,Furniture,Online,Returned,Low,1903.44,VIP
453497,Office Chair,17,2023-08-12 18:00,87.22,0.12,26.65,Furniture,In-store,Not Returned,High,1482.74,VIP
310033,Headphones,46,2023-08-13 06:00,76.69,0.02,11.51,Furniture,In-store,Not Returned,Medium,3527.74,VIP
486122,Office Chair,30,2023-08-14 01:00,35.58,0.3,18.4,Furniture,Online,Not Returned,Low,1067.4,VIP
766530,Wireless Mouse,48,2023-08-14 03:00,31.95,0.21,8.79,Furniture,In-store,Not Returned,Medium,1533.6,VIP
136108,Wireless Mouse,39,2023-08-14 09:00,55.45,0.43,10.94,Furniture,In-store,Not Returned,High,2162.55,VIP
902373,Blue Pen,21,2023-08-14 12:00,73.04,0.15,6.85,Furniture,In-store,Not Returned,Low,1533.84,VIP
631732,Wall Clock,43,2023-08-14 19:00,35.86,0.24,5.88,Furniture,Online,Not Returned,High,1541.98,VIP
340002,Wireless Mouse,39,2023-08-14 21:00,61.46,0.09,15.01,Furniture,In-store,Not Returned,Medium,2396.94,VIP
116643,T-shirt,47,2023-08-15 23:00,48.58,0.28,21.11,Furniture,Online,Not Returned,Medium,2283.26,VIP
158126,Headphones,20,2023-08-16 02:00,87.02,0.17,22.59,Furniture,Online,Not Returned,High,1740.4,VIP
224453,Wireless Mouse,-29,2023-08-16 04:00,-65.83,1.952883140399411,,Furniture,Online,Not Returned,High,1909.07,VIP
633881,Backpack,32,2023-08-16 15:00,93.75,0.43,19.69,Furniture,In-store,Not Returned,High,3000.0,VIP
326935,Backpack,45,2023-08-17 01:00,74.12,0.35,6.31,Furniture,Online,Not Returned,Medium,3335.4,VIP
581037,White Mug,28,2023-08-17 17:00,69.69,0.35,5.34,Furniture,In-store,Not Returned,High,1951.32,VIP
604642,Wireless Mouse,37,2023-08-18 00:00,77.59,0.1,5.68,Furniture,In-store,Not Returned,Medium,2870.83,VIP
945901,T-shirt,47,2023-08-18 11:00,29.03,0.46,15.86,Furniture,Online,Not Returned,High,1364.41,VIP
457933,T-shirt,32,2023-08-18 12:00,31.98,0.26,21.66,Furniture,Online,Not Returned,Low,1023.36,VIP
627660,USB Cable,30,2023-08-18 17:00,49.96,0.03,27.38,Furniture,In-store,Not Returned,Low,1498.8,VIP
398987,Wireless Mouse,31,2023-08-19 18:00,93.68,0.29,8.66,Furniture,In-store,Not Returned,High,2904.0800000000004,VIP
571530,Backpack,29,2023-08-19 19:00,53.92,0.44,27.66,Furniture,Online,Not Returned,Low,1563.68,VIP
971243,Wall Clock,38,2023-08-20 11:00,44.6,0.27,20.49,Furniture,In-store,Returned,High,1694.8,VIP
106586,Notebook,28,2023-08-20 14:00,74.24,0.46,17.4,Furniture,In-store,Not Returned,Medium,2078.72,VIP
875348,Notebook,-42,2023-08-21 05:00,-62.13,1.818510703673248,,Furniture,Online,Not Returned,Medium,2609.46,VIP
596957,Wall Clock,32,2023-08-21 23:00,31.76,0.48,11.73,Furniture,Online,Not Returned,High,1016.32,VIP
852746,USB Cable,32,2023-08-22 03:00,92.85,0.02,22.39,Furniture,Online,Not Returned,High,2971.2,VIP
116471,USB Cable,46,2023-08-22 04:00,98.81,0.14,29.11,Furniture,In-store,Not Returned,Low,4545.26,VIP
782754,Wireless Mouse,30,2023-08-23 12:00,95.76,0.15,5.37,Furniture,In-store,Not Returned,Medium,2872.8,VIP
907594,Notebook,19,2023-08-23 18:00,70.8,0.29,10.39,Furniture,In-store,Not Returned,High,1345.2,VIP
150250,Office Chair,36,2023-08-25 20:00,35.69,0.37,22.7,Furniture,In-store,Not Returned,Low,1284.84,VIP
151137,White Mug,26,2023-08-26 12:00,62.24,0.41,9.92,Furniture,Online,Returned,Medium,1618.24,VIP
657496,Blue Pen,29,2023-08-26 20:00,46.07,0.49,14.78,Furniture,In-store,Not Returned,Low,1336.03,VIP
572651,Headphones,49,2023-08-26 22:00,73.0,0.2,23.72,Furniture,In-store,Not Returned,Medium,3577.0,VIP
878527,Blue Pen,46,2023-08-27 01:00,71.87,0.11,23.96,Furniture,In-store,Not Returned,Low,3306.0200000000004,VIP
152633,USB Cable,26,2023-08-27 13:00,77.4,0.14,15.82,Furniture,Online,Not Returned,High,2012.4,VIP
132803,USB Cable,33,2023-08-27 15:00,83.59,0.4,10.97,Furniture,In-store,Not Returned,Low,2758.4700000000003,VIP
705134,Backpack,43,2023-08-29 03:00,25.17,0.08,8.26,Furniture,In-store,Not Returned,Low,1082.3100000000002,VIP
737606,Wireless Mouse,35,2023-08-29 06:00,63.44,0.19,16.13,Furniture,Online,Returned,High,2220.4,VIP
599224,T-shirt,45,2023-08-29 14:00,52.24,0.07,22.99,Furniture,Online,Not Returned,High,2350.8,VIP
393679,Blue Pen,16,2023-08-29 17:00,67.29,0.23,19.62,Furniture,Online,Not Returned,Medium,1076.64,VIP
713968,Wall Clock,-37,2023-08-29 21:00,-63.1,1.858343135349482,,Furniture,In-store,Not Returned,Low,2334.7000000000003,VIP
370109,Headphones,-44,2023-08-29 22:00,-94.52,0.24,,Furniture,Online,Not Returned,Low,4158.88,VIP
227230,Wireless Mouse,19,2023-08-30 08:00,57.36,0.13,12.3,Furniture,Online,Not Returned,Medium,1089.84,VIP
234730,T-shirt,26,2023-08-30 15:00,71.39,0.29,13.2,Furniture,Online,Not Returned,High,1856.14,VIP
706143,White Mug,48,2023-08-30 16:00,38.01,0.02,8.7,Furniture,In-store,Not Returned,Low,1824.48,VIP
446758,Backpack,47,2023-08-30 17:00,93.59,0.16,10.18,Furniture,Online,Not Returned,Low,4398.7300000000005,VIP
931843,Headphones,38,2023-08-31 05:00,44.96,0.32,8.28,Furniture,Online,Not Returned,Low,1708.48,VIP
971744,Blue Pen,48,2023-08-31 08:00,54.75,0.43,20.53,Furniture,In-store,Not Returned,Low,2628.0,VIP
329014,T-shirt,27,2023-08-31 09:00,40.74,0.4,23.56,Furniture,In-store,Returned,Low,1099.98,VIP
159739,Desk Lamp,36,2023-09-01 10:00,32.69,0.39,23.92,Furniture,In-store,Not Returned,High,1176.84,VIP
274068,Wall Clock,41,2023-09-01 11:00,24.41,0.35,24.77,Furniture,Online,Not Returned,High,1000.81,VIP
152810,Wall Clock,49,2023-09-01 16:00,76.96,0.01,10.96,Furniture,In-store,Not Returned,Low,3771.04,VIP
533082,Notebook,24,2023-09-02 02:00,97.6,0.23,21.22,Furniture,Online,Not Returned,High,2342.4,VIP
254558,Wall Clock,35,2023-09-02 17:00,46.55,0.47,15.62,Furniture,In-store,Not Returned,Low,1629.25,VIP
864236,Backpack,35,2023-09-02 22:00,28.75,0.31,16.08,Furniture,In-store,Not Returned,High,1006.25,VIP
507741,Wireless Mouse,38,2023-09-03 13:00,77.31,0.19,10.78,Furniture,Online,Not Returned,High,2937.78,VIP
676922,Office Chair,40,2023-09-03 15:00,57.96,0.27,9.85,Furniture,Online,Not Returned,High,2318.4,VIP
779379,Blue Pen,41,2023-09-04 10:00,48.59,0.06,28.04,Furniture,Online,Not Returned,Low,1992.19,VIP
639121,Wireless Mouse,24,2023-09-05 01:00,88.79,0.27,9.94,Furniture,In-store,Not Returned,Medium,2130.96,VIP
485230,USB Cable,24,2023-09-05 05:00,97.05,0.11,6.02,Furniture,In-store,Not Returned,High,2329.2,VIP
665541,Notebook,39,2023-09-05 07:00,50.17,0.29,14.75,Furniture,Online,Not Returned,Low,1956.63,VIP
667381,Office Chair,36,2023-09-05 23:00,30.64,0.28,14.61,Furniture,In-store,Not Returned,Low,1103.04,VIP
976611,Notebook,35,2023-09-06 14:00,30.09,0.21,18.47,Furniture,Online,Not Returned,Low,1053.15,VIP
162993,Wireless Mouse,26,2023-09-08 07:00,81.82,0.16,26.15,Furniture,In-store,Not Returned,High,2127.32,VIP
654315,Notebook,17,2023-09-08 11:00,73.88,0.19,23.59,Furniture,Online,Returned,High,1255.96,VIP
711305,T-shirt,47,2023-09-08 12:00,26.38,0.19,16.87,Furniture,Online,Not Returned,High,1239.86,VIP
467554,Desk Lamp,23,2023-09-09 00:00,97.03,0.22,13.07,Furniture,Online,Not Returned,Medium,2231.69,VIP
145610,White Mug,31,2023-09-09 09:00,62.54,0.25,14.55,Furniture,In-store,Not Returned,Medium,1938.74,VIP
635900,Backpack,48,2023-09-09 14:00,54.36,0.47,10.44,Furniture,Online,Not Returned,Low,2609.28,VIP
643176,Wall Clock,20,2023-09-09 16:00,52.36,0.01,28.47,Furniture,Online,Not Returned,Low,1047.2,VIP
805654,Blue Pen,27,2023-09-10 03:00,90.89,0.36,12.95,Furniture,Online,Returned,High,2454.03,VIP
347368,Backpack,28,2023-09-10 06:00,80.9,0.33,8.36,Furniture,Online,Not Returned,Medium,2265.2000000000003,VIP
805211,Wall Clock,46,2023-09-10 13:00,40.56,0.05,19.34,Furniture,In-store,Not Returned,Medium,1865.76,VIP
536077,USB Cable,45,2023-09-10 14:00,51.16,0.17,7.4,Furniture,In-store,Not Returned,Medium,2302.2,VIP
921378,White Mug,20,2023-09-10 15:00,61.9,0.31,20.93,Furniture,In-store,Not Returned,Low,1238.0,VIP
335437,White Mug,35,2023-09-11 00:00,39.49,0.49,25.81,Furniture,In-store,Not Returned,High,1382.15,VIP
682439,Desk Lamp,44,2023-09-11 04:00,28.34,0.46,8.59,Furniture,In-store,Not Returned,Medium,1246.96,VIP
367308,USB Cable,37,2023-09-11 07:00,57.8,0.32,23.03,Furniture,Online,Not Returned,Medium,2138.6,VIP
299948,Wireless Mouse,27,2023-09-11 13:00,90.64,0.06,20.15,Furniture,Online,Returned,Low,2447.28,VIP
886228,USB Cable,14,2023-09-12 13:00,76.46,0.32,6.62,Furniture,Online,Not Returned,High,1070.4399999999998,VIP
590341,Wireless Mouse,18,2023-09-13 05:00,79.83,0.3,11.26,Furniture,In-store,Not Returned,Medium,1436.94,VIP
776446,Blue Pen,18,2023-09-15 06:00,62.12,0.21,11.32,Furniture,In-store,Not Returned,Low,1118.16,VIP
379067,White Mug,45,2023-09-15 07:00,41.13,0.09,19.25,Furniture,In-store,Not Returned,High,1850.85,VIP
721436,T-shirt,40,2023-09-15 17:00,69.46,0.23,18.6,Furniture,In-store,Not Returned,High,2778.4,VIP
368860,Desk Lamp,13,2023-09-15 18:00,83.36,0.23,26.37,Furniture,In-store,Not Returned,High,1083.68,VIP
378232,Desk Lamp,43,2023-09-15 20:00,61.45,0.46,29.52,Furniture,Online,Not Returned,Medium,2642.35,VIP
598338,Wall Clock,48,2023-09-15 22:00,37.6,0.01,28.31,Furniture,Online,Not Returned,Low,1804.8,VIP
356817,Office Chair,32,2023-09-17 21:00,67.38,0.03,29.35,Furniture,In-store,Not Returned,Low,2156.16,VIP
281808,Backpack,16,2023-09-18 13:00,79.1,0.27,12.83,Furniture,Online,Not Returned,Low,1265.6,VIP
716219,Notebook,23,2023-09-18 16:00,50.76,0.48,13.25,Furniture,Online,Not Returned,Medium,1167.48,VIP
648392,White Mug,35,2023-09-18 19:00,50.68,0.44,7.58,Furniture,In-store,Not Returned,High,1773.8,VIP
341955,USB Cable,48,2023-09-18 22:00,81.67,0.15,13.11,Furniture,Online,Not Returned,High,3920.16,VIP
494858,Headphones,30,2023-09-18 23:00,47.54,0.49,27.55,Furniture,In-store,Not Returned,Medium,1426.2,VIP
108769,USB Cable,37,2023-09-19 03:00,65.32,0.25,27.86,Furniture,In-store,Not Returned,High,2416.84,VIP
150375,Notebook,33,2023-09-19 06:00,83.58,0.37,10.79,Furniture,In-store,Not Returned,Medium,2758.14,VIP
112268,White Mug,24,2023-09-19 07:00,97.66,0.05,22.95,Furniture,In-store,Not Returned,Low,2343.84,VIP
905897,Backpack,32,2023-09-19 20:00,81.4,0.34,14.82,Furniture,Online,Not Returned,Medium,2604.8,VIP
334099,Headphones,35,2023-09-20 11:00,34.76,0.09,22.29,Furniture,In-store,Not Returned,Medium,1216.6,VIP
706619,Notebook,40,2023-09-21 06:00,80.14,0.13,22.33,Furniture,In-store,Not Returned,High,3205.6,VIP
148296,USB Cable,37,2023-09-21 16:00,82.49,0.42,9.34,Furniture,In-store,Not Returned,High,3052.13,VIP
388967,Blue Pen,39,2023-09-22 01:00,77.83,0.4,10.87,Furniture,In-store,Not Returned,Medium,3035.37,VIP
977806,Backpack,37,2023-09-22 02:00,49.77,0.22,29.19,Furniture,Online,Not Returned,High,1841.49,VIP
373060,USB Cable,21,2023-09-22 08:00,57.32,0.07,14.23,Furniture,Online,Not Returned,Low,1203.72,VIP
666922,Desk Lamp,24,2023-09-22 16:00,93.86,0.47,24.81,Furniture,In-store,Not Returned,Medium,2252.64,VIP
457623,Blue Pen,15,2023-09-22 18:00,91.12,0.01,23.94,Furniture,In-store,Not Returned,Low,1366.8000000000002,VIP
905761,Backpack,23,2023-09-22 21:00,87.43,0.21,18.18,Furniture,Online,Not Returned,High,2010.89,VIP
388394,Desk Lamp,26,2023-09-24 03:00,83.4,0.45,22.84,Furniture,Online,Not Returned,Low,2168.4,VIP
434481,White Mug,38,2023-09-24 05:00,76.96,0.17,27.06,Furniture,In-store,Not Returned,High,2924.48,VIP
227615,Blue Pen,42,2023-09-24 06:00,62.18,0.01,27.92,Furniture,Online,Not Returned,Medium,2611.56,VIP
946964,T-shirt,39,2023-09-24 08:00,40.2,0.1,20.91,Furniture,In-store,Not Returned,Low,1567.8000000000002,VIP
714139,USB Cable,33,2023-09-24 16:00,70.77,0.21,21.84,Furniture,In-store,Not Returned,High,2335.41,VIP
983372,Office Chair,32,2023-09-26 07:00,59.77,0.36,11.37,Furniture,Online,Not Returned,Medium,1912.64,VIP
390580,USB Cable,42,2023-09-26 08:00,72.38,0.29,13.96,Furniture,In-store,Not Returned,Low,3039.96,VIP
615405,Backpack,19,2023-09-26 09:00,64.26,0.44,10.01,Furniture,In-store,Not Returned,High,1220.94,VIP
562358,USB Cable,41,2023-09-26 13:00,45.63,0.44,14.97,Furniture,In-store,Not Returned,High,1870.83,VIP
711821,Backpack,11,2023-09-26 19:00,95.84,0.21,18.76,Furniture,Online,Not Returned,Low,1054.24,VIP
182209,Office Chair,15,2023-09-27 22:00,97.05,0.06,18.99,Furniture,Online,Not Returned,Low,1455.75,VIP
700867,Headphones,22,2023-09-28 01:00,60.48,0.26,14.23,Furniture,Online,Not Returned,High,1330.56,VIP
131171,USB Cable,16,2023-09-29 09:00,81.41,0.21,26.86,Furniture,Online,Not Returned,Medium,1302.56,VIP
789968,White Mug,49,2023-09-29 16:00,39.82,0.16,26.26,Furniture,Online,Not Returned,High,1951.18,VIP
837816,USB Cable,23,2023-09-29 18:00,55.03,0.25,7.53,Furniture,Online,Not Returned,High,1265.69,VIP
440817,White Mug,43,2023-10-01 05:00,90.1,0.07,16.79,Furniture,Online,Not Returned,Low,3874.3,VIP
607934,Headphones,46,2023-10-01 08:00,27.46,0.18,15.0,Furniture,Online,Returned,Low,1263.16,VIP
298470,Desk Lamp,36,2023-10-01 22:00,96.93,0.25,10.51,Furniture,Online,Not Returned,High,3489.4800000000005,VIP
567071,Headphones,32,2023-10-02 04:00,80.19,0.46,21.28,Furniture,Online,Not Returned,High,2566.08,VIP
466343,Wall Clock,24,2023-10-02 05:00,97.56,0.3,28.59,Furniture,In-store,Not Returned,Low,2341.44,VIP
374346,White Mug,33,2023-10-02 09:00,41.62,0.36,7.35,Furniture,In-store,Returned,Low,1373.4599999999998,VIP
578874,Wall Clock,46,2023-10-02 12:00,38.76,0.09,28.1,Furniture,In-store,Not Returned,High,1782.9599999999998,VIP
800265,Wall Clock,21,2023-10-03 04:00,80.83,0.01,22.79,Furniture,Online,Not Returned,High,1697.43,VIP
179870,Desk Lamp,36,2023-10-03 05:00,78.81,0.16,5.49,Furniture,In-store,Not Returned,Medium,2837.16,VIP
279936,Wireless Mouse,37,2023-10-04 08:00,60.58,0.48,28.7,Furniture,In-store,Returned,High,2241.46,VIP
316381,Wall Clock,36,2023-10-04 09:00,47.65,0.1,23.61,Furniture,Online,Not Returned,Medium,1715.4,VIP
591750,Desk Lamp,12,2023-10-04 11:00,87.59,0.23,13.21,Furniture,Online,Not Returned,Medium,1051.08,VIP
111683,USB Cable,25,2023-10-04 15:00,84.47,0.13,24.46,Furniture,In-store,Not Returned,Medium,2111.75,VIP
854467,Headphones,18,2023-10-04 22:00,93.61,0.29,17.48,Furniture,Online,Not Returned,High,1684.98,VIP
631373,Office Chair,33,2023-10-05 20:00,59.57,0.21,12.09,Furniture,Online,Not Returned,High,1965.81,VIP
120563,Notebook,35,2023-10-05 22:00,91.22,0.35,26.84,Furniture,Online,Not Returned,Medium,3192.7,VIP
438325,Backpack,23,2023-10-06 18:00,96.64,0.44,7.98,Furniture,Online,Not Returned,High,2222.72,VIP
308803,Notebook,29,2023-10-07 02:00,40.35,0.09,9.98,Furniture,Online,Not Returned,Low,1170.15,VIP
514787,Wall Clock,26,2023-10-07 05:00,98.82,0.41,15.73,Furniture,Online,Not Returned,High,2569.32,VIP
396630,Headphones,39,2023-10-07 06:00,58.98,0.05,15.8,Furniture,Online,Not Returned,High,2300.22,VIP
389183,Desk Lamp,35,2023-10-08 00:00,69.7,0.29,17.44,Furniture,Online,Returned,Low,2439.5,VIP
573130,Blue Pen,32,2023-10-08 14:00,43.73,0.09,13.13,Furniture,Online,Not Returned,Medium,1399.36,VIP
299584,Backpack,40,2023-10-09 01:00,99.36,0.37,24.85,Furniture,Online,Not Returned,High,3974.4,VIP
897168,Office Chair,24,2023-10-09 08:00,83.97,0.33,29.39,Furniture,Online,Not Returned,High,2015.28,VIP
882277,Office Chair,-33,2023-10-09 13:00,-38.67,0.31,,Furniture,In-store,Not Returned,Medium,1276.11,VIP
965126,Backpack,34,2023-10-09 16:00,32.59,0.05,14.87,Furniture,In-store,Not Returned,Low,1108.0600000000002,VIP
725451,Office Chair,39,2023-10-10 00:00,71.91,0.16,25.89,Furniture,Online,Not Returned,Low,2804.49,VIP
430642,Wall Clock,19,2023-10-10 01:00,93.22,0.34,28.8,Furniture,In-store,Not Returned,Medium,1771.18,VIP
328861,Backpack,12,2023-10-10 02:00,98.41,0.4,6.3,Furniture,Online,Not Returned,Low,1180.92,VIP
915668,Headphones,43,2023-10-12 09:00,87.89,0.22,26.61,Furniture,In-store,Returned,Low,3779.27,VIP
631427,Office Chair,17,2023-10-12 15:00,71.3,0.04,13.43,Furniture,Online,Not Returned,High,1212.1,VIP
470458,Headphones,38,2023-10-12 17:00,71.83,0.41,21.17,Furniture,Online,Not Returned,Medium,2729.54,VIP
755904,Notebook,39,2023-10-12 23:00,60.53,0.49,17.91,Furniture,Online,Not Returned,Medium,2360.67,VIP
379086,Backpack,47,2023-10-13 09:00,66.24,0.22,22.94,Furniture,In-store,Not Returned,High,3113.28,VIP
134253,Office Chair,33,2023-10-14 01:00,93.99,0.11,17.69,Furniture,In-store,Not Returned,Low,3101.67,VIP
642086,T-shirt,38,2023-10-14 08:00,31.01,0.25,14.39,Furniture,In-store,Not Returned,Medium,1178.38,VIP
679555,USB Cable,-25,2023-10-14 11:00,-48.27,1.3977179486357705,,Furniture,In-store,Returned,Medium,1206.75,VIP
173247,Backpack,25,2023-10-15 09:00,76.04,0.12,7.4,Furniture,Online,Not Returned,Medium,1901.0,VIP
481189,Blue Pen,49,2023-10-15 11:00,36.63,0.3,10.54,Furniture,In-store,Not Returned,Low,1794.87,VIP
646900,Wireless Mouse,19,2023-10-15 21:00,96.22,0.48,10.39,Furniture,Online,Not Returned,High,1828.18,VIP
688160,T-shirt,34,2023-10-16 19:00,33.36,0.38,26.86,Furniture,In-store,Not Returned,Medium,1134.24,VIP
419138,Wireless Mouse,47,2023-10-16 23:00,73.01,0.29,22.27,Furniture,In-store,Not Returned,High,3431.4700000000003,VIP
394331,Office Chair,34,2023-10-17 10:00,81.25,0.33,21.0,Furniture,In-store,Not Returned,Low,2762.5,VIP
872169,Headphones,45,2023-10-17 13:00,66.77,0.11,9.08,Furniture,Online,Not Returned,Medium,3004.65,VIP
581276,Office Chair,34,2023-10-17 17:00,40.33,0.46,17.76,Furniture,In-store,Not Returned,Medium,1371.22,VIP
336896,Wireless Mouse,43,2023-10-18 00:00,38.22,0.36,7.99,Furniture,Online,Not Returned,Low,1643.46,VIP
370628,Blue Pen,12,2023-10-19 03:00,99.81,0.4,29.69,Furniture,Online,Not Returned,High,1197.72,VIP
777298,Notebook,47,2023-10-19 10:00,23.49,0.15,25.62,Furniture,In-store,Not Returned,High,1104.03,VIP
610699,T-shirt,29,2023-10-19 13:00,76.1,0.28,21.91,Furniture,Online,Not Returned,High,2206.9,VIP
493931,White Mug,34,2023-10-20 20:00,31.12,0.08,22.8,Furniture,Online,Not Returned,High,1058.08,VIP
697816,USB Cable,-25,2023-10-21 00:00,-71.25,1.2201683904014045,,Furniture,In-store,Not Returned,Low,1781.25,VIP
199354,Wireless Mouse,16,2023-10-21 02:00,72.96,0.22,23.03,Furniture,Online,Not Returned,High,1167.36,VIP
956710,USB Cable,33,2023-10-21 04:00,76.85,0.27,17.85,Furniture,In-store,Not Returned,Low,2536.05,VIP
160428,White Mug,25,2023-10-21 07:00,45.67,0.17,25.25,Furniture,In-store,Not Returned,Medium,1141.75,VIP
379116,T-shirt,18,2023-10-21 23:00,85.32,0.19,21.96,Furniture,Online,Not Returned,Low,1535.7599999999998,VIP
298250,Wireless Mouse,37,2023-10-22 03:00,96.49,0.14,5.32,Furniture,Online,Not Returned,High,3570.13,VIP
511217,Notebook,45,2023-10-22 11:00,43.44,0.17,15.51,Furniture,Online,Not Returned,High,1954.8,VIP
320595,USB Cable,32,2023-10-22 15:00,88.88,0.45,23.25,Furniture,In-store,Not Returned,High,2844.16,VIP
319547,Office Chair,17,2023-10-23 10:00,86.44,0.28,21.6,Furniture,Online,Not Returned,Medium,1469.48,VIP
750761,Backpack,47,2023-10-23 11:00,93.53,0.18,14.15,Furniture,In-store,Not Returned,Medium,4395.91,VIP
714873,Wireless Mouse,47,2023-10-23 15:00,28.96,0.09,19.34,Furniture,Online,Not Returned,Low,1361.12,VIP
765545,Notebook,32,2023-10-24 16:00,94.92,0.48,11.98,Furniture,In-store,Not Returned,High,3037.44,VIP
931062,Backpack,24,2023-10-24 20:00,89.07,0.02,11.82,Furniture,In-store,Not Returned,Low,2137.68,VIP
782895,Backpack,40,2023-10-25 05:00,65.8,0.26,12.28,Furniture,Online,Not Returned,High,2632.0,VIP
950137,Desk Lamp,29,2023-10-25 07:00,61.64,0.09,29.66,Furniture,In-store,Not Returned,High,1787.56,VIP
617855,USB Cable,43,2023-10-25 10:00,96.54,0.2,11.37,Furniture,Online,Not Returned,Low,4151.22,VIP
932192,Wireless Mouse,35,2023-10-25 14:00,48.96,0.49,27.5,Furniture,In-store,Not Returned,Low,1713.6,VIP
288912,Notebook,37,2023-10-25 15:00,89.99,0.08,17.43,Furniture,Online,Not Returned,Medium,3329.63,VIP
474430,Office Chair,15,2023-10-26 05:00,68.07,0.13,19.87,Furniture,In-store,Not Returned,High,1021.05,VIP
899089,Headphones,42,2023-10-26 19:00,24.57,0.24,13.11,Furniture,In-store,Not Returned,High,1031.94,VIP
801791,Blue Pen,22,2023-10-26 23:00,69.65,0.43,11.16,Furniture,Online,Not Returned,Medium,1532.3000000000002,VIP
745018,White Mug,23,2023-10-27 06:00,71.13,0.46,13.91,Furniture,Online,Not Returned,Medium,1635.9899999999998,VIP
854769,Headphones,34,2023-10-27 08:00,63.67,0.46,20.74,Furniture,In-store,Not Returned,Medium,2164.78,VIP
988357,Wall Clock,20,2023-10-28 07:00,57.12,0.12,18.33,Furniture,Online,Not Returned,High,1142.4,VIP
862167,T-shirt,46,2023-10-28 14:00,50.14,0.2,14.37,Furniture,Online,Not Returned,High,2306.44,VIP
237011,Backpack,36,2023-10-28 21:00,85.28,0.24,19.56,Furniture,In-store,Not Returned,Medium,3070.08,VIP
254837,Wireless Mouse,41,2023-10-29 14:00,48.73,0.41,5.6,Furniture,Online,Not Returned,Low,1997.93,VIP
294798,Notebook,39,2023-10-29 15:00,84.73,0.22,13.04,Furniture,Online,Not Returned,High,3304.4700000000003,VIP
792403,USB Cable,22,2023-10-29 16:00,81.73,0.2,7.01,Furniture,Online,Not Returned,Low,1798.0600000000002,VIP
945855,Backpack,46,2023-10-30 08:00,47.73,0.11,14.84,Furniture,In-store,Not Returned,High,2195.58,VIP
565058,Headphones,28,2023-10-30 16:00,76.02,0.34,15.9,Furniture,Online,Not Returned,Medium,2128.56,VIP
947746,Blue Pen,44,2023-10-31 05:00,78.68,0.27,9.8,Furniture,Online,Not Returned,High,3461.92,VIP
778822,Office Chair,43,2023-10-31 16:00,98.33,0.41,28.72,Furniture,In-store,Not Returned,Medium,4228.19,VIP
278841,Office Chair,19,2023-10-31 17:00,94.61,0.13,7.12,Furniture,In-store,Not Returned,Medium,1797.59,VIP
938977,White Mug,47,2023-11-01 10:00,36.79,0.18,27.63,Furniture,In-store,Not Returned,High,1729.13,VIP
910239,Office Chair,17,2023-11-02 15:00,71.82,0.34,14.22,Furniture,In-store,Not Returned,Low,1220.9399999999998,VIP
237867,Desk Lamp,36,2023-11-02 17:00,43.38,0.16,23.03,Furniture,In-store,Not Returned,Low,1561.68,VIP
545800,Headphones,41,2023-11-03 17:00,70.44,0.42,8.56,Furniture,In-store,Returned,Low,2888.04,VIP
685162,Office Chair,30,2023-11-04 00:00,80.35,0.02,27.29,Furniture,Online,Not Returned,High,2410.5,VIP
532982,Blue Pen,11,2023-11-04 01:00,91.95,0.18,6.13,Furniture,In-store,Not Returned,Medium,1011.45,VIP
565196,Wireless Mouse,38,2023-11-04 04:00,38.79,0.4,21.29,Furniture,In-store,Not Returned,Low,1474.02,VIP
823911,Notebook,36,2023-11-04 05:00,98.51,0.17,27.91,Furniture,In-store,Not Returned,High,3546.36,VIP
980111,Notebook,29,2023-11-04 08:00,61.17,0.32,11.25,Furniture,In-store,Not Returned,Low,1773.93,VIP
565594,White Mug,28,2023-11-04 16:00,75.41,0.42,20.39,Furniture,In-store,Not Returned,Medium,2111.48,VIP
497877,Office Chair,40,2023-11-05 14:00,90.67,0.19,11.6,Furniture,In-store,Not Returned,Medium,3626.8,VIP
692783,T-shirt,26,2023-11-07 08:00,79.85,0.15,5.92,Furniture,In-store,Not Returned,Medium,2076.1,VIP
229613,Wall Clock,36,2023-11-07 15:00,92.66,0.43,14.82,Furniture,Online,Not Returned,High,3335.76,VIP
293948,Backpack,45,2023-11-07 21:00,74.68,0.06,16.98,Furniture,Online,Not Returned,Medium,3360.6000000000004,VIP
419292,Office Chair,39,2023-11-08 03:00,99.4,0.34,9.2,Furniture,In-store,Not Returned,High,3876.6,VIP
474151,White Mug,42,2023-11-08 04:00,75.84,0.29,23.56,Furniture,In-store,Not Returned,Low,3185.28,VIP
725533,Office Chair,45,2023-11-08 08:00,46.52,0.27,25.07,Furniture,In-store,Not Returned,High,2093.4,VIP
650937,Desk Lamp,45,2023-11-08 11:00,60.05,0.32,22.08,Furniture,Online,Not Returned,Medium,2702.25,VIP
327748,Wall Clock,42,2023-11-08 12:00,90.95,0.42,13.52,Furniture,In-store,Returned,High,3819.9,VIP
350766,White Mug,29,2023-11-09 08:00,58.25,0.05,16.12,Furniture,Online,Not Returned,Low,1689.25,VIP
612820,Wall Clock,28,2023-11-09 12:00,39.18,0.36,25.26,Furniture,In-store,Not Returned,High,1097.04,VIP
713749,Blue Pen,39,2023-11-09 15:00,46.91,0.07,6.51,Furniture,In-store,Not Returned,Medium,1829.49,VIP
908917,USB Cable,33,2023-11-10 07:00,44.48,0.17,21.12,Furniture,Online,Not Returned,High,1467.84,VIP
698686,Notebook,27,2023-11-10 11:00,56.43,0.16,9.95,Furniture,Online,Not Returned,Medium,1523.61,VIP
868758,Desk Lamp,43,2023-11-10 15:00,59.35,0.47,15.25,Furniture,In-store,Not Returned,Low,2552.05,VIP
711383,Blue Pen,35,2023-11-11 06:00,30.83,0.25,20.29,Furniture,Online,Not Returned,High,1079.05,VIP
699331,Headphones,42,2023-11-12 11:00,36.68,0.46,22.69,Furniture,Online,Not Returned,High,1540.56,VIP
152214,Blue Pen,43,2023-11-12 14:00,36.8,0.47,6.13,Furniture,In-store,Not Returned,Low,1582.4,VIP
470427,Blue Pen,43,2023-11-12 21:00,56.33,0.14,17.4,Furniture,In-store,Not Returned,Medium,2422.19,VIP
449033,Backpack,27,2023-11-13 04:00,76.45,0.32,27.25,Furniture,In-store,Not Returned,Low,2064.15,VIP
516319,Wall Clock,46,2023-11-13 15:00,83.72,0.05,28.78,Furniture,In-store,Not Returned,High,3851.12,VIP
133152,Desk Lamp,40,2023-11-14 01:00,33.81,0.06,10.57,Furniture,In-store,Not Returned,High,1352.4,VIP
795854,USB Cable,43,2023-11-14 07:00,83.85,0.36,14.08,Furniture,Online,Returned,Medium,3605.55,VIP
755460,White Mug,31,2023-11-14 16:00,64.18,0.24,8.54,Furniture,In-store,Not Returned,Medium,1989.58,VIP
911128,Notebook,32,2023-11-15 04:00,44.77,0.16,22.55,Furniture,In-store,Returned,Medium,1432.64,VIP
619764,Office Chair,47,2023-11-15 12:00,53.2,0.2,14.03,Furniture,In-store,Not Returned,Low,2500.4,VIP
988368,Headphones,46,2023-11-16 19:00,91.57,0.05,16.06,Furniture,Online,Not Returned,Low,4212.219999999999,VIP
116029,Headphones,40,2023-11-16 22:00,45.0,0.46,17.18,Furniture,In-store,Not Returned,Low,1800.0,VIP
437651,Blue Pen,12,2023-11-17 04:00,86.8,0.39,11.59,Furniture,In-store,Returned,High,1041.6,VIP
909145,Blue Pen,44,2023-11-17 14:00,54.23,0.45,28.75,Furniture,In-store,Not Returned,High,2386.12,VIP
394524,Blue Pen,39,2023-11-17 22:00,32.02,0.31,7.0,Furniture,Online,Not Returned,Medium,1248.7800000000002,VIP
901851,T-shirt,28,2023-11-18 14:00,68.87,0.48,22.41,Furniture,In-store,Not Returned,Medium,1928.36,VIP
442679,T-shirt,43,2023-11-18 20:00,68.26,0.23,29.43,Furniture,In-store,Not Returned,High,2935.1800000000003,VIP
776060,Office Chair,40,2023-11-18 22:00,56.59,0.48,10.15,Furniture,In-store,Not Returned,Low,2263.6000000000004,VIP
898981,Headphones,21,2023-11-19 10:00,75.31,0.19,15.8,Furniture,Online,Not Returned,High,1581.51,VIP
667942,Notebook,39,2023-11-20 20:00,61.76,0.4,8.2,Furniture,Online,Not Returned,Medium,2408.64,VIP
758878,Headphones,27,2023-11-20 22:00,41.69,0.0,25.9,Furniture,In-store,Not Returned,Low,1125.63,VIP
641010,White Mug,-39,2023-11-22 03:00,-79.34,1.5981077758647602,,Furniture,Online,Not Returned,High,3094.26,VIP
390414,Backpack,26,2023-11-22 08:00,49.14,0.14,6.2,Furniture,In-store,Not Returned,Medium,1277.64,VIP
135241,Desk Lamp,36,2023-11-22 21:00,91.24,0.21,25.35,Furniture,In-store,Not Returned,Low,3284.64,VIP
128337,Wireless Mouse,39,2023-11-22 22:00,71.19,0.36,13.37,Furniture,In-store,Not Returned,High,2776.41,VIP
747054,T-shirt,49,2023-11-23 04:00,58.09,0.24,23.7,Furniture,Online,Not Returned,Medium,2846.4100000000003,VIP
425262,USB Cable,11,2023-11-23 13:00,99.0,0.26,28.16,Furniture,Online,Not Returned,Medium,1089.0,VIP
889966,White Mug,32,2023-11-24 08:00,81.69,0.34,28.38,Furniture,In-store,Not Returned,Medium,2614.08,VIP
171121,Notebook,40,2023-11-24 11:00,76.93,0.41,25.68,Furniture,In-store,Not Returned,High,3077.2000000000003,VIP
623121,Backpack,15,2023-11-24 13:00,71.92,0.14,24.94,Furniture,Online,Not Returned,Low,1078.8,VIP
351917,Office Chair,44,2023-11-24 23:00,62.2,0.42,21.69,Furniture,Online,Returned,High,2736.8,VIP
513602,Backpack,28,2023-11-25 09:00,76.37,0.48,16.67,Furniture,Online,Returned,High,2138.36,VIP
491985,Backpack,44,2023-11-25 14:00,90.49,0.08,28.33,Furniture,In-store,Not Returned,Medium,3981.56,VIP
963263,White Mug,37,2023-11-26 01:00,93.51,0.4,12.0,Furniture,Online,Not Returned,Medium,3459.8700000000003,VIP
551991,USB Cable,44,2023-11-26 02:00,63.0,0.08,8.99,Furniture,Online,Not Returned,High,2772.0,VIP
669151,Blue Pen,32,2023-11-26 22:00,96.45,0.05,19.31,Furniture,In-store,Returned,High,3086.4,VIP
282922,Office Chair,39,2023-11-27 02:00,64.15,0.43,11.15,Furniture,In-store,Not Returned,Medium,2501.8500000000004,VIP
284918,Headphones,19,2023-11-27 03:00,94.54,0.06,6.07,Furniture,In-store,Not Returned,Medium,1796.2600000000002,VIP
214177,Office Chair,45,2023-11-27 04:00,98.57,0.26,22.43,Furniture,In-store,Not Returned,Medium,4435.65,VIP
451911,Headphones,25,2023-11-27 07:00,87.31,0.12,5.11,Furniture,Online,Not Returned,Low,2182.75,VIP
634063,T-shirt,16,2023-11-28 07:00,92.35,0.3,22.75,Furniture,In-store,Not Returned,High,1477.6,VIP
733766,USB Cable,42,2023-11-28 19:00,84.21,0.39,11.96,Furniture,In-store,Not Returned,Medium,3536.82,VIP
155700,White Mug,24,2023-11-28 20:00,61.29,0.02,29.48,Furniture,In-store,Not Returned,High,1470.96,VIP
665204,Blue Pen,13,2023-11-30 00:00,79.57,0.1,17.45,Furniture,In-store,Not Returned,Medium,1034.41,VIP
136388,Wall Clock,36,2023-11-30 05:00,72.19,0.15,14.55,Furniture,Online,Not Returned,Low,2598.84,VIP
457508,Notebook,25,2023-11-30 07:00,75.0,0.4,13.46,Furniture,Online,Returned,High,1875.0,VIP
909547,USB Cable,24,2023-12-01 05:00,79.22,0.35,12.75,Furniture,Online,Not Returned,High,1901.28,VIP
147083,Notebook,42,2023-12-01 08:00,46.59,0.37,6.56,Furniture,Online,Not Returned,High,1956.78,VIP
545278,White Mug,45,2023-12-01 09:00,54.79,0.24,19.52,Furniture,Online,Not Returned,High,2465.55,VIP
140023,Headphones,22,2023-12-01 22:00,83.56,0.4,11.74,Furniture,In-store,Not Returned,High,1838.32,VIP
298547,Headphones,-46,2023-12-02 01:00,-56.49,1.9185193985497715,,Furniture,Online,Not Returned,Medium,2598.54,VIP
615034,Wireless Mouse,38,2023-12-02 04:00,38.34,0.06,7.02,Furniture,Online,Not Returned,High,1456.92,VIP
979499,Wireless Mouse,38,2023-12-02 11:00,79.41,0.22,22.75,Furniture,Online,Not Returned,Medium,3017.58,VIP
613468,Backpack,39,2023-12-03 08:00,72.57,0.21,20.81,Furniture,In-store,Not Returned,Low,2830.23,VIP
559402,Wireless Mouse,40,2023-12-03 21:00,89.85,0.01,10.04,Furniture,In-store,Not Returned,Medium,3594.0,VIP
150262,USB Cable,28,2023-12-04 06:00,47.76,0.11,6.42,Furniture,Online,Not Returned,High,1337.28,VIP
243285,Blue Pen,40,2023-12-04 14:00,85.31,0.31,14.26,Furniture,Online,Not Returned,High,3412.4,VIP
405532,Desk Lamp,49,2023-12-05 04:00,83.9,0.37,20.6,Furniture,In-store,Not Returned,Medium,4111.1,VIP
653109,Blue Pen,31,2023-12-05 15:00,36.3,0.44,9.28,Furniture,Online,Not Returned,High,1125.3,VIP
831989,Blue Pen,-21,2023-12-05 22:00,-87.72,1.3726584933132195,,Furniture,In-store,Not Returned,High,1842.12,VIP
484596,Desk Lamp,20,2023-12-06 10:00,54.06,0.35,18.48,Furniture,Online,Not Returned,Medium,1081.2,VIP
286955,T-shirt,22,2023-12-06 13:00,99.62,0.06,20.26,Furniture,In-store,Not Returned,High,2191.6400000000003,VIP
890099,White Mug,48,2023-12-06 17:00,66.33,0.01,28.91,Furniture,In-store,Not Returned,High,3183.84,VIP
464983,Blue Pen,19,2023-12-07 11:00,98.94,0.28,27.39,Furniture,Online,Not Returned,High,1879.86,VIP
167983,Headphones,31,2023-12-07 15:00,81.24,0.0,11.56,Furniture,Online,Not Returned,High,2518.44,VIP
688103,Desk Lamp,17,2023-12-08 08:00,81.02,0.31,12.13,Furniture,Online,Returned,Low,1377.34,VIP
791996,Office Chair,37,2023-12-08 10:00,86.58,0.27,20.88,Furniture,In-store,Not Returned,Medium,3203.46,VIP
316622,Wall Clock,-39,2023-12-09 02:00,-73.11,0.23,,Furniture,In-store,Not Returned,Medium,2851.29,VIP
851790,Office Chair,24,2023-12-09 15:00,44.23,0.28,29.95,Furniture,In-store,Returned,Medium,1061.52,VIP
741269,Office Chair,29,2023-12-09 23:00,70.48,0.38,18.46,Furniture,Online,Not Returned,Medium,2043.92,VIP
270097,Headphones,43,2023-12-10 01:00,29.47,0.43,14.95,Furniture,Online,Not Returned,High,1267.21,VIP
354745,White Mug,27,2023-12-10 03:00,92.38,0.48,8.05,Furniture,Online,Not Returned,High,2494.26,VIP
200477,Notebook,49,2023-12-10 09:00,66.34,0.28,23.15,Furniture,Online,Returned,Low,3250.6600000000003,VIP
883843,Backpack,41,2023-12-10 12:00,91.39,0.01,7.96,Furniture,Online,Not Returned,Medium,3746.99,VIP
873732,Wireless Mouse,49,2023-12-10 18:00,34.9,0.23,12.68,Furniture,Online,Not Returned,High,1710.1,VIP
252157,T-shirt,19,2023-12-10 23:00,91.91,0.39,15.83,Furniture,In-store,Not Returned,Medium,1746.29,VIP
150615,Desk Lamp,38,2023-12-11 04:00,90.1,0.24,26.11,Furniture,Online,Not Returned,High,3423.8,VIP
444638,T-shirt,42,2023-12-11 18:00,66.71,0.28,13.07,Furniture,In-store,Not Returned,Low,2801.82,VIP
260756,Backpack,48,2023-12-12 14:00,31.03,0.28,16.35,Furniture,Online,Not Returned,Low,1489.44,VIP
172649,White Mug,-36,2023-12-13 08:00,-47.5,1.6804633739235002,,Furniture,Online,Not Returned,Medium,1710.0,VIP
963019,Wireless Mouse,29,2023-12-13 22:00,43.28,0.13,9.72,Furniture,Online,Not Returned,High,1255.12,VIP
761737,Blue Pen,34,2023-12-14 07:00,96.82,0.27,5.73,Furniture,In-store,Not Returned,High,3291.88,VIP
543276,Headphones,30,2023-12-14 19:00,57.17,0.07,13.35,Furniture,In-store,Not Returned,Medium,1715.1,VIP
854381,Blue Pen,47,2023-12-15 06:00,56.92,0.19,16.58,Furniture,In-store,Not Returned,Medium,2675.24,VIP
808742,Backpack,36,2023-12-15 23:00,74.43,0.15,23.0,Furniture,Online,Not Returned,Medium,2679.4800000000005,VIP
477164,Notebook,42,2023-12-16 01:00,33.1,0.38,7.21,Furniture,Online,Not Returned,High,1390.2,VIP
798028,Desk Lamp,26,2023-12-16 12:00,50.21,0.24,13.06,Furniture,In-store,Not Returned,High,1305.46,VIP
373862,Office Chair,39,2023-12-16 15:00,65.0,0.14,5.3,Furniture,Online,Returned,Medium,2535.0,VIP
196219,USB Cable,21,2023-12-16 16:00,77.47,0.03,10.6,Furniture,In-store,Not Returned,Medium,1626.87,VIP
289894,Wireless Mouse,29,2023-12-16 20:00,96.13,0.46,12.71,Furniture,In-store,Not Returned,High,2787.77,VIP
619794,Desk Lamp,14,2023-12-17 05:00,71.99,0.42,7.82,Furniture,Online,Not Returned,High,1007.86,VIP
724639,Wall Clock,27,2023-12-17 14:00,83.98,0.35,8.38,Furniture,Online,Returned,High,2267.46,VIP
690507,Headphones,38,2023-12-17 21:00,46.52,0.25,16.09,Furniture,Online,Not Returned,Low,1767.7600000000002,VIP
216359,USB Cable,33,2023-12-18 07:00,69.64,0.29,19.35,Furniture,In-store,Not Returned,Medium,2298.12,VIP
762342,Headphones,24,2023-12-19 18:00,65.29,0.45,20.07,Furniture,In-store,Not Returned,High,1566.96,VIP
174843,White Mug,41,2023-12-20 08:00,84.21,0.49,24.78,Furniture,In-store,Not Returned,High,3452.61,VIP
382851,Office Chair,11,2023-12-20 11:00,92.72,0.2,17.74,Furniture,In-store,Not Returned,Low,1019.92,VIP
953367,Wall Clock,17,2023-12-20 14:00,65.76,0.31,25.5,Furniture,Online,Not Returned,Low,1117.92,VIP
842033,Backpack,27,2023-12-21 00:00,54.06,0.5,17.13,Furniture,In-store,Not Returned,High,1459.62,VIP
272121,Desk Lamp,25,2023-12-21 01:00,94.11,0.1,22.72,Furniture,In-store,Returned,High,2352.75,VIP
485389,Backpack,25,2023-12-21 12:00,52.71,0.03,8.51,Furniture,Online,Not Returned,Low,1317.75,VIP
401746,T-shirt,21,2023-12-21 14:00,48.64,0.33,24.25,Furniture,In-store,Not Returned,Low,1021.44,VIP
550830,Wireless Mouse,34,2023-12-22 04:00,36.54,0.15,25.5,Furniture,Online,Not Returned,Low,1242.36,VIP
939254,Wireless Mouse,40,2023-12-23 08:00,25.36,0.03,23.85,Furniture,In-store,Not Returned,High,1014.4,VIP
840801,Notebook,32,2023-12-23 11:00,89.4,0.5,13.26,Furniture,Online,Not Returned,High,2860.8,VIP
839155,Headphones,45,2023-12-23 12:00,98.93,0.28,6.89,Furniture,Online,Not Returned,High,4451.85,VIP
454448,Blue Pen,25,2023-12-24 13:00,89.02,0.14,22.88,Furniture,Online,Not Returned,High,2225.5,VIP
753398,Wall Clock,19,2023-12-25 08:00,76.62,0.21,25.39,Furniture,Online,Not Returned,Low,1455.7800000000002,VIP
697821,Backpack,47,2023-12-25 12:00,69.79,0.42,9.75,Furniture,In-store,Not Returned,High,3280.13,VIP
387762,USB Cable,37,2023-12-25 14:00,78.06,0.13,27.54,Furniture,Online,Not Returned,High,2888.2200000000003,VIP
513855,Headphones,35,2023-12-25 18:00,95.07,0.06,13.71,Furniture,In-store,Not Returned,Low,3327.45,VIP
487821,Notebook,41,2023-12-25 22:00,98.34,0.26,11.0,Furniture,In-store,Not Returned,High,4031.94,VIP
316007,Notebook,42,2023-12-27 00:00,59.66,0.28,15.0,Furniture,Online,Not Returned,High,2505.72,VIP
887325,T-shirt,28,2023-12-27 07:00,38.66,0.21,23.18,Furniture,In-store,Not Returned,High,1082.48,VIP
113613,USB Cable,45,2023-12-27 13:00,81.3,0.35,8.6,Furniture,In-store,Not Returned,High,3658.5,VIP
237159,White Mug,38,2023-12-27 14:00,88.05,0.03,23.22,Furniture,Online,Not Returned,High,3345.9,VIP
118665,Headphones,28,2023-12-27 16:00,99.36,0.34,7.07,Furniture,Online,Not Returned,High,2782.08,VIP
837763,Blue Pen,49,2023-12-27 21:00,65.18,0.09,7.71,Furniture,In-store,Not Returned,High,3193.82,VIP
141989,Blue Pen,19,2023-12-27 22:00,64.03,0.01,21.93,Furniture,Online,Not Returned,Medium,1216.57,VIP
739327,Wireless Mouse,13,2023-12-29 02:00,92.87,0.3,27.39,Furniture,Online,Returned,High,1207.31,VIP
207518,Wall Clock,19,2023-12-29 17:00,73.46,0.46,21.09,Furniture,In-store,Not Returned,High,1395.7399999999998,VIP
820678,Desk Lamp,-39,2023-12-29 19:00,-85.51,1.111511855406187,,Furniture,Online,Not Returned,High,3334.8900000000003,VIP
819597,T-shirt,36,2023-12-29 20:00,86.68,0.44,8.34,Furniture,Online,Returned,High,3120.4800000000005,VIP
352138,Notebook,47,2023-12-30 01:00,65.6,0.42,10.87,Furniture,In-store,Not Returned,High,3083.2,VIP
139387,Desk Lamp,46,2023-12-30 12:00,60.34,0.44,9.31,Furniture,Online,Not Returned,Low,2775.6400000000003,VIP
625330,Wireless Mouse,28,2023-12-30 19:00,80.4,0.32,27.49,Furniture,Online,Not Returned,Medium,2251.2000000000003,VIP
807645,White Mug,47,2024-01-01 01:00,90.05,0.04,20.64,Furniture,In-store,Not Returned,High,4232.349999999999,VIP
246001,White Mug,-42,2024-01-01 06:00,-95.37,1.1960296587430357,,Furniture,Online,Not Returned,Medium,4005.54,VIP
233018,T-shirt,30,2024-01-01 12:00,68.22,0.42,26.76,Furniture,Online,Not Returned,Medium,2046.6,VIP
779864,Wall Clock,25,2024-01-01 22:00,85.86,0.13,29.1,Furniture,Online,Not Returned,Low,2146.5,VIP
839783,White Mug,43,2024-01-02 03:00,61.07,0.02,15.65,Furniture,Online,Not Returned,Medium,2626.01,VIP
822155,Headphones,39,2024-01-02 10:00,82.3,0.26,28.0,Furniture,In-store,Not Returned,Low,3209.7,VIP
351201,T-shirt,34,2024-01-02 11:00,37.91,0.23,27.4,Furniture,Online,Not Returned,Medium,1288.9399999999998,VIP
783303,USB Cable,44,2024-01-02 17:00,81.46,0.23,29.75,Furniture,Online,Not Returned,High,3584.24,VIP
297874,Blue Pen,38,2024-01-03 16:00,55.72,0.24,14.34,Furniture,Online,Returned,Medium,2117.36,VIP
493701,Notebook,42,2024-01-04 04:00,57.09,0.19,17.56,Furniture,Online,Not Returned,Medium,2397.78,VIP
642331,Desk Lamp,35,2024-01-05 15:00,32.45,0.06,18.77,Furniture,In-store,Not Returned,High,1135.75,VIP
303807,Headphones,37,2024-01-05 18:00,62.24,0.05,5.88,Furniture,In-store,Not Returned,High,2302.88,VIP
789884,Desk Lamp,23,2024-01-06 16:00,85.26,0.11,7.25,Furniture,Online,Not Returned,Medium,1960.98,VIP
585896,Backpack,24,2024-01-06 20:00,91.69,0.34,8.37,Furniture,Online,Not Returned,Medium,2200.56,VIP
709551,T-shirt,26,2024-01-07 10:00,51.05,0.49,24.64,Furniture,Online,Not Returned,Medium,1327.3,VIP
227208,Backpack,32,2024-01-07 18:00,61.8,0.15,10.77,Furniture,In-store,Not Returned,Low,1977.6,VIP
906878,Wall Clock,37,2024-01-08 06:00,42.07,0.31,17.58,Furniture,In-store,Not Returned,High,1556.59,VIP
225183,Wall Clock,49,2024-01-08 08:00,88.05,0.01,25.97,Furniture,Online,Not Returned,High,4314.45,VIP
922621,Desk Lamp,30,2024-01-08 20:00,73.98,0.34,6.85,Furniture,In-store,Returned,High,2219.4,VIP
693149,Headphones,32,2024-01-09 09:00,52.66,0.49,19.45,Furniture,Online,Not Returned,Medium,1685.12,VIP
764059,Desk Lamp,19,2024-01-09 10:00,97.38,0.41,17.68,Furniture,Online,Not Returned,Medium,1850.22,VIP
150557,Headphones,20,2024-01-09 17:00,60.18,0.06,6.93,Furniture,Online,Not Returned,Medium,1203.6,VIP
286258,Desk Lamp,34,2024-01-09 22:00,66.3,0.37,11.96,Furniture,In-store,Not Returned,Low,2254.2,VIP
488192,Blue Pen,21,2024-01-10 15:00,53.39,0.18,20.48,Furniture,Online,Not Returned,High,1121.19,VIP
914865,Office Chair,42,2024-01-10 17:00,79.21,0.0,18.68,Furniture,Online,Not Returned,Low,3326.82,VIP
946323,Wall Clock,49,2024-01-11 00:00,89.87,0.3,17.35,Furniture,In-store,Not Returned,Medium,4403.63,VIP
422010,Wireless Mouse,47,2024-01-11 01:00,91.52,0.49,22.37,Furniture,In-store,Not Returned,Medium,4301.44,VIP
196265,Headphones,31,2024-01-11 13:00,60.23,0.2,9.17,Furniture,Online,Not Returned,Medium,1867.13,VIP
149887,Wall Clock,-19,2024-01-11 21:00,-60.18,1.8331557176384663,,Furniture,In-store,Not Returned,High,1143.42,VIP
936960,Wireless Mouse,42,2024-01-12 00:00,70.77,0.03,23.62,Furniture,In-store,Not Returned,High,2972.34,VIP
453724,Wireless Mouse,14,2024-01-12 08:00,89.45,0.41,7.63,Furniture,Online,Not Returned,Medium,1252.3,VIP
625148,Notebook,46,2024-01-12 21:00,90.14,0.04,14.25,Furniture,Online,Not Returned,Low,4146.44,VIP
902618,Wall Clock,43,2024-01-13 04:00,72.02,0.34,12.74,Furniture,In-store,Not Returned,Medium,3096.86,VIP
776376,Desk Lamp,44,2024-01-13 07:00,93.71,0.13,19.8,Furniture,In-store,Not Returned,Medium,4123.24,VIP
647592,White Mug,33,2024-01-13 12:00,79.92,0.01,16.28,Furniture,Online,Not Returned,High,2637.36,VIP
803058,USB Cable,34,2024-01-13 16:00,57.1,0.19,28.42,Furniture,Online,Not Returned,Low,1941.4,VIP
376849,Wall Clock,16,2024-01-13 18:00,70.17,0.1,14.72,Furniture,Online,Not Returned,Low,1122.72,VIP
791919,Desk Lamp,29,2024-01-14 09:00,50.32,0.03,11.96,Furniture,In-store,Not Returned,Medium,1459.28,VIP
565012,T-shirt,19,2024-01-14 18:00,56.08,0.29,6.38,Furniture,Online,Not Returned,Low,1065.52,VIP
983506,Office Chair,40,2024-01-15 05:00,29.6,0.42,15.74,Furniture,Online,Not Returned,High,1184.0,VIP
583513,Wireless Mouse,26,2024-01-15 14:00,73.69,0.11,7.16,Furniture,Online,Not Returned,Low,1915.94,VIP
866410,White Mug,32,2024-01-16 11:00,93.64,0.44,26.61,Furniture,In-store,Not Returned,High,2996.48,VIP
769131,Blue Pen,27,2024-01-16 12:00,71.21,0.12,22.05,Furniture,In-store,Not Returned,Low,1922.67,VIP
550488,Desk Lamp,49,2024-01-17 01:00,95.3,0.29,27.21,Furniture,Online,Not Returned,Medium,4669.7,VIP
661996,Wall Clock,34,2024-01-17 09:00,75.27,0.11,18.52,Furniture,Online,Not Returned,High,2559.18,VIP
594812,Office Chair,44,2024-01-18 09:00,45.22,0.02,25.37,Furniture,Online,Not Returned,High,1989.68,VIP
168147,Desk Lamp,41,2024-01-18 11:00,72.14,0.48,5.72,Furniture,Online,Not Returned,Medium,2957.74,VIP
875344,Notebook,14,2024-01-18 21:00,79.71,0.39,27.34,Furniture,Online,Not Returned,Low,1115.9399999999998,VIP
693170,Headphones,15,2024-01-18 22:00,89.69,0.4,12.78,Furniture,In-store,Not Returned,Medium,1345.35,VIP
171135,Notebook,47,2024-01-20 02:00,50.8,0.49,22.17,Furniture,In-store,Not Returned,Medium,2387.6,VIP
301769,Backpack,19,2024-01-20 08:00,60.41,0.49,27.71,Furniture,Online,Not Returned,Low,1147.79,VIP
413051,Wireless Mouse,27,2024-01-21 04:00,82.35,0.1,23.18,Furniture,Online,Not Returned,High,2223.45,VIP
663195,Office Chair,41,2024-01-21 11:00,97.34,0.13,18.58,Furniture,Online,Not Returned,Medium,3990.94,VIP
310792,Headphones,29,2024-01-21 12:00,50.47,0.29,11.35,Furniture,Online,Not Returned,Low,1463.63,VIP
688205,Backpack,-47,2024-01-21 13:00,-66.82,1.2217138702830126,,Furniture,In-store,Not Returned,High,3140.5399999999995,VIP
673613,Backpack,37,2024-01-22 02:00,27.93,0.3,15.58,Furniture,Online,Not Returned,High,1033.41,VIP
447877,USB Cable,39,2024-01-22 09:00,91.22,0.38,10.05,Furniture,In-store,Not Returned,High,3557.58,VIP
671517,USB Cable,19,2024-01-22 12:00,78.4,0.0,19.51,Furniture,Online,Not Returned,Low,1489.6,VIP
436725,USB Cable,32,2024-01-24 07:00,66.43,0.49,20.13,Furniture,In-store,Returned,Medium,2125.76,VIP
990161,Backpack,22,2024-01-24 17:00,61.64,0.21,20.16,Furniture,Online,Not Returned,Medium,1356.08,VIP
641106,Office Chair,49,2024-01-25 11:00,96.37,0.43,21.84,Furniture,Online,Returned,Low,4722.13,VIP
377433,USB Cable,37,2024-01-26 18:00,35.25,0.05,24.18,Furniture,Online,Not Returned,High,1304.25,VIP
930852,Backpack,24,2024-01-28 06:00,79.99,0.46,26.56,Furniture,Online,Not Returned,Medium,1919.76,VIP
580357,Office Chair,45,2024-01-28 12:00,46.75,0.35,20.05,Furniture,In-store,Not Returned,Low,2103.75,VIP
431642,Notebook,15,2024-01-28 18:00,97.3,0.11,29.05,Furniture,In-store,Not Returned,Medium,1459.5,VIP
528591,USB Cable,18,2024-01-29 09:00,75.7,0.4,12.08,Furniture,In-store,Not Returned,High,1362.6,VIP
560642,Wireless Mouse,49,2024-01-30 01:00,60.08,0.22,23.51,Furniture,Online,Returned,High,2943.92,VIP
262377,Blue Pen,31,2024-01-30 03:00,38.66,0.03,28.28,Furniture,In-store,Returned,Medium,1198.4599999999998,VIP
314798,Desk Lamp,20,2024-01-30 10:00,75.35,0.07,24.8,Furniture,Online,Not Returned,High,1507.0,VIP
884405,Notebook,16,2024-01-30 12:00,96.94,0.47,17.81,Furniture,Online,Not Returned,High,1551.04,VIP
146408,Desk Lamp,39,2024-01-30 16:00,98.96,0.05,28.87,Furniture,In-store,Not Returned,High,3859.44,VIP
210047,Headphones,38,2024-01-30 19:00,96.18,0.01,11.62,Furniture,Online,Not Returned,High,3654.84,VIP
126505,T-shirt,40,2024-01-31 05:00,63.16,0.41,25.53,Furniture,Online,Not Returned,Low,2526.4,VIP
795951,Office Chair,16,2024-02-01 06:00,83.51,0.05,27.74,Furniture,In-store,Not Returned,Medium,1336.16,VIP
860275,White Mug,26,2024-02-01 18:00,60.65,0.09,17.04,Furniture,In-store,Not Returned,Low,1576.9,VIP
614080,Notebook,25,2024-02-01 23:00,71.87,0.0,19.12,Furniture,In-store,Not Returned,Low,1796.75,VIP
252947,Blue Pen,32,2024-02-03 20:00,62.16,0.36,7.62,Furniture,Online,Not Returned,Medium,1989.12,VIP
680813,White Mug,34,2024-02-05 05:00,85.22,0.2,8.11,Furniture,Online,Not Returned,Low,2897.48,VIP
553104,T-shirt,20,2024-02-05 18:00,82.08,0.3,5.36,Furniture,Online,Not Returned,Medium,1641.6,VIP
379891,Wireless Mouse,39,2024-02-06 09:00,79.23,0.01,21.65,Furniture,Online,Not Returned,Medium,3089.9700000000003,VIP
732457,Wireless Mouse,29,2024-02-08 01:00,94.38,0.31,12.84,Furniture,Online,Not Returned,Medium,2737.02,VIP
627705,Blue Pen,14,2024-02-09 03:00,73.7,0.19,28.21,Furniture,In-store,Not Returned,Low,1031.8,VIP
679957,Notebook,27,2024-02-09 10:00,85.01,0.47,25.87,Furniture,Online,Not Returned,Medium,2295.27,VIP
926706,Blue Pen,47,2024-02-09 13:00,61.81,0.37,10.64,Furniture,In-store,Not Returned,Low,2905.07,VIP
630332,T-shirt,21,2024-02-10 02:00,72.27,0.45,19.22,Furniture,Online,Not Returned,Medium,1517.6699999999998,VIP
913941,Blue Pen,46,2024-02-10 03:00,91.67,0.25,13.37,Furniture,In-store,Not Returned,High,4216.82,VIP
948644,Wireless Mouse,41,2024-02-10 05:00,36.49,0.14,13.94,Furniture,Online,Not Returned,High,1496.09,VIP
676520,Wall Clock,39,2024-02-10 12:00,72.88,0.32,13.2,Furniture,Online,Not Returned,Low,2842.32,VIP
311213,Notebook,38,2024-02-11 00:00,27.57,0.32,29.22,Furniture,Online,Not Returned,Medium,1047.66,VIP
568085,Wall Clock,41,2024-02-11 03:00,52.29,0.4,12.91,Furniture,In-store,Not Returned,Low,2143.89,VIP
701187,Office Chair,26,2024-02-11 21:00,40.51,0.25,20.81,Furniture,In-store,Not Returned,High,1053.26,VIP
450451,Office Chair,23,2024-02-11 22:00,77.35,0.34,18.65,Furniture,In-store,Not Returned,Low,1779.05,VIP
342788,Backpack,43,2024-02-12 11:00,27.87,0.22,8.04,Furniture,In-store,Not Returned,Low,1198.41,VIP
246031,Wall Clock,44,2024-02-13 07:00,47.88,0.41,24.34,Furniture,In-store,Not Returned,Medium,2106.7200000000003,VIP
903996,Office Chair,40,2024-02-13 16:00,38.58,0.11,26.26,Furniture,Online,Not Returned,High,1543.1999999999998,VIP
765634,Notebook,29,2024-02-14 05:00,78.13,0.01,22.49,Furniture,In-store,Not Returned,Medium,2265.77,VIP
441574,Desk Lamp,37,2024-02-14 11:00,71.25,0.27,15.0,Furniture,Online,Not Returned,Low,2636.25,VIP
877671,Backpack,33,2024-02-14 16:00,44.37,0.47,27.15,Furniture,In-store,Not Returned,Medium,1464.2099999999998,VIP
288151,Headphones,29,2024-02-15 00:00,56.07,0.31,16.17,Furniture,Online,Not Returned,Low,1626.03,VIP
327024,Desk Lamp,46,2024-02-16 01:00,97.9,0.23,7.51,Furniture,Online,Not Returned,Low,4503.400000000001,VIP
537455,White Mug,30,2024-02-16 19:00,70.36,0.2,7.34,Furniture,Online,Not Returned,Medium,2110.8,VIP
989783,Office Chair,36,2024-02-16 20:00,77.87,0.16,13.81,Furniture,In-store,Not Returned,High,2803.32,VIP
682183,USB Cable,35,2024-02-16 21:00,96.52,0.11,25.86,Furniture,In-store,Not Returned,High,3378.2,VIP
311591,Desk Lamp,23,2024-02-17 03:00,76.87,0.24,27.69,Furniture,Online,Not Returned,High,1768.0100000000002,VIP
741990,T-shirt,30,2024-02-17 23:00,97.69,0.45,27.67,Furniture,Online,Not Returned,Low,2930.7,VIP
980848,Wall Clock,39,2024-02-18 13:00,79.99,0.17,16.56,Furniture,Online,Not Returned,Low,3119.61,VIP
862435,Office Chair,41,2024-02-18 21:00,58.96,0.09,16.51,Furniture,Online,Not Returned,Low,2417.36,VIP
729575,Blue Pen,49,2024-02-19 02:00,70.82,0.08,6.8,Furniture,In-store,Not Returned,Low,3470.18,VIP
877499,Backpack,40,2024-02-19 10:00,76.64,0.29,16.06,Furniture,Online,Not Returned,Low,3065.6,VIP
631892,Headphones,43,2024-02-20 03:00,42.76,0.01,21.77,Furniture,Online,Not Returned,Medium,1838.68,VIP
607731,T-shirt,-37,2024-02-20 05:00,-68.18,1.0627031871957908,,Furniture,Online,Not Returned,Medium,2522.6600000000003,VIP
599348,Desk Lamp,46,2024-02-20 07:00,69.79,0.44,12.44,Furniture,In-store,Not Returned,High,3210.34,VIP
708893,USB Cable,22,2024-02-20 19:00,62.96,0.32,14.81,Furniture,In-store,Not Returned,High,1385.12,VIP
866144,Office Chair,27,2024-02-21 09:00,49.98,0.49,19.74,Furniture,Online,Not Returned,Low,1349.4599999999998,VIP
596547,Headphones,48,2024-02-21 13:00,34.27,0.14,25.18,Furniture,Online,Not Returned,Low,1644.96,VIP
697009,Wall Clock,47,2024-02-22 02:00,94.84,0.29,11.67,Furniture,Online,Not Returned,Low,4457.4800000000005,VIP
332359,Backpack,20,2024-02-22 10:00,77.09,0.27,22.78,Furniture,In-store,Not Returned,High,1541.8000000000002,VIP
825704,Wireless Mouse,36,2024-02-23 05:00,72.09,0.47,20.71,Furniture,In-store,Not Returned,High,2595.24,VIP
850273,Backpack,23,2024-02-24 01:00,74.17,0.17,10.82,Furniture,In-store,Not Returned,High,1705.91,VIP
672891,Notebook,34,2024-02-24 09:00,75.72,0.07,17.43,Furniture,Online,Not Returned,High,2574.48,VIP
618298,Wall Clock,46,2024-02-24 22:00,95.25,0.07,12.91,Furniture,In-store,Not Returned,Medium,4381.5,VIP
823738,Notebook,43,2024-02-25 23:00,96.42,0.04,15.74,Furniture,In-store,Not Returned,High,4146.06,VIP
179722,White Mug,17,2024-02-26 02:00,90.39,0.08,16.86,Furniture,Online,Returned,Medium,1536.63,VIP
473142,Office Chair,19,2024-02-27 11:00,72.63,0.15,11.58,Furniture,In-store,Not Returned,Medium,1379.9699999999998,VIP
673645,Wall Clock,37,2024-02-28 01:00,38.37,0.04,19.56,Furniture,In-store,Not Returned,Medium,1419.6899999999998,VIP
585679,USB Cable,47,2024-02-28 06:00,60.51,0.44,20.56,Furniture,In-store,Not Returned,Medium,2843.97,VIP
186465,USB Cable,39,2024-02-28 14:00,89.28,0.02,29.26,Furniture,Online,Not Returned,Low,3481.92,VIP
279828,Desk Lamp,46,2024-02-28 23:00,33.93,0.34,18.02,Furniture,In-store,Returned,High,1560.78,VIP
321126,White Mug,27,2024-02-29 04:00,84.96,0.09,16.36,Furniture,In-store,Not Returned,Medium,2293.92,VIP
606700,Notebook,37,2024-03-01 03:00,41.28,0.28,27.95,Furniture,In-store,Not Returned,High,1527.36,VIP
713595,Notebook,32,2024-03-02 03:00,77.26,0.34,19.1,Furniture,Online,Not Returned,Medium,2472.32,VIP
333708,USB Cable,31,2024-03-02 13:00,45.5,0.06,24.19,Furniture,Online,Not Returned,Medium,1410.5,VIP
290408,Backpack,42,2024-03-03 12:00,26.82,0.1,27.97,Furniture,In-store,Not Returned,High,1126.44,VIP
450417,Wall Clock,35,2024-03-04 01:00,95.7,0.25,29.51,Furniture,In-store,Not Returned,Medium,3349.5,VIP
911983,Desk Lamp,45,2024-03-04 04:00,23.02,0.21,6.41,Furniture,Online,Not Returned,Low,1035.9,VIP
607914,Headphones,35,2024-03-04 10:00,85.2,0.38,15.45,Furniture,In-store,Not Returned,High,2982.0,VIP
678044,Desk Lamp,28,2024-03-04 12:00,49.04,0.02,14.48,Furniture,Online,Not Returned,High,1373.12,VIP
567565,Wall Clock,43,2024-03-04 15:00,51.82,0.13,27.19,Furniture,Online,Not Returned,Medium,2228.26,VIP
600038,Office Chair,26,2024-03-04 21:00,82.29,0.01,19.48,Furniture,In-store,Not Returned,Medium,2139.54,VIP
669855,Office Chair,44,2024-03-05 07:00,33.53,0.13,29.33,Furniture,Online,Not Returned,High,1475.3200000000002,VIP
373054,White Mug,-36,2024-03-06 02:00,-69.87,1.857089393017152,,Furniture,Online,Not Returned,Medium,2515.32,VIP
889350,T-shirt,37,2024-03-07 04:00,70.4,0.31,14.27,Furniture,Online,Returned,Low,2604.8,VIP
640987,Headphones,40,2024-03-07 07:00,89.78,0.28,28.08,Furniture,In-store,Not Returned,High,3591.2,VIP
731103,Office Chair,29,2024-03-07 12:00,78.65,0.15,24.2,Furniture,Online,Returned,Low,2280.8500000000004,VIP
741583,Backpack,35,2024-03-08 05:00,70.61,0.39,26.91,Furniture,Online,Returned,Low,2471.35,VIP
188915,T-shirt,37,2024-03-08 17:00,37.12,0.34,8.96,Furniture,In-store,Not Returned,Medium,1373.4399999999998,VIP
264354,Wall Clock,20,2024-03-09 06:00,76.8,0.18,7.66,Furniture,Online,Not Returned,High,1536.0,VIP
955172,Wall Clock,38,2024-03-09 14:00,83.02,0.03,16.1,Furniture,In-store,Not Returned,Medium,3154.76,VIP
114679,Wireless Mouse,17,2024-03-09 18:00,64.01,0.23,16.65,Furniture,In-store,Returned,Medium,1088.17,VIP
268899,Backpack,23,2024-03-12 13:00,86.13,0.24,24.24,Furniture,Online,Not Returned,Medium,1980.99,VIP
948012,Backpack,47,2024-03-13 11:00,68.0,0.39,29.62,Furniture,Online,Not Returned,High,3196.0,VIP
775918,USB Cable,41,2024-03-13 14:00,25.13,0.34,11.04,Furniture,In-store,Not Returned,Low,1030.33,VIP
798922,Wall Clock,36,2024-03-14 02:00,51.63,0.19,22.25,Furniture,Online,Not Returned,Medium,1858.68,VIP
907161,Wall Clock,28,2024-03-14 07:00,49.36,0.44,15.67,Furniture,Online,Not Returned,Medium,1382.08,VIP
746133,Blue Pen,48,2024-03-14 16:00,73.68,0.45,19.78,Furniture,Online,Not Returned,Medium,3536.6400000000003,VIP
135564,Notebook,15,2024-03-15 02:00,96.35,0.2,6.17,Furniture,In-store,Not Returned,High,1445.25,VIP
901284,Notebook,46,2024-03-16 23:00,33.61,0.04,5.5,Furniture,In-store,Not Returned,High,1546.06,VIP
524701,Headphones,46,2024-03-17 01:00,67.28,0.16,21.41,Furniture,Online,Not Returned,High,3094.88,VIP
590423,Backpack,39,2024-03-17 21:00,51.12,0.15,22.71,Furniture,In-store,Not Returned,High,1993.68,VIP
396181,T-shirt,41,2024-03-18 03:00,30.21,0.11,22.48,Furniture,Online,Not Returned,High,1238.61,VIP
910592,Backpack,22,2024-03-18 08:00,76.19,0.49,19.45,Furniture,In-store,Not Returned,Medium,1676.1799999999998,VIP
204882,Wall Clock,32,2024-03-18 11:00,65.72,0.47,5.8,Furniture,In-store,Not Returned,Low,2103.04,VIP
345117,White Mug,38,2024-03-19 02:00,30.31,0.14,14.85,Furniture,Online,Not Returned,Medium,1151.78,VIP
465861,Blue Pen,33,2024-03-19 11:00,50.48,0.45,23.45,Furniture,Online,Not Returned,High,1665.84,VIP
155352,Headphones,34,2024-03-19 19:00,86.99,0.01,9.17,Furniture,Online,Not Returned,Low,2957.66,VIP
143163,Blue Pen,23,2024-03-21 05:00,63.61,0.03,19.65,Furniture,In-store,Not Returned,Low,1463.03,VIP
124300,Office Chair,45,2024-03-22 00:00,23.33,0.38,28.89,Furniture,In-store,Not Returned,High,1049.85,VIP
533647,Backpack,36,2024-03-22 12:00,34.02,0.42,24.69,Furniture,Online,Not Returned,Low,1224.72,VIP
706065,Wall Clock,37,2024-03-22 15:00,68.24,0.39,21.09,Furniture,In-store,Not Returned,Medium,2524.88,VIP
178121,Office Chair,44,2024-03-23 05:00,74.0,0.27,29.6,Furniture,In-store,Not Returned,Medium,3256.0,VIP
237948,Wall Clock,31,2024-03-23 07:00,78.13,0.18,9.36,Furniture,Online,Not Returned,High,2422.03,VIP
155061,USB Cable,23,2024-03-24 00:00,66.22,0.03,20.0,Furniture,Online,Not Returned,Medium,1523.06,VIP
699885,Notebook,23,2024-03-24 01:00,82.65,0.23,27.81,Furniture,Online,Not Returned,Medium,1900.95,VIP
104902,Notebook,20,2024-03-24 06:00,89.01,0.25,10.72,Furniture,In-store,Not Returned,High,1780.2,VIP
424509,Backpack,16,2024-03-24 19:00,87.17,0.11,25.93,Furniture,In-store,Not Returned,High,1394.72,VIP
448097,Headphones,24,2024-03-24 21:00,58.4,0.06,22.35,Furniture,In-store,Not Returned,High,1401.6,VIP
216747,Backpack,29,2024-03-25 11:00,93.58,0.2,26.45,Furniture,Online,Not Returned,High,2713.82,VIP
513961,USB Cable,34,2024-03-26 04:00,69.52,0.23,29.88,Furniture,Online,Not Returned,Medium,2363.68,VIP
759521,Backpack,48,2024-03-26 13:00,98.34,0.03,24.25,Furniture,In-store,Not Returned,High,4720.32,VIP
286982,Headphones,-16,2024-03-26 20:00,-90.07,1.398060024604221,,Furniture,In-store,Not Returned,Low,1441.12,VIP
258244,USB Cable,-20,2024-03-26 23:00,-71.8,1.4335505412668856,,Furniture,Online,Not Returned,Medium,1436.0,VIP
956770,Desk Lamp,12,2024-03-27 11:00,86.69,0.48,14.85,Furniture,In-store,Not Returned,Medium,1040.28,VIP
676526,Blue Pen,33,2024-03-28 01:00,75.57,0.37,10.06,Furniture,In-store,Not Returned,High,2493.81,VIP
825271,T-shirt,19,2024-03-28 10:00,72.06,0.3,23.95,Furniture,Online,Not Returned,Medium,1369.14,VIP
950174,White Mug,17,2024-03-29 03:00,93.82,0.48,18.05,Furniture,Online,Not Returned,Low,1594.9399999999998,VIP
566864,Office Chair,27,2024-03-29 04:00,98.4,0.1,21.65,Furniture,In-store,Not Returned,Medium,2656.8,VIP
962260,Headphones,36,2024-03-29 10:00,38.17,0.04,20.42,Furniture,Online,Returned,Medium,1374.12,VIP
843635,White Mug,39,2024-03-29 20:00,96.9,0.0,7.27,Furniture,Online,Returned,Medium,3779.1,VIP
795732,Headphones,49,2024-03-30 14:00,94.7,0.19,18.06,Furniture,Online,Not Returned,Medium,4640.3,VIP
420480,Notebook,33,2024-03-30 20:00,64.66,0.17,11.33,Furniture,In-store,Not Returned,High,2133.78,VIP
922924,Backpack,18,2024-03-31 15:00,86.91,0.04,27.1,Furniture,Online,Not Returned,Low,1564.38,VIP
902171,Wireless Mouse,29,2024-04-01 00:00,86.59,0.01,27.03,Furniture,In-store,Not Returned,Low,2511.11,VIP
303814,Office Chair,23,2024-04-01 06:00,89.81,0.34,8.87,Furniture,Online,Not Returned,Medium,2065.63,VIP
142928,White Mug,44,2024-04-01 12:00,81.92,0.36,13.4,Furniture,Online,Returned,Low,3604.48,VIP
579895,Wireless Mouse,14,2024-04-01 23:00,95.09,0.04,6.33,Furniture,Online,Returned,High,1331.26,VIP
490877,Office Chair,39,2024-04-02 03:00,41.27,0.27,19.02,Furniture,In-store,Not Returned,Medium,1609.5300000000002,VIP
141474,Wall Clock,20,2024-04-03 11:00,98.33,0.19,26.2,Furniture,In-store,Returned,Low,1966.6,VIP
348668,Blue Pen,28,2024-04-03 15:00,79.15,0.25,28.47,Furniture,Online,Not Returned,Low,2216.2000000000003,VIP
467800,White Mug,24,2024-04-06 18:00,42.36,0.09,28.36,Furniture,In-store,Not Returned,High,1016.64,VIP
890790,Backpack,49,2024-04-06 22:00,23.58,0.36,6.75,Furniture,In-store,Returned,High,1155.4199999999998,VIP
343859,Wall Clock,29,2024-04-07 03:00,38.37,0.49,25.5,Furniture,Online,Not Returned,Low,1112.73,VIP
838506,Headphones,33,2024-04-08 07:00,33.48,0.11,19.62,Furniture,In-store,Returned,Medium,1104.84,VIP
806147,Wireless Mouse,21,2024-04-08 08:00,55.67,0.49,7.58,Furniture,Online,Not Returned,High,1169.07,VIP
934910,Wireless Mouse,45,2024-04-08 17:00,52.47,0.3,14.71,Furniture,Online,Not Returned,Medium,2361.15,VIP
616224,Wireless Mouse,28,2024-04-09 15:00,48.77,0.34,6.98,Furniture,In-store,Not Returned,Medium,1365.5600000000002,VIP
163534,Wireless Mouse,39,2024-04-10 01:00,88.51,0.27,17.21,Furniture,In-store,Returned,Medium,3451.8900000000003,VIP
875775,Wireless Mouse,34,2024-04-11 03:00,30.89,0.3,20.61,Furniture,Online,Not Returned,Medium,1050.26,VIP
318510,T-shirt,37,2024-04-11 06:00,46.54,0.38,17.69,Furniture,Online,Not Returned,High,1721.98,VIP
937920,Notebook,28,2024-04-11 08:00,37.38,0.36,8.82,Furniture,In-store,Not Returned,Low,1046.64,VIP
907617,Wall Clock,46,2024-04-11 16:00,92.1,0.15,8.89,Furniture,In-store,Not Returned,Medium,4236.599999999999,VIP
977036,T-shirt,39,2024-04-12 10:00,35.72,0.17,13.36,Furniture,Online,Returned,High,1393.08,VIP
821471,Headphones,23,2024-04-12 20:00,59.9,0.2,20.37,Furniture,In-store,Not Returned,Low,1377.7,VIP
666403,Headphones,49,2024-04-13 01:00,73.17,0.27,16.56,Furniture,In-store,Not Returned,High,3585.33,VIP
471373,White Mug,28,2024-04-13 07:00,79.33,0.05,19.81,Furniture,In-store,Not Returned,Low,2221.24,VIP
940141,Notebook,28,2024-04-14 02:00,62.71,0.15,28.6,Furniture,In-store,Not Returned,Medium,1755.88,VIP
300660,T-shirt,43,2024-04-14 14:00,83.42,0.48,19.7,Furniture,Online,Not Returned,Medium,3587.06,VIP
258438,Office Chair,20,2024-04-15 13:00,93.14,0.08,27.19,Furniture,Online,Not Returned,Medium,1862.8,VIP
641730,USB Cable,37,2024-04-15 17:00,46.4,0.26,14.5,Furniture,Online,Not Returned,High,1716.8,VIP
228934,Desk Lamp,42,2024-04-15 22:00,28.37,0.41,18.14,Furniture,In-store,Not Returned,High,1191.54,VIP
626779,Office Chair,33,2024-04-16 06:00,86.07,0.3,13.2,Furniture,Online,Returned,Medium,2840.31,VIP
965896,Desk Lamp,36,2024-04-16 09:00,54.45,0.08,11.19,Furniture,In-store,Not Returned,Low,1960.2,VIP
950281,Notebook,23,2024-04-16 18:00,92.73,0.25,11.8,Furniture,Online,Not Returned,High,2132.79,VIP
276375,Notebook,39,2024-04-16 19:00,86.19,0.49,13.14,Furniture,In-store,Not Returned,High,3361.41,VIP
428035,Office Chair,41,2024-04-17 02:00,49.9,0.19,5.64,Furniture,Online,Not Returned,Medium,2045.9,VIP
483195,Desk Lamp,30,2024-04-17 16:00,68.6,0.0,20.3,Furniture,In-store,Returned,High,2058.0,VIP
499056,Blue Pen,37,2024-04-18 06:00,80.46,0.12,10.95,Furniture,Online,Not Returned,Low,2977.02,VIP
573596,Headphones,17,2024-04-19 02:00,62.24,0.2,24.38,Furniture,In-store,Not Returned,Low,1058.08,VIP
468599,Blue Pen,47,2024-04-19 05:00,95.02,0.39,20.85,Furniture,In-store,Not Returned,High,4465.94,VIP
288603,Desk Lamp,34,2024-04-19 07:00,90.45,0.33,8.44,Furniture,Online,Returned,Medium,3075.3,VIP
708068,Blue Pen,33,2024-04-19 08:00,38.44,0.42,17.05,Furniture,Online,Not Returned,High,1268.52,VIP
419692,Headphones,18,2024-04-20 04:00,65.46,0.08,28.0,Furniture,Online,Not Returned,Medium,1178.28,VIP
487741,USB Cable,32,2024-04-20 09:00,99.75,0.1,25.81,Furniture,In-store,Returned,Medium,3192.0,VIP
834694,White Mug,43,2024-04-21 01:00,28.77,0.38,13.03,Furniture,Online,Not Returned,Medium,1237.11,VIP
109074,T-shirt,25,2024-04-21 03:00,73.21,0.19,23.92,Furniture,Online,Not Returned,High,1830.25,VIP
466867,T-shirt,36,2024-04-21 07:00,63.37,0.06,16.99,Furniture,In-store,Not Returned,Low,2281.32,VIP
121487,Wall Clock,49,2024-04-21 17:00,23.83,0.47,23.54,Furniture,In-store,Not Returned,High,1167.6699999999998,VIP
424583,Notebook,43,2024-04-22 02:00,90.64,0.05,19.64,Furniture,Online,Not Returned,High,3897.52,VIP
548976,Blue Pen,32,2024-04-22 18:00,68.5,0.45,5.42,Furniture,In-store,Not Returned,High,2192.0,VIP
471878,Blue Pen,18,2024-04-23 00:00,58.63,0.34,26.54,Furniture,Online,Returned,High,1055.34,VIP
322202,Headphones,48,2024-04-23 18:00,42.85,0.01,24.54,Furniture,Online,Not Returned,High,2056.8,VIP
600393,Blue Pen,37,2024-04-24 17:00,72.36,0.14,9.06,Furniture,Online,Not Returned,High,2677.32,VIP
397253,Backpack,46,2024-04-25 02:00,22.67,0.17,14.64,Furniture,In-store,Not Returned,Medium,1042.8200000000002,VIP
687289,Wall Clock,41,2024-04-25 16:00,84.04,0.5,15.26,Furniture,In-store,Not Returned,Medium,3445.6400000000003,VIP
418100,Headphones,24,2024-04-28 01:00,83.57,0.39,13.16,Furniture,Online,Not Returned,Medium,2005.68,VIP
244129,Backpack,30,2024-04-28 14:00,91.75,0.37,25.45,Furniture,Online,Not Returned,Medium,2752.5,VIP
399132,Backpack,21,2024-04-28 17:00,65.28,0.21,13.51,Furniture,Online,Not Returned,High,1370.88,VIP
243563,Blue Pen,47,2024-04-28 18:00,76.95,0.41,23.06,Furniture,In-store,Not Returned,Medium,3616.65,VIP
293101,USB Cable,39,2024-04-28 22:00,69.31,0.43,23.98,Furniture,Online,Not Returned,Medium,2703.09,VIP
192732,Notebook,43,2024-04-29 09:00,35.7,0.14,27.93,Furniture,Online,Not Returned,Medium,1535.1,VIP
250362,Backpack,45,2024-04-29 10:00,84.9,0.34,5.91,Furniture,In-store,Not Returned,Low,3820.500000000001,VIP
329071,White Mug,37,2024-05-01 06:00,60.35,0.15,10.29,Furniture,In-store,Not Returned,Medium,2232.9500000000003,VIP
196729,Headphones,32,2024-05-01 12:00,66.16,0.06,9.91,Furniture,In-store,Not Returned,Medium,2117.12,VIP
698629,USB Cable,35,2024-05-01 16:00,45.23,0.32,29.57,Furniture,In-store,Not Returned,Medium,1583.05,VIP
884002,USB Cable,48,2024-05-02 09:00,37.16,0.05,27.95,Furniture,In-store,Not Returned,Low,1783.6799999999998,VIP
917495,USB Cable,40,2024-05-04 00:00,85.55,0.36,7.1,Furniture,Online,Not Returned,High,3422.0,VIP
714484,USB Cable,46,2024-05-04 03:00,32.88,0.49,6.72,Furniture,In-store,Not Returned,Low,1512.48,VIP
738743,Wall Clock,21,2024-05-04 05:00,53.43,0.06,11.29,Furniture,In-store,Not Returned,Medium,1122.03,VIP
386946,USB Cable,45,2024-05-04 06:00,35.08,0.26,7.71,Furniture,Online,Not Returned,Low,1578.6,VIP
308758,White Mug,48,2024-05-04 15:00,50.25,0.35,22.74,Furniture,In-store,Not Returned,Low,2412.0,VIP
631963,Office Chair,41,2024-05-04 19:00,53.02,0.32,12.12,Furniture,In-store,Not Returned,Low,2173.82,VIP
800873,Notebook,17,2024-05-05 19:00,86.23,0.21,22.15,Furniture,Online,Not Returned,Low,1465.91,VIP
708895,Wall Clock,23,2024-05-05 20:00,88.16,0.36,20.6,Furniture,Online,Returned,High,2027.68,VIP
319798,Wall Clock,30,2024-05-05 22:00,49.19,0.15,26.65,Furniture,Online,Not Returned,Low,1475.6999999999998,VIP
514656,T-shirt,20,2024-05-05 23:00,82.89,0.22,10.92,Furniture,Online,Not Returned,Low,1657.8,VIP
660148,Wall Clock,-37,2024-05-06 11:00,-70.65,0.07,,Furniture,Online,Not Returned,Medium,2614.05,VIP
887576,Desk Lamp,36,2024-05-07 07:00,48.36,0.28,10.27,Furniture,In-store,Not Returned,Medium,1740.96,VIP
258116,Wall Clock,19,2024-05-07 16:00,55.03,0.45,24.42,Furniture,In-store,Not Returned,Medium,1045.57,VIP
742789,Wireless Mouse,45,2024-05-07 19:00,70.06,0.07,10.5,Furniture,Online,Not Returned,Medium,3152.7000000000003,VIP
911250,White Mug,23,2024-05-08 15:00,64.57,0.14,27.11,Furniture,In-store,Not Returned,High,1485.11,VIP
575098,Blue Pen,48,2024-05-09 10:00,39.25,0.4,6.21,Furniture,In-store,Not Returned,High,1884.0,VIP
402891,USB Cable,45,2024-05-09 13:00,28.93,0.42,12.74,Furniture,In-store,Not Returned,High,1301.85,VIP
517502,Office Chair,47,2024-05-11 02:00,30.82,0.07,5.46,Furniture,Online,Not Returned,Medium,1448.54,VIP
220920,Office Chair,23,2024-05-11 13:00,79.63,0.18,10.26,Furniture,Online,Not Returned,Medium,1831.49,VIP
121497,Blue Pen,47,2024-05-12 23:00,43.67,0.43,26.77,Furniture,Online,Returned,Medium,2052.49,VIP
737004,Desk Lamp,30,2024-05-13 03:00,88.86,0.28,25.16,Furniture,Online,Not Returned,Medium,2665.8,VIP
414072,Wireless Mouse,44,2024-05-13 04:00,81.3,0.32,12.48,Furniture,Online,Returned,Medium,3577.2,VIP
757243,White Mug,45,2024-05-13 10:00,39.07,0.23,27.03,Furniture,In-store,Not Returned,High,1758.15,VIP
378795,Wireless Mouse,34,2024-05-13 11:00,61.66,0.05,21.55,Furniture,In-store,Not Returned,High,2096.44,VIP
368706,Blue Pen,19,2024-05-13 15:00,71.61,0.31,25.4,Furniture,In-store,Not Returned,Low,1360.59,VIP
432857,Wall Clock,37,2024-05-13 19:00,62.06,0.02,17.64,Furniture,Online,Not Returned,High,2296.2200000000003,VIP
196844,Wall Clock,18,2024-05-14 07:00,86.1,0.31,6.18,Furniture,In-store,Not Returned,High,1549.8,VIP
240061,T-shirt,39,2024-05-14 08:00,56.15,0.48,15.4,Furniture,Online,Not Returned,Low,2189.85,VIP
826051,USB Cable,24,2024-05-14 11:00,84.79,0.33,20.88,Furniture,In-store,Not Returned,Low,2034.96,VIP
435641,Desk Lamp,33,2024-05-14 17:00,97.91,0.48,13.62,Furniture,Online,Returned,Low,3231.03,VIP
292407,Desk Lamp,42,2024-05-15 03:00,48.31,0.05,25.63,Furniture,In-store,Not Returned,Medium,2029.02,VIP
754472,Backpack,15,2024-05-15 22:00,90.46,0.45,14.82,Furniture,In-store,Not Returned,Medium,1356.9,VIP
883175,Desk Lamp,40,2024-05-16 01:00,86.87,0.26,27.11,Furniture,In-store,Not Returned,Low,3474.8,VIP
686004,Backpack,18,2024-05-16 02:00,58.06,0.06,24.37,Furniture,Online,Not Returned,Low,1045.08,VIP
573221,Wall Clock,18,2024-05-16 22:00,90.14,0.17,20.61,Furniture,In-store,Not Returned,Medium,1622.52,VIP
276800,Desk Lamp,15,2024-05-17 11:00,82.74,0.31,23.23,Furniture,In-store,Not Returned,Low,1241.1,VIP
999001,Desk Lamp,41,2024-05-17 15:00,91.63,0.23,15.96,Furniture,Online,Not Returned,Medium,3756.83,VIP
829178,Notebook,28,2024-05-18 05:00,65.51,0.46,17.43,Furniture,Online,Returned,Low,1834.28,VIP
814664,Backpack,43,2024-05-19 22:00,84.21,0.1,16.51,Furniture,In-store,Not Returned,High,3621.03,VIP
426997,Wall Clock,38,2024-05-20 00:00,54.25,0.47,7.64,Furniture,In-store,Not Returned,Medium,2061.5,VIP
412361,Wireless Mouse,44,2024-05-20 03:00,58.54,0.08,10.12,Furniture,In-store,Not Returned,High,2575.76,VIP
107293,Blue Pen,42,2024-05-21 09:00,70.34,0.38,22.05,Furniture,In-store,Not Returned,Low,2954.28,VIP
160528,Office Chair,31,2024-05-21 11:00,87.93,0.28,24.18,Furniture,In-store,Not Returned,Medium,2725.8300000000004,VIP
379746,Notebook,28,2024-05-21 17:00,83.05,0.43,27.13,Furniture,In-store,Not Returned,Low,2325.4,VIP
928116,Desk Lamp,46,2024-05-21 20:00,37.72,0.37,17.74,Furniture,Online,Not Returned,Medium,1735.12,VIP
366996,Blue Pen,24,2024-05-22 15:00,87.75,0.48,15.95,Furniture,In-store,Not Returned,Low,2106.0,VIP
814177,Wireless Mouse,31,2024-05-22 18:00,98.64,0.15,10.11,Furniture,Online,Not Returned,Low,3057.84,VIP
462430,White Mug,27,2024-05-22 20:00,88.0,0.34,20.64,Furniture,Online,Not Returned,High,2376.0,VIP
773439,Desk Lamp,18,2024-05-23 14:00,74.29,0.07,9.67,Furniture,In-store,Not Returned,Low,1337.22,VIP
416756,T-shirt,38,2024-05-23 20:00,53.1,0.47,17.91,Furniture,Online,Not Returned,High,2017.8,VIP
933420,Backpack,46,2024-05-24 00:00,31.37,0.5,5.59,Furniture,In-store,Not Returned,Low,1443.02,VIP
368631,Blue Pen,-18,2024-05-24 19:00,-83.06,0.48,,Furniture,In-store,Not Returned,Low,1495.08,VIP
101755,Wall Clock,46,2024-05-25 05:00,65.17,0.08,13.74,Furniture,Online,Not Returned,Low,2997.82,VIP
525832,Wireless Mouse,33,2024-05-25 10:00,82.9,0.19,14.72,Furniture,In-store,Not Returned,Medium,2735.7000000000003,VIP
244086,Backpack,44,2024-05-25 22:00,88.02,0.41,18.66,Furniture,In-store,Not Returned,Medium,3872.88,VIP
148443,Desk Lamp,42,2024-05-25 23:00,59.87,0.43,9.5,Furniture,In-store,Not Returned,Medium,2514.54,VIP
734975,White Mug,29,2024-05-26 15:00,56.94,0.45,9.61,Furniture,In-store,Not Returned,Medium,1651.26,VIP
759429,Notebook,42,2024-05-26 20:00,34.6,0.23,22.03,Furniture,In-store,Not Returned,High,1453.2,VIP
578078,Backpack,36,2024-05-27 04:00,33.34,0.3,22.19,Furniture,Online,Not Returned,High,1200.2400000000002,VIP
111990,Backpack,18,2024-05-27 08:00,85.07,0.24,10.53,Furniture,Online,Not Returned,Low,1531.2599999999998,VIP
194258,Office Chair,33,2024-05-27 09:00,52.27,0.42,6.66,Furniture,Online,Not Returned,Low,1724.91,VIP
227640,Headphones,28,2024-05-27 10:00,47.53,0.39,29.77,Furniture,In-store,Returned,Medium,1330.84,VIP
406803,Office Chair,35,2024-05-27 12:00,74.4,0.14,9.87,Furniture,Online,Not Returned,High,2604.0,VIP
656425,T-shirt,47,2024-05-27 13:00,65.6,0.22,7.06,Furniture,In-store,Not Returned,Medium,3083.2,VIP
329726,Headphones,41,2024-05-27 17:00,80.58,0.15,8.38,Furniture,Online,Not Returned,Medium,3303.78,VIP
994236,USB Cable,47,2024-05-27 18:00,82.05,0.37,23.42,Furniture,Online,Not Returned,Low,3856.35,VIP
159617,USB Cable,43,2024-05-28 01:00,89.85,0.2,6.49,Furniture,In-store,Not Returned,Low,3863.55,VIP
621579,Headphones,16,2024-05-28 14:00,76.65,0.27,14.6,Furniture,In-store,Not Returned,High,1226.4,VIP
183857,Wall Clock,46,2024-05-28 15:00,90.29,0.17,9.81,Furniture,Online,Not Returned,Medium,4153.34,VIP
397448,USB Cable,48,2024-05-28 22:00,90.4,0.06,26.8,Furniture,In-store,Not Returned,Low,4339.200000000001,VIP
241483,USB Cable,19,2024-05-29 04:00,66.13,0.34,7.39,Furniture,Online,Not Returned,High,1256.4699999999998,VIP
240324,USB Cable,45,2024-05-29 11:00,65.76,0.12,17.2,Furniture,In-store,Not Returned,Low,2959.2000000000003,VIP
639610,Notebook,31,2024-05-29 19:00,41.91,0.31,26.68,Furniture,Online,Not Returned,Low,1299.2099999999998,VIP
851702,Headphones,41,2024-05-30 18:00,75.78,0.16,16.41,Furniture,Online,Returned,Low,3106.98,VIP
401437,White Mug,44,2024-05-31 03:00,88.11,0.15,18.66,Furniture,Online,Not Returned,Medium,3876.84,VIP
943607,Wireless Mouse,38,2024-05-31 16:00,52.32,0.03,8.32,Furniture,Online,Not Returned,High,1988.16,VIP
758346,Headphones,-19,2024-05-31 20:00,-73.9,1.025609144530322,,Furniture,Online,Not Returned,Low,1404.1,VIP
878269,Blue Pen,49,2024-05-31 21:00,59.15,0.15,6.26,Furniture,In-store,Returned,High,2898.35,VIP
880208,Office Chair,44,2024-06-01 05:00,99.39,0.19,9.01,Furniture,Online,Returned,High,4373.16,VIP
469445,T-shirt,14,2024-06-02 08:00,92.84,0.12,17.8,Furniture,In-store,Not Returned,Low,1299.76,VIP
158724,Backpack,44,2024-06-02 10:00,80.36,0.08,20.37,Furniture,Online,Not Returned,Low,3535.84,VIP
555884,Blue Pen,49,2024-06-03 03:00,76.67,0.05,25.31,Furniture,In-store,Not Returned,Medium,3756.83,VIP
202300,Backpack,48,2024-06-03 17:00,62.24,0.4,11.99,Furniture,In-store,Not Returned,Medium,2987.52,VIP
111366,USB Cable,32,2024-06-04 08:00,32.54,0.23,15.6,Furniture,Online,Not Returned,Low,1041.28,VIP
899808,Wireless Mouse,26,2024-06-05 05:00,39.25,0.29,15.2,Furniture,Online,Not Returned,Medium,1020.5,VIP
991548,Backpack,42,2024-06-05 09:00,85.19,0.25,17.36,Furniture,In-store,Not Returned,Low,3577.98,VIP
168923,Office Chair,21,2024-06-06 13:00,67.38,0.42,15.72,Furniture,Online,Not Returned,Low,1414.98,VIP
893391,Desk Lamp,18,2024-06-06 21:00,85.95,0.07,18.93,Furniture,Online,Not Returned,High,1547.1,VIP
572124,Wireless Mouse,19,2024-06-07 08:00,72.8,0.19,26.89,Furniture,Online,Not Returned,High,1383.2,VIP
596644,Headphones,-39,2024-06-07 09:00,-95.42,1.1951449495110986,,Furniture,In-store,Not Returned,Low,3721.38,VIP
575753,Notebook,22,2024-06-08 03:00,88.42,0.25,15.33,Furniture,In-store,Not Returned,Low,1945.24,VIP
544733,White Mug,35,2024-06-08 23:00,30.68,0.19,15.12,Furniture,In-store,Not Returned,Low,1073.8,VIP
587808,T-shirt,33,2024-06-09 00:00,57.52,0.32,7.46,Furniture,Online,Not Returned,High,1898.16,VIP
221909,T-shirt,37,2024-06-09 03:00,44.62,0.13,24.61,Furniture,In-store,Not Returned,High,1650.9399999999998,VIP
962911,Notebook,46,2024-06-09 08:00,95.09,0.15,29.81,Furniture,In-store,Not Returned,Low,4374.14,VIP
865825,T-shirt,43,2024-06-09 10:00,82.33,0.07,21.16,Furniture,In-store,Not Returned,High,3540.19,VIP
343439,Wireless Mouse,-47,2024-06-09 13:00,-60.93,1.7237147776396344,,Furniture,Online,Not Returned,High,2863.71,VIP
885787,Notebook,43,2024-06-09 22:00,92.29,0.42,29.98,Furniture,Online,Not Returned,High,3968.47,VIP
622402,Headphones,46,2024-06-09 23:00,26.25,0.35,21.81,Furniture,Online,Not Returned,High,1207.5,VIP
428417,Notebook,23,2024-06-10 00:00,91.15,0.39,28.26,Furniture,In-store,Not Returned,Low,2096.4500000000003,VIP
814485,Backpack,46,2024-06-10 05:00,29.88,0.34,25.17,Furniture,Online,Not Returned,High,1374.48,VIP
460692,Wireless Mouse,20,2024-06-10 19:00,70.18,0.29,29.8,Furniture,In-store,Not Returned,Low,1403.6,VIP
164817,USB Cable,38,2024-06-11 22:00,33.88,0.4,27.06,Furniture,In-store,Not Returned,Low,1287.44,VIP
499626,Notebook,40,2024-06-12 20:00,48.5,0.31,5.39,Furniture,Online,Not Returned,Low,1940.0,VIP
598389,Wall Clock,16,2024-06-13 15:00,72.78,0.33,10.19,Furniture,In-store,Not Returned,High,1164.48,VIP
858683,Backpack,19,2024-06-13 22:00,63.95,0.22,22.39,Furniture,Online,Not Returned,Low,1215.05,VIP
578805,Notebook,37,2024-06-14 03:00,90.44,0.48,27.01,Furniture,In-store,Not Returned,Low,3346.28,VIP
259765,Desk Lamp,37,2024-06-14 06:00,49.75,0.32,15.56,Furniture,Online,Not Returned,Medium,1840.75,VIP
455877,USB Cable,13,2024-06-14 15:00,92.74,0.42,22.07,Furniture,In-store,Not Returned,Medium,1205.62,VIP
237335,Blue Pen,22,2024-06-15 17:00,82.02,0.35,12.84,Furniture,Online,Not Returned,Low,1804.44,VIP
422411,White Mug,36,2024-06-15 22:00,70.53,0.39,29.48,Furniture,In-store,Not Returned,Low,2539.08,VIP
711161,Wall Clock,44,2024-06-15 23:00,25.15,0.07,11.51,Furniture,In-store,Not Returned,High,1106.6,VIP
159484,Desk Lamp,37,2024-06-16 09:00,31.57,0.32,22.13,Furniture,In-store,Returned,Low,1168.09,VIP
412118,White Mug,27,2024-06-16 12:00,61.41,0.34,6.26,Furniture,In-store,Not Returned,Low,1658.07,VIP
245662,Blue Pen,24,2024-06-17 04:00,92.43,0.48,28.87,Furniture,Online,Not Returned,Low,2218.32,VIP
160631,Notebook,44,2024-06-18 00:00,25.31,0.32,28.07,Furniture,Online,Not Returned,Low,1113.64,VIP
181736,Office Chair,31,2024-06-18 15:00,33.7,0.34,28.01,Furniture,In-store,Not Returned,Medium,1044.7,VIP
697170,Blue Pen,33,2024-06-20 09:00,63.99,0.0,20.36,Furniture,Online,Not Returned,Medium,2111.67,VIP
185066,Wall Clock,42,2024-06-21 11:00,68.96,0.35,29.13,Furniture,Online,Not Returned,High,2896.32,VIP
883996,Blue Pen,21,2024-06-21 17:00,49.13,0.48,27.16,Furniture,In-store,Not Returned,High,1031.73,VIP
602100,USB Cable,17,2024-06-22 15:00,98.83,0.38,7.69,Furniture,In-store,Not Returned,Medium,1680.11,VIP
789844,White Mug,27,2024-06-22 20:00,55.95,0.06,21.78,Furniture,Online,Not Returned,Medium,1510.65,VIP
147119,Notebook,43,2024-06-23 20:00,25.48,0.03,27.03,Furniture,Online,Not Returned,Medium,1095.64,VIP
758966,Notebook,19,2024-06-24 06:00,63.37,0.15,18.99,Furniture,Online,Not Returned,Low,1204.03,VIP
219726,Backpack,44,2024-06-24 09:00,91.98,0.21,25.55,Furniture,Online,Not Returned,Medium,4047.12,VIP
844227,White Mug,19,2024-06-25 11:00,62.15,0.08,5.45,Furniture,In-store,Not Returned,High,1180.85,VIP
361644,Backpack,47,2024-06-25 19:00,94.97,0.27,5.85,Furniture,In-store,Not Returned,High,4463.59,VIP
946541,Blue Pen,34,2024-06-25 21:00,83.98,0.26,20.7,Furniture,In-store,Not Returned,High,2855.32,VIP
792693,T-shirt,46,2024-06-25 22:00,32.62,0.32,20.13,Furniture,In-store,Not Returned,Medium,1500.52,VIP
921405,Wireless Mouse,37,2024-06-27 17:00,45.57,0.05,28.06,Furniture,Online,Not Returned,High,1686.09,VIP
785585,Headphones,30,2024-06-27 20:00,63.14,0.35,6.56,Furniture,Online,Not Returned,Medium,1894.2,VIP
976662,White Mug,27,2024-06-28 14:00,59.54,0.38,17.18,Furniture,In-store,Not Returned,Medium,1607.58,VIP
205385,Blue Pen,42,2024-06-28 17:00,89.63,0.45,24.41,Furniture,In-store,Not Returned,Medium,3764.46,VIP
923450,T-shirt,38,2024-06-29 14:00,88.35,0.18,9.0,Furniture,In-store,Not Returned,Medium,3357.3,VIP
522446,Wireless Mouse,16,2024-06-29 17:00,63.13,0.01,10.93,Furniture,In-store,Not Returned,High,1010.08,VIP
209015,Wireless Mouse,42,2024-06-30 02:00,48.6,0.19,26.39,Furniture,Online,Not Returned,Medium,2041.2,VIP
341495,Backpack,20,2024-06-30 04:00,74.5,0.08,24.31,Furniture,Online,Not Returned,Low,1490.0,VIP
981441,Desk Lamp,31,2024-06-30 10:00,80.38,0.34,29.71,Furniture,Online,Not Returned,Low,2491.78,VIP
936136,Wall Clock,11,2024-06-30 11:00,94.51,0.31,18.26,Furniture,Online,Not Returned,Low,1039.61,VIP
232732,White Mug,39,2024-07-01 08:00,96.27,0.32,5.21,Furniture,Online,Not Returned,Low,3754.53,VIP
701551,Notebook,41,2024-07-01 19:00,31.18,0.42,23.74,Furniture,Online,Returned,Low,1278.38,VIP
359751,Backpack,13,2024-07-01 20:00,86.32,0.39,9.8,Furniture,Online,Not Returned,Medium,1122.16,VIP
662631,Notebook,48,2024-07-02 22:00,72.75,0.41,22.19,Furniture,In-store,Not Returned,Low,3492.0,VIP
230025,White Mug,19,2024-07-03 07:00,88.6,0.26,19.73,Furniture,In-store,Not Returned,High,1683.4,VIP
100607,Backpack,27,2024-07-03 11:00,87.13,0.38,21.02,Furniture,Online,Not Returned,Low,2352.51,VIP
441769,USB Cable,47,2024-07-03 14:00,95.46,0.12,27.26,Furniture,In-store,Not Returned,High,4486.62,VIP
607314,Backpack,46,2024-07-03 20:00,96.1,0.41,8.4,Furniture,In-store,Not Returned,Medium,4420.599999999999,VIP
211541,White Mug,-44,2024-07-04 06:00,-39.55,1.0488595957515705,,Furniture,In-store,Not Returned,High,1740.1999999999998,VIP
222207,Notebook,44,2024-07-04 16:00,66.26,0.49,15.64,Furniture,Online,Not Returned,Low,2915.44,VIP
562485,Desk Lamp,-19,2024-07-05 02:00,-75.42,1.3406804349570431,,Furniture,Online,Returned,Medium,1432.98,VIP
223448,Backpack,39,2024-07-05 17:00,76.05,0.43,23.86,Furniture,Online,Not Returned,Low,2965.95,VIP
881800,Wall Clock,31,2024-07-06 13:00,81.32,0.29,13.87,Furniture,In-store,Not Returned,Medium,2520.92,VIP
281465,Wireless Mouse,19,2024-07-06 16:00,83.01,0.22,22.73,Furniture,In-store,Returned,Low,1577.19,VIP
900186,Headphones,24,2024-07-06 20:00,67.02,0.09,24.99,Furniture,In-store,Not Returned,High,1608.48,VIP
784213,Wireless Mouse,28,2024-07-06 21:00,65.62,0.27,19.79,Furniture,Online,Not Returned,High,1837.36,VIP
758731,Wall Clock,19,2024-07-07 15:00,78.74,0.17,15.2,Furniture,In-store,Not Returned,High,1496.06,VIP
224460,Wireless Mouse,48,2024-07-07 17:00,99.21,0.49,8.47,Furniture,Online,Not Returned,High,4762.08,VIP
102521,T-shirt,34,2024-07-08 05:00,99.01,0.3,18.98,Furniture,In-store,Not Returned,High,3366.34,VIP
829451,Wireless Mouse,36,2024-07-08 13:00,56.73,0.49,29.23,Furniture,In-store,Not Returned,Low,2042.28,VIP
170845,Wall Clock,20,2024-07-08 16:00,68.72,0.19,21.92,Furniture,Online,Not Returned,Low,1374.4,VIP
481577,Wireless Mouse,29,2024-07-08 21:00,74.93,0.09,15.36,Furniture,In-store,Not Returned,High,2172.9700000000003,VIP
663692,Wireless Mouse,41,2024-07-09 03:00,30.34,0.27,5.43,Furniture,Online,Not Returned,High,1243.94,VIP
892154,Office Chair,29,2024-07-09 08:00,74.61,0.44,6.37,Furniture,Online,Returned,Medium,2163.69,VIP
931653,Wireless Mouse,49,2024-07-10 01:00,28.42,0.18,28.41,Furniture,Online,Returned,Low,1392.5800000000002,VIP
921756,Desk Lamp,20,2024-07-10 04:00,76.4,0.05,5.64,Furniture,Online,Not Returned,High,1528.0,VIP
689277,T-shirt,28,2024-07-11 02:00,75.69,0.48,20.33,Furniture,In-store,Not Returned,High,2119.32,VIP
174625,Wireless Mouse,24,2024-07-11 16:00,78.47,0.01,16.07,Furniture,Online,Not Returned,Medium,1883.28,VIP
125391,Notebook,38,2024-07-12 06:00,75.52,0.09,25.7,Furniture,Online,Returned,Low,2869.76,VIP
514809,Wireless Mouse,27,2024-07-13 03:00,59.81,0.35,29.77,Furniture,Online,Not Returned,High,1614.87,VIP
358744,Backpack,46,2024-07-13 18:00,84.7,0.48,5.33,Furniture,Online,Not Returned,Medium,3896.2,VIP
291195,T-shirt,28,2024-07-14 02:00,86.77,0.01,28.91,Furniture,In-store,Not Returned,High,2429.56,VIP
837491,Office Chair,21,2024-07-14 07:00,85.31,0.01,5.61,Furniture,In-store,Not Returned,Low,1791.51,VIP
399841,Wireless Mouse,40,2024-07-14 17:00,42.8,0.41,13.04,Furniture,In-store,Not Returned,High,1712.0,VIP
257454,Backpack,48,2024-07-14 22:00,21.51,0.12,7.07,Furniture,Online,Not Returned,Medium,1032.48,VIP
206741,Desk Lamp,37,2024-07-15 07:00,47.33,0.32,9.64,Furniture,In-store,Not Returned,High,1751.21,VIP
788052,White Mug,20,2024-07-15 23:00,50.72,0.37,27.94,Furniture,In-store,Not Returned,Medium,1014.4,VIP
102387,T-shirt,42,2024-07-16 08:00,57.92,0.01,7.13,Furniture,Online,Not Returned,Medium,2432.64,VIP
431601,Backpack,24,2024-07-17 07:00,84.11,0.35,21.95,Furniture,Online,Not Returned,Low,2018.64,VIP
406768,White Mug,12,2024-07-17 22:00,94.91,0.18,10.72,Furniture,Online,Not Returned,High,1138.92,VIP
194538,White Mug,27,2024-07-19 16:00,66.02,0.41,22.43,Furniture,In-store,Not Returned,High,1782.54,VIP
386752,Headphones,40,2024-07-20 17:00,68.87,0.14,25.38,Furniture,Online,Not Returned,Medium,2754.8,VIP
796345,Backpack,15,2024-07-20 21:00,67.85,0.18,19.97,Furniture,In-store,Not Returned,Low,1017.75,VIP
620480,White Mug,48,2024-07-22 00:00,82.32,0.19,20.6,Furniture,Online,Returned,Medium,3951.36,VIP
674500,Desk Lamp,19,2024-07-22 02:00,75.94,0.03,9.98,Furniture,Online,Not Returned,Low,1442.86,VIP
759498,White Mug,19,2024-07-22 05:00,56.09,0.25,20.43,Furniture,Online,Not Returned,Low,1065.71,VIP
345828,Notebook,45,2024-07-23 01:00,69.24,0.02,8.19,Furniture,Online,Not Returned,Low,3115.8,VIP
192060,Notebook,40,2024-07-23 02:00,44.65,0.01,19.8,Furniture,Online,Returned,High,1786.0,VIP
602080,T-shirt,34,2024-07-23 21:00,44.83,0.11,17.4,Furniture,In-store,Not Returned,Medium,1524.22,VIP
887429,Notebook,44,2024-07-24 05:00,73.74,0.46,7.95,Furniture,In-store,Returned,Low,3244.56,VIP
648408,USB Cable,20,2024-07-24 15:00,61.18,0.46,13.61,Furniture,Online,Not Returned,Low,1223.6,VIP
246434,Headphones,48,2024-07-25 00:00,68.58,0.29,18.53,Furniture,Online,Not Returned,Medium,3291.84,VIP
538343,Blue Pen,16,2024-07-25 17:00,91.32,0.17,20.22,Furniture,In-store,Not Returned,Low,1461.12,VIP
175506,Notebook,13,2024-07-25 20:00,79.59,0.18,5.18,Furniture,In-store,Not Returned,High,1034.67,VIP
551385,Office Chair,32,2024-07-25 22:00,53.28,0.21,11.56,Furniture,In-store,Not Returned,Medium,1704.96,VIP
358514,Headphones,19,2024-07-26 08:00,91.97,0.3,22.74,Furniture,In-store,Not Returned,Medium,1747.43,VIP
449555,Headphones,35,2024-07-27 12:00,30.91,0.09,18.83,Furniture,Online,Not Returned,High,1081.85,VIP
219449,Blue Pen,43,2024-07-28 23:00,87.89,0.17,12.45,Furniture,In-store,Returned,High,3779.27,VIP
648576,Wireless Mouse,45,2024-07-30 15:00,66.14,0.39,19.04,Furniture,In-store,Returned,High,2976.3,VIP
859642,Wireless Mouse,27,2024-07-31 17:00,69.77,0.05,5.57,Furniture,In-store,Not Returned,High,1883.79,VIP
574132,Headphones,40,2024-08-01 00:00,54.17,0.41,15.51,Furniture,Online,Not Returned,Medium,2166.8,VIP
737705,Backpack,38,2024-08-01 07:00,26.66,0.13,6.62,Furniture,In-store,Not Returned,Medium,1013.08,VIP
780843,Wall Clock,27,2024-08-01 08:00,62.49,0.39,16.06,Furniture,Online,Not Returned,Low,1687.23,VIP
555612,Office Chair,37,2024-08-01 12:00,30.4,0.15,19.17,Furniture,In-store,Not Returned,Medium,1124.8,VIP
323311,Desk Lamp,41,2024-08-01 13:00,48.88,0.49,13.49,Furniture,Online,Not Returned,High,2004.08,VIP
672242,Backpack,22,2024-08-01 17:00,63.69,0.44,21.5,Furniture,Online,Returned,Medium,1401.1799999999998,VIP
384155,Office Chair,34,2024-08-01 18:00,40.74,0.36,15.3,Furniture,In-store,Not Returned,Medium,1385.16,VIP
131245,T-shirt,21,2024-08-03 07:00,49.95,0.33,6.89,Furniture,Online,Not Returned,High,1048.95,VIP
655185,Office Chair,24,2024-08-03 12:00,66.42,0.21,22.52,Furniture,Online,Not Returned,Medium,1594.08,VIP
590569,Wireless Mouse,25,2024-08-04 00:00,55.1,0.1,10.07,Furniture,Online,Not Returned,High,1377.5,VIP
111204,Backpack,-36,2024-08-04 15:00,-56.7,1.2051396357306796,,Furniture,Online,Not Returned,Medium,2041.2,VIP
998621,Wireless Mouse,24,2024-08-04 20:00,77.63,0.06,13.13,Furniture,In-store,Not Returned,Medium,1863.12,VIP
821611,Office Chair,26,2024-08-05 03:00,47.79,0.01,8.85,Furniture,In-store,Not Returned,Medium,1242.54,VIP
159016,T-shirt,32,2024-08-05 16:00,33.77,0.18,17.04,Furniture,Online,Not Returned,High,1080.64,VIP
117447,Desk Lamp,26,2024-08-06 17:00,65.08,0.01,15.53,Furniture,Online,Not Returned,High,1692.08,VIP
473883,White Mug,28,2024-08-07 01:00,89.64,0.1,12.35,Furniture,Online,Not Returned,High,2509.92,VIP
415107,USB Cable,22,2024-08-07 02:00,97.27,0.03,29.17,Furniture,In-store,Returned,High,2139.94,VIP
545719,Wall Clock,-23,2024-08-07 04:00,-66.94,1.0660637755725615,,Furniture,Online,Not Returned,High,1539.62,VIP
567403,Wall Clock,48,2024-08-07 14:00,21.19,0.24,16.91,Furniture,In-store,Not Returned,Medium,1017.12,VIP
656511,Desk Lamp,15,2024-08-09 05:00,82.85,0.41,19.15,Furniture,In-store,Not Returned,Low,1242.75,VIP
436067,T-shirt,19,2024-08-09 09:00,96.05,0.4,29.79,Furniture,In-store,Not Returned,Low,1824.95,VIP
141617,Wall Clock,20,2024-08-09 13:00,97.51,0.04,29.87,Furniture,Online,Not Returned,Medium,1950.2,VIP
113277,USB Cable,36,2024-08-09 20:00,82.54,0.15,26.58,Furniture,In-store,Not Returned,Low,2971.44,VIP
193605,Wireless Mouse,22,2024-08-10 04:00,92.56,0.21,5.7,Furniture,Online,Not Returned,Low,2036.32,VIP
808793,Desk Lamp,41,2024-08-10 06:00,65.41,0.41,25.02,Furniture,In-store,Not Returned,Low,2681.81,VIP
343301,Headphones,40,2024-08-10 12:00,76.42,0.11,24.55,Furniture,Online,Not Returned,Low,3056.8,VIP
832958,USB Cable,19,2024-08-11 10:00,56.66,0.16,25.84,Furniture,Online,Not Returned,High,1076.54,VIP
533397,T-shirt,37,2024-08-11 16:00,42.22,0.45,10.97,Furniture,Online,Not Returned,Medium,1562.14,VIP
651420,T-shirt,33,2024-08-11 21:00,90.5,0.3,24.24,Furniture,In-store,Not Returned,High,2986.5,VIP
724872,Desk Lamp,44,2024-08-12 01:00,97.76,0.03,10.07,Furniture,Online,Not Returned,Low,4301.4400000000005,VIP
557765,USB Cable,42,2024-08-12 03:00,94.66,0.27,19.13,Furniture,Online,Not Returned,High,3975.72,VIP
324866,Wireless Mouse,30,2024-08-12 08:00,65.97,0.21,21.85,Furniture,In-store,Not Returned,High,1979.1,VIP
808969,Headphones,13,2024-08-13 19:00,85.83,0.26,22.64,Furniture,Online,Not Returned,High,1115.79,VIP
686646,Wall Clock,23,2024-08-13 22:00,80.89,0.05,13.96,Furniture,Online,Not Returned,Low,1860.47,VIP
338461,Headphones,27,2024-08-13 23:00,77.88,0.06,20.89,Furniture,Online,Not Returned,Medium,2102.76,VIP
688264,T-shirt,44,2024-08-15 01:00,58.61,0.44,26.11,Furniture,Online,Not Returned,High,2578.84,VIP
873056,T-shirt,19,2024-08-15 08:00,74.41,0.26,22.31,Furniture,In-store,Not Returned,Medium,1413.79,VIP
259219,Notebook,18,2024-08-15 14:00,65.67,0.14,9.97,Furniture,Online,Not Returned,High,1182.06,VIP
947589,Blue Pen,33,2024-08-16 01:00,54.18,0.32,27.46,Furniture,Online,Not Returned,Low,1787.94,VIP
752392,Wireless Mouse,29,2024-08-16 18:00,56.44,0.37,18.35,Furniture,In-store,Not Returned,High,1636.76,VIP
703011,Headphones,21,2024-08-17 09:00,98.33,0.1,6.05,Furniture,Online,Not Returned,High,2064.93,VIP
773366,Desk Lamp,-36,2024-08-17 14:00,-30.96,1.6052781951997934,,Furniture,Online,Not Returned,Low,1114.56,VIP
792580,Headphones,45,2024-08-18 02:00,45.1,0.24,25.79,Furniture,In-store,Not Returned,High,2029.5,VIP
545402,Notebook,41,2024-08-18 15:00,98.96,0.15,17.23,Furniture,In-store,Not Returned,Medium,4057.36,VIP
966722,Wireless Mouse,34,2024-08-18 16:00,89.12,0.07,18.82,Furniture,In-store,Not Returned,High,3030.08,VIP
614370,Wall Clock,48,2024-08-18 21:00,81.37,0.17,16.55,Furniture,Online,Returned,High,3905.76,VIP
983372,Backpack,44,2024-08-19 06:00,76.19,0.1,10.78,Furniture,In-store,Not Returned,High,3352.36,VIP
609522,Notebook,38,2024-08-19 11:00,83.17,0.05,17.83,Furniture,In-store,Not Returned,Low,3160.46,VIP
999343,Wireless Mouse,39,2024-08-20 12:00,27.66,0.13,18.71,Furniture,In-store,Not Returned,High,1078.74,VIP
160592,USB Cable,49,2024-08-21 09:00,29.29,0.09,27.37,Furniture,Online,Not Returned,Low,1435.21,VIP
508234,T-shirt,45,2024-08-21 13:00,68.05,0.29,12.33,Furniture,In-store,Not Returned,High,3062.25,VIP
150073,White Mug,44,2024-08-21 18:00,95.0,0.47,7.69,Furniture,Online,Not Returned,Low,4180.0,VIP
597049,Notebook,-26,2024-08-21 22:00,-72.62,1.9493023046044704,,Furniture,Online,Not Returned,High,1888.12,VIP
842309,White Mug,26,2024-08-22 04:00,59.31,0.14,5.53,Furniture,In-store,Not Returned,Low,1542.06,VIP
973590,Headphones,28,2024-08-22 12:00,81.81,0.17,23.39,Furniture,Online,Not Returned,Medium,2290.6800000000003,VIP
809244,USB Cable,33,2024-08-22 17:00,79.15,0.17,9.08,Furniture,Online,Not Returned,Medium,2611.9500000000003,VIP
889554,Desk Lamp,40,2024-08-22 22:00,62.67,0.08,22.57,Furniture,Online,Not Returned,High,2506.8,VIP
726665,Wall Clock,45,2024-08-23 05:00,95.75,0.16,17.08,Furniture,Online,Not Returned,Low,4308.75,VIP
813564,Notebook,35,2024-08-23 06:00,90.54,0.28,17.09,Furniture,In-store,Not Returned,Medium,3168.9,VIP
503603,T-shirt,29,2024-08-23 08:00,43.06,0.3,21.29,Furniture,Online,Not Returned,Low,1248.74,VIP
726987,Backpack,45,2024-08-23 09:00,80.68,0.02,24.29,Furniture,Online,Not Returned,High,3630.6,VIP
216440,USB Cable,34,2024-08-23 22:00,71.77,0.46,9.72,Furniture,In-store,Not Returned,Low,2440.18,VIP
572760,White Mug,44,2024-08-24 09:00,76.92,0.4,22.39,Furniture,In-store,Not Returned,Medium,3384.48,VIP
261749,Headphones,25,2024-08-24 18:00,76.9,0.09,10.55,Furniture,Online,Returned,High,1922.5,VIP
340575,White Mug,33,2024-08-24 21:00,89.45,0.43,19.01,Furniture,In-store,Not Returned,High,2951.85,VIP
482299,White Mug,18,2024-08-24 22:00,76.88,0.49,20.24,Furniture,Online,Not Returned,High,1383.84,VIP
553324,Office Chair,32,2024-08-25 10:00,58.01,0.34,17.91,Furniture,Online,Not Returned,Medium,1856.32,VIP
977042,Desk Lamp,30,2024-08-25 12:00,76.36,0.21,24.2,Furniture,Online,Returned,Medium,2290.8,VIP
202591,Backpack,29,2024-08-25 21:00,75.55,0.21,21.44,Furniture,Online,Not Returned,High,2190.95,VIP
669366,Notebook,42,2024-08-26 12:00,60.1,0.15,11.24,Furniture,Online,Not Returned,Low,2524.2000000000003,VIP
776547,White Mug,41,2024-08-27 14:00,96.56,0.01,12.32,Furniture,In-store,Not Returned,Low,3958.96,VIP
380180,Backpack,16,2024-08-27 20:00,73.62,0.06,28.72,Furniture,In-store,Not Returned,Low,1177.92,VIP
531843,Blue Pen,27,2024-08-28 03:00,51.85,0.15,21.28,Furniture,Online,Not Returned,High,1399.95,VIP
956878,Desk Lamp,30,2024-08-28 07:00,94.82,0.46,18.9,Furniture,In-store,Not Returned,High,2844.6,VIP
958142,Wall Clock,23,2024-08-29 04:00,49.39,0.28,5.37,Furniture,Online,Not Returned,High,1135.97,VIP
649546,Notebook,49,2024-08-29 16:00,94.93,0.09,21.53,Furniture,Online,Not Returned,Medium,4651.570000000001,VIP
908747,Backpack,48,2024-08-29 20:00,46.49,0.35,18.37,Furniture,Online,Not Returned,Medium,2231.52,VIP
108882,Wireless Mouse,41,2024-08-30 04:00,76.34,0.13,11.24,Furniture,In-store,Not Returned,High,3129.94,VIP
247340,Desk Lamp,28,2024-08-30 06:00,54.78,0.09,9.29,Furniture,In-store,Not Returned,Low,1533.84,VIP
101585,T-shirt,12,2024-08-30 17:00,96.94,0.02,12.86,Furniture,In-store,Not Returned,Medium,1163.28,VIP
345954,Notebook,17,2024-08-30 23:00,93.79,0.3,5.86,Furniture,Online,Not Returned,Low,1594.43,VIP
112199,Backpack,45,2024-08-31 04:00,33.28,0.33,29.71,Furniture,In-store,Returned,High,1497.6,VIP
579976,T-shirt,41,2024-08-31 12:00,27.47,0.13,6.61,Furniture,In-store,Not Returned,High,1126.27,VIP
605174,White Mug,20,2024-08-31 22:00,93.15,0.49,17.66,Furniture,In-store,Not Returned,Low,1863.0,VIP
593691,Wall Clock,33,2024-08-31 23:00,33.58,0.38,17.12,Furniture,Online,Not Returned,Medium,1108.14,VIP
398206,Wall Clock,21,2024-09-01 00:00,97.54,0.38,12.52,Furniture,Online,Returned,Medium,2048.34,VIP
654686,T-shirt,48,2024-09-01 03:00,74.86,0.06,21.7,Furniture,Online,Not Returned,Medium,3593.28,VIP
387321,Backpack,44,2024-09-02 03:00,88.13,0.13,8.45,Furniture,In-store,Not Returned,Low,3877.72,VIP
979115,Headphones,27,2024-09-02 11:00,37.76,0.25,15.15,Furniture,Online,Not Returned,Medium,1019.52,VIP
778710,Desk Lamp,40,2024-09-02 21:00,79.33,0.24,26.3,Furniture,Online,Not Returned,Medium,3173.2,VIP
300505,White Mug,28,2024-09-04 09:00,93.23,0.13,10.78,Furniture,In-store,Returned,High,2610.44,VIP
956323,Desk Lamp,39,2024-09-05 02:00,72.93,0.45,23.69,Furniture,In-store,Not Returned,High,2844.2700000000004,VIP
282734,Office Chair,13,2024-09-05 05:00,87.52,0.42,6.16,Furniture,Online,Not Returned,Low,1137.76,VIP
646910,Blue Pen,47,2024-09-05 12:00,28.16,0.08,20.17,Furniture,Online,Not Returned,Medium,1323.52,VIP
737995,Office Chair,16,2024-09-05 14:00,92.57,0.12,13.38,Furniture,Online,Not Returned,Medium,1481.12,VIP
290141,White Mug,41,2024-09-05 19:00,79.5,0.31,15.84,Furniture,Online,Not Returned,Low,3259.5,VIP
429916,Backpack,24,2024-09-06 09:00,95.34,0.25,25.49,Furniture,In-store,Not Returned,Low,2288.16,VIP
514046,Office Chair,33,2024-09-06 10:00,37.63,0.49,11.92,Furniture,Online,Not Returned,High,1241.7900000000002,VIP
979535,Blue Pen,37,2024-09-06 17:00,35.3,0.49,14.99,Furniture,Online,Not Returned,High,1306.1,VIP
553090,Backpack,37,2024-09-06 22:00,99.48,0.13,21.66,Furniture,Online,Not Returned,Low,3680.76,VIP
179918,T-shirt,31,2024-09-07 11:00,87.8,0.23,6.54,Furniture,In-store,Not Returned,Low,2721.8,VIP
109251,Headphones,39,2024-09-07 17:00,95.45,0.14,12.86,Furniture,Online,Not Returned,Low,3722.55,VIP
561013,Notebook,22,2024-09-08 23:00,55.01,0.5,21.47,Furniture,Online,Not Returned,Medium,1210.22,VIP
423111,Headphones,34,2024-09-09 04:00,75.77,0.12,15.04,Furniture,Online,Not Returned,High,2576.18,VIP
211937,USB Cable,42,2024-09-09 23:00,27.84,0.41,27.48,Furniture,Online,Not Returned,Medium,1169.28,VIP
691020,Wall Clock,23,2024-09-10 07:00,87.85,0.49,12.97,Furniture,Online,Not Returned,High,2020.55,VIP
704194,Wireless Mouse,26,2024-09-10 14:00,81.83,0.5,23.92,Furniture,In-store,Returned,High,2127.58,VIP
128517,Notebook,49,2024-09-10 15:00,83.16,0.29,27.21,Furniture,In-store,Not Returned,Medium,4074.84,VIP
253115,Headphones,24,2024-09-11 01:00,89.32,0.08,18.75,Furniture,In-store,Not Returned,High,2143.68,VIP
452624,T-shirt,43,2024-09-11 02:00,82.28,0.33,10.71,Furniture,Online,Not Returned,High,3538.04,VIP
571412,White Mug,22,2024-09-12 05:00,64.8,0.43,17.49,Furniture,In-store,Not Returned,Low,1425.6,VIP
415406,Wireless Mouse,40,2024-09-12 22:00,42.5,0.24,18.68,Furniture,Online,Not Returned,Low,1700.0,VIP
660837,Notebook,48,2024-09-13 01:00,67.87,0.01,28.92,Furniture,In-store,Not Returned,High,3257.76,VIP
842435,Desk Lamp,24,2024-09-13 06:00,95.42,0.45,13.55,Furniture,In-store,Not Returned,High,2290.08,VIP
269069,T-shirt,49,2024-09-13 12:00,30.61,0.2,8.16,Furniture,Online,Not Returned,Low,1499.89,VIP
818317,Wall Clock,48,2024-09-14 07:00,65.98,0.3,24.18,Furniture,Online,Not Returned,Low,3167.04,VIP
757037,White Mug,49,2024-09-14 08:00,42.39,0.21,18.59,Furniture,In-store,Not Returned,Low,2077.11,VIP
293637,Backpack,14,2024-09-14 12:00,94.65,0.45,18.21,Furniture,In-store,Returned,Medium,1325.1,VIP
996884,White Mug,29,2024-09-14 16:00,68.81,0.01,11.27,Furniture,In-store,Not Returned,Medium,1995.49,VIP
605302,Blue Pen,25,2024-09-15 07:00,76.22,0.04,22.64,Furniture,Online,Not Returned,Medium,1905.5,VIP
773788,Headphones,43,2024-09-15 21:00,60.09,0.07,16.35,Furniture,Online,Not Returned,Medium,2583.8700000000003,VIP
745944,T-shirt,40,2024-09-16 00:00,41.02,0.21,14.04,Furniture,In-store,Not Returned,Low,1640.8000000000002,VIP
571959,Notebook,41,2024-09-16 02:00,45.81,0.08,21.04,Furniture,In-store,Not Returned,Medium,1878.21,VIP
909858,Notebook,48,2024-09-16 04:00,76.68,0.01,16.44,Furniture,In-store,Not Returned,High,3680.64,VIP
483476,Notebook,38,2024-09-17 05:00,28.69,0.26,9.46,Furniture,Online,Not Returned,High,1090.22,VIP
145428,Headphones,33,2024-09-17 06:00,97.19,0.28,28.16,Furniture,In-store,Not Returned,Low,3207.27,VIP
901859,Wireless Mouse,46,2024-09-17 07:00,28.56,0.2,26.36,Furniture,Online,Not Returned,High,1313.76,VIP
588393,Office Chair,44,2024-09-17 08:00,83.38,0.36,17.4,Furniture,In-store,Not Returned,Low,3668.72,VIP
669707,White Mug,16,2024-09-17 12:00,89.54,0.35,8.78,Furniture,Online,Not Returned,High,1432.64,VIP
639439,Headphones,23,2024-09-18 13:00,46.55,0.46,19.42,Furniture,In-store,Not Returned,Medium,1070.65,VIP
519957,Wireless Mouse,45,2024-09-18 15:00,63.45,0.04,14.92,Furniture,In-store,Returned,Medium,2855.25,VIP
694460,Headphones,33,2024-09-18 17:00,77.21,0.06,22.37,Furniture,In-store,Not Returned,Low,2547.93,VIP
608112,Wireless Mouse,46,2024-09-19 19:00,72.59,0.18,11.8,Furniture,In-store,Not Returned,Low,3339.1400000000003,VIP
706761,Headphones,27,2024-09-19 23:00,67.46,0.17,19.46,Furniture,In-store,Not Returned,Medium,1821.42,VIP
277176,Wall Clock,40,2024-09-20 12:00,60.52,0.09,21.24,Furniture,In-store,Not Returned,Low,2420.8,VIP
514924,Headphones,48,2024-09-21 00:00,75.84,0.34,12.84,Furniture,In-store,Not Returned,Low,3640.32,VIP
548037,Desk Lamp,24,2024-09-21 05:00,87.52,0.34,14.44,Furniture,Online,Not Returned,Low,2100.48,VIP
786669,Backpack,37,2024-09-21 12:00,56.13,0.01,9.33,Furniture,Online,Not Returned,Medium,2076.81,VIP
581916,Blue Pen,16,2024-09-21 17:00,78.48,0.44,13.35,Furniture,Online,Not Returned,Low,1255.68,VIP
258349,Blue Pen,30,2024-09-22 06:00,33.46,0.06,23.11,Furniture,In-store,Not Returned,Medium,1003.8,VIP
824058,T-shirt,34,2024-09-22 13:00,66.03,0.4,19.31,Furniture,Online,Not Returned,Low,2245.02,VIP
989411,Backpack,42,2024-09-23 13:00,33.57,0.46,23.13,Furniture,In-store,Not Returned,Low,1409.94,VIP
378456,USB Cable,39,2024-09-25 00:00,97.23,0.42,12.12,Furniture,Online,Not Returned,High,3791.97,VIP
152879,Backpack,34,2024-09-25 05:00,81.25,0.28,7.91,Furniture,Online,Not Returned,Medium,2762.5,VIP
731967,Backpack,18,2024-09-25 16:00,82.39,0.38,10.03,Furniture,In-store,Returned,Medium,1483.02,VIP
631152,Wireless Mouse,33,2024-09-26 03:00,75.29,0.47,26.15,Furniture,Online,Returned,Medium,2484.57,VIP
409796,Office Chair,48,2024-09-26 12:00,41.8,0.04,28.5,Furniture,Online,Not Returned,Low,2006.4,VIP
851736,Backpack,43,2024-09-27 07:00,69.17,0.26,29.69,Furniture,In-store,Not Returned,Low,2974.31,VIP
363210,White Mug,25,2024-09-27 13:00,46.71,0.29,27.37,Furniture,In-store,Not Returned,High,1167.75,VIP
438406,White Mug,44,2024-09-27 19:00,82.84,0.35,24.65,Furniture,Online,Not Returned,Medium,3644.96,VIP
429095,Backpack,32,2024-09-28 04:00,99.48,0.39,13.92,Furniture,In-store,Not Returned,Medium,3183.36,VIP
854424,Notebook,22,2024-09-28 07:00,63.69,0.29,17.83,Furniture,In-store,Not Returned,High,1401.1799999999998,VIP
838832,Blue Pen,25,2024-09-28 09:00,76.86,0.26,29.84,Furniture,Online,Not Returned,High,1921.5,VIP
543397,Backpack,21,2024-09-28 17:00,93.04,0.21,20.12,Furniture,In-store,Not Returned,Low,1953.84,VIP
328238,White Mug,34,2024-09-28 22:00,84.97,0.07,28.31,Furniture,Online,Not Returned,Low,2888.98,VIP
585713,Wireless Mouse,47,2024-09-28 23:00,39.0,0.3,27.4,Furniture,In-store,Not Returned,Medium,1833.0,VIP
464911,Backpack,35,2024-09-29 15:00,67.76,0.5,22.95,Furniture,Online,Not Returned,Medium,2371.6000000000004,VIP
730327,Wireless Mouse,29,2024-09-30 02:00,93.92,0.04,26.37,Furniture,In-store,Not Returned,Medium,2723.68,VIP
982402,Backpack,31,2024-09-30 05:00,62.66,0.07,13.86,Furniture,In-store,Not Returned,High,1942.46,VIP
982318,T-shirt,28,2024-09-30 13:00,84.08,0.07,29.6,Furniture,Online,Not Returned,Low,2354.24,VIP
146845,Headphones,36,2024-10-01 02:00,51.5,0.11,29.14,Furniture,In-store,Not Returned,Medium,1854.0,VIP
268435,Wireless Mouse,43,2024-10-01 21:00,89.59,0.04,8.6,Furniture,Online,Not Returned,Low,3852.37,VIP
924812,Desk Lamp,41,2024-10-02 03:00,51.87,0.47,7.55,Furniture,Online,Not Returned,Medium,2126.67,VIP
451727,Wall Clock,33,2024-10-02 18:00,77.26,0.09,9.44,Furniture,In-store,Returned,Low,2549.5800000000004,VIP
501235,T-shirt,17,2024-10-03 13:00,60.68,0.11,6.14,Furniture,In-store,Not Returned,Medium,1031.56,VIP
110623,Backpack,24,2024-10-03 22:00,83.56,0.35,16.04,Furniture,In-store,Not Returned,Low,2005.44,VIP
223690,Wall Clock,38,2024-10-04 01:00,92.75,0.49,22.12,Furniture,In-store,Not Returned,Medium,3524.5,VIP
210613,Office Chair,35,2024-10-04 22:00,76.26,0.34,17.27,Furniture,Online,Not Returned,High,2669.1000000000004,VIP
143935,Office Chair,30,2024-10-06 01:00,62.97,0.3,26.69,Furniture,In-store,Not Returned,Medium,1889.1,VIP
188478,Blue Pen,31,2024-10-06 18:00,76.09,0.12,10.19,Furniture,Online,Not Returned,Low,2358.79,VIP
165027,Wall Clock,33,2024-10-07 09:00,45.61,0.27,8.35,Furniture,Online,Not Returned,Low,1505.13,VIP
232805,White Mug,13,2024-10-07 11:00,94.89,0.47,12.75,Furniture,Online,Not Returned,Medium,1233.57,VIP
800735,Wall Clock,20,2024-10-07 12:00,84.54,0.19,14.05,Furniture,Online,Not Returned,Low,1690.8000000000002,VIP
899963,Wireless Mouse,49,2024-10-07 21:00,55.36,0.22,21.08,Furniture,Online,Not Returned,High,2712.64,VIP
204445,White Mug,-48,2024-10-08 09:00,-46.49,1.1779388894537393,,Furniture,Online,Not Returned,Medium,2231.52,VIP
434737,Wall Clock,44,2024-10-08 19:00,50.46,0.25,18.77,Furniture,Online,Not Returned,Medium,2220.24,VIP
304118,White Mug,34,2024-10-08 21:00,54.86,0.09,20.52,Furniture,Online,Not Returned,Low,1865.24,VIP
116583,White Mug,28,2024-10-09 09:00,84.0,0.42,16.57,Furniture,Online,Returned,Low,2352.0,VIP
612916,T-shirt,33,2024-10-09 17:00,78.14,0.41,14.83,Furniture,In-store,Not Returned,Low,2578.62,VIP
442414,Wall Clock,24,2024-10-10 04:00,82.09,0.24,15.77,Furniture,Online,Not Returned,Low,1970.16,VIP
412235,T-shirt,40,2024-10-11 03:00,73.72,0.23,7.3,Furniture,Online,Returned,Medium,2948.8,VIP
235510,T-shirt,39,2024-10-11 04:00,34.82,0.23,16.09,Furniture,In-store,Not Returned,Low,1357.98,VIP
865165,USB Cable,16,2024-10-11 05:00,90.58,0.18,20.79,Furniture,In-store,Not Returned,Low,1449.28,VIP
466746,Office Chair,35,2024-10-11 06:00,87.88,0.03,19.72,Furniture,Online,Not Returned,Medium,3075.8,VIP
966690,Desk Lamp,16,2024-10-11 11:00,85.68,0.3,22.01,Furniture,Online,Not Returned,High,1370.88,VIP
125940,Wall Clock,20,2024-10-11 17:00,80.17,0.14,25.97,Furniture,In-store,Not Returned,High,1603.4,VIP
659959,T-shirt,25,2024-10-12 02:00,44.28,0.22,18.36,Furniture,Online,Not Returned,Medium,1107.0,VIP
307692,Desk Lamp,20,2024-10-12 06:00,54.31,0.07,20.43,Furniture,In-store,Not Returned,Low,1086.2,VIP
353685,USB Cable,20,2024-10-13 02:00,81.27,0.18,9.76,Furniture,In-store,Not Returned,High,1625.4,VIP
391241,Office Chair,43,2024-10-13 07:00,23.61,0.3,22.81,Furniture,Online,Not Returned,High,1015.23,VIP
971176,Wall Clock,43,2024-10-13 11:00,32.71,0.07,26.36,Furniture,In-store,Not Returned,Medium,1406.53,VIP
654856,USB Cable,20,2024-10-14 02:00,81.23,0.0,25.26,Furniture,In-store,Not Returned,Medium,1624.6,VIP
941135,Office Chair,39,2024-10-14 05:00,28.19,0.06,28.5,Furniture,Online,Not Returned,Medium,1099.41,VIP
116642,USB Cable,41,2024-10-14 14:00,32.35,0.02,9.63,Furniture,In-store,Not Returned,High,1326.35,VIP
970321,Office Chair,47,2024-10-15 13:00,89.13,0.14,28.8,Furniture,In-store,Not Returned,Low,4189.11,VIP
510027,Blue Pen,26,2024-10-15 19:00,73.69,0.34,17.39,Furniture,In-store,Not Returned,High,1915.94,VIP
728855,Wireless Mouse,49,2024-10-15 23:00,57.1,0.41,18.63,Furniture,In-store,Not Returned,Medium,2797.9,VIP
683148,Wall Clock,48,2024-10-17 11:00,28.11,0.06,23.92,Furniture,Online,Not Returned,Low,1349.28,VIP
895936,Headphones,35,2024-10-17 12:00,65.77,0.12,16.9,Furniture,In-store,Not Returned,High,2301.95,VIP
527003,Backpack,38,2024-10-17 17:00,89.09,0.07,19.07,Furniture,Online,Not Returned,High,3385.42,VIP
216622,Backpack,47,2024-10-18 13:00,24.58,0.5,28.2,Furniture,Online,Not Returned,High,1155.26,VIP
329155,Blue Pen,14,2024-10-18 17:00,82.15,0.41,17.4,Furniture,In-store,Not Returned,Low,1150.1,VIP
689333,Wall Clock,19,2024-10-19 19:00,98.74,0.39,7.96,Furniture,Online,Not Returned,Low,1876.06,VIP
733410,Backpack,-30,2024-10-20 12:00,-45.05,0.48,,Furniture,Online,Not Returned,Medium,1351.5,VIP
650573,Wall Clock,37,2024-10-20 19:00,71.33,0.28,17.42,Furniture,Online,Not Returned,Low,2639.21,VIP
486390,USB Cable,17,2024-10-20 21:00,89.39,0.21,29.07,Furniture,Online,Not Returned,Medium,1519.63,VIP
734833,Notebook,15,2024-10-20 22:00,86.57,0.48,5.04,Furniture,In-store,Not Returned,Medium,1298.55,VIP
784007,Notebook,-50,2024-10-21 08:00,-67.19,1.4912215776600566,,Furniture,In-store,Not Returned,Low,3359.5,VIP
279275,Office Chair,49,2024-10-21 13:00,74.29,0.31,14.95,Furniture,In-store,Not Returned,Low,3640.210000000001,VIP
188231,Desk Lamp,40,2024-10-21 17:00,91.38,0.11,11.92,Furniture,Online,Not Returned,Low,3655.2,VIP
243960,White Mug,40,2024-10-22 07:00,32.27,0.27,16.78,Furniture,Online,Not Returned,Low,1290.8000000000002,VIP
375677,Office Chair,46,2024-10-22 09:00,89.7,0.23,6.64,Furniture,Online,Not Returned,High,4126.2,VIP
399270,Blue Pen,26,2024-10-23 13:00,81.93,0.19,7.77,Furniture,Online,Not Returned,Low,2130.1800000000003,VIP
245222,Blue Pen,32,2024-10-24 04:00,41.46,0.16,24.54,Furniture,In-store,Not Returned,High,1326.72,VIP
876825,Desk Lamp,37,2024-10-25 04:00,46.45,0.24,10.09,Furniture,In-store,Not Returned,Medium,1718.65,VIP
215431,Wireless Mouse,30,2024-10-25 23:00,45.89,0.09,10.06,Furniture,In-store,Not Returned,Medium,1376.7,VIP
709228,Notebook,19,2024-10-26 10:00,72.0,0.3,24.04,Furniture,Online,Returned,Medium,1368.0,VIP
696721,USB Cable,20,2024-10-26 14:00,98.45,0.34,12.22,Furniture,Online,Not Returned,Medium,1969.0,VIP
313049,T-shirt,26,2024-10-26 20:00,98.4,0.09,22.41,Furniture,In-store,Not Returned,Medium,2558.4,VIP
513096,White Mug,42,2024-10-26 21:00,39.59,0.04,29.41,Furniture,Online,Not Returned,High,1662.7800000000002,VIP
155818,T-shirt,21,2024-10-27 09:00,89.34,0.11,18.2,Furniture,In-store,Not Returned,High,1876.14,VIP
744303,Notebook,24,2024-10-27 23:00,97.5,0.25,29.22,Furniture,In-store,Not Returned,High,2340.0,VIP
918764,Headphones,37,2024-10-28 03:00,49.43,0.36,13.23,Furniture,In-store,Not Returned,High,1828.91,VIP
912282,Backpack,34,2024-10-28 13:00,76.39,0.24,25.87,Furniture,In-store,Not Returned,High,2597.26,VIP
349246,Wireless Mouse,36,2024-10-28 16:00,74.27,0.18,14.2,Furniture,In-store,Not Returned,Medium,2673.72,VIP
283217,Blue Pen,18,2024-10-28 22:00,63.94,0.2,13.05,Furniture,In-store,Not Returned,Low,1150.92,VIP
499820,Office Chair,26,2024-10-30 17:00,49.59,0.32,28.19,Furniture,In-store,Not Returned,High,1289.34,VIP
107420,Blue Pen,25,2024-10-30 20:00,48.17,0.2,9.47,Furniture,Online,Not Returned,Medium,1204.25,VIP
163076,Backpack,35,2024-10-31 02:00,41.95,0.31,6.74,Furniture,Online,Not Returned,Low,1468.25,VIP
756537,T-shirt,40,2024-10-31 18:00,52.39,0.27,28.55,Furniture,Online,Not Returned,Medium,2095.6,VIP
585698,Backpack,27,2024-10-31 19:00,74.89,0.47,10.14,Furniture,Online,Not Returned,Medium,2022.03,VIP
247577,Wireless Mouse,28,2024-11-02 19:00,98.69,0.2,5.28,Furniture,In-store,Not Returned,Medium,2763.32,VIP
230225,Backpack,38,2024-11-02 21:00,69.99,0.23,16.47,Furniture,In-store,Not Returned,Medium,2659.62,VIP
628199,T-shirt,45,2024-11-03 09:00,31.26,0.11,20.45,Furniture,In-store,Not Returned,Low,1406.7,VIP
560776,Wireless Mouse,15,2024-11-03 21:00,70.0,0.2,17.07,Furniture,Online,Not Returned,High,1050.0,VIP
792473,Wireless Mouse,16,2024-11-04 04:00,79.41,0.23,14.85,Furniture,Online,Not Returned,Medium,1270.56,VIP
707205,Blue Pen,31,2024-11-04 09:00,98.47,0.44,18.82,Furniture,Online,Not Returned,Medium,3052.57,VIP
769132,Desk Lamp,37,2024-11-05 01:00,95.89,0.34,17.95,Furniture,In-store,Not Returned,Medium,3547.93,VIP
249911,Wireless Mouse,13,2024-11-05 14:00,79.85,0.41,7.95,Furniture,Online,Not Returned,Medium,1038.05,VIP
233541,Wall Clock,42,2024-11-05 23:00,47.02,0.4,9.57,Furniture,Online,Returned,Low,1974.84,VIP
496381,Backpack,16,2024-11-06 04:00,87.54,0.44,7.55,Furniture,In-store,Not Returned,High,1400.64,VIP
143251,Notebook,35,2024-11-06 07:00,70.18,0.42,26.56,Furniture,In-store,Not Returned,High,2456.3,VIP
531541,Notebook,48,2024-11-06 20:00,31.97,0.27,29.09,Furniture,Online,Returned,Low,1534.56,VIP
529390,T-shirt,41,2024-11-07 00:00,54.38,0.1,17.14,Furniture,Online,Not Returned,Medium,2229.58,VIP
182054,White Mug,31,2024-11-07 08:00,97.24,0.27,17.55,Furniture,In-store,Not Returned,Low,3014.44,VIP
279859,Wireless Mouse,16,2024-11-07 18:00,89.66,0.06,19.55,Furniture,Online,Not Returned,High,1434.56,VIP
159235,Office Chair,41,2024-11-08 04:00,56.05,0.1,26.51,Furniture,In-store,Not Returned,Medium,2298.05,VIP
303318,Wall Clock,40,2024-11-09 00:00,48.38,0.43,17.25,Furniture,In-store,Not Returned,Medium,1935.2,VIP
350898,Wall Clock,35,2024-11-09 03:00,84.48,0.27,29.23,Furniture,In-store,Not Returned,Medium,2956.8,VIP
759325,Desk Lamp,47,2024-11-09 22:00,80.36,0.18,21.43,Furniture,In-store,Not Returned,Low,3776.92,VIP
123036,Wireless Mouse,43,2024-11-10 16:00,85.24,0.22,10.75,Furniture,Online,Not Returned,Low,3665.32,VIP
712357,Desk Lamp,48,2024-11-11 11:00,74.52,0.44,16.59,Furniture,Online,Not Returned,High,3576.96,VIP
284777,Office Chair,15,2024-11-11 12:00,93.89,0.14,15.04,Furniture,Online,Not Returned,Medium,1408.35,VIP
473232,Headphones,30,2024-11-12 02:00,98.28,0.34,13.93,Furniture,Online,Not Returned,High,2948.4,VIP
602799,Wireless Mouse,-42,2024-11-12 03:00,-55.65,1.7134774829244963,,Furniture,In-store,Not Returned,Medium,2337.3,VIP
835689,USB Cable,27,2024-11-12 09:00,53.15,0.1,5.91,Furniture,Online,Not Returned,Medium,1435.05,VIP
368912,USB Cable,29,2024-11-12 15:00,91.14,0.3,5.64,Furniture,In-store,Not Returned,Medium,2643.06,VIP
581656,Headphones,29,2024-11-13 09:00,95.11,0.32,20.94,Furniture,Online,Not Returned,Medium,2758.19,VIP
925929,Wireless Mouse,22,2024-11-14 10:00,97.34,0.4,24.71,Furniture,In-store,Returned,Medium,2141.48,VIP
440787,Notebook,41,2024-11-14 16:00,46.86,0.22,14.81,Furniture,Online,Not Returned,High,1921.26,VIP
759843,Headphones,46,2024-11-14 23:00,88.22,0.03,16.37,Furniture,In-store,Not Returned,High,4058.12,VIP
418267,Headphones,24,2024-11-15 00:00,96.26,0.28,25.75,Furniture,Online,Not Returned,High,2310.24,VIP
615009,USB Cable,43,2024-11-15 21:00,84.88,0.08,9.34,Furniture,Online,Not Returned,High,3649.84,VIP
895461,USB Cable,40,2024-11-16 08:00,97.64,0.35,13.93,Furniture,Online,Returned,High,3905.6,VIP
481292,Wall Clock,43,2024-11-16 12:00,69.19,0.49,7.52,Furniture,In-store,Not Returned,High,2975.17,VIP
611499,Wireless Mouse,46,2024-11-16 22:00,56.39,0.08,17.08,Furniture,Online,Not Returned,Low,2593.94,VIP
863022,T-shirt,43,2024-11-17 05:00,79.55,0.34,19.24,Furniture,In-store,Not Returned,High,3420.65,VIP
256042,T-shirt,37,2024-11-17 08:00,75.31,0.47,26.22,Furniture,In-store,Not Returned,Low,2786.4700000000003,VIP
587896,Blue Pen,35,2024-11-18 01:00,48.13,0.3,26.33,Furniture,Online,Not Returned,High,1684.5500000000002,VIP
695345,Wall Clock,20,2024-11-18 20:00,53.29,0.16,25.61,Furniture,Online,Not Returned,Low,1065.8,VIP
129151,Wall Clock,12,2024-11-18 21:00,87.58,0.13,10.23,Furniture,Online,Not Returned,Medium,1050.96,VIP
413913,Headphones,28,2024-11-18 23:00,93.24,0.25,29.22,Furniture,In-store,Not Returned,High,2610.72,VIP
532193,Backpack,19,2024-11-19 01:00,84.65,0.23,26.66,Furniture,Online,Not Returned,Low,1608.35,VIP
469071,White Mug,34,2024-11-19 05:00,41.76,0.17,29.07,Furniture,Online,Not Returned,High,1419.84,VIP
448760,Wall Clock,49,2024-11-19 08:00,71.53,0.14,13.47,Furniture,In-store,Not Returned,Medium,3504.9700000000003,VIP
909289,Backpack,39,2024-11-19 13:00,67.59,0.44,27.77,Furniture,Online,Not Returned,High,2636.01,VIP
417957,USB Cable,12,2024-11-20 02:00,94.98,0.43,16.99,Furniture,Online,Not Returned,Low,1139.76,VIP
891273,Office Chair,25,2024-11-20 11:00,91.42,0.42,28.1,Furniture,In-store,Not Returned,High,2285.5,VIP
837998,Wireless Mouse,40,2024-11-20 12:00,86.29,0.02,14.08,Furniture,Online,Not Returned,Low,3451.6000000000004,VIP
959514,Desk Lamp,26,2024-11-20 16:00,62.0,0.37,9.34,Furniture,In-store,Not Returned,High,1612.0,VIP
885176,Backpack,44,2024-11-21 00:00,77.82,0.4,25.2,Furniture,Online,Returned,High,3424.08,VIP
239293,Headphones,40,2024-11-21 10:00,74.77,0.43,19.23,Furniture,Online,Returned,High,2990.8,VIP
500742,Blue Pen,27,2024-11-21 15:00,90.57,0.38,26.93,Furniture,In-store,Not Returned,Low,2445.39,VIP
592483,T-shirt,29,2024-11-22 12:00,87.05,0.27,11.18,Furniture,Online,Not Returned,Low,2524.45,VIP
952089,USB Cable,17,2024-11-22 18:00,80.96,0.36,17.72,Furniture,Online,Not Returned,Low,1376.32,VIP
592314,Notebook,31,2024-11-22 22:00,49.36,0.14,5.98,Furniture,In-store,Not Returned,High,1530.16,VIP
873547,USB Cable,43,2024-11-23 08:00,81.03,0.25,27.94,Furniture,In-store,Not Returned,High,3484.29,VIP
783322,Wireless Mouse,33,2024-11-23 10:00,35.04,0.17,12.49,Furniture,In-store,Not Returned,Low,1156.32,VIP
508854,Desk Lamp,35,2024-11-23 11:00,30.69,0.01,9.07,Furniture,Online,Not Returned,High,1074.15,VIP
565833,Office Chair,23,2024-11-23 15:00,89.96,0.24,9.29,Furniture,In-store,Not Returned,Low,2069.08,VIP
500985,USB Cable,21,2024-11-23 23:00,75.13,0.28,26.8,Furniture,In-store,Not Returned,High,1577.73,VIP
576333,Wireless Mouse,-42,2024-11-24 01:00,-44.75,0.28,,Furniture,In-store,Not Returned,Low,1879.5,VIP
277972,Notebook,43,2024-11-24 10:00,76.0,0.06,18.02,Furniture,In-store,Not Returned,Medium,3268.0,VIP
983371,T-shirt,37,2024-11-25 00:00,88.28,0.28,7.51,Furniture,Online,Returned,Medium,3266.36,VIP
785924,Desk Lamp,36,2024-11-25 15:00,42.24,0.38,26.77,Furniture,Online,Not Returned,Medium,1520.64,VIP
609523,USB Cable,44,2024-11-26 05:00,55.96,0.17,14.88,Furniture,In-store,Not Returned,High,2462.24,VIP
238944,Headphones,-21,2024-11-26 20:00,-51.02,1.2088376675550183,,Furniture,Online,Not Returned,Low,1071.42,VIP
886857,White Mug,11,2024-11-27 09:00,94.07,0.41,16.25,Furniture,In-store,Not Returned,Low,1034.77,VIP
859485,USB Cable,38,2024-11-27 21:00,42.05,0.38,22.42,Furniture,In-store,Not Returned,Medium,1597.9,VIP
902275,Backpack,42,2024-11-28 02:00,35.89,0.23,14.82,Furniture,Online,Not Returned,High,1507.38,VIP
258402,Wireless Mouse,46,2024-11-28 07:00,89.88,0.14,26.13,Furniture,Online,Not Returned,Low,4134.48,VIP
819466,Backpack,18,2024-11-28 11:00,75.89,0.07,19.96,Furniture,Online,Not Returned,Low,1366.02,VIP
456849,Blue Pen,45,2024-11-28 14:00,94.81,0.32,21.14,Furniture,Online,Not Returned,High,4266.45,VIP
275915,USB Cable,21,2024-11-30 02:00,60.32,0.03,16.79,Furniture,In-store,Not Returned,High,1266.72,VIP
895996,Wall Clock,-32,2024-11-30 17:00,-54.59,1.7172368647406584,,Furniture,In-store,Not Returned,Low,1746.88,VIP
990434,Desk Lamp,25,2024-12-02 09:00,66.65,0.21,23.53,Furniture,In-store,Not Returned,High,1666.2500000000002,VIP
735980,Desk Lamp,25,2024-12-02 14:00,53.18,0.08,24.49,Furniture,In-store,Not Returned,Low,1329.5,VIP
994424,T-shirt,-37,2024-12-03 00:00,-59.15,1.5124462297780743,,Furniture,In-store,Not Returned,High,2188.55,VIP
275759,Wireless Mouse,11,2024-12-03 01:00,94.38,0.44,9.64,Furniture,In-store,Not Returned,High,1038.1799999999998,VIP
121942,USB Cable,33,2024-12-03 03:00,72.88,0.37,10.51,Furniture,In-store,Not Returned,Low,2405.04,VIP
822642,White Mug,30,2024-12-03 14:00,80.34,0.37,19.98,Furniture,Online,Not Returned,Low,2410.2000000000003,VIP
325011,Headphones,30,2024-12-04 07:00,58.19,0.14,26.69,Furniture,In-store,Not Returned,Low,1745.6999999999998,VIP
541905,Wall Clock,16,2024-12-04 11:00,84.43,0.04,27.18,Furniture,Online,Not Returned,Low,1350.88,VIP
840894,Headphones,32,2024-12-04 16:00,62.54,0.23,14.72,Furniture,In-store,Not Returned,High,2001.28,VIP
352139,Office Chair,47,2024-12-04 22:00,83.01,0.28,26.89,Furniture,Online,Returned,Medium,3901.47,VIP
490186,Wall Clock,33,2024-12-05 11:00,42.03,0.28,11.45,Furniture,In-store,Not Returned,Low,1386.99,VIP
499121,Wireless Mouse,49,2024-12-05 17:00,34.91,0.27,8.09,Furniture,Online,Not Returned,High,1710.59,VIP
368636,USB Cable,42,2024-12-07 01:00,69.8,0.01,6.25,Furniture,Online,Not Returned,Medium,2931.6,VIP
765004,Notebook,45,2024-12-07 05:00,54.43,0.04,28.47,Furniture,Online,Not Returned,High,2449.35,VIP
988391,Headphones,31,2024-12-07 09:00,44.14,0.15,15.41,Furniture,In-store,Not Returned,Medium,1368.34,VIP
575728,White Mug,49,2024-12-07 21:00,31.02,0.49,11.45,Furniture,In-store,Not Returned,High,1519.98,VIP
983794,Backpack,32,2024-12-08 05:00,45.77,0.27,16.57,Furniture,In-store,Not Returned,High,1464.64,VIP
494302,Wall Clock,20,2024-12-08 20:00,71.63,0.2,13.47,Furniture,In-store,Not Returned,Low,1432.6,VIP
233968,T-shirt,35,2024-12-09 09:00,38.58,0.46,17.06,Furniture,Online,Not Returned,High,1350.3,VIP
812208,Blue Pen,-43,2024-12-10 05:00,-23.8,0.15,,Furniture,In-store,Not Returned,Medium,1023.4,VIP
170886,White Mug,26,2024-12-11 08:00,46.33,0.18,13.65,Furniture,Online,Not Returned,Medium,1204.58,VIP
657160,Wall Clock,39,2024-12-11 14:00,71.92,0.48,19.44,Furniture,In-store,Not Returned,Medium,2804.88,VIP
909417,Wall Clock,26,2024-12-11 18:00,85.36,0.1,20.44,Furniture,In-store,Not Returned,High,2219.36,VIP
884772,Office Chair,37,2024-12-12 07:00,30.71,0.46,7.39,Furniture,In-store,Not Returned,High,1136.27,VIP
114698,Desk Lamp,19,2024-12-12 08:00,80.38,0.06,5.22,Furniture,In-store,Not Returned,Medium,1527.2199999999998,VIP
122469,Wireless Mouse,24,2024-12-12 15:00,89.83,0.17,24.81,Furniture,Online,Not Returned,Low,2155.92,VIP
787884,Wireless Mouse,38,2024-12-12 20:00,51.9,0.47,12.1,Furniture,In-store,Not Returned,Low,1972.2,VIP
207644,USB Cable,37,2024-12-13 03:00,80.71,0.33,26.58,Furniture,Online,Not Returned,Medium,2986.27,VIP
278213,Wireless Mouse,21,2024-12-13 04:00,80.98,0.16,5.51,Furniture,Online,Not Returned,High,1700.5800000000002,VIP
202326,Backpack,21,2024-12-13 21:00,81.29,0.27,17.52,Furniture,Online,Not Returned,Low,1707.09,VIP
411840,Wall Clock,18,2024-12-14 20:00,60.98,0.22,15.53,Furniture,In-store,Not Returned,Low,1097.64,VIP
986497,Desk Lamp,18,2024-12-14 23:00,77.1,0.44,27.0,Furniture,Online,Not Returned,Low,1387.8,VIP
994101,USB Cable,33,2024-12-15 13:00,45.78,0.26,23.76,Furniture,Online,Not Returned,Medium,1510.74,VIP
441524,Blue Pen,46,2024-12-15 15:00,82.19,0.31,21.19,Furniture,In-store,Not Returned,High,3780.74,VIP
460835,Office Chair,29,2024-12-16 06:00,68.73,0.15,23.36,Furniture,Online,Not Returned,Medium,1993.17,VIP
655090,T-shirt,38,2024-12-16 07:00,89.38,0.23,19.14,Furniture,In-store,Not Returned,Medium,3396.44,VIP
273895,Wall Clock,24,2024-12-17 01:00,95.34,0.46,20.03,Furniture,In-store,Not Returned,Low,2288.16,VIP
177700,Wall Clock,21,2024-12-17 15:00,94.91,0.09,5.69,Furniture,In-store,Returned,Medium,1993.11,VIP
272207,Backpack,39,2024-12-17 23:00,57.62,0.36,19.58,Furniture,Online,Not Returned,High,2247.18,VIP
588714,Office Chair,23,2024-12-18 03:00,89.74,0.29,28.18,Furniture,In-store,Not Returned,Low,2064.02,VIP
308559,Wall Clock,40,2024-12-18 20:00,88.91,0.1,28.35,Furniture,Online,Returned,Medium,3556.4,VIP
570272,T-shirt,34,2024-12-18 22:00,68.93,0.34,29.01,Furniture,In-store,Not Returned,Medium,2343.6200000000003,VIP
789703,T-shirt,38,2024-12-19 06:00,31.53,0.06,7.73,Furniture,Online,Not Returned,High,1198.14,VIP
209042,Office Chair,37,2024-12-19 16:00,49.64,0.21,23.8,Furniture,Online,Returned,High,1836.68,VIP
182546,Notebook,36,2024-12-19 17:00,33.36,0.03,7.59,Furniture,Online,Not Returned,Medium,1200.96,VIP
478442,T-shirt,38,2024-12-19 20:00,71.13,0.27,9.36,Furniture,Online,Not Returned,High,2702.94,VIP
708110,Blue Pen,35,2024-12-20 02:00,92.11,0.13,17.23,Furniture,In-store,Not Returned,Low,3223.85,VIP
607787,USB Cable,23,2024-12-20 19:00,71.04,0.47,24.82,Furniture,In-store,Not Returned,High,1633.92,VIP
805454,Notebook,21,2024-12-21 03:00,61.37,0.21,8.29,Furniture,Online,Not Returned,Medium,1288.77,VIP
994662,Wireless Mouse,37,2024-12-21 09:00,46.86,0.14,10.02,Furniture,Online,Not Returned,Medium,1733.82,VIP
507423,Wall Clock,39,2024-12-21 22:00,94.34,0.25,6.89,Furniture,In-store,Not Returned,Medium,3679.26,VIP
725110,Notebook,22,2024-12-22 03:00,48.87,0.25,17.73,Furniture,Online,Not Returned,High,1075.14,VIP
312109,Headphones,19,2024-12-22 19:00,69.43,0.24,10.12,Furniture,In-store,Not Returned,Medium,1319.17,VIP
510018,USB Cable,30,2024-12-23 08:00,88.47,0.2,24.96,Furniture,Online,Not Returned,Low,2654.1,VIP
753747,Wireless Mouse,39,2024-12-23 22:00,51.3,0.21,5.21,Furniture,Online,Not Returned,High,2000.7,VIP
322779,USB Cable,43,2024-12-24 02:00,87.93,0.31,23.24,Furniture,Online,Not Returned,High,3780.99,VIP
880169,Headphones,23,2024-12-24 04:00,75.46,0.3,27.67,Furniture,In-store,Not Returned,High,1735.58,VIP
356219,T-shirt,30,2024-12-24 19:00,75.04,0.16,17.59,Furniture,In-store,Not Returned,High,2251.2000000000003,VIP
639761,Backpack,37,2024-12-25 00:00,54.84,0.2,24.14,Furniture,Online,Returned,Low,2029.08,VIP
120063,USB Cable,32,2024-12-25 02:00,65.17,0.25,9.29,Furniture,In-store,Not Returned,High,2085.44,VIP
619840,Desk Lamp,28,2024-12-25 11:00,72.13,0.42,20.02,Furniture,In-store,Not Returned,Medium,2019.64,VIP
803647,Headphones,26,2024-12-25 20:00,58.24,0.44,18.73,Furniture,In-store,Not Returned,Low,1514.24,VIP
560837,Wireless Mouse,48,2024-12-26 00:00,86.72,0.49,13.72,Furniture,Online,Returned,Medium,4162.56,VIP
511973,Wireless Mouse,38,2024-12-26 16:00,46.58,0.48,9.82,Furniture,In-store,Not Returned,High,1770.04,VIP
581898,USB Cable,46,2024-12-26 18:00,44.3,0.09,19.18,Furniture,In-store,Not Returned,High,2037.8,VIP
288052,T-shirt,41,2024-12-27 01:00,80.18,0.44,18.66,Furniture,In-store,Not Returned,Low,3287.38,VIP
300032,Notebook,30,2024-12-27 06:00,64.64,0.28,9.97,Furniture,Online,Returned,High,1939.2,VIP
954311,Wall Clock,19,2024-12-27 16:00,52.71,0.39,20.0,Furniture,In-store,Not Returned,Medium,1001.49,VIP
100503,Headphones,38,2024-12-28 08:00,63.58,0.48,28.84,Furniture,In-store,Not Returned,Low,2416.04,VIP
796405,Wireless Mouse,46,2024-12-28 09:00,77.35,0.08,6.03,Furniture,In-store,Returned,High,3558.1,VIP
511232,USB Cable,32,2024-12-28 22:00,94.45,0.2,22.02,Furniture,In-store,Not Returned,High,3022.4,VIP
499984,Desk Lamp,44,2024-12-29 07:00,73.52,0.31,28.77,Furniture,Online,Not Returned,Low,3234.88,VIP
608062,Notebook,39,2024-12-29 22:00,29.04,0.44,29.89,Furniture,Online,Not Returned,Low,1132.56,VIP
689779,Office Chair,35,2024-12-30 16:00,31.51,0.4,18.78,Furniture,In-store,Not Returned,Low,1102.85,VIP
965378,White Mug,46,2024-12-30 18:00,89.08,0.2,14.06,Furniture,In-store,Not Returned,High,4097.68,VIP
883335,Office Chair,30,2024-12-31 00:00,49.82,0.4,27.42,Furniture,In-store,Not Returned,Low,1494.6,VIP
870570,Wireless Mouse,38,2024-12-31 02:00,43.11,0.27,24.8,Furniture,Online,Not Returned,Medium,1638.18,VIP
581595,Desk Lamp,32,2024-12-31 04:00,54.19,0.3,15.76,Furniture,In-store,Not Returned,Medium,1734.08,VIP
521386,Headphones,16,2024-12-31 15:00,87.68,0.45,14.37,Furniture,Online,Not Returned,High,1402.88,VIP
933289,T-shirt,20,2024-12-31 16:00,77.25,0.07,13.28,Furniture,Online,Not Returned,Medium,1545.0,VIP
855262,Blue Pen,45,2025-01-01 04:00,98.3,0.06,25.36,Furniture,In-store,Not Returned,High,4423.5,VIP
400463,Backpack,32,2025-01-01 08:00,71.12,0.06,6.09,Furniture,In-store,Not Returned,Medium,2275.84,VIP
955558,Office Chair,16,2025-01-01 09:00,81.47,0.27,8.36,Furniture,Online,Not Returned,Medium,1303.52,VIP
596486,Wall Clock,48,2025-01-01 12:00,53.56,0.45,28.99,Furniture,In-store,Not Returned,Medium,2570.88,VIP
377874,USB Cable,41,2025-01-01 23:00,47.78,0.13,27.79,Furniture,Online,Not Returned,Low,1958.98,VIP
992222,Desk Lamp,-20,2025-01-02 06:00,-83.43,1.919174377621748,,Furniture,In-store,Not Returned,Low,1668.6,VIP
824198,USB Cable,28,2025-01-02 13:00,95.01,0.32,20.41,Furniture,Online,Returned,Medium,2660.28,VIP
186527,Wall Clock,40,2025-01-02 15:00,43.97,0.39,10.11,Furniture,In-store,Not Returned,High,1758.8,VIP
127091,White Mug,25,2025-01-03 04:00,75.5,0.42,15.13,Furniture,In-store,Not Returned,High,1887.5,VIP
549412,Headphones,25,2025-01-03 12:00,69.17,0.28,27.77,Furniture,Online,Not Returned,Medium,1729.25,VIP
529032,White Mug,31,2025-01-04 15:00,38.39,0.09,14.71,Furniture,Online,Not Returned,Medium,1190.09,VIP
490262,White Mug,32,2025-01-04 21:00,50.16,0.33,24.95,Furniture,In-store,Not Returned,High,1605.12,VIP
866098,Wall Clock,26,2025-01-04 22:00,39.9,0.12,19.28,Furniture,Online,Not Returned,Low,1037.4,VIP
764645,Wireless Mouse,39,2025-01-05 09:00,71.94,0.02,23.0,Furniture,In-store,Not Returned,High,2805.66,VIP
259424,Headphones,36,2025-01-05 13:00,96.43,0.22,19.43,Furniture,In-store,Not Returned,High,3471.4800000000005,VIP
910139,Headphones,31,2025-01-05 15:00,69.63,0.12,29.83,Furniture,Online,Not Returned,Medium,2158.53,VIP
213857,Office Chair,38,2025-01-05 21:00,44.06,0.48,15.19,Furniture,In-store,Not Returned,High,1674.2800000000002,VIP
794275,Wireless Mouse,31,2025-01-06 03:00,74.2,0.14,7.89,Furniture,Online,Not Returned,High,2300.2000000000003,VIP
535883,USB Cable,-30,2025-01-06 16:00,-44.95,1.7757621123587768,,Furniture,Online,Not Returned,Medium,1348.5,VIP
654268,Office Chair,25,2025-01-06 18:00,93.04,0.2,18.92,Furniture,Online,Not Returned,Low,2326.0,VIP
135031,Wireless Mouse,-46,2025-01-07 06:00,-66.53,0.11,,Furniture,Online,Not Returned,High,3060.38,VIP
608186,Blue Pen,30,2025-01-07 08:00,98.93,0.34,18.14,Furniture,In-store,Not Returned,Medium,2967.9,VIP
537963,Wireless Mouse,23,2025-01-09 03:00,72.98,0.49,15.19,Furniture,In-store,Not Returned,Low,1678.5400000000002,VIP
329174,Desk Lamp,24,2025-01-10 02:00,85.12,0.48,24.63,Furniture,In-store,Not Returned,Low,2042.88,VIP
968382,Headphones,30,2025-01-10 05:00,37.45,0.25,23.43,Furniture,Online,Not Returned,Low,1123.5,VIP
294891,Office Chair,33,2025-01-10 06:00,68.0,0.3,12.48,Furniture,In-store,Not Returned,Medium,2244.0,VIP
736979,T-shirt,19,2025-01-10 10:00,84.02,0.0,27.17,Furniture,Online,Not Returned,Low,1596.38,VIP
735565,Wall Clock,35,2025-01-10 14:00,87.47,0.22,7.79,Furniture,In-store,Not Returned,High,3061.45,VIP
328027,Headphones,-42,2025-01-10 22:00,-54.96,1.6707378458945756,,Furniture,Online,Not Returned,High,2308.32,VIP
562755,Wireless Mouse,39,2025-01-11 03:00,39.4,0.41,25.26,Furniture,In-store,Not Returned,Low,1536.6,VIP
365803,Desk Lamp,24,2025-01-11 12:00,65.07,0.03,25.06,Furniture,In-store,Not Returned,High,1561.6799999999998,VIP
412353,Backpack,39,2025-01-12 10:00,53.25,0.12,13.58,Furniture,Online,Not Returned,Medium,2076.75,VIP
340969,T-shirt,15,2025-01-12 12:00,74.41,0.25,22.36,Furniture,In-store,Not Returned,Low,1116.15,VIP
222225,Notebook,15,2025-01-13 20:00,76.63,0.42,22.06,Furniture,Online,Not Returned,High,1149.4499999999998,VIP
266190,Blue Pen,38,2025-01-13 22:00,75.25,0.26,10.68,Furniture,Online,Not Returned,High,2859.5,VIP
674154,T-shirt,32,2025-01-14 01:00,57.04,0.42,26.86,Furniture,In-store,Not Returned,High,1825.28,VIP
316470,Blue Pen,19,2025-01-14 14:00,59.26,0.29,5.42,Furniture,In-store,Not Returned,Low,1125.94,VIP
163789,Notebook,32,2025-01-15 13:00,98.83,0.15,16.17,Furniture,In-store,Not Returned,High,3162.56,VIP
174522,Wall Clock,42,2025-01-15 15:00,42.61,0.37,14.31,Furniture,In-store,Not Returned,High,1789.62,VIP
688372,Backpack,22,2025-01-15 16:00,79.34,0.26,20.66,Furniture,Online,Not Returned,Low,1745.48,VIP
723320,Notebook,28,2025-01-15 17:00,98.58,0.38,12.26,Furniture,Online,Not Returned,High,2760.24,VIP
732893,Blue Pen,34,2025-01-16 04:00,92.63,0.39,16.9,Furniture,Online,Not Returned,Low,3149.42,VIP
251567,Desk Lamp,31,2025-01-16 13:00,43.72,0.33,22.11,Furniture,In-store,Not Returned,Medium,1355.32,VIP
505435,USB Cable,24,2025-01-17 18:00,54.91,0.17,8.74,Furniture,Online,Not Returned,Low,1317.84,VIP
365852,Blue Pen,33,2025-01-17 19:00,41.98,0.33,28.62,Furniture,In-store,Not Returned,Low,1385.34,VIP
101495,Blue Pen,42,2025-01-17 21:00,94.57,0.49,12.67,Furniture,In-store,Not Returned,High,3971.94,VIP
137659,Notebook,42,2025-01-18 08:00,26.85,0.08,6.28,Furniture,Online,Not Returned,Medium,1127.7,VIP
310909,White Mug,48,2025-01-19 04:00,89.54,0.17,21.12,Furniture,Online,Not Returned,Medium,4297.92,VIP
419025,White Mug,42,2025-01-19 08:00,92.45,0.08,10.55,Furniture,Online,Not Returned,High,3882.9,VIP
329292,Desk Lamp,25,2025-01-19 13:00,83.53,0.18,27.26,Furniture,Online,Returned,Medium,2088.25,VIP
230448,USB Cable,37,2025-01-19 21:00,53.13,0.2,17.87,Furniture,Online,Not Returned,High,1965.81,VIP
331568,White Mug,22,2025-01-19 23:00,87.0,0.37,26.58,Furniture,Online,Not Returned,Medium,1914.0,VIP
951491,Wall Clock,40,2025-01-20 04:00,77.95,0.06,17.7,Furniture,Online,Not Returned,Low,3118.0,VIP
866322,Headphones,36,2025-01-20 09:00,53.04,0.09,6.2,Furniture,In-store,Not Returned,Medium,1909.44,VIP
244344,Backpack,46,2025-01-20 22:00,33.26,0.28,16.92,Furniture,In-store,Not Returned,Low,1529.9599999999998,VIP
770406,Backpack,39,2025-01-21 17:00,77.4,0.22,25.08,Furniture,In-store,Not Returned,High,3018.6000000000004,VIP
482468,Blue Pen,14,2025-01-21 23:00,93.01,0.41,19.46,Furniture,In-store,Not Returned,Medium,1302.14,VIP
938611,Desk Lamp,34,2025-01-22 03:00,81.9,0.15,16.87,Furniture,Online,Not Returned,High,2784.6000000000004,VIP
305160,Wireless Mouse,27,2025-01-22 12:00,89.48,0.5,9.07,Furniture,In-store,Not Returned,High,2415.96,VIP
494209,Office Chair,43,2025-01-23 02:00,82.53,0.43,29.68,Furniture,In-store,Not Returned,Low,3548.79,VIP
904582,Desk Lamp,18,2025-01-23 04:00,59.33,0.13,27.24,Furniture,Online,Not Returned,Low,1067.94,VIP
135673,T-shirt,46,2025-01-23 11:00,65.93,0.13,10.7,Furniture,In-store,Not Returned,Medium,3032.78,VIP
203798,White Mug,35,2025-01-23 21:00,71.15,0.26,5.93,Furniture,In-store,Not Returned,High,2490.25,VIP
258701,Wall Clock,29,2025-01-23 23:00,58.09,0.18,15.25,Furniture,In-store,Returned,Low,1684.61,VIP
473102,T-shirt,27,2025-01-24 00:00,94.45,0.02,28.33,Furniture,In-store,Not Returned,High,2550.15,VIP
320693,Wireless Mouse,40,2025-01-24 02:00,26.06,0.28,27.62,Furniture,Online,Not Returned,Low,1042.4,VIP
123472,T-shirt,43,2025-01-24 05:00,47.74,0.43,20.84,Furniture,In-store,Not Returned,Medium,2052.82,VIP
640267,Blue Pen,-37,2025-01-24 14:00,-87.15,1.2806555043968126,,Furniture,Online,Not Returned,Medium,3224.55,VIP
882693,Notebook,33,2025-01-25 05:00,69.32,0.06,15.16,Furniture,In-store,Not Returned,High,2287.56,VIP
289990,Headphones,19,2025-01-25 17:00,59.18,0.48,18.78,Furniture,Online,Not Returned,Medium,1124.42,VIP
791387,Backpack,34,2025-01-26 07:00,85.2,0.08,11.61,Furniture,Online,Not Returned,Medium,2896.8,VIP
512619,USB Cable,44,2025-01-26 09:00,58.71,0.37,25.07,Furniture,Online,Not Returned,Low,2583.24,VIP
597457,Blue Pen,-13,2025-01-26 17:00,-86.26,1.0625913104890408,,Furniture,In-store,Not Returned,Low,1121.38,VIP
648226,Wireless Mouse,23,2025-01-26 20:00,88.88,0.13,16.53,Furniture,In-store,Not Returned,Low,2044.24,VIP
858617,Notebook,25,2025-01-26 21:00,90.66,0.29,6.43,Furniture,In-store,Not Returned,Low,2266.5,VIP
436064,White Mug,38,2025-01-26 23:00,61.38,0.33,8.96,Furniture,In-store,Not Returned,Medium,2332.44,VIP
768867,White Mug,26,2025-01-27 04:00,45.21,0.16,26.75,Furniture,Online,Not Returned,Medium,1175.46,VIP
261262,Wall Clock,22,2025-01-27 13:00,50.81,0.5,16.73,Furniture,Online,Not Returned,Low,1117.8200000000002,VIP
529738,Wall Clock,23,2025-01-27 16:00,79.92,0.12,6.97,Furniture,In-store,Not Returned,High,1838.16,VIP
608062,USB Cable,46,2025-01-27 20:00,97.73,0.28,11.06,Furniture,Online,Not Returned,Low,4495.58,VIP
680686,Office Chair,48,2025-01-28 02:00,28.6,0.07,24.01,Furniture,Online,Not Returned,Low,1372.8000000000002,VIP
447885,Blue Pen,44,2025-01-28 06:00,66.83,0.0,9.53,Furniture,In-store,Not Returned,Low,2940.52,VIP
800566,Wireless Mouse,19,2025-01-28 21:00,96.5,0.37,29.41,Furniture,Online,Not Returned,Medium,1833.5,VIP
414347,Desk Lamp,40,2025-01-29 00:00,87.93,0.07,24.33,Furniture,In-store,Not Returned,High,3517.2000000000003,VIP
568454,Blue Pen,21,2025-01-29 01:00,90.85,0.4,16.41,Furniture,Online,Not Returned,Low,1907.85,VIP
137853,Backpack,22,2025-01-29 21:00,63.3,0.42,13.22,Furniture,Online,Not Returned,Medium,1392.6,VIP
247993,Desk Lamp,28,2025-01-31 15:00,40.48,0.45,8.04,Furniture,In-store,Returned,Medium,1133.4399999999998,VIP
807595,Headphones,35,2025-01-31 18:00,57.97,0.4,6.26,Furniture,Online,Not Returned,Medium,2028.95,VIP
219564,USB Cable,14,2025-02-01 00:00,74.97,0.1,22.26,Furniture,In-store,Not Returned,Medium,1049.58,VIP
694843,Blue Pen,47,2025-02-01 11:00,33.94,0.21,12.42,Furniture,Online,Not Returned,Medium,1595.1799999999998,VIP
571394,Notebook,34,2025-02-01 23:00,88.22,0.38,13.93,Furniture,In-store,Not Returned,High,2999.48,VIP
288307,Office Chair,42,2025-02-02 05:00,75.62,0.0,20.66,Furniture,Online,Not Returned,Medium,3176.04,VIP
908635,USB Cable,18,2025-02-02 13:00,84.2,0.33,22.18,Furniture,In-store,Not Returned,Low,1515.6,VIP
979824,Notebook,32,2025-02-02 15:00,89.09,0.08,16.94,Furniture,Online,Not Returned,High,2850.88,VIP
941484,Office Chair,35,2025-02-03 02:00,79.62,0.49,5.35,Furniture,In-store,Returned,Medium,2786.7000000000003,VIP
809066,Headphones,31,2025-02-04 17:00,45.03,0.36,24.01,Furniture,Online,Not Returned,Medium,1395.93,VIP
304309,Blue Pen,39,2025-02-05 03:00,26.06,0.25,8.72,Furniture,In-store,Not Returned,High,1016.34,VIP
456449,Backpack,28,2025-02-06 14:00,88.15,0.32,23.25,Furniture,In-store,Not Returned,Low,2468.2000000000003,VIP
313525,Office Chair,40,2025-02-06 18:00,88.28,0.16,25.53,Furniture,In-store,Not Returned,Medium,3531.2,VIP
676666,T-shirt,32,2025-02-07 22:00,69.19,0.21,8.78,Furniture,In-store,Not Returned,Medium,2214.08,VIP
214764,USB Cable,32,2025-02-08 07:00,37.08,0.0,19.94,Furniture,In-store,Not Returned,Medium,1186.56,VIP
813447,White Mug,-39,2025-02-08 14:00,-72.34,1.3263086316365365,,Furniture,In-store,Not Returned,Medium,2821.26,VIP
561453,Wireless Mouse,25,2025-02-08 20:00,51.33,0.14,25.04,Furniture,Online,Not Returned,Low,1283.25,VIP
759267,T-shirt,38,2025-02-08 21:00,33.91,0.36,17.14,Furniture,In-store,Not Returned,Low,1288.58,VIP
834303,Headphones,38,2025-02-09 02:00,27.85,0.5,25.27,Furniture,In-store,Not Returned,High,1058.3,VIP
161855,White Mug,34,2025-02-09 05:00,61.61,0.48,26.2,Furniture,Online,Not Returned,High,2094.74,VIP
775219,Wall Clock,13,2025-02-09 09:00,81.05,0.07,10.44,Furniture,In-store,Not Returned,High,1053.65,VIP
358775,USB Cable,34,2025-02-10 07:00,76.1,0.12,27.12,Furniture,In-store,Not Returned,Medium,2587.4,VIP
248016,Wall Clock,38,2025-02-10 20:00,85.64,0.06,9.35,Furniture,In-store,Not Returned,Medium,3254.32,VIP
639262,White Mug,39,2025-02-10 23:00,71.75,0.39,26.9,Furniture,Online,Not Returned,Medium,2798.25,VIP
355976,Backpack,17,2025-02-11 18:00,80.41,0.23,26.41,Furniture,Online,Returned,Medium,1366.97,VIP
311423,Wall Clock,21,2025-02-11 19:00,67.37,0.06,11.59,Furniture,In-store,Not Returned,Low,1414.77,VIP
789377,Backpack,49,2025-02-12 07:00,72.57,0.0,12.43,Furniture,In-store,Not Returned,High,3555.93,VIP
264718,Notebook,25,2025-02-12 08:00,81.41,0.12,15.64,Furniture,In-store,Returned,High,2035.25,VIP
402626,T-shirt,30,2025-02-13 00:00,58.01,0.27,6.7,Furniture,In-store,Not Returned,Medium,1740.3,VIP
620712,Blue Pen,11,2025-02-13 15:00,99.17,0.28,21.08,Furniture,In-store,Not Returned,Medium,1090.87,VIP
264435,Desk Lamp,27,2025-02-13 23:00,97.02,0.19,16.47,Furniture,Online,Not Returned,Low,2619.54,VIP
558993,Notebook,27,2025-02-14 01:00,55.2,0.06,14.25,Furniture,In-store,Not Returned,Medium,1490.4,VIP
422628,Office Chair,-33,2025-02-14 06:00,-46.17,1.8431629307980768,,Furniture,Online,Not Returned,High,1523.61,VIP
852015,Wireless Mouse,47,2025-02-14 09:00,79.78,0.36,26.21,Furniture,In-store,Not Returned,Medium,3749.66,VIP
631467,Blue Pen,34,2025-02-14 11:00,77.94,0.24,19.43,Furniture,In-store,Not Returned,Low,2649.96,VIP
216331,Headphones,40,2025-02-14 19:00,55.16,0.26,8.37,Furniture,Online,Not Returned,Low,2206.4,VIP
906180,Blue Pen,38,2025-02-14 23:00,96.08,0.02,20.35,Furniture,Online,Returned,Low,3651.04,VIP
103411,Blue Pen,19,2025-02-15 03:00,68.81,0.06,18.94,Furniture,In-store,Not Returned,Low,1307.39,VIP
736355,Headphones,49,2025-02-15 06:00,35.71,0.08,8.43,Furniture,Online,Not Returned,Low,1749.79,VIP
471560,Wall Clock,44,2025-02-15 09:00,27.67,0.13,10.15,Furniture,In-store,Not Returned,High,1217.48,VIP
707990,Headphones,24,2025-02-15 13:00,90.05,0.29,29.01,Furniture,In-store,Not Returned,Medium,2161.2,VIP
933565,Office Chair,29,2025-02-15 15:00,82.33,0.2,22.07,Furniture,In-store,Not Returned,Medium,2387.57,VIP
125180,Wireless Mouse,31,2025-02-15 18:00,59.74,0.12,24.35,Furniture,Online,Returned,Medium,1851.94,VIP
573034,Wireless Mouse,32,2025-02-16 00:00,96.36,0.33,26.32,Furniture,Online,Not Returned,Low,3083.52,VIP
960443,White Mug,35,2025-02-16 19:00,53.22,0.34,6.28,Furniture,Online,Not Returned,Low,1862.7,VIP
107249,T-shirt,35,2025-02-17 20:00,84.49,0.44,25.44,Furniture,In-store,Not Returned,Low,2957.15,VIP
194322,Wireless Mouse,36,2025-02-18 02:00,51.28,0.09,28.51,Furniture,Online,Not Returned,High,1846.08,VIP
715797,Blue Pen,22,2025-02-18 05:00,53.07,0.21,21.76,Furniture,Online,Not Returned,High,1167.54,VIP
800053,Wireless Mouse,45,2025-02-18 17:00,77.68,0.18,27.18,Furniture,In-store,Not Returned,Medium,3495.6000000000004,VIP
250672,USB Cable,47,2025-02-18 18:00,78.31,0.09,19.77,Furniture,In-store,Not Returned,High,3680.57,VIP
114012,Headphones,39,2025-02-18 22:00,86.12,0.41,7.45,Furniture,Online,Not Returned,Low,3358.6800000000003,VIP
610878,Notebook,37,2025-02-19 10:00,54.76,0.25,17.63,Furniture,In-store,Not Returned,Medium,2026.12,VIP
828909,USB Cable,47,2025-02-19 20:00,58.23,0.15,17.27,Furniture,Online,Not Returned,Low,2736.81,VIP
535232,Desk Lamp,19,2025-02-20 15:00,58.34,0.12,23.3,Furniture,Online,Not Returned,Low,1108.46,VIP
383588,Office Chair,33,2025-02-20 19:00,39.04,0.12,8.01,Furniture,In-store,Not Returned,Medium,1288.32,VIP
410195,Backpack,32,2025-02-20 21:00,41.14,0.34,22.67,Furniture,Online,Not Returned,Low,1316.48,VIP
333966,Wall Clock,29,2025-02-20 22:00,48.89,0.41,29.4,Furniture,Online,Not Returned,High,1417.81,VIP
893298,Headphones,23,2025-02-21 00:00,91.36,0.32,24.4,Furniture,In-store,Not Returned,High,2101.28,VIP
148295,Wall Clock,36,2025-02-21 18:00,50.62,0.08,6.82,Furniture,In-store,Not Returned,Low,1822.32,VIP
792304,USB Cable,34,2025-02-22 04:00,51.13,0.21,20.95,Furniture,Online,Not Returned,Low,1738.42,VIP
531238,USB Cable,40,2025-02-22 07:00,27.85,0.38,22.42,Furniture,In-store,Returned,Low,1114.0,VIP
723406,Backpack,21,2025-02-22 17:00,91.56,0.37,19.05,Furniture,Online,Not Returned,High,1922.76,VIP
980706,USB Cable,15,2025-02-23 02:00,84.36,0.42,20.86,Furniture,Online,Not Returned,Medium,1265.4,VIP
182439,Wall Clock,28,2025-02-23 04:00,80.51,0.27,8.38,Furniture,In-store,Not Returned,Medium,2254.28,VIP
897170,White Mug,39,2025-02-23 05:00,77.77,0.31,10.98,Furniture,In-store,Not Returned,High,3033.03,VIP
371394,Blue Pen,42,2025-02-23 11:00,35.18,0.2,7.96,Furniture,Online,Not Returned,Low,1477.56,VIP
256760,USB Cable,22,2025-02-23 13:00,92.26,0.47,15.86,Furniture,Online,Not Returned,Medium,2029.72,VIP
156536,Wireless Mouse,42,2025-02-24 23:00,79.97,0.15,24.91,Furniture,Online,Not Returned,Low,3358.74,VIP
934421,Notebook,42,2025-02-25 02:00,35.56,0.47,18.71,Furniture,In-store,Not Returned,Medium,1493.52,VIP
607034,Blue Pen,46,2025-02-25 19:00,86.71,0.46,11.33,Furniture,In-store,Not Returned,Medium,3988.66,VIP
514858,Headphones,38,2025-02-26 08:00,88.15,0.49,16.13,Furniture,In-store,Not Returned,High,3349.7000000000003,VIP
522136,White Mug,13,2025-02-26 12:00,86.17,0.38,5.84,Furniture,Online,Returned,High,1120.21,VIP
792984,Blue Pen,36,2025-02-26 22:00,93.59,0.06,10.44,Furniture,In-store,Not Returned,Medium,3369.24,VIP
175450,Blue Pen,45,2025-02-27 20:00,25.28,0.33,29.62,Furniture,Online,Returned,Low,1137.6,VIP
169668,White Mug,20,2025-02-28 11:00,86.72,0.19,17.55,Furniture,In-store,Not Returned,Low,1734.4,VIP
207644,USB Cable,14,2025-03-01 16:00,76.07,0.49,7.01,Furniture,Online,Not Returned,Medium,1064.98,VIP
499596,Backpack,47,2025-03-01 18:00,78.76,0.46,6.06,Furniture,Online,Not Returned,Low,3701.72,VIP
147756,Backpack,33,2025-03-01 19:00,73.64,0.17,10.84,Furniture,Online,Not Returned,Low,2430.12,VIP
189661,USB Cable,14,2025-03-02 06:00,99.12,0.22,13.43,Furniture,In-store,Not Returned,High,1387.68,VIP
441865,Office Chair,47,2025-03-02 09:00,93.94,0.31,29.91,Furniture,In-store,Not Returned,Medium,4415.18,VIP
376692,T-shirt,39,2025-03-02 22:00,39.8,0.44,16.26,Furniture,In-store,Not Returned,Medium,1552.1999999999998,VIP
165555,White Mug,19,2025-03-03 07:00,92.55,0.12,17.53,Furniture,Online,Not Returned,High,1758.45,VIP
123241,Desk Lamp,32,2025-03-03 13:00,97.61,0.2,16.41,Furniture,Online,Not Returned,High,3123.52,VIP
809533,Headphones,25,2025-03-04 13:00,73.86,0.1,8.64,Furniture,In-store,Not Returned,Medium,1846.5,VIP
618571,Blue Pen,37,2025-03-04 17:00,39.88,0.04,29.63,Furniture,In-store,Not Returned,Medium,1475.5600000000002,VIP
855051,T-shirt,16,2025-03-04 21:00,96.18,0.33,27.32,Furniture,Online,Returned,High,1538.88,VIP
140564,Office Chair,13,2025-03-05 04:00,95.94,0.12,14.47,Furniture,In-store,Not Returned,High,1247.22,VIP
401672,Wall Clock,29,2025-03-06 02:00,48.05,0.03,13.06,Furniture,Online,Not Returned,Low,1393.4499999999998,VIP
514878,Headphones,33,2025-03-06 09:00,97.73,0.04,13.65,Furniture,Online,Not Returned,High,3225.09,VIP
530864,Headphones,41,2025-03-06 11:00,69.83,0.46,15.76,Furniture,Online,Not Returned,High,2863.03,VIP
739386,White Mug,28,2025-03-06 12:00,38.02,0.32,20.34,Furniture,In-store,Returned,Medium,1064.5600000000002,VIP
647372,Desk Lamp,25,2025-03-07 02:00,92.57,0.5,6.83,Furniture,In-store,Not Returned,Low,2314.25,VIP
639512,Desk Lamp,30,2025-03-07 08:00,74.36,0.45,17.75,Furniture,In-store,Not Returned,Low,2230.8,VIP
523052,T-shirt,31,2025-03-08 12:00,63.09,0.12,13.21,Furniture,In-store,Not Returned,High,1955.79,VIP
359487,Desk Lamp,21,2025-03-08 18:00,100.0,0.03,10.27,Furniture,In-store,Not Returned,Low,2100.0,VIP
666170,Office Chair,47,2025-03-08 21:00,81.26,0.11,23.6,Furniture,Online,Not Returned,Low,3819.22,VIP
296196,Notebook,21,2025-03-09 20:00,49.12,0.38,24.67,Furniture,In-store,Not Returned,Medium,1031.52,VIP
186300,Office Chair,12,2025-03-10 04:00,90.65,0.39,19.31,Furniture,In-store,Not Returned,Low,1087.8000000000002,VIP
334597,T-shirt,28,2025-03-10 08:00,55.28,0.29,7.17,Furniture,Online,Not Returned,Low,1547.84,VIP
913508,Headphones,19,2025-03-11 04:00,60.37,0.32,27.81,Furniture,Online,Not Returned,High,1147.03,VIP
351006,Desk Lamp,-42,2025-03-11 08:00,-76.4,0.22,,Furniture,Online,Not Returned,High,3208.8,VIP
279549,Office Chair,32,2025-03-11 18:00,55.01,0.19,21.77,Furniture,Online,Not Returned,High,1760.32,VIP
717481,Office Chair,42,2025-03-12 12:00,42.12,0.4,24.7,Furniture,In-store,Not Returned,Medium,1769.04,VIP
437575,Office Chair,36,2025-03-12 20:00,72.3,0.48,19.03,Furniture,Online,Not Returned,Medium,2602.8,VIP
117255,T-shirt,32,2025-03-12 21:00,63.37,0.15,27.54,Furniture,In-store,Not Returned,Medium,2027.84,VIP
737333,Wall Clock,33,2025-03-13 08:00,91.89,0.01,10.23,Furniture,Online,Returned,Medium,3032.37,VIP
728991,Backpack,49,2025-03-13 14:00,95.83,0.33,19.59,Furniture,Online,Not Returned,High,4695.67,VIP
840396,Wall Clock,23,2025-03-14 03:00,55.52,0.2,14.9,Furniture,In-store,Not Returned,High,1276.96,VIP
950832,Notebook,43,2025-03-14 06:00,46.17,0.39,28.59,Furniture,In-store,Not Returned,High,1985.31,VIP
708659,Backpack,41,2025-03-14 11:00,36.8,0.07,23.41,Furniture,Online,Not Returned,Low,1508.8,VIP
205635,Office Chair,19,2025-03-14 12:00,95.97,0.4,28.73,Furniture,Online,Not Returned,Medium,1823.43,VIP
218778,Headphones,28,2025-03-14 16:00,69.94,0.49,6.5,Furniture,Online,Not Returned,Low,1958.32,VIP
731125,Headphones,39,2025-03-15 08:00,48.82,0.48,27.91,Furniture,Online,Not Returned,Medium,1903.98,VIP
465171,White Mug,37,2025-03-15 11:00,91.77,0.44,19.45,Furniture,Online,Returned,High,3395.49,VIP
760441,Wall Clock,13,2025-03-16 01:00,89.66,0.25,11.19,Furniture,In-store,Not Returned,Low,1165.58,VIP
513600,Office Chair,33,2025-03-16 07:00,83.61,0.46,19.62,Furniture,Online,Not Returned,Low,2759.13,VIP
629627,Wall Clock,31,2025-03-16 09:00,59.82,0.13,8.79,Furniture,In-store,Not Returned,High,1854.42,VIP
497628,White Mug,15,2025-03-17 02:00,92.0,0.17,13.99,Furniture,Online,Not Returned,Low,1380.0,VIP
120342,Office Chair,38,2025-03-18 02:00,50.5,0.09,20.0,Furniture,Online,Not Returned,Low,1919.0,VIP
587268,Blue Pen,45,2025-03-18 18:00,42.3,0.29,25.36,Furniture,Online,Not Returned,Low,1903.5,VIP
295651,Wireless Mouse,17,2025-03-18 21:00,83.06,0.19,29.87,Furniture,In-store,Returned,Medium,1412.02,VIP
392429,Desk Lamp,33,2025-03-18 22:00,94.13,0.34,25.56,Furniture,Online,Not Returned,High,3106.29,VIP
900651,Wall Clock,34,2025-03-19 01:00,78.05,0.5,22.09,Furniture,Online,Returned,High,2653.7,VIP
837711,Wall Clock,28,2025-03-19 20:00,85.09,0.02,17.65,Furniture,In-store,Not Returned,High,2382.52,VIP
702547,White Mug,21,2025-03-20 01:00,96.6,0.12,12.12,Furniture,In-store,Returned,Medium,2028.6,VIP
121462,Wireless Mouse,48,2025-03-20 11:00,74.98,0.44,10.8,Furniture,Online,Not Returned,Medium,3599.04,VIP
600146,Wireless Mouse,49,2025-03-20 22:00,43.21,0.07,7.5,Furniture,In-store,Not Returned,Low,2117.29,VIP
567859,Notebook,45,2025-03-21 01:00,23.64,0.22,27.64,Furniture,In-store,Not Returned,Low,1063.8,VIP
703711,Desk Lamp,37,2025-03-21 07:00,35.75,0.49,9.04,Furniture,In-store,Not Returned,High,1322.75,VIP
957928,Notebook,17,2025-03-22 01:00,88.15,0.02,25.79,Furniture,In-store,Not Returned,Low,1498.5500000000002,VIP
773463,Office Chair,44,2025-03-22 22:00,90.77,0.17,10.76,Furniture,In-store,Not Returned,High,3993.88,VIP
771380,Blue Pen,39,2025-03-23 15:00,76.39,0.3,23.47,Furniture,Online,Not Returned,Low,2979.21,VIP
885657,Blue Pen,46,2025-03-23 21:00,58.12,0.15,5.36,Furniture,Online,Not Returned,Medium,2673.52,VIP
571426,Office Chair,44,2025-03-24 16:00,41.54,0.16,22.02,Furniture,Online,Not Returned,Low,1827.76,VIP
964618,Backpack,23,2025-03-24 20:00,55.27,0.23,16.61,Furniture,Online,Not Returned,Medium,1271.21,VIP
152215,USB Cable,45,2025-03-24 22:00,57.41,0.31,20.31,Furniture,Online,Not Returned,Low,2583.45,VIP
882179,Headphones,26,2025-03-25 06:00,51.94,0.39,6.74,Furniture,In-store,Not Returned,Low,1350.44,VIP
144566,White Mug,22,2025-03-26 23:00,87.54,0.14,18.11,Furniture,In-store,Not Returned,Low,1925.88,VIP
898623,T-shirt,21,2025-03-27 03:00,59.54,0.08,14.7,Furniture,In-store,Not Returned,Low,1250.34,VIP
349104,Desk Lamp,32,2025-03-27 04:00,63.72,0.38,29.4,Furniture,In-store,Not Returned,Low,2039.04,VIP
734966,Blue Pen,-50,2025-03-27 08:00,-45.22,1.2992600365776417,,Furniture,In-store,Not Returned,High,2261.0,VIP
298737,T-shirt,18,2025-03-27 15:00,94.23,0.26,12.76,Furniture,Online,Not Returned,High,1696.14,VIP
388269,Blue Pen,26,2025-03-27 20:00,54.45,0.41,6.08,Furniture,Online,Not Returned,Low,1415.7,VIP
698684,Wall Clock,45,2025-03-29 08:00,25.28,0.47,16.47,Furniture,In-store,Not Returned,High,1137.6,VIP
522933,Wall Clock,46,2025-03-29 16:00,53.25,0.28,17.28,Furniture,In-store,Not Returned,Low,2449.5,VIP
759358,Backpack,13,2025-03-30 03:00,80.45,0.2,5.57,Furniture,In-store,Not Returned,High,1045.85,VIP
444286,White Mug,20,2025-03-31 11:00,85.16,0.3,7.91,Furniture,In-store,Not Returned,High,1703.1999999999998,VIP
170423,Wall Clock,32,2025-03-31 20:00,86.17,0.04,19.46,Furniture,Online,Not Returned,Medium,2757.44,VIP
893330,Office Chair,19,2025-04-01 12:00,68.44,0.28,16.43,Furniture,Online,Returned,Medium,1300.36,VIP
641916,White Mug,40,2025-04-02 03:00,71.78,0.09,8.63,Furniture,In-store,Not Returned,Low,2871.2,VIP
816097,White Mug,25,2025-04-02 19:00,82.62,0.4,17.89,Furniture,In-store,Not Returned,High,2065.5,VIP
905912,Notebook,48,2025-04-03 05:00,29.34,0.17,20.45,Furniture,Online,Not Returned,High,1408.32,VIP
617863,Wireless Mouse,47,2025-04-03 12:00,88.21,0.5,24.37,Furniture,In-store,Not Returned,Medium,4145.87,VIP
615643,Backpack,22,2025-04-03 13:00,51.04,0.22,22.53,Furniture,In-store,Not Returned,Low,1122.88,VIP
695503,Headphones,19,2025-04-04 10:00,55.02,0.14,13.2,Furniture,Online,Not Returned,Low,1045.38,VIP
560991,Blue Pen,48,2025-04-04 19:00,64.38,0.02,29.95,Furniture,Online,Not Returned,Low,3090.24,VIP
291733,Blue Pen,26,2025-04-05 20:00,74.04,0.45,7.26,Furniture,Online,Returned,Low,1925.04,VIP
552826,Wireless Mouse,30,2025-04-06 04:00,77.52,0.38,29.18,Furniture,In-store,Not Returned,High,2325.6,VIP
265408,Backpack,49,2025-04-06 14:00,79.59,0.47,26.92,Furniture,In-store,Not Returned,High,3899.91,VIP
104509,Wireless Mouse,49,2025-04-06 21:00,45.06,0.26,18.96,Furniture,In-store,Not Returned,Low,2207.94,VIP
707230,Wall Clock,41,2025-04-07 11:00,41.81,0.23,25.64,Furniture,In-store,Not Returned,Low,1714.21,VIP
592797,T-shirt,49,2025-04-08 16:00,32.37,0.4,29.56,Furniture,Online,Not Returned,High,1586.13,VIP
631658,Backpack,29,2025-04-08 18:00,80.68,0.31,5.41,Furniture,Online,Not Returned,Low,2339.7200000000003,VIP
501683,Office Chair,-16,2025-04-09 00:00,-86.72,1.047984867810676,,Furniture,Online,Not Returned,Low,1387.52,VIP
409748,Wireless Mouse,28,2025-04-09 15:00,82.63,0.43,12.02,Furniture,In-store,Not Returned,Medium,2313.64,VIP
329005,Wall Clock,35,2025-04-09 16:00,37.03,0.2,21.41,Furniture,In-store,Not Returned,High,1296.05,VIP
842723,Desk Lamp,36,2025-04-09 20:00,72.26,0.42,19.46,Furniture,Online,Not Returned,Medium,2601.36,VIP
912120,Blue Pen,41,2025-04-10 00:00,62.94,0.07,13.22,Furniture,In-store,Not Returned,Medium,2580.54,VIP
817779,White Mug,39,2025-04-10 11:00,87.02,0.27,28.49,Furniture,Online,Not Returned,Low,3393.78,VIP
482701,Desk Lamp,28,2025-04-10 18:00,44.49,0.03,13.27,Furniture,Online,Not Returned,Medium,1245.72,VIP
656840,Wall Clock,41,2025-04-11 02:00,74.12,0.24,15.75,Furniture,Online,Not Returned,Medium,3038.92,VIP
199819,Headphones,38,2025-04-11 14:00,68.01,0.18,21.18,Furniture,Online,Not Returned,Medium,2584.38,VIP
253359,USB Cable,30,2025-04-11 19:00,40.81,0.33,28.84,Furniture,Online,Not Returned,Low,1224.3000000000002,VIP
364210,Blue Pen,21,2025-04-12 00:00,85.82,0.18,19.22,Furniture,Online,Not Returned,High,1802.22,VIP
142779,T-shirt,25,2025-04-12 01:00,40.84,0.4,10.94,Furniture,Online,Not Returned,Low,1021.0,VIP
210962,Blue Pen,16,2025-04-12 09:00,70.16,0.3,12.06,Furniture,Online,Returned,Medium,1122.56,VIP
588784,Headphones,15,2025-04-12 13:00,81.28,0.02,9.96,Furniture,In-store,Not Returned,Medium,1219.2,VIP
421391,Desk Lamp,25,2025-04-13 11:00,71.41,0.05,5.99,Furniture,Online,Not Returned,Medium,1785.25,VIP
794584,Headphones,34,2025-04-13 17:00,73.86,0.22,16.99,Furniture,In-store,Not Returned,Low,2511.24,VIP
167975,USB Cable,42,2025-04-13 22:00,36.34,0.38,28.07,Furniture,In-store,Returned,Low,1526.2800000000002,VIP
565404,USB Cable,30,2025-04-16 02:00,90.31,0.21,8.83,Furniture,Online,Not Returned,Medium,2709.3,VIP
665538,Backpack,25,2025-04-16 06:00,41.7,0.18,29.01,Furniture,In-store,Not Returned,Low,1042.5,VIP
855573,Headphones,46,2025-04-16 08:00,43.44,0.08,13.87,Furniture,Online,Not Returned,Low,1998.24,VIP
467678,Wall Clock,47,2025-04-16 10:00,73.81,0.18,13.13,Furniture,In-store,Returned,Low,3469.07,VIP
657365,USB Cable,40,2025-04-16 18:00,49.5,0.1,29.3,Furniture,Online,Not Returned,Medium,1980.0,VIP
565362,White Mug,31,2025-04-18 14:00,56.39,0.22,26.86,Furniture,Online,Not Returned,High,1748.09,VIP
448453,T-shirt,21,2025-04-18 16:00,80.21,0.48,26.7,Furniture,Online,Not Returned,Low,1684.41,VIP
813227,T-shirt,39,2025-04-18 18:00,71.03,0.33,23.11,Furniture,Online,Not Returned,Low,2770.17,VIP
457869,Headphones,38,2025-04-18 23:00,32.32,0.07,28.84,Furniture,In-store,Not Returned,Medium,1228.16,VIP
333980,USB Cable,45,2025-04-19 08:00,58.08,0.39,25.39,Furniture,In-store,Not Returned,Medium,2613.6,VIP
406456,Headphones,46,2025-04-19 16:00,90.7,0.22,11.27,Furniture,Online,Not Returned,High,4172.2,VIP
502791,USB Cable,-31,2025-04-19 19:00,-86.99,0.17,,Furniture,Online,Not Returned,High,2696.69,VIP
442794,Notebook,36,2025-04-20 00:00,34.94,0.11,5.11,Furniture,In-store,Not Returned,High,1257.84,VIP
689786,Wall Clock,31,2025-04-20 12:00,78.43,0.41,26.72,Furniture,In-store,Not Returned,Medium,2431.3300000000004,VIP
858874,Office Chair,49,2025-04-21 00:00,67.99,0.21,26.06,Furniture,In-store,Not Returned,Low,3331.51,VIP
109527,Notebook,34,2025-04-21 08:00,71.15,0.0,7.76,Furniture,In-store,Not Returned,High,2419.1000000000004,VIP
741413,Wireless Mouse,31,2025-04-21 19:00,93.16,0.31,21.83,Furniture,In-store,Not Returned,Medium,2887.96,VIP
650621,T-shirt,26,2025-04-22 17:00,73.32,0.32,7.16,Furniture,Online,Returned,Low,1906.32,VIP
312511,Office Chair,-41,2025-04-23 12:00,-48.46,1.1657110603261478,,Furniture,In-store,Not Returned,Medium,1986.86,VIP
975571,Backpack,20,2025-04-23 22:00,77.02,0.23,9.75,Furniture,Online,Not Returned,Medium,1540.4,VIP
345139,Blue Pen,38,2025-04-23 23:00,95.25,0.42,11.24,Furniture,In-store,Not Returned,High,3619.5,VIP
769716,USB Cable,26,2025-04-24 07:00,94.9,0.18,10.05,Furniture,Online,Not Returned,High,2467.4,VIP
620155,Notebook,18,2025-04-24 23:00,97.38,0.19,16.27,Furniture,In-store,Not Returned,Medium,1752.84,VIP
896658,Blue Pen,45,2025-04-26 01:00,61.61,0.07,10.93,Furniture,In-store,Not Returned,Low,2772.45,VIP
583626,Headphones,45,2025-04-26 02:00,92.51,0.18,29.49,Furniture,In-store,Not Returned,Low,4162.95,VIP
114082,Desk Lamp,27,2025-04-26 10:00,57.12,0.27,24.52,Furniture,In-store,Not Returned,High,1542.24,VIP
245205,T-shirt,42,2025-04-26 13:00,90.73,0.28,25.97,Furniture,In-store,Not Returned,High,3810.66,VIP
621848,Backpack,26,2025-04-27 19:00,98.37,0.37,21.92,Furniture,In-store,Not Returned,High,2557.62,VIP
743933,Wall Clock,41,2025-04-27 20:00,24.56,0.15,9.13,Furniture,Online,Not Returned,High,1006.96,VIP
396579,Backpack,27,2025-04-28 01:00,48.06,0.13,8.42,Furniture,In-store,Not Returned,Medium,1297.62,VIP
627056,USB Cable,30,2025-04-28 05:00,66.69,0.08,9.26,Furniture,In-store,Not Returned,High,2000.7,VIP
568341,White Mug,29,2025-04-28 12:00,62.96,0.47,28.81,Furniture,Online,Not Returned,High,1825.84,VIP
324895,Blue Pen,33,2025-04-29 10:00,95.05,0.1,13.68,Furniture,Online,Not Returned,Medium,3136.65,VIP
887928,Office Chair,35,2025-04-29 15:00,69.93,0.24,21.41,Furniture,Online,Not Returned,High,2447.55,VIP
901586,Wall Clock,33,2025-04-29 16:00,63.86,0.03,28.68,Furniture,In-store,Not Returned,Low,2107.38,VIP
619989,Wireless Mouse,37,2025-04-29 17:00,50.28,0.38,5.83,Furniture,Online,Returned,Low,1860.36,VIP
682763,Headphones,42,2025-04-29 19:00,27.76,0.41,13.04,Furniture,In-store,Not Returned,Medium,1165.92,VIP
460396,Notebook,32,2025-04-30 07:00,87.79,0.08,8.21,Furniture,In-store,Not Returned,Low,2809.28,VIP
549790,Notebook,34,2025-04-30 16:00,74.87,0.07,21.24,Furniture,Online,Not Returned,Low,2545.58,VIP
935822,Headphones,30,2025-04-30 23:00,56.25,0.24,27.6,Furniture,Online,Returned,High,1687.5,VIP
768089,Blue Pen,46,2025-05-01 09:00,62.35,0.36,27.53,Furniture,Online,Not Returned,High,2868.1,VIP
245244,Notebook,35,2025-05-02 02:00,37.12,0.46,18.69,Furniture,Online,Not Returned,Low,1299.1999999999998,VIP
435949,Wireless Mouse,35,2025-05-02 10:00,58.69,0.46,7.9,Furniture,Online,Not Returned,High,2054.15,VIP
559976,Headphones,35,2025-05-02 15:00,48.5,0.4,19.85,Furniture,In-store,Not Returned,High,1697.5,VIP
884751,Wireless Mouse,30,2025-05-03 08:00,89.34,0.24,28.22,Furniture,Online,Returned,Low,2680.2000000000003,VIP
771755,T-shirt,27,2025-05-03 17:00,97.22,0.09,20.62,Furniture,Online,Not Returned,Medium,2624.94,VIP
459462,Office Chair,49,2025-05-04 02:00,44.35,0.25,5.95,Furniture,In-store,Not Returned,Low,2173.15,VIP
121823,Office Chair,15,2025-05-04 04:00,91.35,0.18,27.33,Furniture,In-store,Not Returned,High,1370.25,VIP
889870,Wall Clock,33,2025-05-04 20:00,76.39,0.1,26.44,Furniture,In-store,Not Returned,Low,2520.87,VIP
637460,Wireless Mouse,37,2025-05-04 23:00,86.06,0.02,14.85,Furniture,Online,Not Returned,Medium,3184.2200000000003,VIP
806663,T-shirt,28,2025-05-05 00:00,56.82,0.42,17.29,Furniture,Online,Not Returned,Medium,1590.96,VIP
988219,Wall Clock,35,2025-05-05 01:00,40.76,0.21,6.89,Furniture,Online,Not Returned,Low,1426.6,VIP
319331,T-shirt,44,2025-05-05 17:00,90.6,0.01,23.55,Furniture,Online,Not Returned,Medium,3986.4,VIP
438853,Wireless Mouse,35,2025-05-05 20:00,49.56,0.36,10.13,Furniture,In-store,Not Returned,Low,1734.6,VIP
409494,Headphones,28,2025-05-06 00:00,73.92,0.1,11.67,Furniture,In-store,Not Returned,Medium,2069.76,VIP
908425,USB Cable,41,2025-05-06 14:00,92.5,0.11,7.29,Furniture,In-store,Not Returned,High,3792.5,VIP
206390,T-shirt,25,2025-05-06 22:00,47.3,0.13,8.26,Furniture,Online,Not Returned,Medium,1182.5,VIP
105220,Headphones,44,2025-05-07 03:00,80.49,0.09,15.6,Furniture,Online,Not Returned,High,3541.56,VIP
876047,Wireless Mouse,45,2025-05-07 18:00,90.73,0.48,8.21,Furniture,Online,Not Returned,Medium,4082.85,VIP
967471,Notebook,-19,2025-05-08 05:00,-99.09,1.4044611797319997,,Furniture,In-store,Not Returned,Low,1882.71,VIP
529307,Blue Pen,29,2025-05-09 07:00,55.0,0.36,11.32,Furniture,Online,Not Returned,Medium,1595.0,VIP
885995,Blue Pen,34,2025-05-09 08:00,99.91,0.19,29.82,Furniture,In-store,Not Returned,High,3396.94,VIP
267776,Backpack,15,2025-05-10 19:00,99.01,0.49,6.38,Furniture,Online,Returned,High,1485.15,VIP
961626,Headphones,38,2025-05-10 21:00,61.44,0.4,6.37,Furniture,In-store,Not Returned,High,2334.72,VIP
750580,Headphones,20,2025-05-11 20:00,87.41,0.47,22.88,Furniture,In-store,Not Returned,Low,1748.1999999999998,VIP
936349,Office Chair,42,2025-05-11 22:00,75.19,0.43,28.39,Furniture,Online,Not Returned,Medium,3157.98,VIP
209419,Desk Lamp,48,2025-05-11 23:00,59.17,0.3,26.3,Furniture,In-store,Not Returned,High,2840.16,VIP
221352,Blue Pen,38,2025-05-12 11:00,58.28,0.24,22.15,Furniture,Online,Not Returned,Low,2214.64,VIP
446676,Notebook,17,2025-05-12 18:00,89.67,0.02,19.58,Furniture,Online,Not Returned,Medium,1524.39,VIP
604793,T-shirt,26,2025-05-13 10:00,42.35,0.09,23.04,Furniture,In-store,Not Returned,Medium,1101.1,VIP
316100,T-shirt,14,2025-05-13 14:00,89.89,0.39,6.08,Furniture,Online,Not Returned,Medium,1258.46,VIP
815947,White Mug,16,2025-05-13 21:00,95.26,0.29,19.92,Furniture,Online,Not Returned,High,1524.16,VIP
900005,Backpack,43,2025-05-13 23:00,58.71,0.28,28.19,Furniture,In-store,Not Returned,High,2524.53,VIP
630657,Wireless Mouse,26,2025-05-15 02:00,40.64,0.43,18.91,Furniture,Online,Not Returned,High,1056.64,VIP
855984,Office Chair,47,2025-05-15 11:00,71.43,0.27,15.71,Furniture,Online,Not Returned,Low,3357.2100000000005,VIP
577115,USB Cable,48,2025-05-15 20:00,85.82,0.18,23.35,Furniture,Online,Not Returned,High,4119.36,VIP
668324,Wall Clock,20,2025-05-15 22:00,67.15,0.16,12.84,Furniture,In-store,Not Returned,High,1343.0,VIP
990977,Desk Lamp,38,2025-05-16 02:00,30.82,0.32,7.57,Furniture,Online,Not Returned,Medium,1171.16,VIP
440878,Headphones,43,2025-05-17 03:00,69.58,0.38,24.78,Furniture,Online,Not Returned,Low,2991.94,VIP
876086,Headphones,14,2025-05-17 11:00,97.88,0.36,5.02,Furniture,In-store,Not Returned,Medium,1370.32,VIP
873804,White Mug,24,2025-05-17 23:00,97.66,0.13,28.24,Furniture,Online,Not Returned,High,2343.84,VIP
579906,Office Chair,47,2025-05-18 02:00,45.51,0.48,13.71,Furniture,In-store,Returned,High,2138.97,VIP
477940,T-shirt,41,2025-05-18 21:00,81.06,0.21,17.28,Furniture,In-store,Not Returned,Medium,3323.46,VIP
880343,Desk Lamp,39,2025-05-19 13:00,85.29,0.47,23.01,Furniture,In-store,Not Returned,Medium,3326.3100000000004,VIP
783168,Blue Pen,32,2025-05-19 22:00,31.44,0.48,14.74,Furniture,Online,Not Returned,Medium,1006.08,VIP
806150,Wireless Mouse,22,2025-05-21 01:00,52.62,0.45,18.7,Furniture,In-store,Not Returned,Medium,1157.64,VIP
209266,USB Cable,26,2025-05-21 23:00,86.34,0.14,11.53,Furniture,In-store,Not Returned,Medium,2244.84,VIP
574773,Headphones,47,2025-05-22 07:00,48.07,0.47,21.59,Furniture,Online,Not Returned,Medium,2259.29,VIP
295670,Notebook,13,2025-05-22 19:00,85.92,0.34,22.17,Furniture,In-store,Not Returned,Low,1116.96,VIP
116696,Desk Lamp,46,2025-05-23 06:00,75.86,0.36,19.5,Furniture,Online,Not Returned,Medium,3489.56,VIP
443440,Backpack,42,2025-05-23 13:00,93.06,0.34,6.63,Furniture,In-store,Not Returned,Medium,3908.52,VIP
554146,USB Cable,43,2025-05-23 19:00,81.63,0.06,21.54,Furniture,In-store,Not Returned,High,3510.09,VIP
904758,USB Cable,14,2025-05-23 21:00,85.1,0.29,8.87,Furniture,Online,Not Returned,Low,1191.4,VIP
139232,White Mug,20,2025-05-24 01:00,87.37,0.29,16.72,Furniture,In-store,Not Returned,Medium,1747.4,VIP
848865,Blue Pen,25,2025-05-24 07:00,97.66,0.01,13.93,Furniture,Online,Returned,High,2441.5,VIP
940860,Desk Lamp,40,2025-05-25 18:00,47.15,0.07,26.07,Furniture,In-store,Not Returned,Low,1886.0,VIP
834493,Notebook,22,2025-05-25 21:00,59.3,0.21,17.03,Furniture,Online,Not Returned,Low,1304.6,VIP
514031,T-shirt,47,2025-05-25 23:00,64.0,0.32,28.3,Furniture,In-store,Not Returned,High,3008.0,VIP
511687,Blue Pen,41,2025-05-26 19:00,84.55,0.2,8.58,Furniture,In-store,Not Returned,Medium,3466.55,VIP
103449,Office Chair,42,2025-05-27 17:00,61.95,0.46,5.41,Furniture,In-store,Not Returned,High,2601.9,VIP
637288,Blue Pen,34,2025-05-28 14:00,66.85,0.11,27.8,Furniture,In-store,Not Returned,High,2272.9,VIP
419109,T-shirt,26,2025-05-29 10:00,62.9,0.2,11.39,Furniture,Online,Not Returned,Low,1635.4,VIP
781608,Desk Lamp,32,2025-05-29 17:00,33.91,0.09,19.22,Furniture,Online,Not Returned,Low,1085.12,VIP
877373,Office Chair,13,2025-05-29 19:00,81.68,0.11,27.57,Furniture,Online,Not Returned,High,1061.84,VIP
710603,USB Cable,38,2025-05-29 20:00,67.83,0.2,7.47,Furniture,In-store,Not Returned,Medium,2577.54,VIP
158529,White Mug,39,2025-05-30 10:00,38.75,0.39,10.53,Furniture,In-store,Returned,Medium,1511.25,VIP
498906,Blue Pen,37,2025-05-30 22:00,33.41,0.31,22.23,Furniture,Online,Not Returned,High,1236.1699999999998,VIP
391626,Headphones,20,2025-05-31 11:00,63.25,0.01,11.82,Furniture,In-store,Not Returned,High,1265.0,VIP
133683,Notebook,40,2025-06-01 05:00,44.19,0.14,18.68,Furniture,In-store,Not Returned,High,1767.6,VIP
361731,T-shirt,30,2025-06-01 20:00,34.58,0.04,15.03,Furniture,In-store,Not Returned,Low,1037.4,VIP
351594,Notebook,17,2025-06-02 05:00,75.66,0.48,5.78,Furniture,Online,Not Returned,Low,1286.22,VIP
414716,USB Cable,36,2025-06-02 09:00,84.72,0.13,20.82,Furniture,Online,Not Returned,Medium,3049.92,VIP
422682,Office Chair,47,2025-06-02 11:00,54.51,0.49,6.9,Furniture,In-store,Not Returned,Low,2561.97,VIP
205518,Backpack,-42,2025-06-02 13:00,-96.22,0.21,,Furniture,Online,Not Returned,High,4041.24,VIP
837358,USB Cable,19,2025-06-03 06:00,68.67,0.38,26.04,Furniture,Online,Not Returned,High,1304.73,VIP
990677,USB Cable,26,2025-06-03 14:00,95.29,0.14,12.13,Furniture,In-store,Not Returned,Low,2477.54,VIP
550714,Desk Lamp,46,2025-06-03 15:00,25.87,0.32,9.82,Furniture,Online,Not Returned,Medium,1190.02,VIP
672617,Notebook,43,2025-06-03 17:00,48.08,0.32,24.56,Furniture,Online,Not Returned,Low,2067.44,VIP
656945,T-shirt,44,2025-06-03 21:00,56.03,0.33,5.08,Furniture,In-store,Not Returned,High,2465.32,VIP
511126,Wall Clock,23,2025-06-04 06:00,49.57,0.44,21.87,Furniture,In-store,Not Returned,High,1140.11,VIP
417873,T-shirt,47,2025-06-04 14:00,35.07,0.44,22.71,Furniture,In-store,Not Returned,Medium,1648.29,VIP
268602,USB Cable,34,2025-06-04 23:00,49.26,0.42,10.76,Furniture,In-store,Not Returned,Medium,1674.84,VIP
523438,Office Chair,26,2025-06-05 00:00,85.98,0.12,11.49,Furniture,Online,Not Returned,Low,2235.48,VIP
264806,Wall Clock,-29,2025-06-05 03:00,-51.7,1.2710098758897077,,Furniture,Online,Not Returned,Medium,1499.3000000000002,VIP
611769,White Mug,40,2025-06-05 14:00,73.38,0.07,20.76,Furniture,In-store,Not Returned,High,2935.2,VIP
284125,Office Chair,38,2025-06-06 04:00,45.51,0.27,7.1,Furniture,In-store,Not Returned,Medium,1729.38,VIP
565570,Notebook,42,2025-06-07 19:00,28.47,0.2,28.77,Furniture,Online,Not Returned,Low,1195.74,VIP
136994,Wireless Mouse,48,2025-06-08 03:00,93.46,0.38,20.94,Furniture,In-store,Not Returned,Low,4486.08,VIP
262750,Desk Lamp,18,2025-06-08 15:00,71.88,0.22,28.67,Furniture,Online,Returned,Low,1293.84,VIP
585746,T-shirt,44,2025-06-08 17:00,73.68,0.36,5.66,Furniture,Online,Not Returned,High,3241.92,VIP
899225,White Mug,49,2025-06-08 21:00,47.25,0.11,13.36,Furniture,Online,Not Returned,Medium,2315.25,VIP
154947,USB Cable,28,2025-06-09 12:00,73.04,0.23,8.44,Furniture,In-store,Not Returned,Medium,2045.12,VIP
256673,T-shirt,48,2025-06-10 05:00,85.17,0.23,23.46,Furniture,In-store,Not Returned,High,4088.16,VIP
672427,Wireless Mouse,27,2025-06-10 07:00,88.14,0.43,28.08,Furniture,Online,Not Returned,Medium,2379.78,VIP
768587,Wireless Mouse,34,2025-06-10 08:00,84.46,0.38,6.12,Furniture,Online,Returned,Medium,2871.64,VIP
587327,Notebook,36,2025-06-10 14:00,53.95,0.46,10.02,Furniture,In-store,Not Returned,Low,1942.2,VIP
996156,Notebook,22,2025-06-10 15:00,85.89,0.25,23.32,Furniture,Online,Not Returned,Low,1889.58,VIP
321000,White Mug,43,2025-06-10 18:00,58.68,0.2,25.21,Furniture,In-store,Not Returned,High,2523.24,VIP
256892,Office Chair,14,2025-06-11 03:00,93.21,0.38,11.38,Furniture,Online,Not Returned,Low,1304.9399999999998,VIP
626155,USB Cable,30,2025-06-11 06:00,85.76,0.31,16.12,Furniture,In-store,Not Returned,High,2572.8,VIP
536044,Desk Lamp,40,2025-06-12 01:00,40.74,0.49,29.5,Furniture,Online,Not Returned,Low,1629.6,VIP
317493,Office Chair,18,2025-06-13 00:00,79.34,0.42,11.05,Furniture,In-store,Not Returned,Low,1428.12,VIP
598488,Desk Lamp,27,2025-06-13 12:00,70.78,0.11,16.13,Furniture,Online,Returned,Low,1911.06,VIP
597025,Notebook,29,2025-06-14 02:00,95.55,0.08,15.05,Furniture,Online,Not Returned,Medium,2770.95,VIP
698766,Wall Clock,26,2025-06-14 04:00,82.66,0.12,24.31,Furniture,Online,Not Returned,High,2149.16,VIP
966469,Wireless Mouse,20,2025-06-14 14:00,70.79,0.28,24.12,Furniture,Online,Not Returned,Medium,1415.8000000000002,VIP
805605,T-shirt,-34,2025-06-14 21:00,-94.25,1.7045591098069792,,Furniture,In-store,Not Returned,High,3204.5,VIP
927138,Wireless Mouse,45,2025-06-15 02:00,72.99,0.01,17.01,Furniture,Online,Not Returned,Low,3284.55,VIP
368281,Desk Lamp,49,2025-06-15 12:00,32.52,0.14,23.75,Furniture,In-store,Not Returned,Medium,1593.4800000000002,VIP
397788,T-shirt,32,2025-06-15 13:00,33.49,0.37,9.76,Furniture,In-store,Not Returned,High,1071.68,VIP
228823,Wireless Mouse,38,2025-06-15 15:00,72.34,0.11,21.38,Furniture,In-store,Not Returned,Low,2748.92,VIP
674317,Wall Clock,48,2025-06-16 08:00,24.73,0.09,13.47,Furniture,In-store,Returned,High,1187.04,VIP
877092,Notebook,16,2025-06-16 22:00,63.22,0.04,23.6,Furniture,Online,Returned,Low,1011.52,VIP
751780,Blue Pen,41,2025-06-18 17:00,28.58,0.06,24.88,Furniture,Online,Not Returned,High,1171.78,VIP
815621,Blue Pen,37,2025-06-19 14:00,70.53,0.11,15.39,Furniture,Online,Not Returned,Medium,2609.61,VIP
920269,Blue Pen,45,2025-06-20 01:00,28.67,0.01,28.63,Furniture,In-store,Not Returned,Low,1290.15,VIP
890449,Headphones,21,2025-06-20 02:00,50.99,0.49,17.61,Furniture,In-store,Not Returned,Low,1070.79,VIP
872296,Headphones,37,2025-06-20 13:00,52.48,0.42,12.5,Furniture,In-store,Returned,Medium,1941.76,VIP
956117,Desk Lamp,47,2025-06-20 22:00,81.82,0.49,19.83,Furniture,Online,Not Returned,High,3845.54,VIP
454745,Blue Pen,44,2025-06-21 11:00,27.37,0.22,17.46,Furniture,Online,Not Returned,Low,1204.28,VIP
142446,White Mug,21,2025-06-21 16:00,49.6,0.21,6.25,Furniture,Online,Returned,Low,1041.6,VIP
541671,USB Cable,43,2025-06-22 05:00,34.57,0.28,8.99,Furniture,Online,Not Returned,High,1486.51,VIP
249018,Blue Pen,27,2025-06-22 16:00,75.37,0.43,27.15,Furniture,Online,Not Returned,Medium,2034.99,VIP
246112,Headphones,32,2025-06-23 01:00,97.45,0.22,29.55,Furniture,In-store,Not Returned,Medium,3118.4,VIP
860494,Desk Lamp,38,2025-06-23 14:00,28.16,0.05,9.66,Furniture,In-store,Not Returned,Low,1070.08,VIP
896447,White Mug,16,2025-06-23 15:00,94.24,0.44,13.09,Furniture,Online,Not Returned,High,1507.84,VIP
628107,Notebook,39,2025-06-24 14:00,88.89,0.14,6.39,Furniture,In-store,Not Returned,Medium,3466.71,VIP
111164,Backpack,16,2025-06-24 16:00,82.48,0.1,17.89,Furniture,Online,Not Returned,Low,1319.68,VIP
837371,Notebook,47,2025-06-24 18:00,70.2,0.33,6.66,Furniture,Online,Not Returned,High,3299.4,VIP
692937,Notebook,29,2025-06-25 19:00,56.96,0.03,5.34,Furniture,In-store,Not Returned,Low,1651.84,VIP
606035,White Mug,24,2025-06-26 10:00,85.67,0.04,17.78,Furniture,Online,Not Returned,Low,2056.08,VIP
989649,Desk Lamp,44,2025-06-27 03:00,41.2,0.11,27.32,Furniture,Online,Not Returned,Low,1812.8,VIP
231168,USB Cable,33,2025-06-27 07:00,91.62,0.29,7.21,Furniture,Online,Returned,Medium,3023.46,VIP
970315,USB Cable,43,2025-06-27 08:00,81.52,0.3,28.5,Furniture,Online,Not Returned,High,3505.36,VIP
458076,Backpack,47,2025-06-27 10:00,34.72,0.24,21.23,Furniture,Online,Not Returned,High,1631.84,VIP
466914,Blue Pen,21,2025-06-28 11:00,51.31,0.19,22.81,Furniture,In-store,Not Returned,High,1077.51,VIP
478102,Notebook,18,2025-06-28 19:00,84.46,0.24,10.7,Furniture,Online,Not Returned,Low,1520.28,VIP
191607,Notebook,-26,2025-06-29 01:00,-58.81,1.720223493036384,,Furniture,In-store,Not Returned,Low,1529.06,VIP
946648,White Mug,19,2025-06-29 18:00,81.28,0.18,11.83,Furniture,Online,Not Returned,High,1544.32,VIP
833662,T-shirt,44,2025-06-30 01:00,73.99,0.17,10.87,Furniture,In-store,Not Returned,Low,3255.56,VIP
734538,Wall Clock,27,2025-06-30 23:00,41.73,0.17,29.0,Furniture,Online,Returned,Low,1126.7099999999998,VIP
663029,Wall Clock,16,2025-07-02 05:00,99.36,0.07,8.31,Furniture,Online,Not Returned,Medium,1589.76,VIP
144169,Desk Lamp,14,2025-07-02 07:00,75.73,0.34,16.33,Furniture,In-store,Not Returned,Medium,1060.22,VIP
588843,White Mug,29,2025-07-02 20:00,48.36,0.5,16.34,Furniture,In-store,Not Returned,Low,1402.44,VIP
236647,USB Cable,35,2025-07-03 04:00,65.02,0.27,28.91,Furniture,In-store,Not Returned,Medium,2275.7,VIP
542810,Desk Lamp,46,2025-07-03 15:00,82.73,0.25,21.64,Furniture,In-store,Not Returned,Medium,3805.58,VIP
300050,Notebook,14,2025-07-04 05:00,84.69,0.23,7.77,Furniture,In-store,Returned,Low,1185.66,VIP
755385,Wall Clock,33,2025-07-04 11:00,55.05,0.01,17.07,Furniture,Online,Not Returned,Medium,1816.65,VIP
369899,Headphones,19,2025-07-04 17:00,75.76,0.5,6.03,Furniture,Online,Not Returned,High,1439.44,VIP
562647,Office Chair,36,2025-07-05 05:00,37.34,0.3,7.25,Furniture,Online,Returned,Low,1344.2400000000002,VIP
126831,Desk Lamp,40,2025-07-05 12:00,50.06,0.46,24.68,Furniture,Online,Not Returned,High,2002.4,VIP
218602,Backpack,43,2025-07-05 14:00,26.63,0.09,7.17,Furniture,Online,Not Returned,Low,1145.09,VIP
621332,Desk Lamp,19,2025-07-05 15:00,88.39,0.2,15.81,Furniture,In-store,Returned,High,1679.41,VIP
400499,Headphones,40,2025-07-05 22:00,72.17,0.23,23.3,Furniture,Online,Returned,Medium,2886.8,VIP
638360,Backpack,45,2025-07-06 10:00,98.75,0.15,23.84,Furniture,Online,Not Returned,High,4443.75,VIP
152832,Wireless Mouse,30,2025-07-06 14:00,80.96,0.45,28.62,Furniture,Online,Not Returned,Medium,2428.8,VIP
403110,USB Cable,46,2025-07-06 15:00,93.08,0.13,15.41,Furniture,In-store,Not Returned,High,4281.68,VIP
845735,Notebook,26,2025-07-06 22:00,93.73,0.01,26.74,Furniture,Online,Not Returned,Low,2436.98,VIP
190230,Headphones,21,2025-07-07 12:00,58.44,0.23,16.12,Furniture,In-store,Not Returned,High,1227.24,VIP
959182,Backpack,36,2025-07-07 13:00,99.84,0.01,18.16,Furniture,In-store,Not Returned,Low,3594.24,VIP
189591,Headphones,27,2025-07-07 17:00,60.54,0.12,22.02,Furniture,In-store,Not Returned,High,1634.58,VIP
883872,Desk Lamp,23,2025-07-07 20:00,94.75,0.28,17.46,Furniture,In-store,Not Returned,Medium,2179.25,VIP
261932,USB Cable,43,2025-07-09 03:00,82.29,0.49,18.65,Furniture,In-store,Not Returned,Low,3538.4700000000003,VIP
517540,Wall Clock,40,2025-07-09 07:00,97.59,0.48,9.29,Furniture,Online,Returned,Medium,3903.6,VIP
200494,Wall Clock,37,2025-07-09 09:00,87.94,0.06,13.42,Furniture,In-store,Not Returned,Low,3253.78,VIP
974913,Blue Pen,38,2025-07-10 09:00,47.9,0.26,24.59,Furniture,In-store,Not Returned,High,1820.2,VIP
778611,Wireless Mouse,23,2025-07-10 17:00,69.97,0.32,17.79,Furniture,In-store,Returned,Medium,1609.31,VIP
356632,T-shirt,39,2025-07-11 00:00,46.89,0.05,27.93,Furniture,In-store,Not Returned,High,1828.71,VIP
875886,White Mug,21,2025-07-11 18:00,58.62,0.05,19.7,Furniture,In-store,Not Returned,Medium,1231.02,VIP
303518,Wireless Mouse,35,2025-07-11 19:00,39.01,0.22,14.68,Furniture,Online,Not Returned,High,1365.35,VIP
259307,Blue Pen,29,2025-07-12 04:00,54.76,0.18,22.68,Furniture,Online,Returned,High,1588.04,VIP
244254,Office Chair,38,2025-07-12 10:00,57.26,0.27,14.61,Furniture,Online,Not Returned,High,2175.88,VIP
812320,Wall Clock,29,2025-07-12 13:00,74.59,0.12,21.2,Furniture,In-store,Not Returned,Low,2163.11,VIP
296037,Desk Lamp,33,2025-07-13 11:00,49.88,0.3,9.66,Furniture,In-store,Not Returned,Medium,1646.0400000000002,VIP
442462,USB Cable,21,2025-07-14 05:00,61.84,0.4,24.0,Furniture,Online,Not Returned,Low,1298.64,VIP
713347,White Mug,45,2025-07-14 08:00,84.36,0.18,13.24,Furniture,In-store,Not Returned,Medium,3796.2,VIP
794570,Blue Pen,46,2025-07-14 10:00,46.99,0.31,29.68,Furniture,In-store,Not Returned,Medium,2161.54,VIP
917885,USB Cable,42,2025-07-14 11:00,32.79,0.42,12.63,Furniture,Online,Returned,High,1377.18,VIP
498363,White Mug,25,2025-07-15 01:00,47.81,0.12,14.65,Furniture,Online,Not Returned,Low,1195.25,VIP
171220,Blue Pen,-24,2025-07-15 05:00,-66.39,0.05,,Furniture,Online,Not Returned,Low,1593.36,VIP
237812,Wall Clock,22,2025-07-15 10:00,80.95,0.42,19.94,Furniture,In-store,Not Returned,Medium,1780.9,VIP
132712,Desk Lamp,38,2025-07-15 11:00,27.76,0.24,29.28,Furniture,Online,Not Returned,High,1054.88,VIP
229443,Wireless Mouse,26,2025-07-15 19:00,96.96,0.02,16.35,Furniture,In-store,Not Returned,High,2520.96,VIP
267177,Office Chair,36,2025-07-15 22:00,41.09,0.5,6.22,Furniture,Online,Not Returned,Low,1479.2400000000002,VIP
778668,Wireless Mouse,40,2025-07-16 11:00,53.39,0.25,6.74,Furniture,Online,Not Returned,High,2135.6,VIP
106401,White Mug,46,2025-07-16 20:00,93.46,0.4,26.52,Furniture,In-store,Not Returned,Low,4299.16,VIP
369551,USB Cable,17,2025-07-18 05:00,96.49,0.48,25.19,Furniture,In-store,Not Returned,Medium,1640.33,VIP
923865,Notebook,-37,2025-07-18 06:00,-98.58,1.944044461741801,,Furniture,Online,Not Returned,Medium,3647.46,VIP
845547,Wireless Mouse,41,2025-07-19 08:00,42.47,0.34,26.03,Furniture,In-store,Not Returned,High,1741.27,VIP
594235,White Mug,39,2025-07-19 14:00,80.28,0.5,28.11,Furniture,In-store,Returned,High,3130.92,VIP
106286,White Mug,47,2025-07-20 14:00,77.9,0.1,7.31,Furniture,In-store,Not Returned,Low,3661.3,VIP
729272,Wireless Mouse,13,2025-07-21 00:00,96.73,0.48,19.44,Furniture,In-store,Not Returned,High,1257.49,VIP
751940,Backpack,32,2025-07-21 12:00,52.62,0.41,15.91,Furniture,In-store,Not Returned,Low,1683.84,VIP
136738,Wireless Mouse,28,2025-07-22 02:00,62.34,0.31,15.31,Furniture,Online,Not Returned,Low,1745.52,VIP
905286,Wall Clock,20,2025-07-22 06:00,87.62,0.2,22.66,Furniture,In-store,Not Returned,Low,1752.4,VIP
465218,Wireless Mouse,34,2025-07-23 02:00,38.2,0.08,14.94,Furniture,In-store,Not Returned,High,1298.8000000000002,VIP
881801,Wireless Mouse,39,2025-07-23 08:00,78.24,0.1,11.12,Furniture,In-store,Not Returned,Low,3051.36,VIP
524507,T-shirt,14,2025-07-25 02:00,74.92,0.19,24.94,Furniture,Online,Not Returned,Low,1048.88,VIP
712053,Desk Lamp,13,2025-07-25 05:00,92.62,0.33,22.93,Furniture,Online,Not Returned,Low,1204.06,VIP
876407,Notebook,44,2025-07-25 10:00,82.2,0.06,9.6,Furniture,Online,Returned,Medium,3616.8,VIP
661085,Desk Lamp,-47,2025-07-25 22:00,-82.16,1.844281726510241,,Furniture,In-store,Not Returned,High,3861.52,VIP
667435,Backpack,37,2025-07-26 01:00,99.4,0.05,8.76,Furniture,In-store,Not Returned,Low,3677.8,VIP
833708,T-shirt,41,2025-07-26 23:00,73.91,0.21,11.08,Furniture,Online,Not Returned,Low,3030.31,VIP
145081,Office Chair,28,2025-07-27 11:00,63.59,0.21,13.54,Furniture,In-store,Not Returned,Medium,1780.52,VIP
126634,Blue Pen,49,2025-07-27 16:00,46.74,0.18,18.17,Furniture,Online,Not Returned,Low,2290.26,VIP
191084,White Mug,15,2025-07-27 19:00,78.71,0.27,26.7,Furniture,In-store,Not Returned,Low,1180.65,VIP
946230,Desk Lamp,24,2025-07-27 22:00,75.12,0.4,25.52,Furniture,In-store,Not Returned,Medium,1802.88,VIP
222793,White Mug,36,2025-07-28 01:00,43.16,0.44,5.62,Furniture,In-store,Not Returned,Low,1553.7599999999998,VIP
571464,Desk Lamp,48,2025-07-28 12:00,70.92,0.16,29.36,Furniture,In-store,Not Returned,High,3404.16,VIP
153603,Desk Lamp,30,2025-07-28 16:00,49.92,0.49,21.82,Furniture,Online,Not Returned,Low,1497.6,VIP
461001,Wall Clock,23,2025-07-28 20:00,79.54,0.32,5.49,Furniture,Online,Not Returned,High,1829.42,VIP
884222,T-shirt,35,2025-07-28 21:00,79.1,0.15,16.1,Furniture,In-store,Not Returned,Medium,2768.5,VIP
207915,Backpack,29,2025-07-29 19:00,71.07,0.24,23.58,Furniture,Online,Not Returned,Low,2061.03,VIP
342051,USB Cable,34,2025-07-31 03:00,93.63,0.02,15.7,Furniture,Online,Not Returned,High,3183.42,VIP
921896,Headphones,36,2025-07-31 09:00,91.4,0.15,28.8,Furniture,In-store,Not Returned,High,3290.4,VIP
940151,Wall Clock,47,2025-07-31 21:00,54.49,0.45,15.88,Furniture,In-store,Not Returned,Low,2561.03,VIP
269159,Wireless Mouse,18,2025-08-01 09:00,81.57,0.04,10.37,Furniture,In-store,Not Returned,Medium,1468.2599999999998,VIP
781913,Headphones,41,2025-08-02 00:00,94.62,0.17,5.77,Furniture,Online,Not Returned,High,3879.42,VIP
443101,Backpack,44,2025-08-02 14:00,52.14,0.4,15.22,Furniture,Online,Not Returned,Low,2294.16,VIP
105224,Wall Clock,49,2025-08-02 17:00,78.29,0.16,10.32,Furniture,In-store,Not Returned,High,3836.210000000001,VIP
128094,Headphones,44,2025-08-04 19:00,57.24,0.03,9.04,Furniture,Online,Not Returned,Low,2518.56,VIP
269193,Wall Clock,27,2025-08-04 21:00,70.61,0.38,8.83,Furniture,Online,Not Returned,High,1906.47,VIP
354588,Wireless Mouse,38,2025-08-05 01:00,49.81,0.01,10.46,Furniture,Online,Not Returned,High,1892.78,VIP
839866,T-shirt,36,2025-08-05 15:00,94.88,0.06,22.9,Furniture,In-store,Not Returned,Medium,3415.68,VIP
430562,Office Chair,41,2025-08-06 02:00,70.23,0.12,21.57,Furniture,In-store,Not Returned,Medium,2879.4300000000003,VIP
706388,Headphones,44,2025-08-06 10:00,92.47,0.14,29.54,Furniture,In-store,Not Returned,Medium,4068.68,VIP
513735,Wall Clock,47,2025-08-06 14:00,50.53,0.41,12.03,Furniture,In-store,Not Returned,Medium,2374.91,VIP
815483,T-shirt,19,2025-08-06 18:00,98.42,0.05,14.07,Furniture,In-store,Not Returned,High,1869.98,VIP
258019,Desk Lamp,19,2025-08-06 20:00,84.4,0.18,22.51,Furniture,In-store,Not Returned,High,1603.6,VIP
893429,Wall Clock,29,2025-08-07 08:00,43.96,0.06,29.8,Furniture,In-store,Not Returned,Low,1274.84,VIP
425319,Desk Lamp,42,2025-08-08 04:00,26.01,0.16,25.77,Furniture,Online,Not Returned,Medium,1092.42,VIP
849742,Desk Lamp,37,2025-08-08 18:00,72.59,0.14,11.21,Furniture,In-store,Not Returned,Low,2685.83,VIP
152200,T-shirt,34,2025-08-08 20:00,90.53,0.0,14.76,Furniture,Online,Not Returned,High,3078.02,VIP
262661,Headphones,26,2025-08-08 22:00,67.62,0.48,24.84,Furniture,In-store,Returned,Low,1758.12,VIP
608896,Wireless Mouse,23,2025-08-10 14:00,87.99,0.49,10.87,Furniture,Online,Not Returned,Low,2023.77,VIP
203508,Blue Pen,32,2025-08-10 21:00,99.03,0.42,29.75,Furniture,In-store,Not Returned,Medium,3168.96,VIP
552676,Blue Pen,42,2025-08-10 22:00,47.32,0.12,12.9,Furniture,Online,Not Returned,High,1987.44,VIP
100181,Office Chair,33,2025-08-12 10:00,71.77,0.14,11.67,Furniture,Online,Not Returned,Low,2368.41,VIP
670363,Headphones,27,2025-08-13 11:00,85.01,0.07,23.93,Furniture,In-store,Not Returned,High,2295.27,VIP
510849,Headphones,18,2025-08-13 15:00,92.28,0.38,9.01,Furniture,Online,Not Returned,High,1661.04,VIP
421831,Wireless Mouse,48,2025-08-14 07:00,38.62,0.05,13.68,Furniture,Online,Not Returned,High,1853.76,VIP
700110,Wall Clock,49,2025-08-14 19:00,82.81,0.17,13.36,Furniture,Online,Not Returned,Low,4057.69,VIP
184277,Desk Lamp,39,2025-08-15 13:00,93.31,0.46,20.3,Furniture,In-store,Not Returned,High,3639.09,VIP
767370,Notebook,18,2025-08-15 14:00,66.29,0.48,5.72,Furniture,In-store,Not Returned,Medium,1193.22,VIP
267078,USB Cable,29,2025-08-15 15:00,85.15,0.44,20.59,Furniture,Online,Not Returned,Medium,2469.3500000000004,VIP
596163,Notebook,44,2025-08-16 04:00,82.52,0.2,27.0,Furniture,In-store,Not Returned,Medium,3630.88,VIP
783841,T-shirt,27,2025-08-16 06:00,78.42,0.3,7.41,Furniture,In-store,Not Returned,Medium,2117.34,VIP
186648,Blue Pen,47,2025-08-16 07:00,66.37,0.21,7.9,Furniture,Online,Not Returned,Low,3119.3900000000003,VIP
889842,Blue Pen,20,2025-08-16 09:00,57.11,0.04,10.26,Furniture,Online,Not Returned,High,1142.2,VIP
797264,Blue Pen,38,2025-08-17 00:00,45.38,0.43,6.79,Furniture,In-store,Not Returned,Low,1724.44,VIP
614772,USB Cable,26,2025-08-18 03:00,95.84,0.3,24.43,Furniture,Online,Not Returned,Low,2491.84,VIP
754462,T-shirt,29,2025-08-18 04:00,95.81,0.28,19.2,Furniture,In-store,Not Returned,Low,2778.49,VIP
185521,T-shirt,44,2025-08-18 08:00,83.05,0.04,20.99,Furniture,Online,Not Returned,Low,3654.2,VIP
360668,Desk Lamp,28,2025-08-19 07:00,76.7,0.07,7.28,Furniture,In-store,Not Returned,Low,2147.6,VIP
904283,Office Chair,-25,2025-08-19 12:00,-83.34,1.7014096788711517,,Furniture,Online,Returned,Low,2083.5,VIP
901620,Desk Lamp,46,2025-08-19 15:00,72.93,0.0,18.57,Furniture,Online,Not Returned,Medium,3354.78,VIP
864265,White Mug,49,2025-08-20 07:00,60.45,0.44,11.09,Furniture,In-store,Not Returned,Low,2962.05,VIP
914009,USB Cable,38,2025-08-21 01:00,41.93,0.17,20.57,Furniture,In-store,Not Returned,High,1593.34,VIP
663536,Wireless Mouse,47,2025-08-21 04:00,73.46,0.18,6.7,Furniture,In-store,Not Returned,Low,3452.62,VIP
189425,White Mug,19,2025-08-21 05:00,67.9,0.13,29.93,Furniture,Online,Not Returned,Medium,1290.1,VIP
688877,USB Cable,33,2025-08-21 23:00,92.85,0.15,5.66,Furniture,Online,Returned,Low,3064.05,VIP
768636,Headphones,42,2025-08-22 07:00,56.81,0.03,16.38,Furniture,In-store,Returned,Low,2386.02,VIP
231971,Backpack,34,2025-08-22 22:00,30.2,0.1,10.32,Furniture,In-store,Not Returned,High,1026.8,VIP
708531,T-shirt,37,2025-08-23 17:00,39.74,0.4,11.01,Furniture,In-store,Returned,Low,1470.38,VIP
670374,Wireless Mouse,18,2025-08-23 18:00,85.87,0.47,24.74,Furniture,In-store,Not Returned,Low,1545.66,VIP
531388,Notebook,47,2025-08-24 01:00,68.54,0.01,25.23,Furniture,Online,Not Returned,Low,3221.38,VIP
742505,Wireless Mouse,44,2025-08-26 02:00,59.59,0.27,21.51,Furniture,Online,Not Returned,High,2621.96,VIP
582702,Notebook,32,2025-08-26 18:00,83.21,0.31,23.93,Furniture,In-store,Not Returned,High,2662.72,VIP
870418,Backpack,17,2025-08-27 00:00,82.28,0.34,21.51,Furniture,In-store,Not Returned,High,1398.76,VIP
513046,Notebook,43,2025-08-27 10:00,76.8,0.41,9.86,Furniture,Online,Not Returned,Low,3302.4,VIP
959795,T-shirt,13,2025-08-27 14:00,99.7,0.29,24.96,Furniture,In-store,Not Returned,High,1296.1,VIP
741667,T-shirt,41,2025-08-27 15:00,55.71,0.44,26.84,Furniture,Online,Not Returned,Low,2284.11,VIP
388232,Office Chair,44,2025-08-27 19:00,23.98,0.41,26.63,Furniture,Online,Not Returned,High,1055.12,VIP
727593,Headphones,38,2025-08-27 22:00,36.16,0.13,15.29,Furniture,Online,Not Returned,Medium,1374.08,VIP
355420,Office Chair,-34,2025-08-28 17:00,-73.23,1.376160078068068,,Furniture,In-store,Not Returned,High,2489.82,VIP
483151,Wireless Mouse,35,2025-08-28 23:00,83.62,0.01,5.36,Furniture,In-store,Not Returned,Low,2926.7000000000003,VIP
765061,Notebook,41,2025-08-29 04:00,62.75,0.36,21.1,Furniture,In-store,Not Returned,Medium,2572.75,VIP
588038,White Mug,45,2025-08-29 08:00,75.06,0.1,13.8,Furniture,In-store,Not Returned,Medium,3377.7000000000003,VIP
368030,USB Cable,29,2025-08-29 10:00,82.06,0.36,11.79,Furniture,In-store,Not Returned,Low,2379.74,VIP
862209,Office Chair,37,2025-08-30 11:00,75.43,0.34,10.51,Furniture,In-store,Returned,Medium,2790.9100000000003,VIP
170719,USB Cable,37,2025-08-30 20:00,83.0,0.31,21.44,Furniture,In-store,Not Returned,Low,3071.0,VIP
164737,Headphones,45,2025-08-31 07:00,57.59,0.15,23.83,Furniture,Online,Not Returned,Low,2591.55,VIP
958671,Desk Lamp,25,2025-09-01 00:00,56.01,0.2,8.65,Furniture,Online,Not Returned,Low,1400.25,VIP
627306,Desk Lamp,26,2025-09-01 13:00,88.73,0.41,27.99,Furniture,Online,Not Returned,High,2306.98,VIP
298823,Desk Lamp,17,2025-09-01 14:00,96.99,0.35,26.57,Furniture,In-store,Not Returned,Low,1648.83,VIP
331303,T-shirt,22,2025-09-01 21:00,62.34,0.43,7.37,Furniture,Online,Not Returned,Low,1371.48,VIP
506770,Backpack,36,2025-09-02 00:00,32.22,0.45,10.77,Furniture,In-store,Not Returned,Medium,1159.92,VIP
939516,Wall Clock,49,2025-09-02 13:00,48.87,0.38,27.27,Furniture,In-store,Not Returned,Medium,2394.63,VIP
520459,USB Cable,31,2025-09-02 21:00,71.18,0.09,26.53,Furniture,In-store,Not Returned,Medium,2206.5800000000004,VIP
466964,USB Cable,28,2025-09-03 08:00,78.09,0.25,17.45,Furniture,In-store,Not Returned,Low,2186.52,VIP
418783,Wireless Mouse,49,2025-09-04 00:00,95.02,0.48,13.99,Furniture,In-store,Not Returned,Low,4655.98,VIP
465384,Blue Pen,28,2025-09-04 12:00,90.14,0.34,27.47,Furniture,Online,Not Returned,High,2523.92,VIP
177622,Office Chair,43,2025-09-05 03:00,85.25,0.2,16.26,Furniture,In-store,Not Returned,High,3665.75,VIP
