event_date,variant_id,gender,age,impressions,users,clicks,purchases,revenue
2010-12-03,control,M,40s,31,1,31.0,356.0,736.28
2010-12-05,test,M,50s,16,1,16.0,101.0,209.84
2010-12-06,test,M,50s,16,1,16.0,67.0,214.32
2010-12-09,test,M,20s,26,1,26.0,66.0,165.65000000000003
2010-12-10,test,F,40s,33,2,33.0,92.0,263.2999999999999
2010-12-14,control,F,20s,37,2,37.0,155.0,339.34999999999985
2011-01-11,test,M,50s,81,2,81.0,1290.0,1613.86
2011-01-12,control,F,50s,39,1,39.0,373.0,812.2500000000001
2011-01-16,test,M,50s,25,1,25.0,83.0,161.3
2011-01-21,control,M,40s,8,1,8.0,8.0,23.799999999999997
2011-01-25,test,F,50s,24,1,24.0,141.0,199.32999999999998
2011-01-27,test,F,20s,6,1,6.0,110.0,242.42000000000002
2011-01-28,test,M,30s,8,1,8.0,74.0,313.7
2011-01-31,test,F,40s,13,1,13.0,151.0,265.05
2011-02-10,test,M,40s,19,1,19.0,50.0,85.86
2011-02-15,test,F,30s,24,1,24.0,236.0,397.0399999999999
2011-02-17,control,F,40s,14,1,14.0,190.0,304.65999999999997
2011-02-21,test,M,50s,5,1,5.0,336.0,567.8399999999999
2011-02-21,control,F,40s,78,1,78.0,418.0,732.3600000000004
2011-02-22,control,F,20s,16,1,16.0,474.0,402.66
2011-02-22,control,F,30s,64,1,64.0,495.0,825.0400000000001
2011-02-23,control,F,50s,16,1,16.0,37.0,151.55
2011-02-23,test,F,50s,7,1,7.0,42.0,123.30000000000001
2011-02-24,control,M,40s,28,1,28.0,86.0,127.85999999999999
2011-03-03,control,F,30s,9,1,9.0,97.0,137.10000000000002
2011-03-03,control,F,20s,4,1,4.0,53.0,166.04
2011-03-04,test,M,30s,16,1,16.0,125.0,317.25
2011-03-04,test,M,20s,16,1,16.0,224.0,240.68
2011-03-15,control,F,50s,17,1,17.0,192.0,271.5
2011-03-20,control,M,50s,11,1,11.0,83.0,185.85
2011-03-21,control,M,20s,31,1,31.0,74.0,151.89999999999998
2011-03-30,test,M,40s,7,1,7.0,60.0,303.32
2011-03-31,test,M,40s,35,1,35.0,2271.0,3243.129999999999
2011-04-03,test,F,20s,12,1,12.0,364.0,280.56
2011-04-05,test,M,30s,22,1,22.0,45.0,114.64000000000001
2011-04-05,test,F,50s,16,1,16.0,202.0,316.0199999999999
2011-04-06,test,F,50s,12,1,12.0,26.0,72.9
2011-04-07,test,M,40s,22,1,22.0,152.0,188.13000000000002
2011-04-08,control,F,40s,11,1,11.0,63.0,183.15
2011-04-11,test,F,40s,5,1,5.0,52.0,134.8
2011-04-12,control,M,40s,27,1,27.0,194.0,355.77000000000004
2011-04-18,test,M,30s,14,1,14.0,6432.0,2949.1200000000003
2011-04-21,control,F,20s,24,2,24.0,164.0,456.39
2011-04-28,test,F,50s,20,1,20.0,228.0,331.18
2011-05-03,test,M,20s,15,1,15.0,135.0,494.84999999999997
2011-05-04,control,M,50s,27,3,27.0,512.0,948.9400000000002
2011-05-05,control,M,40s,19,2,19.0,171.0,375.5799999999999
2011-05-06,control,M,20s,26,2,26.0,520.0,816.1200000000001
2011-05-12,test,F,30s,20,1,20.0,160.0,375.56
2011-05-13,test,M,50s,7,1,7.0,102.0,309.6
2011-05-15,test,M,20s,66,2,66.0,129.0,272.53999999999974
2011-05-18,test,M,50s,24,1,24.0,223.0,380.9099999999999
2011-05-20,control,F,20s,26,1,26.0,519.0,814.95
2011-05-24,test,M,50s,114,3,114.0,1019.0,1786.190000000001
2011-05-24,control,F,40s,19,1,19.0,68.0,211.49999999999997
2011-05-25,control,F,50s,28,1,28.0,102.0,196.89999999999998
2011-05-26,test,M,20s,9,1,9.0,276.0,360.4800000000001
2011-05-31,control,M,50s,62,3,62.0,413.0,1136.77
2011-06-05,control,F,20s,69,2,69.0,477.0,893.7799999999999
2011-06-06,control,F,40s,32,3,32.0,213.0,507.4299999999999
2011-06-07,control,F,50s,19,1,19.0,139.0,418.44999999999993
2011-06-07,control,M,40s,18,1,18.0,296.0,450.4
2011-06-08,test,F,50s,16,2,16.0,397.0,300.19000000000005
2011-06-10,control,M,50s,20,3,20.0,380.0,687.7600000000001
2011-06-10,test,M,30s,14,1,14.0,55.0,149.89
2011-06-10,test,M,20s,4,1,4.0,25.0,147.75
2011-06-22,control,M,50s,16,1,16.0,429.0,335.87
2011-06-23,control,M,20s,16,1,16.0,145.0,276.93000000000006
2011-06-27,test,M,30s,9,1,9.0,292.0,310.12
2011-06-30,test,M,50s,31,1,31.0,287.0,530.47
2011-07-06,test,M,50s,8,2,8.0,341.0,682.7099999999999
2011-07-08,test,M,20s,27,1,27.0,95.0,185.81
2011-07-08,test,M,30s,29,2,29.0,427.0,523.6500000000001
2011-07-08,control,F,20s,16,2,16.0,114.0,280.72
2011-07-14,test,M,20s,72,1,72.0,865.0,2204.36
2011-07-18,test,F,30s,117,1,117.0,384.0,728.0600000000007
2011-07-20,control,F,20s,46,1,46.0,357.0,460.39000000000004
2011-07-20,control,F,30s,23,1,23.0,89.0,153.34000000000003
2011-07-26,control,M,20s,49,3,49.0,1319.0,1968.4700000000003
2011-07-27,test,F,40s,11,1,11.0,148.0,145.32
2011-07-27,control,F,40s,43,1,43.0,143.0,223.3899999999999
2011-07-29,test,F,30s,60,3,60.0,718.0,730.3500000000001
2011-07-29,test,M,40s,3,1,3.0,8.0,41.6
2011-08-05,test,M,30s,14,1,14.0,216.0,463.9
2011-08-11,control,M,50s,63,2,63.0,830.0,1136.0500000000002
2011-08-15,control,M,30s,41,1,41.0,1026.0,1221.3999999999999
2011-08-15,control,M,20s,30,1,30.0,455.0,626.0600000000001
2011-08-16,control,F,50s,8,1,8.0,44.0,166.60000000000002
2011-08-16,test,M,30s,18,1,18.0,365.0,600.66
2011-08-16,test,M,20s,19,1,19.0,452.0,613.9800000000001
2011-08-19,test,M,20s,3,1,3.0,24.0,94.80000000000001
2011-08-21,control,M,50s,106,3,106.0,650.0,928.3999999999994
2011-08-22,test,M,40s,121,2,121.0,774.0,1420.68
2011-08-24,control,M,30s,10,1,10.0,90.0,161.94000000000003
2011-08-31,test,M,20s,14,1,14.0,100.0,275.7
2011-09-11,test,M,40s,30,2,30.0,174.0,547.48
2011-09-11,test,F,30s,50,1,50.0,81.0,203.0800000000001
2011-09-12,test,M,40s,37,1,37.0,442.0,778.6499999999997
2011-09-14,test,F,40s,36,2,36.0,302.0,591.1
2011-09-14,test,M,20s,42,1,42.0,285.0,252.23000000000005
2011-09-14,test,M,30s,18,1,18.0,214.0,551.64
2011-09-15,test,F,20s,23,1,23.0,42.0,202.9
2011-09-15,test,F,30s,1,1,1.0,1.0,2033.1
2011-09-18,control,F,50s,11,1,11.0,218.0,757.7
2011-09-22,test,M,40s,133,5,133.0,1591.0,2493.9999999999995
2011-09-25,control,F,50s,189,4,189.0,1580.0,2079.510000000001
2011-10-05,test,M,40s,16,1,16.0,251.0,406.53000000000003
2011-10-09,control,M,50s,41,1,41.0,106.0,380.53
2011-10-10,test,F,50s,40,1,40.0,376.0,685.6
2011-10-11,control,M,30s,12,2,12.0,294.0,388.03999999999996
2011-10-12,test,M,50s,28,2,28.0,493.0,778.82
2011-10-13,control,M,50s,31,1,31.0,268.0,314.1499999999999
2011-10-13,test,M,40s,21,1,21.0,25.0,84.39999999999998
2011-10-14,test,F,50s,14,1,14.0,134.0,161.0
2011-10-18,control,F,30s,69,3,69.0,1122.0,1756.14
2011-10-18,control,F,20s,11,1,11.0,160.0,284.68
2011-10-19,test,F,50s,21,1,21.0,404.0,552.4
2011-10-27,control,F,40s,8,1,8.0,94.0,437.5
2011-10-28,control,M,30s,17,1,17.0,109.0,304.49
2011-10-28,control,M,20s,19,1,19.0,145.0,284.09
2011-10-31,control,F,50s,13,1,13.0,223.0,427.92999999999995
2011-11-06,test,M,50s,4,1,4.0,24.0,148.44000000000003
2011-11-07,control,M,50s,11,1,11.0,128.0,306.20000000000005
2011-11-08,control,F,20s,110,2,110.0,399.0,700.1000000000003
2011-11-08,test,M,50s,13,2,13.0,94.0,223.67999999999998
2011-11-09,control,M,20s,18,1,18.0,175.0,275.40999999999997
2011-11-09,control,M,30s,43,1,43.0,703.0,1296.37
2011-11-10,control,M,20s,152,5,152.0,1230.0,2376.5299999999997
2011-11-10,control,M,30s,22,1,22.0,275.0,256.05999999999995
2011-11-14,test,F,50s,223,5,223.0,1108.0,2126.690000000002
2011-11-15,control,F,20s,38,2,38.0,415.0,626.43
2011-11-15,control,F,30s,16,1,16.0,164.0,365.40000000000003
2011-11-16,control,F,50s,1,1,1.0,1.0,21.0
2011-11-20,control,F,30s,30,1,30.0,318.0,554.3400000000001
2011-11-20,control,F,20s,19,1,19.0,136.0,371.2
2011-11-21,test,M,30s,98,4,98.0,942.0,1273.2499999999998
2011-11-21,test,M,20s,12,2,12.0,537.0,619.0899999999999
2011-11-21,control,F,50s,18,1,18.0,82.0,362.48
2011-11-22,test,M,40s,119,1,119.0,329.0,695.1899999999996
2011-11-23,control,F,40s,113,2,113.0,684.0,1488.0400000000002
2011-11-23,test,M,50s,2,1,2.0,24.0,94.80000000000001
2011-11-27,test,F,40s,92,1,92.0,135.0,263.21
2011-11-28,control,M,40s,15,1,15.0,152.0,265.24
2011-11-29,test,M,40s,50,2,50.0,2126.0,3868.35
2011-11-29,test,F,50s,1,1,1.0,100.0,179.0
2011-12-01,control,M,50s,21,2,21.0,1461.0,1582.8500000000001
2011-12-01,test,F,40s,23,3,23.0,400.0,1084.54
2011-12-02,control,F,50s,22,1,22.0,39.0,124.83000000000001
2011-12-08,control,M,40s,2,1,2.0,12.0,34.68
2011-12-09,control,M,20s,55,2,55.0,786.0,1479.2799999999997
2010-12-06,control,F,50s,59,1,59.0,210.0,382.69000000000005
2010-12-08,control,M,20s,251,4,251.0,747.0,1603.8500000000022
2010-12-08,control,M,30s,3,1,3.0,148.0,225.0
2010-12-13,test,F,30s,22,2,22.0,169.0,704.9500000000002
2010-12-13,control,M,50s,37,1,37.0,772.0,1485.78
2010-12-15,control,F,50s,24,2,24.0,159.0,569.5699999999999
2010-12-17,test,F,20s,11,1,11.0,114.0,258.7
2010-12-19,control,M,50s,89,2,89.0,808.0,1312.92
2010-12-21,test,M,40s,5,1,5.0,26.0,221.27999999999997
2010-12-21,control,M,20s,38,2,38.0,1546.0,748.1700000000001
2011-01-07,control,M,20s,9,1,9.0,70.0,141.48000000000002
2011-01-07,control,M,30s,20,1,20.0,187.0,328.54
2011-01-09,test,F,50s,27,1,27.0,238.0,488.4600000000001
2011-01-13,control,F,20s,8,1,8.0,155.0,130.85
2011-01-13,control,F,30s,32,2,32.0,255.0,511.84000000000003
2011-01-13,test,F,30s,25,2,25.0,255.0,458.30999999999995
2011-01-13,test,F,20s,15,1,15.0,294.0,328.92
2011-01-26,test,F,30s,19,2,19.0,208.0,569.25
2011-01-26,test,F,20s,21,1,21.0,150.0,328.4
2011-01-28,control,M,20s,10,1,10.0,83.0,159.85000000000002
2011-02-01,test,M,50s,23,1,23.0,197.0,485.73
2011-02-03,control,M,50s,45,2,45.0,341.0,505.15000000000003
2011-02-04,control,M,40s,25,1,25.0,283.0,335.53000000000003
2011-02-06,test,F,50s,13,1,13.0,99.0,145.5
2011-02-08,control,M,50s,11,1,11.0,88.0,179.6
2011-02-15,test,M,50s,29,1,29.0,432.0,549.04
2011-02-16,test,F,50s,33,2,33.0,179.0,600.33
2011-02-17,control,M,50s,28,2,28.0,709.0,536.7
2011-02-17,test,M,50s,44,2,44.0,406.0,723.53
2011-03-02,control,F,30s,4,1,4.0,128.0,374.0
2011-03-07,control,M,50s,28,2,28.0,2502.0,2266.26
2011-03-07,control,F,40s,14,1,14.0,149.0,211.75
2011-03-07,test,M,40s,166,1,166.0,410.0,1281.37
2011-03-08,test,F,40s,55,2,55.0,742.0,1071.2199999999998
2011-03-09,test,M,50s,3,1,3.0,54.0,358.5
2011-03-15,test,F,50s,19,1,19.0,238.0,309.34
2011-03-16,test,F,40s,6,1,6.0,100.0,584.76
2011-03-16,control,M,50s,45,1,45.0,251.0,625.85
2011-03-20,control,F,50s,7,1,7.0,76.0,168.7
2011-03-22,control,M,50s,21,1,21.0,209.0,517.5499999999998
2011-03-23,control,F,20s,79,2,79.0,429.0,1037.9099999999999
2011-03-31,test,F,30s,37,1,37.0,115.0,212.99999999999997
2011-04-04,test,M,40s,59,2,59.0,107.0,546.4899999999997
2011-04-06,control,M,20s,46,2,46.0,589.0,881.9399999999997
2011-04-08,control,M,40s,14,1,14.0,105.0,247.95
2011-04-20,test,F,50s,3,2,3.0,40.0,142.2
2011-04-26,test,M,50s,18,1,18.0,251.0,319.27000000000004
2011-05-01,test,M,40s,33,1,33.0,149.0,388.21000000000004
2011-05-10,control,F,50s,22,1,22.0,252.0,344.85999999999996
2011-05-10,control,M,50s,45,1,45.0,105.0,250.21999999999994
2011-05-15,test,F,20s,23,1,23.0,36.0,63.440000000000005
2011-05-19,control,F,30s,14,2,14.0,145.0,417.40000000000003
2011-05-19,control,F,20s,7,1,7.0,50.0,141.54000000000002
2011-05-20,control,M,30s,94,3,94.0,372.0,943.9400000000002
2011-05-26,control,F,20s,36,2,36.0,86.0,210.87999999999994
2011-05-27,control,M,20s,18,1,18.0,328.0,373.04
2011-06-01,test,M,40s,7,1,7.0,78.0,153.3
2011-06-12,control,M,20s,57,1,57.0,260.0,274.74
2011-06-15,test,F,50s,9,1,9.0,46.0,112.10000000000001
2011-06-17,test,F,20s,19,1,19.0,192.0,832.02
2011-06-17,test,F,30s,10,1,10.0,174.0,379.22
2011-06-19,control,F,30s,39,3,39.0,552.0,653.07
2011-06-19,control,F,20s,2,1,2.0,100.0,535.0
2011-06-19,control,M,40s,11,1,11.0,131.0,223.74
2011-06-20,control,F,40s,58,2,58.0,649.0,1066.6300000000003
2011-06-24,test,F,50s,15,1,15.0,126.0,268.97
2011-06-26,control,M,20s,40,1,40.0,69.0,187.07000000000008
2011-06-30,control,M,50s,25,1,25.0,496.0,300.04
2011-07-01,control,M,20s,82,1,82.0,274.0,304.60999999999984
2011-07-06,control,M,20s,65,2,65.0,578.0,951.6700000000001
2011-07-12,control,M,50s,43,2,43.0,427.0,793.03
2011-07-13,test,M,20s,30,1,30.0,173.0,352.94000000000005
2011-07-14,test,F,40s,36,1,36.0,419.0,791.5699999999996
2011-07-17,control,F,50s,22,1,22.0,114.0,238.4
2011-07-18,control,M,40s,23,2,23.0,628.0,701.7000000000002
2011-07-20,test,F,50s,16,1,16.0,139.0,312.8999999999999
2011-07-21,test,F,30s,2,1,2.0,11.0,109.44999999999999
2011-07-21,test,F,20s,1,1,1.0,109.0,833.85
2011-07-25,control,M,50s,21,1,21.0,281.0,265.2699999999999
2011-07-25,test,F,40s,26,1,26.0,267.0,520.23
2011-07-28,control,M,50s,18,1,18.0,161.0,307.35
2011-07-28,test,M,30s,47,1,47.0,443.0,400.37
2011-07-31,control,F,40s,17,1,17.0,176.0,298.38000000000005
2011-08-05,control,F,50s,4,1,4.0,24.0,90.0
2011-08-09,test,F,50s,19,1,19.0,155.0,358.49
2011-08-14,control,M,20s,21,1,21.0,176.0,330.28000000000003
2011-08-15,control,F,40s,21,2,21.0,383.0,263.85
2011-08-15,test,M,30s,7,1,7.0,88.0,238.00000000000003
2011-08-17,test,M,20s,62,2,62.0,429.0,995.6099999999994
2011-08-17,test,M,30s,29,1,29.0,49.0,85.13000000000002
2011-08-22,control,M,20s,62,1,62.0,846.0,1417.4599999999998
2011-08-22,control,F,50s,55,2,55.0,504.0,756.4399999999999
2011-08-23,test,M,40s,51,1,51.0,374.0,526.72
2011-08-25,control,M,40s,9,1,9.0,35.0,80.18
2011-08-28,control,F,50s,37,1,37.0,188.0,352.23
2011-09-02,control,M,50s,38,2,38.0,164.0,195.22
2011-09-08,test,M,20s,3,1,3.0,160.0,186.32
2011-09-11,control,M,40s,15,1,15.0,252.0,331.56000000000006
2011-09-12,control,M,20s,30,2,30.0,998.0,1808.5800000000004
2011-09-12,control,M,30s,20,1,20.0,164.0,339.83000000000004
2011-09-15,control,M,50s,3,1,3.0,7.0,67.98
2011-09-16,control,M,20s,127,3,127.0,504.0,1060.54
2011-09-19,control,M,40s,22,1,22.0,192.0,344.99999999999994
2011-09-26,test,M,20s,15,1,15.0,100.0,399.15
2011-09-28,control,F,20s,13,1,13.0,113.0,311.99
2011-09-29,control,M,20s,30,3,30.0,1229.0,1431.81
2011-09-29,control,M,30s,58,2,58.0,633.0,1054.07
2011-09-29,test,M,20s,13,1,13.0,84.0,210.17999999999998
2011-10-04,control,F,20s,34,1,34.0,99.0,138.03000000000006
2011-10-11,test,M,50s,79,3,79.0,5963.0,10951.280000000002
2011-10-13,test,F,30s,60,2,60.0,226.0,587.1300000000002
2011-10-13,test,F,20s,32,1,32.0,52.0,192.35000000000002
2011-10-14,control,F,50s,25,1,25.0,291.0,459.53
2011-10-16,test,M,30s,50,2,50.0,275.0,641.4799999999999
2011-10-17,test,F,40s,5,1,5.0,85.0,330.63000000000005
2011-10-17,test,M,30s,13,1,13.0,67.0,131.94
2011-10-18,test,M,40s,78,2,78.0,709.0,1461.07
2011-10-18,test,F,50s,2,1,2.0,144.0,302.40000000000003
2011-10-18,control,M,40s,43,1,43.0,165.0,317.0
2011-10-19,control,M,40s,66,2,66.0,364.0,772.23
2011-10-20,control,F,30s,69,1,69.0,1047.0,2000.3300000000004
2011-10-23,test,F,30s,105,1,105.0,321.0,511.0499999999997
2011-10-25,test,F,40s,37,1,37.0,403.0,734.85
2011-10-30,test,F,20s,31,1,31.0,134.0,244.79999999999995
2011-10-31,test,F,50s,15,1,15.0,161.0,197.70999999999998
2011-10-31,control,M,50s,39,2,39.0,76.0,287.30000000000007
2011-11-01,control,M,50s,2,1,2.0,18.0,107.10000000000001
2011-11-02,test,F,20s,51,2,51.0,685.0,1035.2699999999998
2011-11-02,test,F,30s,143,3,143.0,486.0,956.1800000000007
2011-11-03,control,M,30s,25,2,25.0,184.0,421.4199999999999
2011-11-03,control,M,20s,18,3,18.0,395.0,1691.6500000000005
2011-11-06,test,F,50s,130,2,130.0,346.0,583.6399999999998
2011-11-07,control,F,40s,23,1,23.0,365.0,754.5000000000001
2011-11-09,control,F,40s,57,3,57.0,561.0,1249.2300000000002
2011-11-10,test,M,30s,11,1,11.0,94.0,226.60000000000002
2011-11-11,test,M,40s,19,1,19.0,131.0,202.31000000000003
2011-11-17,control,F,50s,122,1,122.0,272.0,336.54000000000013
2011-11-21,control,M,50s,114,2,114.0,556.0,820.6300000000001
2011-11-22,test,F,50s,19,1,19.0,58.0,114.14
2011-11-24,test,F,40s,12,1,12.0,187.0,220.20000000000005
2011-11-27,control,F,50s,24,2,24.0,274.0,636.1199999999999
2011-11-28,test,F,50s,67,2,67.0,737.0,536.7
2011-11-28,test,M,30s,74,2,74.0,1112.0,1073.2400000000002
2011-11-29,control,M,30s,23,1,23.0,342.0,642.9999999999999
2011-11-29,control,M,20s,80,4,80.0,2080.0,3564.0700000000006
2011-11-30,control,M,20s,18,1,18.0,270.0,441.04
2011-11-30,control,M,30s,3,1,3.0,244.0,363.88
2011-12-05,control,M,50s,95,6,95.0,1144.0,2273.9300000000003
2011-12-07,test,M,30s,8,1,8.0,80.0,110.79999999999998
2011-12-07,test,M,20s,50,1,50.0,136.0,194.94999999999996
2011-12-09,test,M,40s,12,1,12.0,365.0,389.21000000000004
2010-12-01,test,M,50s,8,1,8.0,1676.0,3702.12
2010-12-03,control,F,20s,25,1,25.0,64.0,122.15000000000002
2010-12-08,control,F,20s,19,2,19.0,299.0,586.45
2010-12-08,control,F,30s,30,1,30.0,190.0,692.9399999999999
2010-12-10,control,M,30s,47,2,47.0,243.0,503.01999999999975
2010-12-10,control,M,20s,14,1,14.0,131.0,311.95
2010-12-13,test,M,40s,88,3,88.0,579.0,1104.8599999999997
2010-12-14,control,M,20s,41,3,41.0,218.0,410.46999999999986
2010-12-14,control,M,30s,12,1,12.0,52.0,115.35
2010-12-15,control,M,30s,9,1,9.0,59.0,165.85
2010-12-15,control,M,20s,53,3,53.0,258.0,720.4700000000001
2010-12-16,test,M,50s,108,5,108.0,7793.0,10445.210000000003
2011-01-11,control,M,30s,27,1,27.0,308.0,425.1
2011-01-11,control,M,20s,54,2,54.0,178.0,315.37999999999994
2011-01-13,test,M,50s,17,2,17.0,555.0,961.1099999999999
2011-01-18,control,M,30s,5,1,5.0,96.0,69.6
2011-01-19,control,M,20s,60,3,60.0,646.0,763.94
2011-01-24,test,F,40s,25,1,25.0,78.0,163.04000000000002
2011-01-25,control,M,20s,41,3,41.0,1356.0,3070.2799999999997
2011-01-25,test,M,40s,3,1,3.0,52.0,157.4
2011-01-25,control,M,30s,34,1,34.0,162.0,389.90000000000003
2011-01-28,test,F,50s,31,1,31.0,301.0,524.57
2011-01-31,control,M,20s,76,3,76.0,765.0,1481.3000000000002
2011-01-31,test,M,30s,2,1,2.0,42.0,56.1
2011-01-31,test,M,20s,42,1,42.0,567.0,609.0100000000001
2011-01-31,control,M,30s,83,2,83.0,358.0,547.0499999999997
2011-02-02,control,M,30s,20,2,20.0,330.0,601.4599999999999
2011-02-03,test,F,30s,34,1,34.0,5880.0,6549.119999999999
2011-02-18,control,F,30s,32,1,32.0,151.0,214.04999999999998
2011-02-24,control,F,30s,6,1,6.0,32.0,105.20000000000002
2011-02-25,test,F,20s,19,1,19.0,179.0,371.39000000000004
2011-02-27,control,F,30s,21,2,21.0,308.0,539.1400000000001
2011-02-27,test,F,30s,29,1,29.0,64.0,258.40000000000003
2011-02-28,test,F,30s,87,2,87.0,331.0,913.8800000000002
2011-03-02,control,M,50s,24,1,24.0,67.0,150.82999999999998
2011-03-03,test,M,20s,49,3,49.0,561.0,1191.9099999999999
2011-03-03,control,M,40s,20,1,20.0,459.0,294.3299999999999
2011-03-06,test,M,30s,20,1,20.0,47.0,136.76999999999998
2011-03-08,test,M,50s,11,1,11.0,157.0,328.37
2011-03-09,control,F,20s,81,1,81.0,944.0,1576.36
2011-03-13,control,F,50s,58,2,58.0,395.0,430.50000000000017
2011-03-14,test,M,40s,118,2,118.0,335.0,899.0000000000001
2011-03-17,control,M,50s,43,3,43.0,521.0,1043.72
2011-03-18,control,F,30s,7,1,7.0,24.0,113.35
2011-03-21,test,F,30s,29,1,29.0,124.0,248.19999999999993
2011-03-22,test,M,20s,8,1,8.0,108.0,317.80000000000007
2011-03-24,control,F,30s,114,1,114.0,224.0,433.2899999999997
2011-03-24,control,F,20s,23,1,23.0,262.0,335.32000000000005
2011-03-27,test,F,20s,23,1,23.0,74.0,218.33999999999997
2011-03-31,control,F,50s,16,1,16.0,60.0,133.47
2011-04-05,control,F,20s,3,1,3.0,1296.0,259.20000000000005
2011-04-05,control,F,30s,21,2,21.0,148.0,328.42999999999995
2011-04-06,test,M,20s,1,1,1.0,1.0,39.95
2011-04-10,control,M,20s,71,2,71.0,582.0,1074.9399999999998
2011-04-10,control,F,50s,28,1,28.0,59.0,156.22
2011-04-10,control,M,30s,18,1,18.0,82.0,191.86
2011-04-26,test,F,50s,4,1,4.0,81.0,187.05
2011-05-01,control,F,40s,5,1,5.0,69.0,153.75
2011-05-08,control,F,20s,25,1,25.0,92.0,253.47
2011-05-08,control,F,30s,31,2,31.0,141.0,315.16999999999996
2011-05-10,test,F,40s,13,1,13.0,128.0,215.64999999999998
2011-05-11,test,M,50s,8,1,8.0,480.0,1262.3999999999999
2011-05-11,control,F,50s,30,1,30.0,276.0,574.4599999999999
2011-05-13,test,F,30s,105,3,105.0,782.0,1150.2100000000005
2011-05-16,test,F,50s,27,1,27.0,203.0,560.2700000000001
2011-05-26,test,F,50s,23,1,23.0,79.0,254.42000000000002
2011-05-27,test,F,30s,42,1,42.0,111.0,157.58
2011-06-02,control,M,20s,295,4,295.0,3661.0,11344.120000000003
2011-06-08,test,M,40s,34,2,34.0,576.0,992.27
2011-06-10,control,F,50s,13,1,13.0,212.0,178.21999999999997
2011-06-17,control,M,20s,19,2,19.0,1751.0,1690.4600000000003
2011-06-23,test,M,50s,44,1,44.0,554.0,473.81999999999994
2011-06-24,control,M,40s,31,1,31.0,413.0,634.7400000000002
2011-06-28,control,M,40s,66,1,66.0,460.0,1452.35
2011-07-05,control,F,50s,7,1,7.0,1342.0,1278.1
2011-07-07,control,M,40s,7,1,7.0,360.0,275.76
2011-07-08,test,F,50s,60,1,60.0,99.0,167.49999999999997
2011-07-15,control,F,20s,164,2,164.0,687.0,1431.39
2011-07-15,control,M,50s,46,2,46.0,258.0,417.26000000000005
2011-07-15,control,F,30s,33,1,33.0,73.0,187.39
2011-07-19,control,M,50s,126,6,126.0,1211.0,2505.8899999999994
2011-07-19,control,F,50s,23,1,23.0,174.0,483.0200000000001
2011-07-21,test,M,40s,31,2,31.0,394.0,902.2599999999998
2011-07-26,test,F,40s,38,1,38.0,646.0,490.9999999999999
2011-07-28,test,F,50s,21,1,21.0,542.0,305.00000000000006
2011-07-29,control,F,50s,30,1,30.0,260.0,520.1
2011-08-01,test,F,20s,13,1,13.0,122.0,498.47999999999996
2011-08-01,control,M,30s,32,1,32.0,153.0,206.69000000000003
2011-08-01,control,M,20s,5,1,5.0,916.0,687.0
2011-08-03,control,F,20s,3,1,3.0,648.0,162.0
2011-08-03,control,F,30s,28,1,28.0,332.0,767.0699999999999
2011-08-04,control,M,50s,4,2,4.0,1952.0,646.3199999999999
2011-08-07,test,M,50s,14,1,14.0,50.0,121.11000000000003
2011-08-09,control,M,20s,37,1,37.0,71.0,224.12000000000012
2011-08-10,control,M,20s,17,2,17.0,276.0,326.03000000000003
2011-08-12,control,F,30s,14,1,14.0,190.0,316.99
2011-08-14,test,M,20s,67,1,67.0,86.0,241.47999999999996
2011-08-16,control,M,40s,31,2,31.0,498.0,687.25
2011-08-18,test,M,50s,20,1,20.0,58.0,163.42000000000002
2011-08-19,control,F,50s,21,1,21.0,282.0,546.9000000000001
2011-08-23,test,F,40s,29,1,29.0,269.0,524.0999999999999
2011-08-24,control,F,30s,7,1,7.0,43.0,121.36999999999999
2011-08-26,test,F,20s,1,1,1.0,600.0,432.0
2011-08-30,test,F,20s,16,1,16.0,209.0,291.33000000000004
2011-08-31,control,M,20s,16,2,16.0,106.0,145.84999999999997
2011-09-08,test,F,40s,27,1,27.0,38.0,121.74000000000001
2011-09-09,control,F,20s,53,1,53.0,255.0,377.05999999999995
2011-09-13,control,F,20s,15,1,15.0,216.0,294.24
2011-09-13,test,M,20s,72,1,72.0,972.0,1079.4700000000003
2011-09-20,control,M,40s,2,1,2.0,216.0,228.95999999999998
2011-09-21,control,M,30s,21,1,21.0,235.0,307.18
2011-09-21,control,M,20s,14,1,14.0,279.0,597.4499999999999
2011-09-26,control,F,30s,7,1,7.0,88.0,116.12
2011-09-27,control,M,20s,39,3,39.0,630.0,1195.9199999999998
2011-09-28,test,M,50s,92,1,92.0,1225.0,1810.5100000000004
2011-09-29,control,F,30s,169,3,169.0,1354.0,1985.0400000000009
2011-09-29,control,F,20s,35,1,35.0,565.0,615.3900000000001
2011-10-06,test,M,30s,17,1,17.0,195.0,333.64
2011-10-06,control,F,50s,51,2,51.0,688.0,1438.6399999999999
2011-10-06,test,M,20s,10,1,10.0,454.0,530.1400000000001
2011-10-06,control,M,20s,264,2,264.0,1260.0,1955.53
2011-10-10,test,M,20s,57,2,57.0,697.0,1543.8400000000004
2011-10-10,control,F,30s,50,1,50.0,466.0,869.9799999999998
2011-10-10,control,F,20s,73,2,73.0,334.0,577.6000000000001
2011-10-12,control,F,50s,12,1,12.0,160.0,333.59999999999997
2011-10-17,control,M,20s,107,3,107.0,744.0,1662.0900000000006
2011-10-17,control,M,30s,55,1,55.0,200.0,225.59999999999994
2011-10-20,test,M,50s,80,2,80.0,741.0,933.1299999999995
2011-10-21,test,M,30s,13,1,13.0,76.0,526.0
2011-10-24,test,F,20s,14,1,14.0,24.0,53.76
2011-10-25,control,F,20s,45,2,45.0,369.0,850.3800000000001
2011-10-26,control,F,40s,20,1,20.0,400.0,308.59999999999997
2011-10-26,test,M,50s,18,2,18.0,366.0,710.18
2011-10-26,test,F,50s,239,1,239.0,921.0,1285.4799999999996
2011-10-27,test,F,20s,51,3,51.0,465.0,903.4099999999997
2011-10-27,test,F,30s,28,1,28.0,99.0,148.71999999999997
2011-10-30,control,M,50s,80,3,80.0,367.0,979.72
2011-11-01,test,F,20s,97,4,97.0,665.0,1182.3900000000006
2011-11-03,test,F,30s,63,3,63.0,4369.0,5942.159999999998
2011-11-04,control,F,50s,9,2,9.0,418.0,673.0999999999999
2011-11-06,control,F,20s,64,1,64.0,638.0,1303.1400000000006
2011-11-06,control,M,40s,169,4,169.0,1214.0,2266.350000000001
2011-11-06,control,F,30s,38,2,38.0,302.0,634.73
2011-11-07,test,M,50s,17,1,17.0,180.0,303.15999999999997
2011-11-08,control,M,50s,23,2,23.0,412.0,738.88
2011-11-11,test,F,40s,2,1,2.0,13.0,5.43
2011-11-14,control,F,20s,53,1,53.0,146.0,355.13999999999993
2011-11-15,test,M,40s,103,2,103.0,296.0,845.56
2011-11-17,test,F,30s,117,2,117.0,948.0,2502.539999999998
2011-11-17,test,F,20s,1,1,1.0,144.0,152.64
2011-11-20,test,M,30s,84,2,84.0,538.0,887.48
2011-11-20,test,M,20s,23,1,23.0,71.0,135.11
2011-11-27,control,M,50s,14,1,14.0,82.0,168.34
2011-11-28,control,F,50s,21,1,21.0,342.0,485.9599999999999
2011-11-30,test,F,20s,23,1,23.0,122.0,126.66000000000001
2011-11-30,test,F,30s,19,1,19.0,236.0,402.22
2011-12-02,test,F,50s,10,1,10.0,124.0,323.52000000000004
2011-12-02,control,M,20s,37,2,37.0,205.0,872.1700000000001
2011-12-02,control,M,30s,2,1,2.0,38.0,77.50000000000001
2011-12-05,test,F,50s,14,2,14.0,219.0,434.93999999999994
2011-12-06,control,F,20s,162,2,162.0,324.0,605.5600000000002
2011-12-07,test,F,40s,22,1,22.0,392.0,957.0600000000001
2011-12-08,test,M,20s,67,2,67.0,235.0,518.9100000000001
2010-12-01,control,M,20s,116,2,116.0,418.0,964.39
2010-12-01,control,M,30s,23,1,23.0,416.0,950.09
2010-12-02,control,M,50s,26,4,26.0,1669.0,1912.6000000000006
2010-12-02,control,F,40s,5,1,5.0,97.0,138.1
2010-12-07,control,F,40s,11,1,11.0,112.0,178.40000000000003
2010-12-07,test,F,20s,30,2,30.0,80.0,205.82
2010-12-07,test,F,30s,82,2,82.0,163.0,474.6999999999998
2010-12-08,test,F,40s,22,2,22.0,253.0,580.3500000000001
2010-12-08,test,M,50s,36,3,36.0,214.0,634.1
2010-12-20,test,F,30s,2,1,2.0,126.0,311.7
2011-01-05,test,F,40s,19,2,19.0,345.0,439.87
2011-01-07,test,M,50s,39,1,39.0,367.0,688.4499999999998
2011-01-09,test,M,20s,26,1,26.0,429.0,557.07
2011-01-12,control,M,20s,123,2,123.0,348.0,563.3099999999998
2011-01-14,test,F,20s,3,1,3.0,44.0,302.76
2011-01-20,control,F,50s,36,1,36.0,146.0,222.23999999999998
2011-01-24,control,F,40s,57,2,57.0,1041.0,1999.2200000000003
2011-01-26,control,M,50s,29,2,29.0,341.0,504.16999999999996
2011-02-01,control,M,20s,109,2,109.0,836.0,1153.43
2011-02-04,control,F,20s,23,1,23.0,47.0,123.78
2011-02-04,test,M,50s,8,1,8.0,756.0,1376.52
2011-02-06,control,F,50s,25,2,25.0,143.0,268.55
2011-02-07,test,M,40s,17,2,17.0,77.0,246.35000000000002
2011-02-09,test,M,20s,25,1,25.0,172.0,371.59999999999997
2011-02-13,test,F,30s,22,1,22.0,55.0,104.33000000000001
2011-02-15,control,M,30s,3,1,3.0,31.0,211.0
2011-02-15,control,M,20s,27,1,27.0,430.0,784.74
2011-02-18,control,M,40s,58,1,58.0,493.0,623.7800000000001
2011-02-20,test,F,40s,25,1,25.0,146.0,209.05
2011-02-23,test,M,20s,24,1,24.0,202.0,411.01999999999987
2011-02-23,test,M,30s,16,1,16.0,169.0,317.73
2011-02-28,control,M,50s,3,1,3.0,84.0,50.76
2011-03-01,control,F,50s,38,1,38.0,107.0,297.15999999999997
2011-03-01,test,F,40s,9,1,9.0,108.0,155.0
2011-03-01,test,M,50s,10,1,10.0,135.0,242.03
2011-03-08,control,F,30s,10,2,10.0,66.0,250.0
2011-03-08,control,F,20s,2,1,2.0,864.0,181.44
2011-03-10,test,F,20s,5,1,5.0,50.0,337.5
2011-03-10,test,F,30s,79,3,79.0,266.0,543.14
2011-03-10,control,F,40s,7,1,7.0,106.0,101.33999999999999
2011-03-11,test,F,40s,7,1,7.0,54.0,182.7
2011-03-14,test,F,30s,110,4,110.0,596.0,1341.280000000001
2011-03-16,test,M,40s,102,1,102.0,309.0,581.8900000000002
2011-03-17,control,F,50s,14,1,14.0,90.0,136.57
2011-03-17,test,F,30s,11,1,11.0,252.0,326.04
2011-03-24,test,M,30s,68,4,68.0,729.0,1332.170000000001
2011-03-28,test,F,30s,74,2,74.0,258.0,452.73999999999995
2011-03-28,control,F,40s,22,1,22.0,1310.0,2188.5
2011-03-29,test,F,20s,4,1,4.0,48.0,65.16000000000001
2011-03-29,test,F,30s,13,1,13.0,368.0,304.40000000000003
2011-03-29,control,F,20s,20,1,20.0,38.0,108.20000000000002
2011-03-29,test,M,30s,32,1,32.0,108.0,411.3300000000001
2011-03-30,control,F,50s,64,4,64.0,840.0,1131.2700000000004
2011-04-03,test,M,30s,10,1,10.0,19.0,146.99
2011-04-04,control,M,50s,36,1,36.0,169.0,583.87
2011-04-05,control,M,40s,5,2,5.0,34.0,540.4000000000001
2011-04-13,control,F,50s,39,2,39.0,220.0,343.15000000000003
2011-04-13,test,M,40s,9,1,9.0,315.0,490.05000000000007
2011-04-14,control,M,20s,25,2,25.0,910.0,964.67
2011-04-14,control,M,30s,14,1,14.0,100.0,205.8
2011-04-17,control,M,50s,29,1,29.0,123.0,175.27
2011-04-18,test,F,50s,19,3,19.0,322.0,656.2200000000003
2011-04-18,control,F,50s,21,1,21.0,1001.0,874.24
2011-04-19,test,M,20s,1,1,1.0,12.0,35.400000000000006
2011-04-19,test,M,30s,13,1,13.0,270.0,354.78000000000003
2011-04-19,control,F,40s,7,1,7.0,68.0,109.04
2011-04-20,control,F,50s,21,1,21.0,208.0,370.67999999999995
2011-04-21,control,M,50s,28,4,28.0,1984.0,1099.79
2011-04-26,control,M,40s,29,2,29.0,286.0,875.5399999999998
2011-05-03,control,M,50s,50,1,50.0,125.0,209.98999999999998
2011-05-09,control,M,20s,55,3,55.0,477.0,1266.7499999999998
2011-05-09,test,F,50s,59,3,59.0,675.0,919.4999999999999
2011-05-11,control,M,50s,75,1,75.0,859.0,1637.43
2011-05-12,control,F,20s,11,2,11.0,481.0,539.14
2011-05-17,test,M,20s,6,1,6.0,41.0,159.49
2011-05-17,test,M,30s,89,2,89.0,851.0,1634.4299999999994
2011-05-18,control,F,20s,15,3,15.0,288.0,496.30000000000007
2011-05-18,control,M,40s,3,1,3.0,162.0,205.74
2011-05-18,control,F,30s,80,2,80.0,171.0,566.26
2011-05-19,control,M,50s,20,2,20.0,232.0,503.6000000000001
2011-05-23,test,M,40s,45,1,45.0,434.0,1083.58
2011-05-23,control,F,20s,11,1,11.0,92.0,379.4
2011-05-24,test,F,40s,47,2,47.0,438.0,668.9300000000001
2011-05-25,test,F,20s,9,1,9.0,85.0,230.55
2011-05-26,control,M,30s,6,1,6.0,528.0,426.9599999999999
2011-05-26,control,M,20s,15,1,15.0,186.0,215.52000000000004
2011-05-27,test,M,50s,22,1,22.0,62.0,128.33
2011-05-29,test,F,30s,46,1,46.0,48.0,210.64999999999995
2011-05-31,control,F,50s,21,1,21.0,166.0,324.9200000000001
2011-06-03,control,M,20s,29,1,29.0,169.0,228.6299999999999
2011-06-06,control,M,20s,22,1,22.0,357.0,507.7
2011-06-07,test,M,40s,47,1,47.0,320.0,387.4200000000001
2011-06-10,test,F,40s,38,2,38.0,158.0,550.0499999999998
2011-06-12,test,F,40s,30,1,30.0,58.0,110.12
2011-06-13,control,M,20s,6,2,6.0,115.0,152.51999999999998
2011-06-13,test,M,20s,9,1,9.0,28.0,147.0
2011-06-13,test,M,30s,14,1,14.0,191.0,417.80000000000007
2011-06-16,control,F,20s,97,3,97.0,288.0,658.7899999999996
2011-06-16,control,F,30s,26,1,26.0,284.0,395.30000000000007
2011-06-17,control,F,20s,81,1,81.0,836.0,2060.0300000000007
2011-06-20,test,M,50s,20,2,20.0,205.0,548.94
2011-06-20,control,M,50s,20,1,20.0,211.0,484.0599999999999
2011-06-22,test,M,40s,40,3,40.0,2712.0,2208.53
2011-06-23,test,F,50s,34,2,34.0,285.0,585.34
2011-06-24,test,M,40s,1,1,1.0,3.0,119.85
2011-06-27,control,M,40s,21,1,21.0,72.0,154.15
2011-07-03,control,F,20s,10,1,10.0,178.0,145.79999999999998
2011-07-05,control,M,50s,26,3,26.0,313.0,485.06
2011-07-10,test,M,30s,49,1,49.0,61.0,115.72000000000003
2011-07-10,test,M,20s,24,1,24.0,69.0,111.22999999999999
2011-07-20,control,M,30s,5,1,5.0,248.0,464.71999999999997
2011-07-20,control,M,20s,32,2,32.0,1169.0,1446.8899999999996
2011-07-21,control,M,20s,34,1,34.0,260.0,460.6999999999999
2011-07-21,control,M,30s,13,1,13.0,206.0,189.26000000000002
2011-07-24,test,F,30s,98,4,98.0,5633.0,8833.080000000004
2011-07-27,control,M,40s,1,1,1.0,20.0,99.0
2011-08-04,test,F,20s,6,1,6.0,216.0,754.8000000000001
2011-08-07,control,M,20s,6,1,6.0,60.0,107.4
2011-08-07,control,M,30s,6,1,6.0,186.0,316.38
2011-08-08,test,M,30s,196,4,196.0,2424.0,4001.2499999999995
2011-08-11,test,F,50s,49,3,49.0,620.0,991.3800000000001
2011-08-14,test,F,30s,62,1,62.0,134.0,278.4599999999999
2011-08-17,control,M,50s,29,1,29.0,400.0,580.0799999999999
2011-08-19,test,F,30s,27,1,27.0,81.0,149.06
2011-08-21,test,F,20s,7,1,7.0,284.0,393.14
2011-08-21,test,F,30s,1,1,1.0,25.0,52.0
2011-08-23,control,F,30s,49,1,49.0,217.0,263.12999999999994
2011-08-23,control,F,20s,71,3,71.0,1032.0,1818.4499999999994
2011-08-26,test,M,40s,23,1,23.0,267.0,346.01
2011-08-31,test,F,30s,90,1,90.0,1151.0,4257.0599999999995
2011-08-31,test,F,20s,1,1,1.0,1000.0,340.0
2011-09-01,control,M,30s,3,1,3.0,14.0,75.3
2011-09-01,control,M,20s,6,1,6.0,846.0,576.74
2011-09-02,test,F,50s,36,2,36.0,111.0,284.92
2011-09-07,test,M,50s,20,2,20.0,620.0,1090.6000000000004
2011-09-09,control,M,50s,3,1,3.0,96.0,85.92
2011-09-09,test,M,20s,35,1,35.0,136.0,322.37
2011-09-16,control,F,50s,13,1,13.0,185.0,533.6
2011-09-21,test,M,30s,11,1,11.0,198.0,324.74
2011-09-21,control,F,40s,6,1,6.0,1100.0,1862.0
2011-09-22,test,F,40s,8,1,8.0,44.0,126.66
2011-09-25,control,M,30s,72,2,72.0,591.0,592.7599999999996
2011-09-27,test,F,50s,16,1,16.0,128.0,304.30000000000007
2011-09-28,test,F,40s,52,2,52.0,714.0,798.2600000000002
2011-09-29,test,F,40s,29,2,29.0,587.0,1393.99
2011-09-30,control,M,20s,26,3,26.0,757.0,484.66999999999996
2011-09-30,test,F,30s,19,1,19.0,268.0,317.9
2011-09-30,test,F,20s,3,1,3.0,2584.0,4488.0
2011-09-30,control,M,30s,52,1,52.0,181.0,253.7800000000001
2011-10-02,test,F,50s,75,1,75.0,646.0,743.7899999999997
2011-10-05,test,F,30s,113,2,113.0,15049.0,18432.15000000001
2011-10-05,test,F,20s,16,1,16.0,22.0,59.519999999999996
2011-10-09,test,M,30s,56,1,56.0,75.0,168.12000000000012
2011-10-10,control,M,40s,7,1,7.0,94.0,225.18
2011-10-14,test,M,40s,63,2,63.0,596.0,1131.2799999999997
2011-10-21,test,F,20s,11,1,11.0,201.0,1096.65
2011-10-21,control,M,20s,16,1,16.0,115.0,97.25
2011-10-21,control,M,30s,33,1,33.0,319.0,657.23
2011-10-21,test,F,30s,12,1,12.0,94.0,224.28
2011-10-23,test,M,50s,8,1,8.0,55.0,161.81
2011-10-24,control,M,40s,12,1,12.0,205.0,255.9
2011-10-24,test,M,50s,73,1,73.0,125.0,244.4500000000001
2011-11-01,control,F,30s,5,1,5.0,23.0,85.44999999999999
2011-11-01,test,M,40s,190,2,190.0,566.0,1128.5200000000007
2011-11-02,test,M,20s,42,2,42.0,149.0,494.38999999999993
2011-11-02,control,M,20s,41,2,41.0,1475.0,4147.27
2011-11-10,test,F,40s,34,3,34.0,546.0,1397.82
2011-11-13,test,F,30s,109,2,109.0,334.0,696.0600000000002
2011-11-13,test,F,20s,17,2,17.0,481.0,673.73
2011-11-13,control,F,50s,9,1,9.0,138.0,308.1
2011-11-14,control,M,30s,64,2,64.0,992.0,1222.12
2011-11-14,control,M,20s,7,2,7.0,534.0,997.9800000000001
2011-11-16,test,M,50s,92,1,92.0,930.0,1995.5600000000004
2011-11-20,test,F,40s,102,3,102.0,715.0,1427.8200000000004
2011-11-20,control,M,20s,20,1,20.0,182.0,285.56
2011-11-23,control,M,50s,64,3,64.0,715.0,1248.9600000000005
2011-11-23,test,F,20s,37,2,37.0,543.0,389.40999999999997
2011-11-23,test,F,30s,174,2,174.0,643.0,1623.41
2011-11-24,control,M,30s,2,1,2.0,384.0,279.35999999999996
2011-11-24,control,M,20s,79,6,79.0,1664.0,2920.1200000000013
2011-11-25,test,F,50s,9,1,9.0,41.0,138.55
2011-12-01,control,F,20s,21,2,21.0,262.0,714.0600000000002
2011-12-01,control,F,30s,19,2,19.0,196.0,402.29
2011-12-02,test,M,50s,76,1,76.0,230.0,309.5800000000001
2011-12-04,test,M,40s,15,1,15.0,72.0,262.68
2011-12-05,test,M,30s,40,3,40.0,681.0,632.31
2011-12-05,test,M,20s,40,2,40.0,670.0,1156.4399999999998
2011-12-06,control,M,30s,61,1,61.0,789.0,897.3499999999999
2011-12-06,control,M,20s,31,1,31.0,180.0,429.36
2011-12-06,test,M,40s,26,1,26.0,758.0,706.64
2011-12-07,control,M,40s,56,4,56.0,1206.0,1110.2199999999998
2011-12-08,control,F,50s,96,3,96.0,464.0,899.3299999999998
2010-12-02,test,F,40s,6,1,6.0,80.0,306.4
2010-12-02,test,M,40s,27,1,27.0,174.0,308.68
2010-12-05,test,M,20s,52,1,52.0,83.0,238.10999999999987
2010-12-05,test,M,30s,79,2,79.0,361.0,948.4999999999998
2010-12-06,test,M,20s,66,2,66.0,358.0,753.7600000000006
2010-12-06,test,M,30s,6,1,6.0,34.0,192.7
2010-12-09,test,F,20s,46,4,46.0,403.0,1399.9599999999996
2010-12-09,test,F,30s,110,3,110.0,378.0,725.6600000000007
2010-12-12,test,F,40s,33,2,33.0,201.0,362.2199999999999
2010-12-14,control,F,50s,46,1,46.0,63.0,151.65999999999997
2010-12-15,test,M,40s,22,1,22.0,83.0,209.64999999999998
2010-12-16,control,F,40s,26,2,26.0,294.0,613.4400000000002
2010-12-17,control,M,30s,20,1,20.0,197.0,311.1900000000001
2010-12-17,control,M,20s,26,3,26.0,441.0,1134.8899999999996
2011-01-05,test,M,20s,2,1,2.0,216.0,199.44
2011-01-05,test,M,30s,28,1,28.0,571.0,417.81000000000006
2011-01-09,control,F,50s,16,1,16.0,64.0,146.54999999999998
2011-01-12,control,F,20s,52,1,52.0,181.0,438.66999999999996
2011-01-16,test,M,20s,1,1,1.0,48.0,69.6
2011-01-17,control,F,50s,8,1,8.0,111.0,146.85
2011-01-23,test,F,30s,41,2,41.0,125.0,371.1900000000001
2011-01-25,test,F,20s,24,1,24.0,316.0,636.9400000000002
2011-01-28,test,M,50s,22,1,22.0,614.0,1131.0
2011-02-01,test,F,30s,16,2,16.0,53.0,251.95
2011-02-02,test,F,40s,4,1,4.0,111.0,349.89000000000004
2011-02-03,test,M,50s,31,1,31.0,171.0,617.25
2011-02-07,control,F,40s,55,2,55.0,460.0,719.8600000000004
2011-02-08,test,F,30s,19,1,19.0,57.0,150.25999999999996
2011-02-10,control,F,20s,43,3,43.0,4936.0,1490.6999999999998
2011-02-10,control,F,30s,8,1,8.0,53.0,160.15000000000003
2011-02-13,control,F,30s,26,1,26.0,211.0,401.0
2011-02-21,test,M,20s,16,1,16.0,264.0,504.7199999999999
2011-02-22,test,F,40s,2,1,2.0,144.0,364.32
2011-02-22,control,F,50s,28,1,28.0,105.0,373.73999999999995
2011-02-23,control,F,20s,8,1,8.0,76.0,185.00000000000003
2011-02-23,test,F,20s,8,2,8.0,792.0,917.04
2011-02-23,control,F,30s,20,1,20.0,98.0,499.6999999999999
2011-03-02,test,F,20s,1,1,1.0,150.0,1642.5
2011-03-02,test,F,30s,16,1,16.0,41.0,382.0999999999999
2011-03-04,control,F,50s,22,1,22.0,289.0,387.31000000000006
2011-03-04,control,M,40s,23,2,23.0,300.0,411.4
2011-03-04,test,F,40s,15,1,15.0,131.0,222.99
2011-03-07,test,F,40s,14,1,14.0,74.0,217.2
2011-03-14,control,M,20s,40,1,40.0,1717.0,2420.9500000000003
2011-03-14,control,M,30s,33,1,33.0,326.0,571.0600000000001
2011-03-15,test,M,40s,3,1,3.0,180.0,363.40000000000003
2011-03-23,test,F,50s,6,1,6.0,350.0,147.0
2011-03-30,control,M,40s,36,2,36.0,491.0,656.0700000000002
2011-04-03,test,F,50s,27,1,27.0,151.0,244.5
2011-04-05,test,M,50s,5,1,5.0,269.0,367.0
2011-04-05,test,F,30s,67,1,67.0,220.0,226.05999999999997
2011-04-08,test,F,40s,24,1,24.0,216.0,449.6400000000001
2011-04-15,test,F,20s,19,1,19.0,166.0,760.1000000000001
2011-04-15,control,M,40s,3,1,3.0,68.0,277.56
2011-04-15,test,F,30s,11,1,11.0,77.0,142.16000000000003
2011-04-19,test,F,40s,130,1,130.0,251.0,489.0499999999999
2011-04-21,control,F,50s,18,1,18.0,101.0,341.58
2011-04-28,test,F,20s,36,1,36.0,151.0,495.5400000000001
2011-04-28,test,M,40s,28,1,28.0,487.0,440.0
2011-05-03,test,M,50s,39,3,39.0,522.0,9133.99
2011-05-04,control,M,20s,14,2,14.0,296.0,607.4199999999998
2011-05-04,control,M,30s,23,1,23.0,138.0,397.68000000000006
2011-05-06,control,M,50s,13,3,13.0,917.0,1672.7699999999998
2011-05-08,control,M,40s,38,2,38.0,178.0,401.32000000000005
2011-05-13,test,M,30s,15,1,15.0,36.0,147.58
2011-05-15,test,M,50s,16,1,16.0,70.0,127.45000000000002
2011-05-18,test,M,20s,33,2,33.0,203.0,652.4399999999998
2011-05-18,test,M,30s,39,2,39.0,357.0,1177.5399999999997
2011-05-19,test,M,40s,57,1,57.0,210.0,595.7000000000002
2011-05-20,test,M,40s,39,1,39.0,336.0,968.5000000000002
2011-05-22,control,F,30s,5,1,5.0,32.0,111.4
2011-05-26,test,M,50s,2,1,2.0,18.0,48.1
2011-05-31,control,M,20s,4,1,4.0,32.0,74.96
2011-05-31,control,M,30s,15,2,15.0,98.0,259.0
2011-05-31,test,M,50s,42,1,42.0,364.0,906.3999999999999
2011-06-01,control,M,20s,9,1,9.0,89.0,90.74999999999999
2011-06-01,control,M,30s,17,1,17.0,64.0,122.74000000000001
2011-06-03,test,F,40s,15,1,15.0,329.0,419.79999999999995
2011-06-05,control,M,40s,29,1,29.0,32.0,116.09
2011-06-05,control,F,50s,31,3,31.0,554.0,878.6399999999998
2011-06-07,control,F,20s,1,1,1.0,4.0,34.0
2011-06-07,control,F,30s,72,2,72.0,259.0,273.44
2011-06-08,test,F,30s,135,3,135.0,735.0,1064.6000000000006
2011-06-10,test,M,50s,5,2,5.0,364.0,838.0
2011-06-15,test,M,40s,35,1,35.0,146.0,340.28
2011-06-22,control,M,30s,2,1,2.0,144.0,332.16
2011-06-22,control,M,20s,4,1,4.0,7.0,33.16
2011-06-23,control,M,50s,1,1,1.0,3.0,14.85
2011-06-27,test,M,50s,8,1,8.0,488.0,1116.0
2011-06-28,test,M,40s,123,2,123.0,449.0,935.1500000000003
2011-06-30,test,M,20s,118,2,118.0,1115.0,2990.579999999999
2011-06-30,test,M,30s,29,1,29.0,94.0,131.06
2011-07-01,test,M,20s,80,2,80.0,785.0,1257.83
2011-07-03,control,M,50s,38,2,38.0,286.0,606.1500000000001
2011-07-05,test,F,20s,11,1,11.0,94.0,214.80000000000004
2011-07-06,test,M,20s,5,1,5.0,34.0,108.39999999999999
2011-07-07,control,F,30s,50,2,50.0,849.0,1309.21
2011-07-07,control,F,20s,3,1,3.0,98.0,253.7
2011-07-08,test,M,50s,2,1,2.0,224.0,438.0
2011-07-08,control,F,50s,20,2,20.0,271.0,387.78999999999996
2011-07-11,test,M,40s,19,1,19.0,157.0,307.97
2011-07-12,test,F,40s,41,1,41.0,334.0,393.3100000000002
2011-07-15,test,F,30s,31,1,31.0,72.0,180.8
2011-07-18,control,F,40s,13,1,13.0,143.0,314.15000000000003
2011-07-20,control,F,50s,88,2,88.0,497.0,794.5999999999995
2011-07-20,test,M,40s,95,1,95.0,316.0,384.9999999999997
2011-07-24,control,M,40s,22,2,22.0,740.0,748.06
2011-07-26,control,M,50s,24,1,24.0,277.0,427.23
2011-07-29,control,M,50s,19,1,19.0,204.0,362.0
2011-08-01,control,F,40s,3,1,3.0,30.0,57.3
2011-08-02,control,M,20s,15,1,15.0,222.0,189.94
2011-08-03,test,M,40s,54,2,54.0,637.0,905.5899999999999
2011-08-05,test,M,50s,13,1,13.0,1163.0,2017.92
2011-08-05,control,M,20s,153,2,153.0,915.0,1589.1900000000003
2011-08-11,control,M,20s,15,1,15.0,108.0,252.62
2011-08-15,control,M,50s,12,2,12.0,168.0,558.7400000000002
2011-08-16,test,M,50s,4,1,4.0,48.0,48.0
2011-08-16,control,F,30s,1,1,1.0,480.0,201.6
2011-08-18,control,M,30s,27,2,27.0,219.0,259.77
2011-08-18,control,M,20s,86,1,86.0,1154.0,1964.8500000000004
2011-08-19,test,M,50s,18,2,18.0,35.0,120.36000000000001
2011-08-21,test,M,30s,22,1,22.0,236.0,400.2200000000001
2011-08-24,control,M,50s,140,3,140.0,561.0,1176.7
2011-08-25,control,F,40s,18,1,18.0,134.0,308.2
2011-08-25,test,M,20s,17,1,17.0,124.0,338.54
2011-08-30,test,M,50s,8,1,8.0,69.0,165.43
2011-09-07,control,M,50s,62,2,62.0,820.0,1351.0200000000004
2011-09-12,test,F,40s,21,1,21.0,292.0,330.9200000000001
2011-09-15,test,F,50s,7,1,7.0,82.0,151.49999999999997
2011-09-18,control,F,20s,14,1,14.0,203.0,305.06999999999994
2011-09-20,test,M,40s,92,2,92.0,495.0,885.2900000000001
2011-09-23,test,F,20s,29,1,29.0,338.0,511.82
2011-09-23,test,F,30s,87,1,87.0,227.0,459.34
2011-09-25,control,F,30s,6,1,6.0,298.0,438.32
2011-09-25,control,F,20s,23,1,23.0,490.0,329.34000000000003
2011-10-05,control,F,40s,68,1,68.0,208.0,745.3700000000002
2011-10-07,control,F,40s,7,1,7.0,15.0,89.85000000000001
2011-10-09,control,M,30s,37,1,37.0,356.0,364.5899999999999
2011-10-10,test,F,30s,97,2,97.0,569.0,763.15
2011-10-10,test,F,20s,91,3,91.0,518.0,1157.800000000001
2011-10-11,control,M,50s,68,3,68.0,535.0,1047.0099999999998
2011-10-12,test,F,40s,3,1,3.0,44.0,146.0
2011-10-12,test,M,30s,23,1,23.0,220.0,477.55
2011-10-13,control,M,20s,72,2,72.0,552.0,950.0799999999996
2011-10-13,control,M,30s,138,1,138.0,444.0,579.2199999999999
2011-10-14,test,F,20s,1,1,1.0,300.0,108.0
2011-10-14,test,F,30s,108,2,108.0,624.0,1892.2199999999998
2011-10-18,control,F,50s,65,2,65.0,294.0,508.4399999999999
2011-10-19,test,F,20s,6,1,6.0,578.0,620.04
2011-10-19,test,F,30s,110,4,110.0,1449.0,2099.9000000000005
2011-10-28,test,F,40s,1,1,1.0,1.0,39.95
2011-10-28,control,M,50s,55,2,55.0,879.0,2009.5200000000002
2011-11-06,test,M,20s,71,1,71.0,237.0,445.90999999999985
2011-11-06,test,M,30s,11,1,11.0,106.0,237.57000000000002
2011-11-07,control,M,30s,47,2,47.0,227.0,464.1
2011-11-07,test,F,40s,28,2,28.0,354.0,896.8800000000002
2011-11-08,control,F,50s,50,2,50.0,387.0,609.37
2011-11-08,test,M,20s,22,2,22.0,243.0,372.13
2011-11-08,test,M,30s,6,1,6.0,54.0,101.64000000000001
2011-11-09,test,M,40s,113,3,113.0,2101.0,3815.250000000001
2011-11-09,control,M,50s,106,2,106.0,398.0,470.4399999999999
2011-11-14,test,F,20s,38,2,38.0,673.0,606.69
2011-11-15,control,F,50s,19,2,19.0,389.0,878.6300000000001
2011-11-16,control,F,30s,29,1,29.0,143.0,319.86
2011-11-16,control,F,20s,48,2,48.0,204.0,464.05999999999983
2011-11-17,test,M,40s,88,3,88.0,741.0,1988.58
2011-11-18,control,M,40s,42,3,42.0,293.0,679.45
2011-11-20,control,F,50s,3,1,3.0,28.0,52.2
2011-11-21,control,F,30s,12,2,12.0,72.0,168.08
2011-11-22,control,F,40s,21,1,21.0,111.0,238.40999999999997
2011-11-23,test,M,20s,48,1,48.0,441.0,852.81
2011-11-23,test,M,30s,28,1,28.0,219.0,348.3800000000001
2011-11-29,test,F,20s,22,2,22.0,357.0,655.1999999999998
2011-11-29,test,F,30s,166,2,166.0,381.0,935.5700000000003
2011-12-01,test,M,20s,13,2,13.0,183.0,305.46999999999997
2011-12-01,control,M,30s,24,2,24.0,471.0,720.1899999999999
2011-12-01,control,M,20s,45,2,45.0,270.0,368.61999999999966
2011-12-01,test,M,30s,10,1,10.0,169.0,277.02000000000004
2011-12-02,control,F,30s,22,2,22.0,166.0,430.17999999999995
2011-12-08,test,F,40s,34,2,34.0,387.0,467.8500000000001
2011-12-09,control,F,40s,19,1,19.0,236.0,420.52
2011-12-09,control,M,50s,33,2,33.0,254.0,358.3
2010-12-06,control,F,20s,18,1,18.0,112.0,308.79999999999995
2010-12-06,control,M,40s,3,1,3.0,192.0,223.68
2010-12-06,control,F,30s,14,1,14.0,84.0,222.17999999999998
2010-12-08,control,M,50s,11,2,11.0,177.0,322.25
2010-12-09,control,M,20s,46,3,46.0,401.0,849.0799999999999
2010-12-13,control,M,20s,23,1,23.0,78.0,280.94
2010-12-15,control,F,20s,115,3,115.0,1169.0,1714.570000000001
2010-12-17,test,F,50s,11,1,11.0,83.0,190.54999999999998
2010-12-19,control,M,20s,24,1,24.0,337.0,469.87
2010-12-20,test,M,40s,29,1,29.0,65.0,150.35000000000002
2010-12-23,test,F,40s,9,1,9.0,63.0,128.7
2011-01-07,control,M,50s,69,3,69.0,682.0,1305.91
2011-01-09,control,M,40s,9,1,9.0,78.0,114.0
2011-01-09,test,F,30s,31,1,31.0,99.0,279.02
2011-01-13,control,F,50s,19,1,19.0,505.0,692.82
2011-01-18,test,M,20s,10,1,10.0,113.0,132.52
2011-01-21,test,F,20s,16,1,16.0,484.0,301.96000000000004
2011-01-25,control,F,20s,17,1,17.0,188.0,333.0800000000001
2011-01-25,control,F,30s,10,1,10.0,66.0,146.1
2011-02-01,test,M,20s,39,1,39.0,164.0,439.29999999999995
2011-02-03,control,M,20s,29,1,29.0,369.0,610.16
2011-02-08,control,M,20s,136,3,136.0,1663.0,1900.9300000000007
2011-02-14,test,M,30s,44,1,44.0,178.0,284.34999999999997
2011-02-15,test,M,30s,15,1,15.0,61.0,156.0
2011-02-16,test,F,30s,11,3,11.0,168.0,279.43
2011-02-16,test,F,20s,37,2,37.0,443.0,720.4699999999999
2011-02-17,control,M,30s,6,1,6.0,146.0,152.70000000000002
2011-02-17,test,M,30s,61,1,61.0,759.0,326.39
2011-02-20,test,M,30s,24,1,24.0,361.0,400.45
2011-02-21,test,F,40s,38,1,38.0,545.0,1159.4700000000003
2011-02-22,test,M,20s,54,2,54.0,611.0,775.0400000000001
2011-02-22,test,M,30s,1,1,1.0,144.0,79.2
2011-03-02,control,F,50s,1,1,1.0,10.0,85.0
2011-03-07,control,M,20s,6,1,6.0,22.0,110.19999999999999
2011-03-09,test,M,20s,7,1,7.0,21.0,298.0
2011-03-09,test,M,30s,55,1,55.0,1566.0,1711.0600000000006
2011-03-16,control,M,20s,1,1,1.0,144.0,152.64
2011-03-20,control,F,20s,6,1,6.0,30.0,76.72
2011-03-22,control,M,20s,37,2,37.0,554.0,658.6500000000002
2011-03-23,control,F,50s,94,3,94.0,1125.0,1906.15
2011-04-06,control,M,50s,19,1,19.0,185.0,365.79
2011-04-07,test,F,40s,2,1,2.0,36.0,365.4
2011-04-08,test,M,40s,35,2,35.0,340.0,800.0699999999997
2011-04-11,test,M,50s,4,1,4.0,192.0,470.4
2011-04-14,test,M,40s,9,1,9.0,43.0,139.04999999999998
2011-04-18,control,M,30s,42,1,42.0,240.0,712.24
2011-04-18,control,M,20s,39,1,39.0,820.0,1026.6100000000001
2011-04-26,test,M,20s,21,2,21.0,166.0,413.26
2011-04-28,control,F,40s,10,1,10.0,79.0,226.85000000000002
2011-05-06,control,F,40s,55,2,55.0,594.0,769.43
2011-05-06,test,M,40s,40,3,40.0,634.0,870.57
2011-05-09,test,M,20s,50,2,50.0,329.0,804.9500000000003
2011-05-09,test,M,30s,30,2,30.0,293.0,416.16999999999996
2011-05-10,control,F,30s,18,2,18.0,140.0,298.56
2011-05-10,control,M,20s,207,5,207.0,2828.0,4734.159999999997
2011-05-10,control,F,20s,6,1,6.0,38.0,95.94000000000001
2011-05-13,control,F,40s,1,1,1.0,96.0,101.76
2011-05-15,test,F,50s,60,2,60.0,251.0,398.0800000000001
2011-05-17,test,F,20s,1,1,1.0,360.0,259.2
2011-05-19,control,F,50s,32,2,32.0,489.0,693.7200000000001
2011-05-20,control,M,50s,46,4,46.0,1769.0,2096.1099999999997
2011-05-20,test,F,30s,22,1,22.0,228.0,455.82000000000005
2011-05-23,control,M,20s,47,4,47.0,550.0,4078.020000000002
2011-05-26,control,F,50s,14,1,14.0,27.0,110.93999999999997
2011-06-03,test,M,20s,25,2,25.0,60.0,293.55
2011-06-05,test,M,40s,126,3,126.0,1835.0,3164.559999999997
2011-06-15,test,F,20s,1,1,1.0,96.0,171.84
2011-06-16,test,M,20s,3,1,3.0,204.0,181.55999999999997
2011-06-16,test,M,30s,15,1,15.0,209.0,212.47
2011-06-19,control,F,50s,29,2,29.0,91.0,462.65
2011-06-21,control,F,30s,3,1,3.0,4.0,7.7
2011-06-24,test,F,20s,9,1,9.0,73.0,185.64
2011-06-24,test,F,30s,9,1,9.0,37.0,168.54999999999998
2011-06-30,control,M,20s,25,1,25.0,67.0,161.89000000000001
2011-07-01,control,M,50s,15,1,15.0,202.0,410.9000000000001
2011-07-04,test,F,30s,124,1,124.0,407.0,609.8700000000002
2011-07-06,control,F,30s,50,2,50.0,323.0,490.9999999999999
2011-07-06,test,F,40s,11,1,11.0,99.0,197.22
2011-07-07,test,F,30s,6,1,6.0,12.0,97.5
2011-07-12,control,M,20s,26,1,26.0,444.0,367.36
2011-07-12,control,M,30s,5,1,5.0,752.0,757.6
2011-07-13,test,F,40s,19,1,19.0,334.0,660.0099999999999
2011-07-17,control,F,20s,9,1,9.0,118.0,189.57999999999998
2011-07-17,control,F,30s,91,3,91.0,479.0,1046.3400000000001
2011-07-19,test,M,40s,60,2,60.0,949.0,1321.5299999999995
2011-07-20,test,F,20s,19,1,19.0,321.0,293.07
2011-07-20,test,F,30s,55,1,55.0,114.0,193.23000000000002
2011-07-22,test,F,20s,14,1,14.0,110.0,214.62
2011-07-26,test,M,40s,28,1,28.0,309.0,462.7499999999999
2011-07-28,control,M,30s,9,1,9.0,99.0,141.15
2011-07-28,control,M,20s,8,2,8.0,72.0,127.56
2011-07-28,test,M,50s,8,1,8.0,512.0,1126.32
2011-08-02,control,F,50s,1,1,1.0,10.0,20.8
2011-08-04,test,M,40s,8,1,8.0,150.0,198.00000000000003
2011-08-04,control,F,40s,28,2,28.0,518.0,397.14
2011-08-05,control,F,30s,7,1,7.0,110.0,502.02
2011-08-05,control,F,20s,16,1,16.0,201.0,299.42
2011-08-08,control,M,20s,29,1,29.0,109.0,159.91999999999996
2011-08-09,test,F,30s,166,4,166.0,1294.0,1868.8600000000001
2011-08-14,control,M,50s,12,2,12.0,23.0,197.65000000000003
2011-08-17,test,M,50s,14,1,14.0,3276.0,7275.68
2011-08-19,control,M,40s,7,1,7.0,190.0,382.3
2011-08-22,control,F,30s,9,1,9.0,70.0,137.22
2011-08-22,control,M,50s,6,2,6.0,44.0,102.64000000000001
2011-08-22,control,F,20s,16,1,16.0,116.0,325.79999999999995
2011-08-25,test,F,40s,22,1,22.0,340.0,678.88
2011-08-28,test,F,30s,94,1,94.0,434.0,526.2600000000001
2011-09-02,control,M,20s,5,1,5.0,164.0,300.2
2011-09-02,test,M,40s,1,1,1.0,1.0,852.8
2011-09-05,test,M,40s,2,1,2.0,18.0,48.3
2011-09-07,test,F,30s,19,1,19.0,247.0,331.24
2011-09-07,test,F,20s,17,2,17.0,897.0,937.0300000000001
2011-09-08,test,M,50s,70,2,70.0,1409.0,1190.900000000001
2011-09-15,control,M,20s,15,1,15.0,1012.0,801.9400000000003
2011-09-15,control,M,30s,3,1,3.0,108.0,211.32
2011-09-16,control,M,50s,24,1,24.0,145.0,287.40000000000003
2011-09-26,test,F,40s,39,1,39.0,402.0,600.99
2011-09-29,control,M,50s,53,2,53.0,322.0,529.98
2011-09-29,test,M,50s,67,1,67.0,709.0,1117.8600000000004
2011-10-04,test,F,40s,14,1,14.0,426.0,1410.26
2011-10-04,control,F,50s,167,2,167.0,600.0,1257.8100000000002
2011-10-07,control,M,40s,16,1,16.0,208.0,321.74
2011-10-11,control,F,20s,41,3,41.0,451.0,654.5500000000001
2011-10-11,test,M,30s,16,1,16.0,158.0,264.96000000000004
2011-10-11,test,F,50s,25,2,25.0,369.0,672.6099999999999
2011-10-14,control,M,40s,15,1,15.0,307.0,400.15000000000003
2011-10-14,control,F,20s,12,1,12.0,226.0,294.78
2011-10-16,test,M,50s,8,1,8.0,69.0,127.2
2011-10-20,control,M,50s,54,3,54.0,1615.0,2002.0699999999997
2011-10-23,test,F,50s,51,1,51.0,237.0,353.2299999999999
2011-10-27,test,M,40s,2,1,2.0,8.0,13.200000000000001
2011-10-30,control,F,40s,63,1,63.0,232.0,289.5300000000002
2011-10-30,test,F,50s,22,2,22.0,284.0,639.53
2011-10-31,control,M,20s,2,1,2.0,154.0,76.96
2011-10-31,test,F,30s,149,3,149.0,897.0,1445.13
2011-11-01,control,M,20s,18,1,18.0,173.0,358.59
2011-11-02,test,F,50s,7,1,7.0,1400.0,504.0
2011-11-03,control,M,50s,46,1,46.0,472.0,998.7200000000004
2011-11-06,test,F,20s,183,3,183.0,1231.0,1994.6900000000003
2011-11-10,test,M,50s,43,1,43.0,150.0,171.53
2011-11-14,test,M,40s,125,2,125.0,665.0,756.3300000000003
2011-11-17,control,F,20s,74,5,74.0,774.0,1261.1500000000005
2011-11-18,test,F,40s,17,1,17.0,120.0,295.88
2011-11-21,control,M,20s,23,2,23.0,47.0,172.91000000000003
2011-11-21,control,M,30s,125,5,125.0,1127.0,1563.4700000000003
2011-11-22,test,F,20s,62,2,62.0,1120.0,975.4300000000006
2011-11-22,test,F,30s,26,1,26.0,458.0,580.38
2011-11-24,control,F,40s,113,3,113.0,350.0,536.6400000000001
2011-11-25,control,M,20s,42,2,42.0,582.0,926.1
2011-11-25,control,M,30s,49,1,49.0,299.0,365.33
2011-11-28,test,F,20s,65,2,65.0,234.0,536.67
2011-11-28,test,F,30s,94,2,94.0,1537.0,1699.8799999999999
2011-11-28,test,M,50s,23,2,23.0,263.0,373.22
2011-11-29,control,M,50s,29,1,29.0,378.0,574.98
2011-11-30,control,M,50s,60,4,60.0,310.0,524.6899999999999
2011-12-05,control,M,20s,83,1,83.0,236.0,303.2899999999998
2011-12-05,control,M,30s,51,3,51.0,491.0,735.0400000000003
2011-12-07,control,F,30s,27,2,27.0,207.0,390.32000000000005
2011-12-07,control,F,20s,1,1,1.0,1.0,15.0
2011-12-07,test,M,50s,42,1,42.0,175.0,245.01999999999998
2010-12-03,test,F,20s,1,1,1.0,120.0,1314.0
2010-12-03,test,F,30s,29,1,29.0,136.0,339.5399999999999
2010-12-05,test,F,50s,71,2,71.0,269.0,526.31
2010-12-06,control,M,30s,26,2,26.0,113.0,278.4
2010-12-06,control,F,40s,45,2,45.0,494.0,636.61
2010-12-06,control,M,20s,17,2,17.0,139.0,314.04999999999995
2010-12-09,control,M,40s,33,2,33.0,333.0,864.6499999999999
2010-12-13,control,M,40s,10,1,10.0,73.0,177.35000000000002
2010-12-15,control,F,40s,4,1,4.0,132.0,67.24
2010-12-16,test,F,20s,32,2,32.0,622.0,518.8199999999999
2010-12-16,test,F,30s,38,4,38.0,530.0,1305.66
2010-12-17,control,F,50s,10,1,10.0,146.0,415.7
2010-12-19,test,M,40s,17,1,17.0,56.0,193.63999999999996
2010-12-21,test,M,50s,4,1,4.0,236.0,479.4
2011-01-09,control,M,30s,25,1,25.0,93.0,145.5
2011-01-10,control,M,50s,1,1,1.0,200.0,212.0
2011-01-12,test,M,20s,29,1,29.0,197.0,492.6499999999999
2011-01-12,test,M,30s,1,1,1.0,1.0,0.85
2011-01-17,control,M,20s,56,2,56.0,278.0,769.7200000000001
2011-01-20,test,M,50s,5,1,5.0,309.0,957.63
2011-01-21,test,F,40s,2,1,2.0,3.0,8.25
2011-01-23,test,M,50s,41,1,41.0,67.0,162.99999999999997
2011-01-25,control,F,40s,28,1,28.0,153.0,355.12
2011-02-01,test,M,40s,44,3,44.0,251.0,645.1100000000004
2011-02-04,control,M,50s,7,1,7.0,2910.0,1987.6200000000001
2011-02-06,control,M,30s,19,1,19.0,34.0,108.07
2011-02-08,control,M,40s,40,1,40.0,224.0,449.97999999999996
2011-02-14,test,M,40s,23,1,23.0,222.0,317.11999999999995
2011-02-14,test,F,30s,20,1,20.0,61.0,151.67999999999998
2011-02-16,test,F,40s,7,1,7.0,144.0,363.36
2011-02-17,control,M,40s,27,2,27.0,224.0,350.09999999999997
2011-02-21,test,F,30s,15,2,15.0,129.0,400.40000000000003
2011-02-22,test,M,40s,71,3,71.0,4408.0,4048.499999999999
2011-02-24,test,F,20s,29,2,29.0,448.0,520.08
2011-03-01,control,M,20s,55,3,55.0,1416.0,3137.21
2011-03-03,test,F,50s,5,1,5.0,347.0,482.81000000000006
2011-03-07,test,M,50s,37,1,37.0,313.0,638.6499999999999
2011-03-08,control,M,50s,19,1,19.0,169.0,301.40000000000003
2011-03-09,test,M,40s,10,1,10.0,90.0,210.89999999999998
2011-03-11,control,M,20s,69,3,69.0,733.0,1050.79
2011-03-11,control,M,30s,5,1,5.0,84.0,156.6
2011-03-20,test,F,50s,22,2,22.0,280.0,915.6199999999999
2011-03-22,control,M,40s,27,1,27.0,112.0,198.02
2011-04-01,control,M,50s,35,1,35.0,101.0,292.84999999999997
2011-04-01,test,F,50s,1,1,1.0,40.0,102.0
2011-04-08,test,M,20s,6,1,6.0,66.0,213.80000000000004
2011-04-08,control,M,50s,31,1,31.0,262.0,609.74
2011-04-13,test,F,30s,23,1,23.0,3500.0,4018.3599999999997
2011-04-14,test,M,20s,113,3,113.0,958.0,2072.62
2011-04-19,control,M,50s,34,1,34.0,478.0,429.57000000000005
2011-04-20,test,F,40s,62,4,62.0,707.0,1497.9599999999996
2011-04-20,control,M,30s,27,2,27.0,198.0,423.98000000000025
2011-04-26,test,M,40s,138,2,138.0,1757.0,2225.7400000000007
2011-04-27,test,M,30s,37,1,37.0,150.0,228.14999999999995
2011-04-27,test,M,20s,30,1,30.0,320.0,506.37999999999994
2011-04-27,control,F,30s,8,1,8.0,94.0,154.66000000000003
2011-04-28,control,M,50s,46,2,46.0,429.0,880.7399999999999
2011-04-28,control,F,30s,35,1,35.0,64.0,222.47
2011-05-06,test,F,30s,59,2,59.0,179.0,484.97
2011-05-06,control,F,30s,5,1,5.0,21.0,93.75
2011-05-06,test,M,30s,17,1,17.0,60.0,90.12
2011-05-10,control,M,40s,6,1,6.0,90.0,404.7
2011-05-10,control,F,40s,78,3,78.0,847.0,1203.18
2011-05-12,test,M,50s,26,2,26.0,633.0,910.52
2011-05-13,control,F,20s,89,2,89.0,289.0,424.2499999999999
2011-05-18,test,F,30s,44,2,44.0,4649.0,6620.269999999997
2011-05-18,test,F,20s,6,1,6.0,101.0,157.9
2011-05-20,test,F,40s,24,3,24.0,342.0,870.8199999999998
2011-05-22,control,M,20s,34,2,34.0,98.0,326.84000000000003
2011-05-23,control,M,40s,7,1,7.0,424.0,698.8800000000001
2011-05-29,control,M,50s,30,1,30.0,258.0,582.7299999999999
2011-06-05,test,M,20s,25,1,25.0,100.0,302.42
2011-06-08,control,M,30s,9,1,9.0,55.0,151.95000000000002
2011-06-08,control,M,20s,41,1,41.0,82.0,193.20000000000007
2011-06-14,control,M,30s,13,1,13.0,748.0,1393.4799999999998
2011-06-19,control,M,50s,33,1,33.0,81.0,382.9
2011-06-24,control,F,40s,15,1,15.0,168.0,497.9
2011-06-24,test,F,40s,11,2,11.0,330.0,471.4
2011-06-27,test,F,30s,107,1,107.0,324.0,447.5999999999998
2011-06-30,test,F,20s,30,2,30.0,8469.0,19817.079999999998
2011-06-30,test,F,30s,58,1,58.0,207.0,306.28999999999985
2011-06-30,control,M,40s,29,1,29.0,309.0,482.5999999999999
2011-07-06,test,F,30s,67,1,67.0,85.0,197.8699999999999
2011-07-06,control,F,40s,9,1,9.0,74.0,167.50000000000003
2011-07-10,test,F,50s,31,1,31.0,235.0,198.56
2011-07-11,control,M,30s,40,1,40.0,372.0,793.8799999999999
2011-07-11,control,F,20s,55,1,55.0,489.0,631.6500000000001
2011-07-12,control,M,40s,31,1,31.0,164.0,263.38
2011-07-13,test,F,30s,42,1,42.0,581.0,610.0100000000001
2011-07-13,test,F,20s,48,1,48.0,97.0,105.78000000000004
2011-07-18,control,M,50s,30,3,30.0,554.0,779.0299999999999
2011-07-19,test,M,30s,30,1,30.0,248.0,554.84
2011-07-19,test,M,20s,4,1,4.0,172.0,186.20000000000002
2011-07-20,test,F,40s,38,1,38.0,55.0,111.04000000000006
2011-07-22,test,F,40s,13,2,13.0,192.0,511.13999999999993
2011-07-25,test,M,50s,13,2,13.0,164.0,297.34000000000003
2011-07-26,test,M,20s,18,1,18.0,290.0,625.1
2011-07-31,control,F,50s,269,2,269.0,1003.0,1132.4599999999987
2011-08-04,control,F,20s,24,1,24.0,230.0,496.24
2011-08-15,control,F,50s,17,1,17.0,186.0,434.74
2011-08-19,control,M,20s,4,1,4.0,49.0,138.68
2011-08-22,test,F,50s,69,2,69.0,756.0,1191.55
2011-08-22,control,F,40s,18,1,18.0,210.0,409.76
2011-08-25,control,M,50s,9,1,9.0,90.0,341.1
2011-08-25,test,F,20s,17,2,17.0,378.0,534.51
2011-08-25,test,F,30s,63,3,63.0,256.0,892.6700000000003
2011-08-28,test,F,40s,46,1,46.0,110.0,259.93
2011-08-31,control,F,30s,2,1,2.0,49.0,219.0
2011-09-05,test,M,20s,26,1,26.0,307.0,497.61000000000007
2011-09-11,control,M,50s,18,1,18.0,186.0,305.62
2011-09-14,control,F,30s,1,1,1.0,216.0,228.96
2011-09-15,control,F,20s,79,2,79.0,485.0,1066.45
2011-09-15,control,M,40s,31,1,31.0,119.0,244.70000000000002
2011-09-19,control,M,50s,25,2,25.0,251.0,576.8700000000001
2011-09-26,test,F,30s,47,1,47.0,204.0,183.54
2011-09-30,control,F,50s,30,1,30.0,293.0,618.59
2011-10-04,test,F,20s,5,1,5.0,202.0,520.54
2011-10-07,control,M,20s,28,1,28.0,160.0,291.26000000000005
2011-10-11,test,M,40s,58,1,58.0,183.0,399.24999999999994
2011-10-14,control,M,20s,15,1,15.0,1006.0,3528.34
2011-10-17,test,F,50s,46,2,46.0,328.0,418.6699999999999
2011-10-18,control,M,50s,73,3,73.0,1096.0,1248.8300000000004
2011-10-18,test,F,40s,13,1,13.0,87.0,211.92999999999998
2011-10-19,control,M,50s,29,2,29.0,782.0,694.1600000000002
2011-10-19,control,F,50s,6,1,6.0,269.0,318.8
2011-10-25,test,F,50s,15,1,15.0,330.0,733.94
2011-10-27,test,M,20s,36,2,36.0,479.0,791.0000000000002
2011-10-30,control,F,20s,21,1,21.0,51.0,149.30999999999995
2011-10-30,control,F,30s,48,2,48.0,779.0,1195.0899999999997
2011-10-31,test,F,40s,1,1,1.0,1.0,15.0
2011-11-01,control,M,40s,70,4,70.0,944.0,1922.7800000000004
2011-11-03,test,M,20s,25,2,25.0,227.0,482.75
2011-11-07,control,F,50s,69,3,69.0,554.0,1258.6599999999999
2011-11-09,control,F,50s,123,3,123.0,1216.0,1433.0800000000013
2011-11-10,control,F,50s,209,3,209.0,1026.0,1545.3600000000015
2011-11-11,control,M,20s,174,4,174.0,3305.0,5018.459999999999
2011-11-14,test,M,20s,19,1,19.0,61.0,137.57999999999998
2011-11-14,test,M,30s,24,2,24.0,231.0,525.62
2011-11-18,control,F,30s,1,1,1.0,40.0,102.0
2011-11-18,test,F,30s,87,1,87.0,135.0,314.08000000000004
2011-11-21,control,M,40s,47,1,47.0,110.0,192.39999999999998
2011-11-22,test,F,40s,14,1,14.0,137.0,221.36000000000004
2011-11-24,control,F,20s,54,1,54.0,351.0,521.21
2011-11-25,control,M,40s,4,1,4.0,92.0,107.0
2011-11-27,control,F,40s,52,1,52.0,104.0,267.75999999999993
2011-11-27,test,M,50s,39,1,39.0,359.0,426.37
2011-11-28,test,F,40s,33,3,33.0,417.0,448.23999999999995
2011-12-07,control,F,40s,37,3,37.0,307.0,577.4200000000002
2010-12-02,test,M,50s,80,4,80.0,1157.0,1883.8299999999997
2010-12-02,test,F,50s,127,2,127.0,332.0,675.05
2010-12-03,control,M,20s,9,1,9.0,222.0,215.58
2010-12-03,control,M,30s,39,1,39.0,343.0,754.8700000000003
2010-12-05,control,F,50s,190,4,190.0,604.0,1144.8500000000015
2010-12-06,test,F,20s,83,2,83.0,236.0,526.4400000000002
2010-12-06,test,F,30s,46,1,46.0,132.0,406.6899999999997
2010-12-09,test,M,40s,26,2,26.0,190.0,614.5299999999999
2010-12-10,test,F,30s,7,1,7.0,56.0,106.4
2010-12-12,test,F,50s,63,2,63.0,295.0,579.2699999999999
2010-12-15,test,F,30s,21,2,21.0,68.0,208.16
2010-12-16,control,F,50s,34,2,34.0,185.0,440.99999999999994
2010-12-19,test,F,30s,46,2,46.0,1028.0,2345.9599999999987
2010-12-20,control,M,20s,8,1,8.0,45.0,134.14
2010-12-23,control,M,20s,20,1,20.0,65.0,256.61
2011-01-04,test,F,30s,84,2,84.0,266.0,801.5699999999998
2011-01-06,control,F,20s,17,1,17.0,711.0,563.1500000000001
2011-01-06,test,M,40s,45,1,45.0,95.0,317.05999999999995
2011-01-10,test,M,20s,42,1,42.0,246.0,646.5399999999998
2011-01-10,control,F,20s,13,1,13.0,522.0,402.65999999999997
2011-01-11,test,F,20s,17,1,17.0,144.0,252.42000000000004
2011-01-11,control,F,50s,13,1,13.0,92.0,355.8
2011-01-14,control,F,30s,6,1,6.0,76.0,127.80000000000001
2011-01-14,control,M,50s,45,2,45.0,584.0,909.2199999999999
2011-01-19,test,M,20s,41,1,41.0,758.0,740.3899999999998
2011-01-20,control,M,40s,64,3,64.0,423.0,785.0500000000001
2011-01-21,control,M,20s,115,3,115.0,2554.0,8681.720000000001
2011-01-26,control,F,30s,2,1,2.0,128.0,326.4
2011-01-26,control,F,20s,20,2,20.0,287.0,365.8
2011-01-27,test,F,40s,50,1,50.0,231.0,316.21000000000004
2011-01-28,test,M,40s,18,2,18.0,83.0,344.16
2011-01-31,test,F,30s,23,1,23.0,35.0,93.60000000000001
2011-02-02,test,M,20s,4,2,4.0,4.0,21.849999999999998
2011-02-07,test,F,50s,11,1,11.0,99.0,182.85000000000002
2011-02-10,test,M,30s,9,1,9.0,59.0,168.35
2011-02-10,test,M,20s,2,1,2.0,184.0,160.4
2011-02-10,control,M,30s,84,1,84.0,344.0,510.9999999999999
2011-02-11,test,M,50s,1,1,1.0,2400.0,2256.0
2011-02-13,control,M,50s,25,1,25.0,382.0,981.9000000000001
2011-02-14,control,F,30s,21,1,21.0,27.0,101.45000000000005
2011-02-15,test,F,40s,22,2,22.0,193.0,824.85
2011-02-22,test,F,50s,19,1,19.0,393.0,487.75
2011-02-24,control,M,30s,23,1,23.0,139.0,405.0300000000001
2011-02-27,test,M,20s,10,1,10.0,73.0,145.05
2011-03-13,test,M,20s,23,1,23.0,47.0,183.24999999999997
2011-03-16,control,F,50s,22,1,22.0,166.0,352.59999999999997
2011-03-20,test,M,30s,41,3,41.0,443.0,669.3899999999998
2011-03-20,test,M,20s,31,1,31.0,371.0,986.7500000000002
2011-03-21,test,M,30s,52,2,52.0,151.0,262.6699999999999
2011-03-21,test,M,20s,40,1,40.0,259.0,614.8500000000003
2011-03-23,test,F,40s,7,1,7.0,192.0,330.24
2011-03-25,control,F,30s,7,1,7.0,34.0,102.69999999999999
2011-03-25,control,F,20s,17,1,17.0,215.0,194.92000000000002
2011-03-27,control,M,40s,90,1,90.0,322.0,609.9500000000002
2011-03-29,control,M,50s,41,3,41.0,425.0,877.9500000000003
2011-03-30,test,M,30s,14,1,14.0,488.0,611.94
2011-03-30,control,M,50s,3,1,3.0,31.0,116.45
2011-03-31,test,M,30s,4,1,4.0,26.0,61.10000000000001
2011-04-04,test,F,50s,7,1,7.0,27.0,124.15
2011-04-05,test,M,40s,16,1,16.0,145.0,335.07
2011-04-07,test,M,20s,1,1,1.0,16.0,175.2
2011-04-08,test,F,50s,5,1,5.0,39.0,129.45
2011-04-08,control,F,20s,1,1,1.0,1.0,1867.86
2011-04-08,control,F,30s,32,1,32.0,311.0,431.78000000000003
2011-04-11,test,F,30s,86,1,86.0,217.0,380.34000000000026
2011-04-12,control,M,30s,86,3,86.0,2380.0,3925.7899999999995
2011-04-13,control,M,50s,138,4,138.0,846.0,1556.7199999999996
2011-04-15,control,F,30s,24,2,24.0,180.0,469.1999999999999
2011-04-15,control,M,50s,21,1,21.0,161.0,328.15
2011-04-17,test,F,40s,1,1,1.0,1.0,2.1
2011-04-18,test,M,40s,63,1,63.0,362.0,484.2499999999999
2011-04-19,test,F,50s,52,2,52.0,526.0,825.8399999999995
2011-04-26,control,F,50s,56,1,56.0,291.0,285.37
2011-04-28,test,M,50s,16,1,16.0,161.0,112.25000000000004
2011-05-03,test,M,40s,18,1,18.0,160.0,288.59999999999997
2011-05-05,control,M,20s,20,1,20.0,78.0,239.52000000000004
2011-05-05,control,F,50s,62,3,62.0,404.0,914.4000000000002
2011-05-06,control,M,40s,13,2,13.0,306.0,377.29
2011-05-13,control,M,50s,17,1,17.0,166.0,333.8
2011-05-20,control,F,40s,6,1,6.0,41.0,118.55
2011-05-20,test,M,50s,42,1,42.0,333.0,691.54
2011-05-24,control,F,20s,5,1,5.0,100.0,339.70000000000005
2011-05-25,control,M,30s,10,1,10.0,35.0,152.35000000000002
2011-05-25,control,M,20s,29,1,29.0,464.0,714.7700000000002
2011-06-05,control,M,50s,31,1,31.0,290.0,493.6800000000001
2011-06-06,test,M,50s,4,1,4.0,324.0,612.0
2011-06-06,control,F,20s,1,1,1.0,10.0,57.5
2011-06-07,control,M,20s,71,3,71.0,2129.0,2945.1600000000008
2011-06-08,control,F,30s,9,1,9.0,260.0,320.9200000000001
2011-06-13,control,F,30s,17,2,17.0,123.0,267.1300000000001
2011-06-14,test,F,50s,14,1,14.0,132.0,306.46
2011-06-14,control,F,20s,119,2,119.0,364.0,1076.1399999999999
2011-06-16,control,M,50s,31,1,31.0,320.0,455.30000000000007
2011-06-19,test,F,50s,3,1,3.0,30.0,88.50000000000001
2011-06-27,test,M,40s,30,1,30.0,271.0,510.45
2011-06-28,test,M,50s,8,1,8.0,792.0,1883.6000000000001
2011-06-29,test,F,40s,14,1,14.0,270.0,406.4599999999999
2011-07-08,control,F,40s,39,2,39.0,238.0,525.34
2011-07-12,test,F,50s,12,1,12.0,89.0,204.34999999999997
2011-07-14,test,M,40s,44,2,44.0,556.0,1034.2500000000002
2011-07-17,test,M,30s,30,1,30.0,236.0,201.25000000000003
2011-07-18,test,F,40s,11,1,11.0,84.0,183.5
2011-07-22,control,M,50s,29,1,29.0,520.0,649.4599999999999
2011-07-24,control,M,50s,25,2,25.0,242.0,432.43000000000006
2011-07-24,control,F,20s,1,1,1.0,96.0,244.8
2011-07-27,control,F,30s,21,1,21.0,249.0,445.8500000000001
2011-07-27,test,F,30s,58,1,58.0,142.0,252.22
2011-07-28,control,F,50s,43,2,43.0,760.0,1145.5199999999993
2011-07-29,test,M,30s,66,2,66.0,799.0,1036.7199999999998
2011-07-29,control,M,40s,8,1,8.0,28.0,139.6
2011-07-29,test,M,20s,14,2,14.0,77.0,215.85
2011-08-01,control,F,50s,14,1,14.0,220.0,457.60000000000014
2011-08-03,test,M,50s,8,1,8.0,699.0,1202.22
2011-08-05,test,M,40s,30,3,30.0,347.0,575.6700000000001
2011-08-12,test,M,40s,13,1,13.0,195.0,210.05
2011-08-15,test,F,20s,20,1,20.0,51.0,68.08000000000001
2011-08-19,test,M,40s,30,1,30.0,240.0,534.7000000000002
2011-08-22,test,M,30s,79,1,79.0,629.0,319.55
2011-08-22,test,M,20s,17,1,17.0,192.0,931.4999999999999
2011-08-23,control,M,20s,43,1,43.0,100.0,128.31
2011-08-23,control,M,30s,40,2,40.0,382.0,478.36999999999995
2011-08-24,control,M,40s,4,1,4.0,264.0,116.88
2011-08-25,control,F,50s,44,4,44.0,686.0,1037.42
2011-08-26,control,M,50s,9,1,9.0,234.0,191.10000000000002
2011-08-31,test,M,40s,11,1,11.0,821.0,1475.44
2011-09-01,control,F,30s,4,1,4.0,25.0,77.31
2011-09-04,control,M,50s,29,1,29.0,85.0,313.05
2011-09-11,test,M,30s,37,3,37.0,878.0,2303.7199999999993
2011-09-11,test,F,40s,20,1,20.0,108.0,277.55
2011-09-12,test,M,30s,18,1,18.0,422.0,309.70000000000005
2011-09-12,test,F,50s,38,1,38.0,294.0,705.7399999999999
2011-09-14,test,F,20s,5,1,5.0,250.0,621.6600000000001
2011-09-14,test,F,30s,54,1,54.0,107.0,237.19
2011-09-15,test,F,40s,32,2,32.0,476.0,549.1
2011-09-19,control,F,40s,11,1,11.0,48.0,275.0
2011-09-20,test,M,50s,26,2,26.0,1544.0,3276.12
2011-09-22,test,M,20s,32,1,32.0,171.0,275.4000000000001
2011-10-05,control,M,20s,53,3,53.0,992.0,1078.69
2011-10-05,test,M,20s,29,3,29.0,306.0,562.66
2011-10-05,control,M,30s,28,1,28.0,128.0,354.15
2011-10-05,test,M,30s,36,1,36.0,190.0,299.4099999999999
2011-10-07,test,F,30s,154,3,154.0,633.0,1708.1999999999998
2011-10-07,test,F,20s,27,1,27.0,342.0,427.59999999999997
2011-10-12,test,F,50s,7,1,7.0,50.0,118.22
2011-10-13,test,M,20s,1,1,1.0,4.0,10.2
2011-10-16,control,M,20s,163,3,163.0,2005.0,8883.21
2011-10-18,control,F,40s,14,1,14.0,182.0,281.42
2011-10-27,control,F,30s,25,2,25.0,227.0,498.41
2011-10-28,control,M,40s,18,1,18.0,150.0,296.07
2011-11-04,test,F,30s,114,2,114.0,585.0,1997.6800000000005
2011-11-04,test,M,20s,26,1,26.0,186.0,239.55999999999986
2011-11-04,control,M,20s,20,1,20.0,518.0,627.0
2011-11-04,test,F,20s,25,1,25.0,131.0,190.88
2011-11-07,test,F,50s,16,1,16.0,189.0,335.47
2011-11-08,control,F,40s,16,1,16.0,139.0,210.95000000000007
2011-11-08,test,F,30s,130,1,130.0,450.0,796.64
2011-11-08,test,F,20s,32,1,32.0,495.0,1833.6900000000005
2011-11-09,test,M,50s,4,1,4.0,48.0,49.800000000000004
2011-11-09,control,M,40s,7,2,7.0,54.0,175.3
2011-11-10,control,M,40s,45,2,45.0,452.0,808.9899999999998
2011-11-13,control,M,50s,8,1,8.0,68.0,141.44000000000003
2011-11-15,control,F,40s,6,1,6.0,48.0,261.3
2011-11-17,test,M,50s,21,1,21.0,418.0,305.38
2011-11-18,control,M,50s,27,2,27.0,364.0,1238.6
2011-11-20,control,F,40s,55,1,55.0,282.0,613.78
2011-11-22,control,M,50s,46,2,46.0,363.0,957.66
2011-11-22,control,F,50s,98,3,98.0,508.0,904.6100000000001
2011-11-22,test,M,20s,25,2,25.0,99.0,268.19
2011-11-22,test,M,30s,13,2,13.0,218.0,364.9
2011-11-27,test,F,30s,107,1,107.0,271.0,400.61999999999983
2011-11-27,test,F,20s,21,1,21.0,150.0,277.1599999999999
2011-11-28,control,M,20s,77,3,77.0,384.0,1064.8800000000003
2011-11-29,test,M,30s,9,1,9.0,112.0,152.32
2011-11-29,test,M,20s,15,3,15.0,167.0,759.6999999999999
2011-12-01,test,F,30s,129,2,129.0,543.0,848.6300000000002
2011-12-01,test,F,20s,11,2,11.0,144.0,462.80000000000007
2011-12-04,control,M,50s,57,3,57.0,363.0,871.96
2011-12-08,test,F,50s,6,1,6.0,265.0,275.4
2011-12-08,control,M,20s,41,2,41.0,116.0,278.55999999999995
2011-12-08,control,M,30s,23,1,23.0,104.0,227.25
2011-12-09,control,M,40s,2,1,2.0,72.0,171.60000000000002
2010-12-02,test,F,20s,4,1,4.0,76.0,160.6
2010-12-02,test,F,30s,30,2,30.0,124.0,505.7199999999999
2010-12-02,test,M,20s,24,2,24.0,423.0,543.29
2010-12-02,test,M,30s,30,2,30.0,209.0,453.0999999999999
2010-12-05,test,M,40s,19,1,19.0,93.0,431.4500000000001
2010-12-05,control,F,30s,10,1,10.0,86.0,184.79999999999998
2010-12-05,control,F,20s,7,1,7.0,14.0,37.35
2010-12-06,test,M,40s,79,3,79.0,592.0,1125.02
2010-12-06,test,F,50s,14,2,14.0,87.0,243.19
2010-12-09,test,F,40s,16,2,16.0,221.0,735.2299999999999
2010-12-12,test,M,40s,137,1,137.0,511.0,1050.3500000000001
2010-12-15,test,M,30s,26,1,26.0,229.0,501.01000000000005
2010-12-15,test,F,50s,26,1,26.0,434.0,243.22000000000003
2010-12-16,control,F,30s,19,1,19.0,119.0,328.77000000000004
2010-12-16,control,F,20s,66,2,66.0,220.0,489.56999999999994
2010-12-21,test,F,40s,11,1,11.0,85.0,193.15
2011-01-04,test,F,50s,29,1,29.0,352.0,413.68000000000006
2011-01-10,test,M,50s,50,1,50.0,518.0,780.4199999999997
2011-01-11,control,F,30s,7,1,7.0,49.0,145.75000000000003
2011-01-12,control,F,40s,49,1,49.0,303.0,436.2300000000001
2011-01-14,test,M,20s,7,1,7.0,78.0,179.10000000000002
2011-01-14,test,M,30s,105,2,105.0,623.0,954.85
2011-01-14,control,M,20s,49,2,49.0,737.0,865.4899999999999
2011-01-16,test,M,40s,40,1,40.0,347.0,477.60999999999996
2011-01-18,control,F,50s,1,1,1.0,144.0,79.2
2011-01-25,test,F,40s,76,1,76.0,365.0,632.18
2011-01-26,control,F,50s,21,2,21.0,109.0,400.21000000000004
2011-01-31,control,F,50s,21,1,21.0,131.0,549.58
2011-01-31,test,F,50s,15,1,15.0,37.0,131.7
2011-02-01,test,F,40s,12,1,12.0,113.0,214.45
2011-02-02,test,F,30s,34,2,34.0,82.0,252.82999999999998
2011-02-07,test,F,30s,7,1,7.0,16.0,143.92000000000002
2011-02-07,control,F,30s,26,1,26.0,89.0,219.99000000000004
2011-02-08,test,F,40s,10,1,10.0,308.0,364.32
2011-02-10,control,M,50s,24,2,24.0,1110.0,1788.8799999999999
2011-02-10,test,M,50s,16,1,16.0,177.0,238.85
2011-02-11,test,M,30s,23,1,23.0,373.0,494.5099999999999
2011-02-13,control,M,20s,84,1,84.0,617.0,741.8499999999999
2011-02-13,control,M,30s,91,2,91.0,261.0,434.91999999999973
2011-02-14,control,F,50s,8,1,8.0,47.0,160.2
2011-02-17,control,F,50s,37,1,37.0,279.0,640.1
2011-02-21,test,M,40s,17,1,17.0,126.0,306.0
2011-02-22,test,F,30s,70,3,70.0,518.0,747.3100000000006
2011-02-23,control,F,40s,16,1,16.0,185.0,224.90999999999997
2011-02-24,control,M,50s,37,2,37.0,143.0,186.91000000000005
2011-02-25,control,F,20s,1,1,1.0,360.0,381.6
2011-02-25,control,F,30s,23,1,23.0,171.0,401.37000000000006
2011-03-02,test,F,40s,41,1,41.0,292.0,779.9199999999998
2011-03-04,control,M,20s,78,2,78.0,955.0,1764.7900000000002
2011-03-07,test,F,30s,25,1,25.0,52.0,145.70000000000002
2011-03-07,test,F,20s,13,1,13.0,26.0,269.7
2011-03-14,control,M,40s,17,1,17.0,338.0,414.30000000000007
2011-03-15,control,F,40s,41,2,41.0,244.0,389.46000000000004
2011-03-15,test,M,20s,35,1,35.0,356.0,548.7499999999999
2011-03-15,test,M,30s,41,2,41.0,360.0,447.44000000000005
2011-03-16,control,F,20s,16,1,16.0,144.0,370.4800000000001
2011-03-18,test,M,40s,101,2,101.0,504.0,910.6000000000001
2011-03-20,control,M,40s,18,1,18.0,208.0,282.28000000000003
2011-03-21,test,M,50s,21,2,21.0,441.0,850.63
2011-03-30,control,M,20s,89,4,89.0,1503.0,2360.92
2011-03-30,control,M,30s,21,2,21.0,470.0,536.6999999999999
2011-03-31,test,M,50s,65,1,65.0,785.0,543.5999999999999
2011-04-04,test,F,30s,13,1,13.0,141.0,174.46
2011-04-07,test,M,50s,71,3,71.0,188.0,450.4499999999999
2011-04-08,test,F,30s,20,1,20.0,152.0,394.43999999999994
2011-04-08,test,F,20s,23,1,23.0,237.0,373.2700000000001
2011-04-08,control,F,50s,21,1,21.0,182.0,306.18000000000006
2011-04-11,test,F,50s,47,2,47.0,519.0,953.1300000000003
2011-04-13,control,M,30s,8,1,8.0,360.0,409.2
2011-04-19,test,F,30s,23,1,23.0,267.0,424.64000000000004
2011-04-19,test,F,20s,11,2,11.0,90.0,278.42
2011-04-26,control,F,20s,25,2,25.0,180.0,415.5499999999999
2011-04-28,test,M,20s,16,1,16.0,102.0,327.71999999999997
2011-04-28,test,F,40s,6,1,6.0,6.0,15.27
2011-05-04,control,M,40s,1,1,1.0,504.0,534.24
2011-05-05,control,F,20s,7,2,7.0,490.0,242.7
2011-05-05,control,M,50s,8,1,8.0,236.0,214.56
2011-05-08,control,M,30s,74,1,74.0,142.0,287.89000000000004
2011-05-13,control,M,30s,15,1,15.0,730.0,1249.6999999999998
2011-05-13,test,M,40s,21,1,21.0,207.0,407.34999999999997
2011-05-13,control,M,20s,13,1,13.0,64.0,243.75000000000003
2011-05-19,test,M,20s,35,2,35.0,478.0,570.6700000000001
2011-05-19,test,M,30s,19,1,19.0,128.0,352.85
2011-05-22,control,F,40s,9,1,9.0,99.0,257.7
2011-05-24,test,M,40s,40,2,40.0,523.0,766.9399999999998
2011-05-24,control,F,50s,13,1,13.0,228.0,317.15999999999997
2011-05-25,control,M,50s,13,1,13.0,174.0,317.6
2011-06-01,control,M,40s,2,1,2.0,144.0,152.64000000000001
2011-06-03,test,F,20s,23,2,23.0,890.0,2016.92
2011-06-05,control,M,20s,18,2,18.0,130.0,305.43999999999994
2011-06-05,control,M,30s,44,3,44.0,645.0,1198.2800000000002
2011-06-06,test,M,30s,6,1,6.0,118.0,181.3
2011-06-06,test,M,20s,7,1,7.0,50.0,114.3
2011-06-06,control,F,50s,23,1,23.0,137.0,247.60999999999999
2011-06-07,control,M,50s,75,2,75.0,978.0,1396.0300000000007
2011-06-07,test,F,20s,6,1,6.0,22.0,122.75999999999999
2011-06-07,test,F,30s,8,1,8.0,21.0,149.15
2011-06-13,control,F,50s,19,1,19.0,236.0,312.44
2011-06-14,test,F,30s,12,1,12.0,136.0,428.95
2011-06-15,control,M,30s,19,1,19.0,208.0,299.94
2011-06-15,control,M,20s,45,1,45.0,649.0,1323.93
2011-06-16,control,M,30s,23,1,23.0,336.0,421.08000000000004
2011-06-16,control,M,20s,7,1,7.0,144.0,158.4
2011-06-19,test,F,20s,8,1,8.0,36.0,111.19999999999999
2011-06-26,control,F,20s,93,1,93.0,174.0,545.3399999999999
2011-06-28,test,M,30s,18,2,18.0,266.0,721.76
2011-06-30,test,M,40s,16,1,16.0,157.0,269.4
2011-07-01,test,M,40s,34,1,34.0,150.0,118.96
2011-07-06,test,M,40s,3,1,3.0,93.0,202.1
2011-07-11,test,M,20s,5,1,5.0,42.0,213.7
2011-07-12,test,F,20s,1,1,1.0,23.0,24.380000000000003
2011-07-12,test,F,30s,94,1,94.0,236.0,501.37
2011-07-14,control,F,20s,14,1,14.0,163.0,356.84000000000003
2011-07-17,test,M,50s,3,1,3.0,13.0,49.550000000000004
2011-07-18,control,F,30s,63,1,63.0,147.0,310.4899999999999
2011-07-20,test,M,30s,25,3,25.0,260.0,436.44
2011-07-20,test,M,20s,28,1,28.0,114.0,312.90000000000003
2011-07-22,control,M,20s,68,1,68.0,130.0,218.55999999999986
2011-07-24,control,F,50s,20,1,20.0,214.0,505.4599999999999
2011-07-24,control,M,30s,9,1,9.0,1368.0,194.48000000000002
2011-07-24,control,M,20s,30,1,30.0,291.0,501.14000000000004
2011-07-28,control,F,30s,6,2,6.0,1492.0,351.6
2011-07-28,control,F,20s,47,2,47.0,328.0,364.7399999999999
2011-08-01,control,F,20s,17,1,17.0,250.0,211.13999999999996
2011-08-01,control,F,30s,77,2,77.0,173.0,455.94000000000017
2011-08-02,control,M,40s,2,1,2.0,216.0,228.95999999999998
2011-08-03,test,M,20s,99,2,99.0,338.0,728.4000000000001
2011-08-03,test,F,30s,66,2,66.0,289.0,413.27
2011-08-17,control,F,50s,87,1,87.0,380.0,588.3599999999999
2011-08-18,control,M,40s,189,2,189.0,3079.0,4976.760000000004
2011-08-18,control,F,30s,33,2,33.0,457.0,1097.97
2011-08-25,test,M,40s,9,2,9.0,332.0,273.0
2011-08-25,control,F,20s,24,1,24.0,216.0,404.79999999999995
2011-08-26,control,M,20s,34,1,34.0,105.0,199.27999999999997
2011-09-01,control,F,50s,30,1,30.0,111.0,207.72999999999996
2011-09-04,control,M,20s,19,1,19.0,266.0,761.6800000000002
2011-09-05,test,F,20s,15,1,15.0,165.0,315.17
2011-09-09,test,F,30s,53,2,53.0,120.0,339.36999999999995
2011-09-09,test,F,20s,23,2,23.0,294.0,590.1999999999999
2011-09-11,test,M,50s,14,1,14.0,128.0,231.56
2011-09-12,test,F,20s,12,1,12.0,82.0,183.07999999999998
2011-09-12,test,M,50s,11,1,11.0,57.0,129.32999999999998
2011-09-18,control,F,40s,113,1,113.0,343.0,585.1799999999997
2011-09-20,test,M,20s,81,3,81.0,541.0,1238.9199999999996
2011-09-20,test,M,30s,14,1,14.0,158.0,324.1400000000001
2011-10-03,control,F,40s,30,1,30.0,267.0,782.5899999999998
2011-10-04,test,M,30s,53,2,53.0,690.0,1399.33
2011-10-05,control,F,20s,101,3,101.0,1374.0,2465.699999999999
2011-10-05,control,F,30s,19,2,19.0,187.0,367.8499999999999
2011-10-05,control,M,50s,10,1,10.0,546.0,609.7800000000001
2011-10-05,test,M,50s,29,2,29.0,510.0,863.6899999999999
2011-10-12,test,F,30s,133,1,133.0,359.0,568.6599999999996
2011-10-13,control,M,40s,109,2,109.0,1199.0,3020.13
2011-10-14,test,F,40s,20,1,20.0,240.0,729.6
2011-10-17,control,F,40s,25,1,25.0,365.0,543.4100000000001
2011-10-19,test,F,40s,201,3,201.0,938.0,1055.1999999999996
2011-10-27,control,F,50s,32,1,32.0,83.0,142.44
2011-10-28,test,F,30s,62,1,62.0,233.0,403.2499999999999
2011-10-28,test,F,20s,1,1,1.0,1992.0,1434.24
2011-10-31,control,F,40s,40,1,40.0,323.0,656.2500000000002
2011-11-04,control,M,50s,16,1,16.0,210.0,477.94000000000005
2011-11-04,test,F,50s,37,1,37.0,157.0,194.88
2011-11-04,test,M,50s,50,1,50.0,204.0,221.63000000000002
2011-11-06,test,M,40s,221,1,221.0,711.0,1112.1099999999994
2011-11-07,test,F,30s,37,2,37.0,1047.0,526.6999999999998
2011-11-08,test,M,40s,43,2,43.0,1015.0,1532.1699999999996
2011-11-09,test,M,30s,17,1,17.0,144.0,195.86
2011-11-13,control,M,20s,66,2,66.0,168.0,383.9699999999999
2011-11-13,control,M,30s,35,1,35.0,71.0,154.29000000000002
2011-11-14,test,F,40s,43,3,43.0,430.0,955.1599999999999
2011-11-16,control,F,40s,23,1,23.0,160.0,296.76000000000005
2011-11-17,test,M,20s,32,5,32.0,482.0,983.3200000000003
2011-11-18,control,M,20s,64,4,64.0,814.0,1474.0899999999997
2011-11-18,control,M,30s,14,1,14.0,141.0,316.45
2011-11-22,control,M,20s,47,3,47.0,2075.0,2789.089999999999
2011-11-22,control,F,30s,74,3,74.0,803.0,1021.2000000000003
2011-11-22,control,F,20s,19,2,19.0,89.0,420.74999999999994
2011-11-22,test,M,50s,45,2,45.0,188.0,387.34999999999985
2011-11-23,control,F,50s,7,1,7.0,285.0,314.81000000000006
2011-11-27,test,F,50s,183,4,183.0,611.0,1304.660000000001
2011-11-29,test,M,50s,16,2,16.0,218.0,371.6
2011-11-29,test,F,40s,23,2,23.0,289.0,614.99
2011-12-01,test,F,50s,35,1,35.0,167.0,235.44
2011-12-01,control,M,40s,90,3,90.0,580.0,1324.78
2011-12-02,control,F,40s,21,1,21.0,137.0,271.98999999999995
2011-12-04,control,M,30s,23,1,23.0,164.0,443.64
2011-12-08,test,F,30s,136,2,136.0,521.0,940.7299999999997
2011-12-08,test,F,20s,2,1,2.0,2700.0,1944.0
2010-12-01,test,M,40s,14,3,14.0,440.0,535.7199999999999
2010-12-01,control,F,30s,20,1,20.0,111.0,360.05000000000007
2010-12-03,test,M,40s,66,1,66.0,179.0,309.53999999999996
2010-12-05,control,M,40s,101,2,101.0,195.0,424.35
2010-12-13,control,F,50s,18,2,18.0,232.0,323.19000000000005
2010-12-14,test,M,20s,89,2,89.0,444.0,1194.34
2010-12-16,test,M,40s,79,2,79.0,1154.0,1594.42
2011-01-04,control,M,40s,24,2,24.0,203.0,278.26000000000005
2011-01-04,test,M,20s,65,2,65.0,383.0,991.8499999999999
2011-01-04,control,F,20s,17,1,17.0,26.0,112.30000000000001
2011-01-06,test,F,40s,16,1,16.0,288.0,623.6800000000001
2011-01-13,test,M,40s,38,2,38.0,119.0,406.0
2011-01-19,control,F,30s,45,1,45.0,133.0,192.26000000000002
2011-01-21,test,M,20s,5,1,5.0,334.0,304.02
2011-01-21,test,M,30s,21,1,21.0,226.0,424.32000000000005
2011-01-24,test,F,50s,45,2,45.0,1344.0,1450.6200000000001
2011-01-25,test,M,50s,39,4,39.0,1710.0,1241.7899999999995
2011-01-27,control,F,50s,41,3,41.0,338.0,1145.4699999999998
2011-01-28,test,F,40s,9,1,9.0,117.0,358.9
2011-02-02,control,F,50s,71,1,71.0,396.0,654.9599999999997
2011-02-07,control,M,40s,84,2,84.0,507.0,1974.8100000000002
2011-02-16,control,F,50s,13,1,13.0,129.0,348.57000000000005
2011-02-18,test,M,20s,5,1,5.0,108.0,152.4
2011-02-18,test,M,30s,1,1,1.0,15.0,6.3
2011-02-22,control,M,30s,15,1,15.0,169.0,253.74999999999997
2011-02-22,control,M,20s,44,1,44.0,189.0,307.25
2011-02-23,control,M,20s,36,2,36.0,751.0,1011.7999999999998
2011-02-28,control,F,30s,19,1,19.0,270.0,441.91999999999996
2011-02-28,test,M,20s,73,1,73.0,446.0,939.9800000000004
2011-02-28,test,M,30s,7,1,7.0,55.0,176.5
2011-03-02,control,M,40s,17,2,17.0,223.0,227.39000000000001
2011-03-11,test,M,20s,4,1,4.0,21.0,57.449999999999996
2011-03-17,control,M,40s,2,1,2.0,164.0,437.40000000000003
2011-03-22,test,F,20s,37,1,37.0,172.0,292.46999999999997
2011-03-23,control,M,50s,32,1,32.0,314.0,514.3
2011-03-30,test,F,30s,15,1,15.0,38.0,245.2
2011-04-01,control,F,30s,8,1,8.0,200.0,297.12
2011-04-01,control,F,20s,115,2,115.0,780.0,1587.9000000000003
2011-04-07,control,M,30s,8,1,8.0,97.0,102.11999999999998
2011-04-11,control,M,30s,9,1,9.0,71.0,151.64999999999998
2011-04-11,control,M,20s,21,1,21.0,218.0,293.23999999999995
2011-04-21,test,F,30s,50,1,50.0,107.0,293.20000000000005
2011-04-27,control,M,30s,30,1,30.0,368.0,414.1199999999999
2011-04-27,control,M,20s,26,1,26.0,291.0,201.19000000000003
2011-05-01,control,M,30s,1,1,1.0,18.0,53.1
2011-05-04,test,M,20s,33,1,33.0,249.0,756.7300000000001
2011-05-04,test,M,30s,32,1,32.0,117.0,271.8299999999999
2011-05-04,test,F,20s,35,1,35.0,372.0,1032.4599999999998
2011-05-11,test,F,20s,37,2,37.0,590.0,863.8500000000001
2011-05-11,test,F,30s,20,1,20.0,109.0,386.37
2011-05-11,test,M,40s,3,1,3.0,178.0,288.7
2011-05-11,control,F,40s,9,1,9.0,118.0,156.01999999999998
2011-05-19,test,F,30s,75,2,75.0,422.0,718.5200000000001
2011-05-22,test,M,20s,9,1,9.0,132.0,152.33999999999997
2011-05-25,test,M,30s,9,1,9.0,348.0,326.52000000000004
2011-05-25,test,M,20s,52,1,52.0,299.0,659.3499999999997
2011-06-13,test,F,50s,20,1,20.0,83.0,133.91
2011-06-15,control,F,30s,99,1,99.0,168.0,336.10999999999973
2011-06-21,control,M,50s,1,1,1.0,24.0,13.2
2011-06-21,test,F,40s,10,1,10.0,95.0,302.39000000000004
2011-06-23,test,M,40s,20,1,20.0,166.0,305.70000000000005
2011-06-29,control,F,50s,18,1,18.0,226.0,474.18000000000006
2011-06-30,control,F,30s,49,2,49.0,159.0,399.8200000000001
2011-07-01,control,F,50s,9,1,9.0,112.0,117.68
2011-07-07,control,M,50s,37,2,37.0,232.0,438.61999999999995
2011-07-08,test,F,40s,2,1,2.0,2.0,9.2
2011-07-13,control,M,20s,8,1,8.0,113.0,152.81
2011-07-14,control,M,20s,99,3,99.0,650.0,1256.7100000000005
2011-07-26,test,F,50s,13,2,13.0,150.0,231.62
2011-07-29,control,F,40s,16,2,16.0,278.0,413.34
2011-07-31,test,F,30s,59,1,59.0,123.0,220.19999999999996
2011-08-02,test,M,20s,219,1,219.0,2529.0,4008.6200000000013
2011-08-10,test,F,30s,31,1,31.0,307.0,521.4399999999999
2011-08-10,test,F,20s,1,1,1.0,600.0,432.0
2011-08-11,control,F,50s,19,1,19.0,137.0,292.87000000000006
2011-08-16,control,M,50s,16,1,16.0,248.0,429.11999999999995
2011-08-18,test,M,40s,33,2,33.0,344.0,572.4300000000001
2011-09-01,test,F,40s,23,1,23.0,530.0,345.1
2011-09-02,control,F,40s,37,2,37.0,537.0,959.2800000000001
2011-09-05,control,F,30s,8,1,8.0,207.0,356.75
2011-09-05,control,F,20s,44,1,44.0,573.0,775.94
2011-09-07,control,F,20s,11,2,11.0,112.0,170.44
2011-09-08,control,F,30s,8,1,8.0,52.0,126.74000000000001
2011-09-11,control,F,20s,109,2,109.0,594.0,1429.7700000000002
2011-09-11,control,F,30s,10,1,10.0,90.0,384.90000000000003
2011-09-14,control,M,20s,57,3,57.0,866.0,877.7900000000003
2011-09-14,control,M,30s,31,1,31.0,272.0,537.04
2011-09-18,test,F,30s,101,2,101.0,279.0,463.39
2011-09-19,test,M,20s,17,2,17.0,337.0,678.7900000000001
2011-09-19,test,M,30s,51,1,51.0,97.0,184.82999999999993
2011-09-20,test,F,50s,30,1,30.0,269.0,865.85
2011-09-22,control,F,30s,33,1,33.0,434.0,798.4600000000002
2011-09-25,test,F,20s,31,2,31.0,446.0,1077.29
2011-09-25,test,F,30s,24,1,24.0,281.0,202.64000000000001
2011-09-27,test,M,30s,88,3,88.0,1283.0,1823.3900000000003
2011-09-28,test,M,40s,65,2,65.0,488.0,836.1799999999995
2011-09-30,test,M,40s,97,2,97.0,586.0,741.9500000000004
2011-10-02,test,M,20s,47,1,47.0,217.0,474.8699999999999
2011-10-02,test,M,30s,84,2,84.0,336.0,740.0399999999998
2011-10-04,control,M,30s,24,1,24.0,322.0,489.4199999999999
2011-10-04,control,M,20s,19,1,19.0,193.0,301.87
2011-10-07,test,M,50s,28,2,28.0,7769.0,13822.119999999999
2011-10-12,control,M,20s,46,2,46.0,1094.0,1762.5400000000002
2011-10-19,test,M,50s,2,1,2.0,68.0,65.8
2011-10-21,control,F,30s,23,1,23.0,178.0,547.3399999999999
2011-10-21,control,F,20s,1,1,1.0,600.0,192.0
2011-10-24,control,F,20s,10,1,10.0,90.0,156.09999999999997
2011-10-24,control,F,30s,5,1,5.0,34.0,56.75
2011-10-26,control,M,30s,16,2,16.0,138.0,230.08
2011-10-26,test,F,40s,19,1,19.0,147.0,344.21999999999997
2011-10-26,control,F,50s,55,2,55.0,575.0,1380.4299999999996
2011-10-26,test,M,40s,56,3,56.0,1356.0,2118.200000000001
2011-10-26,control,M,20s,32,1,32.0,213.0,423.81
2011-10-28,test,M,30s,45,2,45.0,409.0,768.3500000000001
2011-10-28,test,M,20s,12,1,12.0,312.0,1912.7999999999997
2011-10-30,control,M,40s,159,3,159.0,845.0,1747.760000000002
2011-11-02,control,F,20s,33,1,33.0,102.0,303.07
2011-11-02,control,F,30s,18,1,18.0,46.0,113.48000000000002
2011-11-06,control,M,50s,96,2,96.0,250.0,529.37
2011-11-07,test,M,40s,134,3,134.0,685.0,1618.0900000000022
2011-11-11,test,F,50s,2,1,2.0,108.0,122.4
2011-11-13,test,M,20s,89,2,89.0,228.0,473.9499999999999
2011-11-13,test,M,30s,11,1,11.0,115.0,330.45000000000005
2011-11-16,test,F,30s,160,2,160.0,648.0,1199.6100000000004
2011-11-16,test,F,20s,24,2,24.0,738.0,726.8799999999999
2011-11-17,control,M,20s,20,3,20.0,251.0,383.84000000000003
2011-11-17,control,M,30s,64,1,64.0,116.0,177.90999999999994
2011-11-28,control,F,40s,83,1,83.0,663.0,404.66
2011-12-04,control,F,20s,44,2,44.0,470.0,822.9099999999999
2011-12-04,control,F,30s,114,3,114.0,651.0,1132.59
2011-12-05,test,F,40s,30,1,30.0,448.0,369.44
2011-12-07,test,F,50s,41,2,41.0,290.0,495.09000000000003
2010-12-01,control,F,50s,48,3,48.0,369.0,970.2500000000002
2010-12-07,control,M,40s,3,1,3.0,32.0,172.0
2010-12-08,control,F,40s,68,2,68.0,1752.0,2960.939999999998
2010-12-10,control,M,40s,1,1,1.0,30.0,202.5
2010-12-13,control,F,30s,2,1,2.0,490.0,218.1
2010-12-13,test,M,30s,57,1,57.0,843.0,1121.9200000000005
2010-12-13,control,F,20s,2,1,2.0,46.0,110.7
2010-12-14,test,M,50s,6,1,6.0,38.0,134.64999999999998
2010-12-14,control,M,40s,48,1,48.0,971.0,925.9200000000002
2010-12-15,control,M,40s,12,1,12.0,194.0,346.8
2011-01-04,test,M,50s,1,1,1.0,24.0,90.0
2011-01-05,control,F,50s,198,3,198.0,1685.0,1724.9500000000016
2011-01-06,control,M,40s,1,1,1.0,72.0,76.32000000000001
2011-01-07,test,F,40s,17,2,17.0,291.0,760.3900000000002
2011-01-10,test,F,20s,5,1,5.0,243.0,344.93999999999994
2011-01-13,control,M,50s,15,2,15.0,228.0,393.5
2011-01-16,test,F,20s,9,1,9.0,60.0,203.29999999999998
2011-01-16,test,F,30s,37,1,37.0,109.0,281.64000000000004
2011-01-18,control,M,40s,21,1,21.0,66.0,143.82
2011-01-19,control,F,50s,3,1,3.0,37.0,63.0
2011-01-24,test,F,30s,18,1,18.0,151.0,309.42999999999995
2011-01-27,control,F,20s,17,1,17.0,26.0,116.4
2011-01-30,control,F,50s,98,1,98.0,386.0,778.2600000000001
2011-01-31,test,M,40s,16,1,16.0,260.0,315.57
2011-02-02,control,F,30s,9,1,9.0,44.0,141.3
2011-02-02,control,M,40s,7,1,7.0,145.0,153.76
2011-02-03,control,F,30s,41,1,41.0,643.0,1177.8400000000001
2011-02-08,control,F,40s,25,2,25.0,211.0,609.5500000000001
2011-02-11,control,F,40s,10,1,10.0,88.0,136.3
2011-02-14,control,M,50s,6,1,6.0,28.0,114.99999999999999
2011-02-16,control,F,20s,1,1,1.0,600.0,390.0
2011-02-17,test,F,30s,116,2,116.0,1004.0,1202.710000000001
2011-02-17,test,F,20s,5,1,5.0,303.0,373.98
2011-02-24,control,F,40s,67,1,67.0,339.0,504.56
2011-02-25,test,F,40s,19,1,19.0,116.0,361.40000000000003
2011-02-28,test,M,50s,15,1,15.0,346.0,549.26
2011-03-03,test,M,40s,29,2,29.0,387.0,831.6299999999999
2011-03-03,control,M,30s,50,2,50.0,399.0,710.78
2011-03-03,control,M,20s,17,1,17.0,149.0,303.03
2011-03-09,control,F,40s,27,1,27.0,87.0,188.25
2011-03-10,test,M,50s,19,1,19.0,120.0,312.8
2011-03-11,control,F,50s,31,1,31.0,514.0,1794.1000000000001
2011-03-13,test,F,20s,63,1,63.0,124.0,220.47
2011-03-14,test,M,20s,28,1,28.0,172.0,377.88
2011-03-14,control,F,20s,2,1,2.0,80.0,140.0
2011-03-22,test,M,40s,41,1,41.0,664.0,657.6799999999998
2011-03-23,control,M,30s,5,1,5.0,150.0,170.94
2011-03-23,control,M,20s,3,1,3.0,300.0,495.0
2011-03-24,control,F,40s,36,1,36.0,356.0,837.5900000000001
2011-03-27,control,F,30s,4,1,4.0,57.0,121.95
2011-04-05,control,F,40s,20,1,20.0,489.0,304.13
2011-04-06,test,M,40s,48,3,48.0,619.0,1339.4499999999998
2011-04-06,control,F,40s,33,2,33.0,279.0,507.11999999999995
2011-04-07,control,M,50s,45,2,45.0,190.0,363.39
2011-04-10,control,M,40s,26,1,26.0,29.0,157.59999999999997
2011-04-11,control,M,50s,15,1,15.0,156.0,269.95
2011-04-17,test,M,30s,18,1,18.0,79.0,218.55000000000004
2011-04-21,test,F,50s,15,1,15.0,538.0,1007.9
2011-04-21,test,M,40s,13,1,13.0,162.0,232.68
2011-04-27,control,M,50s,80,3,80.0,1106.0,1891.8399999999992
2011-05-01,control,F,20s,14,1,14.0,522.0,810.5600000000001
2011-05-04,test,F,50s,12,2,12.0,143.0,386.85
2011-05-04,test,M,50s,11,1,11.0,40.0,114.04
2011-05-05,test,F,30s,27,2,27.0,342.0,520.0
2011-05-08,control,F,40s,13,2,13.0,139.0,294.98
2011-05-10,test,F,30s,60,2,60.0,148.0,224.71
2011-05-19,test,F,50s,27,1,27.0,425.0,384.58000000000004
2011-05-22,test,M,50s,30,1,30.0,215.0,508.11
2011-05-24,control,M,50s,46,2,46.0,621.0,896.0899999999998
2011-05-25,test,M,50s,18,1,18.0,142.0,314.70000000000005
2011-06-08,test,M,20s,36,1,36.0,681.0,891.4200000000002
2011-06-08,test,M,30s,56,1,56.0,205.0,336.84000000000003
2011-06-12,control,F,50s,16,1,16.0,96.0,302.24
2011-06-13,test,F,30s,80,1,80.0,130.0,259.07999999999987
2011-06-17,control,M,40s,36,1,36.0,170.0,233.52999999999997
2011-06-21,control,M,30s,30,1,30.0,104.0,195.9
2011-06-21,control,M,20s,29,1,29.0,1226.0,1966.66
2011-06-26,test,M,50s,27,1,27.0,408.0,667.0299999999999
2011-06-29,control,F,20s,15,1,15.0,147.0,282.23
2011-06-30,control,F,50s,16,1,16.0,38.0,264.80000000000007
2011-07-01,control,F,30s,22,1,22.0,239.0,306.75
2011-07-11,test,F,50s,96,2,96.0,962.0,1506.05
2011-07-13,control,F,50s,18,1,18.0,240.0,416.90000000000003
2011-07-13,control,M,50s,28,1,28.0,305.0,366.5199999999999
2011-07-14,control,M,50s,11,1,11.0,88.0,170.45
2011-07-15,control,F,40s,17,1,17.0,27.0,113.06000000000002
2011-07-26,test,F,20s,42,2,42.0,1539.0,2121.2000000000003
2011-08-01,test,F,40s,13,1,13.0,172.0,800.7600000000001
2011-08-08,test,F,50s,103,2,103.0,707.0,1329.1299999999997
2011-08-09,test,M,50s,41,2,41.0,302.0,621.7
2011-08-10,control,M,40s,88,1,88.0,1077.0,1127.3800000000006
2011-08-12,control,F,40s,24,1,24.0,55.0,153.85000000000002
2011-08-14,test,M,40s,13,1,13.0,166.0,188.40000000000003
2011-08-16,control,M,30s,8,1,8.0,77.0,194.55
2011-08-23,test,F,30s,85,1,85.0,224.0,552.6
2011-08-31,control,M,40s,1,1,1.0,216.0,386.64
2011-09-06,test,M,20s,30,1,30.0,326.0,556.2599999999999
2011-09-07,control,F,50s,17,1,17.0,342.0,588.3000000000002
2011-09-08,control,F,50s,63,1,63.0,459.0,405.4600000000001
2011-09-11,control,F,50s,217,1,217.0,723.0,818.9300000000012
2011-09-13,test,M,40s,34,2,34.0,368.0,609.02
2011-09-16,test,M,40s,79,1,79.0,487.0,1233.0100000000002
2011-09-20,test,F,30s,121,2,121.0,568.0,1162.37
2011-09-20,control,F,50s,32,1,32.0,254.0,630.2599999999998
2011-09-20,control,M,20s,27,2,27.0,207.0,504.72999999999996
2011-09-22,control,F,50s,54,1,54.0,642.0,869.5499999999997
2011-09-26,control,F,40s,16,1,16.0,166.0,223.92000000000002
2011-09-27,test,M,50s,3,1,3.0,56.0,142.38
2011-09-27,control,M,40s,22,1,22.0,97.0,226.50000000000003
2011-09-29,control,F,40s,14,1,14.0,204.0,303.68
2011-10-03,test,M,30s,20,2,20.0,100.0,3580.27
2011-10-03,test,F,50s,38,1,38.0,618.0,1315.38
2011-10-04,control,M,50s,8,1,8.0,1286.0,1110.36
2011-10-06,control,M,40s,133,3,133.0,486.0,788.6100000000002
2011-10-10,test,M,40s,55,2,55.0,206.0,436.9299999999999
2011-10-10,control,F,40s,7,1,7.0,148.0,120.3
2011-10-12,control,M,50s,1,1,1.0,18.0,6.48
2011-10-17,control,M,40s,2,1,2.0,246.0,482.4
2011-10-19,test,M,20s,117,4,117.0,907.0,2092.7200000000007
2011-10-19,test,M,30s,25,1,25.0,407.0,581.41
2011-10-21,test,M,40s,5,1,5.0,96.0,427.7
2011-10-25,control,F,40s,98,3,98.0,768.0,1405.22
2011-10-26,control,M,50s,150,4,150.0,909.0,2012.7100000000003
2011-10-26,control,F,30s,29,1,29.0,272.0,390.74
2011-11-01,test,F,40s,27,2,27.0,331.0,750.0800000000002
2011-11-03,test,F,40s,65,4,65.0,569.0,1547.1799999999998
2011-11-06,control,F,40s,97,1,97.0,166.0,367.92999999999984
2011-11-06,control,M,20s,141,2,141.0,1190.0,2006.9300000000003
2011-11-11,test,F,30s,110,2,110.0,289.0,488.55000000000007
2011-11-11,control,F,40s,95,2,95.0,758.0,1156.4
2011-11-14,control,F,40s,59,2,59.0,262.0,372.53999999999996
2011-11-15,test,M,30s,65,2,65.0,803.0,1144.7500000000007
2011-11-16,test,F,50s,11,1,11.0,221.0,450.95000000000005
2011-11-17,test,F,40s,46,1,46.0,107.0,159.64999999999995
2011-11-20,test,M,40s,56,1,56.0,272.0,316.42999999999995
2011-11-30,test,M,30s,168,3,168.0,920.0,1826.2600000000018
2011-11-30,test,M,20s,33,1,33.0,71.0,171.63
2011-11-30,test,F,40s,1,1,1.0,24.0,30.0
2011-12-02,control,M,40s,146,2,146.0,422.0,637.9599999999999
2011-12-04,control,F,50s,117,1,117.0,534.0,382.95999999999975
2011-12-06,control,F,40s,64,2,64.0,195.0,394.1699999999998
2011-12-07,test,F,20s,19,1,19.0,65.0,114.14
2011-12-07,test,F,30s,19,1,19.0,205.0,340.39000000000004
2011-12-08,test,M,40s,30,2,30.0,246.0,612.6899999999999
2010-12-05,test,F,20s,26,1,26.0,163.0,179.64
2010-12-05,test,F,30s,66,1,66.0,392.0,535.5999999999999
2010-12-06,control,M,50s,62,4,62.0,1826.0,3227.949999999999
2010-12-13,test,F,40s,7,1,7.0,336.0,418.9200000000001
2010-12-16,test,F,50s,87,2,87.0,348.0,526.91
2011-01-07,control,F,20s,1,1,1.0,2.0,9.3
2011-01-09,control,M,50s,30,1,30.0,66.0,267.20000000000005
2011-01-10,control,M,20s,33,1,33.0,365.0,434.04
2011-01-12,test,M,50s,12,2,12.0,149.0,400.0
2011-01-13,test,F,40s,10,1,10.0,109.0,397.79
2011-01-16,control,M,40s,1,1,1.0,648.0,810.0
2011-01-16,control,F,50s,26,1,26.0,274.0,156.00999999999996
2011-01-26,test,F,40s,4,1,4.0,156.0,193.79999999999998
2011-02-04,control,M,20s,53,1,53.0,159.0,347.2199999999998
2011-02-08,test,M,20s,3,1,3.0,11.0,52.349999999999994
2011-02-14,test,F,50s,15,1,15.0,269.0,321.05
2011-02-16,control,M,20s,59,4,59.0,1330.0,1828.23
2011-02-16,control,M,30s,60,2,60.0,868.0,1092.7100000000003
2011-02-24,test,F,50s,30,2,30.0,419.0,764.45
2011-03-01,control,M,50s,11,1,11.0,86.0,182.7
2011-03-03,test,F,30s,49,1,49.0,87.0,187.10999999999999
2011-03-03,test,F,20s,5,1,5.0,193.0,249.83999999999997
2011-03-07,test,M,20s,43,1,43.0,264.0,608.4499999999998
2011-03-07,test,M,30s,14,2,14.0,84.0,91.64999999999999
2011-03-07,control,F,20s,15,1,15.0,44.0,102.00000000000001
2011-03-08,control,M,30s,74,2,74.0,1300.0,1875.2900000000002
2011-03-08,control,M,20s,31,2,31.0,1501.0,1263.91
2011-03-18,control,M,20s,44,1,44.0,139.0,280.56999999999994
2011-03-23,control,F,40s,8,1,8.0,76.0,114.0
2011-03-24,control,M,20s,40,1,40.0,83.0,380.38999999999993
2011-03-24,control,M,30s,25,1,25.0,55.0,166.75000000000006
2011-03-31,test,F,40s,21,2,21.0,433.0,324.07000000000005
2011-04-03,control,M,50s,10,1,10.0,2341.0,1126.8300000000002
2011-04-04,test,M,20s,33,1,33.0,181.0,435.56
2011-04-04,test,M,30s,39,1,39.0,45.0,123.59000000000002
2011-04-08,control,M,30s,19,2,19.0,189.0,504.80000000000007
2011-04-10,test,F,40s,49,2,49.0,544.0,1041.0100000000002
2011-04-11,test,M,40s,20,1,20.0,146.0,310.26
2011-04-20,control,M,50s,70,5,70.0,869.0,1198.7899999999997
2011-04-27,control,F,50s,85,4,85.0,1062.0,1660.7399999999998
2011-04-27,test,M,50s,4,1,4.0,500.0,870.0
2011-04-28,control,M,20s,60,1,60.0,86.0,173.42999999999995
2011-05-01,test,M,30s,20,1,20.0,128.0,313.26000000000005
2011-05-06,test,M,50s,15,1,15.0,88.0,522.6
2011-05-13,control,F,50s,19,1,19.0,59.0,115.54000000000002
2011-05-19,control,F,40s,11,1,11.0,156.0,284.76000000000005
2011-05-20,control,M,40s,1,1,1.0,24.0,118.8
2011-05-22,control,M,50s,5,1,5.0,168.0,276.12
2011-06-01,test,M,20s,59,2,59.0,217.0,341.47999999999973
2011-06-08,control,M,50s,3,1,3.0,30.0,57.78
2011-06-17,test,F,40s,12,1,12.0,238.0,387.6599999999999
2011-06-19,control,M,20s,5,1,5.0,344.0,274.56
2011-06-26,control,M,40s,23,1,23.0,125.0,411.33
2011-06-30,test,F,50s,25,1,25.0,250.0,679.8800000000001
2011-07-06,control,M,40s,30,2,30.0,258.0,372.63
2011-07-10,test,F,20s,27,1,27.0,224.0,455.94999999999993
2011-07-10,test,F,30s,77,1,77.0,136.0,244.11999999999992
2011-07-11,control,M,50s,32,2,32.0,2220.0,1909.4000000000003
2011-07-13,test,M,40s,62,2,62.0,768.0,1282.9599999999998
2011-07-13,test,F,50s,36,2,36.0,529.0,760.5500000000002
2011-07-14,test,F,30s,5,1,5.0,6.0,30.5
2011-07-14,test,F,20s,3,1,3.0,12.0,95.4
2011-07-18,control,M,20s,29,1,29.0,382.0,675.7000000000002
2011-07-19,test,M,50s,12,1,12.0,207.0,358.57
2011-07-25,test,F,30s,120,2,120.0,1064.0,1122.26
2011-07-26,test,M,50s,13,1,13.0,110.0,214.82
2011-07-31,control,F,20s,71,2,71.0,168.0,513.9299999999998
2011-08-04,test,M,50s,31,1,31.0,152.0,788.8700000000001
2011-08-04,control,F,50s,54,1,54.0,267.0,372.24000000000007
2011-08-14,control,M,40s,10,1,10.0,131.0,193.75
2011-08-15,control,F,20s,44,1,44.0,629.0,1706.88
2011-08-17,test,F,30s,111,2,111.0,546.0,1008.4500000000002
2011-08-17,test,F,20s,3,1,3.0,2084.0,2209.04
2011-08-22,control,M,40s,9,1,9.0,224.0,305.02
2011-08-22,test,F,20s,1,1,1.0,48.0,408.0
2011-08-25,test,F,50s,21,2,21.0,246.0,425.76
2011-08-25,control,M,30s,22,2,22.0,215.0,589.7900000000001
2011-08-25,control,M,20s,33,2,33.0,340.0,882.8199999999996
2011-08-26,control,F,30s,4,1,4.0,258.0,301.91999999999996
2011-08-26,control,F,20s,20,1,20.0,191.0,278.73999999999995
2011-09-05,test,M,50s,70,3,70.0,989.0,2497.95
2011-09-11,control,M,20s,31,1,31.0,58.0,92.38
2011-09-12,control,M,40s,24,3,24.0,722.0,1099.56
2011-09-14,control,F,50s,11,1,11.0,400.0,737.7999999999998
2011-09-15,control,F,50s,42,1,42.0,416.0,679.68
2011-09-19,control,M,20s,14,1,14.0,1236.0,1043.1
2011-09-26,test,F,50s,15,1,15.0,76.0,225.76
2011-09-28,control,F,40s,15,1,15.0,149.0,282.69
2011-09-29,control,M,40s,29,1,29.0,338.0,576.65
2011-09-30,control,F,20s,13,1,13.0,239.0,400.61
2011-10-07,control,M,50s,137,2,137.0,410.0,935.2200000000006
2011-10-13,test,F,40s,10,1,10.0,52.0,166.6
2011-10-17,test,M,40s,2,1,2.0,2.0,622.04
2011-10-17,test,F,20s,5,1,5.0,74.0,331.9
2011-10-17,test,F,30s,85,1,85.0,239.0,413.98999999999995
2011-10-18,control,M,30s,15,1,15.0,128.0,223.35999999999999
2011-10-18,control,M,20s,52,4,52.0,665.0,900.4799999999999
2011-10-18,test,M,30s,12,1,12.0,108.0,301.40000000000003
2011-10-19,control,F,20s,6,1,6.0,78.0,85.8
2011-10-19,control,M,20s,72,2,72.0,628.0,1408.12
2011-10-20,control,M,40s,1,1,1.0,20.0,41.6
2011-10-23,test,F,40s,141,2,141.0,332.0,488.58000000000015
2011-10-25,test,F,30s,39,1,39.0,227.0,305.06000000000006
2011-10-25,test,M,50s,36,2,36.0,411.0,485.71
2011-10-25,test,F,20s,46,1,46.0,649.0,1462.4499999999998
2011-10-27,test,M,50s,20,2,20.0,298.0,601.6999999999998
2011-10-30,control,F,50s,127,3,127.0,1216.0,2979.380000000001
2011-10-31,test,M,40s,67,1,67.0,373.0,1014.5500000000005
2011-11-03,control,M,40s,25,1,25.0,376.0,656.9499999999998
2011-11-03,test,M,50s,29,1,29.0,336.0,528.0799999999999
2011-11-07,control,F,20s,14,1,14.0,65.0,166.92
2011-11-09,control,F,30s,21,2,21.0,190.0,822.6700000000001
2011-11-10,control,F,20s,21,1,21.0,342.0,288.14
2011-11-10,control,F,30s,86,3,86.0,258.0,666.7399999999998
2011-11-11,test,M,30s,216,4,216.0,1389.0,1803.4899999999996
2011-11-11,control,M,50s,40,1,40.0,611.0,1136.6799999999998
2011-11-11,test,M,20s,44,2,44.0,446.0,645.8600000000002
2011-11-14,test,M,50s,38,2,38.0,208.0,469.47999999999996
2011-11-18,control,F,50s,37,2,37.0,423.0,719.2
2011-11-24,control,F,50s,69,2,69.0,741.0,2062.4599999999996
2011-11-24,test,F,30s,123,3,123.0,580.0,699.6999999999999
2011-11-27,test,M,20s,117,3,117.0,939.0,1049.13
2011-11-29,control,M,40s,2,2,2.0,72.0,67.92
2011-11-30,control,M,40s,8,1,8.0,140.0,991.1999999999999
2011-12-07,test,M,40s,74,2,74.0,390.0,959.5699999999999
2011-12-09,test,F,40s,39,2,39.0,628.0,1255.35
2010-12-01,test,F,50s,86,3,86.0,371.0,770.83
2010-12-02,control,F,20s,33,3,33.0,756.0,925.28
2010-12-07,control,F,30s,31,1,31.0,139.0,338.69999999999993
2010-12-08,test,F,30s,30,2,30.0,347.0,447.28999999999996
2010-12-09,control,F,20s,17,1,17.0,48.0,119.45000000000002
2010-12-14,test,F,50s,17,2,17.0,128.0,254.12
2010-12-16,control,M,50s,109,8,109.0,1229.0,2171.99
2010-12-20,test,F,40s,18,1,18.0,62.0,221.40000000000003
2010-12-22,test,F,30s,58,2,58.0,826.0,736.0600000000001
2010-12-23,test,M,30s,3,1,3.0,120.0,344.88
2011-01-05,control,M,50s,6,1,6.0,224.0,229.56
2011-01-09,test,M,40s,36,1,36.0,171.0,380.68
2011-01-12,control,M,40s,16,1,16.0,144.0,547.5
2011-01-14,test,F,40s,10,1,10.0,78.0,225.9
2011-01-24,control,M,30s,5,1,5.0,109.0,163.49999999999997
2011-01-24,control,F,30s,73,2,73.0,296.0,601.2599999999999
2011-01-27,control,M,50s,44,2,44.0,97.0,181.29
2011-01-27,test,M,50s,19,1,19.0,210.0,283.74
2011-01-28,control,F,50s,36,2,36.0,303.0,700.7399999999999
2011-02-09,test,F,50s,53,2,53.0,553.0,1071.17
2011-02-11,test,F,30s,71,2,71.0,911.0,2691.2499999999995
2011-02-15,control,F,40s,18,1,18.0,52.0,120.16
2011-02-18,control,M,20s,36,2,36.0,461.0,730.76
2011-02-20,test,F,20s,73,1,73.0,107.0,298.3799999999999
2011-02-25,test,M,50s,12,1,12.0,85.0,234.15
2011-03-01,test,F,30s,48,1,48.0,257.0,272.05000000000007
2011-03-09,control,M,20s,40,1,40.0,314.0,924.5400000000001
2011-03-10,control,M,30s,16,1,16.0,167.0,185.14999999999998
2011-03-10,control,F,30s,34,2,34.0,363.0,528.45
2011-03-10,test,F,40s,16,1,16.0,246.0,209.94000000000005
2011-03-11,test,F,20s,1,1,1.0,480.0,345.6
2011-03-17,test,F,40s,1,1,1.0,12.0,71.4
2011-03-17,test,M,20s,8,1,8.0,388.0,606.84
2011-03-17,test,M,30s,24,1,24.0,34.0,101.35000000000002
2011-03-23,test,M,40s,32,1,32.0,404.0,589.4
2011-03-25,test,M,50s,9,1,9.0,864.0,1490.88
2011-03-25,control,M,50s,15,1,15.0,99.0,161.89000000000004
2011-03-28,control,F,20s,20,1,20.0,178.0,329.44
2011-03-29,control,F,40s,32,2,32.0,507.0,594.0500000000003
2011-03-29,test,F,40s,8,1,8.0,48.0,113.3
2011-03-31,control,M,50s,12,1,12.0,246.0,301.6
2011-04-01,test,M,50s,40,2,40.0,424.0,524.0800000000002
2011-04-03,control,F,50s,95,1,95.0,515.0,704.5999999999999
2011-04-13,test,M,20s,114,4,114.0,774.0,1508.9000000000003
2011-04-13,test,M,30s,6,1,6.0,248.0,186.88000000000002
2011-04-14,control,M,40s,13,1,13.0,356.0,391.03999999999996
2011-04-14,test,F,50s,8,1,8.0,338.0,301.42
2011-04-26,control,M,20s,6,1,6.0,26.0,103.30000000000001
2011-05-09,control,M,40s,17,1,17.0,89.0,147.15000000000003
2011-05-12,control,F,40s,36,2,36.0,737.0,1181.6999999999998
2011-05-12,control,M,20s,79,2,79.0,328.0,1201.35
2011-05-12,control,M,30s,8,1,8.0,222.0,281.65999999999997
2011-05-17,control,M,50s,33,1,33.0,180.0,326.4800000000001
2011-05-18,control,M,20s,50,2,50.0,544.0,1259.9299999999998
2011-05-23,test,M,20s,35,2,35.0,295.0,870.75
2011-05-23,test,F,20s,1,1,1.0,24.0,204.0
2011-05-23,test,F,30s,80,1,80.0,179.0,320.47999999999996
2011-05-23,test,M,30s,4,1,4.0,180.0,109.80000000000001
2011-05-24,test,F,30s,123,2,123.0,539.0,1197.0799999999997
2011-05-26,control,M,40s,16,1,16.0,590.0,330.4200000000001
2011-05-31,test,F,50s,115,2,115.0,686.0,1157.1700000000012
2011-06-02,test,M,50s,20,1,20.0,73.0,235.23000000000002
2011-06-03,control,M,40s,47,1,47.0,356.0,1109.3199999999997
2011-06-06,test,F,50s,38,2,38.0,278.0,745.74
2011-06-09,control,F,20s,16,2,16.0,332.0,771.0
2011-06-09,control,M,50s,53,2,53.0,303.0,597.8199999999999
2011-06-09,test,F,50s,55,2,55.0,350.0,673.2999999999997
2011-06-12,test,F,30s,24,1,24.0,40.0,110.78000000000002
2011-06-12,test,F,20s,32,1,32.0,688.0,375.04
2011-06-16,test,F,50s,20,1,20.0,153.0,376.77000000000004
2011-06-17,control,F,40s,29,1,29.0,378.0,654.1800000000002
2011-06-22,test,M,30s,65,1,65.0,389.0,291.98999999999995
2011-06-23,control,F,50s,22,1,22.0,197.0,330.11
2011-06-24,test,M,20s,10,1,10.0,162.0,229.26
2011-06-27,control,F,20s,9,1,9.0,58.0,171.98
2011-06-27,control,F,30s,68,2,68.0,242.0,330.41
2011-06-28,control,F,20s,24,2,24.0,956.0,355.5599999999999
2011-07-01,test,F,40s,3,1,3.0,132.0,351.48
2011-07-03,control,F,40s,32,1,32.0,171.0,155.79999999999998
2011-07-04,control,M,50s,15,1,15.0,270.0,457.3
2011-07-12,control,F,50s,15,1,15.0,146.0,305.1
2011-07-17,control,M,30s,9,1,9.0,133.0,250.95
2011-07-17,control,M,20s,25,1,25.0,68.0,140.76
2011-07-21,control,F,20s,31,2,31.0,331.0,378.9699999999999
2011-07-24,test,F,40s,3,1,3.0,144.0,354.24
2011-07-27,control,M,30s,72,2,72.0,723.0,1241.0600000000002
2011-07-27,control,M,20s,12,2,12.0,297.0,754.1999999999999
2011-08-03,control,M,30s,25,1,25.0,274.0,444.2200000000001
2011-08-03,control,M,20s,39,3,39.0,1661.0,1837.1599999999999
2011-08-04,test,F,40s,24,1,24.0,196.0,476.29999999999995
2011-08-07,control,M,40s,32,2,32.0,459.0,910.3100000000001
2011-08-10,control,F,30s,63,2,63.0,379.0,390.06999999999994
2011-08-12,control,M,20s,20,1,20.0,180.0,366.11
2011-08-21,test,F,40s,25,1,25.0,321.0,504.19
2011-08-24,test,M,50s,21,2,21.0,680.0,1294.9200000000003
2011-08-28,control,M,50s,1,1,1.0,12.0,35.400000000000006
2011-09-01,control,M,40s,16,1,16.0,98.0,125.55
2011-09-04,test,M,20s,70,1,70.0,223.0,457.8
2011-09-06,control,F,50s,43,1,43.0,707.0,2423.2700000000004
2011-09-06,control,M,50s,24,2,24.0,1744.0,1197.7600000000002
2011-09-06,test,F,20s,2,1,2.0,12.0,99.0
2011-09-06,test,F,30s,138,1,138.0,367.0,591.8599999999998
2011-09-08,control,M,30s,13,1,13.0,224.0,310.2
2011-09-09,test,M,40s,45,1,45.0,372.0,1087.6999999999998
2011-09-13,control,M,30s,30,2,30.0,110.0,278.54
2011-09-13,control,M,20s,30,1,30.0,361.0,679.69
2011-09-13,test,F,50s,23,1,23.0,157.0,431.96999999999997
2011-09-16,test,F,30s,116,1,116.0,1677.0,2582.7799999999993
2011-09-16,test,F,20s,16,1,16.0,170.0,271.28
2011-09-19,test,F,50s,2,1,2.0,20.0,75.0
2011-09-21,test,M,40s,14,1,14.0,254.0,315.1
2011-09-21,control,F,30s,22,1,22.0,458.0,569.34
2011-09-21,control,F,20s,33,2,33.0,760.0,1246.42
2011-09-22,test,F,20s,57,2,57.0,703.0,940.6700000000002
2011-09-22,control,M,20s,100,2,100.0,1038.0,2082.7799999999997
2011-09-22,control,M,30s,34,1,34.0,205.0,514.1299999999999
2011-09-23,control,M,50s,9,1,9.0,309.0,417.5
2011-09-25,test,M,50s,28,2,28.0,262.0,454.0499999999998
2011-09-27,control,F,50s,124,1,124.0,366.0,383.6599999999998
2011-09-28,control,M,50s,41,2,41.0,315.0,850.1500000000002
2011-09-28,test,F,30s,233,3,233.0,624.0,1504.780000000001
2011-09-29,test,F,30s,60,2,60.0,268.0,595.1
2011-09-29,test,F,20s,13,1,13.0,202.0,383.12
2011-09-30,test,F,40s,62,2,62.0,696.0,1788.6400000000006
2011-10-03,control,M,20s,21,1,21.0,279.0,607.33
2011-10-09,test,M,40s,20,1,20.0,49.0,129.93
2011-10-10,control,M,20s,113,2,113.0,249.0,591.1599999999995
2011-10-13,control,F,20s,30,1,30.0,318.0,429.41999999999996
2011-10-14,test,M,20s,32,2,32.0,190.0,322.96999999999997
2011-10-20,test,F,30s,21,2,21.0,308.0,864.9900000000004
2011-10-20,test,F,20s,27,1,27.0,39.0,119.25
2011-10-21,test,F,40s,53,2,53.0,654.0,745.3600000000004
2011-10-23,control,M,50s,17,1,17.0,38.0,211.10000000000002
2011-10-24,control,M,20s,62,1,62.0,8864.0,11523.2
2011-10-25,control,M,50s,3,2,3.0,1548.0,633.96
2011-11-01,test,M,20s,20,1,20.0,53.0,137.97000000000003
2011-11-01,control,F,40s,13,1,13.0,17.0,43.470000000000006
2011-11-02,control,M,40s,17,1,17.0,202.0,299.37999999999994
2011-11-10,test,F,20s,1,1,1.0,1000.0,1790.0
2011-11-10,test,F,30s,21,2,21.0,257.0,483.4000000000001
2011-11-15,control,M,50s,102,4,102.0,1746.0,1598.2600000000007
2011-11-15,test,F,20s,19,1,19.0,460.0,835.97
2011-11-16,control,M,50s,41,2,41.0,369.0,717.2500000000005
2011-11-18,test,M,20s,2,1,2.0,16.0,92.4
2011-11-20,control,M,40s,106,3,106.0,511.0,599.46
2011-11-20,test,F,20s,95,2,95.0,433.0,926.8899999999999
2011-11-20,test,F,30s,93,1,93.0,368.0,444.46999999999986
2011-11-21,test,F,50s,75,3,75.0,905.0,1391.4599999999998
2011-11-23,test,F,40s,11,1,11.0,111.0,219.22999999999996
2011-11-24,control,M,40s,2,1,2.0,36.0,39.480000000000004
2011-11-24,test,M,50s,59,2,59.0,258.0,412.03000000000003
2011-11-29,control,F,50s,7,1,7.0,407.0,444.87000000000006
2011-11-30,control,F,50s,16,1,16.0,129.0,271.75
2011-12-04,test,M,20s,55,1,55.0,94.0,212.14000000000004
2011-12-04,test,M,30s,106,3,106.0,525.0,873.8200000000004
2011-12-04,test,F,50s,17,1,17.0,149.0,240.66999999999996
2011-12-05,control,F,30s,133,5,133.0,652.0,1001.1900000000005
2011-12-05,control,F,20s,9,1,9.0,192.0,297.47999999999996
2011-12-05,test,M,40s,79,2,79.0,399.0,536.5100000000002
2011-12-06,test,M,30s,29,2,29.0,230.0,452.87000000000006
2011-12-06,test,M,20s,3,1,3.0,180.0,302.04
2011-12-06,control,M,40s,1,1,1.0,24.0,61.2
2011-12-07,control,M,20s,39,2,39.0,402.0,778.4699999999998
2010-12-01,test,F,20s,1,1,1.0,128.0,326.4
2010-12-01,test,F,30s,79,3,79.0,395.0,1136.7800000000007
2010-12-02,control,M,40s,50,1,50.0,142.0,210.24
2010-12-07,test,M,30s,1,1,1.0,2.0,19.9
2010-12-07,control,F,50s,5,1,5.0,20.0,139.0
2010-12-08,test,F,50s,86,1,86.0,1665.0,2671.27
2010-12-09,control,F,50s,52,3,52.0,559.0,1570.4500000000007
2010-12-10,test,M,40s,29,2,29.0,115.0,343.20000000000005
2010-12-14,test,F,30s,110,2,110.0,395.0,815.8500000000005
2010-12-16,control,M,20s,16,1,16.0,126.0,228.5
2011-01-05,control,M,20s,51,1,51.0,591.0,1145.3300000000002
2011-01-07,test,M,40s,37,2,37.0,398.0,835.8000000000001
2011-01-12,test,F,40s,12,2,12.0,430.0,1603.5
2011-01-17,test,M,40s,25,2,25.0,247.0,542.6500000000001
2011-01-19,test,F,30s,28,2,28.0,92.0,478.43
2011-01-23,control,M,30s,12,1,12.0,126.0,514.5
2011-01-24,control,M,50s,58,3,58.0,514.0,768.3000000000002
2011-01-24,test,M,20s,28,1,28.0,193.0,573.2099999999998
2011-01-26,control,M,40s,26,2,26.0,163.0,554.55
2011-01-27,control,M,30s,18,1,18.0,51.0,133.45000000000002
2011-01-27,control,M,20s,16,1,16.0,127.0,305.25
2011-01-27,test,M,20s,54,1,54.0,171.0,247.54
2011-01-28,control,F,20s,16,1,16.0,63.0,150.88
2011-02-04,test,F,50s,3,1,3.0,118.0,353.1
2011-02-09,control,M,20s,13,1,13.0,160.0,168.90000000000003
2011-02-09,control,F,40s,20,1,20.0,372.0,691.3599999999997
2011-02-09,control,M,30s,11,1,11.0,61.0,148.4
2011-02-11,control,M,20s,66,2,66.0,408.0,603.1100000000005
2011-02-16,test,M,30s,6,1,6.0,62.0,77.5
2011-02-16,test,M,20s,39,2,39.0,563.0,1095.6200000000001
2011-02-18,control,M,50s,15,1,15.0,149.0,298.73
2011-02-18,test,F,30s,1,1,1.0,2.0,5.1
2011-02-21,control,M,40s,48,1,48.0,548.0,773.6600000000001
2011-02-25,test,M,30s,20,1,20.0,141.0,389.50000000000006
2011-03-01,test,M,40s,12,1,12.0,255.0,307.61999999999995
2011-03-01,test,F,50s,44,2,44.0,326.0,276.12000000000006
2011-03-10,control,M,50s,38,2,38.0,390.0,590.4799999999998
2011-03-10,control,F,50s,29,1,29.0,87.0,124.95
2011-03-16,test,M,50s,66,3,66.0,1132.0,2553.0300000000007
2011-03-18,test,F,40s,16,1,16.0,203.0,302.6
2011-03-25,test,M,30s,23,1,23.0,264.0,357.9100000000001
2011-03-25,control,M,20s,99,2,99.0,628.0,1624.8600000000004
2011-03-25,test,M,20s,28,1,28.0,158.0,654.7500000000001
2011-03-28,test,M,20s,72,3,72.0,603.0,1084.9700000000005
2011-03-28,test,M,30s,14,1,14.0,183.0,469.05
2011-03-31,control,M,30s,8,1,8.0,906.0,375.35
2011-03-31,control,M,20s,2,1,2.0,4.0,11.8
2011-04-05,control,M,50s,2,1,2.0,120.0,594.0
2011-04-10,test,M,50s,26,1,26.0,190.0,476.49
2011-04-12,control,F,50s,22,1,22.0,380.0,314.52000000000004
2011-04-12,test,M,30s,7,1,7.0,180.0,311.16
2011-04-12,test,M,20s,43,1,43.0,358.0,317.32
2011-04-12,test,F,30s,14,1,14.0,129.0,293.96
2011-04-13,control,F,40s,6,1,6.0,50.0,110.1
2011-04-14,test,F,30s,165,3,165.0,965.0,2760.5699999999983
2011-04-14,control,F,30s,19,1,19.0,66.0,128.25
2011-04-14,control,F,20s,6,1,6.0,29.0,258.75
2011-04-15,test,M,20s,19,1,19.0,440.0,639.48
2011-04-17,control,M,40s,82,2,82.0,317.0,532.5099999999999
2011-04-18,test,F,40s,18,1,18.0,157.0,306.05
2011-04-19,control,F,50s,80,2,80.0,997.0,1726.1799999999994
2011-04-26,control,M,50s,8,1,8.0,260.0,314.91999999999996
2011-05-03,test,F,30s,103,2,103.0,382.0,701.7100000000002
2011-05-03,test,F,20s,55,2,55.0,218.0,464.56999999999994
2011-05-09,test,F,40s,2,1,2.0,26.0,38.3
2011-05-10,test,M,20s,28,1,28.0,180.0,522.96
2011-05-10,test,M,30s,48,1,48.0,61.0,125.52999999999999
2011-05-11,control,M,40s,96,2,96.0,545.0,904.8999999999995
2011-05-12,control,M,50s,37,1,37.0,406.0,501.38
2011-05-16,control,M,50s,26,1,26.0,115.0,120.82000000000002
2011-05-17,control,M,20s,33,1,33.0,74.0,135.35000000000005
2011-05-18,control,M,50s,5,1,5.0,228.0,259.32000000000005
2011-05-23,test,F,50s,27,1,27.0,109.0,188.16000000000003
2011-05-24,test,F,50s,40,3,40.0,400.0,683.3999999999999
2011-05-27,test,M,40s,33,1,33.0,336.0,559.8699999999999
2011-05-31,test,F,20s,1,1,1.0,96.0,816.0
2011-05-31,test,F,30s,71,1,71.0,160.0,197.55000000000007
2011-06-01,control,F,50s,35,2,35.0,569.0,748.7900000000002
2011-06-05,test,F,40s,8,2,8.0,251.0,714.33
2011-06-06,test,F,30s,58,2,58.0,253.0,642.5699999999999
2011-06-09,control,M,30s,16,1,16.0,130.0,264.42
2011-06-09,control,M,20s,37,2,37.0,212.0,437.44000000000017
2011-06-09,test,F,20s,2,1,2.0,16.0,115.2
2011-06-09,test,F,30s,64,1,64.0,200.0,538.4300000000001
2011-06-16,test,F,30s,86,2,86.0,396.0,715.5999999999998
2011-06-16,test,F,20s,15,1,15.0,99.0,263.09
2011-06-21,test,M,20s,44,1,44.0,271.0,653.3000000000003
2011-06-22,test,M,50s,42,2,42.0,540.0,558.37
2011-06-22,control,F,20s,20,1,20.0,112.0,406.30000000000007
2011-06-22,test,F,40s,20,1,20.0,211.0,459.8399999999999
2011-06-23,test,F,40s,20,1,20.0,69.0,127.19000000000007
2011-06-27,control,M,50s,48,1,48.0,152.0,220.94999999999996
2011-06-28,control,F,50s,1,1,1.0,12.0,51.0
2011-06-29,control,M,20s,8,1,8.0,480.0,856.32
2011-06-29,control,M,30s,15,1,15.0,44.0,170.42000000000002
2011-07-04,control,M,20s,23,1,23.0,421.0,361.34
2011-07-05,control,M,40s,5,1,5.0,576.0,1141.2
2011-07-10,control,M,40s,15,1,15.0,67.0,149.01999999999998
2011-07-12,control,F,30s,2,1,2.0,128.0,326.4
2011-07-21,control,F,50s,32,1,32.0,304.0,746.5699999999999
2011-07-25,control,F,30s,6,1,6.0,39.0,106.45000000000002
2011-07-25,control,F,20s,8,1,8.0,93.0,113.95000000000002
2011-07-27,control,M,50s,34,2,34.0,481.0,772.0799999999999
2011-08-03,control,M,50s,33,2,33.0,376.0,844.46
2011-08-11,test,F,40s,35,1,35.0,424.0,471.3200000000001
2011-08-12,control,M,50s,1,1,1.0,320.0,528.0
2011-08-18,test,F,40s,26,2,26.0,321.0,639.53
2011-08-24,test,M,20s,30,3,30.0,402.0,668.3600000000002
2011-08-24,test,F,20s,42,1,42.0,398.0,424.15000000000003
2011-08-24,test,M,30s,170,2,170.0,839.0,851.6499999999988
2011-08-26,test,M,50s,2,1,2.0,4.0,185.9
2011-08-28,control,M,30s,50,1,50.0,355.0,391.30999999999995
2011-09-04,test,F,40s,5,1,5.0,93.0,323.73
2011-09-04,control,F,20s,27,1,27.0,216.0,573.4599999999999
2011-09-04,control,F,30s,44,2,44.0,138.0,417.66
2011-09-06,control,M,20s,66,3,66.0,1136.0,1755.8100000000004
2011-09-06,test,F,50s,4,1,4.0,78.0,310.6
2011-09-06,control,F,30s,29,2,29.0,116.0,273.64
2011-09-06,control,M,30s,4,1,4.0,48.0,64.8
2011-09-07,test,M,40s,22,1,22.0,316.0,353.47999999999996
2011-09-12,control,F,50s,17,1,17.0,214.0,362.17999999999995
2011-09-13,test,F,30s,42,1,42.0,316.0,259.90000000000003
2011-09-16,test,F,50s,46,1,46.0,606.0,987.7200000000001
2011-09-19,test,F,30s,15,2,15.0,114.0,307.66
2011-09-22,control,M,50s,28,1,28.0,278.0,524.26
2011-09-23,control,F,20s,2,1,2.0,289.0,306.53000000000003
2011-09-23,control,M,20s,104,3,104.0,991.0,2259.79
2011-09-23,test,M,30s,81,2,81.0,1311.0,868.8300000000002
2011-09-23,control,M,30s,29,1,29.0,319.0,454.10999999999984
2011-09-27,control,F,20s,4,2,4.0,70.0,389.53999999999996
2011-09-27,control,F,30s,11,1,11.0,152.0,305.5400000000001
2011-09-28,control,M,30s,21,1,21.0,264.0,308.40000000000003
2011-09-28,control,M,20s,14,1,14.0,52.0,266.25
2011-09-29,test,F,50s,114,2,114.0,753.0,1551.8099999999995
2011-10-03,control,M,50s,46,1,46.0,799.0,1064.2800000000002
2011-10-06,test,F,20s,33,2,33.0,347.0,1052.3200000000002
2011-10-06,test,F,30s,22,1,22.0,178.0,295.93
2011-10-10,control,M,50s,34,2,34.0,3102.0,2024.2700000000002
2011-10-14,test,M,50s,90,2,90.0,995.0,1459.3099999999997
2011-10-20,test,F,50s,23,1,23.0,287.0,324.3900000000001
2011-10-23,control,M,30s,19,1,19.0,52.0,176.7
2011-10-23,control,F,30s,19,1,19.0,147.0,196.93000000000004
2011-10-23,control,M,20s,34,1,34.0,56.0,111.81000000000003
2011-10-23,test,M,40s,85,1,85.0,302.0,371.0299999999998
2011-10-23,control,F,20s,30,1,30.0,302.0,248.60999999999999
2011-10-24,test,M,40s,63,2,63.0,891.0,1115.09
2011-10-25,control,M,20s,1,1,1.0,288.0,432.0
2011-10-27,control,M,40s,48,2,48.0,784.0,870.0000000000001
2011-10-28,control,F,30s,7,1,7.0,45.0,373.65
2011-10-28,control,F,20s,8,1,8.0,75.0,120.38
2011-10-30,test,M,30s,72,1,72.0,192.0,342.89999999999986
2011-10-30,test,M,20s,43,1,43.0,148.0,269.03
2011-11-01,test,M,50s,5,1,5.0,382.0,632.3
2011-11-09,test,F,20s,20,2,20.0,212.0,389.7800000000001
2011-11-09,test,F,30s,79,1,79.0,486.0,446.9799999999998
2011-11-10,test,F,50s,116,1,116.0,1690.0,3893.789999999999
2011-11-15,control,M,30s,8,1,8.0,230.0,135.86
2011-11-15,control,M,20s,46,3,46.0,173.0,586.47
2011-11-15,test,F,50s,30,1,30.0,92.0,172.64999999999998
2011-11-16,test,M,40s,7,2,7.0,209.0,304.16
2011-11-16,control,M,20s,25,1,25.0,262.0,409.02
2011-11-16,control,M,30s,28,1,28.0,200.0,238.92
2011-11-18,test,M,50s,102,3,102.0,338.0,509.43999999999977
2011-11-20,test,F,50s,79,2,79.0,243.0,429.12999999999994
2011-11-21,test,F,30s,76,2,76.0,237.0,539.26
2011-11-21,test,F,20s,22,1,22.0,272.0,453.0800000000001
2011-11-23,control,M,40s,2,1,2.0,24.0,233.39999999999998
2011-11-24,test,M,20s,46,3,46.0,498.0,479.90999999999997
2011-11-24,test,M,30s,12,1,12.0,242.0,317.5
2011-11-25,control,F,40s,5,1,5.0,70.0,151.38000000000002
2011-11-25,test,F,40s,73,3,73.0,522.0,1010.3900000000003
2011-11-25,test,M,20s,86,5,86.0,721.0,1195.3300000000002
2011-11-29,control,F,20s,10,1,10.0,255.0,310.7800000000001
2011-11-30,control,F,30s,27,2,27.0,159.0,490.03
2011-12-02,test,M,40s,59,4,59.0,623.0,1253.7099999999991
2011-12-04,test,F,30s,20,1,20.0,95.0,149.81000000000006
2011-12-04,test,F,20s,14,1,14.0,298.0,442.3
2011-12-05,control,F,50s,20,1,20.0,156.0,328.95000000000005
2011-12-06,test,F,30s,220,2,220.0,938.0,1655.0000000000007
2011-12-06,test,F,20s,49,1,49.0,1152.0,730.38
2011-12-07,control,M,50s,22,3,22.0,836.0,1862.3999999999994
2011-12-08,control,F,40s,15,1,15.0,189.0,186.46999999999997
2010-12-01,test,M,30s,1,1,1.0,8.0,79.6
2010-12-03,test,M,30s,27,3,27.0,186.0,461.68
2010-12-03,control,F,50s,11,1,11.0,42.0,334.29999999999995
2010-12-05,control,M,20s,74,3,74.0,725.0,1289.8899999999999
2010-12-05,control,M,30s,69,1,69.0,252.0,423.51999999999987
2010-12-07,control,M,50s,12,1,12.0,476.0,713.88
2010-12-08,control,F,50s,10,1,10.0,151.0,514.39
2010-12-12,control,M,30s,62,1,62.0,88.0,212.60000000000005
2010-12-12,control,M,20s,46,1,46.0,128.0,172.70999999999992
2010-12-14,control,M,50s,3,1,3.0,40.0,101.99999999999999
2010-12-14,test,M,40s,29,2,29.0,311.0,540.0499999999998
2010-12-15,control,M,50s,8,1,8.0,168.0,219.6
2010-12-16,test,M,20s,29,3,29.0,367.0,664.1700000000001
2011-01-04,control,M,20s,3,1,3.0,34.0,109.3
2011-01-06,test,F,20s,5,2,5.0,959.0,1357.35
2011-01-06,control,M,50s,21,1,21.0,366.0,417.3
2011-01-06,test,F,30s,13,1,13.0,149.0,175.14999999999998
2011-01-07,test,F,50s,8,1,8.0,94.0,165.88
2011-01-11,control,M,50s,9,1,9.0,348.0,602.4399999999999
2011-01-13,test,M,20s,36,3,36.0,265.0,656.39
2011-01-13,test,M,30s,36,1,36.0,294.0,336.07000000000005
2011-01-19,control,M,50s,57,1,57.0,182.0,335.6299999999999
2011-01-21,test,M,40s,30,1,30.0,73.0,125.13000000000004
2011-01-28,test,F,20s,3,1,3.0,24.0,166.8
2011-01-28,test,F,30s,58,2,58.0,700.0,989.9099999999996
2011-01-30,test,F,20s,61,2,61.0,160.0,257.84999999999985
2011-01-30,test,F,30s,25,1,25.0,82.0,165.9
2011-01-31,control,M,50s,82,3,82.0,1256.0,1451.2400000000002
2011-01-31,test,M,50s,10,1,10.0,114.0,177.5
2011-02-02,control,M,50s,21,1,21.0,199.0,349.27000000000004
2011-02-14,control,M,40s,22,2,22.0,258.0,1125.34
2011-02-20,control,F,30s,13,1,13.0,110.0,177.68
2011-02-23,control,M,40s,40,1,40.0,711.0,622.88
2011-02-24,control,F,50s,9,1,9.0,68.0,116.19999999999997
2011-02-27,control,F,50s,34,2,34.0,304.0,593.2
2011-02-27,test,F,50s,16,1,16.0,260.0,333.48
2011-02-28,test,M,40s,13,1,13.0,214.0,353.43
2011-03-09,control,F,50s,97,2,97.0,565.0,1550.78
2011-03-11,test,M,40s,1,1,1.0,120.0,14.4
2011-03-17,control,M,20s,51,3,51.0,244.0,511.1200000000001
2011-03-18,control,F,50s,97,2,97.0,415.0,796.3999999999999
2011-03-22,test,F,40s,12,1,12.0,170.0,235.71
2011-03-24,control,F,50s,18,1,18.0,210.0,310.4
2011-03-31,control,F,30s,5,1,5.0,24.0,102.4
2011-04-04,control,F,20s,67,3,67.0,594.0,926.0000000000001
2011-04-04,control,F,30s,40,1,40.0,123.0,375.00000000000006
2011-04-07,control,M,40s,57,1,57.0,194.0,191.05999999999997
2011-04-10,control,M,50s,16,1,16.0,226.0,329.04999999999995
2011-04-21,test,M,50s,69,2,69.0,626.0,1261.9199999999996
2011-04-26,test,F,20s,11,1,11.0,110.0,205.7
2011-04-27,test,F,30s,63,1,63.0,188.0,261.24
2011-04-27,test,F,20s,1,1,1.0,150.0,1642.5
2011-05-04,test,F,40s,44,3,44.0,586.0,1122.7100000000005
2011-05-04,test,M,40s,24,1,24.0,128.0,411.54
2011-05-05,test,M,30s,28,2,28.0,365.0,566.3100000000001
2011-05-05,test,M,20s,5,2,5.0,1620.0,954.48
2011-05-08,control,F,50s,17,1,17.0,290.0,426.8399999999999
2011-05-09,control,F,50s,6,1,6.0,70.0,92.72
2011-05-15,control,M,40s,3,1,3.0,162.0,205.74
2011-05-16,test,F,20s,17,1,17.0,222.0,586.74
2011-05-16,test,F,30s,93,1,93.0,220.0,466.2799999999998
2011-05-19,test,F,40s,29,2,29.0,242.0,555.8200000000002
2011-05-24,control,M,40s,12,1,12.0,250.0,342.46000000000004
2011-05-25,test,M,40s,44,2,44.0,370.0,718.5400000000001
2011-05-29,control,F,50s,43,1,43.0,184.0,247.14
2011-06-02,control,F,40s,18,1,18.0,183.0,345.97
2011-06-15,control,F,40s,10,1,10.0,101.0,171.63
2011-06-17,control,M,50s,20,1,20.0,466.0,381.35999999999996
2011-06-21,test,F,30s,75,1,75.0,208.0,355.4299999999999
2011-06-23,test,M,20s,16,1,16.0,133.0,460.75
2011-06-26,test,F,50s,14,1,14.0,142.0,222.32000000000002
2011-07-04,test,M,40s,12,1,12.0,77.0,107.69999999999999
2011-07-05,control,F,20s,3,1,3.0,606.0,467.7
2011-07-07,test,M,20s,36,2,36.0,217.0,524.4599999999998
2011-07-08,test,F,20s,10,1,10.0,80.0,225.72
2011-07-13,control,M,40s,30,1,30.0,294.0,516.12
2011-07-13,control,F,40s,4,1,4.0,58.0,110.13999999999999
2011-07-14,control,M,40s,26,1,26.0,465.0,449.20000000000005
2011-07-15,control,M,20s,25,1,25.0,286.0,472.8100000000001
2011-07-19,control,M,30s,2,1,2.0,48.0,64.8
2011-07-19,control,M,20s,124,2,124.0,3070.0,9552.440000000002
2011-07-22,control,F,50s,21,1,21.0,202.0,572.9300000000001
2011-07-28,test,F,20s,9,1,9.0,2733.0,10732.35
2011-07-29,control,F,20s,20,1,20.0,368.0,532.8
2011-07-31,test,F,40s,24,1,24.0,225.0,408.33
2011-08-01,test,M,40s,25,2,25.0,90.0,433.00000000000006
2011-08-02,test,M,40s,63,2,63.0,550.0,1184.04
2011-08-04,control,M,20s,19,1,19.0,149.0,168.31000000000003
2011-08-04,control,M,30s,6,1,6.0,112.0,492.0
2011-08-09,control,M,50s,23,1,23.0,280.0,335.2799999999999
2011-08-10,control,M,50s,1,1,1.0,36.0,45.0
2011-08-10,test,F,40s,17,1,17.0,191.0,302.25
2011-08-12,control,F,50s,21,2,21.0,655.0,915.0899999999999
2011-08-18,test,M,20s,29,2,29.0,165.0,424.79
2011-08-19,control,F,30s,9,1,9.0,48.0,111.2
2011-08-30,test,F,50s,51,2,51.0,183.0,391.6899999999998
2011-08-31,control,M,50s,68,3,68.0,403.0,789.8400000000004
2011-09-01,test,M,20s,44,1,44.0,208.0,559.7200000000001
2011-09-01,test,F,20s,1,1,1.0,96.0,480.0
2011-09-01,test,F,30s,85,2,85.0,292.0,476.31000000000006
2011-09-05,control,F,40s,16,1,16.0,34.0,131.64
2011-09-05,control,M,30s,7,1,7.0,148.0,537.3
2011-09-13,control,F,50s,37,1,37.0,360.0,921.4000000000001
2011-09-13,test,M,50s,98,1,98.0,1147.0,1126.4700000000005
2011-09-19,test,M,40s,83,3,83.0,583.0,1569.1599999999999
2011-09-20,control,F,40s,6,1,6.0,82.0,105.89999999999999
2011-09-21,control,M,50s,24,2,24.0,712.0,1142.8799999999999
2011-09-26,control,F,50s,48,2,48.0,300.0,638.3199999999999
2011-09-27,test,M,40s,59,3,59.0,364.0,589.8500000000001
2011-09-29,control,F,50s,32,2,32.0,372.0,555.8600000000001
2011-09-30,test,M,20s,101,3,101.0,1044.0,1771.13
2011-09-30,test,M,30s,4,1,4.0,28.0,88.80000000000001
2011-10-02,test,M,40s,3,1,3.0,302.0,189.9
2011-10-03,test,F,40s,40,1,40.0,340.0,864.1899999999999
2011-10-04,control,M,40s,22,2,22.0,338.0,1285.8200000000002
2011-10-06,control,M,50s,40,2,40.0,178.0,296.76
2011-10-06,control,F,20s,8,1,8.0,67.0,139.88
2011-10-06,control,F,30s,11,1,11.0,112.0,460.4
2011-10-10,test,M,50s,1,1,1.0,200.0,358.0
2011-10-10,control,F,50s,41,2,41.0,517.0,730.6599999999999
2011-10-12,control,F,30s,37,3,37.0,458.0,664.0600000000001
2011-10-12,control,M,40s,42,2,42.0,415.0,689.6800000000002
2011-10-12,control,F,20s,34,1,34.0,189.0,223.92
2011-10-16,test,F,50s,63,1,63.0,125.0,197.41
2011-10-17,control,M,50s,67,4,67.0,536.0,1166.5499999999997
2011-10-20,test,M,20s,12,3,12.0,134.0,254.70000000000002
2011-10-20,test,M,30s,229,3,229.0,487.0,1133.6300000000003
2011-10-24,test,F,50s,26,1,26.0,91.0,180.27000000000004
2011-10-25,control,F,50s,73,2,73.0,948.0,1886.6499999999996
2011-10-26,test,F,20s,15,2,15.0,177.0,567.27
2011-10-26,test,F,30s,60,1,60.0,334.0,404.77
2011-10-26,test,M,20s,20,2,20.0,166.0,362.4200000000001
2011-10-27,test,F,50s,39,2,39.0,251.0,590.94
2011-10-28,test,M,40s,63,2,63.0,5289.0,8988.760000000004
2011-10-30,control,M,20s,22,1,22.0,83.0,124.93999999999998
2011-10-30,control,M,30s,6,1,6.0,223.0,425.28999999999996
2011-11-02,control,F,40s,55,1,55.0,127.0,191.71999999999997
2011-11-03,test,F,50s,35,2,35.0,244.0,631.8
2011-11-04,control,F,20s,3,1,3.0,13.0,42.45
2011-11-04,control,F,30s,42,1,42.0,248.0,283.16999999999996
2011-11-06,control,F,50s,30,2,30.0,509.0,1030.1000000000001
2011-11-07,test,M,20s,25,4,25.0,511.0,699.0100000000001
2011-11-08,control,M,30s,19,1,19.0,233.0,390.85
2011-11-08,control,M,20s,10,1,10.0,124.0,258.42
2011-11-11,control,F,50s,6,1,6.0,116.0,197.64000000000001
2011-11-14,control,F,50s,10,1,10.0,72.0,243.53
2011-11-17,control,M,40s,39,2,39.0,328.0,443.5199999999999
2011-11-28,control,F,30s,30,1,30.0,136.0,300.02000000000004
2011-11-30,test,F,50s,90,2,90.0,1042.0,1706.7000000000007
2011-12-02,test,F,30s,78,2,78.0,178.0,326.8900000000001
2011-12-02,test,F,20s,18,2,18.0,1276.0,1241.7100000000003
2011-12-02,control,M,50s,55,1,55.0,460.0,894.2500000000003
2011-12-05,test,F,30s,29,1,29.0,4732.0,5401.979999999999
2011-12-05,test,F,20s,41,3,41.0,311.0,630.9799999999999
2011-12-06,control,F,50s,9,1,9.0,552.0,839.08
2010-12-01,test,F,40s,25,2,25.0,219.0,582.6
2010-12-01,control,M,50s,61,4,61.0,786.0,1264.31
2010-12-02,control,M,30s,58,4,58.0,450.0,837.8699999999998
2010-12-02,control,M,20s,38,1,38.0,441.0,786.7799999999999
2010-12-07,test,M,40s,28,1,28.0,201.0,569.0300000000001
2010-12-08,test,M,20s,40,4,40.0,937.0,1499.0700000000002
2010-12-10,control,F,50s,18,1,18.0,178.0,309.40000000000003
2010-12-12,control,F,30s,10,1,10.0,51.0,106.75000000000001
2010-12-14,test,F,40s,1,1,1.0,1.0,15.0
2010-12-20,test,F,50s,82,3,82.0,949.0,2037.7699999999998
2011-01-12,test,F,30s,65,2,65.0,697.0,871.4899999999998
2011-01-17,test,M,30s,10,2,10.0,436.0,504.24
2011-01-17,test,M,20s,1,1,1.0,144.0,152.64
2011-01-18,test,F,40s,1,1,1.0,74215.0,77183.6
2011-01-26,control,M,20s,20,1,20.0,58.0,162.40000000000003
2011-01-26,control,M,30s,1,1,1.0,2.0,9.9
2011-01-30,control,M,50s,13,1,13.0,21.0,159.43
2011-02-01,control,M,50s,21,1,21.0,293.0,325.75
2011-02-04,test,M,30s,37,1,37.0,37.0,45.57000000000002
2011-02-09,control,F,20s,5,1,5.0,36.0,78.61999999999999
2011-02-11,control,M,40s,1,1,1.0,72.0,76.32000000000001
2011-02-13,test,F,50s,36,2,36.0,154.0,353.71999999999997
2011-02-15,control,F,50s,10,1,10.0,935.0,1784.7099999999998
2011-02-16,test,M,40s,32,1,32.0,396.0,1129.35
2011-02-18,test,F,40s,19,1,19.0,198.0,314.68
2011-02-21,control,M,30s,20,1,20.0,76.0,146.8
2011-02-23,test,M,50s,13,1,13.0,107.0,220.53000000000003
2011-03-01,control,F,20s,62,4,62.0,586.0,808.9299999999996
2011-03-06,test,F,50s,8,1,8.0,56.0,137.9
2011-03-08,control,F,50s,20,1,20.0,251.0,461.2499999999999
2011-03-10,test,F,50s,15,1,15.0,122.0,298.50000000000006
2011-03-17,control,F,30s,30,1,30.0,416.0,372.6399999999999
2011-03-18,test,F,20s,9,2,9.0,295.0,796.74
2011-03-18,test,F,30s,39,2,39.0,3219.0,4934.860000000002
2011-03-24,test,F,50s,30,1,30.0,280.0,836.36
2011-03-24,test,M,50s,11,1,11.0,88.0,187.2
2011-03-25,control,M,40s,27,2,27.0,350.0,615.77
2011-03-28,test,F,50s,55,3,55.0,495.0,813.0699999999999
2011-03-29,test,F,50s,18,1,18.0,140.0,289.25
2011-04-01,test,M,40s,37,1,37.0,107.0,183.46
2011-04-04,control,M,20s,48,1,48.0,1062.0,1738.830000000001
2011-04-12,test,M,40s,2,1,2.0,148.0,94.2
2011-04-13,control,F,20s,123,3,123.0,1345.0,1413.2099999999996
2011-04-14,control,F,40s,16,1,16.0,175.0,387.29
2011-04-14,control,M,50s,53,3,53.0,1026.0,1368.4900000000002
2011-04-14,test,F,40s,21,1,21.0,119.0,241.29
2011-04-15,test,M,40s,37,1,37.0,316.0,462.31
2011-04-17,control,M,20s,45,2,45.0,735.0,721.42
2011-04-18,control,F,20s,1,1,1.0,1.0,222.75
2011-04-18,test,F,30s,66,2,66.0,199.0,554.2300000000001
2011-04-18,test,F,20s,57,1,57.0,137.0,306.6199999999999
2011-04-20,test,M,20s,55,3,55.0,544.0,1136.87
2011-04-21,control,M,30s,11,1,11.0,126.0,173.46
2011-04-21,control,M,20s,14,1,14.0,50.0,126.32000000000002
2011-05-03,control,M,30s,20,1,20.0,79.0,115.95
2011-05-03,test,F,40s,16,1,16.0,80.0,173.07999999999996
2011-05-08,test,M,50s,21,2,21.0,236.0,372.02
2011-05-09,control,M,50s,59,4,59.0,601.0,1236.2699999999995
2011-05-09,test,F,20s,4,1,4.0,276.0,1971.0
2011-05-10,test,M,40s,65,1,65.0,222.0,647.7600000000002
2011-05-12,control,F,50s,56,2,56.0,550.0,1708.700000000001
2011-05-16,test,M,20s,63,3,63.0,637.0,1412.3800000000003
2011-05-17,test,M,50s,9,1,9.0,948.0,1827.36
2011-05-19,control,M,30s,27,2,27.0,530.0,612.97
2011-05-19,control,M,20s,4,1,4.0,986.0,451.70000000000005
2011-05-22,test,F,40s,14,1,14.0,140.0,227.57999999999998
2011-05-23,control,F,50s,37,2,37.0,396.0,958.79
2011-05-25,test,F,50s,34,2,34.0,130.0,297.8999999999999
2011-05-26,control,M,50s,8,1,8.0,57.0,107.85000000000001
2011-05-31,control,F,30s,11,1,11.0,123.0,201.27
2011-06-03,control,M,50s,15,1,15.0,137.0,312.75
2011-06-03,control,F,50s,2,1,2.0,72.0,39.12
2011-06-05,test,F,30s,76,1,76.0,199.0,372.36
2011-06-06,control,M,50s,17,1,17.0,178.0,304.28000000000003
2011-06-09,test,F,40s,22,2,22.0,503.0,605.5600000000002
2011-06-09,control,M,40s,30,1,30.0,196.0,294.86
2011-06-13,control,M,50s,3,1,3.0,744.0,513.8399999999999
2011-06-14,test,M,20s,52,1,52.0,238.0,474.86999999999995
2011-06-14,test,M,30s,13,1,13.0,82.0,143.4
2011-06-16,control,F,50s,28,3,28.0,627.0,705.2200000000001
2011-06-16,test,F,40s,8,3,8.0,220.0,682.9200000000001
2011-06-17,control,F,50s,21,1,21.0,186.0,1025.34
2011-06-20,test,M,20s,31,3,31.0,377.0,778.5700000000002
2011-06-22,test,F,20s,20,1,20.0,272.0,390.06
2011-06-22,test,F,30s,66,1,66.0,489.0,497.2599999999999
2011-06-23,test,F,20s,21,1,21.0,434.0,801.0
2011-06-23,control,F,40s,65,1,65.0,199.0,421.39
2011-06-23,test,F,30s,25,2,25.0,164.0,303.4100000000001
2011-06-28,test,F,30s,15,1,15.0,174.0,254.18000000000004
2011-06-29,control,M,40s,12,1,12.0,424.0,576.4000000000001
2011-07-03,control,F,50s,53,1,53.0,282.0,471.43999999999994
2011-07-05,control,M,30s,33,2,33.0,453.0,781.5099999999999
2011-07-05,control,M,20s,43,2,43.0,751.0,1120.77
2011-07-08,control,M,20s,17,1,17.0,270.0,454.28000000000003
2011-07-08,control,M,30s,16,1,16.0,234.0,300.85999999999996
2011-07-10,control,M,30s,159,2,159.0,584.0,640.23
2011-07-18,test,M,20s,14,1,14.0,100.0,277.12000000000006
2011-07-18,test,M,30s,6,1,6.0,17.0,114.55000000000001
2011-07-22,test,M,40s,26,1,26.0,232.0,469.90000000000015
2011-07-24,test,F,50s,2,1,2.0,120.0,174.0
2011-07-25,control,F,40s,39,2,39.0,368.0,666.9599999999998
2011-07-26,control,F,50s,39,2,39.0,933.0,1729.9099999999996
2011-08-05,test,F,30s,54,2,54.0,303.0,635.83
2011-08-05,test,F,20s,9,1,9.0,200.0,251.26000000000005
2011-08-07,control,M,50s,68,2,68.0,903.0,1558.45
2011-08-10,test,M,20s,21,1,21.0,172.0,315.7199999999999
2011-08-10,test,M,30s,15,1,15.0,302.0,350.5799999999999
2011-08-11,test,F,20s,5,1,5.0,23.0,176.85
2011-08-11,test,F,30s,130,2,130.0,439.0,721.6999999999998
2011-08-17,control,M,30s,28,1,28.0,76.0,155.05
2011-08-19,test,F,50s,72,3,72.0,927.0,1238.5799999999995
2011-08-28,test,M,20s,70,3,70.0,321.0,351.4499999999998
2011-09-01,control,M,50s,37,3,37.0,1467.0,1523.7499999999998
2011-09-02,test,F,20s,9,2,9.0,1628.0,2412.96
2011-09-04,test,F,30s,89,3,89.0,386.0,748.77
2011-09-04,test,F,20s,57,2,57.0,397.0,469.2900000000001
2011-09-06,control,M,40s,12,1,12.0,104.0,209.8
2011-09-06,control,F,40s,72,1,72.0,745.0,1134.6899999999996
2011-09-09,control,M,30s,25,1,25.0,1128.0,2243.7000000000003
2011-09-16,control,F,30s,28,1,28.0,634.0,639.24
2011-09-19,test,F,40s,62,2,62.0,264.0,557.7200000000001
2011-09-25,control,M,50s,65,2,65.0,124.0,309.0499999999999
2011-09-25,test,M,40s,40,2,40.0,654.0,1164.9400000000003
2011-09-27,control,F,40s,40,1,40.0,356.0,499.62000000000023
2011-09-27,test,F,30s,9,1,9.0,124.0,362.8
2011-09-28,control,M,40s,4,1,4.0,72.0,150.0
2011-10-02,control,M,40s,19,1,19.0,77.0,173.04
2011-10-02,test,F,20s,135,1,135.0,307.0,467.94999999999936
2011-10-02,test,F,30s,91,1,91.0,255.0,549.5100000000001
2011-10-06,test,F,40s,134,2,134.0,1399.0,2771.650000000001
2011-10-21,control,M,50s,29,2,29.0,228.0,432.12
2011-10-23,test,M,20s,31,2,31.0,187.0,311.33
2011-10-23,test,M,30s,61,1,61.0,529.0,1205.8099999999995
2011-10-24,test,M,20s,8,1,8.0,58.0,143.8
2011-10-27,control,M,20s,10,1,10.0,110.0,268.67999999999995
2011-10-30,test,M,40s,17,1,17.0,138.0,403.90000000000003
2011-11-02,control,M,50s,22,1,22.0,291.0,633.44
2011-11-09,test,F,40s,13,1,13.0,196.0,222.00000000000003
2011-11-13,test,F,50s,73,3,73.0,523.0,1023.0500000000001
2011-11-14,control,M,50s,99,2,99.0,511.0,785.9700000000003
2011-11-16,test,M,20s,106,4,106.0,1598.0,2045.7300000000007
2011-11-16,control,M,40s,14,1,14.0,490.0,639.1600000000001
2011-11-16,test,M,30s,45,1,45.0,156.0,292.21999999999986
2011-11-20,control,M,50s,66,2,66.0,421.0,735.3200000000005
2011-11-21,test,F,40s,40,1,40.0,94.0,180.34
2011-11-23,control,M,30s,54,4,54.0,418.0,922.25
2011-11-23,control,M,20s,142,2,142.0,2232.0,10834.470000000003
2011-11-23,test,F,50s,82,2,82.0,395.0,507.06999999999977
2011-11-24,control,M,50s,411,7,411.0,2680.0,4489.32
2011-11-24,test,M,40s,31,2,31.0,518.0,663.3699999999998
2011-11-25,test,F,30s,133,3,133.0,1500.0,2360.8199999999997
2011-11-25,test,M,40s,67,4,67.0,698.0,1458.5599999999997
2011-12-01,control,F,50s,13,1,13.0,63.0,345.53000000000003
2011-12-02,test,M,20s,3,1,3.0,60.0,188.76
2011-12-02,test,M,30s,54,2,54.0,736.0,1233.8400000000001
2011-12-06,control,M,50s,70,4,70.0,327.0,830.4999999999998
2011-12-08,control,F,20s,27,2,27.0,288.0,559.48
2011-12-08,control,F,30s,23,2,23.0,384.0,325.0400000000002
