invoiceno,description,quantity,invoicedate,unitprice,discount,shippingcost,category,saleschannel,returnstatus,orderpriority,total_revenue,grade
465838,Desk Lamp,14,2020-01-01 03:00,76.68,0.14,11.08,Accessories,Online,Not Returned,Low,1073.52,VIP
421879,Wall Clock,43,2020-01-01 20:00,77.17,0.3,24.77,Accessories,In-store,Returned,Low,3318.31,VIP
427069,Wireless Mouse,39,2020-01-01 22:00,66.18,0.07,27.02,Accessories,Online,Not Returned,High,2581.0200000000004,VIP
358795,Headphones,30,2020-01-02 08:00,99.31,0.31,22.31,Accessories,Online,Not Returned,Medium,2979.3,VIP
552366,Backpack,25,2020-01-02 18:00,86.68,0.02,23.35,Accessories,In-store,Not Returned,Medium,2167.0,VIP
305041,Desk Lamp,45,2020-01-03 14:00,54.79,0.23,8.97,Accessories,In-store,Not Returned,Medium,2465.55,VIP
351995,USB Cable,22,2020-01-03 21:00,94.81,0.43,25.61,Accessories,In-store,Not Returned,Medium,2085.82,VIP
560337,Blue Pen,39,2020-01-04 06:00,36.99,0.38,20.06,Accessories,In-store,Not Returned,Medium,1442.61,VIP
538974,Wireless Mouse,40,2020-01-04 16:00,91.57,0.35,29.97,Accessories,In-store,Not Returned,High,3662.8,VIP
635822,Office Chair,32,2020-01-04 22:00,41.15,0.4,7.7,Accessories,Online,Not Returned,High,1316.8,VIP
320884,Office Chair,42,2020-01-05 05:00,34.93,0.41,17.4,Accessories,Online,Not Returned,High,1467.06,VIP
633556,USB Cable,34,2020-01-05 10:00,85.06,0.01,29.98,Accessories,In-store,Not Returned,Medium,2892.04,VIP
476896,Blue Pen,24,2020-01-05 20:00,76.55,0.0,8.27,Accessories,Online,Not Returned,Medium,1837.2,VIP
314020,White Mug,42,2020-01-07 16:00,63.34,0.42,10.89,Accessories,Online,Not Returned,Medium,2660.28,VIP
869598,White Mug,42,2020-01-08 03:00,25.56,0.27,10.56,Accessories,In-store,Not Returned,Medium,1073.52,VIP
205878,Notebook,40,2020-01-08 13:00,71.99,0.2,8.09,Accessories,Online,Returned,Low,2879.6,VIP
125939,USB Cable,39,2020-01-09 09:00,61.55,0.27,26.19,Accessories,In-store,Not Returned,Low,2400.45,VIP
502690,Backpack,27,2020-01-10 02:00,69.79,0.31,22.87,Accessories,In-store,Not Returned,Medium,1884.33,VIP
760890,Desk Lamp,40,2020-01-10 06:00,60.98,0.33,22.52,Accessories,In-store,Not Returned,Medium,2439.2,VIP
265838,White Mug,31,2020-01-10 11:00,76.92,0.31,27.18,Accessories,Online,Not Returned,Medium,2384.52,VIP
193264,USB Cable,36,2020-01-11 07:00,80.56,0.13,19.72,Accessories,Online,Not Returned,High,2900.16,VIP
325281,USB Cable,21,2020-01-11 10:00,77.91,0.34,18.12,Accessories,Online,Not Returned,Low,1636.11,VIP
277789,Blue Pen,24,2020-01-11 19:00,49.59,0.37,7.11,Accessories,Online,Not Returned,High,1190.16,VIP
722794,Wireless Mouse,30,2020-01-12 06:00,60.15,0.36,15.3,Accessories,In-store,Not Returned,Medium,1804.5,VIP
233883,T-shirt,41,2020-01-13 02:00,70.95,0.35,19.59,Accessories,In-store,Not Returned,Low,2908.9500000000003,VIP
908350,Wall Clock,22,2020-01-14 01:00,81.86,0.22,8.31,Accessories,Online,Not Returned,High,1800.92,VIP
247443,Wireless Mouse,37,2020-01-14 09:00,57.41,0.1,13.55,Accessories,In-store,Not Returned,Medium,2124.17,VIP
802335,Desk Lamp,18,2020-01-15 21:00,81.72,0.02,18.38,Accessories,Online,Returned,Medium,1470.96,VIP
554351,Desk Lamp,30,2020-01-16 03:00,39.67,0.42,25.2,Accessories,Online,Not Returned,Low,1190.1,VIP
977844,Wireless Mouse,43,2020-01-16 10:00,33.67,0.37,5.69,Accessories,Online,Not Returned,Medium,1447.8100000000002,VIP
580047,Headphones,38,2020-01-16 11:00,26.46,0.19,27.54,Accessories,Online,Not Returned,Medium,1005.48,VIP
787995,USB Cable,-32,2020-01-18 08:00,-98.61,1.5807770446256528,,Accessories,Online,Not Returned,High,3155.52,VIP
889852,Wall Clock,41,2020-01-18 12:00,36.66,0.0,15.4,Accessories,Online,Not Returned,Medium,1503.06,VIP
866577,Office Chair,48,2020-01-19 10:00,87.15,0.4,16.42,Accessories,In-store,Not Returned,Medium,4183.200000000001,VIP
118070,Wall Clock,33,2020-01-19 14:00,71.8,0.04,27.06,Accessories,Online,Not Returned,Low,2369.4,VIP
833429,Backpack,49,2020-01-20 01:00,91.7,0.34,17.63,Accessories,Online,Not Returned,High,4493.3,VIP
348710,Wall Clock,30,2020-01-20 15:00,60.56,0.39,27.65,Accessories,In-store,Not Returned,Medium,1816.8,VIP
368799,Backpack,33,2020-01-20 22:00,77.92,0.11,24.4,Accessories,In-store,Returned,Low,2571.36,VIP
224046,Wireless Mouse,-41,2020-01-21 04:00,-97.18,0.18,,Accessories,In-store,Not Returned,Medium,3984.38,VIP
193848,Wireless Mouse,36,2020-01-21 11:00,88.77,0.09,29.01,Accessories,In-store,Not Returned,Medium,3195.72,VIP
311810,T-shirt,17,2020-01-22 11:00,96.01,0.21,12.52,Accessories,In-store,Returned,High,1632.17,VIP
200235,Office Chair,23,2020-01-23 11:00,88.75,0.2,9.56,Accessories,Online,Not Returned,Medium,2041.25,VIP
546438,T-shirt,45,2020-01-24 03:00,39.45,0.17,25.91,Accessories,In-store,Not Returned,Medium,1775.2500000000002,VIP
955474,T-shirt,33,2020-01-24 14:00,39.0,0.4,26.84,Accessories,In-store,Not Returned,Low,1287.0,VIP
178781,Backpack,19,2020-01-25 00:00,69.98,0.47,6.01,Accessories,Online,Not Returned,Low,1329.62,VIP
876665,Notebook,12,2020-01-25 06:00,85.34,0.41,5.96,Accessories,In-store,Not Returned,Low,1024.08,VIP
460260,Office Chair,42,2020-01-25 19:00,56.68,0.46,18.36,Accessories,Online,Not Returned,High,2380.56,VIP
820777,USB Cable,27,2020-01-26 00:00,85.65,0.39,14.34,Accessories,In-store,Not Returned,High,2312.55,VIP
647577,Headphones,18,2020-01-26 01:00,58.93,0.16,5.01,Accessories,In-store,Not Returned,Low,1060.74,VIP
404119,Office Chair,40,2020-01-26 06:00,60.62,0.38,22.18,Accessories,Online,Not Returned,Medium,2424.8,VIP
149115,Wireless Mouse,47,2020-01-26 16:00,93.36,0.25,5.29,Accessories,In-store,Not Returned,Low,4387.92,VIP
843583,USB Cable,45,2020-01-26 18:00,99.88,0.07,8.51,Accessories,In-store,Not Returned,Medium,4494.599999999999,VIP
825948,Backpack,37,2020-01-27 02:00,31.69,0.16,12.58,Accessories,Online,Not Returned,Low,1172.53,VIP
591072,Desk Lamp,49,2020-01-27 08:00,90.35,0.18,8.42,Accessories,Online,Not Returned,High,4427.15,VIP
767521,USB Cable,45,2020-01-27 17:00,95.07,0.19,21.34,Accessories,In-store,Not Returned,Low,4278.15,VIP
930857,Desk Lamp,19,2020-01-28 23:00,72.78,0.01,8.31,Accessories,In-store,Returned,Medium,1382.82,VIP
286141,Wall Clock,42,2020-01-29 23:00,69.0,0.49,25.91,Accessories,Online,Not Returned,Low,2898.0,VIP
998320,Desk Lamp,21,2020-01-30 00:00,58.77,0.34,11.26,Accessories,In-store,Not Returned,Medium,1234.17,VIP
734736,Blue Pen,30,2020-01-30 01:00,60.31,0.25,10.5,Accessories,In-store,Not Returned,High,1809.3,VIP
509995,Desk Lamp,22,2020-01-30 09:00,95.65,0.29,17.16,Accessories,In-store,Not Returned,Medium,2104.3,VIP
525523,Wireless Mouse,40,2020-01-30 17:00,62.82,0.26,17.74,Accessories,In-store,Not Returned,Low,2512.8,VIP
422710,Backpack,37,2020-01-31 06:00,79.51,0.38,16.54,Accessories,Online,Not Returned,Medium,2941.8700000000003,VIP
254697,T-shirt,36,2020-02-01 02:00,34.73,0.15,20.74,Accessories,In-store,Not Returned,Low,1250.28,VIP
535564,T-shirt,48,2020-02-02 01:00,64.05,0.3,29.16,Accessories,Online,Not Returned,High,3074.4,VIP
303196,Office Chair,13,2020-02-02 12:00,80.72,0.24,9.27,Accessories,In-store,Not Returned,Low,1049.36,VIP
849074,Backpack,23,2020-02-02 19:00,69.14,0.47,28.18,Accessories,In-store,Not Returned,Low,1590.22,VIP
938656,Wireless Mouse,49,2020-02-03 12:00,87.01,0.4,12.15,Accessories,In-store,Returned,Low,4263.490000000001,VIP
428184,White Mug,46,2020-02-03 17:00,98.29,0.06,22.29,Accessories,In-store,Returned,Medium,4521.34,VIP
715650,Notebook,28,2020-02-04 18:00,56.76,0.31,6.5,Accessories,In-store,Returned,Low,1589.28,VIP
152528,Desk Lamp,41,2020-02-05 00:00,76.9,0.06,24.12,Accessories,In-store,Not Returned,High,3152.9,VIP
734421,Notebook,39,2020-02-05 05:00,42.31,0.36,21.16,Accessories,Online,Not Returned,Medium,1650.09,VIP
965291,Office Chair,27,2020-02-05 11:00,92.43,0.4,15.65,Accessories,In-store,Not Returned,High,2495.61,VIP
386103,White Mug,41,2020-02-05 16:00,36.97,0.11,12.85,Accessories,In-store,Not Returned,Medium,1515.77,VIP
260775,T-shirt,45,2020-02-05 18:00,88.55,0.16,10.11,Accessories,Online,Not Returned,Low,3984.75,VIP
614723,Headphones,36,2020-02-05 21:00,52.58,0.36,13.7,Accessories,Online,Not Returned,Medium,1892.88,VIP
446809,USB Cable,23,2020-02-06 00:00,80.33,0.46,14.48,Accessories,Online,Not Returned,Low,1847.59,VIP
520571,USB Cable,26,2020-02-06 04:00,39.25,0.29,13.68,Accessories,Online,Returned,High,1020.5,VIP
483934,Wall Clock,40,2020-02-06 10:00,30.53,0.0,21.78,Accessories,Online,Returned,Low,1221.2,VIP
229473,Wall Clock,36,2020-02-07 04:00,43.7,0.2,8.14,Accessories,In-store,Not Returned,Low,1573.2,VIP
212816,Desk Lamp,18,2020-02-07 16:00,84.2,0.15,17.43,Accessories,Online,Not Returned,Low,1515.6,VIP
686580,Headphones,46,2020-02-07 18:00,32.41,0.12,20.39,Accessories,Online,Not Returned,High,1490.86,VIP
932972,Wall Clock,37,2020-02-08 01:00,91.9,0.37,14.25,Accessories,In-store,Not Returned,Low,3400.3,VIP
263273,White Mug,38,2020-02-08 22:00,63.8,0.25,16.93,Accessories,In-store,Not Returned,Low,2424.4,VIP
910717,Desk Lamp,33,2020-02-10 05:00,68.92,0.4,5.02,Accessories,Online,Returned,Low,2274.36,VIP
581680,Blue Pen,16,2020-02-10 08:00,96.46,0.04,6.77,Accessories,In-store,Not Returned,Medium,1543.36,VIP
144238,Office Chair,24,2020-02-10 11:00,98.49,0.15,13.76,Accessories,Online,Not Returned,Low,2363.76,VIP
415557,Wall Clock,33,2020-02-11 08:00,31.43,0.41,14.87,Accessories,In-store,Not Returned,Medium,1037.19,VIP
610736,Wireless Mouse,43,2020-02-12 00:00,35.14,0.11,11.4,Accessories,In-store,Not Returned,Low,1511.02,VIP
145002,Blue Pen,47,2020-02-12 14:00,23.62,0.25,27.83,Accessories,In-store,Not Returned,Low,1110.14,VIP
249849,Notebook,49,2020-02-14 00:00,36.49,0.33,19.47,Accessories,Online,Not Returned,Medium,1788.01,VIP
151745,White Mug,25,2020-02-14 02:00,95.9,0.18,28.97,Accessories,In-store,Not Returned,Low,2397.5,VIP
909006,Headphones,31,2020-02-14 10:00,94.23,0.27,7.36,Accessories,In-store,Not Returned,Medium,2921.13,VIP
290471,Wireless Mouse,33,2020-02-14 20:00,70.2,0.35,22.02,Accessories,In-store,Not Returned,Medium,2316.6,VIP
173686,Desk Lamp,24,2020-02-15 06:00,52.87,0.01,18.98,Accessories,Online,Not Returned,Medium,1268.88,VIP
345121,USB Cable,45,2020-02-15 09:00,47.35,0.27,23.0,Accessories,In-store,Returned,Medium,2130.75,VIP
904462,Wall Clock,33,2020-02-15 16:00,73.38,0.24,12.47,Accessories,Online,Not Returned,High,2421.54,VIP
713157,Wall Clock,38,2020-02-16 00:00,36.51,0.35,6.53,Accessories,Online,Not Returned,High,1387.38,VIP
729474,USB Cable,40,2020-02-16 01:00,99.68,0.04,26.67,Accessories,Online,Not Returned,High,3987.2,VIP
749324,White Mug,43,2020-02-17 03:00,77.31,0.28,16.94,Accessories,Online,Not Returned,Low,3324.33,VIP
637198,Wireless Mouse,38,2020-02-17 08:00,37.63,0.13,19.18,Accessories,Online,Not Returned,Medium,1429.94,VIP
172303,White Mug,26,2020-02-18 06:00,51.4,0.14,10.37,Accessories,In-store,Not Returned,Medium,1336.4,VIP
623138,Backpack,11,2020-02-18 15:00,93.25,0.38,14.91,Accessories,In-store,Not Returned,Low,1025.75,VIP
962755,Wall Clock,41,2020-02-18 19:00,51.48,0.1,6.25,Accessories,In-store,Not Returned,High,2110.68,VIP
625134,Desk Lamp,25,2020-02-19 10:00,83.66,0.47,21.49,Accessories,Online,Not Returned,High,2091.5,VIP
866641,White Mug,18,2020-02-20 17:00,57.63,0.1,5.41,Accessories,In-store,Not Returned,Low,1037.34,VIP
756702,Wall Clock,48,2020-02-21 04:00,43.63,0.26,7.41,Accessories,In-store,Not Returned,High,2094.24,VIP
722117,Office Chair,26,2020-02-21 10:00,64.47,0.35,18.56,Accessories,In-store,Not Returned,Medium,1676.22,VIP
707812,Headphones,33,2020-02-21 14:00,67.58,0.39,25.77,Accessories,Online,Not Returned,High,2230.14,VIP
405073,T-shirt,19,2020-02-21 18:00,99.6,0.07,21.39,Accessories,Online,Not Returned,Medium,1892.4,VIP
973172,Headphones,37,2020-02-22 16:00,47.16,0.17,23.91,Accessories,In-store,Not Returned,High,1744.9199999999998,VIP
784647,Office Chair,28,2020-02-23 08:00,88.09,0.21,27.5,Accessories,In-store,Returned,High,2466.52,VIP
910951,White Mug,38,2020-02-24 08:00,84.22,0.43,7.06,Accessories,In-store,Not Returned,Low,3200.36,VIP
367552,T-shirt,37,2020-02-24 13:00,70.54,0.1,12.37,Accessories,In-store,Not Returned,High,2609.98,VIP
465060,Headphones,36,2020-02-25 09:00,94.21,0.46,18.64,Accessories,Online,Not Returned,Low,3391.56,VIP
437827,Blue Pen,47,2020-02-26 09:00,61.23,0.33,20.75,Accessories,In-store,Not Returned,Medium,2877.81,VIP
311951,Desk Lamp,23,2020-02-27 13:00,53.31,0.32,26.16,Accessories,In-store,Not Returned,Medium,1226.13,VIP
157545,Desk Lamp,40,2020-02-29 03:00,52.54,0.08,25.83,Accessories,In-store,Not Returned,High,2101.6,VIP
925656,Headphones,46,2020-02-29 05:00,45.56,0.49,26.0,Accessories,Online,Not Returned,Medium,2095.76,VIP
318967,Wireless Mouse,21,2020-03-01 03:00,61.06,0.48,25.42,Accessories,Online,Not Returned,Low,1282.26,VIP
233554,Wireless Mouse,33,2020-03-02 06:00,60.2,0.49,27.34,Accessories,In-store,Not Returned,Low,1986.6,VIP
273532,Blue Pen,27,2020-03-02 13:00,69.33,0.15,19.1,Accessories,In-store,Not Returned,High,1871.91,VIP
676775,Wall Clock,32,2020-03-03 08:00,42.42,0.21,27.17,Accessories,In-store,Not Returned,High,1357.44,VIP
402950,Headphones,-30,2020-03-03 10:00,-63.42,1.783446387851377,,Accessories,Online,Not Returned,Low,1902.6,VIP
410914,Wireless Mouse,36,2020-03-03 11:00,41.14,0.09,28.41,Accessories,Online,Not Returned,High,1481.04,VIP
307606,T-shirt,15,2020-03-03 23:00,97.79,0.14,21.93,Accessories,Online,Not Returned,Medium,1466.85,VIP
687518,Notebook,12,2020-03-04 03:00,89.89,0.15,8.37,Accessories,Online,Not Returned,Medium,1078.68,VIP
868734,T-shirt,45,2020-03-05 05:00,65.73,0.04,23.44,Accessories,Online,Not Returned,High,2957.8500000000004,VIP
481009,Wall Clock,27,2020-03-05 19:00,44.82,0.43,20.42,Accessories,In-store,Not Returned,High,1210.14,VIP
492417,Headphones,38,2020-03-06 12:00,27.29,0.35,29.42,Accessories,In-store,Not Returned,High,1037.02,VIP
942393,T-shirt,-49,2020-03-07 15:00,-77.48,1.9471402916967229,,Accessories,In-store,Not Returned,Low,3796.52,VIP
423412,Headphones,44,2020-03-08 01:00,90.05,0.18,21.43,Accessories,Online,Not Returned,High,3962.2,VIP
257729,Notebook,23,2020-03-08 06:00,57.89,0.32,7.65,Accessories,In-store,Not Returned,High,1331.47,VIP
129402,Backpack,42,2020-03-08 19:00,82.79,0.42,5.16,Accessories,In-store,Not Returned,High,3477.1800000000003,VIP
201371,T-shirt,44,2020-03-09 11:00,48.86,0.29,27.51,Accessories,Online,Not Returned,Medium,2149.84,VIP
121172,Desk Lamp,22,2020-03-09 15:00,68.54,0.25,28.78,Accessories,In-store,Not Returned,Low,1507.88,VIP
635843,Notebook,23,2020-03-09 16:00,83.35,0.1,19.25,Accessories,Online,Not Returned,High,1917.05,VIP
677564,White Mug,42,2020-03-09 17:00,80.24,0.01,6.45,Accessories,Online,Returned,High,3370.08,VIP
808362,White Mug,47,2020-03-09 19:00,81.51,0.5,25.58,Accessories,Online,Not Returned,High,3830.97,VIP
155337,Wall Clock,27,2020-03-11 10:00,62.42,0.3,9.54,Accessories,Online,Not Returned,Medium,1685.34,VIP
675762,Desk Lamp,-28,2020-03-12 00:00,-72.95,1.95436178929028,,Accessories,In-store,Not Returned,High,2042.6,VIP
419278,Wall Clock,24,2020-03-12 11:00,56.87,0.28,11.84,Accessories,Online,Not Returned,High,1364.88,VIP
177454,Wall Clock,49,2020-03-13 06:00,62.84,0.33,29.5,Accessories,In-store,Not Returned,High,3079.1600000000003,VIP
137641,Notebook,33,2020-03-13 11:00,93.64,0.32,22.44,Accessories,In-store,Not Returned,Low,3090.12,VIP
712121,Blue Pen,20,2020-03-13 16:00,59.07,0.44,10.95,Accessories,Online,Not Returned,Low,1181.4,VIP
418420,Backpack,28,2020-03-13 17:00,55.01,0.44,22.56,Accessories,In-store,Not Returned,Low,1540.28,VIP
576657,Desk Lamp,32,2020-03-14 03:00,99.0,0.27,22.46,Accessories,Online,Not Returned,High,3168.0,VIP
711600,White Mug,18,2020-03-14 15:00,83.22,0.1,24.3,Accessories,Online,Not Returned,Medium,1497.96,VIP
437054,Headphones,19,2020-03-14 17:00,99.45,0.46,29.1,Accessories,In-store,Not Returned,Low,1889.55,VIP
982875,Wireless Mouse,20,2020-03-14 21:00,66.05,0.48,10.48,Accessories,Online,Not Returned,High,1321.0,VIP
234055,Desk Lamp,39,2020-03-15 00:00,88.9,0.07,19.87,Accessories,Online,Not Returned,Low,3467.1000000000004,VIP
941052,Office Chair,34,2020-03-15 10:00,98.89,0.31,7.13,Accessories,In-store,Not Returned,High,3362.26,VIP
246389,Wireless Mouse,33,2020-03-15 11:00,86.26,0.48,29.08,Accessories,Online,Not Returned,Low,2846.5800000000004,VIP
210017,Office Chair,47,2020-03-15 20:00,21.86,0.18,10.03,Accessories,Online,Not Returned,Medium,1027.42,VIP
982554,T-shirt,20,2020-03-16 06:00,96.59,0.02,9.42,Accessories,In-store,Not Returned,Medium,1931.8,VIP
658221,Backpack,33,2020-03-17 09:00,44.34,0.27,5.3,Accessories,In-store,Not Returned,Medium,1463.22,VIP
265873,Headphones,31,2020-03-17 12:00,64.6,0.39,21.92,Accessories,Online,Not Returned,Medium,2002.6,VIP
885332,White Mug,23,2020-03-17 18:00,70.71,0.3,8.25,Accessories,Online,Returned,Low,1626.33,VIP
867950,Notebook,36,2020-03-17 20:00,38.42,0.14,6.86,Accessories,In-store,Not Returned,High,1383.12,VIP
311760,Wireless Mouse,48,2020-03-17 23:00,85.74,0.34,8.4,Accessories,Online,Not Returned,Medium,4115.52,VIP
691652,Headphones,29,2020-03-18 05:00,89.17,0.37,14.14,Accessories,Online,Not Returned,Low,2585.93,VIP
279352,Backpack,48,2020-03-18 17:00,56.89,0.02,22.32,Accessories,In-store,Not Returned,Low,2730.7200000000003,VIP
869884,Wall Clock,30,2020-03-18 22:00,62.0,0.28,27.36,Accessories,Online,Not Returned,High,1860.0,VIP
531413,Desk Lamp,49,2020-03-18 23:00,49.01,0.08,21.89,Accessories,In-store,Not Returned,Medium,2401.49,VIP
568974,Blue Pen,29,2020-03-20 07:00,36.54,0.26,24.32,Accessories,In-store,Returned,Medium,1059.66,VIP
773034,Headphones,49,2020-03-20 14:00,64.27,0.2,27.6,Accessories,Online,Not Returned,Medium,3149.23,VIP
388075,Office Chair,26,2020-03-21 00:00,47.0,0.12,26.52,Accessories,In-store,Not Returned,High,1222.0,VIP
235044,Office Chair,16,2020-03-21 14:00,94.75,0.36,22.78,Accessories,Online,Not Returned,High,1516.0,VIP
992964,USB Cable,41,2020-03-21 18:00,53.92,0.11,8.62,Accessories,In-store,Not Returned,Low,2210.7200000000003,VIP
186988,USB Cable,48,2020-03-21 23:00,74.54,0.11,18.86,Accessories,Online,Not Returned,Medium,3577.92,VIP
369458,Desk Lamp,46,2020-03-22 15:00,69.7,0.01,9.61,Accessories,Online,Not Returned,High,3206.2000000000003,VIP
984056,T-shirt,24,2020-03-23 00:00,98.97,0.38,19.22,Accessories,In-store,Not Returned,High,2375.28,VIP
778250,Wall Clock,36,2020-03-23 20:00,45.16,0.37,25.84,Accessories,Online,Not Returned,Medium,1625.7599999999998,VIP
716529,T-shirt,34,2020-03-24 01:00,43.8,0.07,17.45,Accessories,In-store,Not Returned,High,1489.1999999999998,VIP
512003,USB Cable,24,2020-03-24 02:00,83.64,0.14,22.68,Accessories,Online,Not Returned,High,2007.36,VIP
620551,Wireless Mouse,18,2020-03-24 14:00,90.7,0.02,11.49,Accessories,Online,Not Returned,Medium,1632.6,VIP
918007,USB Cable,48,2020-03-24 17:00,50.86,0.1,6.25,Accessories,Online,Not Returned,High,2441.28,VIP
302053,Headphones,25,2020-03-24 21:00,56.62,0.1,11.79,Accessories,Online,Not Returned,Medium,1415.5,VIP
329947,T-shirt,36,2020-03-25 07:00,61.93,0.19,29.65,Accessories,In-store,Not Returned,High,2229.48,VIP
701763,USB Cable,28,2020-03-26 08:00,43.71,0.06,17.02,Accessories,Online,Not Returned,Medium,1223.88,VIP
748074,White Mug,44,2020-03-26 16:00,22.85,0.26,16.77,Accessories,In-store,Not Returned,Medium,1005.4,VIP
882239,T-shirt,38,2020-03-26 20:00,38.64,0.45,18.13,Accessories,In-store,Not Returned,Low,1468.32,VIP
111745,Wall Clock,21,2020-03-27 02:00,62.94,0.02,8.58,Accessories,In-store,Not Returned,High,1321.74,VIP
544191,Wall Clock,47,2020-03-27 15:00,86.64,0.48,22.15,Accessories,In-store,Not Returned,Low,4072.08,VIP
883204,T-shirt,23,2020-03-28 07:00,60.17,0.47,26.31,Accessories,Online,Not Returned,High,1383.91,VIP
650719,Wireless Mouse,25,2020-03-28 21:00,80.45,0.07,11.88,Accessories,In-store,Not Returned,Low,2011.25,VIP
971408,T-shirt,-45,2020-03-28 22:00,-58.69,0.43,,Accessories,Online,Not Returned,Medium,2641.05,VIP
383707,Wireless Mouse,41,2020-03-29 08:00,78.15,0.45,9.86,Accessories,In-store,Not Returned,Low,3204.15,VIP
931291,Desk Lamp,39,2020-03-29 21:00,89.85,0.13,13.29,Accessories,In-store,Returned,Low,3504.15,VIP
886958,Backpack,35,2020-03-30 01:00,97.48,0.47,24.47,Accessories,Online,Not Returned,Medium,3411.8,VIP
652829,Office Chair,24,2020-03-30 07:00,74.92,0.22,27.52,Accessories,Online,Not Returned,Medium,1798.08,VIP
466245,Office Chair,44,2020-03-30 11:00,75.95,0.15,9.14,Accessories,In-store,Not Returned,High,3341.8,VIP
257661,Office Chair,42,2020-03-31 02:00,76.12,0.42,16.75,Accessories,Online,Not Returned,High,3197.04,VIP
785375,Backpack,42,2020-03-31 03:00,65.87,0.26,20.18,Accessories,Online,Returned,Low,2766.54,VIP
392231,Office Chair,35,2020-03-31 16:00,72.46,0.5,25.38,Accessories,In-store,Not Returned,High,2536.1,VIP
536624,Backpack,-15,2020-03-31 22:00,-72.7,0.34,,Accessories,In-store,Not Returned,High,1090.5,VIP
867285,Wireless Mouse,-20,2020-04-01 05:00,-85.81,1.4270716434389914,,Accessories,In-store,Not Returned,Low,1716.2,VIP
436585,White Mug,42,2020-04-01 09:00,79.77,0.44,7.63,Accessories,In-store,Not Returned,Low,3350.34,VIP
276076,Wall Clock,33,2020-04-01 18:00,67.94,0.08,24.77,Accessories,Online,Not Returned,Low,2242.02,VIP
681273,Headphones,45,2020-04-01 21:00,23.91,0.17,18.32,Accessories,In-store,Not Returned,High,1075.95,VIP
836421,Office Chair,12,2020-04-02 01:00,98.98,0.39,14.43,Accessories,Online,Not Returned,High,1187.76,VIP
312977,T-shirt,21,2020-04-02 06:00,58.26,0.3,29.54,Accessories,Online,Not Returned,High,1223.46,VIP
257087,Notebook,44,2020-04-02 21:00,69.17,0.15,27.62,Accessories,Online,Not Returned,High,3043.48,VIP
427025,USB Cable,14,2020-04-02 23:00,99.91,0.18,6.96,Accessories,Online,Not Returned,High,1398.74,VIP
649114,White Mug,24,2020-04-03 06:00,95.89,0.35,29.31,Accessories,In-store,Returned,Medium,2301.36,VIP
965580,Office Chair,26,2020-04-04 05:00,79.54,0.12,10.25,Accessories,In-store,Not Returned,Medium,2068.04,VIP
869666,Wall Clock,48,2020-04-05 01:00,65.56,0.04,13.48,Accessories,In-store,Not Returned,Medium,3146.88,VIP
441705,Wireless Mouse,17,2020-04-05 02:00,61.97,0.03,6.97,Accessories,In-store,Not Returned,Medium,1053.49,VIP
476369,Backpack,41,2020-04-06 02:00,75.51,0.21,10.47,Accessories,In-store,Not Returned,Low,3095.9100000000003,VIP
820488,White Mug,34,2020-04-06 06:00,64.22,0.17,9.79,Accessories,Online,Not Returned,High,2183.48,VIP
696387,White Mug,30,2020-04-06 07:00,35.19,0.08,5.76,Accessories,In-store,Not Returned,Medium,1055.6999999999998,VIP
389102,Wall Clock,23,2020-04-06 13:00,66.36,0.25,8.99,Accessories,Online,Not Returned,Low,1526.28,VIP
722605,USB Cable,22,2020-04-07 18:00,58.43,0.44,13.94,Accessories,Online,Not Returned,Medium,1285.46,VIP
847512,Blue Pen,44,2020-04-08 04:00,68.86,0.02,23.15,Accessories,In-store,Not Returned,Medium,3029.84,VIP
807593,Notebook,49,2020-04-08 16:00,77.16,0.06,19.25,Accessories,Online,Not Returned,Medium,3780.84,VIP
302332,Office Chair,49,2020-04-08 21:00,44.0,0.06,22.95,Accessories,Online,Not Returned,High,2156.0,VIP
695923,Desk Lamp,32,2020-04-09 08:00,32.28,0.22,6.25,Accessories,Online,Not Returned,High,1032.96,VIP
377707,Office Chair,19,2020-04-09 14:00,77.94,0.41,28.66,Accessories,Online,Not Returned,Low,1480.86,VIP
371991,Office Chair,40,2020-04-09 18:00,31.71,0.38,8.22,Accessories,Online,Not Returned,Low,1268.4,VIP
134707,Headphones,48,2020-04-10 04:00,28.47,0.25,6.45,Accessories,In-store,Not Returned,Medium,1366.56,VIP
618477,Wireless Mouse,37,2020-04-10 05:00,69.78,0.21,12.97,Accessories,In-store,Not Returned,Low,2581.86,VIP
886713,T-shirt,40,2020-04-10 11:00,66.32,0.32,19.46,Accessories,Online,Not Returned,Low,2652.8,VIP
396141,Desk Lamp,16,2020-04-10 23:00,91.11,0.36,15.11,Accessories,Online,Not Returned,Medium,1457.76,VIP
796595,White Mug,43,2020-04-11 01:00,70.44,0.22,24.99,Accessories,In-store,Returned,Medium,3028.92,VIP
947644,Headphones,39,2020-04-11 11:00,85.98,0.13,15.61,Accessories,In-store,Not Returned,Medium,3353.2200000000003,VIP
430929,USB Cable,18,2020-04-11 16:00,86.93,0.36,7.98,Accessories,Online,Not Returned,Medium,1564.7400000000002,VIP
139062,USB Cable,29,2020-04-11 21:00,61.65,0.31,28.82,Accessories,Online,Not Returned,Low,1787.85,VIP
626257,Wall Clock,21,2020-04-12 02:00,50.42,0.35,13.5,Accessories,In-store,Not Returned,High,1058.82,VIP
600726,Headphones,46,2020-04-12 09:00,71.56,0.46,12.16,Accessories,Online,Not Returned,Low,3291.76,VIP
730111,Wireless Mouse,20,2020-04-12 11:00,53.76,0.09,5.52,Accessories,Online,Not Returned,Medium,1075.2,VIP
225354,Office Chair,18,2020-04-12 18:00,72.88,0.29,27.17,Accessories,In-store,Returned,Low,1311.84,VIP
386233,Blue Pen,39,2020-04-13 00:00,76.49,0.17,25.71,Accessories,In-store,Not Returned,Low,2983.11,VIP
996880,Office Chair,-16,2020-04-13 04:00,-79.12,1.2655472801608796,,Accessories,Online,Not Returned,Low,1265.92,VIP
416205,Headphones,22,2020-04-13 09:00,85.96,0.48,8.82,Accessories,In-store,Not Returned,Medium,1891.12,VIP
572132,Desk Lamp,44,2020-04-13 16:00,77.09,0.31,9.75,Accessories,Online,Not Returned,High,3391.96,VIP
828744,Notebook,37,2020-04-14 01:00,58.79,0.41,16.79,Accessories,Online,Not Returned,High,2175.23,VIP
476188,Notebook,40,2020-04-14 11:00,49.91,0.36,11.84,Accessories,Online,Not Returned,High,1996.4,VIP
890546,Wall Clock,49,2020-04-14 16:00,33.65,0.43,16.47,Accessories,Online,Not Returned,Medium,1648.85,VIP
117772,Desk Lamp,40,2020-04-14 23:00,94.42,0.12,21.39,Accessories,Online,Not Returned,High,3776.8,VIP
990186,Wireless Mouse,26,2020-04-15 00:00,50.23,0.13,15.55,Accessories,In-store,Not Returned,High,1305.98,VIP
127723,USB Cable,28,2020-04-15 09:00,84.75,0.39,24.89,Accessories,Online,Not Returned,High,2373.0,VIP
858470,Wall Clock,-41,2020-04-15 10:00,-52.9,1.1190768339575352,,Accessories,Online,Returned,High,2168.9,VIP
553449,Backpack,44,2020-04-16 01:00,51.39,0.3,26.84,Accessories,In-store,Returned,High,2261.16,VIP
325049,Office Chair,45,2020-04-16 07:00,25.25,0.14,15.13,Accessories,Online,Not Returned,Medium,1136.25,VIP
235832,Office Chair,46,2020-04-16 15:00,26.02,0.35,19.2,Accessories,Online,Not Returned,High,1196.92,VIP
153551,Backpack,42,2020-04-16 19:00,91.87,0.38,24.35,Accessories,In-store,Not Returned,High,3858.54,VIP
965146,Notebook,29,2020-04-17 04:00,98.47,0.14,10.85,Accessories,Online,Not Returned,High,2855.63,VIP
813708,Office Chair,23,2020-04-17 05:00,64.15,0.48,20.02,Accessories,Online,Not Returned,Medium,1475.45,VIP
408557,Wall Clock,32,2020-04-17 21:00,42.21,0.31,24.73,Accessories,Online,Not Returned,High,1350.72,VIP
980179,Office Chair,42,2020-04-18 02:00,88.02,0.15,23.95,Accessories,Online,Not Returned,Low,3696.84,VIP
621863,Backpack,48,2020-04-18 09:00,47.12,0.07,9.04,Accessories,Online,Not Returned,Medium,2261.76,VIP
186365,Backpack,44,2020-04-18 19:00,41.96,0.1,16.21,Accessories,Online,Not Returned,Low,1846.24,VIP
957463,Notebook,11,2020-04-19 14:00,99.44,0.46,5.1,Accessories,Online,Not Returned,High,1093.84,VIP
706217,Headphones,25,2020-04-20 04:00,46.33,0.13,14.27,Accessories,In-store,Not Returned,High,1158.25,VIP
227834,Desk Lamp,23,2020-04-20 13:00,88.51,0.14,20.21,Accessories,In-store,Not Returned,Low,2035.73,VIP
884625,Blue Pen,30,2020-04-21 06:00,65.56,0.16,7.39,Accessories,Online,Not Returned,High,1966.8,VIP
149104,Notebook,42,2020-04-21 15:00,27.07,0.5,21.23,Accessories,In-store,Returned,High,1136.94,VIP
305768,Blue Pen,21,2020-04-22 01:00,62.28,0.44,21.5,Accessories,In-store,Not Returned,Medium,1307.88,VIP
628646,Notebook,34,2020-04-22 09:00,38.18,0.28,19.52,Accessories,In-store,Not Returned,Low,1298.12,VIP
396037,Blue Pen,17,2020-04-22 23:00,66.32,0.12,13.04,Accessories,Online,Not Returned,High,1127.4399999999998,VIP
334565,Desk Lamp,33,2020-04-23 13:00,34.28,0.14,18.63,Accessories,In-store,Not Returned,Medium,1131.24,VIP
426459,White Mug,35,2020-04-23 18:00,65.15,0.24,6.68,Accessories,In-store,Not Returned,Low,2280.25,VIP
599499,Wall Clock,23,2020-04-24 04:00,62.02,0.2,19.81,Accessories,Online,Not Returned,Low,1426.46,VIP
955342,USB Cable,36,2020-04-25 02:00,37.72,0.29,5.6,Accessories,Online,Not Returned,Low,1357.92,VIP
408623,Notebook,47,2020-04-25 13:00,53.97,0.35,27.66,Accessories,In-store,Not Returned,Medium,2536.59,VIP
700847,Headphones,14,2020-04-26 17:00,88.33,0.46,21.57,Accessories,In-store,Not Returned,High,1236.62,VIP
367926,USB Cable,40,2020-04-27 01:00,94.73,0.09,18.46,Accessories,Online,Not Returned,Medium,3789.2,VIP
278936,USB Cable,43,2020-04-27 08:00,82.74,0.44,28.05,Accessories,In-store,Not Returned,Low,3557.82,VIP
489954,T-shirt,48,2020-04-27 12:00,57.18,0.24,16.24,Accessories,In-store,Not Returned,Low,2744.64,VIP
333782,USB Cable,45,2020-04-27 19:00,47.67,0.35,27.2,Accessories,Online,Not Returned,High,2145.15,VIP
634670,Notebook,15,2020-04-28 00:00,73.99,0.34,12.52,Accessories,In-store,Not Returned,High,1109.85,VIP
826331,T-shirt,44,2020-04-28 01:00,82.66,0.32,27.6,Accessories,In-store,Not Returned,Medium,3637.04,VIP
187468,White Mug,42,2020-04-28 11:00,24.21,0.03,9.74,Accessories,Online,Not Returned,Low,1016.82,VIP
736308,White Mug,35,2020-04-28 22:00,96.89,0.14,24.43,Accessories,Online,Not Returned,Low,3391.15,VIP
893153,T-shirt,45,2020-04-29 00:00,65.18,0.35,16.88,Accessories,Online,Not Returned,High,2933.1000000000004,VIP
204211,Backpack,44,2020-04-29 04:00,76.16,0.46,24.08,Accessories,In-store,Not Returned,Low,3351.04,VIP
674488,Blue Pen,28,2020-04-30 00:00,77.74,0.29,26.58,Accessories,Online,Not Returned,High,2176.72,VIP
308524,USB Cable,28,2020-04-30 16:00,82.05,0.44,7.07,Accessories,Online,Not Returned,Low,2297.4,VIP
829630,Notebook,36,2020-04-30 17:00,45.72,0.16,24.25,Accessories,Online,Not Returned,Low,1645.92,VIP
351537,Wireless Mouse,20,2020-04-30 20:00,52.15,0.24,19.15,Accessories,In-store,Returned,Medium,1043.0,VIP
600531,Office Chair,47,2020-05-02 13:00,37.63,0.39,25.22,Accessories,Online,Not Returned,Low,1768.61,VIP
589626,T-shirt,32,2020-05-03 03:00,69.48,0.48,7.75,Accessories,Online,Not Returned,Medium,2223.36,VIP
388859,T-shirt,33,2020-05-03 04:00,78.57,0.02,16.08,Accessories,Online,Not Returned,Medium,2592.81,VIP
714106,White Mug,47,2020-05-03 15:00,82.4,0.33,16.86,Accessories,Online,Not Returned,Medium,3872.8,VIP
321972,T-shirt,47,2020-05-06 10:00,39.62,0.49,14.3,Accessories,In-store,Not Returned,Medium,1862.14,VIP
725303,Backpack,41,2020-05-07 14:00,60.49,0.39,18.37,Accessories,In-store,Not Returned,Medium,2480.09,VIP
672643,Office Chair,19,2020-05-07 22:00,64.61,0.38,26.03,Accessories,Online,Not Returned,High,1227.59,VIP
688315,T-shirt,49,2020-05-08 03:00,96.88,0.02,28.13,Accessories,Online,Not Returned,Low,4747.12,VIP
551122,White Mug,31,2020-05-08 04:00,91.48,0.15,21.28,Accessories,Online,Not Returned,High,2835.88,VIP
703103,T-shirt,42,2020-05-08 14:00,72.39,0.11,13.49,Accessories,In-store,Not Returned,High,3040.38,VIP
248702,Headphones,31,2020-05-08 17:00,34.97,0.26,17.19,Accessories,In-store,Returned,High,1084.07,VIP
197661,Headphones,24,2020-05-09 05:00,59.54,0.0,22.72,Accessories,Online,Not Returned,Low,1428.96,VIP
903585,White Mug,44,2020-05-09 15:00,52.53,0.45,23.23,Accessories,In-store,Not Returned,Medium,2311.32,VIP
421909,Office Chair,43,2020-05-09 16:00,23.66,0.35,25.71,Accessories,In-store,Not Returned,Medium,1017.38,VIP
291775,Backpack,23,2020-05-09 23:00,99.95,0.32,28.1,Accessories,Online,Not Returned,High,2298.85,VIP
551495,Notebook,39,2020-05-10 04:00,70.09,0.09,29.79,Accessories,In-store,Not Returned,Low,2733.51,VIP
729720,Office Chair,24,2020-05-10 13:00,42.76,0.25,15.56,Accessories,In-store,Not Returned,Medium,1026.24,VIP
570641,Wireless Mouse,25,2020-05-10 14:00,84.6,0.08,7.34,Accessories,Online,Not Returned,High,2115.0,VIP
640285,Wall Clock,30,2020-05-11 15:00,78.18,0.35,17.15,Accessories,In-store,Not Returned,High,2345.4,VIP
966183,Wireless Mouse,22,2020-05-11 16:00,94.27,0.05,9.82,Accessories,In-store,Not Returned,Low,2073.94,VIP
244129,Wall Clock,44,2020-05-12 09:00,62.03,0.5,7.36,Accessories,Online,Not Returned,High,2729.32,VIP
522955,Desk Lamp,28,2020-05-12 19:00,88.84,0.27,27.89,Accessories,Online,Not Returned,Low,2487.52,VIP
682092,Notebook,47,2020-05-12 20:00,61.63,0.42,15.99,Accessories,Online,Not Returned,Medium,2896.61,VIP
361486,Office Chair,14,2020-05-13 11:00,82.57,0.35,29.75,Accessories,Online,Not Returned,High,1155.98,VIP
195081,T-shirt,29,2020-05-14 06:00,46.97,0.34,10.44,Accessories,Online,Not Returned,Medium,1362.13,VIP
484865,USB Cable,43,2020-05-14 07:00,53.65,0.06,14.78,Accessories,In-store,Not Returned,Low,2306.95,VIP
758441,Wall Clock,40,2020-05-14 10:00,74.69,0.01,22.75,Accessories,In-store,Not Returned,Low,2987.6,VIP
787016,Wall Clock,20,2020-05-14 17:00,96.32,0.18,14.73,Accessories,In-store,Not Returned,High,1926.4,VIP
531116,Desk Lamp,15,2020-05-14 19:00,90.76,0.1,13.61,Accessories,In-store,Returned,Medium,1361.4,VIP
731827,Backpack,41,2020-05-16 01:00,25.98,0.14,29.42,Accessories,In-store,Not Returned,High,1065.18,VIP
647993,Desk Lamp,47,2020-05-16 06:00,93.34,0.01,5.39,Accessories,Online,Not Returned,Low,4386.9800000000005,VIP
978629,Backpack,-37,2020-05-16 15:00,-85.84,1.4971478981989907,,Accessories,Online,Not Returned,High,3176.08,VIP
398871,Notebook,32,2020-05-17 07:00,93.77,0.06,12.12,Accessories,Online,Not Returned,Low,3000.64,VIP
275006,Office Chair,31,2020-05-18 03:00,96.38,0.38,8.31,Accessories,Online,Not Returned,High,2987.78,VIP
367613,Headphones,20,2020-05-18 09:00,60.98,0.26,21.85,Accessories,Online,Not Returned,High,1219.6,VIP
133787,Office Chair,35,2020-05-18 21:00,75.91,0.32,18.67,Accessories,Online,Not Returned,High,2656.85,VIP
130447,Wall Clock,40,2020-05-19 04:00,65.95,0.36,21.42,Accessories,In-store,Not Returned,Low,2638.0,VIP
763689,Office Chair,19,2020-05-19 19:00,85.51,0.36,24.87,Accessories,In-store,Not Returned,Medium,1624.69,VIP
869097,Office Chair,23,2020-05-20 22:00,53.3,0.3,27.05,Accessories,Online,Not Returned,High,1225.9,VIP
250787,Headphones,42,2020-05-21 04:00,34.46,0.04,14.28,Accessories,Online,Not Returned,High,1447.32,VIP
763070,Blue Pen,22,2020-05-21 20:00,63.36,0.34,26.63,Accessories,Online,Not Returned,Low,1393.92,VIP
526188,Wireless Mouse,49,2020-05-22 16:00,68.45,0.19,18.0,Accessories,Online,Not Returned,Medium,3354.05,VIP
411877,White Mug,48,2020-05-22 17:00,85.52,0.17,13.36,Accessories,In-store,Not Returned,Low,4104.96,VIP
570670,Wireless Mouse,38,2020-05-23 14:00,62.58,0.32,6.1,Accessories,Online,Not Returned,High,2378.04,VIP
511961,Wireless Mouse,31,2020-05-24 01:00,38.53,0.1,21.09,Accessories,Online,Returned,Low,1194.43,VIP
349430,Notebook,47,2020-05-24 06:00,70.09,0.38,20.48,Accessories,In-store,Not Returned,Medium,3294.23,VIP
113140,White Mug,46,2020-05-25 23:00,56.71,0.12,12.21,Accessories,Online,Not Returned,Low,2608.66,VIP
303127,White Mug,48,2020-05-27 15:00,89.42,0.26,13.59,Accessories,In-store,Not Returned,Low,4292.16,VIP
625069,White Mug,28,2020-05-27 20:00,59.51,0.22,23.1,Accessories,In-store,Not Returned,Low,1666.28,VIP
631111,White Mug,23,2020-05-28 00:00,77.7,0.48,7.83,Accessories,Online,Not Returned,Medium,1787.1,VIP
557382,Backpack,18,2020-05-28 17:00,70.13,0.16,12.35,Accessories,In-store,Not Returned,Low,1262.34,VIP
326058,White Mug,39,2020-05-29 02:00,80.82,0.14,13.86,Accessories,Online,Not Returned,Low,3151.98,VIP
962371,T-shirt,41,2020-05-29 10:00,98.8,0.17,28.97,Accessories,In-store,Not Returned,Low,4050.8,VIP
971877,USB Cable,25,2020-05-29 22:00,88.61,0.42,26.51,Accessories,In-store,Returned,Medium,2215.25,VIP
310545,Backpack,27,2020-05-30 06:00,86.43,0.47,19.88,Accessories,Online,Not Returned,Low,2333.61,VIP
139901,Office Chair,37,2020-05-30 19:00,50.04,0.03,26.99,Accessories,Online,Returned,Medium,1851.48,VIP
892338,White Mug,22,2020-05-30 21:00,87.76,0.39,13.13,Accessories,Online,Not Returned,Low,1930.72,VIP
256222,T-shirt,48,2020-05-31 04:00,86.15,0.21,11.02,Accessories,Online,Not Returned,Low,4135.200000000001,VIP
298137,White Mug,22,2020-05-31 14:00,45.67,0.03,23.69,Accessories,Online,Returned,Medium,1004.74,VIP
619165,Backpack,46,2020-06-01 05:00,62.39,0.06,29.88,Accessories,Online,Not Returned,Low,2869.94,VIP
197756,Wireless Mouse,22,2020-06-01 10:00,72.39,0.46,16.04,Accessories,In-store,Not Returned,Medium,1592.58,VIP
257547,Notebook,36,2020-06-01 21:00,78.22,0.15,27.41,Accessories,In-store,Not Returned,Low,2815.92,VIP
745275,Wireless Mouse,27,2020-06-02 10:00,54.5,0.14,21.14,Accessories,Online,Not Returned,High,1471.5,VIP
302041,Headphones,36,2020-06-02 23:00,88.47,0.26,7.77,Accessories,In-store,Not Returned,High,3184.92,VIP
443701,Headphones,40,2020-06-03 05:00,37.81,0.12,28.86,Accessories,In-store,Not Returned,High,1512.4,VIP
237488,Notebook,46,2020-06-03 06:00,28.12,0.03,18.45,Accessories,Online,Returned,Medium,1293.52,VIP
394746,Office Chair,30,2020-06-03 11:00,52.93,0.33,7.57,Accessories,Online,Not Returned,Medium,1587.9,VIP
571328,Notebook,25,2020-06-03 13:00,87.91,0.01,7.01,Accessories,In-store,Not Returned,Medium,2197.75,VIP
712257,Wall Clock,43,2020-06-03 17:00,74.27,0.26,23.65,Accessories,Online,Not Returned,Low,3193.61,VIP
223950,T-shirt,25,2020-06-03 22:00,72.89,0.22,25.24,Accessories,Online,Not Returned,High,1822.25,VIP
727220,Notebook,32,2020-06-04 16:00,94.1,0.03,11.29,Accessories,Online,Not Returned,High,3011.2,VIP
575595,Office Chair,34,2020-06-04 21:00,57.13,0.39,22.1,Accessories,Online,Not Returned,High,1942.42,VIP
683098,White Mug,45,2020-06-05 11:00,59.6,0.2,20.5,Accessories,Online,Not Returned,High,2682.0,VIP
239544,USB Cable,38,2020-06-06 05:00,43.48,0.42,7.11,Accessories,Online,Not Returned,High,1652.2399999999998,VIP
824984,Backpack,25,2020-06-06 14:00,58.13,0.47,27.06,Accessories,Online,Not Returned,Medium,1453.25,VIP
541416,Blue Pen,19,2020-06-07 02:00,99.73,0.01,20.77,Accessories,In-store,Not Returned,High,1894.87,VIP
376091,Desk Lamp,13,2020-06-07 04:00,79.12,0.29,9.47,Accessories,Online,Not Returned,Medium,1028.56,VIP
935869,Backpack,44,2020-06-07 18:00,36.59,0.06,17.17,Accessories,In-store,Not Returned,High,1609.96,VIP
853704,Wall Clock,20,2020-06-08 06:00,89.93,0.06,16.46,Accessories,Online,Not Returned,High,1798.6,VIP
385711,Backpack,41,2020-06-08 20:00,69.55,0.46,26.57,Accessories,Online,Not Returned,Medium,2851.55,VIP
560244,Desk Lamp,15,2020-06-09 06:00,76.92,0.17,12.36,Accessories,Online,Not Returned,Low,1153.8,VIP
560796,Office Chair,21,2020-06-09 17:00,91.09,0.42,22.1,Accessories,Online,Not Returned,High,1912.89,VIP
784393,Wireless Mouse,20,2020-06-12 01:00,96.37,0.44,27.4,Accessories,In-store,Not Returned,High,1927.4,VIP
561552,Headphones,-31,2020-06-12 06:00,-73.71,0.28,,Accessories,Online,Not Returned,High,2285.01,VIP
947467,Desk Lamp,26,2020-06-14 10:00,86.91,0.37,5.04,Accessories,In-store,Not Returned,Medium,2259.66,VIP
810644,Wall Clock,46,2020-06-14 16:00,74.98,0.23,22.65,Accessories,Online,Not Returned,High,3449.0800000000004,VIP
357324,Desk Lamp,25,2020-06-14 21:00,88.85,0.31,9.75,Accessories,In-store,Not Returned,Low,2221.25,VIP
758681,Wall Clock,31,2020-06-15 00:00,66.2,0.04,25.13,Accessories,In-store,Not Returned,Low,2052.2000000000003,VIP
283965,Wall Clock,31,2020-06-15 07:00,74.71,0.07,8.24,Accessories,Online,Not Returned,Low,2316.01,VIP
234832,Office Chair,48,2020-06-15 10:00,23.92,0.26,22.19,Accessories,Online,Not Returned,Medium,1148.16,VIP
423494,T-shirt,29,2020-06-16 09:00,98.5,0.21,19.29,Accessories,Online,Not Returned,Low,2856.5,VIP
956626,T-shirt,37,2020-06-16 21:00,94.03,0.16,27.47,Accessories,Online,Not Returned,Medium,3479.11,VIP
946490,USB Cable,48,2020-06-17 05:00,97.17,0.36,6.77,Accessories,Online,Not Returned,High,4664.16,VIP
308944,Office Chair,11,2020-06-18 03:00,99.98,0.12,19.27,Accessories,In-store,Not Returned,Low,1099.78,VIP
183555,Backpack,49,2020-06-19 15:00,32.48,0.27,27.9,Accessories,Online,Returned,Medium,1591.5199999999998,VIP
841280,Wireless Mouse,33,2020-06-19 17:00,52.77,0.38,15.01,Accessories,In-store,Not Returned,Low,1741.41,VIP
863799,Wall Clock,46,2020-06-19 18:00,40.09,0.0,14.92,Accessories,Online,Not Returned,Low,1844.14,VIP
168803,Headphones,39,2020-06-20 00:00,34.59,0.05,9.54,Accessories,In-store,Not Returned,Medium,1349.0100000000002,VIP
978135,Notebook,36,2020-06-20 02:00,82.53,0.07,16.7,Accessories,In-store,Not Returned,Medium,2971.08,VIP
980765,T-shirt,43,2020-06-20 17:00,64.0,0.17,10.62,Accessories,In-store,Returned,High,2752.0,VIP
719328,Desk Lamp,22,2020-06-21 05:00,64.64,0.48,24.1,Accessories,In-store,Not Returned,Medium,1422.08,VIP
301260,Office Chair,32,2020-06-21 16:00,66.83,0.49,25.05,Accessories,In-store,Not Returned,Low,2138.56,VIP
483100,White Mug,16,2020-06-22 05:00,83.49,0.09,10.24,Accessories,Online,Not Returned,Low,1335.84,VIP
656066,White Mug,47,2020-06-22 17:00,84.42,0.33,5.09,Accessories,Online,Not Returned,Medium,3967.74,VIP
785763,Blue Pen,49,2020-06-22 19:00,27.67,0.14,9.06,Accessories,Online,Not Returned,High,1355.8300000000002,VIP
423660,Headphones,35,2020-06-22 23:00,40.94,0.31,25.48,Accessories,In-store,Not Returned,Medium,1432.9,VIP
496452,Wireless Mouse,24,2020-06-23 10:00,42.56,0.26,29.35,Accessories,Online,Not Returned,Medium,1021.44,VIP
632844,T-shirt,21,2020-06-23 15:00,63.24,0.49,24.71,Accessories,Online,Not Returned,Medium,1328.04,VIP
448980,Headphones,18,2020-06-23 17:00,76.93,0.0,13.01,Accessories,In-store,Not Returned,High,1384.7400000000002,VIP
706590,Blue Pen,28,2020-06-24 06:00,45.68,0.1,17.38,Accessories,Online,Not Returned,Medium,1279.04,VIP
557569,Headphones,43,2020-06-24 20:00,41.04,0.26,17.81,Accessories,In-store,Not Returned,Medium,1764.72,VIP
593671,Blue Pen,33,2020-06-25 05:00,60.69,0.44,7.14,Accessories,In-store,Not Returned,High,2002.77,VIP
690381,Desk Lamp,48,2020-06-26 12:00,73.37,0.2,18.49,Accessories,In-store,Not Returned,Medium,3521.76,VIP
935083,Desk Lamp,48,2020-06-26 14:00,92.79,0.41,26.05,Accessories,In-store,Not Returned,High,4453.92,VIP
990083,USB Cable,41,2020-06-27 03:00,51.59,0.47,21.09,Accessories,Online,Returned,Medium,2115.19,VIP
991378,Office Chair,26,2020-06-27 13:00,63.41,0.11,13.68,Accessories,Online,Not Returned,Low,1648.66,VIP
824698,Blue Pen,31,2020-06-27 19:00,84.79,0.22,17.95,Accessories,In-store,Not Returned,Medium,2628.49,VIP
939319,Wireless Mouse,37,2020-06-29 17:00,42.52,0.34,14.23,Accessories,Online,Not Returned,High,1573.24,VIP
881198,Notebook,23,2020-06-30 11:00,94.23,0.2,20.28,Accessories,Online,Not Returned,High,2167.29,VIP
741211,USB Cable,38,2020-06-30 17:00,68.27,0.43,9.42,Accessories,In-store,Not Returned,Low,2594.26,VIP
362093,Wall Clock,12,2020-07-01 05:00,83.78,0.02,24.17,Accessories,Online,Not Returned,Medium,1005.36,VIP
410655,Desk Lamp,27,2020-07-01 06:00,73.23,0.11,10.0,Accessories,In-store,Not Returned,High,1977.21,VIP
685676,Blue Pen,29,2020-07-01 16:00,35.39,0.01,13.03,Accessories,Online,Not Returned,Low,1026.31,VIP
865612,Wireless Mouse,27,2020-07-01 17:00,81.32,0.06,28.7,Accessories,Online,Not Returned,Medium,2195.64,VIP
305157,Blue Pen,40,2020-07-01 23:00,82.28,0.0,12.48,Accessories,In-store,Not Returned,Medium,3291.2,VIP
248694,Backpack,30,2020-07-02 21:00,51.85,0.25,21.64,Accessories,In-store,Not Returned,Low,1555.5,VIP
486328,Headphones,17,2020-07-03 15:00,83.78,0.25,25.13,Accessories,Online,Not Returned,Low,1424.26,VIP
649523,Desk Lamp,16,2020-07-04 01:00,87.71,0.17,29.02,Accessories,In-store,Not Returned,Low,1403.36,VIP
767505,Blue Pen,18,2020-07-04 03:00,95.49,0.12,25.05,Accessories,Online,Not Returned,High,1718.82,VIP
745822,Wireless Mouse,29,2020-07-04 12:00,52.31,0.4,14.13,Accessories,In-store,Not Returned,Medium,1516.99,VIP
279838,Desk Lamp,35,2020-07-05 03:00,31.87,0.17,21.06,Accessories,Online,Not Returned,Low,1115.45,VIP
420752,Backpack,-43,2020-07-05 11:00,-90.21,0.36,,Accessories,Online,Not Returned,Medium,3879.03,VIP
937393,Office Chair,17,2020-07-05 14:00,62.29,0.05,6.69,Accessories,In-store,Not Returned,Medium,1058.93,VIP
834983,USB Cable,48,2020-07-05 19:00,70.85,0.43,18.55,Accessories,Online,Not Returned,High,3400.8,VIP
643296,Headphones,35,2020-07-06 04:00,44.83,0.09,23.11,Accessories,In-store,Not Returned,High,1569.05,VIP
584146,Desk Lamp,29,2020-07-06 14:00,58.44,0.32,23.59,Accessories,In-store,Not Returned,Low,1694.76,VIP
338038,Backpack,44,2020-07-07 00:00,66.77,0.44,27.93,Accessories,In-store,Not Returned,Medium,2937.88,VIP
948800,Wall Clock,23,2020-07-07 03:00,84.7,0.19,9.88,Accessories,In-store,Not Returned,Medium,1948.1,VIP
447860,Desk Lamp,36,2020-07-07 09:00,73.61,0.14,15.88,Accessories,In-store,Not Returned,Medium,2649.96,VIP
691343,T-shirt,33,2020-07-08 16:00,98.18,0.36,14.53,Accessories,In-store,Not Returned,Medium,3239.94,VIP
335469,Notebook,20,2020-07-08 19:00,80.44,0.23,12.31,Accessories,Online,Not Returned,Medium,1608.8,VIP
389508,Headphones,17,2020-07-09 02:00,74.44,0.26,9.43,Accessories,In-store,Not Returned,Medium,1265.48,VIP
520963,Backpack,13,2020-07-09 16:00,95.61,0.13,11.39,Accessories,In-store,Returned,Low,1242.93,VIP
388816,Backpack,49,2020-07-10 18:00,79.3,0.34,10.88,Accessories,In-store,Not Returned,Low,3885.7,VIP
274037,Headphones,20,2020-07-11 08:00,91.4,0.1,13.74,Accessories,In-store,Not Returned,Medium,1828.0,VIP
779447,Wall Clock,13,2020-07-11 21:00,84.87,0.07,8.42,Accessories,Online,Not Returned,Low,1103.31,VIP
112828,Blue Pen,33,2020-07-11 22:00,87.36,0.18,28.01,Accessories,Online,Not Returned,Low,2882.88,VIP
983096,Headphones,49,2020-07-11 23:00,53.83,0.17,9.88,Accessories,In-store,Not Returned,Low,2637.67,VIP
756761,White Mug,37,2020-07-12 01:00,56.17,0.13,16.3,Accessories,In-store,Not Returned,Medium,2078.29,VIP
787605,Headphones,23,2020-07-12 15:00,91.71,0.05,5.47,Accessories,In-store,Not Returned,Low,2109.33,VIP
511124,Backpack,17,2020-07-13 02:00,76.78,0.16,8.48,Accessories,In-store,Not Returned,Medium,1305.26,VIP
938387,Wireless Mouse,31,2020-07-13 08:00,53.29,0.26,6.05,Accessories,Online,Not Returned,Medium,1651.99,VIP
775453,USB Cable,28,2020-07-13 10:00,54.52,0.25,9.28,Accessories,In-store,Not Returned,High,1526.5600000000002,VIP
670895,Desk Lamp,36,2020-07-13 12:00,71.35,0.15,17.13,Accessories,Online,Not Returned,Medium,2568.6,VIP
811028,Office Chair,27,2020-07-13 13:00,96.79,0.08,6.46,Accessories,Online,Not Returned,High,2613.3300000000004,VIP
518184,Notebook,35,2020-07-14 20:00,59.65,0.4,20.07,Accessories,In-store,Not Returned,Medium,2087.75,VIP
452414,Blue Pen,35,2020-07-16 11:00,30.33,0.35,21.82,Accessories,Online,Not Returned,Medium,1061.55,VIP
593216,Backpack,36,2020-07-16 23:00,27.83,0.36,11.34,Accessories,Online,Not Returned,High,1001.88,VIP
782405,Headphones,29,2020-07-17 01:00,71.33,0.33,28.24,Accessories,In-store,Not Returned,Low,2068.57,VIP
446709,Headphones,32,2020-07-17 14:00,49.78,0.23,16.47,Accessories,Online,Not Returned,Medium,1592.96,VIP
963659,T-shirt,30,2020-07-18 01:00,79.27,0.32,29.04,Accessories,In-store,Not Returned,High,2378.1,VIP
327135,Blue Pen,19,2020-07-18 21:00,53.66,0.44,17.08,Accessories,Online,Not Returned,Medium,1019.54,VIP
297227,Notebook,45,2020-07-19 13:00,82.6,0.28,6.04,Accessories,In-store,Not Returned,Low,3717.0,VIP
521217,Backpack,40,2020-07-19 18:00,54.24,0.06,11.91,Accessories,Online,Not Returned,High,2169.6,VIP
501415,Wall Clock,-42,2020-07-20 02:00,-30.92,1.8838740511665577,,Accessories,Online,Not Returned,High,1298.64,VIP
599797,Office Chair,44,2020-07-20 15:00,41.39,0.31,26.57,Accessories,Online,Not Returned,High,1821.16,VIP
381854,Blue Pen,48,2020-07-21 00:00,32.99,0.22,28.49,Accessories,Online,Not Returned,Low,1583.52,VIP
782773,Wall Clock,29,2020-07-21 11:00,90.44,0.45,8.5,Accessories,Online,Not Returned,Low,2622.76,VIP
953164,Notebook,37,2020-07-21 18:00,67.37,0.21,25.95,Accessories,In-store,Not Returned,Low,2492.69,VIP
775673,Headphones,46,2020-07-22 16:00,46.06,0.44,27.9,Accessories,Online,Not Returned,Medium,2118.76,VIP
658969,Office Chair,35,2020-07-23 16:00,45.99,0.44,6.43,Accessories,Online,Not Returned,Low,1609.65,VIP
815339,T-shirt,40,2020-07-24 07:00,57.32,0.27,5.27,Accessories,In-store,Not Returned,Low,2292.8,VIP
410001,USB Cable,20,2020-07-24 23:00,53.77,0.17,10.1,Accessories,Online,Not Returned,Medium,1075.4,VIP
786915,Headphones,40,2020-07-25 14:00,62.01,0.46,9.25,Accessories,Online,Not Returned,High,2480.4,VIP
476087,Notebook,46,2020-07-25 21:00,99.47,0.21,21.85,Accessories,Online,Not Returned,Low,4575.62,VIP
107415,White Mug,15,2020-07-26 12:00,70.79,0.05,20.65,Accessories,Online,Not Returned,Low,1061.85,VIP
399188,Headphones,46,2020-07-26 16:00,55.17,0.44,28.79,Accessories,Online,Not Returned,High,2537.82,VIP
311509,Office Chair,38,2020-07-26 23:00,57.18,0.31,29.63,Accessories,In-store,Not Returned,Low,2172.84,VIP
596965,Blue Pen,45,2020-07-27 00:00,36.69,0.3,21.23,Accessories,Online,Not Returned,Low,1651.05,VIP
962147,Wall Clock,39,2020-07-27 12:00,68.4,0.48,27.28,Accessories,Online,Not Returned,Low,2667.6000000000004,VIP
292029,Headphones,37,2020-07-28 02:00,74.53,0.34,18.58,Accessories,In-store,Not Returned,Medium,2757.61,VIP
238286,Blue Pen,25,2020-07-28 12:00,62.1,0.06,15.12,Accessories,Online,Not Returned,Medium,1552.5,VIP
419759,Headphones,29,2020-07-28 21:00,64.42,0.32,28.5,Accessories,Online,Returned,Medium,1868.18,VIP
800406,Wireless Mouse,35,2020-07-28 23:00,77.8,0.39,14.08,Accessories,Online,Not Returned,Low,2723.0,VIP
884192,USB Cable,19,2020-07-29 20:00,59.63,0.12,29.83,Accessories,In-store,Not Returned,Low,1132.97,VIP
977550,Wall Clock,25,2020-07-30 10:00,84.97,0.31,24.93,Accessories,In-store,Not Returned,Low,2124.25,VIP
609565,USB Cable,26,2020-07-30 14:00,69.94,0.49,11.73,Accessories,In-store,Returned,High,1818.44,VIP
622552,Notebook,38,2020-07-30 15:00,49.26,0.24,12.33,Accessories,Online,Not Returned,Medium,1871.88,VIP
513089,T-shirt,24,2020-07-30 17:00,48.01,0.2,7.1,Accessories,Online,Not Returned,Medium,1152.24,VIP
729698,T-shirt,38,2020-07-31 12:00,77.21,0.02,9.41,Accessories,Online,Not Returned,Medium,2933.98,VIP
396063,Blue Pen,48,2020-07-31 18:00,70.24,0.4,22.58,Accessories,In-store,Not Returned,High,3371.5199999999995,VIP
755348,Wall Clock,45,2020-08-01 19:00,89.28,0.28,10.76,Accessories,In-store,Returned,High,4017.6,VIP
472047,Headphones,32,2020-08-01 22:00,55.2,0.16,13.93,Accessories,Online,Not Returned,High,1766.4,VIP
489959,Office Chair,21,2020-08-02 22:00,84.15,0.07,21.72,Accessories,In-store,Not Returned,Low,1767.15,VIP
607831,Blue Pen,13,2020-08-03 00:00,89.86,0.24,15.81,Accessories,In-store,Not Returned,High,1168.18,VIP
187051,Headphones,27,2020-08-03 11:00,71.0,0.13,28.87,Accessories,Online,Not Returned,Low,1917.0,VIP
381696,Backpack,42,2020-08-03 20:00,95.71,0.25,19.63,Accessories,Online,Not Returned,Low,4019.82,VIP
588765,Desk Lamp,28,2020-08-04 04:00,70.12,0.46,15.38,Accessories,Online,Not Returned,Low,1963.36,VIP
501062,Wireless Mouse,43,2020-08-04 14:00,62.11,0.28,20.6,Accessories,In-store,Not Returned,Low,2670.73,VIP
597952,T-shirt,27,2020-08-04 16:00,81.95,0.19,8.19,Accessories,In-store,Not Returned,Low,2212.65,VIP
619570,Headphones,27,2020-08-04 23:00,62.93,0.0,19.92,Accessories,Online,Not Returned,High,1699.11,VIP
949307,Blue Pen,27,2020-08-05 21:00,69.44,0.31,7.78,Accessories,Online,Returned,Medium,1874.88,VIP
495204,Notebook,24,2020-08-06 00:00,87.37,0.43,12.36,Accessories,Online,Not Returned,Medium,2096.88,VIP
466081,Notebook,22,2020-08-06 16:00,82.75,0.04,19.46,Accessories,Online,Not Returned,Low,1820.5,VIP
622154,Office Chair,22,2020-08-06 23:00,61.8,0.21,20.47,Accessories,Online,Not Returned,High,1359.6,VIP
332930,Wall Clock,-22,2020-08-07 10:00,-82.87,1.059542796517202,,Accessories,Online,Returned,Low,1823.14,VIP
653372,White Mug,49,2020-08-08 07:00,82.3,0.06,15.74,Accessories,In-store,Not Returned,High,4032.7,VIP
928569,Office Chair,15,2020-08-08 11:00,75.51,0.5,7.4,Accessories,In-store,Not Returned,Low,1132.65,VIP
874168,T-shirt,27,2020-08-09 01:00,79.3,0.34,20.79,Accessories,In-store,Not Returned,High,2141.1,VIP
160272,White Mug,42,2020-08-09 05:00,32.11,0.03,19.69,Accessories,In-store,Not Returned,Medium,1348.62,VIP
838096,Blue Pen,27,2020-08-09 08:00,73.34,0.06,22.1,Accessories,In-store,Not Returned,Low,1980.18,VIP
967564,White Mug,30,2020-08-09 15:00,96.03,0.34,19.14,Accessories,Online,Returned,Medium,2880.9,VIP
182289,White Mug,29,2020-08-10 00:00,71.84,0.15,7.77,Accessories,Online,Not Returned,High,2083.36,VIP
500890,Wall Clock,38,2020-08-10 05:00,58.78,0.07,29.82,Accessories,In-store,Not Returned,Low,2233.64,VIP
431356,White Mug,49,2020-08-10 11:00,31.12,0.23,26.57,Accessories,Online,Not Returned,High,1524.88,VIP
438089,Wireless Mouse,48,2020-08-10 22:00,34.38,0.14,6.81,Accessories,In-store,Not Returned,High,1650.2400000000002,VIP
949375,White Mug,44,2020-08-11 07:00,85.87,0.23,13.41,Accessories,Online,Not Returned,Low,3778.28,VIP
634730,Wall Clock,29,2020-08-11 19:00,86.28,0.41,21.34,Accessories,Online,Not Returned,Low,2502.12,VIP
153053,Backpack,26,2020-08-11 22:00,92.01,0.17,21.41,Accessories,Online,Not Returned,Low,2392.26,VIP
634391,T-shirt,-34,2020-08-12 20:00,-62.35,0.43,,Accessories,Online,Not Returned,Low,2119.9,VIP
587025,Wall Clock,43,2020-08-14 02:00,57.08,0.4,9.16,Accessories,Online,Not Returned,Medium,2454.44,VIP
754587,Backpack,44,2020-08-14 03:00,50.71,0.29,11.78,Accessories,In-store,Not Returned,Low,2231.24,VIP
322542,T-shirt,28,2020-08-14 06:00,93.56,0.39,11.43,Accessories,Online,Not Returned,High,2619.6800000000003,VIP
730421,USB Cable,17,2020-08-14 11:00,73.94,0.33,8.57,Accessories,Online,Not Returned,Low,1256.98,VIP
921530,Notebook,20,2020-08-16 08:00,83.09,0.24,12.33,Accessories,In-store,Not Returned,High,1661.8000000000002,VIP
593992,Wall Clock,15,2020-08-17 12:00,75.04,0.16,20.74,Accessories,Online,Not Returned,Low,1125.6,VIP
335595,Office Chair,45,2020-08-17 18:00,70.05,0.05,28.7,Accessories,Online,Not Returned,Low,3152.25,VIP
583442,Notebook,22,2020-08-19 10:00,64.45,0.1,25.95,Accessories,In-store,Not Returned,High,1417.9,VIP
879976,Blue Pen,34,2020-08-19 13:00,45.9,0.17,5.83,Accessories,Online,Not Returned,High,1560.6,VIP
858761,Backpack,44,2020-08-20 10:00,31.17,0.41,8.65,Accessories,In-store,Not Returned,Medium,1371.48,VIP
331324,Wall Clock,14,2020-08-20 12:00,99.03,0.32,26.19,Accessories,In-store,Returned,Medium,1386.42,VIP
333612,Headphones,42,2020-08-20 16:00,54.49,0.49,14.26,Accessories,Online,Not Returned,Medium,2288.58,VIP
151831,Wall Clock,43,2020-08-22 12:00,77.98,0.36,29.33,Accessories,Online,Returned,Medium,3353.1400000000003,VIP
616479,Wall Clock,37,2020-08-23 14:00,43.0,0.44,13.63,Accessories,Online,Not Returned,Medium,1591.0,VIP
439679,Notebook,18,2020-08-23 17:00,61.71,0.25,25.06,Accessories,Online,Not Returned,Medium,1110.78,VIP
757941,Headphones,34,2020-08-23 18:00,33.76,0.05,15.73,Accessories,In-store,Not Returned,Low,1147.84,VIP
455054,USB Cable,38,2020-08-23 21:00,34.67,0.2,5.02,Accessories,Online,Not Returned,High,1317.46,VIP
176848,Headphones,21,2020-08-24 05:00,48.9,0.17,12.09,Accessories,Online,Not Returned,High,1026.9,VIP
573146,Wireless Mouse,38,2020-08-24 22:00,66.95,0.49,7.62,Accessories,In-store,Not Returned,Low,2544.1,VIP
758250,Headphones,36,2020-08-25 04:00,53.75,0.39,20.25,Accessories,Online,Not Returned,Medium,1935.0,VIP
320283,Office Chair,20,2020-08-25 18:00,70.14,0.47,15.17,Accessories,Online,Not Returned,High,1402.8,VIP
184811,Desk Lamp,41,2020-08-27 10:00,33.01,0.23,27.98,Accessories,Online,Not Returned,Medium,1353.41,VIP
480172,Office Chair,35,2020-08-27 13:00,51.69,0.09,14.75,Accessories,In-store,Not Returned,High,1809.15,VIP
389360,T-shirt,18,2020-08-28 05:00,76.42,0.11,14.41,Accessories,In-store,Not Returned,High,1375.56,VIP
577697,White Mug,49,2020-08-28 07:00,47.58,0.2,9.75,Accessories,Online,Not Returned,High,2331.42,VIP
867344,Headphones,27,2020-08-28 15:00,61.42,0.04,16.68,Accessories,Online,Not Returned,Low,1658.34,VIP
474743,Wall Clock,25,2020-08-29 16:00,88.83,0.04,21.85,Accessories,In-store,Not Returned,Medium,2220.75,VIP
628036,T-shirt,45,2020-08-29 22:00,22.56,0.39,23.44,Accessories,In-store,Not Returned,Low,1015.2,VIP
479413,Office Chair,17,2020-08-30 00:00,97.87,0.34,5.75,Accessories,Online,Not Returned,High,1663.79,VIP
251956,Wall Clock,47,2020-08-30 02:00,88.44,0.05,26.46,Accessories,Online,Returned,Low,4156.68,VIP
447823,Backpack,41,2020-08-30 09:00,84.69,0.25,21.96,Accessories,In-store,Not Returned,High,3472.29,VIP
225829,Notebook,47,2020-08-30 10:00,86.3,0.28,20.71,Accessories,In-store,Not Returned,High,4056.1,VIP
722334,Headphones,31,2020-08-30 16:00,39.48,0.32,10.37,Accessories,In-store,Not Returned,Medium,1223.88,VIP
688574,Backpack,30,2020-08-31 06:00,59.84,0.22,16.97,Accessories,Online,Not Returned,Low,1795.2,VIP
569450,Backpack,12,2020-08-31 21:00,98.93,0.04,8.61,Accessories,In-store,Returned,Low,1187.16,VIP
179818,White Mug,23,2020-09-01 02:00,48.7,0.08,20.02,Accessories,Online,Not Returned,Medium,1120.1,VIP
719003,Office Chair,39,2020-09-01 05:00,46.86,0.06,25.99,Accessories,In-store,Not Returned,Low,1827.54,VIP
463298,Headphones,49,2020-09-01 08:00,23.57,0.22,13.07,Accessories,In-store,Not Returned,Low,1154.93,VIP
961756,Headphones,24,2020-09-02 05:00,72.41,0.11,24.57,Accessories,Online,Returned,High,1737.84,VIP
133340,Notebook,11,2020-09-02 12:00,95.05,0.28,10.37,Accessories,Online,Not Returned,Medium,1045.55,VIP
111094,Wireless Mouse,46,2020-09-02 17:00,76.35,0.0,7.82,Accessories,Online,Not Returned,Medium,3512.1,VIP
892173,Wall Clock,39,2020-09-02 19:00,89.28,0.33,8.7,Accessories,Online,Not Returned,Medium,3481.92,VIP
735873,Notebook,36,2020-09-02 20:00,81.65,0.25,28.48,Accessories,In-store,Not Returned,Medium,2939.4,VIP
393052,Wall Clock,34,2020-09-03 13:00,77.92,0.24,18.26,Accessories,In-store,Not Returned,Medium,2649.28,VIP
591006,Notebook,37,2020-09-04 00:00,99.5,0.19,11.09,Accessories,Online,Not Returned,High,3681.5,VIP
254542,Office Chair,49,2020-09-04 16:00,46.92,0.39,11.68,Accessories,In-store,Returned,High,2299.08,VIP
229744,Headphones,21,2020-09-04 17:00,55.5,0.37,8.67,Accessories,In-store,Not Returned,High,1165.5,VIP
497745,Notebook,45,2020-09-04 23:00,37.8,0.13,23.39,Accessories,In-store,Not Returned,Medium,1700.9999999999998,VIP
858826,Notebook,42,2020-09-05 04:00,91.73,0.49,7.73,Accessories,Online,Returned,High,3852.66,VIP
470250,Office Chair,41,2020-09-05 23:00,41.5,0.08,25.78,Accessories,In-store,Not Returned,Medium,1701.5,VIP
386663,Wireless Mouse,33,2020-09-06 00:00,50.49,0.21,12.58,Accessories,Online,Not Returned,Medium,1666.17,VIP
712439,Wireless Mouse,16,2020-09-07 04:00,84.16,0.08,22.41,Accessories,In-store,Not Returned,Low,1346.56,VIP
417715,Wireless Mouse,-44,2020-09-07 20:00,-70.51,1.3645684020465243,,Accessories,In-store,Not Returned,Low,3102.44,VIP
528395,White Mug,41,2020-09-08 11:00,93.57,0.45,28.09,Accessories,In-store,Not Returned,High,3836.37,VIP
605633,White Mug,37,2020-09-08 13:00,53.99,0.34,25.76,Accessories,In-store,Not Returned,Medium,1997.63,VIP
331318,White Mug,36,2020-09-09 08:00,49.77,0.3,6.25,Accessories,Online,Not Returned,High,1791.72,VIP
461309,USB Cable,15,2020-09-09 12:00,93.31,0.25,14.77,Accessories,In-store,Returned,Medium,1399.65,VIP
273115,Headphones,33,2020-09-09 14:00,90.81,0.23,8.65,Accessories,Online,Not Returned,High,2996.73,VIP
813340,Headphones,42,2020-09-09 20:00,27.08,0.23,21.59,Accessories,In-store,Not Returned,Low,1137.36,VIP
347908,Wireless Mouse,29,2020-09-09 23:00,61.25,0.04,12.69,Accessories,Online,Not Returned,High,1776.25,VIP
835035,USB Cable,49,2020-09-11 02:00,63.36,0.35,10.5,Accessories,Online,Not Returned,High,3104.64,VIP
959625,White Mug,45,2020-09-11 09:00,51.67,0.11,19.63,Accessories,In-store,Not Returned,Low,2325.15,VIP
503561,T-shirt,23,2020-09-11 12:00,69.81,0.2,11.67,Accessories,In-store,Not Returned,Medium,1605.63,VIP
745303,T-shirt,38,2020-09-11 14:00,68.42,0.19,23.41,Accessories,In-store,Not Returned,Medium,2599.96,VIP
870824,T-shirt,26,2020-09-11 16:00,85.32,0.18,17.97,Accessories,Online,Not Returned,Low,2218.32,VIP
755244,T-shirt,26,2020-09-11 18:00,69.41,0.31,18.57,Accessories,Online,Not Returned,Low,1804.66,VIP
608433,Blue Pen,14,2020-09-11 21:00,98.73,0.09,28.75,Accessories,In-store,Not Returned,Low,1382.22,VIP
385713,White Mug,41,2020-09-13 06:00,49.4,0.06,24.9,Accessories,Online,Not Returned,Low,2025.4,VIP
209373,Backpack,40,2020-09-13 13:00,73.89,0.2,5.62,Accessories,Online,Not Returned,Low,2955.6,VIP
695333,Blue Pen,23,2020-09-13 17:00,88.38,0.27,15.77,Accessories,Online,Not Returned,High,2032.74,VIP
542136,USB Cable,27,2020-09-14 03:00,98.85,0.07,14.66,Accessories,Online,Not Returned,High,2668.95,VIP
281890,White Mug,39,2020-09-14 14:00,81.04,0.48,29.43,Accessories,Online,Not Returned,Low,3160.5600000000004,VIP
665523,Blue Pen,14,2020-09-16 07:00,93.85,0.0,10.33,Accessories,In-store,Not Returned,Low,1313.9,VIP
171386,T-shirt,23,2020-09-16 21:00,57.57,0.4,5.29,Accessories,Online,Not Returned,High,1324.11,VIP
467894,Headphones,12,2020-09-16 23:00,84.98,0.22,17.85,Accessories,Online,Returned,Low,1019.76,VIP
789884,Wireless Mouse,49,2020-09-17 21:00,77.86,0.16,21.31,Accessories,In-store,Not Returned,Medium,3815.14,VIP
250528,Desk Lamp,44,2020-09-19 04:00,50.4,0.47,23.08,Accessories,Online,Not Returned,Low,2217.6,VIP
848423,White Mug,49,2020-09-19 18:00,79.54,0.18,25.42,Accessories,Online,Not Returned,Medium,3897.460000000001,VIP
118074,Headphones,43,2020-09-19 20:00,78.23,0.08,14.47,Accessories,In-store,Not Returned,Medium,3363.8900000000003,VIP
770909,White Mug,30,2020-09-19 21:00,68.71,0.22,18.99,Accessories,Online,Not Returned,Medium,2061.3,VIP
584672,Wall Clock,22,2020-09-19 23:00,74.68,0.02,17.72,Accessories,Online,Not Returned,Low,1642.96,VIP
851722,Blue Pen,30,2020-09-20 00:00,67.76,0.4,6.91,Accessories,In-store,Returned,High,2032.8,VIP
866565,USB Cable,28,2020-09-20 21:00,64.84,0.3,20.14,Accessories,Online,Not Returned,Medium,1815.52,VIP
242482,T-shirt,48,2020-09-21 21:00,25.58,0.17,21.99,Accessories,In-store,Not Returned,Medium,1227.84,VIP
484370,USB Cable,46,2020-09-22 04:00,65.89,0.45,20.07,Accessories,In-store,Not Returned,Low,3030.94,VIP
328931,Office Chair,34,2020-09-22 05:00,40.3,0.1,7.67,Accessories,Online,Not Returned,Low,1370.1999999999998,VIP
326256,Notebook,28,2020-09-22 14:00,55.11,0.27,22.2,Accessories,Online,Not Returned,Low,1543.08,VIP
609421,Blue Pen,42,2020-09-22 19:00,72.23,0.43,22.17,Accessories,In-store,Returned,Low,3033.6600000000003,VIP
423720,Headphones,29,2020-09-23 18:00,55.38,0.33,19.81,Accessories,Online,Not Returned,Low,1606.02,VIP
730270,Blue Pen,13,2020-09-24 03:00,89.39,0.38,26.85,Accessories,In-store,Not Returned,Low,1162.07,VIP
318306,Wall Clock,42,2020-09-24 20:00,73.36,0.5,28.41,Accessories,Online,Returned,Medium,3081.12,VIP
775926,White Mug,34,2020-09-25 13:00,35.36,0.33,29.83,Accessories,In-store,Not Returned,Medium,1202.24,VIP
378404,Blue Pen,26,2020-09-26 19:00,49.89,0.2,14.34,Accessories,In-store,Not Returned,Low,1297.14,VIP
749285,Desk Lamp,17,2020-09-26 20:00,79.55,0.46,15.66,Accessories,Online,Not Returned,Low,1352.35,VIP
932359,Notebook,30,2020-09-27 08:00,67.88,0.31,8.61,Accessories,Online,Not Returned,Low,2036.4,VIP
929378,White Mug,29,2020-09-27 10:00,93.06,0.43,16.06,Accessories,In-store,Not Returned,Medium,2698.74,VIP
892330,T-shirt,45,2020-09-28 13:00,51.19,0.28,12.69,Accessories,In-store,Not Returned,Medium,2303.55,VIP
897388,Office Chair,32,2020-09-28 18:00,33.09,0.33,12.88,Accessories,In-store,Not Returned,High,1058.88,VIP
316750,White Mug,33,2020-09-30 08:00,34.78,0.06,27.78,Accessories,Online,Not Returned,Low,1147.74,VIP
880277,White Mug,23,2020-09-30 11:00,73.74,0.05,8.2,Accessories,Online,Not Returned,Medium,1696.02,VIP
161602,White Mug,39,2020-09-30 20:00,84.37,0.22,24.78,Accessories,In-store,Not Returned,Low,3290.4300000000003,VIP
689621,Wall Clock,39,2020-10-01 03:00,51.7,0.38,5.06,Accessories,In-store,Not Returned,Medium,2016.3,VIP
248441,Backpack,27,2020-10-01 22:00,51.87,0.48,13.21,Accessories,In-store,Not Returned,Low,1400.49,VIP
683117,Wireless Mouse,47,2020-10-02 10:00,91.0,0.17,5.4,Accessories,In-store,Not Returned,High,4277.0,VIP
124042,White Mug,21,2020-10-02 19:00,76.66,0.35,12.56,Accessories,Online,Not Returned,Medium,1609.86,VIP
713712,USB Cable,35,2020-10-02 22:00,41.39,0.26,5.04,Accessories,Online,Not Returned,Medium,1448.65,VIP
200260,Headphones,37,2020-10-03 23:00,90.84,0.23,9.31,Accessories,Online,Not Returned,High,3361.08,VIP
768958,Wireless Mouse,36,2020-10-04 14:00,93.83,0.31,24.73,Accessories,Online,Not Returned,Medium,3377.88,VIP
412257,Office Chair,46,2020-10-04 23:00,35.84,0.28,15.75,Accessories,In-store,Returned,High,1648.64,VIP
158219,Office Chair,40,2020-10-05 02:00,30.14,0.4,21.67,Accessories,Online,Not Returned,High,1205.6,VIP
457776,Wall Clock,22,2020-10-07 02:00,78.94,0.4,10.34,Accessories,In-store,Not Returned,Medium,1736.6799999999998,VIP
936309,White Mug,21,2020-10-07 12:00,62.85,0.04,23.43,Accessories,Online,Not Returned,High,1319.85,VIP
717762,White Mug,-24,2020-10-07 15:00,-80.36,1.6278476153008288,,Accessories,Online,Not Returned,Medium,1928.64,VIP
156635,Notebook,33,2020-10-08 03:00,78.26,0.36,10.96,Accessories,Online,Not Returned,Medium,2582.5800000000004,VIP
345984,Headphones,33,2020-10-08 06:00,41.42,0.26,15.66,Accessories,In-store,Not Returned,High,1366.86,VIP
232886,Wireless Mouse,-47,2020-10-08 12:00,-25.7,0.24,,Accessories,Online,Not Returned,High,1207.9,VIP
856079,White Mug,36,2020-10-09 03:00,76.09,0.04,25.41,Accessories,Online,Not Returned,High,2739.24,VIP
166253,Office Chair,16,2020-10-09 07:00,75.25,0.15,13.05,Accessories,In-store,Not Returned,High,1204.0,VIP
715416,Blue Pen,47,2020-10-09 09:00,54.82,0.17,22.64,Accessories,Online,Not Returned,Low,2576.54,VIP
519149,Office Chair,25,2020-10-09 14:00,65.32,0.14,24.65,Accessories,In-store,Not Returned,High,1632.9999999999998,VIP
847567,White Mug,35,2020-10-09 17:00,95.9,0.04,19.09,Accessories,In-store,Not Returned,Medium,3356.5,VIP
140149,Wall Clock,34,2020-10-10 00:00,30.22,0.2,12.49,Accessories,In-store,Not Returned,Low,1027.48,VIP
128202,USB Cable,21,2020-10-11 23:00,92.14,0.44,22.61,Accessories,Online,Not Returned,Low,1934.94,VIP
837744,Desk Lamp,24,2020-10-12 02:00,88.32,0.32,22.18,Accessories,Online,Not Returned,Medium,2119.68,VIP
411385,Office Chair,38,2020-10-12 07:00,37.14,0.35,27.68,Accessories,In-store,Not Returned,High,1411.32,VIP
727407,Backpack,15,2020-10-12 08:00,98.38,0.08,12.99,Accessories,In-store,Not Returned,Medium,1475.6999999999998,VIP
676291,Headphones,48,2020-10-12 09:00,41.16,0.01,6.61,Accessories,In-store,Not Returned,High,1975.68,VIP
953062,Backpack,38,2020-10-12 18:00,74.71,0.15,22.67,Accessories,Online,Not Returned,Low,2838.98,VIP
169518,USB Cable,21,2020-10-13 00:00,95.01,0.47,16.25,Accessories,In-store,Not Returned,High,1995.21,VIP
496308,Backpack,29,2020-10-13 06:00,43.28,0.45,5.81,Accessories,In-store,Not Returned,Medium,1255.12,VIP
528565,Desk Lamp,26,2020-10-14 12:00,93.72,0.41,13.43,Accessories,In-store,Not Returned,Low,2436.72,VIP
756051,Office Chair,23,2020-10-14 13:00,62.25,0.08,5.95,Accessories,In-store,Not Returned,Medium,1431.75,VIP
821827,Office Chair,21,2020-10-14 16:00,63.91,0.09,10.54,Accessories,Online,Not Returned,High,1342.11,VIP
684668,T-shirt,19,2020-10-15 13:00,72.02,0.17,5.58,Accessories,In-store,Not Returned,High,1368.38,VIP
744905,Desk Lamp,34,2020-10-15 16:00,31.36,0.21,5.09,Accessories,Online,Not Returned,High,1066.24,VIP
110068,Wireless Mouse,30,2020-10-16 01:00,97.56,0.0,27.83,Accessories,In-store,Not Returned,Medium,2926.8,VIP
468655,White Mug,26,2020-10-16 16:00,42.01,0.04,8.3,Accessories,In-store,Not Returned,High,1092.26,VIP
264726,Notebook,48,2020-10-17 01:00,33.17,0.18,28.29,Accessories,Online,Not Returned,Low,1592.16,VIP
959466,Wireless Mouse,43,2020-10-18 02:00,45.12,0.01,13.95,Accessories,In-store,Not Returned,Medium,1940.16,VIP
424703,T-shirt,35,2020-10-18 21:00,93.33,0.48,24.11,Accessories,In-store,Not Returned,Medium,3266.55,VIP
218843,T-shirt,22,2020-10-20 12:00,56.74,0.37,16.79,Accessories,Online,Not Returned,Medium,1248.28,VIP
579809,Notebook,47,2020-10-20 13:00,82.37,0.38,13.16,Accessories,In-store,Not Returned,High,3871.39,VIP
818837,Notebook,30,2020-10-20 18:00,44.42,0.15,14.76,Accessories,In-store,Returned,High,1332.6,VIP
242157,Wall Clock,36,2020-10-21 10:00,64.76,0.14,24.28,Accessories,Online,Returned,High,2331.36,VIP
693805,Blue Pen,47,2020-10-21 13:00,42.56,0.15,14.84,Accessories,Online,Not Returned,High,2000.32,VIP
482706,Headphones,26,2020-10-22 17:00,57.22,0.43,12.45,Accessories,Online,Not Returned,Medium,1487.72,VIP
334318,Backpack,47,2020-10-23 21:00,34.84,0.37,16.4,Accessories,In-store,Not Returned,High,1637.4800000000002,VIP
509925,USB Cable,44,2020-10-24 17:00,57.72,0.45,5.24,Accessories,In-store,Not Returned,Low,2539.68,VIP
109726,Notebook,37,2020-10-24 18:00,68.26,0.38,18.69,Accessories,Online,Not Returned,Low,2525.6200000000003,VIP
140542,Office Chair,44,2020-10-24 20:00,90.63,0.29,15.53,Accessories,Online,Not Returned,High,3987.72,VIP
991490,Headphones,23,2020-10-25 17:00,64.1,0.23,20.42,Accessories,In-store,Not Returned,Medium,1474.3,VIP
416527,T-shirt,44,2020-10-26 09:00,38.19,0.42,5.48,Accessories,In-store,Not Returned,Low,1680.36,VIP
629882,White Mug,17,2020-10-26 15:00,77.68,0.25,6.18,Accessories,Online,Not Returned,High,1320.5600000000002,VIP
751539,Office Chair,48,2020-10-26 20:00,25.87,0.26,23.29,Accessories,Online,Not Returned,Low,1241.76,VIP
773243,USB Cable,48,2020-10-27 11:00,27.54,0.12,19.45,Accessories,In-store,Not Returned,High,1321.92,VIP
577294,T-shirt,33,2020-10-27 13:00,97.96,0.32,25.22,Accessories,In-store,Not Returned,High,3232.68,VIP
592443,Blue Pen,27,2020-10-28 04:00,40.77,0.25,17.12,Accessories,Online,Not Returned,Medium,1100.7900000000002,VIP
505831,T-shirt,35,2020-10-29 08:00,29.19,0.18,20.81,Accessories,In-store,Not Returned,Low,1021.65,VIP
392717,Notebook,17,2020-10-29 19:00,87.79,0.22,15.93,Accessories,Online,Not Returned,Low,1492.43,VIP
402619,Wireless Mouse,30,2020-10-30 23:00,78.54,0.03,18.6,Accessories,In-store,Not Returned,Medium,2356.2000000000003,VIP
706954,Blue Pen,31,2020-10-31 00:00,89.14,0.13,11.28,Accessories,In-store,Not Returned,Medium,2763.34,VIP
813016,Office Chair,28,2020-10-31 02:00,58.35,0.04,6.19,Accessories,Online,Not Returned,High,1633.8,VIP
440687,Notebook,46,2020-10-31 17:00,35.86,0.23,11.62,Accessories,Online,Not Returned,Low,1649.56,VIP
696543,T-shirt,-37,2020-11-01 04:00,-47.93,0.34,,Accessories,In-store,Not Returned,Medium,1773.41,VIP
580751,Wireless Mouse,43,2020-11-01 21:00,81.46,0.28,9.8,Accessories,In-store,Not Returned,Medium,3502.78,VIP
817176,Desk Lamp,46,2020-11-03 05:00,81.5,0.36,8.92,Accessories,In-store,Not Returned,Medium,3749.0,VIP
195761,Backpack,42,2020-11-04 08:00,33.36,0.11,19.46,Accessories,In-store,Not Returned,Medium,1401.12,VIP
475897,Notebook,40,2020-11-04 09:00,92.95,0.06,29.01,Accessories,Online,Not Returned,Medium,3718.0,VIP
542065,T-shirt,23,2020-11-06 10:00,85.97,0.09,28.17,Accessories,Online,Not Returned,Low,1977.31,VIP
935488,Desk Lamp,31,2020-11-06 15:00,39.67,0.03,22.59,Accessories,In-store,Not Returned,High,1229.77,VIP
851993,Headphones,28,2020-11-06 19:00,90.16,0.31,20.22,Accessories,In-store,Not Returned,Medium,2524.48,VIP
825571,Backpack,16,2020-11-06 20:00,88.07,0.4,6.54,Accessories,Online,Not Returned,Medium,1409.12,VIP
389987,Wall Clock,47,2020-11-06 23:00,55.72,0.03,18.07,Accessories,Online,Not Returned,High,2618.84,VIP
424464,Desk Lamp,31,2020-11-07 00:00,99.7,0.01,20.38,Accessories,Online,Not Returned,High,3090.7000000000003,VIP
423966,Blue Pen,42,2020-11-07 04:00,93.3,0.1,7.89,Accessories,Online,Not Returned,Low,3918.6,VIP
437462,Wireless Mouse,21,2020-11-07 10:00,51.62,0.26,13.81,Accessories,Online,Not Returned,High,1084.02,VIP
466330,USB Cable,16,2020-11-07 11:00,69.36,0.26,21.91,Accessories,In-store,Not Returned,Medium,1109.76,VIP
568379,Blue Pen,34,2020-11-07 16:00,52.67,0.04,7.03,Accessories,In-store,Not Returned,High,1790.78,VIP
218542,Wireless Mouse,29,2020-11-08 13:00,51.97,0.45,10.99,Accessories,Online,Not Returned,Low,1507.13,VIP
724987,Headphones,14,2020-11-08 21:00,74.03,0.1,5.93,Accessories,In-store,Not Returned,Low,1036.42,VIP
165524,Backpack,42,2020-11-10 03:00,43.08,0.47,20.51,Accessories,In-store,Not Returned,High,1809.36,VIP
267896,USB Cable,18,2020-11-10 20:00,82.34,0.38,20.8,Accessories,Online,Not Returned,Medium,1482.12,VIP
721912,Desk Lamp,15,2020-11-10 23:00,82.94,0.32,17.52,Accessories,Online,Not Returned,Low,1244.1,VIP
126026,T-shirt,37,2020-11-11 09:00,77.12,0.48,18.97,Accessories,In-store,Not Returned,Medium,2853.44,VIP
427210,Blue Pen,39,2020-11-11 13:00,63.4,0.46,11.44,Accessories,In-store,Not Returned,High,2472.6,VIP
710414,Headphones,41,2020-11-12 00:00,45.54,0.17,9.05,Accessories,In-store,Not Returned,Low,1867.14,VIP
204215,Blue Pen,31,2020-11-12 16:00,57.47,0.26,23.53,Accessories,In-store,Not Returned,Medium,1781.57,VIP
132230,USB Cable,28,2020-11-12 18:00,92.13,0.2,27.38,Accessories,In-store,Not Returned,Medium,2579.64,VIP
446717,Wireless Mouse,49,2020-11-12 19:00,73.02,0.46,25.9,Accessories,Online,Not Returned,Low,3577.98,VIP
317033,White Mug,18,2020-11-13 06:00,57.17,0.38,13.77,Accessories,In-store,Not Returned,High,1029.06,VIP
877130,Wall Clock,-46,2020-11-14 06:00,-99.72,1.8037622551554489,,Accessories,In-store,Not Returned,Medium,4587.12,VIP
482811,Headphones,17,2020-11-14 15:00,99.5,0.19,29.41,Accessories,Online,Not Returned,Medium,1691.5,VIP
294795,Office Chair,44,2020-11-15 20:00,80.53,0.35,5.12,Accessories,In-store,Not Returned,Low,3543.32,VIP
510226,Wireless Mouse,-44,2020-11-16 07:00,-90.65,1.990399705980221,,Accessories,In-store,Not Returned,Medium,3988.6,VIP
121398,T-shirt,23,2020-11-17 00:00,56.6,0.31,20.76,Accessories,In-store,Not Returned,High,1301.8,VIP
570192,T-shirt,37,2020-11-18 01:00,51.04,0.3,11.01,Accessories,Online,Not Returned,Medium,1888.48,VIP
601233,Desk Lamp,48,2020-11-18 14:00,60.57,0.2,7.03,Accessories,Online,Returned,High,2907.36,VIP
866722,USB Cable,49,2020-11-19 00:00,89.17,0.27,20.03,Accessories,In-store,Not Returned,Low,4369.33,VIP
351839,White Mug,43,2020-11-19 07:00,39.35,0.32,25.59,Accessories,In-store,Not Returned,Low,1692.05,VIP
696860,Wall Clock,40,2020-11-19 09:00,81.56,0.39,17.62,Accessories,In-store,Not Returned,High,3262.4,VIP
181441,Wireless Mouse,45,2020-11-20 16:00,41.26,0.43,7.63,Accessories,Online,Not Returned,High,1856.7,VIP
900607,Office Chair,26,2020-11-20 22:00,86.83,0.09,24.52,Accessories,In-store,Not Returned,Low,2257.58,VIP
729507,Notebook,-26,2020-11-22 12:00,-85.5,0.43,,Accessories,In-store,Not Returned,Low,2223.0,VIP
800606,Headphones,25,2020-11-22 22:00,44.17,0.03,9.41,Accessories,In-store,Not Returned,High,1104.25,VIP
924930,Office Chair,22,2020-11-23 04:00,87.02,0.37,13.88,Accessories,Online,Not Returned,High,1914.44,VIP
326377,Office Chair,42,2020-11-23 12:00,61.3,0.14,27.2,Accessories,In-store,Not Returned,Medium,2574.6,VIP
263639,Notebook,23,2020-11-23 18:00,89.86,0.2,7.29,Accessories,In-store,Not Returned,Medium,2066.78,VIP
799597,Wall Clock,41,2020-11-24 00:00,40.77,0.41,18.48,Accessories,Online,Not Returned,High,1671.5700000000002,VIP
434977,Backpack,18,2020-11-24 13:00,70.6,0.05,10.91,Accessories,In-store,Not Returned,High,1270.8,VIP
413559,Wireless Mouse,27,2020-11-25 14:00,54.92,0.02,23.94,Accessories,Online,Returned,High,1482.84,VIP
101515,Office Chair,17,2020-11-25 19:00,71.36,0.13,5.32,Accessories,Online,Returned,High,1213.12,VIP
655474,Notebook,49,2020-11-26 03:00,91.49,0.42,10.59,Accessories,Online,Not Returned,Medium,4483.009999999999,VIP
644999,Office Chair,44,2020-11-26 09:00,73.3,0.44,22.95,Accessories,Online,Not Returned,Low,3225.2,VIP
679250,White Mug,29,2020-11-26 10:00,97.98,0.39,17.81,Accessories,Online,Not Returned,High,2841.42,VIP
872268,T-shirt,40,2020-11-26 18:00,53.68,0.18,25.6,Accessories,In-store,Not Returned,High,2147.2,VIP
836777,USB Cable,15,2020-11-26 21:00,79.8,0.07,29.05,Accessories,In-store,Returned,Medium,1197.0,VIP
799774,USB Cable,14,2020-11-27 13:00,94.87,0.36,16.59,Accessories,In-store,Not Returned,Low,1328.18,VIP
867303,Wall Clock,46,2020-11-28 06:00,39.33,0.16,23.77,Accessories,Online,Not Returned,Low,1809.18,VIP
359590,USB Cable,35,2020-11-29 01:00,96.12,0.09,10.81,Accessories,In-store,Not Returned,Low,3364.2000000000003,VIP
170474,White Mug,20,2020-11-29 09:00,89.74,0.17,7.41,Accessories,In-store,Not Returned,High,1794.8,VIP
273615,Backpack,35,2020-11-29 23:00,93.14,0.43,10.11,Accessories,Online,Not Returned,Medium,3259.9,VIP
633090,Blue Pen,-21,2020-11-30 04:00,-66.64,1.036815659547602,,Accessories,Online,Not Returned,Medium,1399.44,VIP
915518,T-shirt,41,2020-11-30 10:00,39.62,0.48,13.44,Accessories,In-store,Not Returned,Medium,1624.4199999999998,VIP
278838,White Mug,37,2020-11-30 16:00,52.84,0.47,17.9,Accessories,Online,Not Returned,Low,1955.08,VIP
221635,Wireless Mouse,32,2020-12-01 03:00,42.17,0.34,14.71,Accessories,Online,Not Returned,High,1349.44,VIP
742974,Wireless Mouse,41,2020-12-02 06:00,92.07,0.49,10.79,Accessories,In-store,Not Returned,High,3774.87,VIP
365919,Wireless Mouse,43,2020-12-02 07:00,52.84,0.33,8.5,Accessories,Online,Not Returned,High,2272.1200000000003,VIP
242429,Notebook,11,2020-12-02 20:00,98.49,0.47,10.54,Accessories,Online,Not Returned,Medium,1083.39,VIP
413940,Office Chair,41,2020-12-02 23:00,95.91,0.19,16.82,Accessories,Online,Not Returned,Low,3932.31,VIP
205072,T-shirt,45,2020-12-03 07:00,47.06,0.18,11.64,Accessories,Online,Not Returned,High,2117.7000000000003,VIP
330881,T-shirt,21,2020-12-03 17:00,83.51,0.12,5.73,Accessories,In-store,Returned,High,1753.71,VIP
207357,Notebook,37,2020-12-03 18:00,42.45,0.27,26.42,Accessories,Online,Not Returned,Medium,1570.65,VIP
987395,T-shirt,34,2020-12-04 13:00,45.23,0.29,25.42,Accessories,In-store,Not Returned,Low,1537.82,VIP
486486,Notebook,48,2020-12-04 19:00,44.77,0.18,9.91,Accessories,Online,Not Returned,High,2148.96,VIP
929690,Notebook,23,2020-12-04 22:00,60.48,0.31,13.8,Accessories,Online,Not Returned,High,1391.04,VIP
516704,Desk Lamp,42,2020-12-05 01:00,25.45,0.03,12.59,Accessories,In-store,Not Returned,High,1068.9,VIP
171537,T-shirt,37,2020-12-05 21:00,76.28,0.37,13.31,Accessories,Online,Not Returned,High,2822.36,VIP
497783,Notebook,31,2020-12-05 23:00,83.79,0.33,7.84,Accessories,Online,Not Returned,Medium,2597.49,VIP
661340,USB Cable,35,2020-12-06 10:00,62.44,0.38,20.09,Accessories,In-store,Not Returned,Low,2185.4,VIP
604910,T-shirt,29,2020-12-06 13:00,93.57,0.24,24.32,Accessories,Online,Not Returned,Medium,2713.53,VIP
610472,Wireless Mouse,44,2020-12-07 15:00,56.6,0.27,24.3,Accessories,In-store,Not Returned,High,2490.4,VIP
893897,Wall Clock,47,2020-12-07 19:00,49.92,0.43,16.07,Accessories,In-store,Not Returned,Medium,2346.24,VIP
329047,Wall Clock,46,2020-12-07 21:00,68.65,0.01,16.75,Accessories,In-store,Returned,High,3157.9,VIP
996197,T-shirt,35,2020-12-07 23:00,92.86,0.23,24.54,Accessories,In-store,Not Returned,High,3250.1,VIP
656862,White Mug,34,2020-12-08 14:00,36.26,0.1,13.0,Accessories,Online,Not Returned,High,1232.84,VIP
196426,Blue Pen,18,2020-12-11 02:00,86.47,0.19,15.07,Accessories,Online,Not Returned,High,1556.46,VIP
111962,White Mug,32,2020-12-11 04:00,45.18,0.28,6.19,Accessories,In-store,Not Returned,Medium,1445.76,VIP
133302,Office Chair,33,2020-12-11 05:00,64.46,0.33,14.49,Accessories,Online,Not Returned,High,2127.18,VIP
298763,Backpack,15,2020-12-11 09:00,68.08,0.2,19.1,Accessories,Online,Not Returned,Low,1021.2,VIP
744942,Wall Clock,18,2020-12-11 10:00,88.73,0.09,9.17,Accessories,Online,Not Returned,Low,1597.14,VIP
703151,Office Chair,38,2020-12-11 16:00,70.51,0.29,15.54,Accessories,In-store,Not Returned,High,2679.38,VIP
880721,Blue Pen,32,2020-12-11 21:00,53.3,0.33,13.29,Accessories,Online,Not Returned,Low,1705.6,VIP
900812,Wireless Mouse,26,2020-12-12 14:00,44.13,0.02,27.33,Accessories,Online,Not Returned,Medium,1147.38,VIP
213793,Backpack,43,2020-12-13 11:00,52.01,0.42,13.18,Accessories,Online,Not Returned,Low,2236.43,VIP
734402,Desk Lamp,16,2020-12-13 23:00,75.24,0.07,13.09,Accessories,In-store,Not Returned,Medium,1203.84,VIP
737506,Backpack,28,2020-12-14 00:00,61.28,0.05,6.86,Accessories,In-store,Returned,Medium,1715.84,VIP
987196,Headphones,35,2020-12-14 02:00,35.04,0.34,10.6,Accessories,In-store,Returned,High,1226.4,VIP
425800,Wireless Mouse,23,2020-12-14 05:00,90.06,0.29,7.95,Accessories,In-store,Not Returned,Low,2071.38,VIP
410272,T-shirt,26,2020-12-14 17:00,97.94,0.06,25.09,Accessories,In-store,Returned,Low,2546.44,VIP
183123,Headphones,48,2020-12-14 19:00,45.31,0.22,19.6,Accessories,In-store,Not Returned,High,2174.88,VIP
499017,Office Chair,25,2020-12-15 12:00,44.62,0.49,17.18,Accessories,In-store,Not Returned,Low,1115.5,VIP
301528,Backpack,28,2020-12-17 11:00,37.63,0.38,12.5,Accessories,Online,Not Returned,Low,1053.64,VIP
151567,White Mug,18,2020-12-17 23:00,83.07,0.23,22.71,Accessories,Online,Not Returned,High,1495.2599999999998,VIP
191229,Blue Pen,15,2020-12-18 00:00,69.59,0.12,10.34,Accessories,Online,Returned,High,1043.85,VIP
615447,Wireless Mouse,36,2020-12-19 02:00,92.55,0.22,17.15,Accessories,In-store,Not Returned,Low,3331.8,VIP
938489,White Mug,27,2020-12-19 15:00,81.89,0.37,28.32,Accessories,In-store,Not Returned,Low,2211.03,VIP
475233,Desk Lamp,45,2020-12-20 03:00,82.79,0.4,20.83,Accessories,In-store,Not Returned,Low,3725.55,VIP
494002,Backpack,41,2020-12-20 05:00,49.02,0.1,18.22,Accessories,In-store,Not Returned,High,2009.82,VIP
764704,Backpack,39,2020-12-21 06:00,73.53,0.02,12.68,Accessories,Online,Not Returned,Low,2867.67,VIP
125739,Blue Pen,36,2020-12-22 18:00,38.63,0.2,29.71,Accessories,Online,Not Returned,Low,1390.68,VIP
850774,Office Chair,28,2020-12-23 17:00,76.89,0.49,18.53,Accessories,In-store,Returned,Medium,2152.92,VIP
963787,Blue Pen,23,2020-12-24 02:00,60.63,0.19,21.51,Accessories,Online,Not Returned,Low,1394.49,VIP
985259,Headphones,42,2020-12-24 10:00,90.98,0.01,21.03,Accessories,Online,Not Returned,High,3821.16,VIP
622820,Desk Lamp,36,2020-12-25 11:00,63.05,0.29,17.5,Accessories,In-store,Returned,Low,2269.8,VIP
998704,Blue Pen,34,2020-12-26 15:00,68.17,0.11,23.82,Accessories,In-store,Not Returned,Low,2317.78,VIP
715362,T-shirt,49,2020-12-26 16:00,52.96,0.43,25.38,Accessories,Online,Not Returned,Low,2595.04,VIP
524041,Backpack,18,2020-12-27 01:00,65.24,0.09,10.4,Accessories,In-store,Not Returned,High,1174.32,VIP
805377,Notebook,44,2020-12-27 12:00,35.34,0.26,21.38,Accessories,In-store,Returned,High,1554.96,VIP
750506,Wall Clock,32,2020-12-27 17:00,33.05,0.0,12.61,Accessories,In-store,Not Returned,Low,1057.6,VIP
850593,Blue Pen,33,2020-12-27 23:00,85.37,0.22,13.92,Accessories,In-store,Not Returned,Medium,2817.21,VIP
495783,Office Chair,20,2020-12-28 00:00,61.09,0.1,9.38,Accessories,Online,Not Returned,Medium,1221.8000000000002,VIP
700699,White Mug,-50,2020-12-28 02:00,-65.63,1.3049354226225516,,Accessories,In-store,Not Returned,Medium,3281.5,VIP
503708,Blue Pen,34,2020-12-28 10:00,65.05,0.44,21.6,Accessories,In-store,Returned,Medium,2211.7,VIP
289167,Office Chair,33,2020-12-28 12:00,97.78,0.28,18.48,Accessories,Online,Not Returned,Low,3226.74,VIP
113440,Wall Clock,47,2020-12-29 02:00,73.91,0.4,28.4,Accessories,Online,Not Returned,Low,3473.77,VIP
708811,White Mug,33,2020-12-29 09:00,99.82,0.12,10.97,Accessories,In-store,Not Returned,Medium,3294.06,VIP
894865,USB Cable,42,2020-12-29 16:00,42.62,0.16,14.56,Accessories,Online,Returned,High,1790.04,VIP
728274,Wall Clock,23,2020-12-29 19:00,89.18,0.31,26.59,Accessories,In-store,Not Returned,Medium,2051.1400000000003,VIP
935002,Wireless Mouse,37,2020-12-30 08:00,63.01,0.5,13.46,Accessories,Online,Not Returned,Medium,2331.37,VIP
758139,Headphones,48,2020-12-30 11:00,23.97,0.43,16.43,Accessories,Online,Not Returned,Medium,1150.56,VIP
231827,Headphones,45,2020-12-30 13:00,83.93,0.1,13.15,Accessories,In-store,Not Returned,Medium,3776.85,VIP
222989,Desk Lamp,48,2020-12-30 18:00,78.82,0.14,28.7,Accessories,Online,Not Returned,Low,3783.36,VIP
449982,USB Cable,45,2020-12-31 10:00,27.52,0.17,9.27,Accessories,Online,Not Returned,Low,1238.4,VIP
937860,Wall Clock,48,2020-12-31 17:00,35.66,0.46,25.01,Accessories,Online,Not Returned,Medium,1711.6799999999998,VIP
281789,Desk Lamp,18,2021-01-01 05:00,75.01,0.17,8.66,Accessories,Online,Not Returned,Medium,1350.18,VIP
739169,T-shirt,36,2021-01-01 11:00,54.54,0.14,5.49,Accessories,In-store,Not Returned,Medium,1963.44,VIP
312803,Headphones,41,2021-01-01 20:00,76.06,0.12,14.38,Accessories,In-store,Not Returned,Medium,3118.46,VIP
459698,White Mug,41,2021-01-02 02:00,57.31,0.4,6.41,Accessories,Online,Not Returned,Medium,2349.71,VIP
408474,Wall Clock,43,2021-01-02 05:00,31.39,0.11,16.41,Accessories,In-store,Not Returned,High,1349.77,VIP
178840,Office Chair,48,2021-01-02 13:00,96.22,0.17,16.8,Accessories,In-store,Not Returned,Low,4618.56,VIP
265767,T-shirt,25,2021-01-02 14:00,73.46,0.14,22.36,Accessories,Online,Not Returned,Medium,1836.5,VIP
125938,USB Cable,12,2021-01-02 22:00,93.95,0.27,13.48,Accessories,Online,Not Returned,Low,1127.4,VIP
547746,Wireless Mouse,29,2021-01-03 00:00,92.57,0.0,25.88,Accessories,In-store,Not Returned,High,2684.53,VIP
930222,Desk Lamp,43,2021-01-04 03:00,42.74,0.06,10.96,Accessories,Online,Not Returned,Medium,1837.82,VIP
105636,Wireless Mouse,33,2021-01-04 05:00,49.44,0.48,10.17,Accessories,In-store,Not Returned,Medium,1631.52,VIP
988559,USB Cable,17,2021-01-04 22:00,75.27,0.29,12.68,Accessories,Online,Not Returned,Medium,1279.59,VIP
993182,Notebook,22,2021-01-05 22:00,90.11,0.13,14.61,Accessories,Online,Returned,Medium,1982.42,VIP
706306,Office Chair,23,2021-01-06 14:00,60.24,0.32,11.98,Accessories,In-store,Not Returned,Low,1385.52,VIP
983302,Headphones,45,2021-01-06 20:00,28.83,0.42,23.42,Accessories,In-store,Not Returned,High,1297.35,VIP
626925,T-shirt,20,2021-01-07 01:00,53.94,0.36,21.69,Accessories,Online,Not Returned,Medium,1078.8,VIP
390886,Backpack,24,2021-01-07 08:00,83.69,0.1,20.88,Accessories,In-store,Not Returned,Medium,2008.56,VIP
610473,Blue Pen,28,2021-01-07 23:00,67.37,0.19,10.16,Accessories,In-store,Not Returned,High,1886.36,VIP
257699,Office Chair,49,2021-01-08 02:00,30.76,0.46,12.49,Accessories,In-store,Not Returned,Medium,1507.24,VIP
730759,Notebook,37,2021-01-08 06:00,52.73,0.14,25.73,Accessories,In-store,Not Returned,Medium,1951.01,VIP
857666,White Mug,41,2021-01-08 17:00,34.31,0.22,27.26,Accessories,In-store,Not Returned,High,1406.71,VIP
345160,Blue Pen,39,2021-01-09 02:00,99.73,0.08,19.62,Accessories,Online,Not Returned,Low,3889.47,VIP
883566,Office Chair,27,2021-01-09 05:00,53.68,0.35,5.51,Accessories,In-store,Not Returned,Low,1449.36,VIP
914107,White Mug,32,2021-01-09 06:00,72.99,0.36,18.6,Accessories,In-store,Not Returned,High,2335.68,VIP
565483,Wireless Mouse,22,2021-01-09 08:00,67.29,0.41,16.46,Accessories,Online,Not Returned,High,1480.38,VIP
684942,Blue Pen,28,2021-01-10 19:00,58.79,0.19,6.64,Accessories,In-store,Not Returned,Medium,1646.12,VIP
466378,White Mug,15,2021-01-11 01:00,81.35,0.45,18.37,Accessories,In-store,Not Returned,High,1220.25,VIP
266991,Desk Lamp,29,2021-01-11 06:00,66.58,0.14,13.62,Accessories,In-store,Not Returned,High,1930.82,VIP
947214,Headphones,29,2021-01-11 08:00,60.61,0.26,19.28,Accessories,In-store,Not Returned,High,1757.69,VIP
771088,Desk Lamp,47,2021-01-11 21:00,93.09,0.06,9.91,Accessories,In-store,Not Returned,Medium,4375.2300000000005,VIP
103317,Wall Clock,37,2021-01-12 12:00,63.26,0.12,11.08,Accessories,In-store,Not Returned,High,2340.62,VIP
929590,Wall Clock,-40,2021-01-12 16:00,-46.67,1.1763871118567424,,Accessories,In-store,Not Returned,Medium,1866.8,VIP
419532,USB Cable,17,2021-01-13 03:00,74.29,0.37,20.62,Accessories,In-store,Not Returned,Medium,1262.93,VIP
555796,USB Cable,26,2021-01-13 16:00,38.5,0.37,13.89,Accessories,In-store,Not Returned,High,1001.0,VIP
386100,Blue Pen,34,2021-01-14 10:00,48.35,0.11,15.07,Accessories,Online,Not Returned,High,1643.9,VIP
921726,T-shirt,23,2021-01-14 23:00,70.07,0.15,28.3,Accessories,In-store,Not Returned,Medium,1611.61,VIP
130270,Backpack,36,2021-01-15 05:00,29.42,0.04,6.31,Accessories,In-store,Not Returned,Medium,1059.12,VIP
678432,Backpack,34,2021-01-15 21:00,57.43,0.36,21.54,Accessories,Online,Not Returned,Low,1952.62,VIP
830070,Blue Pen,30,2021-01-16 07:00,98.01,0.46,12.25,Accessories,In-store,Not Returned,Low,2940.3,VIP
114390,Wall Clock,48,2021-01-17 09:00,69.82,0.05,16.38,Accessories,Online,Not Returned,Medium,3351.36,VIP
597619,Office Chair,18,2021-01-17 10:00,62.63,0.14,21.59,Accessories,Online,Not Returned,High,1127.34,VIP
351063,Wall Clock,30,2021-01-17 15:00,79.47,0.39,6.87,Accessories,Online,Not Returned,Low,2384.1,VIP
373326,Desk Lamp,47,2021-01-18 14:00,33.45,0.13,7.14,Accessories,Online,Not Returned,Medium,1572.15,VIP
976801,Wall Clock,-18,2021-01-18 15:00,-96.68,1.4346347823127337,,Accessories,In-store,Not Returned,High,1740.2400000000002,VIP
777236,Backpack,31,2021-01-18 22:00,43.76,0.06,8.76,Accessories,Online,Not Returned,Medium,1356.56,VIP
240021,USB Cable,47,2021-01-18 23:00,82.8,0.26,6.77,Accessories,In-store,Not Returned,Low,3891.6,VIP
726701,White Mug,33,2021-01-19 15:00,44.81,0.47,8.64,Accessories,In-store,Not Returned,Medium,1478.73,VIP
230193,T-shirt,29,2021-01-19 17:00,54.75,0.45,15.69,Accessories,Online,Not Returned,Medium,1587.75,VIP
211825,Backpack,28,2021-01-19 21:00,37.33,0.22,17.12,Accessories,In-store,Not Returned,Medium,1045.24,VIP
682943,Office Chair,42,2021-01-20 04:00,28.0,0.15,9.83,Accessories,In-store,Not Returned,Medium,1176.0,VIP
396956,Desk Lamp,32,2021-01-20 11:00,52.11,0.27,6.18,Accessories,Online,Not Returned,High,1667.52,VIP
312986,Office Chair,32,2021-01-21 15:00,52.12,0.28,7.23,Accessories,Online,Not Returned,Low,1667.84,VIP
520661,T-shirt,37,2021-01-21 22:00,37.79,0.49,9.39,Accessories,Online,Not Returned,Low,1398.23,VIP
879518,Desk Lamp,14,2021-01-22 12:00,92.84,0.32,15.97,Accessories,In-store,Not Returned,Medium,1299.76,VIP
900889,Office Chair,38,2021-01-24 04:00,31.16,0.45,29.27,Accessories,In-store,Not Returned,High,1184.08,VIP
591638,T-shirt,38,2021-01-24 16:00,96.22,0.44,8.73,Accessories,Online,Not Returned,High,3656.36,VIP
922450,Wall Clock,36,2021-01-24 23:00,40.46,0.38,25.52,Accessories,Online,Not Returned,High,1456.56,VIP
370001,Backpack,27,2021-01-25 06:00,85.25,0.12,16.1,Accessories,In-store,Not Returned,Low,2301.75,VIP
610283,Wall Clock,43,2021-01-25 17:00,70.92,0.25,6.08,Accessories,In-store,Not Returned,High,3049.56,VIP
419186,Office Chair,47,2021-01-26 06:00,40.48,0.04,17.05,Accessories,Online,Not Returned,High,1902.56,VIP
149476,Notebook,47,2021-01-26 07:00,73.48,0.17,28.21,Accessories,Online,Not Returned,Medium,3453.5600000000004,VIP
820602,Headphones,38,2021-01-26 10:00,46.59,0.07,22.07,Accessories,Online,Not Returned,Medium,1770.42,VIP
307383,Desk Lamp,33,2021-01-26 13:00,77.39,0.48,29.26,Accessories,In-store,Not Returned,Medium,2553.87,VIP
813895,Backpack,37,2021-01-26 23:00,92.32,0.02,23.14,Accessories,In-store,Returned,High,3415.84,VIP
868460,Notebook,38,2021-01-27 07:00,72.95,0.26,20.31,Accessories,Online,Not Returned,High,2772.1,VIP
656620,USB Cable,37,2021-01-27 21:00,57.52,0.08,9.66,Accessories,Online,Not Returned,High,2128.24,VIP
244179,USB Cable,20,2021-01-28 00:00,86.14,0.47,18.65,Accessories,In-store,Not Returned,Low,1722.8,VIP
667769,Office Chair,45,2021-01-28 03:00,96.39,0.2,24.85,Accessories,Online,Not Returned,Low,4337.55,VIP
260185,Desk Lamp,21,2021-01-28 10:00,90.4,0.04,23.24,Accessories,Online,Not Returned,High,1898.4,VIP
311027,White Mug,16,2021-01-28 13:00,63.24,0.09,25.22,Accessories,In-store,Not Returned,Medium,1011.84,VIP
818648,Headphones,15,2021-01-28 17:00,71.55,0.33,5.46,Accessories,In-store,Not Returned,High,1073.25,VIP
369579,Desk Lamp,-26,2021-01-28 20:00,-82.77,1.3454915007083907,,Accessories,Online,Not Returned,High,2152.02,VIP
306717,Desk Lamp,46,2021-01-29 09:00,22.44,0.19,26.28,Accessories,Online,Not Returned,Medium,1032.24,VIP
304354,Office Chair,30,2021-01-29 16:00,37.61,0.29,17.84,Accessories,Online,Not Returned,Low,1128.3,VIP
926954,Notebook,17,2021-01-29 18:00,87.27,0.37,11.7,Accessories,In-store,Not Returned,High,1483.59,VIP
312204,Office Chair,41,2021-01-29 19:00,77.71,0.23,12.93,Accessories,In-store,Not Returned,High,3186.11,VIP
840686,Wireless Mouse,33,2021-01-30 20:00,71.2,0.4,27.32,Accessories,Online,Not Returned,Medium,2349.6,VIP
176425,White Mug,42,2021-01-31 18:00,68.93,0.49,24.76,Accessories,In-store,Not Returned,Medium,2895.0600000000004,VIP
640282,Headphones,36,2021-01-31 20:00,92.2,0.01,6.17,Accessories,In-store,Not Returned,Medium,3319.2000000000003,VIP
204672,Backpack,21,2021-02-01 00:00,80.99,0.05,9.27,Accessories,Online,Not Returned,High,1700.79,VIP
132930,Backpack,32,2021-02-01 04:00,73.8,0.37,16.83,Accessories,In-store,Not Returned,High,2361.6,VIP
577843,Office Chair,46,2021-02-01 18:00,86.11,0.27,16.67,Accessories,Online,Not Returned,Medium,3961.06,VIP
155182,Headphones,40,2021-02-02 11:00,55.0,0.17,13.8,Accessories,In-store,Not Returned,High,2200.0,VIP
856322,Backpack,20,2021-02-04 00:00,60.54,0.48,13.82,Accessories,Online,Not Returned,Low,1210.8,VIP
360710,Wall Clock,45,2021-02-04 03:00,67.76,0.11,23.41,Accessories,Online,Not Returned,Low,3049.2000000000003,VIP
955695,Wall Clock,19,2021-02-05 23:00,97.59,0.14,11.06,Accessories,Online,Not Returned,Low,1854.21,VIP
288674,Blue Pen,47,2021-02-06 01:00,79.32,0.17,26.12,Accessories,Online,Not Returned,Medium,3728.04,VIP
387667,Office Chair,34,2021-02-06 02:00,77.01,0.28,15.5,Accessories,In-store,Not Returned,Low,2618.34,VIP
690348,USB Cable,49,2021-02-06 05:00,39.85,0.31,29.48,Accessories,Online,Not Returned,Low,1952.65,VIP
455050,Wireless Mouse,26,2021-02-06 09:00,45.47,0.07,27.8,Accessories,Online,Not Returned,High,1182.22,VIP
378676,Wall Clock,33,2021-02-06 10:00,53.04,0.2,20.9,Accessories,Online,Not Returned,Low,1750.32,VIP
561063,Office Chair,47,2021-02-07 11:00,61.12,0.03,27.11,Accessories,In-store,Not Returned,Low,2872.64,VIP
275405,Notebook,39,2021-02-07 12:00,39.21,0.11,11.27,Accessories,Online,Not Returned,High,1529.19,VIP
572312,Blue Pen,36,2021-02-07 15:00,71.02,0.26,12.86,Accessories,Online,Not Returned,High,2556.72,VIP
121576,Notebook,13,2021-02-08 19:00,98.05,0.07,15.35,Accessories,Online,Not Returned,Low,1274.65,VIP
627608,Desk Lamp,42,2021-02-08 20:00,94.56,0.38,21.99,Accessories,In-store,Not Returned,Medium,3971.52,VIP
284535,T-shirt,40,2021-02-08 23:00,32.46,0.39,12.93,Accessories,Online,Not Returned,High,1298.4,VIP
469792,Notebook,49,2021-02-09 22:00,50.48,0.28,8.4,Accessories,In-store,Not Returned,High,2473.52,VIP
268600,Blue Pen,29,2021-02-10 03:00,47.77,0.44,28.77,Accessories,Online,Not Returned,High,1385.3300000000002,VIP
197382,Wall Clock,40,2021-02-10 17:00,66.29,0.28,8.58,Accessories,Online,Not Returned,Medium,2651.6000000000004,VIP
636512,Headphones,34,2021-02-10 22:00,82.71,0.1,17.47,Accessories,In-store,Not Returned,High,2812.14,VIP
971901,Notebook,20,2021-02-11 04:00,84.13,0.32,29.22,Accessories,Online,Not Returned,Low,1682.6,VIP
964360,T-shirt,23,2021-02-11 05:00,82.52,0.47,19.78,Accessories,Online,Not Returned,Low,1897.96,VIP
236149,Wall Clock,23,2021-02-11 11:00,65.99,0.04,19.99,Accessories,In-store,Not Returned,Low,1517.77,VIP
128930,USB Cable,22,2021-02-13 05:00,81.11,0.01,27.12,Accessories,In-store,Not Returned,Low,1784.42,VIP
307302,T-shirt,26,2021-02-13 17:00,60.81,0.14,26.1,Accessories,Online,Not Returned,High,1581.06,VIP
381787,USB Cable,27,2021-02-14 04:00,80.4,0.08,16.24,Accessories,In-store,Not Returned,High,2170.8,VIP
495065,USB Cable,30,2021-02-14 12:00,97.06,0.44,29.16,Accessories,In-store,Not Returned,High,2911.8,VIP
101132,Blue Pen,15,2021-02-14 20:00,70.54,0.26,19.2,Accessories,In-store,Not Returned,Medium,1058.1,VIP
277763,Notebook,49,2021-02-15 14:00,74.62,0.23,6.07,Accessories,Online,Not Returned,Low,3656.38,VIP
195419,Wireless Mouse,42,2021-02-16 00:00,95.52,0.05,24.28,Accessories,In-store,Not Returned,Low,4011.84,VIP
510354,Office Chair,35,2021-02-16 16:00,70.72,0.47,16.74,Accessories,In-store,Not Returned,High,2475.2,VIP
392706,USB Cable,42,2021-02-17 01:00,83.37,0.15,15.25,Accessories,In-store,Not Returned,Medium,3501.54,VIP
389962,Desk Lamp,33,2021-02-17 08:00,39.57,0.18,9.84,Accessories,Online,Not Returned,High,1305.81,VIP
644392,USB Cable,28,2021-02-17 11:00,86.4,0.3,5.78,Accessories,In-store,Not Returned,Low,2419.2000000000003,VIP
486480,Office Chair,44,2021-02-17 12:00,64.6,0.23,19.83,Accessories,Online,Not Returned,Low,2842.4,VIP
918749,White Mug,31,2021-02-17 18:00,60.04,0.16,15.1,Accessories,In-store,Not Returned,Low,1861.24,VIP
524632,White Mug,-45,2021-02-17 19:00,-92.77,1.929287672017604,,Accessories,In-store,Not Returned,High,4174.65,VIP
273084,Headphones,-26,2021-02-17 20:00,-79.54,1.952364023590526,,Accessories,Online,Not Returned,High,2068.04,VIP
624156,Backpack,31,2021-02-17 21:00,91.7,0.41,16.37,Accessories,Online,Not Returned,Medium,2842.7000000000003,VIP
388172,Blue Pen,47,2021-02-18 23:00,97.75,0.47,25.8,Accessories,Online,Not Returned,Medium,4594.25,VIP
115733,Wireless Mouse,49,2021-02-19 21:00,50.27,0.01,24.88,Accessories,Online,Returned,High,2463.23,VIP
346301,T-shirt,-42,2021-02-20 04:00,-95.8,1.0115382178438588,,Accessories,Online,Not Returned,Low,4023.6,VIP
793201,Office Chair,46,2021-02-21 07:00,58.52,0.13,21.03,Accessories,In-store,Not Returned,Medium,2691.92,VIP
682314,Backpack,38,2021-02-21 15:00,74.54,0.3,15.88,Accessories,Online,Not Returned,Medium,2832.5200000000004,VIP
795457,White Mug,43,2021-02-21 17:00,54.6,0.31,20.29,Accessories,Online,Not Returned,Medium,2347.8,VIP
331408,Wall Clock,37,2021-02-22 14:00,51.86,0.37,27.05,Accessories,Online,Not Returned,Low,1918.82,VIP
683526,Office Chair,42,2021-02-22 18:00,28.11,0.36,5.74,Accessories,In-store,Returned,Medium,1180.62,VIP
610609,White Mug,19,2021-02-22 21:00,98.43,0.25,15.81,Accessories,Online,Not Returned,Medium,1870.17,VIP
447761,White Mug,32,2021-02-23 05:00,46.06,0.47,15.24,Accessories,In-store,Not Returned,High,1473.92,VIP
313482,Blue Pen,47,2021-02-23 06:00,65.69,0.45,9.42,Accessories,In-store,Not Returned,Low,3087.43,VIP
411997,Office Chair,18,2021-02-24 08:00,94.67,0.49,23.84,Accessories,In-store,Not Returned,Medium,1704.06,VIP
340028,Wall Clock,23,2021-02-24 13:00,87.52,0.39,21.16,Accessories,Online,Not Returned,Low,2012.96,VIP
730368,Wireless Mouse,49,2021-02-24 21:00,98.34,0.14,22.61,Accessories,In-store,Not Returned,High,4818.66,VIP
324793,Wireless Mouse,25,2021-02-25 02:00,52.17,0.47,7.55,Accessories,In-store,Not Returned,High,1304.25,VIP
742911,White Mug,31,2021-02-25 03:00,74.57,0.12,15.17,Accessories,In-store,Not Returned,Low,2311.67,VIP
532859,White Mug,40,2021-02-25 07:00,25.31,0.04,11.92,Accessories,Online,Not Returned,Low,1012.4,VIP
765329,T-shirt,29,2021-02-25 18:00,36.33,0.33,17.67,Accessories,Online,Not Returned,Low,1053.57,VIP
207441,Wall Clock,12,2021-02-27 12:00,94.37,0.14,26.07,Accessories,In-store,Not Returned,Medium,1132.44,VIP
997748,Wireless Mouse,39,2021-02-27 15:00,27.03,0.35,15.6,Accessories,Online,Not Returned,Low,1054.17,VIP
742742,Notebook,38,2021-02-27 18:00,27.11,0.05,12.54,Accessories,In-store,Not Returned,High,1030.18,VIP
533048,USB Cable,13,2021-02-28 00:00,77.4,0.25,23.76,Accessories,In-store,Not Returned,High,1006.2,VIP
594064,Desk Lamp,34,2021-02-28 10:00,56.38,0.02,23.42,Accessories,Online,Returned,High,1916.92,VIP
296936,Wall Clock,40,2021-02-28 15:00,43.72,0.47,27.73,Accessories,Online,Not Returned,High,1748.8,VIP
334955,Blue Pen,41,2021-02-28 16:00,28.68,0.3,8.98,Accessories,Online,Not Returned,Medium,1175.88,VIP
919555,Desk Lamp,49,2021-03-01 10:00,60.64,0.03,21.67,Accessories,In-store,Not Returned,Low,2971.36,VIP
248469,Wireless Mouse,35,2021-03-01 16:00,36.21,0.28,11.04,Accessories,Online,Not Returned,High,1267.35,VIP
340270,Wall Clock,37,2021-03-01 17:00,81.06,0.32,8.86,Accessories,Online,Not Returned,High,2999.2200000000003,VIP
934089,Headphones,32,2021-03-01 19:00,58.94,0.3,14.72,Accessories,Online,Not Returned,Low,1886.08,VIP
199764,Office Chair,46,2021-03-02 17:00,48.19,0.27,23.36,Accessories,Online,Not Returned,High,2216.74,VIP
222357,Backpack,23,2021-03-02 18:00,55.68,0.01,20.48,Accessories,In-store,Not Returned,High,1280.64,VIP
923578,White Mug,21,2021-03-03 02:00,58.54,0.06,25.82,Accessories,Online,Not Returned,Medium,1229.34,VIP
664585,USB Cable,35,2021-03-03 03:00,82.01,0.13,29.1,Accessories,Online,Not Returned,Medium,2870.3500000000004,VIP
543931,Headphones,48,2021-03-03 07:00,79.39,0.27,10.96,Accessories,In-store,Not Returned,High,3810.72,VIP
334433,Desk Lamp,48,2021-03-04 04:00,94.11,0.32,6.3,Accessories,In-store,Not Returned,High,4517.28,VIP
199244,Desk Lamp,32,2021-03-05 01:00,78.64,0.24,26.62,Accessories,In-store,Not Returned,Medium,2516.48,VIP
632245,Wall Clock,45,2021-03-06 06:00,96.99,0.41,7.44,Accessories,In-store,Not Returned,Low,4364.55,VIP
498008,Blue Pen,27,2021-03-06 09:00,82.46,0.33,22.02,Accessories,Online,Not Returned,Medium,2226.42,VIP
789566,USB Cable,12,2021-03-06 14:00,89.32,0.32,13.11,Accessories,In-store,Not Returned,Medium,1071.84,VIP
605329,Notebook,42,2021-03-07 00:00,55.2,0.17,27.95,Accessories,Online,Not Returned,Medium,2318.4,VIP
100727,Wall Clock,11,2021-03-07 12:00,91.01,0.35,25.22,Accessories,In-store,Not Returned,High,1001.11,VIP
113265,Office Chair,38,2021-03-08 05:00,96.27,0.5,28.52,Accessories,Online,Not Returned,High,3658.26,VIP
459181,Blue Pen,45,2021-03-08 21:00,73.83,0.41,5.07,Accessories,In-store,Not Returned,Medium,3322.35,VIP
733619,White Mug,23,2021-03-09 10:00,83.8,0.1,6.52,Accessories,Online,Not Returned,High,1927.4,VIP
435510,Backpack,19,2021-03-09 16:00,72.63,0.41,21.47,Accessories,Online,Not Returned,Medium,1379.9699999999998,VIP
552333,Wall Clock,32,2021-03-09 17:00,36.37,0.48,20.6,Accessories,In-store,Not Returned,Medium,1163.84,VIP
305728,Office Chair,42,2021-03-09 22:00,67.43,0.03,29.51,Accessories,In-store,Not Returned,High,2832.0600000000004,VIP
179888,Headphones,47,2021-03-09 23:00,55.17,0.34,8.43,Accessories,In-store,Not Returned,High,2592.99,VIP
141954,T-shirt,35,2021-03-10 03:00,78.42,0.29,7.28,Accessories,In-store,Not Returned,High,2744.7000000000003,VIP
730698,Wireless Mouse,18,2021-03-11 08:00,81.98,0.3,29.91,Accessories,In-store,Not Returned,High,1475.64,VIP
192115,Notebook,31,2021-03-11 23:00,58.48,0.44,19.14,Accessories,Online,Not Returned,High,1812.88,VIP
463308,Backpack,39,2021-03-12 05:00,79.45,0.49,20.05,Accessories,Online,Not Returned,Low,3098.55,VIP
241774,Office Chair,13,2021-03-12 08:00,88.64,0.34,5.54,Accessories,In-store,Not Returned,Medium,1152.32,VIP
189402,Blue Pen,20,2021-03-12 18:00,54.74,0.07,12.55,Accessories,Online,Not Returned,High,1094.8,VIP
204126,White Mug,31,2021-03-13 07:00,86.09,0.26,19.41,Accessories,Online,Not Returned,Low,2668.79,VIP
835733,Blue Pen,17,2021-03-13 08:00,97.18,0.46,15.94,Accessories,In-store,Not Returned,Low,1652.0600000000002,VIP
265912,Notebook,43,2021-03-13 10:00,63.02,0.14,12.23,Accessories,In-store,Returned,High,2709.86,VIP
681768,White Mug,-43,2021-03-13 16:00,-24.03,0.17,,Accessories,Online,Not Returned,Low,1033.29,VIP
618196,White Mug,21,2021-03-14 01:00,72.62,0.2,29.12,Accessories,In-store,Not Returned,Low,1525.02,VIP
978691,T-shirt,45,2021-03-14 10:00,90.9,0.41,21.76,Accessories,In-store,Returned,Low,4090.500000000001,VIP
987246,Blue Pen,43,2021-03-14 16:00,50.06,0.31,8.62,Accessories,Online,Not Returned,Low,2152.58,VIP
491065,Notebook,39,2021-03-14 20:00,50.19,0.14,19.81,Accessories,Online,Not Returned,Low,1957.41,VIP
392441,USB Cable,21,2021-03-15 08:00,73.09,0.38,21.84,Accessories,In-store,Returned,Medium,1534.89,VIP
829992,Headphones,47,2021-03-16 03:00,67.38,0.15,29.31,Accessories,In-store,Not Returned,High,3166.86,VIP
341474,T-shirt,33,2021-03-16 09:00,88.97,0.06,12.75,Accessories,Online,Not Returned,Medium,2936.01,VIP
207779,T-shirt,49,2021-03-17 06:00,43.33,0.25,13.38,Accessories,Online,Not Returned,Medium,2123.17,VIP
493056,White Mug,45,2021-03-17 17:00,29.55,0.49,18.87,Accessories,Online,Returned,Medium,1329.75,VIP
127472,USB Cable,27,2021-03-17 22:00,96.72,0.21,17.46,Accessories,In-store,Not Returned,Medium,2611.44,VIP
727867,Headphones,38,2021-03-18 16:00,53.93,0.4,22.86,Accessories,Online,Not Returned,High,2049.34,VIP
507922,White Mug,46,2021-03-18 23:00,48.35,0.16,20.56,Accessories,Online,Not Returned,Medium,2224.1,VIP
645611,USB Cable,31,2021-03-19 13:00,46.63,0.15,24.47,Accessories,In-store,Not Returned,Medium,1445.53,VIP
153915,T-shirt,47,2021-03-19 15:00,83.96,0.31,16.85,Accessories,In-store,Not Returned,Low,3946.12,VIP
471687,Notebook,-38,2021-03-19 16:00,-70.72,1.9596978441606243,,Accessories,In-store,Not Returned,Low,2687.36,VIP
631661,Headphones,49,2021-03-20 06:00,49.48,0.12,7.71,Accessories,In-store,Not Returned,Medium,2424.52,VIP
954295,USB Cable,32,2021-03-20 09:00,64.94,0.28,19.4,Accessories,In-store,Not Returned,High,2078.08,VIP
924624,Headphones,39,2021-03-20 21:00,71.41,0.39,23.24,Accessories,Online,Not Returned,Low,2784.99,VIP
366926,Wireless Mouse,47,2021-03-21 03:00,38.19,0.43,10.78,Accessories,Online,Not Returned,High,1794.9299999999998,VIP
831188,USB Cable,39,2021-03-21 18:00,28.13,0.05,7.11,Accessories,In-store,Not Returned,Low,1097.07,VIP
830351,T-shirt,30,2021-03-22 13:00,93.57,0.3,17.27,Accessories,Online,Not Returned,Low,2807.1,VIP
490447,Wall Clock,28,2021-03-23 05:00,82.28,0.5,26.94,Accessories,In-store,Not Returned,High,2303.84,VIP
600850,Headphones,28,2021-03-23 06:00,40.7,0.23,28.12,Accessories,In-store,Returned,High,1139.6,VIP
951563,Notebook,31,2021-03-23 15:00,83.3,0.14,26.92,Accessories,Online,Not Returned,High,2582.3,VIP
163079,White Mug,42,2021-03-23 23:00,75.93,0.05,21.22,Accessories,Online,Not Returned,High,3189.0600000000004,VIP
788340,USB Cable,46,2021-03-24 07:00,87.33,0.17,13.36,Accessories,In-store,Not Returned,Low,4017.18,VIP
167194,Backpack,41,2021-03-24 08:00,85.58,0.33,19.18,Accessories,In-store,Not Returned,Medium,3508.78,VIP
719265,Blue Pen,47,2021-03-24 22:00,98.84,0.39,28.44,Accessories,In-store,Not Returned,Medium,4645.4800000000005,VIP
996618,Wall Clock,33,2021-03-25 01:00,53.54,0.36,21.8,Accessories,In-store,Not Returned,Low,1766.82,VIP
647578,Notebook,15,2021-03-25 02:00,94.15,0.22,19.73,Accessories,In-store,Not Returned,High,1412.25,VIP
474695,USB Cable,30,2021-03-25 03:00,79.45,0.15,24.27,Accessories,Online,Not Returned,High,2383.5,VIP
605180,T-shirt,26,2021-03-25 11:00,79.0,0.19,26.73,Accessories,In-store,Not Returned,High,2054.0,VIP
297345,USB Cable,42,2021-03-25 14:00,36.01,0.41,29.94,Accessories,Online,Not Returned,Low,1512.4199999999998,VIP
549541,Desk Lamp,44,2021-03-25 23:00,96.6,0.34,26.42,Accessories,Online,Returned,High,4250.4,VIP
909216,Office Chair,46,2021-03-26 06:00,65.0,0.03,19.62,Accessories,In-store,Not Returned,High,2990.0,VIP
991255,T-shirt,24,2021-03-26 17:00,45.62,0.24,8.14,Accessories,Online,Not Returned,High,1094.88,VIP
281446,White Mug,14,2021-03-26 20:00,92.83,0.08,12.18,Accessories,In-store,Not Returned,Medium,1299.62,VIP
135757,White Mug,38,2021-03-27 07:00,31.26,0.44,29.22,Accessories,Online,Not Returned,Low,1187.88,VIP
390655,Notebook,46,2021-03-28 01:00,40.28,0.43,10.82,Accessories,In-store,Not Returned,Low,1852.88,VIP
942000,Notebook,34,2021-03-28 04:00,50.01,0.46,10.66,Accessories,In-store,Not Returned,High,1700.34,VIP
748565,Blue Pen,30,2021-03-28 08:00,46.01,0.16,15.97,Accessories,In-store,Not Returned,Medium,1380.3,VIP
164340,T-shirt,47,2021-03-28 19:00,76.52,0.16,23.81,Accessories,Online,Not Returned,Medium,3596.44,VIP
711524,Backpack,31,2021-03-28 20:00,87.1,0.11,12.51,Accessories,Online,Not Returned,Low,2700.1,VIP
851917,Notebook,16,2021-03-29 05:00,91.09,0.11,10.08,Accessories,Online,Not Returned,Low,1457.44,VIP
825155,Wall Clock,35,2021-03-29 16:00,82.1,0.47,15.44,Accessories,Online,Returned,High,2873.5,VIP
645786,Wall Clock,45,2021-03-31 01:00,61.53,0.08,20.14,Accessories,In-store,Not Returned,Low,2768.85,VIP
208775,Blue Pen,40,2021-03-31 06:00,58.39,0.12,22.76,Accessories,In-store,Returned,Medium,2335.6,VIP
911464,Desk Lamp,29,2021-03-31 07:00,42.72,0.34,19.0,Accessories,In-store,Not Returned,Medium,1238.88,VIP
211030,Office Chair,40,2021-03-31 12:00,97.33,0.47,29.84,Accessories,In-store,Not Returned,Medium,3893.2,VIP
375478,T-shirt,40,2021-04-01 11:00,89.17,0.31,15.85,Accessories,Online,Not Returned,Low,3566.8,VIP
461462,Wall Clock,22,2021-04-01 17:00,57.71,0.2,28.87,Accessories,Online,Not Returned,Medium,1269.62,VIP
148113,Blue Pen,49,2021-04-02 13:00,45.08,0.03,24.35,Accessories,Online,Not Returned,High,2208.92,VIP
329767,T-shirt,14,2021-04-02 16:00,72.75,0.16,27.83,Accessories,In-store,Not Returned,Low,1018.5,VIP
118807,Backpack,46,2021-04-03 21:00,54.55,0.04,13.11,Accessories,Online,Not Returned,Medium,2509.3,VIP
352515,Blue Pen,21,2021-04-04 04:00,62.81,0.47,9.42,Accessories,Online,Returned,Medium,1319.01,VIP
847097,White Mug,39,2021-04-04 05:00,81.91,0.06,16.6,Accessories,Online,Not Returned,High,3194.49,VIP
383126,Wall Clock,20,2021-04-04 10:00,71.06,0.12,20.7,Accessories,In-store,Not Returned,High,1421.2,VIP
212223,T-shirt,19,2021-04-04 16:00,84.69,0.09,25.39,Accessories,Online,Not Returned,Medium,1609.11,VIP
513811,Wall Clock,34,2021-04-04 22:00,42.99,0.42,15.65,Accessories,Online,Not Returned,Low,1461.66,VIP
113703,White Mug,46,2021-04-05 09:00,79.3,0.35,15.8,Accessories,Online,Returned,High,3647.8,VIP
338411,Desk Lamp,34,2021-04-05 16:00,49.11,0.02,24.36,Accessories,Online,Not Returned,High,1669.74,VIP
861269,Wireless Mouse,21,2021-04-06 01:00,58.62,0.07,12.52,Accessories,Online,Returned,Medium,1231.02,VIP
935544,T-shirt,-22,2021-04-07 08:00,-58.54,0.31,,Accessories,Online,Not Returned,Low,1287.88,VIP
242012,Notebook,35,2021-04-07 09:00,36.44,0.42,7.71,Accessories,In-store,Not Returned,Low,1275.4,VIP
832154,Blue Pen,-28,2021-04-07 11:00,-56.5,1.685367401823168,,Accessories,In-store,Returned,Low,1582.0,VIP
357808,Blue Pen,43,2021-04-07 20:00,27.5,0.16,25.08,Accessories,Online,Not Returned,Medium,1182.5,VIP
798412,Office Chair,33,2021-04-08 02:00,73.46,0.45,17.4,Accessories,In-store,Not Returned,Low,2424.18,VIP
907400,Blue Pen,41,2021-04-08 14:00,56.03,0.43,15.51,Accessories,Online,Not Returned,High,2297.23,VIP
316383,Wireless Mouse,39,2021-04-09 07:00,73.23,0.36,12.41,Accessories,Online,Not Returned,Medium,2855.9700000000003,VIP
961811,Headphones,20,2021-04-10 07:00,95.64,0.48,24.36,Accessories,Online,Not Returned,Medium,1912.8,VIP
145591,White Mug,-36,2021-04-10 08:00,-97.95,1.7509424557587487,,Accessories,Online,Not Returned,Low,3526.2000000000003,VIP
722825,Wireless Mouse,23,2021-04-10 13:00,65.88,0.14,8.99,Accessories,In-store,Not Returned,Low,1515.2399999999998,VIP
477721,Office Chair,38,2021-04-10 18:00,92.86,0.02,28.49,Accessories,Online,Returned,Medium,3528.68,VIP
431080,USB Cable,21,2021-04-10 21:00,94.08,0.4,16.37,Accessories,Online,Not Returned,High,1975.68,VIP
199862,Notebook,46,2021-04-11 05:00,81.04,0.35,12.62,Accessories,In-store,Not Returned,Medium,3727.84,VIP
267442,Notebook,37,2021-04-12 16:00,55.48,0.17,13.46,Accessories,In-store,Not Returned,High,2052.76,VIP
891494,USB Cable,28,2021-04-12 17:00,86.81,0.1,16.77,Accessories,Online,Not Returned,Medium,2430.6800000000003,VIP
860769,Backpack,42,2021-04-12 21:00,81.15,0.07,12.72,Accessories,Online,Not Returned,Low,3408.3,VIP
300658,Blue Pen,43,2021-04-13 05:00,35.17,0.43,13.22,Accessories,Online,Not Returned,Medium,1512.3100000000002,VIP
165480,Office Chair,48,2021-04-13 20:00,76.6,0.04,6.16,Accessories,Online,Returned,Low,3676.8,VIP
334622,Wall Clock,33,2021-04-13 23:00,45.36,0.49,24.82,Accessories,Online,Not Returned,Medium,1496.88,VIP
406020,Wall Clock,42,2021-04-14 10:00,54.99,0.38,5.17,Accessories,Online,Returned,High,2309.58,VIP
168515,Headphones,29,2021-04-15 00:00,91.91,0.24,22.72,Accessories,In-store,Not Returned,High,2665.39,VIP
288929,Office Chair,24,2021-04-15 07:00,45.37,0.26,22.07,Accessories,Online,Not Returned,High,1088.88,VIP
341540,White Mug,33,2021-04-15 10:00,48.37,0.43,14.27,Accessories,In-store,Returned,Low,1596.2099999999998,VIP
170799,USB Cable,28,2021-04-16 00:00,55.82,0.32,11.53,Accessories,In-store,Not Returned,High,1562.96,VIP
603256,Wall Clock,41,2021-04-16 10:00,84.7,0.35,26.58,Accessories,In-store,Not Returned,Low,3472.7000000000003,VIP
996977,White Mug,33,2021-04-16 18:00,64.91,0.06,9.07,Accessories,In-store,Not Returned,Low,2142.03,VIP
332362,Backpack,31,2021-04-17 17:00,45.45,0.36,20.78,Accessories,In-store,Not Returned,High,1408.95,VIP
771766,Office Chair,33,2021-04-18 13:00,97.74,0.33,12.74,Accessories,In-store,Not Returned,Low,3225.42,VIP
239565,Wall Clock,37,2021-04-19 12:00,52.18,0.48,7.61,Accessories,Online,Not Returned,High,1930.66,VIP
629862,Desk Lamp,39,2021-04-19 21:00,89.69,0.03,7.79,Accessories,In-store,Not Returned,High,3497.91,VIP
850378,T-shirt,24,2021-04-20 16:00,62.97,0.3,23.88,Accessories,Online,Not Returned,Low,1511.28,VIP
590643,Office Chair,32,2021-04-22 05:00,91.22,0.22,14.22,Accessories,Online,Not Returned,Medium,2919.04,VIP
288726,Headphones,-50,2021-04-23 02:00,-96.11,0.05,,Accessories,Online,Not Returned,High,4805.5,VIP
902925,Office Chair,43,2021-04-25 06:00,72.73,0.23,5.91,Accessories,Online,Not Returned,Medium,3127.3900000000003,VIP
768626,Blue Pen,21,2021-04-25 11:00,96.01,0.45,14.27,Accessories,In-store,Returned,High,2016.21,VIP
483331,USB Cable,13,2021-04-25 12:00,82.76,0.34,15.93,Accessories,Online,Not Returned,Low,1075.88,VIP
752168,Desk Lamp,43,2021-04-25 17:00,69.9,0.03,28.29,Accessories,Online,Not Returned,High,3005.7000000000003,VIP
722696,Notebook,18,2021-04-25 18:00,70.65,0.26,10.57,Accessories,Online,Not Returned,Medium,1271.7,VIP
624658,Wireless Mouse,39,2021-04-26 10:00,74.39,0.0,25.5,Accessories,In-store,Not Returned,Low,2901.21,VIP
886918,Desk Lamp,48,2021-04-26 12:00,69.65,0.32,9.7,Accessories,In-store,Not Returned,Medium,3343.2000000000003,VIP
606528,Office Chair,44,2021-04-27 01:00,76.94,0.23,27.59,Accessories,In-store,Not Returned,Low,3385.36,VIP
670141,Notebook,24,2021-04-27 03:00,66.33,0.34,29.33,Accessories,Online,Not Returned,Medium,1591.92,VIP
880080,Desk Lamp,34,2021-04-29 10:00,72.96,0.32,16.34,Accessories,In-store,Not Returned,Medium,2480.64,VIP
230334,Office Chair,-27,2021-04-29 16:00,-68.97,0.16,,Accessories,In-store,Not Returned,Medium,1862.19,VIP
304335,Backpack,40,2021-04-30 03:00,73.62,0.35,22.3,Accessories,In-store,Not Returned,Low,2944.8,VIP
717423,Backpack,31,2021-04-30 11:00,61.37,0.06,29.58,Accessories,In-store,Not Returned,Medium,1902.47,VIP
527686,Wall Clock,34,2021-04-30 20:00,57.32,0.18,14.34,Accessories,In-store,Not Returned,High,1948.88,VIP
975584,USB Cable,32,2021-05-01 00:00,61.85,0.47,12.91,Accessories,In-store,Not Returned,High,1979.2,VIP
374541,Blue Pen,44,2021-05-01 07:00,46.37,0.05,28.68,Accessories,Online,Not Returned,Low,2040.28,VIP
686470,Office Chair,30,2021-05-01 10:00,49.0,0.5,13.05,Accessories,In-store,Not Returned,Low,1470.0,VIP
259413,Notebook,28,2021-05-01 13:00,45.31,0.42,15.91,Accessories,In-store,Returned,Low,1268.68,VIP
637732,Wall Clock,-34,2021-05-01 18:00,-96.33,0.14,,Accessories,Online,Not Returned,Medium,3275.22,VIP
325121,Notebook,21,2021-05-02 06:00,98.35,0.14,23.31,Accessories,Online,Not Returned,Low,2065.35,VIP
676531,Wireless Mouse,19,2021-05-03 02:00,92.25,0.37,18.55,Accessories,In-store,Not Returned,High,1752.75,VIP
815663,USB Cable,26,2021-05-04 04:00,87.65,0.05,28.8,Accessories,In-store,Not Returned,High,2278.9,VIP
361677,T-shirt,46,2021-05-04 16:00,81.21,0.5,16.69,Accessories,In-store,Not Returned,High,3735.66,VIP
678725,Desk Lamp,47,2021-05-04 21:00,63.04,0.2,28.53,Accessories,Online,Returned,Low,2962.88,VIP
119731,White Mug,15,2021-05-05 00:00,69.92,0.37,16.19,Accessories,Online,Not Returned,Medium,1048.8,VIP
185192,Backpack,20,2021-05-05 10:00,71.01,0.11,23.09,Accessories,Online,Not Returned,High,1420.2,VIP
879117,Backpack,19,2021-05-05 11:00,92.46,0.25,28.47,Accessories,Online,Not Returned,Medium,1756.7399999999998,VIP
187154,Wall Clock,46,2021-05-05 12:00,62.59,0.07,6.35,Accessories,Online,Not Returned,Medium,2879.1400000000003,VIP
619235,Desk Lamp,32,2021-05-05 16:00,33.6,0.44,14.87,Accessories,Online,Not Returned,Medium,1075.2,VIP
988976,Notebook,15,2021-05-06 02:00,76.12,0.48,9.38,Accessories,In-store,Not Returned,Low,1141.8000000000002,VIP
396773,T-shirt,46,2021-05-06 07:00,89.96,0.19,16.61,Accessories,In-store,Not Returned,High,4138.16,VIP
672668,Backpack,26,2021-05-08 22:00,50.78,0.07,24.84,Accessories,In-store,Not Returned,Low,1320.28,VIP
534174,Wall Clock,32,2021-05-09 22:00,79.52,0.13,26.96,Accessories,Online,Not Returned,Medium,2544.64,VIP
167421,Headphones,19,2021-05-10 06:00,73.51,0.23,15.29,Accessories,In-store,Not Returned,High,1396.69,VIP
743786,Notebook,33,2021-05-10 17:00,91.98,0.26,23.68,Accessories,In-store,Not Returned,Low,3035.34,VIP
329192,Blue Pen,37,2021-05-11 14:00,56.35,0.24,25.73,Accessories,Online,Not Returned,High,2084.9500000000003,VIP
574587,Backpack,35,2021-05-11 23:00,42.38,0.3,15.17,Accessories,Online,Not Returned,Low,1483.3000000000002,VIP
589170,Notebook,46,2021-05-12 01:00,68.36,0.44,11.63,Accessories,Online,Not Returned,Medium,3144.56,VIP
484083,T-shirt,30,2021-05-12 16:00,70.66,0.42,28.81,Accessories,In-store,Not Returned,Medium,2119.8,VIP
790527,White Mug,24,2021-05-12 18:00,91.52,0.16,15.45,Accessories,In-store,Not Returned,Low,2196.48,VIP
578096,Desk Lamp,41,2021-05-12 20:00,85.15,0.34,10.75,Accessories,Online,Not Returned,High,3491.15,VIP
586598,Desk Lamp,30,2021-05-14 12:00,37.11,0.39,13.23,Accessories,Online,Not Returned,Low,1113.3,VIP
963548,Notebook,41,2021-05-15 22:00,71.8,0.34,14.26,Accessories,Online,Not Returned,Low,2943.8,VIP
275885,Backpack,34,2021-05-16 04:00,76.28,0.03,22.78,Accessories,In-store,Not Returned,High,2593.52,VIP
732529,White Mug,47,2021-05-16 06:00,37.67,0.4,24.72,Accessories,Online,Not Returned,Medium,1770.49,VIP
162784,Backpack,31,2021-05-16 15:00,39.87,0.08,14.57,Accessories,In-store,Not Returned,High,1235.97,VIP
695976,Blue Pen,49,2021-05-17 16:00,49.2,0.0,26.19,Accessories,Online,Not Returned,Low,2410.8,VIP
218371,Office Chair,42,2021-05-18 01:00,83.2,0.3,27.98,Accessories,In-store,Not Returned,Low,3494.4,VIP
862476,Wall Clock,47,2021-05-18 10:00,23.57,0.11,6.95,Accessories,Online,Not Returned,Medium,1107.79,VIP
896867,T-shirt,26,2021-05-18 15:00,78.05,0.06,12.08,Accessories,Online,Not Returned,Low,2029.3,VIP
728203,T-shirt,26,2021-05-19 07:00,55.73,0.14,11.61,Accessories,Online,Returned,Medium,1448.98,VIP
316915,T-shirt,35,2021-05-19 11:00,54.76,0.31,26.68,Accessories,In-store,Not Returned,High,1916.6,VIP
812392,Notebook,40,2021-05-19 17:00,43.37,0.25,6.42,Accessories,In-store,Not Returned,High,1734.8,VIP
623277,Office Chair,41,2021-05-20 01:00,30.42,0.5,12.4,Accessories,In-store,Not Returned,Medium,1247.22,VIP
784103,USB Cable,37,2021-05-21 11:00,73.06,0.16,11.67,Accessories,In-store,Not Returned,High,2703.2200000000003,VIP
554529,Office Chair,26,2021-05-21 13:00,53.57,0.1,23.3,Accessories,Online,Not Returned,Low,1392.82,VIP
783542,T-shirt,38,2021-05-21 20:00,48.64,0.08,14.74,Accessories,In-store,Not Returned,High,1848.32,VIP
909052,USB Cable,-11,2021-05-22 01:00,-99.39,1.5494901006251776,,Accessories,Online,Not Returned,Low,1093.29,VIP
787318,White Mug,26,2021-05-22 11:00,71.69,0.16,12.73,Accessories,Online,Not Returned,Low,1863.94,VIP
406369,USB Cable,39,2021-05-22 16:00,50.61,0.29,24.72,Accessories,Online,Not Returned,Low,1973.79,VIP
305463,Desk Lamp,29,2021-05-22 18:00,57.93,0.16,14.84,Accessories,Online,Returned,High,1679.97,VIP
676265,Notebook,43,2021-05-23 00:00,28.0,0.28,12.17,Accessories,In-store,Not Returned,Low,1204.0,VIP
533448,White Mug,25,2021-05-23 01:00,44.66,0.18,12.15,Accessories,In-store,Not Returned,High,1116.5,VIP
244811,Headphones,30,2021-05-23 11:00,40.5,0.22,28.08,Accessories,In-store,Not Returned,High,1215.0,VIP
230697,Blue Pen,28,2021-05-23 12:00,64.29,0.26,11.83,Accessories,Online,Not Returned,Medium,1800.12,VIP
268678,Wall Clock,32,2021-05-23 19:00,63.41,0.13,9.99,Accessories,In-store,Not Returned,Medium,2029.12,VIP
531856,Wall Clock,47,2021-05-23 20:00,91.85,0.15,21.25,Accessories,In-store,Not Returned,Medium,4316.95,VIP
617961,Blue Pen,21,2021-05-24 02:00,80.95,0.24,8.2,Accessories,Online,Not Returned,High,1699.95,VIP
581947,White Mug,37,2021-05-24 13:00,80.23,0.11,24.29,Accessories,In-store,Not Returned,High,2968.51,VIP
595054,Backpack,24,2021-05-24 20:00,56.23,0.11,7.41,Accessories,In-store,Not Returned,Low,1349.52,VIP
579673,T-shirt,21,2021-05-25 15:00,99.52,0.36,15.98,Accessories,Online,Returned,Low,2089.92,VIP
217408,T-shirt,37,2021-05-25 18:00,69.98,0.36,28.19,Accessories,In-store,Not Returned,High,2589.26,VIP
692337,Notebook,23,2021-05-26 00:00,81.22,0.4,8.23,Accessories,Online,Not Returned,High,1868.06,VIP
957312,Backpack,39,2021-05-27 12:00,44.96,0.47,28.64,Accessories,In-store,Not Returned,Low,1753.44,VIP
772225,Office Chair,19,2021-05-27 17:00,82.18,0.14,11.94,Accessories,In-store,Returned,High,1561.42,VIP
618728,Backpack,22,2021-05-28 00:00,47.52,0.21,29.11,Accessories,Online,Not Returned,Medium,1045.44,VIP
235090,Wall Clock,48,2021-05-28 10:00,67.8,0.45,17.59,Accessories,Online,Not Returned,Low,3254.4,VIP
955738,Notebook,29,2021-05-28 16:00,51.93,0.42,5.17,Accessories,In-store,Not Returned,Low,1505.97,VIP
727395,USB Cable,43,2021-05-29 16:00,69.19,0.21,23.24,Accessories,In-store,Not Returned,Low,2975.17,VIP
111009,Blue Pen,40,2021-05-29 21:00,28.08,0.01,12.51,Accessories,Online,Not Returned,Medium,1123.1999999999998,VIP
359405,Headphones,47,2021-05-30 23:00,84.96,0.22,9.83,Accessories,In-store,Not Returned,Medium,3993.12,VIP
932230,Notebook,23,2021-05-31 09:00,64.45,0.08,29.96,Accessories,In-store,Not Returned,Medium,1482.35,VIP
541144,T-shirt,40,2021-05-31 20:00,52.5,0.16,8.23,Accessories,Online,Not Returned,High,2100.0,VIP
316110,Desk Lamp,14,2021-06-01 01:00,82.24,0.33,20.71,Accessories,In-store,Not Returned,Low,1151.36,VIP
771223,T-shirt,18,2021-06-01 17:00,64.08,0.2,29.89,Accessories,Online,Returned,Low,1153.44,VIP
852158,Desk Lamp,26,2021-06-02 03:00,76.23,0.2,27.71,Accessories,Online,Not Returned,Low,1981.98,VIP
485114,Notebook,39,2021-06-03 01:00,83.12,0.23,13.27,Accessories,In-store,Not Returned,Medium,3241.6800000000003,VIP
255384,T-shirt,25,2021-06-03 08:00,91.11,0.05,27.4,Accessories,In-store,Not Returned,Medium,2277.75,VIP
737233,Blue Pen,47,2021-06-03 11:00,70.7,0.19,11.03,Accessories,Online,Not Returned,High,3322.9,VIP
776044,T-shirt,-21,2021-06-04 07:00,-64.5,1.1449026082265157,,Accessories,In-store,Not Returned,Low,1354.5,VIP
309699,T-shirt,20,2021-06-04 19:00,60.21,0.48,24.18,Accessories,Online,Not Returned,High,1204.2,VIP
967152,White Mug,36,2021-06-05 00:00,67.41,0.45,24.62,Accessories,Online,Not Returned,Medium,2426.76,VIP
853036,Notebook,25,2021-06-05 04:00,69.74,0.32,12.4,Accessories,Online,Not Returned,Medium,1743.4999999999998,VIP
525760,Wall Clock,19,2021-06-05 08:00,92.99,0.39,23.9,Accessories,Online,Not Returned,High,1766.81,VIP
571449,USB Cable,33,2021-06-05 11:00,69.02,0.49,28.52,Accessories,In-store,Not Returned,Low,2277.66,VIP
285221,Blue Pen,32,2021-06-06 07:00,58.96,0.04,28.11,Accessories,Online,Not Returned,High,1886.72,VIP
961549,Blue Pen,30,2021-06-07 01:00,98.21,0.36,19.44,Accessories,In-store,Not Returned,Medium,2946.3,VIP
305591,Blue Pen,23,2021-06-07 23:00,77.27,0.11,10.85,Accessories,In-store,Not Returned,High,1777.2099999999998,VIP
999145,Wall Clock,28,2021-06-08 18:00,38.83,0.28,10.08,Accessories,Online,Not Returned,Low,1087.24,VIP
505218,Office Chair,29,2021-06-09 04:00,51.14,0.23,16.42,Accessories,In-store,Not Returned,Low,1483.06,VIP
507124,White Mug,38,2021-06-11 08:00,47.32,0.15,7.42,Accessories,Online,Not Returned,High,1798.16,VIP
584540,T-shirt,37,2021-06-11 13:00,46.21,0.38,12.23,Accessories,Online,Not Returned,High,1709.77,VIP
223791,Wireless Mouse,30,2021-06-11 14:00,76.31,0.45,16.22,Accessories,Online,Not Returned,Low,2289.3,VIP
576984,T-shirt,43,2021-06-11 21:00,42.95,0.31,16.27,Accessories,Online,Not Returned,High,1846.85,VIP
246903,White Mug,25,2021-06-12 00:00,90.7,0.0,7.04,Accessories,In-store,Not Returned,Low,2267.5,VIP
594166,White Mug,40,2021-06-12 12:00,66.15,0.23,12.76,Accessories,In-store,Not Returned,Medium,2646.0,VIP
781908,Notebook,43,2021-06-13 08:00,34.02,0.27,10.0,Accessories,In-store,Not Returned,Low,1462.86,VIP
997849,Notebook,42,2021-06-14 06:00,68.22,0.42,18.16,Accessories,In-store,Not Returned,Medium,2865.24,VIP
865110,Office Chair,44,2021-06-14 07:00,24.66,0.13,7.63,Accessories,Online,Not Returned,Low,1085.04,VIP
747122,White Mug,12,2021-06-14 17:00,86.92,0.11,11.01,Accessories,Online,Not Returned,High,1043.04,VIP
535892,Backpack,44,2021-06-15 12:00,43.74,0.08,27.31,Accessories,In-store,Not Returned,Low,1924.56,VIP
477332,Desk Lamp,33,2021-06-16 03:00,61.66,0.28,5.7,Accessories,In-store,Not Returned,High,2034.78,VIP
177442,Notebook,42,2021-06-16 09:00,68.39,0.38,23.9,Accessories,Online,Not Returned,Low,2872.38,VIP
926434,Wireless Mouse,27,2021-06-16 10:00,85.96,0.27,10.66,Accessories,In-store,Not Returned,Low,2320.92,VIP
178947,Wireless Mouse,31,2021-06-16 14:00,41.05,0.2,18.36,Accessories,In-store,Not Returned,Low,1272.55,VIP
483426,Desk Lamp,44,2021-06-17 20:00,57.87,0.36,10.5,Accessories,In-store,Not Returned,High,2546.28,VIP
467482,White Mug,32,2021-06-18 07:00,47.82,0.08,23.73,Accessories,In-store,Not Returned,Medium,1530.24,VIP
120946,USB Cable,17,2021-06-19 18:00,94.59,0.39,8.94,Accessories,Online,Not Returned,Medium,1608.03,VIP
217729,USB Cable,24,2021-06-19 23:00,86.83,0.11,6.47,Accessories,Online,Not Returned,Low,2083.92,VIP
771810,Wireless Mouse,26,2021-06-20 02:00,58.96,0.06,11.16,Accessories,Online,Not Returned,Low,1532.96,VIP
226865,Wall Clock,18,2021-06-20 10:00,61.49,0.39,17.2,Accessories,Online,Not Returned,Low,1106.82,VIP
686864,Backpack,38,2021-06-20 15:00,53.36,0.49,14.07,Accessories,Online,Not Returned,Medium,2027.68,VIP
323687,Wireless Mouse,36,2021-06-20 18:00,92.86,0.23,29.12,Accessories,In-store,Returned,High,3342.96,VIP
447076,USB Cable,39,2021-06-20 23:00,54.92,0.33,20.73,Accessories,In-store,Not Returned,Low,2141.88,VIP
719716,Desk Lamp,49,2021-06-21 02:00,59.6,0.37,11.27,Accessories,In-store,Returned,High,2920.4,VIP
945484,Wall Clock,30,2021-06-21 18:00,82.68,0.16,24.15,Accessories,In-store,Not Returned,Medium,2480.4,VIP
576377,Backpack,26,2021-06-21 22:00,47.41,0.32,12.58,Accessories,Online,Not Returned,High,1232.66,VIP
412094,USB Cable,44,2021-06-22 02:00,59.12,0.37,24.81,Accessories,Online,Not Returned,Low,2601.28,VIP
399840,Headphones,28,2021-06-22 06:00,54.65,0.15,20.13,Accessories,In-store,Not Returned,Medium,1530.2,VIP
333746,Wall Clock,45,2021-06-23 22:00,31.1,0.1,5.01,Accessories,In-store,Not Returned,Medium,1399.5,VIP
971913,Backpack,48,2021-06-24 01:00,82.4,0.01,23.98,Accessories,In-store,Not Returned,Medium,3955.2,VIP
274166,Backpack,35,2021-06-24 11:00,94.98,0.17,28.64,Accessories,Online,Returned,High,3324.3,VIP
602066,Headphones,38,2021-06-24 12:00,36.63,0.05,8.04,Accessories,In-store,Not Returned,Medium,1391.94,VIP
497751,Office Chair,13,2021-06-24 14:00,96.24,0.19,5.86,Accessories,In-store,Not Returned,High,1251.12,VIP
464716,Desk Lamp,25,2021-06-25 00:00,52.88,0.35,20.05,Accessories,Online,Not Returned,Low,1322.0,VIP
344697,White Mug,45,2021-06-25 04:00,93.41,0.48,13.84,Accessories,Online,Not Returned,Medium,4203.45,VIP
110207,Office Chair,37,2021-06-25 05:00,37.8,0.12,13.32,Accessories,Online,Not Returned,Low,1398.6,VIP
373363,T-shirt,47,2021-06-25 20:00,63.08,0.41,13.26,Accessories,Online,Not Returned,High,2964.76,VIP
751021,White Mug,29,2021-06-25 22:00,55.43,0.34,23.24,Accessories,Online,Not Returned,Low,1607.47,VIP
153010,T-shirt,31,2021-06-26 12:00,85.99,0.12,27.88,Accessories,Online,Not Returned,Medium,2665.69,VIP
680206,Office Chair,41,2021-06-28 00:00,84.39,0.28,12.73,Accessories,In-store,Not Returned,Medium,3459.99,VIP
222431,Blue Pen,48,2021-06-29 00:00,60.08,0.08,14.25,Accessories,Online,Not Returned,High,2883.84,VIP
267403,Wireless Mouse,-45,2021-06-29 14:00,-61.9,1.3985520136453775,,Accessories,Online,Not Returned,Medium,2785.5,VIP
635580,Backpack,44,2021-06-29 19:00,44.67,0.5,20.28,Accessories,In-store,Not Returned,Medium,1965.48,VIP
362838,Blue Pen,32,2021-06-30 18:00,37.75,0.34,26.94,Accessories,Online,Returned,Medium,1208.0,VIP
817116,Office Chair,40,2021-06-30 20:00,50.12,0.17,24.93,Accessories,Online,Not Returned,Medium,2004.8,VIP
707879,Wall Clock,46,2021-07-01 14:00,24.52,0.37,10.92,Accessories,In-store,Not Returned,Low,1127.92,VIP
767403,Backpack,36,2021-07-01 17:00,28.38,0.37,16.95,Accessories,Online,Not Returned,Medium,1021.68,VIP
377876,Blue Pen,40,2021-07-01 19:00,39.6,0.43,23.5,Accessories,In-store,Not Returned,Medium,1584.0,VIP
760899,Blue Pen,37,2021-07-03 02:00,79.31,0.48,15.15,Accessories,Online,Returned,Medium,2934.4700000000003,VIP
209920,Wireless Mouse,46,2021-07-03 05:00,46.77,0.02,23.72,Accessories,In-store,Not Returned,High,2151.42,VIP
367751,Office Chair,13,2021-07-03 10:00,89.71,0.38,10.33,Accessories,Online,Not Returned,Medium,1166.23,VIP
456930,White Mug,29,2021-07-03 12:00,43.55,0.22,13.86,Accessories,In-store,Not Returned,Medium,1262.9499999999998,VIP
107399,USB Cable,27,2021-07-03 17:00,64.76,0.39,24.03,Accessories,In-store,Not Returned,High,1748.5200000000002,VIP
762858,Headphones,11,2021-07-03 22:00,91.38,0.34,12.04,Accessories,Online,Not Returned,High,1005.18,VIP
803454,T-shirt,42,2021-07-04 07:00,33.09,0.13,20.95,Accessories,Online,Not Returned,High,1389.7800000000002,VIP
379916,T-shirt,34,2021-07-04 16:00,68.17,0.09,26.24,Accessories,Online,Not Returned,Medium,2317.78,VIP
114439,Blue Pen,33,2021-07-05 05:00,31.23,0.37,6.94,Accessories,Online,Not Returned,Medium,1030.59,VIP
210290,Wall Clock,44,2021-07-05 13:00,46.79,0.12,21.4,Accessories,Online,Not Returned,Low,2058.76,VIP
905896,White Mug,30,2021-07-05 15:00,37.35,0.01,20.32,Accessories,In-store,Not Returned,Low,1120.5,VIP
229188,Office Chair,44,2021-07-06 01:00,62.34,0.17,29.79,Accessories,Online,Not Returned,Medium,2742.96,VIP
543697,Headphones,17,2021-07-06 10:00,72.02,0.5,23.23,Accessories,In-store,Not Returned,Low,1224.34,VIP
967413,Blue Pen,19,2021-07-07 05:00,66.92,0.48,5.97,Accessories,In-store,Not Returned,High,1271.48,VIP
756520,Wireless Mouse,42,2021-07-07 09:00,72.48,0.42,25.83,Accessories,Online,Not Returned,Medium,3044.1600000000003,VIP
835634,Blue Pen,19,2021-07-07 19:00,88.96,0.23,10.77,Accessories,In-store,Not Returned,Medium,1690.2399999999998,VIP
363356,Backpack,36,2021-07-08 12:00,77.59,0.11,17.82,Accessories,Online,Not Returned,High,2793.24,VIP
178784,T-shirt,42,2021-07-08 15:00,41.8,0.1,29.46,Accessories,Online,Not Returned,Medium,1755.6,VIP
161160,USB Cable,34,2021-07-08 20:00,35.35,0.37,29.29,Accessories,In-store,Not Returned,Low,1201.9,VIP
126797,White Mug,47,2021-07-09 03:00,27.75,0.34,13.0,Accessories,In-store,Not Returned,Low,1304.25,VIP
740337,Wireless Mouse,48,2021-07-09 08:00,37.12,0.38,27.8,Accessories,Online,Not Returned,Low,1781.7599999999998,VIP
911536,Blue Pen,42,2021-07-09 19:00,58.34,0.43,23.51,Accessories,In-store,Not Returned,Low,2450.28,VIP
805344,Blue Pen,45,2021-07-10 08:00,84.7,0.18,21.21,Accessories,Online,Returned,High,3811.5,VIP
202537,Wall Clock,33,2021-07-10 20:00,62.1,0.31,7.05,Accessories,Online,Not Returned,High,2049.3,VIP
727797,White Mug,38,2021-07-11 10:00,98.06,0.11,10.93,Accessories,In-store,Not Returned,Medium,3726.28,VIP
381833,Backpack,49,2021-07-11 20:00,58.5,0.29,7.66,Accessories,In-store,Not Returned,Low,2866.5,VIP
630235,Headphones,19,2021-07-13 05:00,87.56,0.22,20.55,Accessories,In-store,Not Returned,High,1663.64,VIP
579456,Headphones,35,2021-07-13 06:00,39.92,0.49,22.22,Accessories,Online,Not Returned,Medium,1397.2,VIP
980670,Wall Clock,47,2021-07-13 09:00,99.15,0.4,16.92,Accessories,Online,Not Returned,High,4660.05,VIP
497099,T-shirt,18,2021-07-14 06:00,70.42,0.14,5.71,Accessories,In-store,Not Returned,High,1267.56,VIP
156494,Blue Pen,47,2021-07-14 20:00,51.2,0.21,5.43,Accessories,In-store,Not Returned,Low,2406.4,VIP
505504,Wall Clock,37,2021-07-14 21:00,37.18,0.39,25.88,Accessories,In-store,Not Returned,Low,1375.66,VIP
704008,White Mug,-46,2021-07-16 09:00,-52.51,1.6847608949563178,,Accessories,Online,Not Returned,Medium,2415.46,VIP
767242,Wireless Mouse,26,2021-07-16 11:00,70.07,0.13,16.61,Accessories,In-store,Not Returned,Low,1821.82,VIP
820252,White Mug,41,2021-07-16 17:00,70.85,0.21,26.68,Accessories,In-store,Not Returned,High,2904.85,VIP
186928,USB Cable,35,2021-07-17 13:00,74.62,0.24,15.54,Accessories,In-store,Not Returned,Low,2611.7000000000003,VIP
889410,Desk Lamp,49,2021-07-18 10:00,60.02,0.11,11.75,Accessories,In-store,Not Returned,Medium,2940.98,VIP
928754,Office Chair,32,2021-07-19 17:00,53.8,0.35,7.61,Accessories,In-store,Not Returned,Low,1721.6,VIP
148591,Backpack,39,2021-07-20 05:00,63.37,0.02,16.09,Accessories,In-store,Not Returned,High,2471.43,VIP
666752,Wall Clock,-25,2021-07-20 22:00,-77.37,0.49,,Accessories,Online,Returned,High,1934.25,VIP
398663,Headphones,49,2021-07-21 11:00,63.14,0.44,29.92,Accessories,Online,Not Returned,Medium,3093.86,VIP
264512,Headphones,26,2021-07-21 21:00,45.64,0.16,17.75,Accessories,In-store,Not Returned,High,1186.64,VIP
370774,Wireless Mouse,31,2021-07-21 22:00,60.3,0.41,23.26,Accessories,In-store,Not Returned,Low,1869.3,VIP
882702,Wall Clock,40,2021-07-23 03:00,44.9,0.48,26.68,Accessories,In-store,Not Returned,Medium,1796.0,VIP
632669,Wall Clock,23,2021-07-23 15:00,98.02,0.47,13.43,Accessories,In-store,Not Returned,Medium,2254.46,VIP
997156,USB Cable,22,2021-07-23 23:00,77.97,0.26,18.83,Accessories,Online,Not Returned,Low,1715.34,VIP
251606,Wall Clock,27,2021-07-24 00:00,39.06,0.1,10.24,Accessories,Online,Not Returned,Medium,1054.62,VIP
522397,Backpack,45,2021-07-24 01:00,63.88,0.07,11.57,Accessories,In-store,Not Returned,Low,2874.6,VIP
445753,Backpack,37,2021-07-24 06:00,94.14,0.18,10.81,Accessories,In-store,Not Returned,Low,3483.18,VIP
677834,Notebook,42,2021-07-24 15:00,56.73,0.26,5.76,Accessories,Online,Not Returned,Low,2382.66,VIP
159980,Office Chair,17,2021-07-24 23:00,92.7,0.05,25.55,Accessories,In-store,Not Returned,Medium,1575.9,VIP
938099,Blue Pen,-44,2021-07-25 09:00,-27.43,1.7151484931623924,,Accessories,Online,Not Returned,Medium,1206.92,VIP
224338,Desk Lamp,35,2021-07-26 06:00,42.59,0.49,23.55,Accessories,In-store,Not Returned,Low,1490.65,VIP
216585,T-shirt,37,2021-07-26 12:00,74.82,0.36,24.12,Accessories,Online,Not Returned,High,2768.34,VIP
485296,Blue Pen,24,2021-07-26 15:00,51.38,0.31,16.22,Accessories,Online,Not Returned,Medium,1233.12,VIP
243635,Blue Pen,31,2021-07-26 23:00,47.98,0.16,11.29,Accessories,Online,Not Returned,Low,1487.38,VIP
849695,Notebook,43,2021-07-27 14:00,42.01,0.01,13.63,Accessories,In-store,Not Returned,Medium,1806.43,VIP
295428,Headphones,18,2021-07-28 13:00,95.74,0.2,17.02,Accessories,Online,Not Returned,High,1723.32,VIP
936542,Blue Pen,39,2021-07-29 05:00,30.45,0.24,22.91,Accessories,In-store,Not Returned,High,1187.55,VIP
735486,Wall Clock,34,2021-07-30 01:00,66.7,0.31,27.57,Accessories,Online,Not Returned,Medium,2267.8,VIP
441447,Wireless Mouse,16,2021-07-30 04:00,99.26,0.43,27.59,Accessories,In-store,Not Returned,Low,1588.16,VIP
429205,White Mug,17,2021-07-30 06:00,67.81,0.25,8.1,Accessories,Online,Not Returned,Low,1152.77,VIP
116978,T-shirt,23,2021-07-30 08:00,85.06,0.46,28.24,Accessories,Online,Not Returned,Low,1956.38,VIP
680632,Backpack,42,2021-07-30 09:00,26.11,0.16,5.76,Accessories,Online,Not Returned,Medium,1096.62,VIP
994386,T-shirt,31,2021-07-30 18:00,39.99,0.08,14.11,Accessories,Online,Not Returned,Low,1239.69,VIP
351831,USB Cable,-44,2021-07-31 10:00,-99.86,0.29,,Accessories,In-store,Not Returned,Low,4393.84,VIP
500723,Blue Pen,18,2021-07-31 18:00,97.63,0.46,27.69,Accessories,Online,Not Returned,High,1757.34,VIP
759774,Office Chair,42,2021-08-01 04:00,81.77,0.17,11.07,Accessories,Online,Not Returned,Medium,3434.34,VIP
605897,Wireless Mouse,33,2021-08-01 12:00,72.7,0.05,27.47,Accessories,In-store,Not Returned,Low,2399.1,VIP
236817,Desk Lamp,20,2021-08-01 18:00,65.25,0.05,22.05,Accessories,Online,Not Returned,Medium,1305.0,VIP
914883,Office Chair,27,2021-08-01 22:00,75.23,0.24,15.7,Accessories,Online,Not Returned,Medium,2031.21,VIP
288489,Headphones,44,2021-08-02 05:00,57.24,0.32,26.92,Accessories,Online,Not Returned,Low,2518.56,VIP
989589,Office Chair,40,2021-08-02 06:00,61.97,0.45,25.38,Accessories,In-store,Not Returned,Medium,2478.8,VIP
271840,Wall Clock,44,2021-08-02 23:00,47.76,0.34,11.57,Accessories,In-store,Returned,Medium,2101.44,VIP
324839,White Mug,38,2021-08-03 05:00,80.94,0.2,18.01,Accessories,In-store,Returned,High,3075.72,VIP
555605,Blue Pen,20,2021-08-03 21:00,75.36,0.31,19.18,Accessories,Online,Returned,Low,1507.2,VIP
309304,Headphones,41,2021-08-04 09:00,34.83,0.28,9.82,Accessories,In-store,Returned,Low,1428.03,VIP
769800,Office Chair,34,2021-08-04 16:00,57.67,0.26,26.44,Accessories,In-store,Not Returned,High,1960.78,VIP
402788,Wireless Mouse,33,2021-08-05 08:00,42.05,0.09,12.4,Accessories,Online,Not Returned,Medium,1387.65,VIP
424787,Office Chair,44,2021-08-05 09:00,46.92,0.1,14.1,Accessories,Online,Not Returned,Medium,2064.48,VIP
354084,Desk Lamp,45,2021-08-05 11:00,71.98,0.47,20.67,Accessories,Online,Not Returned,Medium,3239.1000000000004,VIP
645999,Headphones,46,2021-08-05 20:00,37.6,0.09,11.38,Accessories,Online,Returned,Medium,1729.6,VIP
874597,Wall Clock,18,2021-08-06 06:00,57.36,0.4,25.37,Accessories,Online,Returned,High,1032.48,VIP
834647,Wireless Mouse,-50,2021-08-06 09:00,-26.23,0.21,,Accessories,Online,Not Returned,Low,1311.5,VIP
129882,Blue Pen,20,2021-08-06 10:00,76.66,0.45,11.8,Accessories,In-store,Not Returned,High,1533.1999999999998,VIP
450129,Wall Clock,34,2021-08-06 16:00,60.88,0.4,16.15,Accessories,Online,Not Returned,High,2069.92,VIP
520531,USB Cable,41,2021-08-07 00:00,34.44,0.4,6.68,Accessories,In-store,Not Returned,High,1412.04,VIP
258818,Backpack,11,2021-08-07 01:00,93.16,0.02,11.57,Accessories,In-store,Not Returned,High,1024.76,VIP
789517,USB Cable,41,2021-08-07 06:00,85.74,0.28,27.45,Accessories,In-store,Not Returned,Medium,3515.34,VIP
473519,USB Cable,-22,2021-08-07 07:00,-71.28,1.5514477361211352,,Accessories,Online,Not Returned,Medium,1568.16,VIP
164829,USB Cable,49,2021-08-07 19:00,23.65,0.13,5.16,Accessories,Online,Not Returned,Low,1158.85,VIP
869890,Office Chair,18,2021-08-07 20:00,84.98,0.12,17.39,Accessories,In-store,Not Returned,Medium,1529.64,VIP
792505,Blue Pen,48,2021-08-08 01:00,44.85,0.03,24.49,Accessories,In-store,Not Returned,High,2152.8,VIP
471178,T-shirt,25,2021-08-08 12:00,96.91,0.27,29.52,Accessories,In-store,Not Returned,High,2422.75,VIP
120951,Office Chair,46,2021-08-08 14:00,89.71,0.33,5.78,Accessories,Online,Not Returned,High,4126.66,VIP
867522,T-shirt,22,2021-08-10 06:00,80.3,0.29,12.29,Accessories,In-store,Not Returned,High,1766.6,VIP
839280,Headphones,43,2021-08-10 13:00,95.62,0.31,26.18,Accessories,Online,Not Returned,High,4111.66,VIP
445535,Desk Lamp,23,2021-08-10 14:00,79.93,0.45,26.75,Accessories,Online,Not Returned,High,1838.39,VIP
387120,T-shirt,24,2021-08-11 04:00,47.85,0.39,7.48,Accessories,Online,Not Returned,Low,1148.4,VIP
903083,Wall Clock,32,2021-08-11 12:00,83.61,0.33,12.52,Accessories,In-store,Not Returned,High,2675.52,VIP
567002,Headphones,46,2021-08-12 05:00,63.9,0.21,6.73,Accessories,Online,Not Returned,High,2939.4,VIP
400282,Blue Pen,17,2021-08-12 06:00,88.67,0.47,16.42,Accessories,In-store,Returned,High,1507.39,VIP
937887,Wireless Mouse,20,2021-08-12 16:00,51.19,0.02,9.19,Accessories,Online,Not Returned,Low,1023.8,VIP
439252,Notebook,39,2021-08-12 19:00,74.77,0.13,5.16,Accessories,In-store,Not Returned,High,2916.03,VIP
910993,Wall Clock,48,2021-08-13 02:00,66.22,0.21,11.42,Accessories,In-store,Not Returned,Medium,3178.56,VIP
450500,Wall Clock,29,2021-08-13 12:00,97.84,0.16,22.7,Accessories,Online,Not Returned,Low,2837.36,VIP
557519,T-shirt,40,2021-08-14 02:00,36.12,0.2,11.28,Accessories,Online,Not Returned,Low,1444.8,VIP
411207,Blue Pen,33,2021-08-14 04:00,62.15,0.18,20.98,Accessories,Online,Not Returned,High,2050.95,VIP
884184,Headphones,18,2021-08-14 06:00,73.34,0.14,27.37,Accessories,In-store,Not Returned,Low,1320.12,VIP
545331,Wall Clock,14,2021-08-14 21:00,72.83,0.12,15.74,Accessories,Online,Not Returned,Medium,1019.62,VIP
349465,Desk Lamp,29,2021-08-15 01:00,35.54,0.46,24.09,Accessories,In-store,Not Returned,Low,1030.66,VIP
158031,Office Chair,23,2021-08-15 09:00,57.97,0.1,5.34,Accessories,Online,Not Returned,Low,1333.31,VIP
516673,Office Chair,42,2021-08-15 15:00,63.99,0.22,19.58,Accessories,In-store,Not Returned,Low,2687.58,VIP
255223,Wall Clock,34,2021-08-16 14:00,55.98,0.2,13.02,Accessories,In-store,Not Returned,Medium,1903.32,VIP
213920,Headphones,16,2021-08-17 14:00,62.59,0.44,21.21,Accessories,Online,Not Returned,Medium,1001.44,VIP
853266,White Mug,20,2021-08-17 20:00,82.9,0.2,15.05,Accessories,In-store,Not Returned,Medium,1658.0,VIP
124918,USB Cable,45,2021-08-17 21:00,57.78,0.09,22.19,Accessories,Online,Not Returned,Medium,2600.1,VIP
571386,Desk Lamp,44,2021-08-18 12:00,34.72,0.38,6.08,Accessories,In-store,Not Returned,Medium,1527.6799999999998,VIP
228279,White Mug,42,2021-08-18 17:00,35.77,0.31,10.13,Accessories,In-store,Not Returned,Medium,1502.34,VIP
152132,Wireless Mouse,45,2021-08-18 21:00,29.15,0.2,26.66,Accessories,In-store,Not Returned,Low,1311.75,VIP
335892,T-shirt,38,2021-08-20 07:00,49.82,0.31,19.0,Accessories,In-store,Not Returned,Medium,1893.16,VIP
643634,Notebook,39,2021-08-21 06:00,91.6,0.28,11.31,Accessories,In-store,Not Returned,High,3572.4,VIP
449760,Wall Clock,49,2021-08-22 09:00,54.66,0.19,24.66,Accessories,Online,Not Returned,Low,2678.34,VIP
396177,Wireless Mouse,18,2021-08-22 17:00,56.05,0.46,22.96,Accessories,In-store,Not Returned,High,1008.9,VIP
112938,Wall Clock,48,2021-08-22 21:00,79.39,0.18,6.35,Accessories,In-store,Not Returned,Medium,3810.72,VIP
364418,T-shirt,28,2021-08-22 23:00,41.81,0.05,7.04,Accessories,In-store,Not Returned,High,1170.68,VIP
525031,Wireless Mouse,23,2021-08-23 01:00,90.61,0.17,16.6,Accessories,In-store,Not Returned,Medium,2084.03,VIP
773131,Office Chair,48,2021-08-23 15:00,97.9,0.04,8.0,Accessories,In-store,Not Returned,Low,4699.200000000001,VIP
348966,White Mug,18,2021-08-23 18:00,91.67,0.05,9.62,Accessories,Online,Not Returned,High,1650.06,VIP
417192,Wireless Mouse,18,2021-08-24 02:00,99.12,0.13,15.82,Accessories,In-store,Returned,Medium,1784.16,VIP
455439,Wall Clock,35,2021-08-24 03:00,53.56,0.25,29.59,Accessories,Online,Not Returned,Low,1874.6,VIP
655877,T-shirt,40,2021-08-24 06:00,59.88,0.1,28.04,Accessories,Online,Not Returned,High,2395.2000000000003,VIP
447692,Blue Pen,49,2021-08-24 17:00,28.29,0.46,9.97,Accessories,Online,Not Returned,High,1386.21,VIP
283208,Backpack,37,2021-08-25 22:00,35.7,0.39,19.05,Accessories,In-store,Not Returned,High,1320.9,VIP
899203,USB Cable,14,2021-08-26 09:00,89.38,0.49,27.82,Accessories,In-store,Not Returned,High,1251.32,VIP
555884,White Mug,38,2021-08-26 17:00,65.4,0.18,16.68,Accessories,In-store,Not Returned,Medium,2485.2000000000003,VIP
810349,Headphones,20,2021-08-27 04:00,81.58,0.33,19.29,Accessories,In-store,Not Returned,Low,1631.6,VIP
194799,USB Cable,31,2021-08-28 06:00,65.79,0.08,18.67,Accessories,Online,Not Returned,Low,2039.49,VIP
937876,Desk Lamp,27,2021-08-29 06:00,62.56,0.01,13.89,Accessories,Online,Not Returned,Medium,1689.12,VIP
161748,Wall Clock,45,2021-08-29 07:00,45.91,0.2,26.43,Accessories,In-store,Not Returned,High,2065.95,VIP
953009,Blue Pen,46,2021-08-29 18:00,62.16,0.38,7.91,Accessories,In-store,Not Returned,High,2859.36,VIP
991111,Backpack,36,2021-08-29 23:00,65.34,0.19,16.98,Accessories,Online,Not Returned,Medium,2352.24,VIP
385626,Wall Clock,24,2021-08-30 00:00,73.08,0.07,19.2,Accessories,Online,Not Returned,Medium,1753.92,VIP
491637,T-shirt,-27,2021-08-30 09:00,-64.7,0.31,,Accessories,In-store,Not Returned,High,1746.9,VIP
348827,White Mug,27,2021-08-30 12:00,64.02,0.14,9.95,Accessories,In-store,Returned,High,1728.54,VIP
444087,White Mug,23,2021-08-30 14:00,73.99,0.38,23.73,Accessories,Online,Not Returned,Low,1701.77,VIP
510275,Notebook,31,2021-08-30 16:00,61.01,0.18,23.32,Accessories,Online,Not Returned,Medium,1891.31,VIP
221831,Notebook,-43,2021-08-31 05:00,-96.39,0.42,,Accessories,Online,Not Returned,Medium,4144.77,VIP
440641,Headphones,37,2021-08-31 12:00,70.85,0.1,26.13,Accessories,Online,Not Returned,High,2621.45,VIP
291196,Wall Clock,47,2021-09-01 01:00,36.75,0.13,18.67,Accessories,In-store,Not Returned,Low,1727.25,VIP
280786,Headphones,23,2021-09-01 12:00,90.46,0.23,18.08,Accessories,Online,Not Returned,Low,2080.58,VIP
954967,Office Chair,-30,2021-09-01 15:00,-38.41,1.5417183841691604,,Accessories,Online,Not Returned,High,1152.3,VIP
851794,Wall Clock,43,2021-09-02 05:00,88.9,0.37,11.06,Accessories,Online,Not Returned,High,3822.7,VIP
616939,Wireless Mouse,39,2021-09-02 06:00,72.88,0.01,15.79,Accessories,Online,Returned,Low,2842.32,VIP
686759,Notebook,38,2021-09-02 15:00,85.48,0.47,7.64,Accessories,In-store,Not Returned,High,3248.24,VIP
191080,White Mug,25,2021-09-02 16:00,42.48,0.5,26.56,Accessories,In-store,Not Returned,Medium,1062.0,VIP
732295,White Mug,19,2021-09-02 22:00,96.74,0.09,6.8,Accessories,In-store,Not Returned,Medium,1838.06,VIP
665222,T-shirt,31,2021-09-03 00:00,32.92,0.41,18.72,Accessories,In-store,Not Returned,Low,1020.52,VIP
981037,Wall Clock,31,2021-09-03 11:00,81.3,0.21,24.05,Accessories,Online,Not Returned,Low,2520.3,VIP
781879,White Mug,34,2021-09-03 17:00,58.17,0.09,5.14,Accessories,In-store,Not Returned,Medium,1977.78,VIP
553638,Backpack,28,2021-09-04 00:00,93.69,0.36,12.61,Accessories,Online,Not Returned,Low,2623.32,VIP
594509,USB Cable,32,2021-09-04 06:00,68.2,0.2,15.42,Accessories,Online,Not Returned,Low,2182.4,VIP
305162,Wall Clock,28,2021-09-04 13:00,55.91,0.04,26.15,Accessories,Online,Not Returned,Low,1565.48,VIP
769142,White Mug,14,2021-09-05 02:00,90.75,0.01,8.13,Accessories,Online,Not Returned,Medium,1270.5,VIP
276774,Notebook,48,2021-09-05 15:00,23.92,0.26,20.24,Accessories,In-store,Not Returned,Medium,1148.16,VIP
123259,Headphones,16,2021-09-05 23:00,70.51,0.22,22.79,Accessories,Online,Returned,Low,1128.16,VIP
546799,Office Chair,47,2021-09-06 00:00,32.58,0.05,9.29,Accessories,In-store,Not Returned,Low,1531.26,VIP
396437,Wall Clock,40,2021-09-06 02:00,43.0,0.32,23.33,Accessories,Online,Not Returned,Medium,1720.0,VIP
915697,Desk Lamp,33,2021-09-06 18:00,40.12,0.32,29.41,Accessories,In-store,Returned,Medium,1323.9599999999998,VIP
433838,Notebook,46,2021-09-07 10:00,73.55,0.45,16.77,Accessories,Online,Not Returned,Low,3383.3,VIP
175010,USB Cable,43,2021-09-07 15:00,96.6,0.44,24.48,Accessories,Online,Not Returned,Low,4153.8,VIP
215018,T-shirt,30,2021-09-07 23:00,70.16,0.49,23.26,Accessories,In-store,Not Returned,Low,2104.8,VIP
154645,T-shirt,40,2021-09-08 04:00,26.49,0.5,20.04,Accessories,In-store,Not Returned,Medium,1059.6,VIP
631520,USB Cable,28,2021-09-08 05:00,39.6,0.12,22.9,Accessories,In-store,Not Returned,Medium,1108.8,VIP
571426,Headphones,26,2021-09-08 06:00,69.38,0.47,11.76,Accessories,Online,Not Returned,High,1803.88,VIP
717737,Backpack,14,2021-09-08 14:00,73.59,0.37,5.32,Accessories,In-store,Not Returned,High,1030.26,VIP
362463,Wall Clock,20,2021-09-08 18:00,93.97,0.45,14.33,Accessories,Online,Not Returned,Medium,1879.4,VIP
975094,Desk Lamp,18,2021-09-09 05:00,64.87,0.22,5.82,Accessories,Online,Not Returned,Medium,1167.66,VIP
848005,White Mug,43,2021-09-09 14:00,46.22,0.44,27.11,Accessories,In-store,Not Returned,Medium,1987.46,VIP
425259,Blue Pen,21,2021-09-09 15:00,98.9,0.03,22.16,Accessories,In-store,Returned,Medium,2076.9,VIP
405858,Notebook,48,2021-09-11 01:00,87.7,0.07,23.17,Accessories,Online,Not Returned,Medium,4209.6,VIP
180722,Desk Lamp,17,2021-09-11 02:00,75.89,0.3,26.5,Accessories,In-store,Not Returned,Low,1290.13,VIP
711340,T-shirt,37,2021-09-11 10:00,50.55,0.27,16.79,Accessories,In-store,Not Returned,Low,1870.35,VIP
362128,Backpack,27,2021-09-11 13:00,84.31,0.34,6.91,Accessories,Online,Not Returned,Low,2276.37,VIP
331572,Wireless Mouse,32,2021-09-11 23:00,38.68,0.3,15.91,Accessories,Online,Returned,High,1237.76,VIP
249177,Headphones,47,2021-09-12 03:00,59.22,0.24,9.33,Accessories,In-store,Not Returned,High,2783.34,VIP
263041,USB Cable,21,2021-09-12 06:00,86.84,0.0,19.06,Accessories,Online,Not Returned,Medium,1823.64,VIP
495032,White Mug,39,2021-09-12 08:00,42.94,0.18,19.81,Accessories,Online,Returned,Medium,1674.66,VIP
670953,Desk Lamp,30,2021-09-13 18:00,60.22,0.47,25.86,Accessories,In-store,Not Returned,Medium,1806.6,VIP
549110,Office Chair,38,2021-09-14 00:00,51.31,0.48,26.03,Accessories,In-store,Not Returned,Medium,1949.78,VIP
556566,Notebook,30,2021-09-14 15:00,64.44,0.07,17.07,Accessories,In-store,Not Returned,High,1933.2,VIP
876903,T-shirt,29,2021-09-15 09:00,49.19,0.37,22.55,Accessories,In-store,Not Returned,High,1426.51,VIP
932440,Notebook,38,2021-09-15 16:00,58.54,0.47,15.54,Accessories,In-store,Not Returned,High,2224.52,VIP
296322,Notebook,20,2021-09-16 10:00,59.71,0.46,25.81,Accessories,Online,Not Returned,High,1194.2,VIP
277696,White Mug,44,2021-09-16 15:00,94.53,0.1,20.95,Accessories,Online,Not Returned,High,4159.32,VIP
117300,USB Cable,24,2021-09-17 01:00,97.0,0.08,29.83,Accessories,Online,Not Returned,Low,2328.0,VIP
148791,USB Cable,33,2021-09-17 14:00,87.27,0.43,17.85,Accessories,Online,Not Returned,Low,2879.91,VIP
383071,Blue Pen,22,2021-09-17 23:00,49.89,0.23,10.21,Accessories,Online,Not Returned,Medium,1097.58,VIP
233624,Notebook,24,2021-09-18 19:00,55.96,0.35,14.08,Accessories,Online,Not Returned,High,1343.04,VIP
482465,Blue Pen,39,2021-09-19 04:00,67.0,0.32,22.3,Accessories,Online,Not Returned,Low,2613.0,VIP
883413,Headphones,33,2021-09-19 12:00,90.03,0.34,10.46,Accessories,Online,Not Returned,High,2970.99,VIP
846103,Notebook,27,2021-09-19 16:00,86.85,0.22,21.66,Accessories,Online,Not Returned,Medium,2344.95,VIP
780917,Notebook,42,2021-09-19 19:00,92.51,0.04,22.88,Accessories,In-store,Returned,High,3885.42,VIP
441926,Desk Lamp,32,2021-09-19 21:00,77.26,0.06,18.17,Accessories,In-store,Not Returned,Medium,2472.32,VIP
268157,Notebook,17,2021-09-19 23:00,67.33,0.29,29.41,Accessories,Online,Not Returned,High,1144.61,VIP
997371,T-shirt,46,2021-09-20 01:00,36.43,0.46,13.42,Accessories,In-store,Not Returned,Medium,1675.78,VIP
742931,Blue Pen,31,2021-09-20 04:00,90.42,0.29,24.38,Accessories,Online,Not Returned,Low,2803.02,VIP
902133,Blue Pen,43,2021-09-20 16:00,89.48,0.35,23.49,Accessories,In-store,Not Returned,High,3847.64,VIP
328495,Office Chair,46,2021-09-20 21:00,36.62,0.19,8.14,Accessories,In-store,Not Returned,High,1684.52,VIP
541259,Backpack,34,2021-09-21 03:00,84.99,0.45,14.54,Accessories,In-store,Not Returned,Low,2889.66,VIP
896787,Wall Clock,14,2021-09-21 06:00,96.08,0.33,7.4,Accessories,In-store,Not Returned,Medium,1345.12,VIP
199855,White Mug,40,2021-09-21 19:00,51.02,0.37,20.21,Accessories,Online,Not Returned,Medium,2040.8,VIP
834480,Desk Lamp,21,2021-09-21 20:00,94.69,0.41,20.68,Accessories,In-store,Not Returned,Low,1988.49,VIP
116065,Wall Clock,37,2021-09-22 05:00,77.18,0.44,12.96,Accessories,In-store,Returned,Medium,2855.6600000000003,VIP
597721,Blue Pen,48,2021-09-22 09:00,79.58,0.4,26.36,Accessories,In-store,Not Returned,Low,3819.84,VIP
414731,Desk Lamp,23,2021-09-22 15:00,80.75,0.01,22.38,Accessories,In-store,Not Returned,Medium,1857.25,VIP
645389,USB Cable,43,2021-09-22 19:00,32.16,0.11,23.89,Accessories,Online,Not Returned,Medium,1382.88,VIP
306935,Wall Clock,37,2021-09-22 21:00,39.27,0.27,17.08,Accessories,Online,Not Returned,High,1452.99,VIP
716013,Notebook,32,2021-09-23 11:00,57.25,0.18,19.18,Accessories,Online,Not Returned,Low,1832.0,VIP
444352,USB Cable,47,2021-09-23 14:00,22.87,0.23,27.65,Accessories,Online,Returned,Low,1074.89,VIP
468427,White Mug,25,2021-09-23 16:00,84.9,0.43,27.91,Accessories,In-store,Not Returned,High,2122.5,VIP
386422,Notebook,34,2021-09-24 05:00,32.6,0.42,24.27,Accessories,In-store,Not Returned,Low,1108.4,VIP
339947,Blue Pen,35,2021-09-24 20:00,41.23,0.25,9.3,Accessories,In-store,Returned,High,1443.05,VIP
131912,USB Cable,-50,2021-09-25 12:00,-72.41,0.06,,Accessories,In-store,Not Returned,Low,3620.5,VIP
378652,Backpack,44,2021-09-25 17:00,25.03,0.32,11.41,Accessories,Online,Not Returned,High,1101.3200000000002,VIP
183721,Desk Lamp,28,2021-09-26 06:00,67.17,0.3,14.42,Accessories,In-store,Not Returned,High,1880.76,VIP
636208,USB Cable,48,2021-09-26 12:00,23.19,0.33,22.61,Accessories,In-store,Not Returned,Medium,1113.12,VIP
556791,T-shirt,21,2021-09-26 14:00,48.26,0.29,23.25,Accessories,In-store,Not Returned,Low,1013.46,VIP
734795,USB Cable,45,2021-09-26 15:00,79.2,0.31,17.52,Accessories,Online,Returned,Medium,3564.0,VIP
596409,Backpack,24,2021-09-27 05:00,45.32,0.26,5.6,Accessories,Online,Not Returned,Low,1087.68,VIP
334295,Notebook,16,2021-09-29 07:00,63.41,0.43,19.79,Accessories,Online,Not Returned,Medium,1014.56,VIP
936127,Headphones,18,2021-09-29 13:00,91.13,0.31,25.53,Accessories,Online,Not Returned,Low,1640.34,VIP
633703,Backpack,36,2021-09-29 20:00,82.06,0.07,9.97,Accessories,In-store,Not Returned,High,2954.16,VIP
711926,Headphones,31,2021-09-29 22:00,52.81,0.31,29.6,Accessories,Online,Not Returned,High,1637.11,VIP
501336,Desk Lamp,36,2021-09-30 01:00,82.86,0.5,10.62,Accessories,Online,Not Returned,Medium,2982.96,VIP
421402,Blue Pen,29,2021-09-30 09:00,83.8,0.33,23.89,Accessories,In-store,Not Returned,Medium,2430.2,VIP
457509,Blue Pen,25,2021-10-01 00:00,77.27,0.41,22.62,Accessories,In-store,Not Returned,Medium,1931.75,VIP
373129,Notebook,24,2021-10-01 01:00,80.8,0.27,23.09,Accessories,Online,Not Returned,Low,1939.2,VIP
228165,Notebook,19,2021-10-01 19:00,64.02,0.45,19.14,Accessories,In-store,Not Returned,Low,1216.38,VIP
240466,Blue Pen,27,2021-10-03 07:00,76.3,0.07,28.02,Accessories,In-store,Not Returned,High,2060.1,VIP
224501,Wall Clock,23,2021-10-03 08:00,71.51,0.24,17.77,Accessories,Online,Not Returned,Low,1644.73,VIP
884516,Wireless Mouse,21,2021-10-03 09:00,81.68,0.12,6.7,Accessories,Online,Not Returned,High,1715.2800000000002,VIP
614908,Blue Pen,21,2021-10-03 16:00,48.44,0.21,6.44,Accessories,Online,Not Returned,Medium,1017.24,VIP
823809,Office Chair,29,2021-10-03 19:00,47.96,0.44,8.35,Accessories,Online,Not Returned,High,1390.84,VIP
619676,Notebook,29,2021-10-03 23:00,57.29,0.3,16.01,Accessories,Online,Not Returned,Low,1661.41,VIP
334907,Headphones,19,2021-10-05 15:00,82.34,0.36,14.75,Accessories,In-store,Not Returned,High,1564.46,VIP
958312,Headphones,47,2021-10-05 17:00,28.72,0.2,9.04,Accessories,In-store,Not Returned,Medium,1349.84,VIP
476606,Notebook,29,2021-10-05 21:00,68.77,0.13,29.07,Accessories,Online,Not Returned,High,1994.33,VIP
221266,Backpack,28,2021-10-06 01:00,84.62,0.35,10.16,Accessories,Online,Not Returned,Low,2369.36,VIP
547154,Office Chair,42,2021-10-06 07:00,88.47,0.0,15.91,Accessories,Online,Not Returned,Low,3715.74,VIP
900667,Backpack,19,2021-10-06 12:00,60.6,0.36,27.93,Accessories,Online,Not Returned,Low,1151.4,VIP
757726,USB Cable,34,2021-10-06 14:00,79.32,0.13,8.5,Accessories,In-store,Not Returned,High,2696.88,VIP
106764,Office Chair,33,2021-10-06 18:00,85.41,0.19,6.01,Accessories,In-store,Not Returned,Medium,2818.53,VIP
116292,Office Chair,46,2021-10-07 01:00,45.03,0.07,28.59,Accessories,In-store,Not Returned,High,2071.38,VIP
383083,USB Cable,32,2021-10-07 02:00,92.94,0.39,6.38,Accessories,In-store,Not Returned,Medium,2974.08,VIP
162157,Backpack,31,2021-10-07 18:00,54.83,0.36,9.74,Accessories,In-store,Not Returned,High,1699.73,VIP
210573,Wireless Mouse,44,2021-10-08 01:00,77.75,0.48,18.32,Accessories,Online,Not Returned,Medium,3421.0,VIP
118781,Blue Pen,48,2021-10-08 06:00,96.34,0.08,12.78,Accessories,Online,Not Returned,Medium,4624.32,VIP
992466,Headphones,27,2021-10-08 13:00,82.67,0.17,28.14,Accessories,In-store,Not Returned,High,2232.09,VIP
166266,White Mug,46,2021-10-08 20:00,62.98,0.43,22.59,Accessories,In-store,Not Returned,High,2897.08,VIP
826547,Blue Pen,12,2021-10-09 14:00,89.33,0.2,11.66,Accessories,Online,Not Returned,Low,1071.96,VIP
523380,Blue Pen,37,2021-10-10 10:00,45.12,0.39,6.75,Accessories,Online,Not Returned,High,1669.4399999999998,VIP
101049,Blue Pen,29,2021-10-10 12:00,91.37,0.43,23.06,Accessories,Online,Not Returned,High,2649.73,VIP
924726,Desk Lamp,42,2021-10-11 04:00,35.15,0.3,19.48,Accessories,In-store,Returned,Medium,1476.3,VIP
697565,Backpack,40,2021-10-11 05:00,71.27,0.23,12.19,Accessories,Online,Not Returned,High,2850.8,VIP
774267,Backpack,49,2021-10-11 12:00,50.02,0.48,15.15,Accessories,Online,Not Returned,High,2450.98,VIP
279559,Desk Lamp,32,2021-10-11 14:00,89.28,0.09,21.41,Accessories,In-store,Not Returned,High,2856.96,VIP
536374,Wall Clock,40,2021-10-12 07:00,83.59,0.1,19.24,Accessories,Online,Not Returned,Low,3343.6000000000004,VIP
933230,Wall Clock,13,2021-10-12 08:00,78.55,0.07,18.54,Accessories,Online,Not Returned,Medium,1021.15,VIP
592274,Notebook,24,2021-10-13 03:00,77.19,0.2,15.9,Accessories,In-store,Not Returned,High,1852.56,VIP
941172,USB Cable,36,2021-10-13 13:00,34.02,0.25,22.68,Accessories,Online,Not Returned,Low,1224.72,VIP
495135,T-shirt,44,2021-10-13 18:00,97.67,0.35,29.58,Accessories,Online,Not Returned,High,4297.4800000000005,VIP
281142,Office Chair,24,2021-10-13 19:00,50.07,0.36,22.64,Accessories,In-store,Not Returned,Medium,1201.68,VIP
773400,Headphones,15,2021-10-14 12:00,72.78,0.0,10.92,Accessories,Online,Returned,Low,1091.7,VIP
152055,Blue Pen,16,2021-10-15 00:00,68.62,0.02,27.44,Accessories,Online,Not Returned,High,1097.92,VIP
751666,Wireless Mouse,48,2021-10-15 03:00,22.86,0.21,10.02,Accessories,Online,Not Returned,Medium,1097.28,VIP
187687,Wall Clock,26,2021-10-15 05:00,84.01,0.49,22.59,Accessories,Online,Not Returned,High,2184.26,VIP
465721,Wireless Mouse,33,2021-10-16 10:00,90.57,0.26,16.58,Accessories,In-store,Not Returned,Low,2988.81,VIP
244535,Office Chair,13,2021-10-16 22:00,98.94,0.12,22.99,Accessories,In-store,Not Returned,Low,1286.22,VIP
780834,Wireless Mouse,37,2021-10-17 00:00,38.35,0.11,9.59,Accessories,In-store,Not Returned,Low,1418.95,VIP
422666,USB Cable,18,2021-10-18 11:00,67.54,0.34,10.13,Accessories,Online,Not Returned,Low,1215.72,VIP
599920,Wall Clock,20,2021-10-19 13:00,90.67,0.38,17.91,Accessories,Online,Not Returned,Low,1813.4,VIP
145704,Headphones,23,2021-10-19 16:00,99.7,0.44,23.65,Accessories,In-store,Not Returned,Low,2293.1,VIP
361757,Desk Lamp,31,2021-10-20 08:00,66.37,0.1,18.06,Accessories,Online,Not Returned,Low,2057.4700000000003,VIP
850909,Blue Pen,48,2021-10-20 12:00,62.16,0.16,12.56,Accessories,Online,Not Returned,Medium,2983.68,VIP
870569,Blue Pen,46,2021-10-21 11:00,72.86,0.45,11.85,Accessories,In-store,Not Returned,High,3351.56,VIP
445546,T-shirt,23,2021-10-21 19:00,70.26,0.11,19.83,Accessories,Online,Not Returned,Low,1615.98,VIP
404751,Backpack,19,2021-10-21 20:00,78.67,0.4,25.35,Accessories,Online,Not Returned,Low,1494.73,VIP
616754,Backpack,37,2021-10-22 13:00,46.66,0.1,28.98,Accessories,Online,Not Returned,Low,1726.4199999999998,VIP
727475,Wireless Mouse,29,2021-10-23 07:00,54.19,0.11,21.83,Accessories,In-store,Not Returned,High,1571.51,VIP
640027,Desk Lamp,19,2021-10-23 10:00,54.92,0.48,12.89,Accessories,In-store,Not Returned,High,1043.48,VIP
738588,White Mug,20,2021-10-24 00:00,81.0,0.26,26.06,Accessories,Online,Not Returned,Medium,1620.0,VIP
291012,USB Cable,33,2021-10-24 02:00,62.91,0.17,7.9,Accessories,In-store,Not Returned,High,2076.03,VIP
473690,White Mug,39,2021-10-25 02:00,53.96,0.48,22.11,Accessories,In-store,Not Returned,Low,2104.44,VIP
730077,White Mug,38,2021-10-26 13:00,83.3,0.07,10.21,Accessories,In-store,Not Returned,Low,3165.4,VIP
345289,Wireless Mouse,47,2021-10-26 21:00,75.47,0.26,10.44,Accessories,In-store,Not Returned,Low,3547.09,VIP
885566,Desk Lamp,17,2021-10-27 18:00,59.55,0.36,20.46,Accessories,Online,Not Returned,Medium,1012.35,VIP
344413,Blue Pen,44,2021-10-28 00:00,74.72,0.29,27.85,Accessories,In-store,Returned,Medium,3287.68,VIP
135109,Notebook,19,2021-10-28 10:00,79.19,0.34,19.87,Accessories,In-store,Not Returned,Medium,1504.61,VIP
501679,T-shirt,20,2021-10-29 07:00,73.15,0.17,23.89,Accessories,Online,Not Returned,Low,1463.0,VIP
782286,USB Cable,44,2021-10-30 01:00,62.53,0.46,28.58,Accessories,Online,Not Returned,Medium,2751.32,VIP
844067,Wall Clock,15,2021-10-30 20:00,83.51,0.31,14.53,Accessories,Online,Not Returned,Low,1252.65,VIP
659274,Office Chair,12,2021-10-31 06:00,87.73,0.01,28.54,Accessories,Online,Returned,Low,1052.76,VIP
925177,USB Cable,44,2021-10-31 20:00,34.86,0.39,27.24,Accessories,In-store,Not Returned,High,1533.84,VIP
810293,Wall Clock,30,2021-11-01 04:00,89.86,0.42,14.92,Accessories,Online,Not Returned,Medium,2695.8,VIP
308920,Blue Pen,24,2021-11-01 12:00,48.4,0.39,21.35,Accessories,In-store,Not Returned,Low,1161.6,VIP
911441,Wall Clock,26,2021-11-01 19:00,63.1,0.46,5.07,Accessories,Online,Not Returned,Low,1640.6,VIP
936673,White Mug,30,2021-11-01 21:00,68.88,0.3,21.93,Accessories,Online,Returned,Medium,2066.4,VIP
167546,White Mug,44,2021-11-02 18:00,51.51,0.16,28.29,Accessories,Online,Not Returned,Low,2266.44,VIP
804582,Blue Pen,24,2021-11-03 07:00,56.11,0.17,9.94,Accessories,In-store,Not Returned,Low,1346.64,VIP
550626,Headphones,35,2021-11-03 12:00,73.81,0.46,23.23,Accessories,In-store,Not Returned,Low,2583.35,VIP
379477,Office Chair,28,2021-11-04 02:00,67.52,0.34,7.81,Accessories,In-store,Not Returned,Low,1890.56,VIP
437819,Notebook,34,2021-11-04 12:00,56.25,0.07,24.99,Accessories,Online,Not Returned,Low,1912.5,VIP
691952,USB Cable,42,2021-11-04 14:00,98.11,0.2,26.49,Accessories,Online,Not Returned,High,4120.62,VIP
510749,T-shirt,40,2021-11-04 20:00,31.4,0.08,17.53,Accessories,In-store,Not Returned,Low,1256.0,VIP
427608,Desk Lamp,23,2021-11-05 05:00,95.7,0.43,13.39,Accessories,Online,Returned,Low,2201.1,VIP
586383,Desk Lamp,32,2021-11-06 11:00,81.78,0.19,26.19,Accessories,Online,Not Returned,High,2616.96,VIP
900019,Headphones,19,2021-11-06 13:00,67.55,0.37,20.69,Accessories,In-store,Not Returned,Medium,1283.45,VIP
596586,Wireless Mouse,47,2021-11-06 20:00,66.52,0.4,24.98,Accessories,Online,Returned,Medium,3126.44,VIP
428443,Blue Pen,41,2021-11-07 03:00,55.34,0.18,11.59,Accessories,In-store,Not Returned,Low,2268.94,VIP
924026,Notebook,28,2021-11-08 11:00,70.31,0.2,21.8,Accessories,Online,Not Returned,High,1968.68,VIP
323023,White Mug,42,2021-11-10 08:00,92.67,0.11,8.23,Accessories,Online,Not Returned,High,3892.14,VIP
260966,Backpack,48,2021-11-10 14:00,67.82,0.06,13.2,Accessories,Online,Not Returned,Low,3255.36,VIP
285639,Headphones,14,2021-11-10 17:00,76.99,0.21,6.0,Accessories,Online,Returned,High,1077.86,VIP
891511,Headphones,33,2021-11-10 20:00,48.11,0.12,29.15,Accessories,In-store,Not Returned,Medium,1587.63,VIP
518810,Notebook,36,2021-11-11 00:00,47.02,0.03,22.06,Accessories,Online,Not Returned,High,1692.72,VIP
676106,T-shirt,31,2021-11-11 07:00,97.24,0.41,19.36,Accessories,Online,Not Returned,Low,3014.44,VIP
508117,White Mug,38,2021-11-11 15:00,40.56,0.31,27.07,Accessories,Online,Not Returned,Low,1541.2800000000002,VIP
975247,T-shirt,47,2021-11-11 16:00,87.32,0.38,10.68,Accessories,In-store,Not Returned,High,4104.04,VIP
608715,Wall Clock,40,2021-11-12 07:00,62.12,0.31,15.61,Accessories,In-store,Not Returned,Low,2484.8,VIP
308467,Headphones,40,2021-11-12 16:00,34.58,0.16,23.97,Accessories,In-store,Not Returned,Medium,1383.1999999999998,VIP
797845,Wireless Mouse,19,2021-11-12 21:00,93.58,0.22,19.36,Accessories,In-store,Not Returned,High,1778.02,VIP
825772,Notebook,35,2021-11-13 00:00,30.84,0.48,16.24,Accessories,In-store,Not Returned,Low,1079.4,VIP
873408,Wall Clock,20,2021-11-14 01:00,50.7,0.21,20.52,Accessories,In-store,Not Returned,Low,1014.0,VIP
579818,Backpack,40,2021-11-14 03:00,66.63,0.07,26.18,Accessories,Online,Not Returned,Low,2665.2,VIP
109695,Blue Pen,46,2021-11-14 11:00,84.21,0.13,25.69,Accessories,In-store,Not Returned,Medium,3873.66,VIP
304573,USB Cable,36,2021-11-15 06:00,41.79,0.15,26.72,Accessories,Online,Returned,High,1504.44,VIP
862372,White Mug,35,2021-11-15 09:00,75.06,0.38,27.22,Accessories,Online,Not Returned,Medium,2627.1,VIP
399140,Headphones,19,2021-11-15 14:00,68.13,0.26,28.99,Accessories,In-store,Not Returned,Medium,1294.4699999999998,VIP
746484,USB Cable,-13,2021-11-15 16:00,-89.32,1.8210013878581544,,Accessories,In-store,Not Returned,Medium,1161.16,VIP
115861,Blue Pen,42,2021-11-17 14:00,48.98,0.05,24.88,Accessories,In-store,Not Returned,High,2057.16,VIP
436279,Headphones,42,2021-11-17 19:00,67.32,0.39,28.16,Accessories,In-store,Not Returned,Medium,2827.44,VIP
144397,Backpack,48,2021-11-18 04:00,88.84,0.02,24.34,Accessories,Online,Not Returned,Low,4264.32,VIP
950297,Desk Lamp,26,2021-11-18 06:00,76.62,0.46,27.86,Accessories,In-store,Not Returned,Low,1992.12,VIP
258795,Notebook,23,2021-11-18 13:00,87.26,0.31,28.59,Accessories,In-store,Not Returned,Low,2006.98,VIP
680520,Office Chair,43,2021-11-18 21:00,73.81,0.48,15.02,Accessories,Online,Not Returned,High,3173.83,VIP
125968,Notebook,28,2021-11-19 07:00,61.62,0.38,27.09,Accessories,Online,Not Returned,Medium,1725.36,VIP
433735,White Mug,42,2021-11-21 05:00,78.51,0.36,28.23,Accessories,In-store,Not Returned,Low,3297.42,VIP
261686,Backpack,15,2021-11-21 15:00,87.82,0.15,9.75,Accessories,Online,Not Returned,Low,1317.3,VIP
641889,T-shirt,-29,2021-11-21 17:00,-92.67,1.3625520539014349,,Accessories,Online,Not Returned,Low,2687.43,VIP
859860,Wireless Mouse,31,2021-11-21 23:00,52.81,0.36,21.79,Accessories,In-store,Not Returned,Medium,1637.11,VIP
525466,Headphones,22,2021-11-22 21:00,73.56,0.16,7.85,Accessories,In-store,Not Returned,Low,1618.3200000000002,VIP
733245,Desk Lamp,30,2021-11-24 01:00,74.47,0.2,25.86,Accessories,Online,Not Returned,Low,2234.1,VIP
367825,Blue Pen,30,2021-11-24 05:00,37.17,0.4,29.68,Accessories,In-store,Not Returned,High,1115.1,VIP
259224,Notebook,47,2021-11-24 10:00,60.81,0.03,17.69,Accessories,Online,Not Returned,High,2858.07,VIP
947833,Notebook,38,2021-11-24 16:00,30.06,0.35,7.22,Accessories,In-store,Not Returned,Low,1142.28,VIP
292386,USB Cable,29,2021-11-24 21:00,85.34,0.49,27.0,Accessories,In-store,Not Returned,High,2474.86,VIP
839568,Office Chair,37,2021-11-25 01:00,68.21,0.43,21.03,Accessories,In-store,Not Returned,Medium,2523.77,VIP
281644,Headphones,25,2021-11-25 05:00,80.57,0.19,12.93,Accessories,In-store,Not Returned,Medium,2014.25,VIP
654393,T-shirt,20,2021-11-25 09:00,66.66,0.43,5.24,Accessories,Online,Not Returned,Medium,1333.1999999999998,VIP
990648,Desk Lamp,39,2021-11-26 21:00,92.49,0.25,24.89,Accessories,In-store,Not Returned,High,3607.11,VIP
510372,Backpack,38,2021-11-27 05:00,47.57,0.45,7.13,Accessories,In-store,Not Returned,Medium,1807.66,VIP
587801,Office Chair,36,2021-11-27 09:00,98.09,0.34,12.92,Accessories,In-store,Not Returned,Low,3531.24,VIP
531838,Office Chair,49,2021-11-28 16:00,45.64,0.32,17.2,Accessories,In-store,Not Returned,High,2236.36,VIP
759966,Blue Pen,37,2021-11-28 22:00,97.79,0.49,5.77,Accessories,Online,Not Returned,Low,3618.23,VIP
738668,White Mug,35,2021-11-29 00:00,33.02,0.36,22.37,Accessories,In-store,Not Returned,Medium,1155.7,VIP
155746,Wall Clock,21,2021-11-29 10:00,70.44,0.12,23.86,Accessories,Online,Returned,High,1479.24,VIP
390320,Notebook,23,2021-11-29 16:00,96.45,0.42,24.21,Accessories,In-store,Not Returned,Medium,2218.35,VIP
748843,Wall Clock,47,2021-11-29 23:00,61.16,0.39,27.12,Accessories,Online,Not Returned,High,2874.52,VIP
316897,Wall Clock,16,2021-11-30 02:00,81.49,0.18,11.69,Accessories,Online,Returned,Medium,1303.84,VIP
193878,Headphones,31,2021-11-30 06:00,48.89,0.16,5.34,Accessories,In-store,Not Returned,Low,1515.59,VIP
126014,T-shirt,41,2021-11-30 22:00,29.07,0.21,28.68,Accessories,Online,Not Returned,High,1191.87,VIP
590339,Desk Lamp,15,2021-12-01 05:00,76.36,0.09,25.75,Accessories,Online,Not Returned,High,1145.4,VIP
570336,Backpack,29,2021-12-02 15:00,91.23,0.37,7.82,Accessories,Online,Not Returned,Medium,2645.67,VIP
252566,Headphones,31,2021-12-03 01:00,57.81,0.34,28.7,Accessories,Online,Not Returned,High,1792.11,VIP
612164,Notebook,36,2021-12-03 17:00,56.51,0.02,23.16,Accessories,Online,Not Returned,High,2034.36,VIP
116473,Wireless Mouse,22,2021-12-03 22:00,46.09,0.01,19.62,Accessories,In-store,Not Returned,Low,1013.98,VIP
608252,Notebook,27,2021-12-04 03:00,85.4,0.3,22.56,Accessories,Online,Not Returned,Medium,2305.8,VIP
398964,USB Cable,37,2021-12-04 05:00,37.12,0.32,29.15,Accessories,Online,Not Returned,Medium,1373.4399999999998,VIP
419733,Backpack,41,2021-12-04 07:00,75.15,0.43,27.93,Accessories,In-store,Not Returned,Medium,3081.15,VIP
766217,Blue Pen,47,2021-12-05 03:00,83.89,0.38,25.74,Accessories,In-store,Not Returned,Low,3942.83,VIP
879685,Headphones,28,2021-12-06 15:00,59.52,0.2,18.58,Accessories,In-store,Not Returned,High,1666.5600000000002,VIP
778797,Backpack,22,2021-12-06 16:00,52.18,0.12,10.62,Accessories,Online,Not Returned,Medium,1147.96,VIP
772709,T-shirt,21,2021-12-06 21:00,60.57,0.15,28.06,Accessories,In-store,Not Returned,Low,1271.97,VIP
565139,T-shirt,45,2021-12-07 04:00,80.65,0.25,17.1,Accessories,Online,Not Returned,Low,3629.250000000001,VIP
532509,Office Chair,33,2021-12-07 06:00,61.92,0.2,15.87,Accessories,In-store,Not Returned,High,2043.36,VIP
200647,Blue Pen,24,2021-12-07 15:00,96.22,0.07,21.12,Accessories,In-store,Returned,Medium,2309.28,VIP
367544,Notebook,18,2021-12-08 01:00,58.92,0.21,14.27,Accessories,In-store,Not Returned,High,1060.56,VIP
280557,T-shirt,40,2021-12-09 03:00,89.37,0.15,22.25,Accessories,In-store,Not Returned,Low,3574.8,VIP
740360,White Mug,23,2021-12-09 15:00,79.55,0.25,10.38,Accessories,In-store,Not Returned,Low,1829.65,VIP
336028,Notebook,41,2021-12-09 17:00,42.24,0.17,10.26,Accessories,Online,Not Returned,Low,1731.84,VIP
977742,Blue Pen,48,2021-12-09 20:00,51.87,0.33,13.13,Accessories,Online,Not Returned,Low,2489.76,VIP
876653,Wireless Mouse,16,2021-12-09 21:00,78.54,0.13,12.93,Accessories,Online,Not Returned,Low,1256.64,VIP
447591,Wall Clock,15,2021-12-10 14:00,76.04,0.09,19.07,Accessories,Online,Returned,Low,1140.6,VIP
456459,T-shirt,33,2021-12-10 21:00,45.41,0.03,21.63,Accessories,In-store,Not Returned,Low,1498.53,VIP
608928,T-shirt,12,2021-12-11 15:00,98.8,0.43,19.73,Accessories,In-store,Not Returned,High,1185.6,VIP
568304,USB Cable,20,2021-12-12 13:00,89.38,0.16,25.2,Accessories,In-store,Not Returned,High,1787.6,VIP
294451,Desk Lamp,25,2021-12-12 21:00,92.02,0.36,18.31,Accessories,In-store,Not Returned,High,2300.5,VIP
424377,Blue Pen,39,2021-12-13 11:00,61.41,0.44,27.57,Accessories,Online,Not Returned,Medium,2394.99,VIP
707539,Wall Clock,45,2021-12-13 22:00,32.71,0.37,12.75,Accessories,Online,Not Returned,Low,1471.95,VIP
492613,Wireless Mouse,35,2021-12-14 08:00,88.01,0.47,20.79,Accessories,Online,Not Returned,High,3080.3500000000004,VIP
195149,Wireless Mouse,34,2021-12-14 17:00,54.87,0.1,6.08,Accessories,In-store,Not Returned,Low,1865.58,VIP
123466,White Mug,41,2021-12-14 21:00,37.94,0.23,8.43,Accessories,In-store,Not Returned,Low,1555.54,VIP
496904,USB Cable,26,2021-12-15 02:00,75.3,0.42,22.93,Accessories,Online,Not Returned,Medium,1957.8,VIP
502854,Wireless Mouse,39,2021-12-15 14:00,78.14,0.16,20.61,Accessories,In-store,Not Returned,High,3047.46,VIP
281136,Backpack,39,2021-12-15 17:00,68.15,0.36,28.5,Accessories,Online,Not Returned,Medium,2657.8500000000004,VIP
353301,T-shirt,22,2021-12-15 19:00,55.99,0.26,13.89,Accessories,Online,Not Returned,High,1231.78,VIP
996881,Wall Clock,44,2021-12-17 01:00,73.79,0.03,27.13,Accessories,Online,Returned,Medium,3246.76,VIP
867469,Headphones,-27,2021-12-17 08:00,-70.9,1.7997459318911009,,Accessories,In-store,Not Returned,Medium,1914.3,VIP
688730,Notebook,34,2021-12-17 23:00,68.31,0.41,5.98,Accessories,Online,Returned,Medium,2322.54,VIP
957735,T-shirt,36,2021-12-18 12:00,96.4,0.24,27.91,Accessories,In-store,Not Returned,Medium,3470.4,VIP
889285,Office Chair,46,2021-12-19 18:00,80.9,0.22,6.89,Accessories,Online,Not Returned,High,3721.4,VIP
578076,Wall Clock,26,2021-12-20 07:00,48.37,0.29,24.6,Accessories,Online,Not Returned,High,1257.62,VIP
806168,Wall Clock,45,2021-12-20 12:00,65.9,0.48,14.28,Accessories,In-store,Not Returned,Medium,2965.5000000000005,VIP
590092,Headphones,21,2021-12-21 01:00,73.51,0.23,20.31,Accessories,In-store,Not Returned,High,1543.71,VIP
766933,White Mug,33,2021-12-21 03:00,69.22,0.23,20.7,Accessories,Online,Not Returned,Medium,2284.26,VIP
685009,Desk Lamp,17,2021-12-21 12:00,71.6,0.21,14.2,Accessories,Online,Not Returned,Low,1217.1999999999998,VIP
186755,Notebook,39,2021-12-22 11:00,97.43,0.35,19.2,Accessories,In-store,Not Returned,Medium,3799.77,VIP
802726,Wireless Mouse,-14,2021-12-22 13:00,-87.77,1.7090841442263136,,Accessories,Online,Not Returned,Low,1228.78,VIP
631536,Headphones,46,2021-12-23 05:00,97.74,0.26,13.74,Accessories,Online,Not Returned,Low,4496.04,VIP
547695,Blue Pen,33,2021-12-23 10:00,51.3,0.34,23.51,Accessories,Online,Not Returned,Low,1692.9,VIP
573267,T-shirt,46,2021-12-23 18:00,59.22,0.15,10.0,Accessories,In-store,Not Returned,Medium,2724.12,VIP
477389,Blue Pen,44,2021-12-24 20:00,52.4,0.2,10.0,Accessories,In-store,Not Returned,Medium,2305.6,VIP
844314,Headphones,35,2021-12-25 03:00,95.47,0.26,12.43,Accessories,In-store,Returned,Low,3341.45,VIP
838497,Backpack,36,2021-12-26 01:00,71.41,0.43,28.05,Accessories,In-store,Not Returned,Low,2570.76,VIP
457073,Wireless Mouse,49,2021-12-26 07:00,95.09,0.14,6.83,Accessories,In-store,Not Returned,High,4659.41,VIP
988663,Headphones,14,2021-12-26 22:00,75.95,0.44,23.64,Accessories,Online,Not Returned,High,1063.3,VIP
662347,Notebook,48,2021-12-27 05:00,96.61,0.5,20.99,Accessories,In-store,Not Returned,High,4637.28,VIP
533039,Wall Clock,49,2021-12-28 05:00,63.71,0.47,9.28,Accessories,In-store,Not Returned,High,3121.79,VIP
549058,T-shirt,32,2021-12-28 06:00,86.13,0.37,18.34,Accessories,In-store,Not Returned,Medium,2756.16,VIP
816764,USB Cable,12,2021-12-28 12:00,91.65,0.44,21.9,Accessories,In-store,Not Returned,Medium,1099.8000000000002,VIP
718470,White Mug,16,2021-12-28 13:00,68.16,0.49,27.21,Accessories,Online,Not Returned,Medium,1090.56,VIP
634398,T-shirt,16,2021-12-28 21:00,67.9,0.25,14.52,Accessories,Online,Not Returned,Medium,1086.4,VIP
598864,Blue Pen,45,2021-12-28 22:00,59.46,0.4,20.76,Accessories,Online,Not Returned,Low,2675.7,VIP
806584,Backpack,48,2021-12-29 05:00,65.84,0.19,23.13,Accessories,In-store,Not Returned,Medium,3160.32,VIP
248940,Backpack,22,2021-12-29 11:00,78.47,0.37,15.05,Accessories,In-store,Not Returned,Low,1726.34,VIP
279238,Desk Lamp,17,2021-12-30 02:00,96.68,0.28,16.08,Accessories,In-store,Not Returned,Medium,1643.5600000000002,VIP
228145,Office Chair,44,2021-12-30 18:00,32.08,0.21,7.91,Accessories,In-store,Not Returned,Medium,1411.52,VIP
985188,Headphones,38,2021-12-31 16:00,96.27,0.25,18.03,Accessories,In-store,Returned,Medium,3658.26,VIP
237039,White Mug,32,2021-12-31 20:00,70.16,0.01,18.54,Accessories,Online,Not Returned,High,2245.12,VIP
716108,Desk Lamp,41,2022-01-02 02:00,84.85,0.06,9.21,Accessories,Online,Not Returned,Medium,3478.85,VIP
633754,Wall Clock,42,2022-01-02 09:00,95.71,0.26,26.76,Accessories,In-store,Not Returned,Medium,4019.82,VIP
646938,Blue Pen,42,2022-01-02 19:00,83.16,0.18,14.89,Accessories,Online,Not Returned,Medium,3492.72,VIP
897115,Notebook,33,2022-01-02 22:00,89.02,0.03,14.51,Accessories,Online,Not Returned,High,2937.66,VIP
629148,T-shirt,27,2022-01-03 02:00,96.5,0.23,18.21,Accessories,Online,Not Returned,High,2605.5,VIP
893387,USB Cable,26,2022-01-03 12:00,65.62,0.34,5.2,Accessories,Online,Not Returned,Low,1706.12,VIP
978836,Desk Lamp,31,2022-01-04 05:00,66.15,0.29,7.22,Accessories,In-store,Not Returned,Medium,2050.65,VIP
347145,Backpack,37,2022-01-04 07:00,77.37,0.23,17.42,Accessories,In-store,Not Returned,Medium,2862.69,VIP
302252,Notebook,30,2022-01-04 20:00,97.48,0.06,10.23,Accessories,Online,Not Returned,Medium,2924.4,VIP
436940,Wall Clock,14,2022-01-05 00:00,89.4,0.14,29.53,Accessories,In-store,Not Returned,Low,1251.6,VIP
941024,T-shirt,17,2022-01-05 01:00,61.18,0.17,7.72,Accessories,Online,Not Returned,High,1040.06,VIP
484325,Office Chair,35,2022-01-05 03:00,29.82,0.29,7.85,Accessories,Online,Not Returned,High,1043.7,VIP
289913,Notebook,24,2022-01-05 09:00,87.2,0.35,18.5,Accessories,Online,Not Returned,Low,2092.8,VIP
268377,Blue Pen,37,2022-01-05 18:00,50.3,0.34,23.11,Accessories,In-store,Not Returned,Low,1861.1,VIP
940249,Wireless Mouse,26,2022-01-06 08:00,77.86,0.0,27.42,Accessories,In-store,Returned,High,2024.36,VIP
688085,Backpack,44,2022-01-06 19:00,80.69,0.05,8.79,Accessories,In-store,Not Returned,High,3550.36,VIP
403895,White Mug,44,2022-01-07 17:00,82.87,0.27,17.87,Accessories,In-store,Not Returned,Medium,3646.28,VIP
747659,Wireless Mouse,35,2022-01-08 08:00,29.5,0.21,19.55,Accessories,In-store,Not Returned,High,1032.5,VIP
888049,Headphones,35,2022-01-08 10:00,36.03,0.44,6.68,Accessories,Online,Not Returned,Low,1261.05,VIP
595951,USB Cable,44,2022-01-09 09:00,52.26,0.38,8.79,Accessories,In-store,Not Returned,Medium,2299.44,VIP
122873,Backpack,18,2022-01-09 16:00,86.55,0.5,5.76,Accessories,In-store,Not Returned,High,1557.9,VIP
720417,USB Cable,38,2022-01-10 06:00,52.74,0.27,9.73,Accessories,Online,Not Returned,High,2004.12,VIP
441925,Wall Clock,13,2022-01-10 17:00,76.94,0.37,28.38,Accessories,In-store,Not Returned,Low,1000.22,VIP
106457,T-shirt,20,2022-01-10 18:00,51.45,0.11,12.05,Accessories,In-store,Not Returned,High,1029.0,VIP
133064,Wall Clock,-19,2022-01-10 19:00,-90.24,1.7979890971735977,,Accessories,In-store,Returned,Low,1714.56,VIP
189142,Notebook,23,2022-01-11 10:00,57.96,0.06,15.77,Accessories,In-store,Not Returned,High,1333.08,VIP
968859,T-shirt,27,2022-01-11 16:00,41.5,0.46,25.85,Accessories,In-store,Not Returned,Medium,1120.5,VIP
838165,Office Chair,19,2022-01-11 20:00,62.24,0.21,14.84,Accessories,Online,Not Returned,Low,1182.56,VIP
367014,Headphones,30,2022-01-11 23:00,62.75,0.44,19.78,Accessories,In-store,Not Returned,Low,1882.5,VIP
906560,White Mug,18,2022-01-12 08:00,66.49,0.13,22.88,Accessories,Online,Not Returned,Medium,1196.82,VIP
250619,Wireless Mouse,27,2022-01-12 16:00,58.02,0.23,14.75,Accessories,In-store,Not Returned,Medium,1566.5400000000002,VIP
334152,Backpack,27,2022-01-12 20:00,44.69,0.22,16.88,Accessories,Online,Not Returned,High,1206.63,VIP
955938,White Mug,34,2022-01-13 00:00,58.0,0.33,5.12,Accessories,In-store,Not Returned,Low,1972.0,VIP
389647,White Mug,25,2022-01-13 16:00,84.89,0.08,20.56,Accessories,Online,Not Returned,Low,2122.25,VIP
786779,Backpack,16,2022-01-14 02:00,94.72,0.12,14.44,Accessories,Online,Not Returned,Medium,1515.52,VIP
165195,Backpack,28,2022-01-14 03:00,82.98,0.22,28.04,Accessories,In-store,Not Returned,Medium,2323.44,VIP
885608,Backpack,26,2022-01-14 08:00,96.52,0.18,25.46,Accessories,Online,Not Returned,High,2509.52,VIP
111755,Blue Pen,36,2022-01-14 13:00,77.09,0.18,12.67,Accessories,Online,Not Returned,Medium,2775.24,VIP
741067,Desk Lamp,35,2022-01-15 03:00,48.83,0.15,26.62,Accessories,Online,Not Returned,Medium,1709.05,VIP
792727,T-shirt,23,2022-01-15 05:00,67.82,0.03,25.43,Accessories,In-store,Not Returned,High,1559.86,VIP
846403,Backpack,23,2022-01-16 05:00,88.63,0.47,13.11,Accessories,Online,Not Returned,High,2038.49,VIP
886408,Desk Lamp,45,2022-01-16 13:00,26.29,0.33,12.17,Accessories,Online,Not Returned,Medium,1183.05,VIP
443671,T-shirt,43,2022-01-18 05:00,92.04,0.18,13.61,Accessories,In-store,Not Returned,Low,3957.72,VIP
493781,Desk Lamp,26,2022-01-19 09:00,77.55,0.14,17.29,Accessories,In-store,Not Returned,Medium,2016.3,VIP
185687,Wireless Mouse,46,2022-01-19 20:00,38.62,0.25,28.53,Accessories,Online,Not Returned,Medium,1776.52,VIP
664562,Wireless Mouse,45,2022-01-19 22:00,31.84,0.22,16.58,Accessories,Online,Not Returned,Medium,1432.8,VIP
481688,T-shirt,40,2022-01-20 08:00,86.07,0.17,13.61,Accessories,In-store,Not Returned,Low,3442.8,VIP
880768,Headphones,23,2022-01-20 10:00,91.51,0.03,24.67,Accessories,Online,Returned,Low,2104.73,VIP
687270,Headphones,19,2022-01-20 12:00,57.74,0.46,24.32,Accessories,Online,Not Returned,Low,1097.06,VIP
662781,Wall Clock,31,2022-01-20 17:00,35.43,0.37,29.21,Accessories,In-store,Returned,Medium,1098.33,VIP
397625,USB Cable,49,2022-01-21 01:00,93.84,0.45,18.88,Accessories,Online,Not Returned,High,4598.16,VIP
434192,Desk Lamp,36,2022-01-21 05:00,72.73,0.14,18.98,Accessories,Online,Not Returned,Low,2618.28,VIP
862301,Headphones,38,2022-01-21 20:00,96.94,0.25,6.08,Accessories,Online,Not Returned,High,3683.72,VIP
720656,Desk Lamp,49,2022-01-21 21:00,87.21,0.18,13.29,Accessories,Online,Not Returned,Low,4273.29,VIP
670179,T-shirt,18,2022-01-21 22:00,60.89,0.43,23.55,Accessories,Online,Not Returned,High,1096.02,VIP
576728,Notebook,30,2022-01-22 00:00,42.23,0.44,23.76,Accessories,Online,Not Returned,Low,1266.9,VIP
904406,Wireless Mouse,25,2022-01-22 09:00,92.32,0.21,28.95,Accessories,Online,Not Returned,Low,2308.0,VIP
204997,White Mug,15,2022-01-23 09:00,86.19,0.05,25.46,Accessories,In-store,Not Returned,Low,1292.85,VIP
467057,USB Cable,48,2022-01-23 14:00,51.4,0.43,24.7,Accessories,Online,Not Returned,Medium,2467.2,VIP
142082,Wireless Mouse,-41,2022-01-23 15:00,-67.11,1.1257478779017145,,Accessories,In-store,Not Returned,Low,2751.51,VIP
984747,T-shirt,17,2022-01-23 18:00,77.1,0.02,10.78,Accessories,In-store,Not Returned,Medium,1310.6999999999998,VIP
191860,Office Chair,14,2022-01-23 22:00,75.8,0.2,18.96,Accessories,In-store,Not Returned,Medium,1061.2,VIP
500404,White Mug,47,2022-01-24 09:00,95.19,0.04,19.05,Accessories,In-store,Not Returned,High,4473.93,VIP
712665,T-shirt,39,2022-01-25 02:00,97.34,0.31,28.43,Accessories,Online,Not Returned,High,3796.26,VIP
593301,Desk Lamp,45,2022-01-25 09:00,33.11,0.18,23.35,Accessories,Online,Not Returned,Low,1489.95,VIP
633963,Notebook,18,2022-01-25 21:00,58.9,0.13,14.95,Accessories,In-store,Returned,Medium,1060.2,VIP
189590,Desk Lamp,32,2022-01-25 22:00,41.76,0.25,26.45,Accessories,In-store,Returned,Medium,1336.32,VIP
922457,Desk Lamp,24,2022-01-26 10:00,81.09,0.24,16.61,Accessories,Online,Not Returned,Medium,1946.16,VIP
756341,Blue Pen,43,2022-01-26 13:00,83.48,0.04,12.71,Accessories,In-store,Returned,High,3589.6400000000003,VIP
196453,Desk Lamp,16,2022-01-27 12:00,76.74,0.31,16.75,Accessories,Online,Not Returned,Low,1227.84,VIP
637488,Blue Pen,37,2022-01-27 20:00,51.98,0.13,12.98,Accessories,In-store,Not Returned,High,1923.26,VIP
555235,Blue Pen,35,2022-01-28 09:00,32.5,0.32,21.89,Accessories,Online,Not Returned,High,1137.5,VIP
925613,Headphones,15,2022-01-29 16:00,85.94,0.08,15.0,Accessories,In-store,Returned,Low,1289.1,VIP
861654,Headphones,22,2022-01-29 18:00,68.08,0.15,14.86,Accessories,In-store,Not Returned,Low,1497.76,VIP
229745,Headphones,37,2022-01-31 03:00,29.67,0.19,13.69,Accessories,Online,Not Returned,Medium,1097.79,VIP
651374,T-shirt,48,2022-01-31 08:00,46.96,0.44,29.67,Accessories,In-store,Not Returned,High,2254.08,VIP
774035,Backpack,34,2022-01-31 14:00,38.34,0.23,10.12,Accessories,Online,Not Returned,Low,1303.5600000000002,VIP
160664,Blue Pen,13,2022-01-31 15:00,80.36,0.32,20.66,Accessories,In-store,Not Returned,Medium,1044.68,VIP
867018,Wall Clock,38,2022-01-31 19:00,59.87,0.2,7.39,Accessories,In-store,Not Returned,High,2275.06,VIP
108981,Notebook,31,2022-02-01 06:00,78.42,0.03,9.87,Accessories,In-store,Not Returned,High,2431.02,VIP
832119,Blue Pen,47,2022-02-03 00:00,94.76,0.12,19.06,Accessories,Online,Returned,High,4453.72,VIP
116220,Wireless Mouse,41,2022-02-03 01:00,55.42,0.02,26.49,Accessories,In-store,Not Returned,Medium,2272.2200000000003,VIP
504364,USB Cable,41,2022-02-03 18:00,57.2,0.01,28.37,Accessories,Online,Not Returned,Medium,2345.2000000000003,VIP
717997,White Mug,47,2022-02-04 12:00,52.65,0.24,8.06,Accessories,Online,Not Returned,Medium,2474.55,VIP
471467,Backpack,42,2022-02-04 18:00,37.1,0.04,23.53,Accessories,In-store,Not Returned,Medium,1558.2,VIP
320013,Wireless Mouse,33,2022-02-04 22:00,69.11,0.41,19.49,Accessories,Online,Not Returned,Low,2280.63,VIP
763162,T-shirt,46,2022-02-06 14:00,69.31,0.04,24.3,Accessories,In-store,Not Returned,Medium,3188.26,VIP
520129,Desk Lamp,15,2022-02-06 16:00,84.63,0.0,20.33,Accessories,Online,Returned,Low,1269.4499999999998,VIP
794058,White Mug,14,2022-02-07 07:00,90.7,0.33,25.74,Accessories,Online,Not Returned,Low,1269.8,VIP
704146,Office Chair,39,2022-02-07 16:00,38.86,0.32,27.11,Accessories,Online,Not Returned,Low,1515.54,VIP
232871,Wireless Mouse,28,2022-02-08 00:00,70.98,0.12,23.77,Accessories,In-store,Not Returned,High,1987.44,VIP
659836,Office Chair,21,2022-02-08 02:00,50.24,0.5,21.86,Accessories,Online,Not Returned,High,1055.04,VIP
190450,Blue Pen,28,2022-02-08 03:00,95.53,0.23,9.14,Accessories,In-store,Returned,Low,2674.84,VIP
729957,Notebook,18,2022-02-08 04:00,80.53,0.33,6.39,Accessories,Online,Not Returned,Low,1449.54,VIP
733801,Wireless Mouse,20,2022-02-08 14:00,65.57,0.27,7.11,Accessories,Online,Not Returned,High,1311.4,VIP
564764,T-shirt,37,2022-02-08 21:00,63.0,0.07,16.5,Accessories,In-store,Not Returned,High,2331.0,VIP
619826,Desk Lamp,19,2022-02-09 09:00,60.24,0.14,29.6,Accessories,Online,Not Returned,High,1144.56,VIP
914980,Blue Pen,38,2022-02-10 00:00,42.79,0.33,8.5,Accessories,In-store,Not Returned,Low,1626.02,VIP
644043,Wall Clock,45,2022-02-10 10:00,43.9,0.44,25.39,Accessories,Online,Not Returned,Low,1975.5,VIP
421961,Headphones,23,2022-02-10 11:00,51.2,0.02,28.12,Accessories,In-store,Not Returned,High,1177.6,VIP
210675,T-shirt,30,2022-02-11 01:00,90.4,0.29,11.34,Accessories,Online,Not Returned,Low,2712.0,VIP
723944,T-shirt,23,2022-02-11 07:00,64.92,0.25,13.12,Accessories,Online,Not Returned,Low,1493.16,VIP
672854,Wireless Mouse,31,2022-02-12 20:00,62.3,0.11,5.55,Accessories,Online,Not Returned,Low,1931.3,VIP
473218,T-shirt,34,2022-02-12 23:00,52.33,0.38,13.58,Accessories,Online,Returned,Medium,1779.22,VIP
446228,Wireless Mouse,23,2022-02-13 02:00,88.59,0.09,29.66,Accessories,Online,Not Returned,Medium,2037.57,VIP
229576,Blue Pen,42,2022-02-13 19:00,99.4,0.01,12.24,Accessories,In-store,Not Returned,Medium,4174.8,VIP
477972,Wireless Mouse,39,2022-02-13 21:00,57.39,0.1,19.98,Accessories,In-store,Not Returned,Low,2238.21,VIP
320422,T-shirt,38,2022-02-14 11:00,75.28,0.25,16.83,Accessories,Online,Not Returned,Low,2860.64,VIP
641060,Headphones,30,2022-02-15 09:00,38.42,0.24,18.17,Accessories,In-store,Not Returned,Medium,1152.6,VIP
676231,White Mug,48,2022-02-15 10:00,45.16,0.36,11.28,Accessories,In-store,Not Returned,Medium,2167.68,VIP
538350,Desk Lamp,38,2022-02-15 18:00,89.1,0.49,7.67,Accessories,Online,Not Returned,High,3385.8,VIP
755295,Desk Lamp,40,2022-02-15 20:00,49.13,0.34,22.74,Accessories,Online,Not Returned,High,1965.2,VIP
317291,T-shirt,32,2022-02-16 01:00,37.45,0.34,16.44,Accessories,Online,Not Returned,Medium,1198.4,VIP
118510,Notebook,14,2022-02-18 20:00,84.55,0.23,29.82,Accessories,In-store,Not Returned,High,1183.7,VIP
636932,White Mug,33,2022-02-19 07:00,68.42,0.43,12.36,Accessories,In-store,Not Returned,Medium,2257.86,VIP
553962,Notebook,39,2022-02-19 11:00,73.86,0.4,22.12,Accessories,In-store,Not Returned,High,2880.54,VIP
912159,Headphones,25,2022-02-21 05:00,61.16,0.24,6.78,Accessories,In-store,Not Returned,Low,1529.0,VIP
793578,Backpack,19,2022-02-22 09:00,96.1,0.3,19.32,Accessories,In-store,Not Returned,Low,1825.9,VIP
152044,Office Chair,43,2022-02-23 06:00,36.82,0.04,21.14,Accessories,In-store,Not Returned,Medium,1583.26,VIP
506201,T-shirt,31,2022-02-23 15:00,47.55,0.3,8.74,Accessories,Online,Not Returned,Low,1474.05,VIP
541157,Blue Pen,36,2022-02-25 07:00,52.38,0.34,6.24,Accessories,Online,Not Returned,Medium,1885.68,VIP
617926,White Mug,48,2022-02-25 23:00,49.3,0.15,16.56,Accessories,Online,Not Returned,High,2366.4,VIP
556082,USB Cable,24,2022-02-26 06:00,60.58,0.22,17.51,Accessories,In-store,Not Returned,High,1453.92,VIP
339628,Office Chair,23,2022-02-27 07:00,43.93,0.43,16.99,Accessories,In-store,Not Returned,High,1010.39,VIP
520091,Office Chair,42,2022-02-27 15:00,78.65,0.36,22.0,Accessories,In-store,Not Returned,Low,3303.3,VIP
827002,Desk Lamp,33,2022-02-28 19:00,86.34,0.32,28.82,Accessories,Online,Not Returned,Medium,2849.2200000000003,VIP
977350,Headphones,18,2022-03-01 02:00,88.75,0.17,15.96,Accessories,In-store,Returned,Medium,1597.5,VIP
840511,Backpack,14,2022-03-01 09:00,75.74,0.24,10.16,Accessories,Online,Not Returned,Low,1060.36,VIP
214836,USB Cable,40,2022-03-02 18:00,29.51,0.48,13.61,Accessories,In-store,Not Returned,Low,1180.4,VIP
150021,White Mug,32,2022-03-02 20:00,40.25,0.04,24.48,Accessories,Online,Not Returned,Medium,1288.0,VIP
480703,Wireless Mouse,34,2022-03-03 00:00,30.94,0.23,21.2,Accessories,Online,Not Returned,High,1051.96,VIP
464833,Wall Clock,19,2022-03-03 10:00,67.11,0.24,27.84,Accessories,Online,Not Returned,Low,1275.09,VIP
728556,Blue Pen,38,2022-03-03 15:00,48.3,0.12,9.37,Accessories,Online,Not Returned,High,1835.4,VIP
225613,T-shirt,27,2022-03-03 22:00,43.66,0.38,29.53,Accessories,Online,Not Returned,High,1178.82,VIP
914049,Desk Lamp,23,2022-03-04 08:00,49.03,0.46,10.18,Accessories,In-store,Not Returned,Low,1127.69,VIP
751286,Blue Pen,46,2022-03-04 11:00,50.92,0.16,10.22,Accessories,Online,Not Returned,High,2342.32,VIP
501099,Backpack,44,2022-03-04 17:00,74.85,0.41,29.81,Accessories,In-store,Not Returned,High,3293.4,VIP
361188,Backpack,31,2022-03-05 01:00,41.39,0.05,6.32,Accessories,Online,Not Returned,High,1283.09,VIP
179183,Wall Clock,38,2022-03-05 22:00,69.93,0.31,23.52,Accessories,In-store,Not Returned,Medium,2657.34,VIP
223844,Wireless Mouse,31,2022-03-06 04:00,89.86,0.03,8.69,Accessories,In-store,Returned,Medium,2785.66,VIP
185333,Notebook,39,2022-03-07 04:00,94.95,0.36,14.32,Accessories,In-store,Not Returned,Low,3703.05,VIP
816537,USB Cable,33,2022-03-07 21:00,30.44,0.4,20.48,Accessories,Online,Not Returned,Low,1004.52,VIP
924283,Desk Lamp,-18,2022-03-07 23:00,-65.16,0.35,,Accessories,Online,Returned,Medium,1172.88,VIP
781014,White Mug,33,2022-03-08 05:00,43.39,0.24,9.52,Accessories,In-store,Not Returned,High,1431.87,VIP
554111,Wireless Mouse,47,2022-03-08 06:00,34.59,0.39,26.88,Accessories,In-store,Not Returned,High,1625.7300000000002,VIP
499122,USB Cable,14,2022-03-08 23:00,85.57,0.04,16.98,Accessories,Online,Not Returned,Low,1197.98,VIP
287150,Backpack,18,2022-03-09 12:00,70.31,0.11,6.52,Accessories,Online,Not Returned,Medium,1265.58,VIP
834784,Headphones,43,2022-03-10 04:00,62.12,0.07,16.42,Accessories,Online,Not Returned,Low,2671.16,VIP
508873,Headphones,26,2022-03-10 10:00,83.0,0.02,11.51,Accessories,Online,Not Returned,Low,2158.0,VIP
696168,White Mug,42,2022-03-10 18:00,45.85,0.41,14.55,Accessories,Online,Not Returned,Medium,1925.7,VIP
830548,Wireless Mouse,32,2022-03-10 23:00,82.17,0.41,23.27,Accessories,Online,Not Returned,High,2629.44,VIP
791207,Wireless Mouse,38,2022-03-11 02:00,94.38,0.36,15.62,Accessories,Online,Not Returned,Medium,3586.44,VIP
728887,Backpack,33,2022-03-11 03:00,76.24,0.36,23.8,Accessories,Online,Not Returned,Low,2515.92,VIP
904042,White Mug,35,2022-03-12 04:00,93.3,0.16,12.21,Accessories,Online,Not Returned,Medium,3265.5,VIP
522227,Backpack,29,2022-03-12 08:00,47.35,0.31,24.16,Accessories,Online,Not Returned,Low,1373.15,VIP
883185,Wireless Mouse,20,2022-03-12 13:00,70.04,0.49,14.42,Accessories,Online,Not Returned,Medium,1400.8000000000002,VIP
723295,Desk Lamp,39,2022-03-13 06:00,81.99,0.32,29.63,Accessories,Online,Not Returned,Low,3197.61,VIP
445529,Headphones,24,2022-03-14 05:00,77.0,0.06,20.52,Accessories,Online,Not Returned,Low,1848.0,VIP
722994,Blue Pen,39,2022-03-14 07:00,63.91,0.47,10.58,Accessories,In-store,Not Returned,Medium,2492.49,VIP
971022,USB Cable,32,2022-03-14 09:00,63.35,0.0,7.15,Accessories,Online,Not Returned,Low,2027.2,VIP
587295,Office Chair,46,2022-03-14 21:00,43.62,0.49,8.51,Accessories,Online,Not Returned,High,2006.52,VIP
493727,Wall Clock,-35,2022-03-15 07:00,-49.81,1.2619168460999668,,Accessories,Online,Not Returned,Medium,1743.35,VIP
220522,Wireless Mouse,19,2022-03-15 21:00,55.48,0.4,21.8,Accessories,In-store,Not Returned,Medium,1054.12,VIP
567997,Wall Clock,38,2022-03-16 13:00,35.9,0.38,24.54,Accessories,Online,Not Returned,Medium,1364.2,VIP
377941,Wireless Mouse,46,2022-03-17 06:00,50.62,0.16,7.55,Accessories,Online,Not Returned,Low,2328.52,VIP
197375,Wall Clock,44,2022-03-18 03:00,95.72,0.09,26.17,Accessories,Online,Returned,Medium,4211.68,VIP
903516,Backpack,23,2022-03-18 05:00,86.5,0.2,20.64,Accessories,In-store,Not Returned,Low,1989.5,VIP
196917,White Mug,27,2022-03-18 17:00,40.38,0.18,18.71,Accessories,In-store,Not Returned,Medium,1090.26,VIP
913389,Notebook,18,2022-03-19 10:00,81.55,0.36,29.04,Accessories,Online,Not Returned,High,1467.9,VIP
298573,T-shirt,24,2022-03-20 01:00,43.28,0.33,25.07,Accessories,In-store,Not Returned,Medium,1038.72,VIP
126015,Notebook,33,2022-03-20 04:00,75.21,0.27,20.78,Accessories,Online,Returned,Low,2481.93,VIP
474494,Office Chair,38,2022-03-20 06:00,95.22,0.22,26.97,Accessories,In-store,Not Returned,Medium,3618.36,VIP
154306,Backpack,26,2022-03-20 13:00,56.58,0.3,21.5,Accessories,In-store,Returned,Low,1471.08,VIP
871687,Wall Clock,47,2022-03-20 20:00,55.76,0.33,6.48,Accessories,In-store,Not Returned,Medium,2620.72,VIP
144109,Headphones,48,2022-03-21 11:00,83.67,0.21,9.81,Accessories,In-store,Not Returned,High,4016.16,VIP
320510,Headphones,30,2022-03-22 01:00,92.14,0.21,7.55,Accessories,In-store,Not Returned,Medium,2764.2,VIP
644527,Backpack,27,2022-03-22 04:00,73.11,0.15,10.0,Accessories,Online,Returned,Medium,1973.97,VIP
138805,Backpack,22,2022-03-22 08:00,77.02,0.24,23.2,Accessories,In-store,Not Returned,Low,1694.4399999999998,VIP
500036,White Mug,18,2022-03-22 23:00,75.43,0.39,10.25,Accessories,Online,Not Returned,High,1357.7400000000002,VIP
140878,Notebook,41,2022-03-23 23:00,68.27,0.42,11.17,Accessories,In-store,Not Returned,High,2799.07,VIP
269421,Office Chair,49,2022-03-24 01:00,64.29,0.17,27.89,Accessories,In-store,Not Returned,Medium,3150.2100000000005,VIP
714640,White Mug,37,2022-03-24 04:00,78.64,0.05,6.63,Accessories,In-store,Returned,High,2909.68,VIP
290091,Blue Pen,31,2022-03-24 12:00,57.16,0.29,16.96,Accessories,In-store,Not Returned,Low,1771.9599999999998,VIP
198453,Wireless Mouse,32,2022-03-25 21:00,45.23,0.06,17.25,Accessories,In-store,Not Returned,Medium,1447.36,VIP
401065,USB Cable,36,2022-03-27 00:00,51.25,0.34,28.06,Accessories,Online,Not Returned,High,1845.0,VIP
983479,Wall Clock,15,2022-03-27 09:00,95.65,0.33,7.71,Accessories,In-store,Not Returned,High,1434.75,VIP
390658,T-shirt,26,2022-03-27 12:00,66.22,0.48,6.86,Accessories,In-store,Not Returned,High,1721.72,VIP
938884,T-shirt,25,2022-03-28 07:00,77.3,0.33,9.76,Accessories,In-store,Returned,Medium,1932.5,VIP
642530,White Mug,36,2022-03-29 15:00,86.12,0.04,12.91,Accessories,In-store,Not Returned,High,3100.32,VIP
339647,Headphones,34,2022-03-29 21:00,32.75,0.41,16.87,Accessories,In-store,Not Returned,Low,1113.5,VIP
394438,Notebook,-27,2022-03-29 23:00,-87.82,0.32,,Accessories,In-store,Not Returned,Low,2371.14,VIP
815144,Office Chair,21,2022-03-30 00:00,52.93,0.1,19.31,Accessories,Online,Not Returned,Low,1111.53,VIP
810732,USB Cable,26,2022-03-30 12:00,94.21,0.0,9.17,Accessories,Online,Not Returned,Low,2449.46,VIP
499158,T-shirt,28,2022-03-31 04:00,98.67,0.18,21.42,Accessories,Online,Not Returned,Low,2762.76,VIP
418249,Wireless Mouse,35,2022-03-31 16:00,31.0,0.2,21.23,Accessories,In-store,Not Returned,Medium,1085.0,VIP
581294,Desk Lamp,33,2022-04-01 06:00,75.52,0.22,10.88,Accessories,In-store,Returned,High,2492.16,VIP
825299,Blue Pen,-48,2022-04-01 14:00,-92.02,0.38,,Accessories,In-store,Not Returned,Medium,4416.96,VIP
660948,USB Cable,45,2022-04-01 22:00,30.87,0.14,26.68,Accessories,In-store,Not Returned,High,1389.15,VIP
379953,Office Chair,42,2022-04-02 11:00,82.67,0.36,25.16,Accessories,Online,Not Returned,Medium,3472.14,VIP
567221,Backpack,29,2022-04-02 12:00,40.45,0.21,24.15,Accessories,Online,Not Returned,Medium,1173.0500000000002,VIP
123424,Notebook,31,2022-04-02 14:00,84.52,0.39,9.47,Accessories,Online,Not Returned,High,2620.12,VIP
609622,Notebook,43,2022-04-03 07:00,80.93,0.29,16.16,Accessories,Online,Not Returned,High,3479.99,VIP
789126,Backpack,47,2022-04-03 15:00,22.46,0.33,11.3,Accessories,In-store,Not Returned,Medium,1055.62,VIP
918851,USB Cable,28,2022-04-03 16:00,42.96,0.29,17.16,Accessories,In-store,Not Returned,Low,1202.88,VIP
903100,Backpack,22,2022-04-03 17:00,73.13,0.17,20.42,Accessories,In-store,Not Returned,Low,1608.86,VIP
416096,USB Cable,40,2022-04-04 05:00,93.1,0.25,21.44,Accessories,Online,Not Returned,Medium,3724.0,VIP
104522,Desk Lamp,16,2022-04-04 08:00,64.44,0.01,24.68,Accessories,Online,Not Returned,Medium,1031.04,VIP
388363,T-shirt,18,2022-04-05 02:00,61.13,0.33,6.99,Accessories,Online,Not Returned,High,1100.34,VIP
878263,Backpack,40,2022-04-05 06:00,92.56,0.06,20.73,Accessories,Online,Not Returned,Medium,3702.4,VIP
742150,White Mug,30,2022-04-06 02:00,40.75,0.01,21.17,Accessories,In-store,Not Returned,Low,1222.5,VIP
596142,Headphones,46,2022-04-06 10:00,26.94,0.48,14.2,Accessories,In-store,Not Returned,Low,1239.24,VIP
587028,Backpack,26,2022-04-06 14:00,39.98,0.29,21.55,Accessories,Online,Not Returned,Low,1039.48,VIP
598515,Headphones,41,2022-04-06 15:00,52.42,0.16,8.74,Accessories,In-store,Not Returned,High,2149.2200000000003,VIP
520331,Wireless Mouse,45,2022-04-07 06:00,84.3,0.17,24.85,Accessories,In-store,Not Returned,Medium,3793.5,VIP
613271,Backpack,24,2022-04-07 15:00,78.32,0.45,28.83,Accessories,Online,Not Returned,Low,1879.68,VIP
464699,White Mug,45,2022-04-08 04:00,28.76,0.44,12.55,Accessories,Online,Not Returned,Medium,1294.2,VIP
535564,Notebook,49,2022-04-09 00:00,28.73,0.05,27.16,Accessories,Online,Not Returned,Low,1407.77,VIP
310190,White Mug,23,2022-04-09 02:00,91.03,0.0,6.88,Accessories,Online,Not Returned,High,2093.69,VIP
613264,USB Cable,47,2022-04-09 09:00,98.12,0.41,9.4,Accessories,In-store,Not Returned,Medium,4611.64,VIP
190141,Wall Clock,40,2022-04-09 10:00,90.97,0.09,25.12,Accessories,In-store,Not Returned,Low,3638.8,VIP
546732,Blue Pen,22,2022-04-09 20:00,49.08,0.35,15.59,Accessories,In-store,Not Returned,Low,1079.76,VIP
131139,Blue Pen,47,2022-04-11 00:00,64.06,0.01,20.43,Accessories,In-store,Not Returned,High,3010.82,VIP
605950,White Mug,48,2022-04-11 02:00,84.57,0.37,7.14,Accessories,In-store,Not Returned,Medium,4059.36,VIP
326406,Blue Pen,48,2022-04-12 18:00,84.83,0.3,12.5,Accessories,In-store,Not Returned,Low,4071.84,VIP
925217,Office Chair,18,2022-04-13 07:00,57.04,0.31,7.87,Accessories,In-store,Not Returned,Medium,1026.72,VIP
372976,Blue Pen,43,2022-04-13 14:00,77.87,0.1,9.16,Accessories,In-store,Not Returned,High,3348.4100000000003,VIP
245780,Notebook,37,2022-04-13 16:00,33.64,0.08,19.46,Accessories,Online,Not Returned,Low,1244.68,VIP
692251,Wireless Mouse,30,2022-04-14 02:00,75.24,0.16,24.76,Accessories,In-store,Not Returned,Low,2257.2,VIP
366496,Office Chair,27,2022-04-14 16:00,47.65,0.26,12.23,Accessories,In-store,Not Returned,Medium,1286.55,VIP
203841,Wireless Mouse,37,2022-04-15 06:00,53.14,0.27,13.81,Accessories,In-store,Not Returned,High,1966.18,VIP
248317,USB Cable,20,2022-04-16 12:00,89.72,0.14,24.55,Accessories,Online,Not Returned,Medium,1794.4,VIP
708084,Wireless Mouse,29,2022-04-16 13:00,57.2,0.23,22.15,Accessories,In-store,Not Returned,High,1658.8000000000002,VIP
847157,Headphones,34,2022-04-16 18:00,87.94,0.32,11.14,Accessories,Online,Not Returned,High,2989.96,VIP
129533,Desk Lamp,40,2022-04-16 22:00,63.75,0.28,26.75,Accessories,Online,Not Returned,High,2550.0,VIP
247745,Wall Clock,49,2022-04-17 07:00,78.3,0.45,8.69,Accessories,Online,Not Returned,High,3836.7,VIP
577965,USB Cable,43,2022-04-17 12:00,83.62,0.31,29.09,Accessories,Online,Not Returned,High,3595.6600000000003,VIP
239830,USB Cable,27,2022-04-17 20:00,38.08,0.27,13.08,Accessories,Online,Not Returned,Medium,1028.16,VIP
642659,Headphones,35,2022-04-18 02:00,45.4,0.41,23.25,Accessories,Online,Not Returned,Low,1589.0,VIP
515505,Backpack,15,2022-04-18 09:00,74.87,0.08,24.92,Accessories,Online,Not Returned,Low,1123.0500000000002,VIP
605626,Wall Clock,22,2022-04-18 14:00,68.72,0.39,25.98,Accessories,Online,Not Returned,Low,1511.84,VIP
542985,Headphones,24,2022-04-18 17:00,96.81,0.23,9.63,Accessories,In-store,Not Returned,High,2323.44,VIP
509062,Desk Lamp,49,2022-04-18 22:00,75.53,0.5,25.21,Accessories,In-store,Not Returned,Medium,3700.97,VIP
668061,USB Cable,25,2022-04-19 15:00,77.61,0.09,11.5,Accessories,In-store,Not Returned,Medium,1940.25,VIP
420338,White Mug,25,2022-04-19 23:00,64.93,0.29,18.06,Accessories,In-store,Not Returned,Medium,1623.2500000000002,VIP
497152,Backpack,29,2022-04-20 18:00,42.18,0.31,26.41,Accessories,Online,Not Returned,Low,1223.22,VIP
655462,Office Chair,32,2022-04-20 19:00,86.69,0.22,12.12,Accessories,Online,Not Returned,Medium,2774.08,VIP
732465,Backpack,18,2022-04-20 22:00,57.79,0.13,19.4,Accessories,Online,Not Returned,Medium,1040.22,VIP
544140,Wall Clock,26,2022-04-21 08:00,47.25,0.05,12.64,Accessories,Online,Returned,Medium,1228.5,VIP
886427,Headphones,47,2022-04-21 17:00,73.23,0.45,16.4,Accessories,In-store,Not Returned,Medium,3441.8100000000004,VIP
764399,White Mug,43,2022-04-21 23:00,56.11,0.28,24.76,Accessories,Online,Not Returned,Medium,2412.73,VIP
754511,Headphones,35,2022-04-22 08:00,52.84,0.1,28.49,Accessories,In-store,Not Returned,Low,1849.4,VIP
303161,T-shirt,26,2022-04-22 10:00,54.44,0.14,20.89,Accessories,In-store,Not Returned,Low,1415.44,VIP
943504,Notebook,21,2022-04-22 17:00,89.41,0.23,28.08,Accessories,In-store,Not Returned,Low,1877.61,VIP
971652,USB Cable,41,2022-04-22 23:00,33.33,0.06,28.63,Accessories,Online,Not Returned,High,1366.53,VIP
330413,Headphones,41,2022-04-23 12:00,60.4,0.06,12.2,Accessories,In-store,Returned,Low,2476.4,VIP
239334,Backpack,25,2022-04-23 14:00,62.45,0.17,6.45,Accessories,Online,Not Returned,Low,1561.25,VIP
379297,Backpack,49,2022-04-23 21:00,29.4,0.22,16.59,Accessories,In-store,Not Returned,Low,1440.6,VIP
695730,Notebook,32,2022-04-24 12:00,87.44,0.01,20.97,Accessories,Online,Not Returned,Medium,2798.08,VIP
798851,Blue Pen,27,2022-04-24 14:00,91.45,0.42,10.37,Accessories,In-store,Not Returned,Low,2469.15,VIP
569363,Blue Pen,38,2022-04-24 16:00,33.7,0.09,11.24,Accessories,In-store,Not Returned,Low,1280.6,VIP
444318,Office Chair,37,2022-04-24 22:00,27.4,0.48,13.9,Accessories,Online,Not Returned,Medium,1013.8,VIP
320079,White Mug,34,2022-04-24 23:00,94.88,0.08,23.98,Accessories,In-store,Not Returned,Medium,3225.92,VIP
342951,Backpack,35,2022-04-25 01:00,97.54,0.47,28.61,Accessories,In-store,Not Returned,Low,3413.9,VIP
501519,T-shirt,15,2022-04-25 16:00,73.88,0.1,16.94,Accessories,Online,Not Returned,Medium,1108.1999999999998,VIP
306823,Wireless Mouse,37,2022-04-26 00:00,38.22,0.5,25.65,Accessories,Online,Not Returned,High,1414.14,VIP
804966,T-shirt,34,2022-04-26 01:00,92.42,0.21,29.54,Accessories,In-store,Not Returned,Low,3142.28,VIP
459175,Office Chair,39,2022-04-26 23:00,61.66,0.2,27.48,Accessories,In-store,Not Returned,Medium,2404.74,VIP
318126,Headphones,-49,2022-04-27 12:00,-82.86,0.05,,Accessories,In-store,Not Returned,High,4060.14,VIP
720911,Wireless Mouse,24,2022-04-27 20:00,43.92,0.1,5.71,Accessories,Online,Not Returned,Low,1054.08,VIP
657068,Backpack,25,2022-04-28 03:00,64.56,0.38,19.73,Accessories,In-store,Not Returned,Medium,1614.0,VIP
659373,Notebook,47,2022-04-28 05:00,94.54,0.38,10.11,Accessories,Online,Not Returned,Medium,4443.38,VIP
329632,Wireless Mouse,38,2022-04-28 10:00,29.75,0.21,28.55,Accessories,In-store,Not Returned,High,1130.5,VIP
878074,Wireless Mouse,38,2022-04-28 17:00,74.76,0.13,10.8,Accessories,Online,Not Returned,Medium,2840.88,VIP
503522,Office Chair,24,2022-04-29 02:00,63.47,0.08,28.64,Accessories,Online,Not Returned,High,1523.28,VIP
267856,Wall Clock,28,2022-04-29 03:00,52.82,0.41,10.32,Accessories,Online,Not Returned,Medium,1478.96,VIP
447284,USB Cable,21,2022-04-30 18:00,80.02,0.03,21.96,Accessories,In-store,Not Returned,High,1680.4199999999998,VIP
995777,Backpack,24,2022-05-02 10:00,91.79,0.0,5.41,Accessories,Online,Not Returned,Low,2202.96,VIP
552829,T-shirt,28,2022-05-02 16:00,54.87,0.05,20.76,Accessories,In-store,Not Returned,Low,1536.36,VIP
641661,White Mug,21,2022-05-02 17:00,60.04,0.31,22.0,Accessories,In-store,Returned,Low,1260.84,VIP
106654,White Mug,39,2022-05-02 20:00,54.0,0.2,6.35,Accessories,In-store,Not Returned,Medium,2106.0,VIP
334537,Backpack,32,2022-05-03 16:00,71.3,0.43,5.58,Accessories,In-store,Not Returned,High,2281.6,VIP
177001,Notebook,41,2022-05-03 19:00,53.85,0.17,7.66,Accessories,Online,Not Returned,Medium,2207.85,VIP
775907,Wireless Mouse,43,2022-05-04 23:00,93.51,0.47,21.04,Accessories,Online,Not Returned,Low,4020.93,VIP
367913,Wireless Mouse,48,2022-05-05 01:00,68.39,0.38,26.2,Accessories,In-store,Not Returned,Medium,3282.7200000000003,VIP
908534,Office Chair,21,2022-05-05 10:00,60.08,0.14,26.46,Accessories,Online,Not Returned,High,1261.68,VIP
543604,White Mug,24,2022-05-05 15:00,83.16,0.42,8.25,Accessories,Online,Not Returned,High,1995.84,VIP
946430,T-shirt,35,2022-05-06 04:00,31.89,0.46,20.8,Accessories,Online,Not Returned,Low,1116.15,VIP
656116,Office Chair,19,2022-05-06 15:00,73.71,0.18,8.33,Accessories,In-store,Not Returned,Medium,1400.4899999999998,VIP
318008,Office Chair,13,2022-05-08 03:00,90.37,0.29,6.26,Accessories,In-store,Not Returned,High,1174.81,VIP
331362,Office Chair,33,2022-05-08 08:00,82.55,0.39,26.07,Accessories,Online,Not Returned,Medium,2724.15,VIP
782031,Desk Lamp,31,2022-05-09 04:00,35.45,0.22,8.44,Accessories,Online,Not Returned,Medium,1098.95,VIP
175656,Office Chair,14,2022-05-09 07:00,82.8,0.14,11.29,Accessories,In-store,Not Returned,Low,1159.2,VIP
342941,Desk Lamp,46,2022-05-10 12:00,94.84,0.49,6.59,Accessories,In-store,Not Returned,High,4362.64,VIP
317972,Wall Clock,45,2022-05-11 03:00,52.91,0.06,13.0,Accessories,Online,Not Returned,High,2380.95,VIP
421574,Headphones,40,2022-05-11 04:00,31.1,0.22,23.59,Accessories,In-store,Not Returned,Low,1244.0,VIP
856590,Notebook,43,2022-05-11 20:00,29.96,0.11,18.73,Accessories,In-store,Not Returned,Low,1288.28,VIP
163944,White Mug,16,2022-05-12 00:00,83.23,0.02,25.81,Accessories,Online,Returned,Low,1331.68,VIP
206948,T-shirt,32,2022-05-12 10:00,59.83,0.47,12.35,Accessories,In-store,Not Returned,Medium,1914.56,VIP
776689,Desk Lamp,45,2022-05-13 03:00,97.77,0.27,7.09,Accessories,In-store,Not Returned,Medium,4399.65,VIP
359111,Notebook,49,2022-05-13 20:00,69.95,0.13,26.6,Accessories,Online,Not Returned,Medium,3427.55,VIP
543881,Notebook,33,2022-05-13 22:00,50.55,0.26,22.98,Accessories,Online,Not Returned,Medium,1668.15,VIP
535078,Blue Pen,33,2022-05-14 00:00,67.02,0.25,16.54,Accessories,In-store,Not Returned,Medium,2211.66,VIP
512156,T-shirt,40,2022-05-14 08:00,94.52,0.22,11.32,Accessories,In-store,Not Returned,Low,3780.8,VIP
990904,Wall Clock,28,2022-05-15 02:00,48.71,0.35,8.67,Accessories,In-store,Not Returned,Low,1363.88,VIP
970656,Office Chair,35,2022-05-15 11:00,49.78,0.43,8.34,Accessories,Online,Not Returned,High,1742.3,VIP
428333,T-shirt,36,2022-05-15 12:00,91.79,0.07,25.65,Accessories,Online,Not Returned,Medium,3304.44,VIP
755803,Backpack,35,2022-05-15 17:00,45.68,0.08,28.15,Accessories,In-store,Not Returned,High,1598.8,VIP
332415,USB Cable,45,2022-05-16 00:00,53.66,0.15,28.87,Accessories,Online,Not Returned,High,2414.7,VIP
678679,Backpack,33,2022-05-16 11:00,71.28,0.47,29.84,Accessories,In-store,Not Returned,Medium,2352.24,VIP
669229,Wall Clock,22,2022-05-16 15:00,92.13,0.39,13.99,Accessories,In-store,Not Returned,Low,2026.86,VIP
361092,Desk Lamp,22,2022-05-17 04:00,90.44,0.42,27.51,Accessories,In-store,Not Returned,High,1989.68,VIP
568897,Wall Clock,41,2022-05-17 09:00,92.88,0.12,20.4,Accessories,Online,Not Returned,Low,3808.08,VIP
326325,Backpack,34,2022-05-17 10:00,86.59,0.33,14.8,Accessories,Online,Not Returned,Medium,2944.06,VIP
401635,USB Cable,49,2022-05-17 11:00,65.75,0.22,5.41,Accessories,Online,Not Returned,Medium,3221.75,VIP
478080,T-shirt,27,2022-05-17 16:00,86.57,0.39,28.84,Accessories,Online,Not Returned,High,2337.39,VIP
257306,USB Cable,30,2022-05-17 17:00,86.64,0.39,6.85,Accessories,Online,Not Returned,Medium,2599.2,VIP
483276,Office Chair,24,2022-05-18 00:00,79.88,0.14,15.75,Accessories,Online,Returned,Low,1917.12,VIP
958985,Headphones,33,2022-05-18 06:00,62.89,0.19,24.36,Accessories,Online,Not Returned,Low,2075.37,VIP
133087,Backpack,17,2022-05-18 17:00,99.31,0.33,23.66,Accessories,In-store,Returned,High,1688.27,VIP
136368,Notebook,38,2022-05-18 20:00,33.08,0.11,11.44,Accessories,Online,Not Returned,High,1257.04,VIP
957247,T-shirt,34,2022-05-18 22:00,48.54,0.19,6.03,Accessories,Online,Not Returned,Medium,1650.36,VIP
322182,Wall Clock,28,2022-05-19 05:00,47.9,0.38,18.77,Accessories,Online,Not Returned,Medium,1341.2,VIP
722087,Blue Pen,22,2022-05-19 08:00,62.62,0.22,12.93,Accessories,In-store,Not Returned,Low,1377.64,VIP
770194,Office Chair,29,2022-05-20 19:00,81.08,0.27,7.05,Accessories,Online,Not Returned,Medium,2351.32,VIP
840400,Blue Pen,40,2022-05-21 08:00,48.47,0.33,7.82,Accessories,Online,Not Returned,Low,1938.8,VIP
377721,Backpack,46,2022-05-22 07:00,34.31,0.11,23.66,Accessories,In-store,Not Returned,Medium,1578.2600000000002,VIP
191104,Wall Clock,45,2022-05-22 10:00,30.21,0.29,23.51,Accessories,In-store,Returned,Medium,1359.45,VIP
453884,Backpack,32,2022-05-22 12:00,35.54,0.06,22.93,Accessories,In-store,Not Returned,Medium,1137.28,VIP
707478,Blue Pen,16,2022-05-22 16:00,81.85,0.47,25.56,Accessories,In-store,Not Returned,Medium,1309.6,VIP
759006,T-shirt,24,2022-05-22 19:00,55.68,0.45,27.52,Accessories,In-store,Not Returned,Medium,1336.32,VIP
842003,Office Chair,29,2022-05-22 22:00,49.61,0.31,26.96,Accessories,Online,Not Returned,Medium,1438.69,VIP
430429,Wall Clock,34,2022-05-23 17:00,49.98,0.29,5.77,Accessories,In-store,Not Returned,Medium,1699.32,VIP
215278,Office Chair,47,2022-05-23 18:00,73.38,0.01,25.94,Accessories,Online,Not Returned,High,3448.86,VIP
478147,Headphones,45,2022-05-25 05:00,47.88,0.32,28.95,Accessories,In-store,Not Returned,Low,2154.6,VIP
206918,Wireless Mouse,-48,2022-05-25 18:00,-27.65,1.913498086254916,,Accessories,In-store,Not Returned,High,1327.1999999999998,VIP
639871,Blue Pen,-44,2022-05-26 03:00,-41.02,0.06,,Accessories,In-store,Not Returned,Medium,1804.88,VIP
262187,T-shirt,38,2022-05-26 14:00,37.6,0.23,17.07,Accessories,Online,Not Returned,Low,1428.8,VIP
736480,Headphones,48,2022-05-26 23:00,63.08,0.33,8.72,Accessories,In-store,Not Returned,High,3027.84,VIP
997937,Wall Clock,38,2022-05-27 02:00,76.18,0.08,6.0,Accessories,Online,Not Returned,Medium,2894.84,VIP
302049,Backpack,43,2022-05-27 04:00,33.46,0.29,20.09,Accessories,Online,Not Returned,High,1438.78,VIP
986357,Wireless Mouse,21,2022-05-27 08:00,86.79,0.26,24.93,Accessories,Online,Not Returned,Medium,1822.59,VIP
748581,Blue Pen,41,2022-05-27 17:00,86.79,0.25,9.39,Accessories,In-store,Not Returned,Medium,3558.3900000000003,VIP
971949,Headphones,41,2022-05-27 19:00,37.24,0.2,27.56,Accessories,Online,Not Returned,Low,1526.84,VIP
969875,Headphones,29,2022-05-28 09:00,42.84,0.34,29.34,Accessories,Online,Not Returned,Low,1242.36,VIP
566548,White Mug,15,2022-05-29 01:00,93.95,0.34,26.75,Accessories,In-store,Not Returned,Low,1409.25,VIP
181227,T-shirt,34,2022-05-29 13:00,85.38,0.46,17.38,Accessories,Online,Returned,High,2902.92,VIP
743887,Headphones,21,2022-05-29 18:00,90.6,0.27,18.5,Accessories,In-store,Not Returned,Medium,1902.6,VIP
466357,Office Chair,24,2022-05-30 11:00,70.19,0.41,25.27,Accessories,Online,Returned,Medium,1684.56,VIP
117412,Office Chair,22,2022-05-30 21:00,68.54,0.02,19.8,Accessories,Online,Not Returned,High,1507.88,VIP
472174,Blue Pen,38,2022-05-30 22:00,95.89,0.29,25.35,Accessories,In-store,Not Returned,Low,3643.82,VIP
312916,Blue Pen,45,2022-05-31 18:00,60.35,0.18,18.99,Accessories,Online,Not Returned,High,2715.75,VIP
554325,Wireless Mouse,16,2022-06-01 00:00,83.47,0.27,11.81,Accessories,Online,Not Returned,Medium,1335.52,VIP
398374,Backpack,29,2022-06-01 03:00,89.96,0.3,5.03,Accessories,In-store,Not Returned,Medium,2608.84,VIP
682476,Notebook,40,2022-06-01 14:00,95.92,0.33,24.34,Accessories,Online,Not Returned,Medium,3836.8,VIP
718519,Desk Lamp,33,2022-06-01 16:00,94.15,0.25,7.86,Accessories,Online,Returned,Low,3106.9500000000003,VIP
505413,Wireless Mouse,34,2022-06-02 20:00,83.71,0.31,25.17,Accessories,In-store,Not Returned,High,2846.14,VIP
987687,Headphones,27,2022-06-03 00:00,95.57,0.43,29.27,Accessories,Online,Not Returned,Medium,2580.39,VIP
835848,Wireless Mouse,19,2022-06-03 04:00,86.31,0.49,5.24,Accessories,Online,Not Returned,High,1639.89,VIP
794497,Headphones,40,2022-06-03 13:00,91.27,0.49,7.64,Accessories,In-store,Not Returned,High,3650.8,VIP
201216,White Mug,46,2022-06-03 15:00,50.2,0.05,24.54,Accessories,Online,Not Returned,Low,2309.2000000000003,VIP
571358,White Mug,12,2022-06-03 18:00,88.11,0.47,6.55,Accessories,Online,Not Returned,Medium,1057.32,VIP
584100,White Mug,49,2022-06-03 22:00,30.95,0.13,18.3,Accessories,Online,Not Returned,Medium,1516.55,VIP
672239,Backpack,42,2022-06-04 05:00,61.98,0.02,24.5,Accessories,In-store,Not Returned,Medium,2603.16,VIP
500376,Headphones,16,2022-06-04 06:00,85.97,0.01,17.18,Accessories,In-store,Not Returned,Medium,1375.52,VIP
783717,Blue Pen,44,2022-06-04 12:00,78.88,0.34,23.74,Accessories,In-store,Not Returned,Medium,3470.72,VIP
370896,Backpack,17,2022-06-04 23:00,82.15,0.0,26.76,Accessories,Online,Not Returned,Medium,1396.5500000000002,VIP
696323,USB Cable,32,2022-06-05 04:00,45.07,0.41,17.4,Accessories,In-store,Not Returned,High,1442.24,VIP
212878,Wall Clock,25,2022-06-05 20:00,57.26,0.42,26.38,Accessories,Online,Not Returned,High,1431.5,VIP
591567,USB Cable,17,2022-06-06 03:00,82.58,0.11,26.66,Accessories,Online,Not Returned,High,1403.86,VIP
318930,Office Chair,20,2022-06-07 04:00,91.06,0.45,24.98,Accessories,In-store,Not Returned,High,1821.2,VIP
634561,Wall Clock,19,2022-06-07 07:00,71.47,0.04,9.1,Accessories,In-store,Not Returned,Low,1357.93,VIP
567601,Wireless Mouse,28,2022-06-07 10:00,58.08,0.02,25.73,Accessories,Online,Not Returned,Medium,1626.24,VIP
608604,White Mug,49,2022-06-07 11:00,91.68,0.08,11.99,Accessories,Online,Not Returned,Medium,4492.320000000001,VIP
584408,USB Cable,36,2022-06-07 12:00,72.15,0.34,12.66,Accessories,In-store,Not Returned,Medium,2597.4,VIP
728759,Backpack,42,2022-06-07 17:00,26.75,0.32,28.08,Accessories,Online,Not Returned,Low,1123.5,VIP
238966,White Mug,29,2022-06-08 03:00,70.66,0.28,13.01,Accessories,In-store,Not Returned,Low,2049.14,VIP
489860,Wireless Mouse,22,2022-06-09 01:00,60.62,0.01,19.34,Accessories,Online,Not Returned,High,1333.64,VIP
753689,Backpack,29,2022-06-09 03:00,92.5,0.17,12.72,Accessories,Online,Not Returned,Low,2682.5,VIP
168363,Wall Clock,34,2022-06-09 14:00,40.17,0.12,13.56,Accessories,Online,Not Returned,Low,1365.78,VIP
757003,Blue Pen,39,2022-06-10 00:00,55.34,0.17,12.35,Accessories,In-store,Returned,Medium,2158.26,VIP
503036,Wall Clock,31,2022-06-10 12:00,33.04,0.21,28.49,Accessories,In-store,Not Returned,Medium,1024.24,VIP
686613,Desk Lamp,49,2022-06-11 00:00,38.83,0.32,7.91,Accessories,In-store,Not Returned,High,1902.67,VIP
607026,USB Cable,37,2022-06-11 14:00,93.74,0.26,25.35,Accessories,Online,Not Returned,Low,3468.38,VIP
541719,Blue Pen,30,2022-06-12 11:00,63.0,0.21,11.08,Accessories,In-store,Not Returned,High,1890.0,VIP
981397,USB Cable,32,2022-06-12 23:00,74.42,0.43,21.42,Accessories,In-store,Not Returned,High,2381.44,VIP
881798,USB Cable,45,2022-06-13 11:00,24.36,0.35,26.97,Accessories,Online,Not Returned,High,1096.2,VIP
273167,Backpack,31,2022-06-13 13:00,83.57,0.48,22.7,Accessories,Online,Not Returned,Low,2590.67,VIP
616030,Desk Lamp,14,2022-06-13 15:00,89.26,0.45,24.8,Accessories,Online,Not Returned,Medium,1249.64,VIP
361046,Blue Pen,16,2022-06-13 18:00,72.59,0.27,29.63,Accessories,Online,Not Returned,High,1161.44,VIP
581615,Headphones,23,2022-06-14 13:00,72.8,0.11,8.58,Accessories,In-store,Not Returned,Low,1674.4,VIP
165206,Headphones,43,2022-06-14 16:00,33.99,0.16,8.38,Accessories,In-store,Returned,High,1461.5700000000002,VIP
352196,Backpack,43,2022-06-16 12:00,40.18,0.44,22.22,Accessories,Online,Not Returned,High,1727.74,VIP
904734,USB Cable,37,2022-06-16 23:00,69.8,0.33,27.51,Accessories,Online,Not Returned,Medium,2582.6,VIP
438781,Wall Clock,37,2022-06-17 08:00,93.05,0.38,24.16,Accessories,Online,Not Returned,Low,3442.85,VIP
391922,Notebook,33,2022-06-17 09:00,62.34,0.02,25.94,Accessories,Online,Not Returned,High,2057.2200000000003,VIP
220918,Backpack,45,2022-06-17 13:00,79.57,0.23,18.19,Accessories,Online,Not Returned,High,3580.65,VIP
976468,USB Cable,34,2022-06-17 14:00,35.79,0.39,15.56,Accessories,Online,Not Returned,Low,1216.86,VIP
175503,Wall Clock,45,2022-06-18 22:00,97.4,0.32,23.03,Accessories,In-store,Not Returned,Low,4383.0,VIP
306748,Wireless Mouse,44,2022-06-19 15:00,89.09,0.41,6.47,Accessories,In-store,Not Returned,Medium,3919.96,VIP
142771,Desk Lamp,45,2022-06-20 22:00,92.64,0.2,7.48,Accessories,In-store,Not Returned,High,4168.8,VIP
197421,Office Chair,23,2022-06-20 23:00,94.15,0.42,19.46,Accessories,Online,Returned,Low,2165.4500000000003,VIP
572194,White Mug,47,2022-06-21 02:00,44.97,0.08,15.48,Accessories,Online,Not Returned,Medium,2113.59,VIP
202420,White Mug,46,2022-06-21 15:00,32.08,0.19,17.79,Accessories,In-store,Not Returned,Low,1475.6799999999998,VIP
371767,Desk Lamp,36,2022-06-21 17:00,56.35,0.04,16.35,Accessories,Online,Not Returned,High,2028.6,VIP
921246,Desk Lamp,42,2022-06-22 06:00,32.94,0.43,28.4,Accessories,Online,Not Returned,Low,1383.48,VIP
764805,T-shirt,32,2022-06-22 12:00,64.54,0.21,17.85,Accessories,Online,Not Returned,High,2065.28,VIP
254125,Office Chair,35,2022-06-23 10:00,91.94,0.13,27.95,Accessories,Online,Not Returned,Low,3217.9,VIP
185997,T-shirt,38,2022-06-24 14:00,87.32,0.2,5.17,Accessories,Online,Not Returned,Medium,3318.16,VIP
634637,T-shirt,48,2022-06-25 14:00,89.58,0.23,20.72,Accessories,Online,Not Returned,Medium,4299.84,VIP
368092,Blue Pen,43,2022-06-25 19:00,59.92,0.39,22.29,Accessories,In-store,Not Returned,Low,2576.56,VIP
638786,Backpack,44,2022-06-25 20:00,37.57,0.47,17.08,Accessories,Online,Returned,Low,1653.08,VIP
126245,Wireless Mouse,16,2022-06-25 23:00,86.7,0.28,12.65,Accessories,Online,Not Returned,High,1387.2,VIP
146659,Office Chair,39,2022-06-26 01:00,68.88,0.43,11.56,Accessories,Online,Not Returned,Low,2686.32,VIP
404661,Headphones,46,2022-06-26 04:00,47.46,0.15,12.05,Accessories,In-store,Not Returned,Medium,2183.16,VIP
750906,Notebook,18,2022-06-26 05:00,59.63,0.49,29.06,Accessories,Online,Not Returned,Medium,1073.34,VIP
385199,Blue Pen,32,2022-06-27 04:00,70.92,0.36,13.07,Accessories,Online,Not Returned,Low,2269.44,VIP
653095,Notebook,40,2022-06-27 07:00,76.98,0.45,12.96,Accessories,Online,Not Returned,Medium,3079.2000000000003,VIP
378577,USB Cable,41,2022-06-27 14:00,89.22,0.33,26.82,Accessories,In-store,Returned,Low,3658.02,VIP
230843,Notebook,21,2022-06-27 19:00,81.74,0.07,12.39,Accessories,In-store,Returned,Medium,1716.54,VIP
491374,Backpack,36,2022-06-28 02:00,67.42,0.18,25.27,Accessories,In-store,Not Returned,Low,2427.12,VIP
310913,Notebook,25,2022-06-29 10:00,76.42,0.17,17.62,Accessories,In-store,Not Returned,High,1910.5,VIP
765468,Office Chair,33,2022-06-30 03:00,31.56,0.49,7.67,Accessories,Online,Not Returned,High,1041.48,VIP
869680,Backpack,22,2022-06-30 07:00,63.58,0.03,22.28,Accessories,In-store,Not Returned,Low,1398.76,VIP
101223,Wireless Mouse,23,2022-06-30 11:00,91.09,0.03,9.25,Accessories,Online,Not Returned,Low,2095.07,VIP
909634,Wall Clock,11,2022-07-01 00:00,92.54,0.22,25.1,Accessories,In-store,Returned,Low,1017.94,VIP
529283,Backpack,16,2022-07-01 03:00,96.34,0.2,13.61,Accessories,Online,Not Returned,High,1541.44,VIP
768301,USB Cable,32,2022-07-01 07:00,70.76,0.35,24.18,Accessories,Online,Not Returned,Medium,2264.32,VIP
924028,Blue Pen,48,2022-07-01 16:00,55.46,0.05,12.31,Accessories,In-store,Not Returned,High,2662.08,VIP
109012,Notebook,36,2022-07-01 18:00,80.9,0.36,25.62,Accessories,Online,Returned,Low,2912.4,VIP
242049,T-shirt,29,2022-07-02 03:00,39.97,0.48,6.26,Accessories,Online,Not Returned,Low,1159.13,VIP
833349,Office Chair,47,2022-07-02 09:00,66.14,0.35,28.53,Accessories,Online,Not Returned,Medium,3108.58,VIP
579894,Office Chair,48,2022-07-02 19:00,45.52,0.3,23.7,Accessories,In-store,Not Returned,Medium,2184.96,VIP
764276,Notebook,40,2022-07-02 21:00,71.51,0.21,20.11,Accessories,In-store,Not Returned,Low,2860.4,VIP
882734,T-shirt,36,2022-07-03 08:00,78.87,0.36,26.51,Accessories,Online,Not Returned,High,2839.32,VIP
635916,Wall Clock,43,2022-07-03 17:00,54.42,0.35,7.97,Accessories,Online,Returned,Medium,2340.06,VIP
449301,Wireless Mouse,29,2022-07-03 21:00,69.51,0.1,29.49,Accessories,In-store,Not Returned,High,2015.79,VIP
857861,Notebook,-21,2022-07-04 22:00,-82.31,1.6712775873436123,,Accessories,Online,Not Returned,Medium,1728.51,VIP
568084,Desk Lamp,45,2022-07-05 02:00,51.73,0.27,9.7,Accessories,In-store,Not Returned,Medium,2327.85,VIP
622915,Office Chair,43,2022-07-05 07:00,81.57,0.5,23.18,Accessories,Online,Not Returned,Low,3507.51,VIP
300073,Desk Lamp,36,2022-07-05 19:00,41.12,0.18,9.85,Accessories,In-store,Not Returned,High,1480.32,VIP
967891,White Mug,42,2022-07-06 09:00,33.73,0.32,15.09,Accessories,In-store,Not Returned,Low,1416.66,VIP
946444,Wireless Mouse,30,2022-07-06 15:00,87.78,0.05,16.58,Accessories,Online,Returned,Medium,2633.4,VIP
281854,Blue Pen,31,2022-07-06 19:00,96.16,0.01,21.96,Accessories,In-store,Not Returned,Low,2980.96,VIP
748002,Office Chair,21,2022-07-07 00:00,79.11,0.42,11.79,Accessories,Online,Not Returned,Medium,1661.31,VIP
624493,Headphones,15,2022-07-07 01:00,82.01,0.14,19.19,Accessories,Online,Not Returned,Low,1230.15,VIP
278054,T-shirt,44,2022-07-07 17:00,60.46,0.15,29.3,Accessories,In-store,Not Returned,High,2660.24,VIP
797105,Desk Lamp,41,2022-07-07 19:00,68.48,0.07,19.44,Accessories,In-store,Not Returned,Medium,2807.6800000000003,VIP
931600,Wall Clock,40,2022-07-08 02:00,67.67,0.05,21.2,Accessories,In-store,Returned,Medium,2706.8,VIP
407181,Backpack,39,2022-07-09 06:00,56.54,0.07,18.87,Accessories,In-store,Not Returned,Low,2205.06,VIP
588775,Wall Clock,43,2022-07-10 01:00,95.02,0.44,22.25,Accessories,Online,Not Returned,High,4085.86,VIP
166686,Headphones,33,2022-07-10 09:00,89.21,0.19,27.29,Accessories,Online,Not Returned,Medium,2943.93,VIP
336830,Wireless Mouse,33,2022-07-10 12:00,62.17,0.07,10.26,Accessories,Online,Not Returned,Low,2051.61,VIP
278810,Wall Clock,25,2022-07-11 03:00,97.77,0.12,25.14,Accessories,Online,Not Returned,Low,2444.25,VIP
666904,Desk Lamp,38,2022-07-11 23:00,79.13,0.23,14.17,Accessories,In-store,Returned,Medium,3006.94,VIP
960761,Wireless Mouse,30,2022-07-12 00:00,56.5,0.19,14.26,Accessories,Online,Not Returned,Medium,1695.0,VIP
789331,Notebook,36,2022-07-12 03:00,99.42,0.09,24.58,Accessories,Online,Returned,Medium,3579.12,VIP
327977,T-shirt,33,2022-07-12 08:00,74.26,0.48,5.44,Accessories,In-store,Not Returned,Low,2450.5800000000004,VIP
346309,Blue Pen,45,2022-07-12 19:00,72.58,0.0,26.47,Accessories,Online,Not Returned,Medium,3266.1,VIP
275918,Blue Pen,33,2022-07-12 23:00,99.28,0.05,24.18,Accessories,In-store,Not Returned,High,3276.24,VIP
454805,Desk Lamp,47,2022-07-13 01:00,45.43,0.45,21.75,Accessories,Online,Not Returned,High,2135.21,VIP
351536,Wall Clock,13,2022-07-13 16:00,95.24,0.29,6.65,Accessories,Online,Not Returned,High,1238.12,VIP
905946,Office Chair,45,2022-07-14 04:00,95.12,0.25,6.81,Accessories,Online,Not Returned,Low,4280.400000000001,VIP
298187,Wireless Mouse,32,2022-07-14 17:00,63.39,0.48,28.21,Accessories,In-store,Not Returned,Low,2028.48,VIP
722642,Headphones,41,2022-07-14 21:00,27.18,0.39,12.75,Accessories,Online,Not Returned,High,1114.38,VIP
552219,Notebook,21,2022-07-15 00:00,68.2,0.33,9.73,Accessories,Online,Not Returned,High,1432.2,VIP
299395,Wireless Mouse,-33,2022-07-15 06:00,-71.43,0.11,,Accessories,In-store,Not Returned,Medium,2357.19,VIP
698422,Headphones,15,2022-07-15 21:00,71.37,0.5,14.36,Accessories,In-store,Not Returned,High,1070.5500000000002,VIP
279815,Headphones,45,2022-07-16 03:00,33.8,0.45,11.51,Accessories,Online,Not Returned,High,1520.9999999999998,VIP
119192,Desk Lamp,33,2022-07-17 06:00,58.3,0.26,26.1,Accessories,Online,Not Returned,Medium,1923.9,VIP
152494,White Mug,36,2022-07-17 17:00,73.43,0.17,29.71,Accessories,In-store,Not Returned,Medium,2643.4800000000005,VIP
890505,White Mug,34,2022-07-18 13:00,83.41,0.33,13.93,Accessories,Online,Returned,Low,2835.94,VIP
709395,Office Chair,30,2022-07-19 00:00,99.67,0.26,11.54,Accessories,In-store,Not Returned,Low,2990.1,VIP
401743,Office Chair,40,2022-07-19 12:00,80.24,0.18,9.33,Accessories,In-store,Not Returned,Medium,3209.6,VIP
104838,White Mug,11,2022-07-20 04:00,96.7,0.1,14.45,Accessories,In-store,Not Returned,Low,1063.7,VIP
667487,Office Chair,43,2022-07-20 08:00,25.33,0.45,9.24,Accessories,In-store,Not Returned,High,1089.1899999999998,VIP
647749,Wireless Mouse,44,2022-07-21 06:00,62.06,0.03,7.98,Accessories,Online,Returned,Medium,2730.6400000000003,VIP
325075,Notebook,40,2022-07-21 13:00,32.14,0.07,24.6,Accessories,Online,Not Returned,Low,1285.6,VIP
645027,USB Cable,28,2022-07-21 18:00,98.9,0.23,17.66,Accessories,In-store,Not Returned,Low,2769.2000000000003,VIP
119629,T-shirt,18,2022-07-22 11:00,79.2,0.19,8.24,Accessories,In-store,Not Returned,Medium,1425.6,VIP
513831,USB Cable,28,2022-07-23 23:00,60.12,0.26,11.28,Accessories,Online,Not Returned,High,1683.36,VIP
417473,Notebook,24,2022-07-24 13:00,87.92,0.48,16.31,Accessories,In-store,Not Returned,Medium,2110.08,VIP
184859,Blue Pen,46,2022-07-25 09:00,72.58,0.09,27.38,Accessories,In-store,Not Returned,Low,3338.68,VIP
672005,Desk Lamp,33,2022-07-26 17:00,43.92,0.03,8.06,Accessories,In-store,Not Returned,High,1449.36,VIP
117839,Desk Lamp,15,2022-07-27 07:00,92.11,0.0,26.28,Accessories,Online,Not Returned,Medium,1381.65,VIP
948226,Headphones,44,2022-07-27 22:00,54.38,0.23,12.8,Accessories,In-store,Not Returned,Low,2392.7200000000003,VIP
526542,Blue Pen,16,2022-07-28 02:00,68.17,0.21,22.2,Accessories,Online,Not Returned,Low,1090.72,VIP
508883,Office Chair,33,2022-07-28 05:00,35.63,0.03,7.33,Accessories,In-store,Not Returned,Low,1175.7900000000002,VIP
856701,Wireless Mouse,29,2022-07-28 17:00,46.44,0.36,19.51,Accessories,In-store,Not Returned,High,1346.76,VIP
427535,T-shirt,28,2022-07-29 11:00,97.56,0.38,11.99,Accessories,In-store,Not Returned,High,2731.6800000000003,VIP
609968,Wall Clock,22,2022-07-30 05:00,84.88,0.26,5.79,Accessories,Online,Not Returned,High,1867.36,VIP
760773,Backpack,45,2022-07-30 07:00,88.23,0.03,10.76,Accessories,In-store,Not Returned,Low,3970.35,VIP
139305,USB Cable,43,2022-07-30 08:00,82.46,0.15,28.01,Accessories,In-store,Not Returned,Low,3545.78,VIP
632327,Blue Pen,40,2022-07-30 22:00,95.19,0.17,15.62,Accessories,Online,Not Returned,Low,3807.6,VIP
870873,Desk Lamp,33,2022-07-31 01:00,73.56,0.31,5.45,Accessories,In-store,Not Returned,High,2427.48,VIP
936852,Desk Lamp,18,2022-07-31 03:00,65.28,0.09,23.24,Accessories,In-store,Not Returned,Low,1175.04,VIP
779044,USB Cable,35,2022-08-01 00:00,37.16,0.39,13.18,Accessories,In-store,Not Returned,Low,1300.6,VIP
213532,Headphones,33,2022-08-01 15:00,68.2,0.02,28.45,Accessories,In-store,Not Returned,Medium,2250.6,VIP
524452,Office Chair,24,2022-08-01 16:00,96.29,0.11,24.05,Accessories,Online,Not Returned,Medium,2310.96,VIP
788874,T-shirt,39,2022-08-02 01:00,59.32,0.02,24.09,Accessories,In-store,Not Returned,Medium,2313.48,VIP
532911,Backpack,39,2022-08-02 11:00,59.48,0.4,28.58,Accessories,Online,Not Returned,High,2319.72,VIP
575428,Notebook,22,2022-08-02 17:00,47.31,0.1,21.05,Accessories,Online,Not Returned,Medium,1040.8200000000002,VIP
524101,USB Cable,46,2022-08-02 22:00,25.87,0.09,10.15,Accessories,Online,Not Returned,High,1190.02,VIP
995846,White Mug,-39,2022-08-03 03:00,-68.57,1.3363345834530278,,Accessories,Online,Not Returned,Low,2674.23,VIP
118077,Desk Lamp,40,2022-08-03 07:00,72.41,0.31,20.37,Accessories,In-store,Not Returned,High,2896.4,VIP
279194,Desk Lamp,29,2022-08-03 22:00,94.79,0.16,13.84,Accessories,Online,Not Returned,Low,2748.9100000000003,VIP
774199,Wall Clock,39,2022-08-04 10:00,82.12,0.01,13.21,Accessories,In-store,Not Returned,Low,3202.6800000000003,VIP
205696,White Mug,27,2022-08-04 12:00,64.36,0.34,10.94,Accessories,In-store,Not Returned,High,1737.72,VIP
123560,White Mug,22,2022-08-05 01:00,81.04,0.42,27.55,Accessories,In-store,Not Returned,Low,1782.88,VIP
118225,T-shirt,48,2022-08-05 11:00,39.79,0.12,5.89,Accessories,Online,Not Returned,High,1909.92,VIP
464413,White Mug,30,2022-08-05 19:00,99.58,0.19,16.74,Accessories,Online,Not Returned,Medium,2987.4,VIP
861573,Blue Pen,49,2022-08-06 23:00,81.85,0.38,24.2,Accessories,In-store,Not Returned,High,4010.65,VIP
203623,Backpack,16,2022-08-07 07:00,71.22,0.38,9.6,Accessories,In-store,Not Returned,Medium,1139.52,VIP
141770,T-shirt,14,2022-08-07 14:00,96.96,0.11,20.45,Accessories,In-store,Not Returned,High,1357.4399999999998,VIP
299307,Blue Pen,39,2022-08-07 17:00,89.12,0.22,13.28,Accessories,In-store,Returned,Low,3475.6800000000003,VIP
672959,Wall Clock,44,2022-08-07 23:00,57.71,0.4,13.6,Accessories,In-store,Not Returned,Medium,2539.24,VIP
572699,Headphones,40,2022-08-08 10:00,84.86,0.49,13.42,Accessories,In-store,Not Returned,Medium,3394.4,VIP
644403,Headphones,40,2022-08-08 20:00,53.16,0.48,26.18,Accessories,In-store,Not Returned,Medium,2126.4,VIP
866656,Notebook,19,2022-08-09 05:00,90.79,0.07,27.06,Accessories,In-store,Not Returned,Low,1725.0100000000002,VIP
970783,Desk Lamp,28,2022-08-09 11:00,92.64,0.2,21.62,Accessories,Online,Not Returned,Medium,2593.92,VIP
611801,USB Cable,20,2022-08-09 14:00,52.51,0.5,13.24,Accessories,Online,Not Returned,Medium,1050.2,VIP
400206,Headphones,-48,2022-08-10 07:00,-57.93,1.3010300088867774,,Accessories,In-store,Not Returned,Low,2780.64,VIP
934787,Wireless Mouse,29,2022-08-11 20:00,50.28,0.38,11.57,Accessories,In-store,Not Returned,High,1458.12,VIP
175561,Wall Clock,34,2022-08-11 21:00,47.88,0.23,13.37,Accessories,Online,Not Returned,Medium,1627.92,VIP
703386,Backpack,26,2022-08-12 01:00,48.26,0.11,10.26,Accessories,Online,Not Returned,Low,1254.76,VIP
156625,USB Cable,14,2022-08-12 03:00,86.33,0.03,8.29,Accessories,Online,Returned,Low,1208.62,VIP
754433,Office Chair,20,2022-08-12 19:00,64.91,0.32,17.14,Accessories,Online,Returned,Medium,1298.1999999999998,VIP
435415,Desk Lamp,37,2022-08-14 03:00,75.93,0.1,7.32,Accessories,In-store,Not Returned,High,2809.4100000000003,VIP
312810,Wireless Mouse,35,2022-08-14 04:00,92.03,0.44,7.07,Accessories,Online,Not Returned,Low,3221.05,VIP
873331,White Mug,40,2022-08-14 12:00,59.82,0.49,19.34,Accessories,In-store,Not Returned,Medium,2392.8,VIP
792803,Desk Lamp,30,2022-08-14 13:00,84.57,0.21,27.72,Accessories,Online,Not Returned,High,2537.1,VIP
270316,Wall Clock,49,2022-08-14 15:00,53.8,0.4,26.6,Accessories,Online,Not Returned,Medium,2636.2,VIP
389041,Desk Lamp,33,2022-08-15 03:00,86.33,0.29,20.55,Accessories,In-store,Not Returned,Medium,2848.89,VIP
656229,Headphones,44,2022-08-15 11:00,35.47,0.08,27.08,Accessories,In-store,Not Returned,Low,1560.6799999999998,VIP
534465,T-shirt,36,2022-08-15 17:00,30.48,0.04,27.87,Accessories,In-store,Not Returned,High,1097.28,VIP
640735,Blue Pen,49,2022-08-15 19:00,65.37,0.26,21.32,Accessories,In-store,Not Returned,Medium,3203.13,VIP
186366,T-shirt,49,2022-08-16 09:00,39.6,0.19,23.98,Accessories,In-store,Not Returned,High,1940.4,VIP
572355,Wireless Mouse,46,2022-08-17 06:00,26.67,0.08,9.2,Accessories,Online,Not Returned,High,1226.8200000000002,VIP
927641,Wireless Mouse,42,2022-08-17 08:00,74.16,0.2,11.42,Accessories,In-store,Not Returned,Low,3114.72,VIP
609742,Wireless Mouse,21,2022-08-17 11:00,61.61,0.42,6.43,Accessories,Online,Not Returned,Low,1293.81,VIP
323410,Desk Lamp,19,2022-08-17 15:00,97.78,0.11,26.3,Accessories,Online,Not Returned,Medium,1857.82,VIP
386981,Notebook,45,2022-08-18 01:00,98.46,0.19,23.32,Accessories,Online,Returned,Medium,4430.7,VIP
469625,T-shirt,45,2022-08-18 07:00,39.4,0.24,9.25,Accessories,In-store,Not Returned,High,1773.0,VIP
659834,Backpack,33,2022-08-18 18:00,79.22,0.25,24.68,Accessories,Online,Not Returned,Low,2614.26,VIP
617933,White Mug,28,2022-08-19 01:00,54.42,0.38,24.11,Accessories,Online,Not Returned,High,1523.76,VIP
842868,White Mug,45,2022-08-19 07:00,63.02,0.2,19.05,Accessories,In-store,Returned,Medium,2835.9,VIP
792241,Desk Lamp,27,2022-08-20 19:00,61.23,0.07,19.0,Accessories,Online,Not Returned,Medium,1653.2099999999998,VIP
107749,Wall Clock,20,2022-08-20 21:00,80.68,0.44,25.93,Accessories,In-store,Not Returned,High,1613.6,VIP
439594,T-shirt,32,2022-08-20 23:00,44.03,0.23,16.93,Accessories,Online,Not Returned,Low,1408.96,VIP
720775,Backpack,49,2022-08-21 01:00,97.66,0.41,22.74,Accessories,Online,Not Returned,Low,4785.34,VIP
144898,Notebook,44,2022-08-21 10:00,68.36,0.1,22.9,Accessories,Online,Not Returned,Medium,3007.84,VIP
285751,Headphones,16,2022-08-21 14:00,72.28,0.11,20.25,Accessories,In-store,Not Returned,High,1156.48,VIP
778302,Wall Clock,39,2022-08-22 02:00,44.53,0.4,13.31,Accessories,Online,Not Returned,High,1736.67,VIP
537350,T-shirt,41,2022-08-22 05:00,93.21,0.17,27.53,Accessories,In-store,Not Returned,High,3821.61,VIP
705848,Desk Lamp,22,2022-08-22 11:00,77.97,0.19,14.52,Accessories,Online,Not Returned,High,1715.34,VIP
711282,Office Chair,31,2022-08-22 20:00,52.33,0.21,16.74,Accessories,In-store,Not Returned,Low,1622.23,VIP
693990,Office Chair,41,2022-08-23 10:00,32.31,0.49,22.67,Accessories,In-store,Not Returned,Medium,1324.71,VIP
901508,Notebook,40,2022-08-23 12:00,32.79,0.21,23.76,Accessories,Online,Not Returned,High,1311.6,VIP
558024,Office Chair,38,2022-08-23 15:00,80.19,0.14,22.57,Accessories,In-store,Not Returned,Medium,3047.22,VIP
620436,White Mug,40,2022-08-23 16:00,97.87,0.04,17.95,Accessories,Online,Not Returned,Low,3914.8,VIP
829063,Wireless Mouse,26,2022-08-23 22:00,39.18,0.03,16.22,Accessories,In-store,Not Returned,Medium,1018.68,VIP
763399,USB Cable,37,2022-08-24 06:00,95.4,0.3,8.64,Accessories,In-store,Not Returned,Low,3529.8,VIP
126597,Office Chair,14,2022-08-24 20:00,77.9,0.23,14.22,Accessories,In-store,Not Returned,Low,1090.6,VIP
439665,Notebook,14,2022-08-24 21:00,78.78,0.09,17.52,Accessories,In-store,Not Returned,Low,1102.92,VIP
884370,Desk Lamp,30,2022-08-25 23:00,52.8,0.27,7.72,Accessories,In-store,Not Returned,Low,1584.0,VIP
326392,Wireless Mouse,21,2022-08-26 08:00,53.01,0.39,9.44,Accessories,In-store,Not Returned,High,1113.21,VIP
621819,Notebook,40,2022-08-26 09:00,91.39,0.07,24.46,Accessories,In-store,Not Returned,High,3655.6,VIP
342174,Headphones,48,2022-08-26 10:00,69.7,0.33,28.19,Accessories,Online,Not Returned,Medium,3345.6000000000004,VIP
411146,Blue Pen,41,2022-08-27 08:00,36.5,0.18,17.68,Accessories,Online,Not Returned,Low,1496.5,VIP
986358,Wireless Mouse,42,2022-08-27 12:00,28.51,0.24,28.86,Accessories,In-store,Not Returned,High,1197.42,VIP
929599,USB Cable,29,2022-08-28 03:00,93.01,0.2,8.43,Accessories,Online,Not Returned,Medium,2697.29,VIP
974185,Wall Clock,22,2022-08-28 09:00,88.46,0.34,9.24,Accessories,In-store,Returned,High,1946.12,VIP
766067,Backpack,29,2022-08-28 10:00,50.09,0.36,24.94,Accessories,In-store,Not Returned,High,1452.61,VIP
989297,Blue Pen,39,2022-08-28 20:00,36.61,0.34,24.44,Accessories,In-store,Returned,Medium,1427.79,VIP
577258,Wireless Mouse,15,2022-08-29 02:00,81.89,0.06,20.95,Accessories,Online,Not Returned,High,1228.35,VIP
904402,USB Cable,43,2022-08-29 07:00,74.58,0.23,14.14,Accessories,Online,Not Returned,Low,3206.94,VIP
320967,Office Chair,18,2022-08-29 12:00,61.03,0.48,18.17,Accessories,In-store,Not Returned,High,1098.54,VIP
253256,Headphones,25,2022-08-30 05:00,79.97,0.09,10.86,Accessories,Online,Not Returned,High,1999.25,VIP
655284,Blue Pen,35,2022-08-31 15:00,58.97,0.1,8.59,Accessories,In-store,Returned,Medium,2063.95,VIP
688162,Desk Lamp,11,2022-08-31 16:00,92.8,0.46,11.75,Accessories,Online,Returned,Medium,1020.8,VIP
699435,Backpack,38,2022-09-01 07:00,57.19,0.19,20.71,Accessories,Online,Not Returned,Medium,2173.22,VIP
686687,Notebook,35,2022-09-01 18:00,43.28,0.34,6.61,Accessories,In-store,Not Returned,Low,1514.8,VIP
264702,USB Cable,-17,2022-09-02 10:00,-79.44,0.21,,Accessories,In-store,Not Returned,High,1350.48,VIP
800924,Office Chair,21,2022-09-02 16:00,49.94,0.03,22.26,Accessories,In-store,Not Returned,Medium,1048.74,VIP
936746,Office Chair,48,2022-09-02 22:00,93.19,0.37,15.27,Accessories,Online,Returned,Low,4473.12,VIP
375631,Wireless Mouse,26,2022-09-03 17:00,76.68,0.09,20.22,Accessories,In-store,Not Returned,Low,1993.6800000000003,VIP
514521,Headphones,34,2022-09-04 00:00,97.34,0.48,29.13,Accessories,In-store,Not Returned,High,3309.56,VIP
177932,Backpack,40,2022-09-04 08:00,87.9,0.25,10.21,Accessories,Online,Not Returned,High,3516.0,VIP
244582,Wall Clock,41,2022-09-04 20:00,50.54,0.4,23.31,Accessories,Online,Not Returned,Medium,2072.14,VIP
709026,Wall Clock,41,2022-09-04 23:00,66.15,0.37,9.76,Accessories,In-store,Not Returned,High,2712.15,VIP
799545,Backpack,45,2022-09-06 03:00,23.77,0.31,10.45,Accessories,In-store,Not Returned,Medium,1069.65,VIP
268704,T-shirt,28,2022-09-06 05:00,44.54,0.18,19.89,Accessories,In-store,Not Returned,Low,1247.12,VIP
607438,Office Chair,14,2022-09-06 09:00,81.27,0.45,10.69,Accessories,Online,Not Returned,Medium,1137.78,VIP
868475,Headphones,35,2022-09-06 22:00,95.56,0.27,7.23,Accessories,In-store,Not Returned,Low,3344.6,VIP
688330,Desk Lamp,42,2022-09-07 01:00,78.35,0.17,12.49,Accessories,Online,Not Returned,High,3290.7,VIP
674382,White Mug,39,2022-09-07 10:00,77.09,0.27,26.75,Accessories,In-store,Not Returned,Medium,3006.51,VIP
561235,Backpack,12,2022-09-08 01:00,93.62,0.03,26.0,Accessories,Online,Not Returned,Low,1123.44,VIP
520698,USB Cable,37,2022-09-08 03:00,39.38,0.38,21.89,Accessories,In-store,Not Returned,Medium,1457.0600000000002,VIP
324045,USB Cable,48,2022-09-08 15:00,44.42,0.39,25.51,Accessories,Online,Not Returned,Low,2132.16,VIP
460868,Backpack,41,2022-09-09 21:00,88.25,0.26,21.69,Accessories,Online,Returned,High,3618.25,VIP
982399,Office Chair,26,2022-09-10 00:00,88.48,0.11,11.13,Accessories,Online,Not Returned,Low,2300.48,VIP
214527,Wall Clock,31,2022-09-10 10:00,41.67,0.41,13.28,Accessories,Online,Not Returned,Medium,1291.77,VIP
615553,USB Cable,-26,2022-09-10 15:00,-58.82,0.2,,Accessories,Online,Not Returned,Low,1529.32,VIP
406405,Headphones,37,2022-09-10 17:00,85.46,0.5,19.92,Accessories,Online,Returned,Medium,3162.02,VIP
239648,T-shirt,24,2022-09-11 00:00,57.04,0.21,19.79,Accessories,Online,Not Returned,Medium,1368.96,VIP
848008,Wireless Mouse,27,2022-09-11 08:00,42.88,0.46,8.66,Accessories,In-store,Not Returned,Medium,1157.76,VIP
499884,Backpack,49,2022-09-11 21:00,70.92,0.04,21.92,Accessories,Online,Not Returned,High,3475.08,VIP
811199,Wireless Mouse,39,2022-09-12 09:00,67.03,0.05,7.87,Accessories,In-store,Not Returned,High,2614.17,VIP
283268,White Mug,34,2022-09-13 03:00,34.76,0.08,22.95,Accessories,In-store,Not Returned,Medium,1181.84,VIP
268561,White Mug,44,2022-09-13 19:00,99.14,0.2,5.76,Accessories,Online,Not Returned,High,4362.16,VIP
308320,Office Chair,30,2022-09-16 12:00,76.63,0.49,27.37,Accessories,In-store,Not Returned,Low,2298.9,VIP
477431,Office Chair,37,2022-09-16 18:00,39.8,0.07,15.8,Accessories,In-store,Not Returned,Low,1472.6,VIP
672166,White Mug,24,2022-09-17 03:00,54.9,0.26,27.02,Accessories,In-store,Not Returned,Low,1317.6,VIP
896116,White Mug,34,2022-09-17 09:00,62.4,0.05,18.78,Accessories,Online,Not Returned,Low,2121.6,VIP
979215,White Mug,44,2022-09-17 10:00,89.2,0.29,18.38,Accessories,In-store,Not Returned,Medium,3924.8,VIP
729065,Wall Clock,22,2022-09-17 18:00,60.46,0.33,29.23,Accessories,Online,Not Returned,High,1330.12,VIP
445796,Blue Pen,29,2022-09-18 10:00,80.61,0.02,23.72,Accessories,In-store,Not Returned,High,2337.69,VIP
260887,Backpack,18,2022-09-18 14:00,60.18,0.14,6.23,Accessories,Online,Not Returned,Medium,1083.24,VIP
552282,Headphones,29,2022-09-19 00:00,68.58,0.31,13.55,Accessories,In-store,Not Returned,High,1988.82,VIP
581920,Wireless Mouse,33,2022-09-19 05:00,82.47,0.29,7.27,Accessories,In-store,Not Returned,Low,2721.51,VIP
246162,Wall Clock,32,2022-09-19 19:00,93.66,0.29,27.43,Accessories,Online,Not Returned,High,2997.12,VIP
161852,Headphones,28,2022-09-21 07:00,42.42,0.03,28.22,Accessories,Online,Not Returned,Low,1187.76,VIP
128380,T-shirt,29,2022-09-21 08:00,84.28,0.17,10.55,Accessories,Online,Not Returned,High,2444.12,VIP
823571,Blue Pen,43,2022-09-22 00:00,31.59,0.29,15.41,Accessories,Online,Not Returned,Medium,1358.37,VIP
662143,Blue Pen,44,2022-09-22 20:00,34.66,0.35,11.09,Accessories,In-store,Not Returned,High,1525.04,VIP
503051,Notebook,24,2022-09-23 01:00,43.98,0.33,21.86,Accessories,In-store,Not Returned,High,1055.52,VIP
839270,USB Cable,24,2022-09-24 11:00,83.53,0.14,26.55,Accessories,In-store,Not Returned,Low,2004.72,VIP
726264,Headphones,24,2022-09-25 05:00,58.54,0.21,26.57,Accessories,Online,Not Returned,High,1404.96,VIP
585774,Backpack,36,2022-09-25 20:00,88.35,0.09,8.41,Accessories,In-store,Not Returned,Medium,3180.6,VIP
792456,Backpack,47,2022-09-26 09:00,82.44,0.22,18.57,Accessories,In-store,Not Returned,High,3874.68,VIP
765609,USB Cable,38,2022-09-28 03:00,61.33,0.22,20.01,Accessories,In-store,Not Returned,Low,2330.54,VIP
607866,Office Chair,42,2022-09-28 10:00,45.31,0.4,12.16,Accessories,Online,Not Returned,Low,1903.02,VIP
524477,T-shirt,17,2022-09-30 09:00,63.49,0.13,13.84,Accessories,Online,Not Returned,Medium,1079.33,VIP
838360,Blue Pen,34,2022-09-30 20:00,38.45,0.09,17.32,Accessories,Online,Not Returned,Low,1307.3000000000002,VIP
374244,Backpack,23,2022-10-01 02:00,76.83,0.07,28.73,Accessories,Online,Not Returned,High,1767.09,VIP
410074,T-shirt,40,2022-10-01 03:00,85.38,0.34,5.51,Accessories,In-store,Not Returned,Low,3415.2,VIP
569092,Backpack,16,2022-10-01 06:00,65.48,0.19,9.23,Accessories,Online,Not Returned,Low,1047.68,VIP
915042,Desk Lamp,37,2022-10-01 13:00,98.87,0.14,14.06,Accessories,Online,Not Returned,Medium,3658.19,VIP
284740,USB Cable,19,2022-10-01 20:00,69.17,0.25,10.15,Accessories,In-store,Returned,High,1314.23,VIP
915982,White Mug,44,2022-10-01 22:00,82.82,0.04,17.84,Accessories,Online,Returned,Medium,3644.08,VIP
579367,Blue Pen,45,2022-10-01 23:00,66.24,0.05,8.84,Accessories,In-store,Not Returned,Medium,2980.8,VIP
918964,Wall Clock,45,2022-10-02 10:00,84.51,0.04,14.33,Accessories,In-store,Not Returned,Medium,3802.95,VIP
350322,Wireless Mouse,42,2022-10-02 17:00,27.26,0.26,24.37,Accessories,In-store,Not Returned,Low,1144.92,VIP
805722,Desk Lamp,26,2022-10-02 22:00,45.25,0.12,28.81,Accessories,In-store,Not Returned,High,1176.5,VIP
989515,T-shirt,23,2022-10-04 06:00,74.56,0.13,13.23,Accessories,In-store,Returned,Medium,1714.88,VIP
802551,T-shirt,43,2022-10-04 18:00,52.04,0.38,16.9,Accessories,In-store,Not Returned,Medium,2237.72,VIP
633415,Wireless Mouse,30,2022-10-04 22:00,45.07,0.32,15.23,Accessories,In-store,Returned,Medium,1352.1,VIP
210210,Backpack,48,2022-10-05 17:00,40.02,0.35,6.28,Accessories,In-store,Not Returned,Medium,1920.96,VIP
418193,Headphones,36,2022-10-05 22:00,41.68,0.15,14.21,Accessories,Online,Not Returned,Low,1500.48,VIP
791858,White Mug,27,2022-10-06 02:00,73.59,0.11,10.96,Accessories,In-store,Not Returned,High,1986.93,VIP
981450,T-shirt,37,2022-10-06 05:00,56.78,0.45,7.48,Accessories,In-store,Not Returned,High,2100.86,VIP
112453,White Mug,43,2022-10-06 11:00,92.39,0.28,7.33,Accessories,Online,Not Returned,High,3972.77,VIP
675087,Notebook,36,2022-10-06 22:00,55.38,0.37,28.49,Accessories,In-store,Not Returned,Low,1993.68,VIP
765508,Backpack,20,2022-10-07 11:00,88.46,0.17,11.07,Accessories,In-store,Returned,Low,1769.1999999999998,VIP
253552,Wall Clock,42,2022-10-07 16:00,61.08,0.27,14.14,Accessories,Online,Not Returned,High,2565.36,VIP
801477,Backpack,30,2022-10-08 04:00,69.44,0.11,15.08,Accessories,Online,Not Returned,High,2083.2,VIP
685093,Wall Clock,26,2022-10-08 11:00,52.6,0.11,7.98,Accessories,Online,Not Returned,Low,1367.6,VIP
282482,Wall Clock,32,2022-10-09 03:00,60.63,0.49,19.69,Accessories,Online,Not Returned,High,1940.16,VIP
464758,White Mug,24,2022-10-09 07:00,65.91,0.33,9.37,Accessories,Online,Not Returned,High,1581.84,VIP
107312,Notebook,16,2022-10-09 23:00,84.31,0.04,23.29,Accessories,Online,Not Returned,Medium,1348.96,VIP
317522,T-shirt,20,2022-10-10 03:00,76.7,0.37,5.86,Accessories,In-store,Not Returned,Low,1534.0,VIP
831685,White Mug,32,2022-10-10 17:00,99.75,0.04,14.07,Accessories,Online,Not Returned,Medium,3192.0,VIP
426158,USB Cable,24,2022-10-10 21:00,62.61,0.26,13.34,Accessories,Online,Not Returned,Low,1502.64,VIP
723031,Wall Clock,33,2022-10-11 03:00,48.19,0.45,19.96,Accessories,In-store,Not Returned,Low,1590.27,VIP
977622,Desk Lamp,18,2022-10-11 06:00,92.78,0.06,18.62,Accessories,Online,Not Returned,Low,1670.04,VIP
168745,Backpack,42,2022-10-11 12:00,72.01,0.17,17.71,Accessories,In-store,Not Returned,Medium,3024.42,VIP
587843,Wall Clock,35,2022-10-11 19:00,48.41,0.17,23.16,Accessories,Online,Not Returned,High,1694.35,VIP
114425,Wireless Mouse,-23,2022-10-12 02:00,-53.84,1.9150947045130493,,Accessories,Online,Not Returned,Medium,1238.3200000000002,VIP
413625,Blue Pen,15,2022-10-12 03:00,73.95,0.12,15.36,Accessories,In-store,Not Returned,High,1109.25,VIP
276950,Headphones,49,2022-10-13 10:00,81.03,0.19,20.6,Accessories,Online,Not Returned,Medium,3970.47,VIP
113162,Desk Lamp,26,2022-10-13 12:00,98.43,0.49,11.33,Accessories,In-store,Not Returned,High,2559.1800000000003,VIP
648536,T-shirt,44,2022-10-14 13:00,44.73,0.46,27.4,Accessories,Online,Not Returned,High,1968.12,VIP
452410,White Mug,43,2022-10-14 23:00,94.01,0.15,22.96,Accessories,In-store,Not Returned,High,4042.43,VIP
795788,T-shirt,27,2022-10-15 11:00,85.9,0.38,17.41,Accessories,In-store,Not Returned,High,2319.3,VIP
117038,Backpack,38,2022-10-15 15:00,84.53,0.21,11.62,Accessories,In-store,Not Returned,Low,3212.14,VIP
983513,Blue Pen,45,2022-10-15 22:00,96.28,0.43,17.38,Accessories,In-store,Not Returned,Medium,4332.6,VIP
368818,T-shirt,42,2022-10-16 00:00,39.26,0.41,29.94,Accessories,In-store,Not Returned,High,1648.9199999999998,VIP
367590,Wall Clock,47,2022-10-16 02:00,40.51,0.03,20.32,Accessories,Online,Not Returned,High,1903.97,VIP
831362,Wireless Mouse,28,2022-10-16 07:00,39.88,0.43,22.18,Accessories,In-store,Not Returned,Low,1116.64,VIP
408176,USB Cable,23,2022-10-18 05:00,45.15,0.24,14.92,Accessories,Online,Not Returned,Medium,1038.45,VIP
362696,White Mug,31,2022-10-18 10:00,40.71,0.43,22.24,Accessories,Online,Returned,Medium,1262.01,VIP
724351,Blue Pen,37,2022-10-19 04:00,32.53,0.46,9.16,Accessories,In-store,Not Returned,High,1203.61,VIP
639989,Notebook,47,2022-10-19 17:00,34.8,0.26,24.64,Accessories,Online,Not Returned,Medium,1635.6,VIP
803786,Wall Clock,-24,2022-10-20 01:00,-72.93,1.9701232939745128,,Accessories,Online,Not Returned,Medium,1750.3200000000002,VIP
798081,Desk Lamp,43,2022-10-21 04:00,30.99,0.07,5.31,Accessories,Online,Not Returned,High,1332.57,VIP
534166,Desk Lamp,32,2022-10-21 18:00,86.87,0.37,20.44,Accessories,Online,Not Returned,Low,2779.84,VIP
580265,Wireless Mouse,32,2022-10-22 17:00,63.0,0.17,25.37,Accessories,In-store,Not Returned,Medium,2016.0,VIP
956371,Backpack,39,2022-10-22 18:00,30.82,0.09,17.46,Accessories,Online,Not Returned,Low,1201.98,VIP
332686,T-shirt,46,2022-10-22 21:00,42.72,0.24,7.15,Accessories,In-store,Not Returned,Medium,1965.12,VIP
224703,T-shirt,33,2022-10-23 04:00,92.01,0.1,16.81,Accessories,Online,Not Returned,High,3036.3300000000004,VIP
522698,Wireless Mouse,26,2022-10-23 05:00,52.09,0.02,16.65,Accessories,In-store,Not Returned,Medium,1354.34,VIP
558146,Desk Lamp,40,2022-10-23 09:00,67.57,0.4,24.52,Accessories,Online,Not Returned,Medium,2702.8,VIP
879833,Wall Clock,25,2022-10-23 15:00,79.76,0.44,7.24,Accessories,In-store,Not Returned,Medium,1994.0,VIP
793375,Notebook,16,2022-10-23 20:00,86.72,0.06,29.45,Accessories,Online,Not Returned,Low,1387.52,VIP
981461,Backpack,30,2022-10-23 23:00,95.61,0.42,12.89,Accessories,Online,Not Returned,Low,2868.3,VIP
957263,Desk Lamp,39,2022-10-25 08:00,35.84,0.4,7.36,Accessories,In-store,Not Returned,Medium,1397.7600000000002,VIP
230374,T-shirt,21,2022-10-25 21:00,98.23,0.08,11.09,Accessories,In-store,Returned,Medium,2062.83,VIP
390635,T-shirt,28,2022-10-26 13:00,98.25,0.01,10.73,Accessories,Online,Not Returned,Low,2751.0,VIP
689812,Notebook,47,2022-10-27 15:00,66.09,0.14,11.17,Accessories,In-store,Not Returned,Low,3106.23,VIP
230017,Office Chair,22,2022-11-01 16:00,61.37,0.41,19.28,Accessories,In-store,Not Returned,High,1350.14,VIP
557582,Headphones,24,2022-11-01 19:00,50.33,0.36,26.96,Accessories,In-store,Not Returned,High,1207.92,VIP
763062,White Mug,32,2022-11-01 21:00,49.09,0.24,11.48,Accessories,In-store,Not Returned,Medium,1570.88,VIP
840079,Blue Pen,37,2022-11-02 10:00,39.67,0.46,19.17,Accessories,In-store,Not Returned,Medium,1467.79,VIP
334849,White Mug,41,2022-11-02 13:00,30.82,0.05,27.33,Accessories,In-store,Not Returned,Low,1263.62,VIP
596383,Wall Clock,17,2022-11-03 01:00,77.44,0.03,16.09,Accessories,In-store,Not Returned,High,1316.48,VIP
897826,Backpack,27,2022-11-03 08:00,38.82,0.12,12.07,Accessories,Online,Not Returned,Low,1048.14,VIP
617912,Notebook,35,2022-11-03 10:00,84.94,0.14,19.88,Accessories,In-store,Not Returned,Low,2972.9,VIP
177318,Wireless Mouse,33,2022-11-03 16:00,81.49,0.37,11.59,Accessories,In-store,Not Returned,Medium,2689.17,VIP
432306,USB Cable,17,2022-11-03 17:00,79.83,0.15,24.25,Accessories,Online,Not Returned,High,1357.11,VIP
704789,Notebook,42,2022-11-04 15:00,53.39,0.31,24.7,Accessories,Online,Not Returned,Low,2242.38,VIP
567432,Desk Lamp,41,2022-11-04 21:00,75.49,0.04,22.49,Accessories,Online,Not Returned,Medium,3095.09,VIP
874324,Backpack,30,2022-11-04 22:00,88.39,0.16,18.5,Accessories,In-store,Not Returned,Medium,2651.7,VIP
183035,Wireless Mouse,40,2022-11-05 04:00,25.11,0.11,16.14,Accessories,Online,Not Returned,Medium,1004.4,VIP
804136,Office Chair,19,2022-11-05 21:00,57.0,0.12,10.44,Accessories,In-store,Not Returned,Medium,1083.0,VIP
545278,Headphones,22,2022-11-07 14:00,59.09,0.31,10.47,Accessories,Online,Not Returned,Low,1299.98,VIP
804225,Headphones,40,2022-11-07 21:00,30.07,0.29,10.57,Accessories,Online,Not Returned,High,1202.8,VIP
269173,Notebook,23,2022-11-09 06:00,65.99,0.48,13.77,Accessories,Online,Not Returned,Medium,1517.77,VIP
226419,Backpack,48,2022-11-10 03:00,81.9,0.27,21.8,Accessories,In-store,Not Returned,Low,3931.2,VIP
928308,Wall Clock,47,2022-11-10 06:00,95.82,0.31,15.47,Accessories,In-store,Not Returned,Low,4503.54,VIP
623111,USB Cable,25,2022-11-10 11:00,44.64,0.1,18.7,Accessories,In-store,Not Returned,High,1116.0,VIP
986469,Backpack,35,2022-11-11 01:00,51.65,0.15,15.57,Accessories,Online,Not Returned,High,1807.75,VIP
100189,Blue Pen,38,2022-11-12 12:00,75.49,0.36,11.94,Accessories,Online,Not Returned,Medium,2868.62,VIP
834742,USB Cable,45,2022-11-13 07:00,82.26,0.18,13.94,Accessories,Online,Not Returned,Medium,3701.7,VIP
135607,Headphones,39,2022-11-13 14:00,82.39,0.33,24.84,Accessories,In-store,Not Returned,Low,3213.21,VIP
529497,White Mug,43,2022-11-13 16:00,44.26,0.35,9.75,Accessories,Online,Not Returned,Medium,1903.18,VIP
846478,Wall Clock,28,2022-11-14 10:00,37.62,0.0,5.59,Accessories,In-store,Not Returned,High,1053.36,VIP
769384,Wireless Mouse,40,2022-11-14 11:00,92.31,0.28,10.56,Accessories,In-store,Not Returned,Medium,3692.4,VIP
162995,Notebook,18,2022-11-15 06:00,90.82,0.1,20.33,Accessories,In-store,Returned,Low,1634.7599999999998,VIP
702565,Headphones,22,2022-11-15 08:00,86.93,0.23,27.55,Accessories,Online,Not Returned,Medium,1912.46,VIP
563593,Wireless Mouse,19,2022-11-15 09:00,54.03,0.42,9.9,Accessories,In-store,Returned,High,1026.57,VIP
458255,Notebook,42,2022-11-15 11:00,57.82,0.22,27.93,Accessories,In-store,Not Returned,High,2428.44,VIP
638706,Wall Clock,15,2022-11-15 16:00,87.74,0.49,15.63,Accessories,Online,Not Returned,High,1316.1,VIP
966555,Backpack,20,2022-11-15 22:00,83.01,0.04,20.19,Accessories,In-store,Not Returned,High,1660.2,VIP
933430,Wall Clock,28,2022-11-16 22:00,66.14,0.31,11.58,Accessories,In-store,Not Returned,Medium,1851.92,VIP
286773,Blue Pen,38,2022-11-16 23:00,89.32,0.43,17.35,Accessories,In-store,Returned,Medium,3394.16,VIP
600590,Wall Clock,26,2022-11-17 12:00,61.41,0.25,7.45,Accessories,In-store,Not Returned,Medium,1596.66,VIP
449773,USB Cable,-14,2022-11-17 15:00,-88.64,0.27,,Accessories,Online,Not Returned,Medium,1240.96,VIP
429711,USB Cable,45,2022-11-19 07:00,86.38,0.33,9.46,Accessories,Online,Not Returned,High,3887.1,VIP
776124,Wall Clock,13,2022-11-19 23:00,91.99,0.3,26.91,Accessories,In-store,Not Returned,Low,1195.87,VIP
767245,Headphones,32,2022-11-20 04:00,93.07,0.12,21.68,Accessories,Online,Not Returned,Medium,2978.24,VIP
382469,Headphones,40,2022-11-20 10:00,29.65,0.4,5.96,Accessories,Online,Returned,Medium,1186.0,VIP
573937,Blue Pen,28,2022-11-20 12:00,99.03,0.14,29.42,Accessories,Online,Not Returned,Medium,2772.84,VIP
153096,USB Cable,40,2022-11-20 14:00,81.97,0.1,19.85,Accessories,Online,Returned,Medium,3278.8,VIP
204820,Headphones,35,2022-11-21 00:00,50.41,0.38,6.34,Accessories,In-store,Not Returned,Low,1764.35,VIP
627254,Notebook,42,2022-11-21 23:00,64.34,0.18,5.44,Accessories,Online,Not Returned,High,2702.28,VIP
792664,T-shirt,36,2022-11-22 02:00,69.0,0.3,8.08,Accessories,Online,Returned,High,2484.0,VIP
542493,Wall Clock,43,2022-11-22 03:00,50.57,0.19,7.39,Accessories,Online,Not Returned,Low,2174.51,VIP
551436,Wireless Mouse,29,2022-11-22 13:00,96.21,0.02,5.32,Accessories,In-store,Not Returned,Medium,2790.09,VIP
973523,White Mug,49,2022-11-22 16:00,98.51,0.1,20.83,Accessories,In-store,Not Returned,High,4826.990000000001,VIP
948667,Wall Clock,42,2022-11-22 23:00,70.29,0.28,22.03,Accessories,In-store,Not Returned,Low,2952.1800000000003,VIP
975955,T-shirt,40,2022-11-23 09:00,26.06,0.18,24.89,Accessories,Online,Not Returned,High,1042.4,VIP
758596,Headphones,14,2022-11-23 14:00,92.96,0.06,29.56,Accessories,Online,Not Returned,Low,1301.4399999999998,VIP
462315,USB Cable,42,2022-11-23 21:00,85.84,0.4,26.47,Accessories,Online,Not Returned,High,3605.28,VIP
499547,White Mug,23,2022-11-24 08:00,89.48,0.15,8.15,Accessories,Online,Not Returned,Medium,2058.04,VIP
206435,White Mug,17,2022-11-24 13:00,65.44,0.29,24.69,Accessories,In-store,Not Returned,Low,1112.48,VIP
100068,Blue Pen,31,2022-11-24 21:00,86.24,0.35,28.86,Accessories,Online,Not Returned,High,2673.44,VIP
319831,T-shirt,45,2022-11-28 01:00,70.18,0.25,19.68,Accessories,In-store,Not Returned,Low,3158.1000000000004,VIP
605871,Desk Lamp,19,2022-11-28 11:00,70.34,0.02,17.88,Accessories,Online,Not Returned,Medium,1336.46,VIP
759650,Office Chair,18,2022-11-28 12:00,91.68,0.16,11.85,Accessories,Online,Not Returned,High,1650.2400000000002,VIP
916570,Backpack,20,2022-11-28 14:00,86.56,0.37,26.54,Accessories,In-store,Not Returned,High,1731.2,VIP
554500,Office Chair,42,2022-11-29 03:00,43.57,0.23,5.31,Accessories,Online,Not Returned,High,1829.94,VIP
931143,Backpack,16,2022-11-29 11:00,78.77,0.01,12.83,Accessories,In-store,Not Returned,High,1260.32,VIP
238260,T-shirt,42,2022-11-30 06:00,72.1,0.2,22.14,Accessories,In-store,Returned,Low,3028.2,VIP
552827,Wall Clock,30,2022-12-01 09:00,84.87,0.42,23.66,Accessories,In-store,Not Returned,Medium,2546.1000000000004,VIP
637214,Office Chair,37,2022-12-01 14:00,38.33,0.42,23.96,Accessories,In-store,Not Returned,Medium,1418.21,VIP
854719,USB Cable,21,2022-12-01 15:00,88.23,0.34,12.9,Accessories,In-store,Not Returned,Medium,1852.83,VIP
127235,Blue Pen,33,2022-12-02 12:00,64.55,0.13,11.45,Accessories,In-store,Not Returned,Low,2130.15,VIP
329652,White Mug,40,2022-12-04 02:00,31.08,0.22,5.51,Accessories,Online,Not Returned,Medium,1243.1999999999998,VIP
137869,White Mug,18,2022-12-04 04:00,60.99,0.39,11.09,Accessories,Online,Not Returned,Medium,1097.82,VIP
767861,White Mug,13,2022-12-04 06:00,78.7,0.17,25.06,Accessories,In-store,Not Returned,High,1023.1,VIP
569313,T-shirt,22,2022-12-04 17:00,49.32,0.33,17.79,Accessories,Online,Not Returned,Medium,1085.04,VIP
719165,Headphones,30,2022-12-04 21:00,95.24,0.41,17.08,Accessories,Online,Not Returned,Low,2857.2,VIP
129715,Wireless Mouse,33,2022-12-05 13:00,95.22,0.17,16.23,Accessories,In-store,Not Returned,High,3142.26,VIP
318400,USB Cable,28,2022-12-05 14:00,91.0,0.09,17.05,Accessories,In-store,Not Returned,High,2548.0,VIP
420760,Blue Pen,33,2022-12-06 00:00,66.46,0.07,11.57,Accessories,Online,Not Returned,High,2193.18,VIP
508965,Office Chair,46,2022-12-06 05:00,30.86,0.33,15.32,Accessories,In-store,Not Returned,Medium,1419.56,VIP
419115,Desk Lamp,17,2022-12-06 16:00,68.97,0.48,10.76,Accessories,In-store,Not Returned,High,1172.49,VIP
195195,Notebook,48,2022-12-06 20:00,34.73,0.23,14.26,Accessories,Online,Not Returned,High,1667.04,VIP
134370,Backpack,35,2022-12-07 02:00,38.78,0.01,13.89,Accessories,Online,Not Returned,Medium,1357.3,VIP
553245,T-shirt,19,2022-12-07 14:00,73.48,0.28,11.69,Accessories,Online,Not Returned,Medium,1396.12,VIP
587129,USB Cable,45,2022-12-07 15:00,84.74,0.14,6.31,Accessories,In-store,Not Returned,Medium,3813.3,VIP
379190,Backpack,21,2022-12-08 02:00,67.54,0.32,23.04,Accessories,In-store,Not Returned,Medium,1418.34,VIP
481003,Wall Clock,42,2022-12-08 10:00,56.91,0.48,7.47,Accessories,In-store,Not Returned,High,2390.22,VIP
741383,Blue Pen,-20,2022-12-08 21:00,-56.21,0.22,,Accessories,Online,Not Returned,Low,1124.2,VIP
922317,USB Cable,47,2022-12-09 01:00,75.3,0.28,28.2,Accessories,In-store,Not Returned,High,3539.1,VIP
530645,Desk Lamp,37,2022-12-09 08:00,61.55,0.05,24.25,Accessories,Online,Not Returned,High,2277.35,VIP
742467,Blue Pen,27,2022-12-10 07:00,69.79,0.15,13.0,Accessories,Online,Not Returned,High,1884.33,VIP
456035,Backpack,32,2022-12-11 11:00,60.93,0.0,26.29,Accessories,In-store,Returned,Medium,1949.76,VIP
263396,Desk Lamp,24,2022-12-11 17:00,57.28,0.2,18.65,Accessories,Online,Returned,Medium,1374.72,VIP
380866,White Mug,23,2022-12-12 19:00,65.46,0.47,13.6,Accessories,Online,Not Returned,Low,1505.58,VIP
796761,Wall Clock,22,2022-12-13 16:00,98.5,0.5,27.35,Accessories,In-store,Not Returned,Low,2167.0,VIP
166553,T-shirt,41,2022-12-14 01:00,90.23,0.25,28.02,Accessories,Online,Not Returned,Low,3699.43,VIP
802175,Notebook,26,2022-12-14 12:00,60.36,0.06,9.7,Accessories,Online,Not Returned,High,1569.36,VIP
144067,Notebook,27,2022-12-14 20:00,77.68,0.36,28.55,Accessories,In-store,Not Returned,Medium,2097.36,VIP
986801,Wireless Mouse,22,2022-12-15 19:00,54.0,0.0,28.71,Accessories,In-store,Not Returned,Medium,1188.0,VIP
326073,USB Cable,28,2022-12-16 00:00,59.11,0.06,29.6,Accessories,Online,Not Returned,High,1655.08,VIP
787703,USB Cable,32,2022-12-16 03:00,35.51,0.44,16.63,Accessories,Online,Not Returned,Medium,1136.32,VIP
722041,White Mug,35,2022-12-16 20:00,97.6,0.28,21.91,Accessories,In-store,Not Returned,Medium,3416.0,VIP
471007,Headphones,30,2022-12-16 23:00,89.43,0.05,10.96,Accessories,In-store,Not Returned,Low,2682.9,VIP
264411,USB Cable,44,2022-12-17 14:00,25.52,0.42,13.83,Accessories,Online,Not Returned,Low,1122.88,VIP
576669,T-shirt,39,2022-12-18 07:00,57.47,0.15,8.68,Accessories,Online,Returned,Medium,2241.33,VIP
514919,Wireless Mouse,12,2022-12-18 16:00,84.7,0.31,28.04,Accessories,Online,Not Returned,Medium,1016.4,VIP
890919,Office Chair,37,2022-12-19 00:00,60.81,0.21,14.18,Accessories,In-store,Not Returned,Low,2249.9700000000003,VIP
898450,USB Cable,25,2022-12-19 01:00,60.52,0.39,26.1,Accessories,In-store,Not Returned,Low,1513.0,VIP
911399,T-shirt,44,2022-12-19 19:00,45.15,0.18,25.09,Accessories,Online,Not Returned,High,1986.6,VIP
987973,Headphones,12,2022-12-20 00:00,91.61,0.38,25.19,Accessories,In-store,Not Returned,Medium,1099.32,VIP
974664,Office Chair,31,2022-12-20 06:00,90.9,0.35,12.55,Accessories,Online,Not Returned,High,2817.9,VIP
197739,Wireless Mouse,35,2022-12-20 12:00,86.13,0.13,20.28,Accessories,In-store,Not Returned,Medium,3014.55,VIP
662912,Desk Lamp,29,2022-12-20 18:00,94.46,0.32,22.65,Accessories,Online,Not Returned,High,2739.34,VIP
590548,Office Chair,20,2022-12-20 21:00,64.26,0.41,15.92,Accessories,In-store,Not Returned,Medium,1285.2,VIP
315363,Backpack,22,2022-12-21 16:00,96.71,0.06,9.2,Accessories,Online,Not Returned,Medium,2127.62,VIP
197847,White Mug,49,2022-12-21 17:00,47.16,0.36,13.01,Accessories,In-store,Not Returned,High,2310.84,VIP
829988,Office Chair,40,2022-12-22 01:00,43.57,0.02,29.01,Accessories,In-store,Not Returned,High,1742.8,VIP
858849,Notebook,39,2022-12-22 16:00,28.19,0.25,26.5,Accessories,In-store,Not Returned,Medium,1099.41,VIP
493576,Desk Lamp,45,2022-12-24 04:00,32.71,0.37,25.59,Accessories,In-store,Not Returned,High,1471.95,VIP
882190,Backpack,32,2022-12-26 16:00,33.82,0.04,11.19,Accessories,In-store,Not Returned,Low,1082.24,VIP
457345,Desk Lamp,49,2022-12-26 22:00,58.89,0.06,28.56,Accessories,In-store,Not Returned,Medium,2885.61,VIP
825925,USB Cable,26,2022-12-27 16:00,91.56,0.43,14.12,Accessories,In-store,Not Returned,High,2380.56,VIP
180225,Backpack,44,2022-12-28 00:00,50.54,0.27,16.78,Accessories,Online,Not Returned,Medium,2223.76,VIP
574766,Blue Pen,35,2022-12-28 03:00,71.66,0.34,11.08,Accessories,In-store,Not Returned,Low,2508.1,VIP
502003,Blue Pen,16,2022-12-28 13:00,97.24,0.28,25.05,Accessories,In-store,Not Returned,Medium,1555.84,VIP
452072,Office Chair,22,2022-12-30 14:00,80.6,0.26,16.89,Accessories,Online,Not Returned,High,1773.1999999999998,VIP
831573,Wall Clock,42,2022-12-30 18:00,65.61,0.45,26.31,Accessories,Online,Not Returned,Low,2755.62,VIP
411009,Desk Lamp,46,2022-12-31 20:00,92.88,0.29,15.04,Accessories,Online,Not Returned,Medium,4272.48,VIP
154457,Wall Clock,38,2022-12-31 21:00,42.04,0.49,6.62,Accessories,Online,Not Returned,Medium,1597.52,VIP
398402,Office Chair,39,2023-01-01 02:00,97.08,0.4,7.96,Accessories,Online,Not Returned,Medium,3786.12,VIP
806691,Wall Clock,12,2023-01-01 08:00,95.6,0.19,6.85,Accessories,In-store,Not Returned,Medium,1147.1999999999998,VIP
382224,Headphones,31,2023-01-01 17:00,57.23,0.49,6.92,Accessories,Online,Not Returned,Medium,1774.13,VIP
315045,Backpack,37,2023-01-02 16:00,32.49,0.42,6.01,Accessories,Online,Not Returned,Low,1202.13,VIP
690017,Desk Lamp,22,2023-01-02 18:00,80.33,0.43,12.36,Accessories,Online,Not Returned,High,1767.26,VIP
734153,Blue Pen,33,2023-01-03 23:00,32.61,0.46,15.68,Accessories,Online,Not Returned,Medium,1076.13,VIP
797996,Notebook,46,2023-01-04 01:00,55.31,0.44,13.82,Accessories,Online,Not Returned,Low,2544.26,VIP
841277,Backpack,33,2023-01-04 04:00,30.88,0.38,7.05,Accessories,In-store,Not Returned,Low,1019.04,VIP
143638,Wireless Mouse,36,2023-01-04 07:00,51.84,0.09,12.48,Accessories,Online,Not Returned,High,1866.24,VIP
821662,Wall Clock,13,2023-01-04 17:00,97.21,0.4,18.08,Accessories,In-store,Not Returned,High,1263.73,VIP
314480,Desk Lamp,31,2023-01-04 23:00,54.67,0.28,18.0,Accessories,In-store,Not Returned,Low,1694.77,VIP
373994,Wireless Mouse,-33,2023-01-07 11:00,-34.37,1.3282529325719865,,Accessories,In-store,Not Returned,Medium,1134.2099999999998,VIP
811562,Headphones,36,2023-01-07 17:00,67.08,0.3,26.65,Accessories,In-store,Not Returned,Low,2414.88,VIP
521541,Office Chair,33,2023-01-07 19:00,33.5,0.22,23.11,Accessories,In-store,Not Returned,High,1105.5,VIP
904890,Office Chair,47,2023-01-07 20:00,71.37,0.21,23.66,Accessories,Online,Not Returned,High,3354.3900000000003,VIP
849440,Wireless Mouse,39,2023-01-08 00:00,35.25,0.1,23.22,Accessories,Online,Not Returned,Low,1374.75,VIP
593622,Blue Pen,40,2023-01-08 08:00,76.83,0.3,22.04,Accessories,In-store,Not Returned,High,3073.2,VIP
750616,Desk Lamp,33,2023-01-08 12:00,39.79,0.36,21.26,Accessories,Online,Returned,Medium,1313.07,VIP
796780,Blue Pen,23,2023-01-08 20:00,46.08,0.15,7.53,Accessories,Online,Not Returned,High,1059.84,VIP
564962,Notebook,20,2023-01-09 09:00,65.23,0.07,6.62,Accessories,Online,Not Returned,High,1304.6,VIP
833413,Office Chair,24,2023-01-09 10:00,61.73,0.16,23.42,Accessories,In-store,Not Returned,Low,1481.52,VIP
450484,USB Cable,19,2023-01-09 14:00,55.85,0.25,8.77,Accessories,In-store,Not Returned,Medium,1061.15,VIP
412570,USB Cable,18,2023-01-09 18:00,59.97,0.09,19.33,Accessories,Online,Not Returned,Medium,1079.46,VIP
400670,Desk Lamp,24,2023-01-10 06:00,77.72,0.29,16.34,Accessories,In-store,Not Returned,Medium,1865.28,VIP
203578,White Mug,30,2023-01-10 15:00,49.71,0.3,23.71,Accessories,In-store,Not Returned,High,1491.3,VIP
634299,Wireless Mouse,29,2023-01-11 11:00,88.12,0.24,18.75,Accessories,In-store,Not Returned,Low,2555.48,VIP
517935,Desk Lamp,28,2023-01-11 19:00,41.37,0.02,27.53,Accessories,In-store,Not Returned,Medium,1158.36,VIP
877765,White Mug,42,2023-01-12 07:00,96.88,0.29,17.61,Accessories,Online,Not Returned,Medium,4068.96,VIP
223355,Headphones,35,2023-01-12 17:00,69.96,0.48,19.47,Accessories,In-store,Not Returned,High,2448.6,VIP
264364,White Mug,44,2023-01-12 19:00,90.3,0.17,5.76,Accessories,Online,Not Returned,Medium,3973.2,VIP
637275,Wall Clock,24,2023-01-13 08:00,58.51,0.24,16.11,Accessories,Online,Not Returned,Low,1404.24,VIP
147582,USB Cable,34,2023-01-13 18:00,33.34,0.46,18.33,Accessories,In-store,Not Returned,Medium,1133.5600000000002,VIP
998027,Notebook,35,2023-01-13 20:00,50.05,0.33,19.66,Accessories,Online,Not Returned,Low,1751.75,VIP
887719,Wireless Mouse,29,2023-01-14 00:00,67.14,0.46,10.34,Accessories,Online,Not Returned,High,1947.06,VIP
514380,Wireless Mouse,22,2023-01-14 05:00,57.92,0.4,10.44,Accessories,Online,Not Returned,Low,1274.24,VIP
966971,Notebook,46,2023-01-15 09:00,52.2,0.25,12.78,Accessories,Online,Not Returned,High,2401.2000000000003,VIP
976650,Backpack,47,2023-01-15 15:00,30.0,0.17,7.57,Accessories,In-store,Returned,High,1410.0,VIP
580970,Desk Lamp,49,2023-01-16 16:00,25.39,0.21,29.93,Accessories,In-store,Not Returned,High,1244.11,VIP
410719,USB Cable,16,2023-01-16 18:00,85.47,0.14,20.83,Accessories,Online,Not Returned,Low,1367.52,VIP
207904,Blue Pen,37,2023-01-17 12:00,68.04,0.1,20.9,Accessories,In-store,Not Returned,High,2517.48,VIP
739240,USB Cable,27,2023-01-17 14:00,76.81,0.1,8.15,Accessories,In-store,Not Returned,High,2073.87,VIP
622471,Blue Pen,18,2023-01-17 20:00,92.73,0.19,16.86,Accessories,In-store,Not Returned,Medium,1669.14,VIP
312875,Headphones,-29,2023-01-18 05:00,-40.61,1.8176518634927827,,Accessories,In-store,Not Returned,High,1177.69,VIP
131516,Wireless Mouse,35,2023-01-18 10:00,81.97,0.37,18.74,Accessories,In-store,Not Returned,High,2868.95,VIP
543738,USB Cable,39,2023-01-19 05:00,84.7,0.34,22.9,Accessories,Online,Not Returned,Medium,3303.3,VIP
782315,White Mug,13,2023-01-19 16:00,99.77,0.1,14.2,Accessories,Online,Not Returned,Low,1297.01,VIP
324155,Headphones,31,2023-01-19 20:00,65.95,0.26,19.28,Accessories,In-store,Returned,High,2044.45,VIP
733141,Notebook,32,2023-01-20 09:00,46.21,0.19,16.42,Accessories,In-store,Not Returned,High,1478.72,VIP
240707,Office Chair,13,2023-01-20 11:00,95.85,0.05,20.46,Accessories,Online,Not Returned,Low,1246.05,VIP
682930,USB Cable,30,2023-01-21 16:00,99.96,0.44,22.75,Accessories,In-store,Not Returned,High,2998.8,VIP
689413,Backpack,17,2023-01-22 12:00,63.89,0.05,11.61,Accessories,Online,Not Returned,High,1086.13,VIP
233001,Office Chair,37,2023-01-23 03:00,82.0,0.14,7.27,Accessories,Online,Not Returned,Medium,3034.0,VIP
868731,Wireless Mouse,16,2023-01-24 01:00,97.55,0.39,27.53,Accessories,Online,Not Returned,High,1560.8,VIP
656459,Wall Clock,-45,2023-01-24 04:00,-39.93,1.3766116738497505,,Accessories,Online,Not Returned,High,1796.85,VIP
571939,Wireless Mouse,35,2023-01-24 13:00,47.53,0.39,29.86,Accessories,In-store,Returned,Medium,1663.55,VIP
624712,Wireless Mouse,42,2023-01-24 14:00,32.93,0.01,5.68,Accessories,Online,Not Returned,Low,1383.06,VIP
650929,Headphones,12,2023-01-24 16:00,89.64,0.12,10.46,Accessories,In-store,Not Returned,High,1075.68,VIP
289896,T-shirt,20,2023-01-25 10:00,68.63,0.2,16.48,Accessories,In-store,Not Returned,High,1372.6,VIP
412518,Office Chair,13,2023-01-26 06:00,99.27,0.08,15.05,Accessories,In-store,Not Returned,High,1290.51,VIP
661544,Office Chair,39,2023-01-26 14:00,45.25,0.16,11.87,Accessories,Online,Not Returned,High,1764.75,VIP
862570,White Mug,23,2023-01-26 19:00,89.26,0.16,5.03,Accessories,In-store,Not Returned,Low,2052.98,VIP
789186,Desk Lamp,46,2023-01-27 16:00,95.14,0.3,8.42,Accessories,Online,Not Returned,Low,4376.44,VIP
566202,Wireless Mouse,16,2023-01-28 01:00,94.11,0.09,8.06,Accessories,In-store,Not Returned,Low,1505.76,VIP
316879,Headphones,36,2023-01-28 02:00,92.0,0.19,20.49,Accessories,Online,Not Returned,Low,3312.0,VIP
310997,Backpack,44,2023-01-28 06:00,82.98,0.49,12.76,Accessories,In-store,Not Returned,High,3651.12,VIP
152082,Wall Clock,36,2023-01-28 10:00,34.93,0.45,11.14,Accessories,Online,Not Returned,High,1257.48,VIP
631322,Notebook,26,2023-01-29 01:00,64.75,0.44,29.39,Accessories,Online,Not Returned,Medium,1683.5,VIP
609135,Wireless Mouse,39,2023-01-29 16:00,88.89,0.22,26.96,Accessories,Online,Not Returned,High,3466.71,VIP
871745,Office Chair,17,2023-01-29 18:00,71.92,0.27,9.76,Accessories,In-store,Not Returned,Low,1222.64,VIP
105566,Desk Lamp,20,2023-01-30 04:00,61.04,0.22,16.37,Accessories,In-store,Not Returned,Medium,1220.8,VIP
318422,Office Chair,34,2023-01-30 21:00,36.39,0.28,24.45,Accessories,In-store,Not Returned,High,1237.26,VIP
998817,Blue Pen,23,2023-01-31 09:00,61.74,0.01,7.35,Accessories,In-store,Not Returned,Medium,1420.02,VIP
439054,USB Cable,44,2023-01-31 17:00,75.31,0.31,20.21,Accessories,In-store,Not Returned,High,3313.6400000000003,VIP
328170,White Mug,42,2023-02-01 09:00,83.8,0.48,29.76,Accessories,Online,Not Returned,Medium,3519.6,VIP
507544,White Mug,43,2023-02-01 10:00,26.27,0.49,6.71,Accessories,Online,Not Returned,Medium,1129.61,VIP
559091,Wireless Mouse,37,2023-02-02 08:00,77.24,0.37,22.96,Accessories,Online,Not Returned,Medium,2857.88,VIP
358180,Notebook,14,2023-02-02 15:00,82.27,0.28,14.63,Accessories,Online,Not Returned,High,1151.78,VIP
959701,Wall Clock,41,2023-02-02 18:00,42.02,0.37,14.04,Accessories,In-store,Not Returned,Low,1722.8200000000002,VIP
997369,Wall Clock,11,2023-02-02 22:00,94.4,0.1,17.37,Accessories,Online,Not Returned,High,1038.4,VIP
957111,Backpack,32,2023-02-03 02:00,95.67,0.35,27.71,Accessories,In-store,Not Returned,Low,3061.44,VIP
240813,Office Chair,40,2023-02-03 10:00,47.33,0.05,24.56,Accessories,Online,Not Returned,Low,1893.2,VIP
747049,Wall Clock,43,2023-02-03 17:00,92.3,0.28,9.83,Accessories,In-store,Not Returned,Low,3968.9,VIP
597288,Wireless Mouse,42,2023-02-03 23:00,94.61,0.14,25.17,Accessories,In-store,Returned,High,3973.62,VIP
115330,White Mug,-20,2023-02-04 03:00,-51.46,0.34,,Accessories,In-store,Returned,Medium,1029.2,VIP
100184,T-shirt,30,2023-02-04 09:00,61.8,0.39,22.01,Accessories,In-store,Not Returned,Low,1854.0,VIP
815923,Wireless Mouse,32,2023-02-04 21:00,85.89,0.32,13.26,Accessories,In-store,Not Returned,High,2748.48,VIP
286185,T-shirt,41,2023-02-05 00:00,84.45,0.44,9.88,Accessories,In-store,Not Returned,High,3462.4500000000003,VIP
634421,Backpack,21,2023-02-05 02:00,96.68,0.33,28.0,Accessories,Online,Not Returned,Medium,2030.28,VIP
187957,Blue Pen,37,2023-02-05 13:00,78.83,0.36,24.76,Accessories,Online,Not Returned,Low,2916.71,VIP
466014,Wall Clock,18,2023-02-06 00:00,65.25,0.09,28.83,Accessories,Online,Not Returned,Low,1174.5,VIP
392881,Headphones,40,2023-02-06 01:00,70.08,0.48,8.63,Accessories,Online,Not Returned,High,2803.2,VIP
678613,Notebook,13,2023-02-06 02:00,80.12,0.28,16.99,Accessories,In-store,Not Returned,Medium,1041.56,VIP
269839,Wall Clock,43,2023-02-06 03:00,67.56,0.13,7.3,Accessories,In-store,Not Returned,Low,2905.08,VIP
582869,Headphones,27,2023-02-06 18:00,52.22,0.38,15.27,Accessories,In-store,Not Returned,Medium,1409.94,VIP
536211,Wireless Mouse,19,2023-02-07 03:00,74.83,0.29,27.7,Accessories,In-store,Not Returned,Low,1421.77,VIP
349380,Desk Lamp,44,2023-02-07 06:00,76.99,0.39,9.2,Accessories,In-store,Not Returned,High,3387.56,VIP
876716,White Mug,35,2023-02-07 19:00,92.49,0.25,26.58,Accessories,Online,Not Returned,High,3237.15,VIP
391190,Wireless Mouse,43,2023-02-07 23:00,59.81,0.27,25.49,Accessories,In-store,Not Returned,High,2571.83,VIP
206745,USB Cable,44,2023-02-08 18:00,56.27,0.48,14.46,Accessories,Online,Not Returned,Medium,2475.88,VIP
427460,Wireless Mouse,24,2023-02-08 19:00,57.71,0.34,6.56,Accessories,Online,Not Returned,Medium,1385.04,VIP
979877,Desk Lamp,18,2023-02-09 16:00,89.72,0.03,12.65,Accessories,Online,Not Returned,Low,1614.96,VIP
418149,USB Cable,48,2023-02-09 19:00,78.03,0.42,24.44,Accessories,In-store,Not Returned,Low,3745.44,VIP
762671,Office Chair,28,2023-02-10 05:00,60.43,0.2,28.16,Accessories,Online,Not Returned,Low,1692.04,VIP
501889,Blue Pen,28,2023-02-11 01:00,90.22,0.08,15.72,Accessories,Online,Not Returned,Low,2526.16,VIP
922590,Office Chair,35,2023-02-11 03:00,91.94,0.31,28.22,Accessories,Online,Not Returned,High,3217.9,VIP
187469,Backpack,25,2023-02-11 09:00,47.85,0.16,15.14,Accessories,In-store,Not Returned,High,1196.25,VIP
164636,Backpack,39,2023-02-11 15:00,46.23,0.45,8.75,Accessories,Online,Not Returned,Low,1802.97,VIP
317975,USB Cable,40,2023-02-11 22:00,96.9,0.24,21.03,Accessories,In-store,Not Returned,Low,3876.0,VIP
380967,Backpack,46,2023-02-12 06:00,38.94,0.0,17.12,Accessories,Online,Returned,Low,1791.2399999999998,VIP
125852,Blue Pen,29,2023-02-12 10:00,39.51,0.36,15.44,Accessories,Online,Not Returned,Low,1145.79,VIP
137535,USB Cable,43,2023-02-12 11:00,62.63,0.42,24.13,Accessories,Online,Not Returned,High,2693.09,VIP
544022,Wall Clock,28,2023-02-12 22:00,64.07,0.14,12.6,Accessories,In-store,Not Returned,Medium,1793.9599999999998,VIP
181118,Desk Lamp,31,2023-02-13 03:00,57.52,0.06,14.51,Accessories,In-store,Not Returned,Low,1783.12,VIP
930839,Desk Lamp,39,2023-02-13 08:00,45.7,0.01,7.1,Accessories,In-store,Not Returned,Medium,1782.3000000000002,VIP
835588,Desk Lamp,19,2023-02-13 21:00,60.24,0.01,23.63,Accessories,Online,Not Returned,Medium,1144.56,VIP
550968,White Mug,44,2023-02-14 00:00,72.9,0.45,10.8,Accessories,Online,Not Returned,Low,3207.6000000000004,VIP
148762,Backpack,49,2023-02-14 07:00,71.08,0.03,19.44,Accessories,Online,Not Returned,High,3482.92,VIP
417032,Office Chair,46,2023-02-14 16:00,32.8,0.26,19.63,Accessories,In-store,Returned,Medium,1508.8,VIP
430168,Wireless Mouse,35,2023-02-14 18:00,46.71,0.4,27.36,Accessories,Online,Not Returned,Low,1634.85,VIP
247483,USB Cable,23,2023-02-14 22:00,43.83,0.14,26.91,Accessories,Online,Not Returned,High,1008.09,VIP
173513,Office Chair,30,2023-02-15 04:00,48.58,0.07,16.11,Accessories,Online,Not Returned,Low,1457.4,VIP
828669,Headphones,35,2023-02-16 12:00,41.33,0.18,26.01,Accessories,In-store,Returned,Low,1446.55,VIP
332700,Backpack,33,2023-02-16 13:00,48.23,0.36,24.07,Accessories,In-store,Not Returned,Low,1591.59,VIP
620848,Desk Lamp,26,2023-02-17 19:00,92.11,0.12,17.95,Accessories,In-store,Not Returned,Medium,2394.86,VIP
102853,Office Chair,39,2023-02-17 20:00,35.04,0.13,22.12,Accessories,In-store,Not Returned,High,1366.56,VIP
577781,Blue Pen,39,2023-02-18 07:00,70.08,0.03,25.3,Accessories,In-store,Not Returned,High,2733.12,VIP
507558,Wall Clock,19,2023-02-18 09:00,75.4,0.06,26.89,Accessories,In-store,Not Returned,Low,1432.6,VIP
295333,White Mug,42,2023-02-18 12:00,70.38,0.19,26.17,Accessories,Online,Not Returned,Low,2955.96,VIP
359004,Office Chair,48,2023-02-18 13:00,32.88,0.05,16.22,Accessories,Online,Not Returned,High,1578.2400000000002,VIP
830158,Backpack,45,2023-02-18 16:00,92.69,0.19,18.87,Accessories,In-store,Not Returned,Medium,4171.05,VIP
194203,Wall Clock,20,2023-02-18 18:00,80.58,0.47,6.66,Accessories,Online,Returned,Medium,1611.6,VIP
854936,White Mug,13,2023-02-19 00:00,80.97,0.04,18.32,Accessories,Online,Not Returned,High,1052.61,VIP
525859,USB Cable,37,2023-02-19 08:00,97.52,0.12,14.43,Accessories,Online,Not Returned,Medium,3608.24,VIP
227390,USB Cable,32,2023-02-19 17:00,62.78,0.1,13.59,Accessories,In-store,Not Returned,Medium,2008.96,VIP
829462,Notebook,19,2023-02-20 04:00,76.49,0.16,16.42,Accessories,Online,Not Returned,High,1453.31,VIP
499256,T-shirt,38,2023-02-20 10:00,43.69,0.39,25.44,Accessories,In-store,Not Returned,Low,1660.2199999999998,VIP
692106,Desk Lamp,49,2023-02-21 07:00,93.68,0.32,12.74,Accessories,Online,Not Returned,Low,4590.320000000001,VIP
879558,White Mug,32,2023-02-21 14:00,93.8,0.39,10.33,Accessories,In-store,Not Returned,High,3001.6,VIP
878459,Notebook,23,2023-02-22 03:00,73.59,0.19,28.37,Accessories,In-store,Not Returned,Medium,1692.5700000000002,VIP
867111,Wall Clock,35,2023-02-22 13:00,70.07,0.26,23.26,Accessories,In-store,Not Returned,Medium,2452.45,VIP
102998,Headphones,40,2023-02-22 19:00,97.5,0.03,7.6,Accessories,Online,Not Returned,High,3900.0,VIP
902651,Backpack,34,2023-02-23 14:00,96.97,0.16,6.73,Accessories,In-store,Not Returned,Medium,3296.98,VIP
573119,Backpack,17,2023-02-23 16:00,72.59,0.09,16.51,Accessories,Online,Not Returned,High,1234.03,VIP
253016,Wall Clock,21,2023-02-24 00:00,53.48,0.4,24.67,Accessories,In-store,Not Returned,Low,1123.08,VIP
156690,White Mug,26,2023-02-24 08:00,65.63,0.35,29.89,Accessories,In-store,Not Returned,Medium,1706.38,VIP
845371,USB Cable,22,2023-02-24 09:00,75.18,0.46,15.65,Accessories,In-store,Not Returned,High,1653.96,VIP
218292,T-shirt,37,2023-02-25 01:00,76.32,0.08,5.27,Accessories,Online,Not Returned,Low,2823.84,VIP
412841,Backpack,25,2023-02-25 05:00,99.4,0.19,8.42,Accessories,Online,Not Returned,Low,2485.0,VIP
110272,Notebook,46,2023-02-25 07:00,73.53,0.23,12.19,Accessories,Online,Not Returned,Medium,3382.38,VIP
425053,Headphones,17,2023-02-25 22:00,91.8,0.46,12.66,Accessories,In-store,Not Returned,Low,1560.6,VIP
915799,Headphones,33,2023-02-25 23:00,36.03,0.33,23.05,Accessories,Online,Not Returned,Medium,1188.99,VIP
329810,Wall Clock,36,2023-02-27 08:00,98.27,0.08,16.12,Accessories,Online,Not Returned,Medium,3537.72,VIP
147907,Office Chair,30,2023-02-27 09:00,65.16,0.38,26.4,Accessories,Online,Returned,Medium,1954.8,VIP
911062,Notebook,18,2023-02-27 11:00,92.14,0.32,29.3,Accessories,In-store,Not Returned,Medium,1658.52,VIP
477925,Notebook,43,2023-02-28 07:00,35.4,0.05,23.58,Accessories,In-store,Not Returned,Medium,1522.2,VIP
429708,USB Cable,31,2023-02-28 19:00,33.55,0.04,15.2,Accessories,In-store,Not Returned,Low,1040.05,VIP
206330,Blue Pen,45,2023-03-01 08:00,87.22,0.46,5.7,Accessories,Online,Not Returned,Low,3924.9,VIP
843106,USB Cable,15,2023-03-01 23:00,94.45,0.24,15.79,Accessories,In-store,Not Returned,Medium,1416.75,VIP
380217,Backpack,30,2023-03-02 04:00,86.25,0.41,16.5,Accessories,Online,Not Returned,Medium,2587.5,VIP
119507,Backpack,41,2023-03-04 22:00,49.03,0.37,21.92,Accessories,In-store,Returned,Medium,2010.23,VIP
764576,Backpack,49,2023-03-05 20:00,36.56,0.17,18.12,Accessories,In-store,Not Returned,Medium,1791.44,VIP
877426,T-shirt,14,2023-03-08 02:00,77.06,0.01,8.64,Accessories,In-store,Not Returned,High,1078.84,VIP
559777,Backpack,49,2023-03-08 08:00,22.67,0.19,14.41,Accessories,Online,Not Returned,Medium,1110.8300000000002,VIP
786229,Backpack,45,2023-03-08 09:00,24.9,0.12,28.11,Accessories,Online,Returned,Low,1120.5,VIP
145938,T-shirt,39,2023-03-08 23:00,60.43,0.3,20.76,Accessories,In-store,Not Returned,Low,2356.77,VIP
587182,Headphones,36,2023-03-09 02:00,81.67,0.29,16.38,Accessories,Online,Not Returned,High,2940.12,VIP
808612,Office Chair,24,2023-03-09 06:00,77.58,0.49,20.24,Accessories,Online,Not Returned,High,1861.92,VIP
192862,T-shirt,38,2023-03-09 16:00,85.85,0.04,10.81,Accessories,In-store,Not Returned,Low,3262.3,VIP
822822,T-shirt,42,2023-03-10 03:00,75.07,0.48,17.8,Accessories,Online,Not Returned,Medium,3152.94,VIP
213174,Desk Lamp,19,2023-03-10 10:00,75.87,0.45,29.2,Accessories,Online,Not Returned,Medium,1441.5300000000002,VIP
195343,Notebook,34,2023-03-10 15:00,86.61,0.38,28.36,Accessories,In-store,Not Returned,Medium,2944.74,VIP
515334,Office Chair,29,2023-03-10 16:00,96.86,0.46,24.35,Accessories,In-store,Not Returned,Low,2808.94,VIP
583943,USB Cable,22,2023-03-10 22:00,67.99,0.2,12.24,Accessories,Online,Not Returned,Medium,1495.78,VIP
293399,Headphones,34,2023-03-11 13:00,38.45,0.36,18.76,Accessories,In-store,Not Returned,Medium,1307.3000000000002,VIP
324458,White Mug,23,2023-03-11 15:00,86.63,0.47,25.17,Accessories,In-store,Returned,Low,1992.49,VIP
873386,Desk Lamp,25,2023-03-11 16:00,49.81,0.08,29.06,Accessories,In-store,Not Returned,Low,1245.25,VIP
274039,Desk Lamp,29,2023-03-11 17:00,59.95,0.4,9.37,Accessories,In-store,Not Returned,Low,1738.5500000000002,VIP
784362,Wireless Mouse,32,2023-03-12 09:00,40.84,0.24,9.53,Accessories,Online,Not Returned,High,1306.88,VIP
698923,Headphones,39,2023-03-12 20:00,36.67,0.15,9.14,Accessories,In-store,Not Returned,Low,1430.13,VIP
800009,Backpack,35,2023-03-13 01:00,30.85,0.35,7.3,Accessories,In-store,Not Returned,Low,1079.75,VIP
870602,Blue Pen,44,2023-03-13 03:00,27.11,0.01,16.94,Accessories,In-store,Not Returned,High,1192.84,VIP
954194,Blue Pen,47,2023-03-13 09:00,89.51,0.02,7.3,Accessories,Online,Not Returned,High,4206.97,VIP
438582,Wireless Mouse,39,2023-03-13 14:00,46.23,0.1,27.56,Accessories,Online,Not Returned,High,1802.97,VIP
970699,White Mug,34,2023-03-13 16:00,89.24,0.14,15.9,Accessories,In-store,Not Returned,Medium,3034.16,VIP
781060,Headphones,18,2023-03-14 01:00,75.15,0.05,12.09,Accessories,Online,Not Returned,Low,1352.7,VIP
326713,Office Chair,-21,2023-03-14 21:00,-85.45,1.2029050490829007,,Accessories,In-store,Not Returned,Low,1794.45,VIP
703107,Backpack,30,2023-03-15 08:00,94.54,0.22,9.43,Accessories,Online,Not Returned,High,2836.2000000000003,VIP
576663,White Mug,33,2023-03-16 06:00,94.33,0.41,11.76,Accessories,In-store,Returned,Medium,3112.89,VIP
134623,T-shirt,29,2023-03-16 11:00,87.44,0.31,20.48,Accessories,In-store,Not Returned,Medium,2535.76,VIP
747377,Blue Pen,12,2023-03-16 16:00,92.22,0.19,14.62,Accessories,Online,Not Returned,High,1106.64,VIP
466754,Backpack,49,2023-03-17 06:00,87.83,0.48,6.42,Accessories,Online,Not Returned,Medium,4303.67,VIP
556427,Office Chair,26,2023-03-17 10:00,46.58,0.02,20.66,Accessories,Online,Not Returned,Medium,1211.08,VIP
685171,T-shirt,-33,2023-03-17 12:00,-74.95,1.1254653051484145,,Accessories,Online,Returned,Medium,2473.35,VIP
670100,Office Chair,17,2023-03-18 04:00,72.48,0.4,26.37,Accessories,In-store,Not Returned,Low,1232.16,VIP
746948,Backpack,49,2023-03-18 19:00,84.72,0.0,14.89,Accessories,Online,Not Returned,Low,4151.28,VIP
538824,Blue Pen,48,2023-03-19 00:00,97.85,0.13,13.69,Accessories,Online,Not Returned,High,4696.799999999999,VIP
539754,Notebook,40,2023-03-19 15:00,51.94,0.04,25.34,Accessories,In-store,Not Returned,Medium,2077.6,VIP
150650,Backpack,38,2023-03-19 20:00,30.15,0.24,7.6,Accessories,Online,Not Returned,Low,1145.7,VIP
821841,Wall Clock,37,2023-03-21 15:00,52.03,0.29,15.1,Accessories,In-store,Not Returned,Low,1925.11,VIP
585208,Backpack,30,2023-03-21 23:00,67.3,0.43,17.52,Accessories,In-store,Not Returned,High,2019.0,VIP
610798,Headphones,39,2023-03-22 16:00,35.49,0.27,25.92,Accessories,In-store,Not Returned,Low,1384.11,VIP
678764,Blue Pen,22,2023-03-22 20:00,63.88,0.04,28.77,Accessories,In-store,Not Returned,Low,1405.36,VIP
222537,Backpack,17,2023-03-22 23:00,69.09,0.28,25.4,Accessories,Online,Not Returned,Medium,1174.53,VIP
868595,T-shirt,41,2023-03-23 07:00,38.35,0.14,23.88,Accessories,Online,Not Returned,Medium,1572.35,VIP
768234,Desk Lamp,16,2023-03-23 23:00,90.09,0.09,21.95,Accessories,Online,Not Returned,Medium,1441.44,VIP
539425,Backpack,42,2023-03-24 02:00,66.56,0.39,13.88,Accessories,In-store,Not Returned,Low,2795.52,VIP
130267,Headphones,37,2023-03-24 17:00,68.85,0.1,15.62,Accessories,Online,Not Returned,Low,2547.45,VIP
714427,Notebook,17,2023-03-24 21:00,84.37,0.08,10.62,Accessories,Online,Not Returned,Medium,1434.29,VIP
515563,T-shirt,36,2023-03-25 06:00,87.76,0.45,19.21,Accessories,Online,Not Returned,High,3159.36,VIP
390349,Wall Clock,22,2023-03-25 11:00,62.65,0.13,22.57,Accessories,Online,Not Returned,High,1378.3,VIP
275926,Backpack,23,2023-03-25 21:00,80.42,0.3,13.25,Accessories,Online,Not Returned,Medium,1849.66,VIP
621827,Backpack,45,2023-03-26 14:00,66.58,0.46,27.47,Accessories,Online,Not Returned,High,2996.1,VIP
441016,Backpack,33,2023-03-27 03:00,72.02,0.45,14.3,Accessories,In-store,Not Returned,Medium,2376.66,VIP
982982,USB Cable,44,2023-03-27 10:00,72.3,0.44,20.24,Accessories,In-store,Not Returned,High,3181.2,VIP
650880,White Mug,31,2023-03-28 07:00,86.39,0.05,6.29,Accessories,Online,Not Returned,High,2678.09,VIP
337685,White Mug,18,2023-03-28 08:00,80.0,0.31,29.9,Accessories,In-store,Not Returned,Medium,1440.0,VIP
647327,Wireless Mouse,25,2023-03-28 09:00,46.3,0.13,16.73,Accessories,Online,Not Returned,High,1157.5,VIP
455698,Notebook,47,2023-03-29 14:00,83.81,0.29,24.18,Accessories,In-store,Not Returned,Medium,3939.07,VIP
438233,White Mug,36,2023-03-29 17:00,59.83,0.04,22.66,Accessories,Online,Not Returned,Low,2153.88,VIP
186184,T-shirt,42,2023-03-29 21:00,45.75,0.09,21.3,Accessories,In-store,Not Returned,Medium,1921.5,VIP
386965,Desk Lamp,37,2023-03-29 23:00,41.55,0.29,28.73,Accessories,Online,Not Returned,Medium,1537.35,VIP
218502,Backpack,16,2023-03-30 11:00,84.47,0.35,26.69,Accessories,In-store,Not Returned,High,1351.52,VIP
435108,USB Cable,20,2023-03-31 04:00,92.78,0.4,9.68,Accessories,Online,Not Returned,High,1855.6,VIP
563656,Desk Lamp,27,2023-03-31 05:00,83.31,0.08,5.76,Accessories,In-store,Not Returned,Medium,2249.37,VIP
605071,White Mug,17,2023-03-31 07:00,67.96,0.29,13.72,Accessories,In-store,Not Returned,Medium,1155.32,VIP
153380,Blue Pen,47,2023-03-31 13:00,26.07,0.3,26.43,Accessories,In-store,Not Returned,High,1225.29,VIP
483329,USB Cable,36,2023-03-31 23:00,32.91,0.26,13.02,Accessories,In-store,Not Returned,Medium,1184.7599999999998,VIP
930705,Headphones,19,2023-04-01 06:00,88.68,0.36,25.57,Accessories,In-store,Not Returned,Low,1684.92,VIP
369024,Wall Clock,24,2023-04-01 15:00,66.08,0.32,15.68,Accessories,Online,Not Returned,Medium,1585.92,VIP
628010,Desk Lamp,42,2023-04-01 23:00,35.51,0.07,24.35,Accessories,Online,Not Returned,Medium,1491.4199999999998,VIP
874440,Wall Clock,26,2023-04-02 02:00,63.63,0.35,9.77,Accessories,In-store,Not Returned,Medium,1654.38,VIP
115565,Desk Lamp,13,2023-04-02 17:00,80.43,0.29,28.89,Accessories,In-store,Not Returned,Medium,1045.59,VIP
162146,Blue Pen,45,2023-04-04 01:00,69.81,0.17,14.52,Accessories,In-store,Not Returned,High,3141.4500000000003,VIP
109705,White Mug,32,2023-04-04 04:00,73.96,0.12,18.04,Accessories,Online,Returned,Low,2366.72,VIP
592426,USB Cable,41,2023-04-05 04:00,59.78,0.43,11.87,Accessories,Online,Not Returned,Medium,2450.98,VIP
692247,T-shirt,33,2023-04-05 18:00,54.42,0.25,13.84,Accessories,Online,Not Returned,Low,1795.86,VIP
148555,Backpack,44,2023-04-06 00:00,53.78,0.03,28.54,Accessories,Online,Not Returned,Low,2366.32,VIP
222082,White Mug,29,2023-04-06 06:00,98.39,0.26,27.71,Accessories,Online,Not Returned,Low,2853.31,VIP
322261,White Mug,46,2023-04-06 11:00,99.65,0.14,17.68,Accessories,Online,Not Returned,Low,4583.900000000001,VIP
106714,Headphones,43,2023-04-07 02:00,80.48,0.1,5.71,Accessories,Online,Not Returned,Low,3460.6400000000003,VIP
515367,Wireless Mouse,-25,2023-04-07 20:00,-64.27,1.693828259541811,,Accessories,Online,Not Returned,High,1606.75,VIP
306051,Blue Pen,39,2023-04-08 03:00,96.82,0.46,6.96,Accessories,In-store,Not Returned,Medium,3775.98,VIP
887258,Notebook,37,2023-04-08 17:00,90.94,0.2,9.0,Accessories,Online,Returned,Low,3364.78,VIP
902838,Headphones,45,2023-04-09 10:00,60.35,0.05,29.29,Accessories,In-store,Not Returned,Medium,2715.75,VIP
518698,T-shirt,24,2023-04-10 03:00,82.8,0.31,24.52,Accessories,Online,Not Returned,High,1987.2,VIP
844984,Headphones,48,2023-04-11 00:00,89.23,0.02,16.96,Accessories,Online,Not Returned,Medium,4283.04,VIP
451362,Desk Lamp,36,2023-04-11 04:00,42.86,0.07,12.33,Accessories,Online,Not Returned,High,1542.96,VIP
231086,Wireless Mouse,20,2023-04-11 17:00,64.87,0.46,23.04,Accessories,Online,Not Returned,High,1297.4,VIP
531083,Desk Lamp,29,2023-04-11 19:00,50.54,0.19,15.7,Accessories,In-store,Not Returned,Medium,1465.66,VIP
681539,Headphones,40,2023-04-11 21:00,52.52,0.14,17.71,Accessories,Online,Not Returned,High,2100.8,VIP
221497,T-shirt,45,2023-04-12 14:00,24.84,0.3,20.36,Accessories,Online,Not Returned,High,1117.8,VIP
967493,White Mug,47,2023-04-12 20:00,23.44,0.08,14.55,Accessories,In-store,Not Returned,High,1101.68,VIP
215729,Backpack,44,2023-04-13 19:00,83.48,0.18,20.44,Accessories,Online,Not Returned,Low,3673.12,VIP
688334,Blue Pen,16,2023-04-14 03:00,75.03,0.15,7.17,Accessories,In-store,Not Returned,Medium,1200.48,VIP
217957,Wall Clock,32,2023-04-14 13:00,39.53,0.39,23.96,Accessories,Online,Not Returned,High,1264.96,VIP
104708,USB Cable,31,2023-04-14 23:00,77.36,0.04,18.94,Accessories,In-store,Not Returned,Medium,2398.16,VIP
105351,Blue Pen,25,2023-04-15 06:00,59.79,0.41,6.57,Accessories,In-store,Not Returned,Low,1494.75,VIP
620751,Headphones,29,2023-04-15 13:00,59.94,0.09,24.07,Accessories,Online,Not Returned,High,1738.26,VIP
420838,Wall Clock,22,2023-04-16 20:00,93.3,0.43,16.19,Accessories,Online,Not Returned,Medium,2052.6,VIP
635632,Blue Pen,32,2023-04-17 08:00,66.9,0.47,11.32,Accessories,Online,Returned,High,2140.8,VIP
144619,Headphones,48,2023-04-17 10:00,90.52,0.11,13.51,Accessories,Online,Not Returned,Medium,4344.96,VIP
894780,Wall Clock,23,2023-04-17 20:00,96.66,0.16,8.19,Accessories,Online,Not Returned,Medium,2223.18,VIP
896399,Blue Pen,32,2023-04-18 16:00,65.01,0.02,5.28,Accessories,Online,Not Returned,High,2080.32,VIP
936232,Wall Clock,42,2023-04-19 06:00,51.94,0.2,5.63,Accessories,Online,Not Returned,Medium,2181.48,VIP
681131,Wall Clock,33,2023-04-19 19:00,39.16,0.01,13.59,Accessories,In-store,Not Returned,High,1292.28,VIP
839937,Notebook,26,2023-04-19 23:00,68.12,0.06,10.14,Accessories,Online,Not Returned,Low,1771.12,VIP
446415,White Mug,39,2023-04-20 03:00,63.14,0.45,24.67,Accessories,In-store,Not Returned,Low,2462.46,VIP
475631,T-shirt,39,2023-04-20 06:00,80.89,0.04,25.52,Accessories,In-store,Not Returned,High,3154.71,VIP
630942,Wireless Mouse,46,2023-04-20 18:00,46.29,0.22,22.06,Accessories,In-store,Not Returned,Medium,2129.34,VIP
276559,T-shirt,15,2023-04-21 10:00,74.14,0.36,24.13,Accessories,In-store,Not Returned,Medium,1112.1,VIP
824036,Wireless Mouse,47,2023-04-21 11:00,27.42,0.31,12.49,Accessories,In-store,Not Returned,Medium,1288.74,VIP
495803,Headphones,38,2023-04-21 13:00,32.49,0.26,24.39,Accessories,Online,Not Returned,Medium,1234.62,VIP
788086,Blue Pen,45,2023-04-21 17:00,82.87,0.46,8.95,Accessories,In-store,Not Returned,Low,3729.15,VIP
825900,Office Chair,32,2023-04-21 18:00,31.81,0.4,20.73,Accessories,In-store,Not Returned,Medium,1017.92,VIP
966269,White Mug,32,2023-04-21 19:00,74.64,0.26,8.02,Accessories,In-store,Not Returned,Medium,2388.48,VIP
166573,Notebook,31,2023-04-22 07:00,72.38,0.4,9.34,Accessories,In-store,Not Returned,Medium,2243.78,VIP
152838,Headphones,47,2023-04-22 17:00,75.72,0.01,8.29,Accessories,In-store,Not Returned,Medium,3558.84,VIP
483703,Backpack,41,2023-04-22 23:00,91.46,0.27,29.08,Accessories,Online,Not Returned,Low,3749.86,VIP
732338,USB Cable,34,2023-04-23 07:00,42.27,0.2,18.36,Accessories,Online,Not Returned,High,1437.18,VIP
420558,White Mug,45,2023-04-24 01:00,63.12,0.1,8.77,Accessories,Online,Not Returned,High,2840.4,VIP
112202,T-shirt,44,2023-04-24 06:00,65.52,0.08,22.47,Accessories,In-store,Not Returned,Low,2882.88,VIP
785644,White Mug,22,2023-04-25 14:00,93.6,0.23,10.54,Accessories,In-store,Not Returned,High,2059.2,VIP
945242,White Mug,31,2023-04-26 14:00,36.22,0.29,24.16,Accessories,Online,Not Returned,Low,1122.82,VIP
766477,Backpack,30,2023-04-26 19:00,93.98,0.41,13.53,Accessories,In-store,Not Returned,Medium,2819.4,VIP
983951,Headphones,48,2023-04-27 09:00,93.97,0.17,18.97,Accessories,In-store,Not Returned,Medium,4510.56,VIP
209337,Backpack,18,2023-04-27 13:00,91.93,0.06,22.52,Accessories,Online,Not Returned,Low,1654.7400000000002,VIP
277367,Headphones,-18,2023-04-27 22:00,-89.71,1.2161242275649584,,Accessories,Online,Not Returned,Medium,1614.78,VIP
726305,Headphones,39,2023-04-28 04:00,92.72,0.04,17.3,Accessories,Online,Not Returned,High,3616.08,VIP
631873,Backpack,35,2023-04-28 06:00,92.06,0.42,13.44,Accessories,Online,Not Returned,Low,3222.1,VIP
708852,White Mug,33,2023-04-29 00:00,60.1,0.37,25.01,Accessories,In-store,Not Returned,Medium,1983.3,VIP
258340,Notebook,43,2023-04-29 19:00,79.91,0.39,21.05,Accessories,In-store,Not Returned,Medium,3436.13,VIP
371102,Desk Lamp,-28,2023-04-29 21:00,-62.92,1.625637170191816,,Accessories,Online,Not Returned,Low,1761.76,VIP
394306,Wall Clock,16,2023-04-30 00:00,77.69,0.44,24.93,Accessories,Online,Not Returned,High,1243.04,VIP
265961,USB Cable,48,2023-04-30 02:00,25.38,0.05,17.65,Accessories,In-store,Not Returned,Low,1218.24,VIP
701109,T-shirt,42,2023-04-30 09:00,77.77,0.5,21.66,Accessories,In-store,Not Returned,High,3266.34,VIP
720971,White Mug,44,2023-04-30 10:00,45.39,0.14,7.13,Accessories,Online,Not Returned,Low,1997.16,VIP
909471,Backpack,40,2023-04-30 15:00,73.14,0.45,9.8,Accessories,In-store,Not Returned,High,2925.6,VIP
444304,White Mug,19,2023-05-01 23:00,96.03,0.47,10.11,Accessories,In-store,Not Returned,Medium,1824.57,VIP
890879,USB Cable,23,2023-05-02 08:00,69.57,0.38,12.17,Accessories,In-store,Not Returned,Medium,1600.11,VIP
820183,Notebook,-17,2023-05-02 11:00,-71.33,0.0,,Accessories,Online,Not Returned,Medium,1212.61,VIP
349494,Blue Pen,35,2023-05-02 12:00,37.4,0.35,12.72,Accessories,In-store,Not Returned,High,1309.0,VIP
598099,Wall Clock,44,2023-05-02 14:00,43.46,0.45,27.97,Accessories,Online,Not Returned,Low,1912.24,VIP
528546,Wall Clock,21,2023-05-03 14:00,61.5,0.2,8.27,Accessories,Online,Not Returned,Medium,1291.5,VIP
604803,Office Chair,40,2023-05-04 02:00,36.44,0.08,24.87,Accessories,In-store,Returned,Low,1457.6,VIP
359571,White Mug,39,2023-05-04 09:00,38.73,0.04,6.06,Accessories,Online,Not Returned,High,1510.4699999999998,VIP
152784,White Mug,43,2023-05-05 03:00,95.25,0.43,28.28,Accessories,In-store,Not Returned,Low,4095.75,VIP
950804,Desk Lamp,14,2023-05-05 17:00,73.36,0.22,16.82,Accessories,Online,Not Returned,Low,1027.04,VIP
606911,Notebook,18,2023-05-05 19:00,77.71,0.46,5.92,Accessories,Online,Not Returned,Medium,1398.78,VIP
436880,Office Chair,39,2023-05-06 22:00,70.25,0.08,28.61,Accessories,In-store,Not Returned,Low,2739.75,VIP
580683,T-shirt,18,2023-05-07 01:00,55.91,0.49,27.17,Accessories,Online,Not Returned,High,1006.38,VIP
390530,Office Chair,22,2023-05-07 20:00,62.31,0.01,20.56,Accessories,In-store,Not Returned,Medium,1370.8200000000002,VIP
690940,Desk Lamp,30,2023-05-07 22:00,68.83,0.31,23.99,Accessories,Online,Not Returned,Low,2064.9,VIP
576964,Backpack,31,2023-05-08 05:00,81.37,0.09,7.56,Accessories,In-store,Not Returned,Medium,2522.4700000000003,VIP
816748,Headphones,40,2023-05-08 13:00,71.29,0.47,19.0,Accessories,Online,Not Returned,Low,2851.6000000000004,VIP
466200,USB Cable,47,2023-05-09 01:00,78.87,0.01,23.06,Accessories,Online,Not Returned,Medium,3706.89,VIP
646076,Notebook,49,2023-05-09 16:00,67.06,0.43,9.8,Accessories,In-store,Not Returned,High,3285.94,VIP
482968,White Mug,17,2023-05-09 23:00,62.74,0.17,16.25,Accessories,Online,Not Returned,High,1066.58,VIP
649435,Backpack,30,2023-05-10 07:00,71.78,0.3,28.66,Accessories,In-store,Not Returned,Low,2153.4,VIP
992642,Headphones,38,2023-05-10 09:00,71.37,0.49,10.79,Accessories,Online,Not Returned,Medium,2712.0600000000004,VIP
815003,Wall Clock,46,2023-05-11 19:00,33.71,0.31,20.5,Accessories,Online,Not Returned,Medium,1550.66,VIP
575270,Desk Lamp,13,2023-05-11 20:00,83.35,0.48,18.43,Accessories,Online,Returned,Low,1083.55,VIP
260111,USB Cable,15,2023-05-12 09:00,91.43,0.19,22.88,Accessories,Online,Returned,Medium,1371.45,VIP
319684,Office Chair,16,2023-05-12 17:00,90.97,0.27,27.21,Accessories,In-store,Returned,High,1455.52,VIP
768058,Wall Clock,37,2023-05-13 03:00,91.0,0.41,16.23,Accessories,In-store,Not Returned,Medium,3367.0,VIP
423970,Backpack,28,2023-05-13 05:00,44.63,0.3,14.42,Accessories,Online,Not Returned,Low,1249.64,VIP
463109,Office Chair,23,2023-05-13 10:00,60.05,0.44,14.01,Accessories,Online,Not Returned,Low,1381.15,VIP
133043,Office Chair,-22,2023-05-13 15:00,-79.53,1.2120076848055017,,Accessories,Online,Not Returned,High,1749.66,VIP
567799,USB Cable,39,2023-05-14 12:00,94.06,0.49,25.97,Accessories,Online,Returned,Low,3668.34,VIP
617282,Wireless Mouse,33,2023-05-14 17:00,56.36,0.04,14.87,Accessories,In-store,Not Returned,High,1859.88,VIP
444390,Office Chair,20,2023-05-14 20:00,50.34,0.15,6.73,Accessories,In-store,Not Returned,High,1006.8,VIP
892050,Wireless Mouse,-27,2023-05-16 07:00,-89.06,1.3061459625923015,,Accessories,In-store,Not Returned,Medium,2404.62,VIP
789623,White Mug,17,2023-05-16 09:00,97.88,0.01,7.43,Accessories,Online,Not Returned,High,1663.96,VIP
580324,Headphones,36,2023-05-16 15:00,49.18,0.08,7.63,Accessories,In-store,Not Returned,Medium,1770.48,VIP
840741,Blue Pen,18,2023-05-16 18:00,61.39,0.13,10.85,Accessories,In-store,Not Returned,Low,1105.02,VIP
240401,Office Chair,32,2023-05-16 23:00,84.09,0.11,5.26,Accessories,Online,Not Returned,Low,2690.88,VIP
376386,Headphones,-34,2023-05-17 08:00,-86.78,1.18809911916421,,Accessories,In-store,Not Returned,Low,2950.52,VIP
281298,Wall Clock,48,2023-05-18 02:00,30.59,0.33,26.38,Accessories,In-store,Not Returned,Low,1468.32,VIP
427873,Wall Clock,23,2023-05-19 00:00,99.41,0.23,27.22,Accessories,In-store,Not Returned,Low,2286.43,VIP
576966,Backpack,20,2023-05-20 20:00,72.44,0.1,16.11,Accessories,Online,Not Returned,Low,1448.8,VIP
418687,T-shirt,21,2023-05-20 23:00,54.66,0.1,13.41,Accessories,Online,Not Returned,Low,1147.86,VIP
792670,Wireless Mouse,34,2023-05-21 08:00,33.1,0.48,29.31,Accessories,Online,Not Returned,Low,1125.4,VIP
666805,Blue Pen,33,2023-05-21 23:00,35.22,0.2,18.68,Accessories,Online,Returned,High,1162.26,VIP
350714,Wall Clock,35,2023-05-22 01:00,33.77,0.06,8.22,Accessories,Online,Not Returned,Medium,1181.95,VIP
827814,Headphones,41,2023-05-22 15:00,64.18,0.22,15.18,Accessories,Online,Returned,Low,2631.38,VIP
907864,T-shirt,30,2023-05-22 17:00,55.69,0.43,8.3,Accessories,Online,Not Returned,Medium,1670.6999999999998,VIP
989427,T-shirt,46,2023-05-23 05:00,28.24,0.38,20.81,Accessories,Online,Not Returned,Low,1299.04,VIP
158308,T-shirt,23,2023-05-23 22:00,81.61,0.32,6.19,Accessories,In-store,Not Returned,Medium,1877.03,VIP
611972,Wall Clock,38,2023-05-24 01:00,36.2,0.35,12.24,Accessories,Online,Not Returned,Low,1375.6,VIP
353267,Wireless Mouse,31,2023-05-24 02:00,77.18,0.1,15.8,Accessories,In-store,Not Returned,Medium,2392.5800000000004,VIP
958463,USB Cable,29,2023-05-24 04:00,85.41,0.37,23.39,Accessories,In-store,Not Returned,High,2476.89,VIP
866079,Office Chair,25,2023-05-24 21:00,64.37,0.09,26.41,Accessories,In-store,Not Returned,High,1609.25,VIP
655364,Desk Lamp,36,2023-05-25 03:00,28.95,0.41,5.05,Accessories,In-store,Not Returned,Low,1042.2,VIP
387238,T-shirt,24,2023-05-25 07:00,70.9,0.42,12.44,Accessories,In-store,Returned,Medium,1701.6,VIP
492838,USB Cable,40,2023-05-25 14:00,61.39,0.27,18.63,Accessories,In-store,Returned,Medium,2455.6,VIP
248455,White Mug,20,2023-05-26 00:00,74.35,0.06,24.36,Accessories,Online,Not Returned,Medium,1487.0,VIP
773078,Office Chair,45,2023-05-26 01:00,64.31,0.08,13.73,Accessories,Online,Not Returned,Medium,2893.9500000000003,VIP
550615,Notebook,32,2023-05-26 04:00,82.06,0.28,22.92,Accessories,In-store,Not Returned,High,2625.92,VIP
449152,Wireless Mouse,27,2023-05-26 05:00,65.75,0.14,18.6,Accessories,In-store,Returned,Medium,1775.25,VIP
549167,Office Chair,27,2023-05-26 15:00,91.16,0.16,7.93,Accessories,Online,Not Returned,High,2461.32,VIP
465573,T-shirt,21,2023-05-26 19:00,94.68,0.48,9.22,Accessories,In-store,Returned,High,1988.28,VIP
312645,T-shirt,41,2023-05-27 05:00,42.83,0.44,22.54,Accessories,Online,Not Returned,High,1756.03,VIP
406534,Backpack,15,2023-05-27 20:00,70.46,0.02,29.99,Accessories,Online,Not Returned,High,1056.9,VIP
884313,Office Chair,36,2023-05-27 21:00,90.23,0.35,5.71,Accessories,In-store,Not Returned,High,3248.28,VIP
717484,Blue Pen,44,2023-05-28 03:00,46.31,0.14,15.32,Accessories,Online,Not Returned,Low,2037.64,VIP
626708,White Mug,18,2023-05-28 16:00,63.55,0.03,5.61,Accessories,In-store,Not Returned,Low,1143.9,VIP
985691,Wall Clock,39,2023-05-29 09:00,59.34,0.27,24.56,Accessories,In-store,Not Returned,Low,2314.26,VIP
703508,Wall Clock,40,2023-05-30 08:00,52.45,0.29,11.47,Accessories,In-store,Not Returned,Medium,2098.0,VIP
825267,Notebook,44,2023-05-30 11:00,55.7,0.39,11.97,Accessories,In-store,Returned,Low,2450.8,VIP
385151,Notebook,18,2023-05-30 15:00,99.76,0.4,18.35,Accessories,In-store,Not Returned,Low,1795.68,VIP
476193,White Mug,37,2023-05-30 22:00,52.72,0.31,16.01,Accessories,Online,Not Returned,High,1950.64,VIP
646499,Desk Lamp,25,2023-05-31 00:00,90.49,0.46,25.71,Accessories,In-store,Not Returned,High,2262.25,VIP
521501,Desk Lamp,43,2023-05-31 12:00,50.99,0.28,11.44,Accessories,In-store,Not Returned,Medium,2192.57,VIP
606930,Blue Pen,27,2023-05-31 16:00,37.47,0.45,13.2,Accessories,In-store,Not Returned,Medium,1011.69,VIP
134635,Office Chair,31,2023-06-01 02:00,59.46,0.22,18.51,Accessories,Online,Not Returned,Medium,1843.26,VIP
995377,Desk Lamp,48,2023-06-01 23:00,82.14,0.37,12.9,Accessories,Online,Returned,Medium,3942.72,VIP
280112,Blue Pen,21,2023-06-02 19:00,47.87,0.41,22.37,Accessories,In-store,Returned,Low,1005.27,VIP
717363,Wall Clock,44,2023-06-02 23:00,75.13,0.39,9.45,Accessories,Online,Not Returned,Low,3305.72,VIP
292535,Notebook,23,2023-06-03 06:00,43.81,0.26,8.71,Accessories,Online,Not Returned,Medium,1007.63,VIP
789871,Headphones,19,2023-06-03 17:00,89.41,0.43,12.62,Accessories,In-store,Not Returned,Low,1698.79,VIP
732230,Office Chair,20,2023-06-03 20:00,60.92,0.34,17.2,Accessories,Online,Returned,Low,1218.4,VIP
845543,Notebook,47,2023-06-04 06:00,38.18,0.38,26.31,Accessories,Online,Not Returned,High,1794.46,VIP
882409,Notebook,28,2023-06-04 07:00,78.04,0.19,13.35,Accessories,In-store,Not Returned,Low,2185.1200000000003,VIP
783700,USB Cable,28,2023-06-06 03:00,94.83,0.11,23.62,Accessories,In-store,Not Returned,High,2655.24,VIP
488910,T-shirt,31,2023-06-06 04:00,91.76,0.35,10.03,Accessories,Online,Not Returned,Medium,2844.56,VIP
863720,Desk Lamp,48,2023-06-06 12:00,22.76,0.29,28.75,Accessories,In-store,Not Returned,High,1092.48,VIP
451230,Desk Lamp,38,2023-06-07 08:00,31.67,0.47,18.87,Accessories,In-store,Not Returned,Low,1203.46,VIP
459225,Wireless Mouse,43,2023-06-07 19:00,59.52,0.42,21.61,Accessories,In-store,Not Returned,Low,2559.36,VIP
642118,Office Chair,48,2023-06-08 00:00,35.91,0.23,19.32,Accessories,Online,Not Returned,High,1723.6799999999998,VIP
500168,Wall Clock,46,2023-06-08 09:00,35.44,0.22,6.12,Accessories,In-store,Not Returned,Medium,1630.2399999999998,VIP
367535,Blue Pen,28,2023-06-08 15:00,42.11,0.45,15.92,Accessories,Online,Not Returned,Low,1179.08,VIP
749689,Backpack,15,2023-06-09 07:00,82.99,0.13,10.07,Accessories,Online,Not Returned,High,1244.85,VIP
764393,Wireless Mouse,30,2023-06-09 15:00,34.12,0.06,28.51,Accessories,Online,Not Returned,Medium,1023.6,VIP
398232,Notebook,31,2023-06-10 00:00,33.14,0.03,10.3,Accessories,Online,Not Returned,Low,1027.34,VIP
456816,Office Chair,27,2023-06-12 03:00,94.32,0.24,16.76,Accessories,In-store,Not Returned,Low,2546.64,VIP
671960,Blue Pen,44,2023-06-12 04:00,56.76,0.01,22.52,Accessories,Online,Returned,Low,2497.44,VIP
149987,Wall Clock,27,2023-06-12 10:00,80.88,0.29,12.7,Accessories,Online,Not Returned,High,2183.76,VIP
690285,Office Chair,29,2023-06-13 06:00,66.13,0.16,27.98,Accessories,In-store,Not Returned,Medium,1917.77,VIP
896425,USB Cable,-43,2023-06-13 07:00,-99.98,1.745944375998878,,Accessories,Online,Not Returned,High,4299.14,VIP
368500,Notebook,23,2023-06-13 20:00,99.58,0.2,21.54,Accessories,In-store,Not Returned,Low,2290.34,VIP
203467,Notebook,16,2023-06-14 10:00,82.64,0.22,9.39,Accessories,Online,Not Returned,Low,1322.24,VIP
404524,Blue Pen,48,2023-06-14 11:00,88.41,0.05,17.93,Accessories,In-store,Not Returned,Low,4243.68,VIP
651299,Notebook,49,2023-06-14 16:00,76.27,0.02,22.32,Accessories,In-store,Not Returned,Medium,3737.23,VIP
742627,T-shirt,37,2023-06-14 19:00,36.55,0.38,10.0,Accessories,Online,Not Returned,Low,1352.35,VIP
517541,Office Chair,44,2023-06-16 15:00,61.07,0.34,8.16,Accessories,In-store,Not Returned,High,2687.08,VIP
436476,White Mug,42,2023-06-17 04:00,45.99,0.4,11.46,Accessories,Online,Not Returned,Low,1931.58,VIP
629490,Wall Clock,37,2023-06-18 06:00,91.85,0.1,9.48,Accessories,In-store,Not Returned,Low,3398.45,VIP
241072,Office Chair,38,2023-06-19 17:00,92.82,0.02,11.75,Accessories,Online,Not Returned,High,3527.16,VIP
296012,Backpack,42,2023-06-20 02:00,64.15,0.21,27.17,Accessories,Online,Not Returned,Low,2694.3,VIP
502867,Wireless Mouse,43,2023-06-20 05:00,51.55,0.21,19.55,Accessories,In-store,Not Returned,Medium,2216.65,VIP
441572,T-shirt,36,2023-06-20 18:00,33.92,0.25,16.39,Accessories,Online,Not Returned,High,1221.12,VIP
907903,Blue Pen,24,2023-06-21 18:00,85.08,0.24,29.53,Accessories,Online,Not Returned,Medium,2041.92,VIP
835333,Office Chair,25,2023-06-21 20:00,77.15,0.45,28.03,Accessories,Online,Not Returned,Low,1928.75,VIP
827051,White Mug,40,2023-06-22 01:00,55.22,0.3,22.36,Accessories,Online,Not Returned,Medium,2208.8,VIP
274115,Wireless Mouse,40,2023-06-23 01:00,62.5,0.3,19.32,Accessories,In-store,Not Returned,High,2500.0,VIP
976098,Headphones,35,2023-06-24 05:00,85.49,0.23,28.79,Accessories,In-store,Not Returned,Medium,2992.15,VIP
147285,T-shirt,34,2023-06-24 15:00,73.18,0.14,16.1,Accessories,Online,Returned,Low,2488.1200000000003,VIP
973286,Headphones,14,2023-06-25 07:00,79.83,0.09,5.33,Accessories,In-store,Not Returned,High,1117.62,VIP
347610,T-shirt,33,2023-06-26 00:00,51.05,0.23,20.53,Accessories,In-store,Not Returned,Low,1684.65,VIP
172968,White Mug,48,2023-06-26 01:00,82.52,0.5,8.57,Accessories,In-store,Not Returned,High,3960.96,VIP
569259,T-shirt,46,2023-06-26 12:00,95.75,0.47,5.59,Accessories,In-store,Not Returned,High,4404.5,VIP
662270,White Mug,14,2023-06-26 22:00,81.63,0.4,25.1,Accessories,In-store,Not Returned,Medium,1142.82,VIP
160706,Office Chair,39,2023-06-27 05:00,52.06,0.03,21.16,Accessories,Online,Not Returned,High,2030.34,VIP
835081,Wall Clock,33,2023-06-27 06:00,46.34,0.29,29.22,Accessories,Online,Not Returned,High,1529.22,VIP
667696,Wall Clock,27,2023-06-27 09:00,54.46,0.43,18.7,Accessories,In-store,Not Returned,Low,1470.42,VIP
605465,Office Chair,38,2023-06-27 21:00,76.02,0.46,11.02,Accessories,In-store,Not Returned,Low,2888.76,VIP
920015,Notebook,17,2023-06-29 00:00,65.26,0.49,17.25,Accessories,In-store,Not Returned,High,1109.42,VIP
213209,Office Chair,23,2023-06-29 11:00,71.64,0.13,26.41,Accessories,Online,Not Returned,Low,1647.72,VIP
301549,Desk Lamp,27,2023-06-29 22:00,39.45,0.33,8.42,Accessories,In-store,Not Returned,Low,1065.15,VIP
150756,Notebook,29,2023-06-30 01:00,59.46,0.49,28.47,Accessories,Online,Not Returned,Low,1724.34,VIP
577038,Wireless Mouse,-39,2023-06-30 02:00,-75.51,0.21,,Accessories,In-store,Not Returned,Medium,2944.8900000000003,VIP
719883,Office Chair,40,2023-06-30 15:00,50.85,0.35,8.82,Accessories,Online,Not Returned,High,2034.0,VIP
507766,Notebook,-28,2023-06-30 19:00,-76.69,0.04,,Accessories,Online,Not Returned,Low,2147.32,VIP
733542,Wall Clock,27,2023-07-02 19:00,40.87,0.05,7.01,Accessories,Online,Not Returned,Low,1103.49,VIP
331735,Blue Pen,29,2023-07-02 22:00,48.57,0.24,29.57,Accessories,Online,Returned,High,1408.53,VIP
172941,Headphones,33,2023-07-02 23:00,47.29,0.44,18.29,Accessories,Online,Returned,Medium,1560.57,VIP
212661,USB Cable,17,2023-07-03 03:00,84.92,0.18,16.72,Accessories,Online,Not Returned,High,1443.64,VIP
433617,USB Cable,-13,2023-07-03 05:00,-93.51,1.6455910571565484,,Accessories,Online,Not Returned,High,1215.63,VIP
762588,White Mug,25,2023-07-03 18:00,94.41,0.1,18.46,Accessories,In-store,Not Returned,High,2360.25,VIP
960235,Blue Pen,46,2023-07-03 23:00,49.07,0.29,6.32,Accessories,Online,Not Returned,Low,2257.22,VIP
444901,White Mug,21,2023-07-04 05:00,94.81,0.38,28.35,Accessories,In-store,Not Returned,Medium,1991.01,VIP
985922,Desk Lamp,20,2023-07-04 06:00,97.62,0.35,14.24,Accessories,Online,Not Returned,Medium,1952.4,VIP
900484,Desk Lamp,27,2023-07-04 11:00,79.29,0.27,11.3,Accessories,In-store,Not Returned,Low,2140.8300000000004,VIP
974733,T-shirt,24,2023-07-04 15:00,55.65,0.2,19.09,Accessories,In-store,Returned,Low,1335.6,VIP
370192,Office Chair,15,2023-07-04 20:00,91.16,0.49,24.1,Accessories,In-store,Not Returned,Medium,1367.4,VIP
823707,Notebook,38,2023-07-06 03:00,95.68,0.16,26.98,Accessories,In-store,Not Returned,Low,3635.84,VIP
279096,Wall Clock,43,2023-07-06 11:00,30.87,0.39,19.64,Accessories,In-store,Not Returned,Low,1327.41,VIP
947737,T-shirt,-45,2023-07-06 13:00,-82.89,1.3481451746129731,,Accessories,Online,Not Returned,Medium,3730.05,VIP
103654,Blue Pen,47,2023-07-06 19:00,39.21,0.1,8.64,Accessories,In-store,Not Returned,Medium,1842.87,VIP
926860,USB Cable,21,2023-07-06 21:00,84.07,0.32,28.0,Accessories,Online,Not Returned,Low,1765.4699999999998,VIP
594771,White Mug,40,2023-07-06 22:00,92.57,0.3,20.88,Accessories,In-store,Not Returned,High,3702.8,VIP
799909,Backpack,49,2023-07-07 00:00,66.94,0.05,26.93,Accessories,In-store,Returned,High,3280.06,VIP
205866,Office Chair,28,2023-07-07 07:00,55.18,0.4,28.64,Accessories,In-store,Not Returned,High,1545.04,VIP
948664,T-shirt,12,2023-07-07 15:00,88.49,0.3,11.46,Accessories,In-store,Returned,High,1061.88,VIP
143026,T-shirt,14,2023-07-08 10:00,73.21,0.26,22.8,Accessories,Online,Not Returned,High,1024.9399999999998,VIP
505632,Desk Lamp,28,2023-07-08 14:00,92.74,0.06,20.8,Accessories,In-store,Not Returned,Low,2596.72,VIP
643662,Desk Lamp,45,2023-07-08 17:00,97.58,0.35,8.22,Accessories,In-store,Not Returned,Low,4391.1,VIP
545815,USB Cable,26,2023-07-08 19:00,67.17,0.31,23.46,Accessories,Online,Not Returned,Low,1746.42,VIP
954758,Blue Pen,48,2023-07-09 06:00,38.79,0.26,6.54,Accessories,Online,Not Returned,Low,1861.92,VIP
759414,Headphones,37,2023-07-09 11:00,64.0,0.3,20.27,Accessories,In-store,Not Returned,High,2368.0,VIP
771450,T-shirt,42,2023-07-09 14:00,98.36,0.12,7.68,Accessories,In-store,Not Returned,High,4131.12,VIP
630796,White Mug,22,2023-07-09 17:00,87.02,0.43,11.05,Accessories,In-store,Not Returned,Low,1914.44,VIP
189059,Blue Pen,28,2023-07-09 18:00,67.23,0.3,12.32,Accessories,In-store,Not Returned,High,1882.44,VIP
917364,Notebook,23,2023-07-10 01:00,85.95,0.43,8.5,Accessories,Online,Not Returned,High,1976.85,VIP
527900,White Mug,49,2023-07-10 10:00,56.31,0.02,9.39,Accessories,Online,Not Returned,Medium,2759.19,VIP
939651,Backpack,28,2023-07-10 13:00,47.49,0.46,12.76,Accessories,In-store,Not Returned,Low,1329.72,VIP
401984,Backpack,22,2023-07-10 14:00,77.46,0.14,24.46,Accessories,Online,Not Returned,High,1704.12,VIP
709909,Blue Pen,32,2023-07-10 19:00,63.1,0.02,7.49,Accessories,In-store,Not Returned,High,2019.2,VIP
839919,Headphones,26,2023-07-11 11:00,64.86,0.47,15.72,Accessories,Online,Not Returned,Low,1686.36,VIP
797706,Office Chair,37,2023-07-12 12:00,91.18,0.43,27.04,Accessories,In-store,Not Returned,High,3373.6600000000003,VIP
530818,Notebook,40,2023-07-12 16:00,74.57,0.11,28.08,Accessories,Online,Not Returned,Low,2982.8,VIP
228470,USB Cable,23,2023-07-12 22:00,96.6,0.47,24.08,Accessories,Online,Not Returned,Low,2221.8,VIP
684814,Desk Lamp,31,2023-07-13 03:00,73.41,0.24,21.01,Accessories,Online,Not Returned,Medium,2275.71,VIP
885367,T-shirt,13,2023-07-13 07:00,84.17,0.38,5.72,Accessories,In-store,Not Returned,Medium,1094.21,VIP
712681,Wall Clock,35,2023-07-13 22:00,65.79,0.11,23.44,Accessories,In-store,Returned,Low,2302.65,VIP
706703,Notebook,47,2023-07-14 05:00,69.26,0.18,17.01,Accessories,Online,Not Returned,Medium,3255.2200000000003,VIP
367201,Blue Pen,49,2023-07-14 19:00,26.54,0.06,19.07,Accessories,In-store,Not Returned,Low,1300.46,VIP
341290,Office Chair,25,2023-07-15 00:00,77.43,0.25,28.89,Accessories,In-store,Not Returned,High,1935.75,VIP
813601,Backpack,24,2023-07-15 14:00,44.34,0.28,11.52,Accessories,Online,Not Returned,Medium,1064.16,VIP
693465,Office Chair,16,2023-07-16 03:00,77.2,0.39,21.92,Accessories,Online,Not Returned,Low,1235.2,VIP
199772,Office Chair,42,2023-07-16 21:00,71.15,0.38,13.9,Accessories,Online,Not Returned,High,2988.3,VIP
251117,USB Cable,32,2023-07-17 20:00,64.5,0.32,28.55,Accessories,Online,Not Returned,Low,2064.0,VIP
307663,Backpack,44,2023-07-17 22:00,42.76,0.07,6.97,Accessories,Online,Not Returned,Low,1881.44,VIP
268560,Desk Lamp,49,2023-07-18 21:00,99.42,0.04,5.94,Accessories,Online,Not Returned,High,4871.58,VIP
112155,Blue Pen,33,2023-07-19 00:00,93.16,0.44,19.76,Accessories,In-store,Not Returned,High,3074.28,VIP
756734,Office Chair,35,2023-07-19 05:00,53.17,0.39,23.06,Accessories,Online,Not Returned,Low,1860.95,VIP
779631,Wall Clock,44,2023-07-19 13:00,77.71,0.28,11.84,Accessories,In-store,Not Returned,High,3419.24,VIP
439879,T-shirt,13,2023-07-20 09:00,80.05,0.38,19.99,Accessories,In-store,Not Returned,Low,1040.65,VIP
898001,Wall Clock,42,2023-07-20 11:00,30.53,0.02,27.06,Accessories,Online,Not Returned,High,1282.26,VIP
487438,Office Chair,19,2023-07-20 12:00,96.51,0.05,18.27,Accessories,Online,Not Returned,High,1833.69,VIP
138718,Notebook,39,2023-07-21 03:00,92.79,0.11,18.27,Accessories,Online,Not Returned,High,3618.81,VIP
462757,Backpack,-29,2023-07-21 13:00,-41.71,1.9540217221061973,,Accessories,Online,Not Returned,Medium,1209.59,VIP
430449,T-shirt,42,2023-07-22 08:00,72.02,0.23,20.65,Accessories,In-store,Not Returned,Low,3024.84,VIP
129218,Blue Pen,35,2023-07-23 06:00,74.93,0.43,16.5,Accessories,Online,Not Returned,Medium,2622.55,VIP
806625,Desk Lamp,40,2023-07-23 19:00,46.18,0.18,28.06,Accessories,In-store,Not Returned,Medium,1847.2,VIP
990514,USB Cable,40,2023-07-23 21:00,55.32,0.29,21.87,Accessories,In-store,Not Returned,Medium,2212.8,VIP
279869,Backpack,47,2023-07-23 22:00,85.97,0.12,13.22,Accessories,Online,Not Returned,Low,4040.59,VIP
180066,T-shirt,32,2023-07-24 13:00,82.54,0.18,11.27,Accessories,In-store,Not Returned,Low,2641.28,VIP
973621,Desk Lamp,25,2023-07-24 17:00,72.09,0.33,28.88,Accessories,In-store,Returned,High,1802.25,VIP
669027,Backpack,28,2023-07-25 06:00,93.36,0.27,28.25,Accessories,In-store,Not Returned,High,2614.08,VIP
418862,Notebook,42,2023-07-26 05:00,76.25,0.29,23.05,Accessories,Online,Not Returned,Low,3202.5,VIP
959228,Backpack,37,2023-07-26 11:00,92.55,0.31,17.03,Accessories,In-store,Not Returned,Low,3424.35,VIP
107076,Wireless Mouse,17,2023-07-26 15:00,70.7,0.5,8.7,Accessories,Online,Not Returned,Medium,1201.9,VIP
166798,Headphones,36,2023-07-26 22:00,89.07,0.34,16.52,Accessories,Online,Not Returned,High,3206.5199999999995,VIP
103468,T-shirt,46,2023-07-27 05:00,65.33,0.37,17.59,Accessories,In-store,Not Returned,Medium,3005.18,VIP
212178,Blue Pen,29,2023-07-27 06:00,56.54,0.22,20.69,Accessories,In-store,Not Returned,High,1639.66,VIP
909858,Backpack,30,2023-07-27 14:00,42.63,0.04,19.83,Accessories,Online,Not Returned,Medium,1278.9,VIP
407357,Desk Lamp,28,2023-07-28 10:00,52.49,0.34,13.81,Accessories,In-store,Not Returned,Medium,1469.72,VIP
880991,T-shirt,30,2023-07-29 01:00,86.89,0.46,14.92,Accessories,In-store,Not Returned,Medium,2606.7,VIP
116328,White Mug,42,2023-07-30 11:00,29.85,0.21,21.63,Accessories,Online,Not Returned,Low,1253.7,VIP
950086,White Mug,28,2023-07-31 04:00,93.69,0.36,6.38,Accessories,In-store,Not Returned,High,2623.32,VIP
130172,Office Chair,21,2023-07-31 18:00,74.39,0.49,12.67,Accessories,Online,Not Returned,Medium,1562.19,VIP
516276,Blue Pen,33,2023-08-01 10:00,68.23,0.2,25.56,Accessories,Online,Not Returned,High,2251.59,VIP
109795,White Mug,44,2023-08-02 16:00,75.37,0.31,10.52,Accessories,Online,Not Returned,Low,3316.28,VIP
979319,Office Chair,40,2023-08-02 22:00,66.55,0.31,19.47,Accessories,Online,Not Returned,High,2662.0,VIP
597502,Desk Lamp,41,2023-08-02 23:00,40.24,0.28,6.49,Accessories,In-store,Not Returned,Low,1649.84,VIP
883783,USB Cable,18,2023-08-03 00:00,60.98,0.22,24.28,Accessories,In-store,Not Returned,High,1097.64,VIP
526484,T-shirt,25,2023-08-03 01:00,61.73,0.33,14.94,Accessories,In-store,Not Returned,Low,1543.25,VIP
508417,Backpack,23,2023-08-04 06:00,71.75,0.43,27.73,Accessories,Online,Not Returned,Medium,1650.25,VIP
957312,Headphones,37,2023-08-04 16:00,83.83,0.38,29.55,Accessories,Online,Not Returned,Low,3101.71,VIP
871935,Backpack,24,2023-08-05 11:00,93.44,0.08,24.18,Accessories,In-store,Not Returned,High,2242.56,VIP
668632,White Mug,42,2023-08-05 16:00,64.58,0.18,28.96,Accessories,Online,Not Returned,Medium,2712.36,VIP
519594,Desk Lamp,37,2023-08-06 03:00,41.98,0.29,5.86,Accessories,Online,Returned,Low,1553.26,VIP
769810,Backpack,34,2023-08-06 07:00,58.57,0.05,12.75,Accessories,In-store,Not Returned,High,1991.38,VIP
174712,Headphones,44,2023-08-07 01:00,76.8,0.48,19.28,Accessories,In-store,Not Returned,Medium,3379.2,VIP
407205,Desk Lamp,33,2023-08-07 17:00,31.57,0.4,27.52,Accessories,In-store,Not Returned,Medium,1041.81,VIP
858861,Wireless Mouse,40,2023-08-08 14:00,68.82,0.41,5.6,Accessories,Online,Not Returned,Low,2752.8,VIP
750099,Desk Lamp,35,2023-08-08 21:00,80.46,0.11,29.62,Accessories,Online,Not Returned,High,2816.1,VIP
389930,White Mug,15,2023-08-09 06:00,92.77,0.02,20.94,Accessories,In-store,Not Returned,Medium,1391.55,VIP
937487,USB Cable,16,2023-08-10 10:00,90.26,0.31,25.39,Accessories,In-store,Not Returned,High,1444.16,VIP
378107,Wall Clock,40,2023-08-10 20:00,77.83,0.35,22.94,Accessories,In-store,Not Returned,Medium,3113.2,VIP
742927,USB Cable,29,2023-08-11 07:00,36.06,0.41,29.02,Accessories,Online,Returned,Medium,1045.74,VIP
648736,Office Chair,36,2023-08-11 22:00,52.61,0.11,19.03,Accessories,In-store,Not Returned,High,1893.96,VIP
852644,Notebook,36,2023-08-12 00:00,93.38,0.37,7.79,Accessories,In-store,Not Returned,Medium,3361.68,VIP
437035,White Mug,47,2023-08-12 11:00,48.21,0.42,5.29,Accessories,In-store,Not Returned,High,2265.87,VIP
735315,Office Chair,21,2023-08-12 19:00,85.53,0.14,7.39,Accessories,Online,Not Returned,Low,1796.13,VIP
350140,Wall Clock,40,2023-08-13 10:00,90.4,0.39,26.17,Accessories,Online,Not Returned,High,3616.0,VIP
515019,White Mug,42,2023-08-13 21:00,31.28,0.07,25.26,Accessories,In-store,Not Returned,Low,1313.76,VIP
764620,Blue Pen,34,2023-08-14 06:00,86.19,0.06,5.17,Accessories,In-store,Not Returned,High,2930.46,VIP
500852,Wireless Mouse,20,2023-08-14 07:00,72.23,0.28,15.02,Accessories,In-store,Not Returned,High,1444.6,VIP
449863,T-shirt,43,2023-08-14 17:00,56.24,0.34,12.57,Accessories,In-store,Not Returned,Low,2418.32,VIP
424115,Headphones,42,2023-08-15 04:00,28.71,0.07,29.59,Accessories,Online,Not Returned,Low,1205.82,VIP
530418,Notebook,24,2023-08-15 10:00,88.4,0.25,20.46,Accessories,Online,Not Returned,Low,2121.6000000000004,VIP
889999,Notebook,37,2023-08-15 11:00,29.63,0.5,11.27,Accessories,Online,Not Returned,Low,1096.31,VIP
665073,Office Chair,18,2023-08-15 20:00,68.76,0.45,18.58,Accessories,Online,Not Returned,High,1237.68,VIP
137126,Wireless Mouse,47,2023-08-16 01:00,42.04,0.26,20.73,Accessories,In-store,Not Returned,Low,1975.88,VIP
343677,T-shirt,36,2023-08-16 08:00,47.38,0.16,7.66,Accessories,Online,Not Returned,Medium,1705.68,VIP
562342,Notebook,32,2023-08-16 12:00,99.16,0.27,6.04,Accessories,In-store,Not Returned,Low,3173.12,VIP
243404,Headphones,40,2023-08-16 13:00,41.83,0.38,23.37,Accessories,In-store,Not Returned,Medium,1673.1999999999998,VIP
220973,Notebook,46,2023-08-16 18:00,87.39,0.06,29.28,Accessories,Online,Not Returned,Low,4019.94,VIP
250423,Wireless Mouse,31,2023-08-17 00:00,63.37,0.5,10.55,Accessories,Online,Not Returned,Low,1964.47,VIP
435817,Blue Pen,19,2023-08-17 12:00,71.71,0.04,28.84,Accessories,In-store,Not Returned,High,1362.4899999999998,VIP
791111,T-shirt,33,2023-08-17 16:00,99.01,0.14,28.98,Accessories,In-store,Not Returned,High,3267.3300000000004,VIP
946791,Notebook,32,2023-08-17 20:00,88.88,0.15,14.11,Accessories,Online,Not Returned,Medium,2844.16,VIP
302032,Backpack,20,2023-08-18 08:00,52.77,0.39,6.55,Accessories,Online,Not Returned,Low,1055.4,VIP
837563,Notebook,39,2023-08-19 07:00,50.27,0.01,6.1,Accessories,In-store,Returned,Medium,1960.53,VIP
277589,USB Cable,46,2023-08-20 10:00,55.12,0.18,29.17,Accessories,In-store,Returned,High,2535.52,VIP
312151,Office Chair,18,2023-08-20 23:00,64.02,0.13,28.26,Accessories,In-store,Not Returned,High,1152.36,VIP
584715,White Mug,23,2023-08-21 00:00,95.18,0.32,17.23,Accessories,In-store,Not Returned,Low,2189.1400000000003,VIP
137525,White Mug,37,2023-08-21 18:00,38.04,0.04,15.05,Accessories,In-store,Not Returned,Medium,1407.48,VIP
359757,Wireless Mouse,14,2023-08-23 03:00,96.4,0.1,12.95,Accessories,In-store,Not Returned,High,1349.6,VIP
101634,Office Chair,44,2023-08-24 09:00,80.83,0.05,19.61,Accessories,Online,Not Returned,High,3556.52,VIP
662498,Office Chair,45,2023-08-24 16:00,31.0,0.25,28.85,Accessories,Online,Returned,High,1395.0,VIP
805314,Headphones,27,2023-08-25 00:00,78.89,0.02,14.2,Accessories,In-store,Not Returned,High,2130.03,VIP
503821,Backpack,41,2023-08-25 06:00,93.42,0.17,10.65,Accessories,Online,Returned,Low,3830.22,VIP
530703,White Mug,26,2023-08-25 10:00,94.09,0.39,5.09,Accessories,Online,Not Returned,High,2446.34,VIP
196816,USB Cable,14,2023-08-25 13:00,86.87,0.4,19.58,Accessories,Online,Not Returned,Low,1216.18,VIP
427282,Wall Clock,44,2023-08-25 19:00,91.4,0.44,21.32,Accessories,In-store,Not Returned,Medium,4021.6,VIP
939524,Office Chair,23,2023-08-25 22:00,90.0,0.48,24.92,Accessories,Online,Not Returned,High,2070.0,VIP
222140,Backpack,40,2023-08-26 00:00,91.0,0.39,26.51,Accessories,Online,Not Returned,Low,3640.0,VIP
942036,Office Chair,47,2023-08-26 03:00,32.26,0.03,23.18,Accessories,Online,Not Returned,High,1516.2199999999998,VIP
121500,Headphones,28,2023-08-26 15:00,54.38,0.17,6.23,Accessories,In-store,Returned,Low,1522.64,VIP
348093,Office Chair,37,2023-08-27 03:00,88.07,0.28,9.42,Accessories,Online,Not Returned,Medium,3258.59,VIP
552557,Headphones,42,2023-08-27 19:00,24.72,0.37,24.88,Accessories,Online,Not Returned,Medium,1038.24,VIP
909977,Notebook,31,2023-08-27 20:00,42.21,0.08,18.77,Accessories,Online,Not Returned,Low,1308.51,VIP
182946,T-shirt,40,2023-08-28 09:00,95.9,0.41,11.0,Accessories,Online,Not Returned,High,3836.0,VIP
572639,White Mug,42,2023-08-28 14:00,83.14,0.35,22.35,Accessories,In-store,Not Returned,Low,3491.88,VIP
437905,Office Chair,21,2023-08-29 13:00,78.48,0.4,20.67,Accessories,Online,Not Returned,Medium,1648.0800000000002,VIP
923692,Blue Pen,31,2023-08-30 12:00,89.55,0.49,7.41,Accessories,In-store,Not Returned,Low,2776.05,VIP
142581,Office Chair,48,2023-08-30 14:00,67.51,0.25,27.37,Accessories,Online,Not Returned,Low,3240.4800000000005,VIP
792908,Wireless Mouse,45,2023-08-30 19:00,89.47,0.09,6.84,Accessories,In-store,Not Returned,High,4026.15,VIP
775028,Wall Clock,44,2023-08-30 20:00,28.75,0.14,26.82,Accessories,Online,Returned,High,1265.0,VIP
675606,Blue Pen,19,2023-08-30 23:00,82.8,0.37,25.87,Accessories,In-store,Not Returned,Medium,1573.2,VIP
697486,Notebook,33,2023-08-31 16:00,37.62,0.12,29.64,Accessories,Online,Returned,Medium,1241.4599999999998,VIP
697228,T-shirt,41,2023-08-31 17:00,82.57,0.46,5.62,Accessories,Online,Not Returned,Medium,3385.37,VIP
750369,USB Cable,38,2023-09-01 03:00,50.57,0.19,28.52,Accessories,Online,Not Returned,Medium,1921.66,VIP
680381,Notebook,38,2023-09-01 08:00,54.22,0.35,11.08,Accessories,In-store,Not Returned,Low,2060.36,VIP
731186,T-shirt,41,2023-09-02 07:00,48.68,0.24,26.54,Accessories,In-store,Not Returned,Low,1995.88,VIP
526596,Headphones,24,2023-09-02 09:00,67.75,0.02,5.85,Accessories,Online,Not Returned,Medium,1626.0,VIP
437748,Backpack,26,2023-09-02 11:00,66.69,0.22,17.6,Accessories,In-store,Not Returned,High,1733.94,VIP
588882,White Mug,32,2023-09-03 06:00,52.91,0.05,8.07,Accessories,Online,Not Returned,High,1693.12,VIP
442627,Wall Clock,29,2023-09-03 20:00,84.11,0.47,21.72,Accessories,In-store,Not Returned,High,2439.19,VIP
638575,USB Cable,39,2023-09-04 01:00,57.64,0.17,9.24,Accessories,Online,Not Returned,High,2247.96,VIP
743269,Wall Clock,27,2023-09-04 18:00,88.46,0.37,9.26,Accessories,Online,Not Returned,Low,2388.42,VIP
175440,Desk Lamp,41,2023-09-04 20:00,29.44,0.21,6.47,Accessories,In-store,Not Returned,Medium,1207.04,VIP
177952,Wireless Mouse,36,2023-09-05 00:00,30.98,0.04,15.77,Accessories,Online,Returned,Low,1115.28,VIP
282097,T-shirt,14,2023-09-05 08:00,98.07,0.08,10.51,Accessories,Online,Not Returned,Low,1372.98,VIP
928634,Office Chair,23,2023-09-07 09:00,98.56,0.42,11.15,Accessories,Online,Not Returned,High,2266.88,VIP
596327,Desk Lamp,47,2023-09-08 13:00,49.1,0.12,29.87,Accessories,In-store,Not Returned,High,2307.7000000000003,VIP
252973,Wireless Mouse,33,2023-09-08 17:00,99.41,0.18,10.3,Accessories,Online,Returned,High,3280.53,VIP
849623,Backpack,32,2023-09-08 19:00,65.23,0.15,14.43,Accessories,Online,Not Returned,Medium,2087.36,VIP
367204,Office Chair,13,2023-09-09 05:00,82.57,0.28,7.27,Accessories,In-store,Not Returned,High,1073.41,VIP
105589,Wall Clock,24,2023-09-09 13:00,44.78,0.28,26.67,Accessories,Online,Not Returned,Medium,1074.72,VIP
905849,White Mug,36,2023-09-09 17:00,70.56,0.27,26.12,Accessories,Online,Not Returned,Medium,2540.16,VIP
374035,Blue Pen,26,2023-09-09 23:00,88.27,0.09,11.52,Accessories,Online,Not Returned,High,2295.02,VIP
848658,Notebook,21,2023-09-10 00:00,76.26,0.42,25.3,Accessories,Online,Not Returned,Low,1601.46,VIP
364336,Backpack,47,2023-09-10 10:00,61.27,0.41,17.78,Accessories,In-store,Not Returned,Low,2879.69,VIP
166250,Office Chair,19,2023-09-11 21:00,85.71,0.14,10.86,Accessories,Online,Not Returned,Low,1628.4899999999998,VIP
788316,White Mug,23,2023-09-14 05:00,69.03,0.3,6.12,Accessories,Online,Not Returned,High,1587.69,VIP
323573,Notebook,45,2023-09-14 17:00,32.62,0.11,12.22,Accessories,In-store,Not Returned,Medium,1467.9,VIP
792566,Notebook,42,2023-09-15 12:00,76.6,0.25,27.98,Accessories,In-store,Not Returned,Low,3217.2,VIP
655289,Wall Clock,30,2023-09-15 21:00,77.77,0.33,11.13,Accessories,Online,Not Returned,High,2333.1,VIP
598342,Wall Clock,-46,2023-09-16 07:00,-94.05,1.3422265334260042,,Accessories,Online,Returned,High,4326.3,VIP
746952,White Mug,37,2023-09-17 14:00,43.9,0.26,28.57,Accessories,Online,Not Returned,High,1624.3,VIP
224433,Wall Clock,38,2023-09-18 03:00,48.08,0.26,25.45,Accessories,In-store,Not Returned,High,1827.04,VIP
484562,Desk Lamp,32,2023-09-18 06:00,60.33,0.09,12.43,Accessories,In-store,Not Returned,Medium,1930.56,VIP
929784,Backpack,30,2023-09-18 10:00,70.25,0.02,13.75,Accessories,Online,Not Returned,High,2107.5,VIP
562661,White Mug,42,2023-09-19 05:00,55.48,0.36,15.57,Accessories,In-store,Not Returned,Medium,2330.16,VIP
436318,Notebook,33,2023-09-19 09:00,99.3,0.32,5.95,Accessories,In-store,Not Returned,Low,3276.9,VIP
511022,Office Chair,35,2023-09-19 15:00,60.61,0.21,26.78,Accessories,Online,Not Returned,Low,2121.35,VIP
794873,Headphones,17,2023-09-19 18:00,75.45,0.03,10.59,Accessories,In-store,Not Returned,Medium,1282.65,VIP
722838,Headphones,18,2023-09-21 10:00,90.05,0.46,6.14,Accessories,Online,Not Returned,Low,1620.9,VIP
452431,Wall Clock,32,2023-09-22 06:00,84.56,0.39,23.22,Accessories,Online,Returned,High,2705.92,VIP
961477,Headphones,45,2023-09-22 10:00,85.72,0.39,16.56,Accessories,In-store,Returned,Medium,3857.4,VIP
540875,White Mug,29,2023-09-22 13:00,96.96,0.45,28.44,Accessories,Online,Not Returned,Low,2811.84,VIP
174992,White Mug,21,2023-09-22 19:00,60.69,0.26,15.05,Accessories,Online,Not Returned,Medium,1274.49,VIP
309826,Office Chair,18,2023-09-22 22:00,97.7,0.26,10.23,Accessories,In-store,Not Returned,High,1758.6,VIP
727248,T-shirt,47,2023-09-23 00:00,65.39,0.45,20.66,Accessories,Online,Not Returned,Low,3073.33,VIP
268775,Notebook,45,2023-09-23 04:00,41.34,0.34,9.96,Accessories,Online,Not Returned,Medium,1860.3,VIP
559167,White Mug,39,2023-09-23 05:00,36.98,0.36,5.03,Accessories,Online,Not Returned,Low,1442.2199999999998,VIP
380257,Wireless Mouse,26,2023-09-23 20:00,77.59,0.26,21.99,Accessories,In-store,Not Returned,High,2017.34,VIP
495799,USB Cable,43,2023-09-24 01:00,37.42,0.15,27.35,Accessories,In-store,Not Returned,High,1609.0600000000002,VIP
202255,Blue Pen,34,2023-09-24 07:00,87.4,0.44,20.48,Accessories,Online,Not Returned,Medium,2971.6000000000004,VIP
857011,Blue Pen,32,2023-09-24 20:00,74.75,0.2,25.51,Accessories,Online,Not Returned,Medium,2392.0,VIP
186934,Desk Lamp,24,2023-09-25 10:00,80.77,0.4,7.74,Accessories,Online,Not Returned,High,1938.48,VIP
317252,Wall Clock,-48,2023-09-25 12:00,-53.15,0.17,,Accessories,In-store,Returned,Medium,2551.2,VIP
204262,Office Chair,19,2023-09-27 05:00,99.7,0.12,22.11,Accessories,In-store,Not Returned,Low,1894.3,VIP
899301,T-shirt,40,2023-09-27 16:00,86.65,0.46,5.77,Accessories,Online,Not Returned,High,3466.0,VIP
870267,Blue Pen,29,2023-09-27 17:00,71.33,0.38,6.05,Accessories,Online,Not Returned,High,2068.57,VIP
653306,White Mug,38,2023-09-28 08:00,43.05,0.42,25.64,Accessories,In-store,Not Returned,Medium,1635.9,VIP
447983,Headphones,19,2023-09-28 09:00,99.59,0.15,17.79,Accessories,In-store,Not Returned,Medium,1892.21,VIP
226731,Wall Clock,44,2023-09-28 17:00,72.85,0.4,19.26,Accessories,In-store,Not Returned,Medium,3205.4,VIP
198382,Backpack,46,2023-09-28 18:00,76.33,0.21,12.07,Accessories,In-store,Returned,Medium,3511.18,VIP
304447,Desk Lamp,25,2023-09-28 22:00,86.84,0.3,22.93,Accessories,Online,Not Returned,Medium,2171.0,VIP
855826,Headphones,22,2023-09-28 23:00,99.45,0.14,7.1,Accessories,In-store,Not Returned,Low,2187.9,VIP
872668,Backpack,37,2023-09-29 04:00,62.5,0.12,14.9,Accessories,In-store,Not Returned,High,2312.5,VIP
241696,USB Cable,45,2023-09-29 12:00,61.02,0.15,25.04,Accessories,Online,Not Returned,Medium,2745.9,VIP
997803,Blue Pen,44,2023-09-30 07:00,58.99,0.37,26.53,Accessories,In-store,Not Returned,High,2595.56,VIP
289939,Wireless Mouse,24,2023-09-30 11:00,88.64,0.26,22.81,Accessories,Online,Not Returned,High,2127.36,VIP
129044,Wireless Mouse,20,2023-10-01 04:00,56.45,0.43,13.48,Accessories,In-store,Not Returned,Low,1129.0,VIP
121694,USB Cable,31,2023-10-01 17:00,70.31,0.36,7.1,Accessories,Online,Returned,High,2179.61,VIP
722052,T-shirt,39,2023-10-02 07:00,31.3,0.32,5.69,Accessories,Online,Not Returned,Low,1220.7,VIP
356556,Backpack,33,2023-10-02 17:00,43.81,0.39,24.62,Accessories,Online,Returned,Low,1445.73,VIP
679823,Blue Pen,20,2023-10-03 20:00,55.64,0.24,16.05,Accessories,In-store,Not Returned,High,1112.8,VIP
744742,Wireless Mouse,37,2023-10-05 02:00,64.44,0.04,9.81,Accessories,Online,Not Returned,Medium,2384.28,VIP
799221,Desk Lamp,43,2023-10-05 03:00,28.57,0.05,10.73,Accessories,Online,Not Returned,Low,1228.51,VIP
513949,Headphones,47,2023-10-05 12:00,77.74,0.18,20.31,Accessories,In-store,Not Returned,High,3653.78,VIP
445607,USB Cable,-44,2023-10-05 13:00,-48.99,1.6222543611100957,,Accessories,Online,Not Returned,Low,2155.56,VIP
840321,Notebook,45,2023-10-07 01:00,54.0,0.2,14.68,Accessories,In-store,Not Returned,Low,2430.0,VIP
747429,White Mug,35,2023-10-07 11:00,49.66,0.41,24.44,Accessories,Online,Not Returned,Low,1738.1,VIP
352903,Backpack,35,2023-10-08 01:00,70.09,0.21,25.15,Accessories,Online,Not Returned,High,2453.15,VIP
773033,T-shirt,33,2023-10-08 18:00,97.09,0.03,14.6,Accessories,In-store,Not Returned,High,3203.9700000000003,VIP
568259,Wireless Mouse,47,2023-10-09 12:00,96.88,0.1,27.59,Accessories,Online,Not Returned,Low,4553.36,VIP
301818,Notebook,29,2023-10-10 05:00,81.08,0.02,22.93,Accessories,In-store,Not Returned,High,2351.32,VIP
277550,White Mug,45,2023-10-11 03:00,32.16,0.1,29.8,Accessories,In-store,Returned,Low,1447.1999999999998,VIP
171587,Office Chair,22,2023-10-11 15:00,77.88,0.44,17.11,Accessories,Online,Not Returned,Medium,1713.36,VIP
925787,Wall Clock,37,2023-10-11 19:00,99.1,0.03,28.06,Accessories,In-store,Not Returned,Medium,3666.7,VIP
737826,Wireless Mouse,14,2023-10-11 22:00,83.1,0.3,9.18,Accessories,In-store,Not Returned,Medium,1163.4,VIP
605450,Wireless Mouse,34,2023-10-11 23:00,66.84,0.16,21.79,Accessories,Online,Not Returned,Low,2272.56,VIP
231440,T-shirt,22,2023-10-12 10:00,67.73,0.17,22.54,Accessories,In-store,Not Returned,Medium,1490.0600000000002,VIP
757247,Blue Pen,42,2023-10-12 20:00,74.64,0.22,21.94,Accessories,Online,Returned,High,3134.88,VIP
898407,Notebook,18,2023-10-12 21:00,63.76,0.49,21.52,Accessories,Online,Not Returned,Low,1147.68,VIP
184984,Office Chair,48,2023-10-13 00:00,83.67,0.12,8.9,Accessories,In-store,Not Returned,Medium,4016.16,VIP
622894,T-shirt,24,2023-10-13 13:00,82.31,0.05,29.92,Accessories,Online,Not Returned,Low,1975.44,VIP
181292,Backpack,40,2023-10-13 17:00,82.14,0.29,27.41,Accessories,In-store,Not Returned,High,3285.6,VIP
820570,USB Cable,44,2023-10-13 21:00,59.03,0.21,14.18,Accessories,In-store,Not Returned,High,2597.32,VIP
411968,Notebook,30,2023-10-14 04:00,64.62,0.36,12.63,Accessories,In-store,Not Returned,Medium,1938.6,VIP
546790,T-shirt,29,2023-10-14 07:00,82.5,0.49,19.18,Accessories,Online,Not Returned,High,2392.5,VIP
229447,T-shirt,47,2023-10-14 19:00,57.48,0.5,10.36,Accessories,Online,Returned,Medium,2701.56,VIP
868660,Wall Clock,18,2023-10-14 20:00,100.0,0.25,13.29,Accessories,In-store,Not Returned,Medium,1800.0,VIP
402043,White Mug,26,2023-10-15 05:00,87.62,0.19,27.76,Accessories,Online,Not Returned,Medium,2278.12,VIP
836134,Backpack,33,2023-10-15 16:00,94.15,0.14,25.86,Accessories,In-store,Not Returned,High,3106.9500000000003,VIP
967528,Blue Pen,24,2023-10-16 05:00,55.45,0.41,5.33,Accessories,Online,Not Returned,High,1330.8000000000002,VIP
727389,Headphones,38,2023-10-16 11:00,96.71,0.36,7.09,Accessories,Online,Not Returned,High,3674.98,VIP
283535,Wireless Mouse,27,2023-10-17 01:00,44.36,0.42,18.18,Accessories,In-store,Not Returned,Low,1197.72,VIP
846958,Wireless Mouse,46,2023-10-18 03:00,49.53,0.37,27.2,Accessories,In-store,Returned,Medium,2278.38,VIP
555453,Headphones,45,2023-10-18 08:00,55.58,0.41,8.49,Accessories,In-store,Not Returned,Medium,2501.1,VIP
429537,Blue Pen,37,2023-10-18 17:00,71.94,0.45,26.07,Accessories,Online,Not Returned,Low,2661.78,VIP
460952,Headphones,32,2023-10-18 23:00,72.72,0.29,19.8,Accessories,Online,Not Returned,Low,2327.04,VIP
261754,Desk Lamp,30,2023-10-19 04:00,40.98,0.48,17.46,Accessories,Online,Not Returned,Low,1229.4,VIP
637607,Office Chair,26,2023-10-19 12:00,91.17,0.1,10.46,Accessories,In-store,Not Returned,High,2370.42,VIP
125294,Headphones,26,2023-10-19 22:00,41.57,0.37,22.01,Accessories,Online,Not Returned,High,1080.82,VIP
809009,Office Chair,44,2023-10-20 01:00,71.1,0.0,6.01,Accessories,Online,Not Returned,Medium,3128.4,VIP
648143,Blue Pen,19,2023-10-20 11:00,58.5,0.34,16.47,Accessories,In-store,Not Returned,Medium,1111.5,VIP
349416,Headphones,25,2023-10-20 13:00,79.48,0.28,12.52,Accessories,In-store,Not Returned,High,1987.0,VIP
960521,Wall Clock,27,2023-10-20 16:00,75.44,0.12,23.11,Accessories,Online,Not Returned,Medium,2036.88,VIP
592461,White Mug,17,2023-10-21 22:00,86.84,0.36,15.57,Accessories,In-store,Not Returned,Low,1476.28,VIP
683184,USB Cable,35,2023-10-22 09:00,69.31,0.24,24.58,Accessories,Online,Not Returned,High,2425.85,VIP
510676,Desk Lamp,40,2023-10-22 14:00,26.57,0.42,20.15,Accessories,In-store,Not Returned,Low,1062.8,VIP
543280,Desk Lamp,18,2023-10-22 20:00,72.76,0.15,12.24,Accessories,In-store,Not Returned,Low,1309.68,VIP
807744,Desk Lamp,30,2023-10-23 13:00,88.5,0.16,16.25,Accessories,In-store,Not Returned,Low,2655.0,VIP
506485,Notebook,26,2023-10-23 22:00,43.03,0.23,21.63,Accessories,Online,Not Returned,Low,1118.78,VIP
561793,Wall Clock,35,2023-10-23 23:00,30.93,0.2,16.91,Accessories,Online,Not Returned,Medium,1082.55,VIP
902983,USB Cable,39,2023-10-24 00:00,68.44,0.45,18.59,Accessories,In-store,Not Returned,High,2669.16,VIP
434647,USB Cable,46,2023-10-24 04:00,66.74,0.39,20.72,Accessories,Online,Not Returned,Low,3070.04,VIP
576157,T-shirt,43,2023-10-24 15:00,42.73,0.48,18.88,Accessories,Online,Not Returned,Medium,1837.39,VIP
296896,Wireless Mouse,48,2023-10-24 21:00,25.52,0.25,25.53,Accessories,In-store,Not Returned,Low,1224.96,VIP
821970,White Mug,43,2023-10-25 02:00,99.64,0.46,8.44,Accessories,In-store,Not Returned,High,4284.52,VIP
722631,White Mug,49,2023-10-25 06:00,56.75,0.1,9.46,Accessories,In-store,Not Returned,High,2780.75,VIP
259270,Desk Lamp,20,2023-10-25 08:00,97.07,0.27,24.23,Accessories,Online,Not Returned,High,1941.4,VIP
747764,Wall Clock,27,2023-10-25 16:00,54.58,0.32,29.83,Accessories,In-store,Returned,High,1473.66,VIP
425144,Wall Clock,15,2023-10-27 09:00,75.33,0.28,5.51,Accessories,In-store,Not Returned,Low,1129.95,VIP
607607,Headphones,45,2023-10-27 16:00,23.29,0.24,25.62,Accessories,In-store,Returned,Low,1048.05,VIP
267170,Office Chair,36,2023-10-27 23:00,56.53,0.02,21.07,Accessories,Online,Not Returned,Medium,2035.08,VIP
242184,Wall Clock,28,2023-10-28 17:00,92.24,0.43,14.13,Accessories,Online,Not Returned,Low,2582.72,VIP
258736,Notebook,37,2023-10-29 07:00,91.1,0.12,25.26,Accessories,In-store,Not Returned,High,3370.7,VIP
642050,Wall Clock,48,2023-10-29 12:00,73.5,0.26,27.39,Accessories,Online,Not Returned,High,3528.0,VIP
965523,T-shirt,41,2023-10-29 20:00,64.18,0.34,16.99,Accessories,In-store,Not Returned,Medium,2631.38,VIP
214919,Notebook,18,2023-10-29 21:00,93.02,0.35,6.52,Accessories,Online,Not Returned,High,1674.36,VIP
931716,Office Chair,39,2023-10-30 22:00,92.56,0.31,17.3,Accessories,In-store,Not Returned,Low,3609.84,VIP
938361,Desk Lamp,29,2023-10-31 09:00,94.03,0.01,9.79,Accessories,In-store,Returned,High,2726.87,VIP
324876,Wall Clock,17,2023-10-31 10:00,73.51,0.05,25.13,Accessories,In-store,Not Returned,Low,1249.67,VIP
559281,Notebook,22,2023-10-31 14:00,72.99,0.48,28.47,Accessories,Online,Not Returned,Medium,1605.78,VIP
533995,Wireless Mouse,14,2023-10-31 15:00,75.82,0.33,11.73,Accessories,In-store,Returned,Medium,1061.48,VIP
475356,Notebook,42,2023-10-31 23:00,56.14,0.23,5.94,Accessories,In-store,Not Returned,Low,2357.88,VIP
736643,Backpack,27,2023-11-01 08:00,52.98,0.21,26.82,Accessories,In-store,Not Returned,High,1430.4599999999998,VIP
552718,Headphones,23,2023-11-01 09:00,67.36,0.23,19.84,Accessories,In-store,Returned,Low,1549.28,VIP
274606,Blue Pen,40,2023-11-01 11:00,88.39,0.31,26.45,Accessories,Online,Not Returned,High,3535.6,VIP
652473,Headphones,31,2023-11-01 15:00,65.7,0.14,6.34,Accessories,In-store,Not Returned,Low,2036.7,VIP
850524,T-shirt,43,2023-11-02 04:00,69.18,0.29,17.69,Accessories,Online,Not Returned,Medium,2974.74,VIP
503365,Blue Pen,39,2023-11-02 23:00,48.73,0.4,17.93,Accessories,Online,Not Returned,Low,1900.47,VIP
484062,T-shirt,39,2023-11-03 16:00,44.51,0.17,29.78,Accessories,In-store,Not Returned,Low,1735.89,VIP
239598,White Mug,19,2023-11-04 15:00,73.43,0.43,11.82,Accessories,Online,Not Returned,High,1395.17,VIP
101207,Blue Pen,33,2023-11-04 18:00,41.6,0.1,26.03,Accessories,Online,Not Returned,Low,1372.8,VIP
466393,Backpack,49,2023-11-05 03:00,84.94,0.33,13.15,Accessories,Online,Not Returned,High,4162.06,VIP
293171,White Mug,42,2023-11-05 09:00,73.93,0.43,10.62,Accessories,In-store,Not Returned,Medium,3105.0600000000004,VIP
202599,USB Cable,33,2023-11-05 10:00,54.99,0.26,28.87,Accessories,Online,Not Returned,High,1814.67,VIP
606250,Office Chair,48,2023-11-05 15:00,27.28,0.4,14.21,Accessories,In-store,Not Returned,High,1309.44,VIP
271140,Desk Lamp,26,2023-11-05 21:00,39.85,0.41,28.89,Accessories,Online,Not Returned,High,1036.1,VIP
962735,Notebook,30,2023-11-06 00:00,95.07,0.17,29.9,Accessories,In-store,Not Returned,Medium,2852.1,VIP
798394,T-shirt,39,2023-11-06 10:00,57.99,0.31,14.31,Accessories,In-store,Not Returned,High,2261.61,VIP
341372,Notebook,47,2023-11-06 14:00,43.15,0.32,21.55,Accessories,Online,Not Returned,Low,2028.05,VIP
793089,Office Chair,39,2023-11-06 17:00,31.6,0.49,11.24,Accessories,In-store,Returned,Medium,1232.4,VIP
858362,Wall Clock,28,2023-11-06 19:00,67.37,0.4,5.21,Accessories,In-store,Not Returned,Medium,1886.36,VIP
178871,Blue Pen,30,2023-11-07 01:00,84.75,0.48,27.59,Accessories,Online,Not Returned,Medium,2542.5,VIP
213682,White Mug,14,2023-11-07 05:00,98.23,0.44,6.42,Accessories,In-store,Not Returned,Medium,1375.22,VIP
708435,USB Cable,47,2023-11-07 09:00,67.47,0.01,8.78,Accessories,Online,Not Returned,High,3171.09,VIP
998671,Office Chair,43,2023-11-08 05:00,56.65,0.14,5.34,Accessories,In-store,Not Returned,Medium,2435.95,VIP
198099,USB Cable,30,2023-11-08 14:00,42.53,0.1,14.1,Accessories,In-store,Not Returned,Medium,1275.9,VIP
647079,Desk Lamp,24,2023-11-08 18:00,81.93,0.31,10.5,Accessories,Online,Not Returned,Medium,1966.32,VIP
490721,Desk Lamp,29,2023-11-09 16:00,59.35,0.22,17.0,Accessories,In-store,Not Returned,Medium,1721.15,VIP
991293,T-shirt,41,2023-11-09 20:00,45.79,0.08,21.89,Accessories,Online,Not Returned,High,1877.39,VIP
371300,Blue Pen,-45,2023-11-10 19:00,-95.8,1.291666067416295,,Accessories,In-store,Returned,High,4311.0,VIP
248278,Blue Pen,16,2023-11-11 03:00,94.79,0.17,29.74,Accessories,In-store,Not Returned,High,1516.64,VIP
299795,Notebook,13,2023-11-11 21:00,83.98,0.36,15.21,Accessories,Online,Not Returned,Low,1091.74,VIP
748333,Wall Clock,42,2023-11-11 22:00,24.7,0.03,22.34,Accessories,Online,Not Returned,High,1037.4,VIP
884483,Notebook,18,2023-11-12 06:00,83.01,0.25,26.13,Accessories,Online,Not Returned,High,1494.18,VIP
846963,Notebook,13,2023-11-12 08:00,88.12,0.47,6.46,Accessories,Online,Not Returned,High,1145.56,VIP
343543,Office Chair,19,2023-11-13 09:00,79.34,0.35,6.46,Accessories,Online,Not Returned,Medium,1507.46,VIP
584296,T-shirt,37,2023-11-13 16:00,98.74,0.13,13.7,Accessories,In-store,Not Returned,Low,3653.38,VIP
400780,USB Cable,22,2023-11-13 19:00,93.77,0.02,18.59,Accessories,Online,Not Returned,Medium,2062.94,VIP
906070,Wall Clock,26,2023-11-14 04:00,67.75,0.07,15.48,Accessories,In-store,Not Returned,Medium,1761.5,VIP
640684,Backpack,22,2023-11-14 06:00,95.88,0.46,19.68,Accessories,Online,Not Returned,Medium,2109.36,VIP
694802,Wireless Mouse,38,2023-11-14 19:00,73.99,0.08,6.96,Accessories,In-store,Not Returned,High,2811.62,VIP
338750,Notebook,42,2023-11-15 21:00,99.31,0.33,8.61,Accessories,In-store,Not Returned,High,4171.02,VIP
192469,USB Cable,35,2023-11-15 22:00,65.47,0.29,9.82,Accessories,Online,Returned,High,2291.45,VIP
991566,Wall Clock,36,2023-11-16 15:00,81.38,0.15,20.22,Accessories,Online,Returned,High,2929.68,VIP
337648,Desk Lamp,47,2023-11-17 06:00,64.06,0.49,9.52,Accessories,Online,Not Returned,Low,3010.82,VIP
902078,Headphones,37,2023-11-17 12:00,84.05,0.13,12.24,Accessories,Online,Not Returned,Low,3109.85,VIP
322088,Wall Clock,39,2023-11-18 15:00,43.31,0.23,5.17,Accessories,Online,Not Returned,Low,1689.09,VIP
209796,Headphones,23,2023-11-18 18:00,85.54,0.3,9.97,Accessories,Online,Not Returned,Medium,1967.42,VIP
496862,White Mug,23,2023-11-19 07:00,71.95,0.17,25.04,Accessories,Online,Not Returned,Medium,1654.85,VIP
631313,Wall Clock,17,2023-11-19 09:00,66.04,0.07,23.75,Accessories,Online,Not Returned,Low,1122.68,VIP
805783,USB Cable,15,2023-11-19 12:00,75.04,0.14,11.17,Accessories,Online,Returned,Medium,1125.6,VIP
326560,Wireless Mouse,25,2023-11-19 15:00,89.98,0.19,20.06,Accessories,Online,Not Returned,High,2249.5,VIP
116010,T-shirt,32,2023-11-20 01:00,96.81,0.29,17.54,Accessories,In-store,Not Returned,Low,3097.92,VIP
399459,Backpack,-21,2023-11-20 06:00,-70.62,0.37,,Accessories,Online,Not Returned,High,1483.02,VIP
482323,T-shirt,-50,2023-11-20 11:00,-85.05,1.5341604444362575,,Accessories,In-store,Not Returned,Low,4252.5,VIP
640218,Notebook,35,2023-11-20 21:00,78.28,0.26,26.51,Accessories,In-store,Not Returned,Low,2739.8,VIP
179712,Headphones,36,2023-11-21 05:00,78.34,0.04,21.86,Accessories,Online,Returned,Low,2820.24,VIP
622554,White Mug,29,2023-11-21 10:00,34.67,0.42,18.67,Accessories,Online,Not Returned,Low,1005.43,VIP
909197,Desk Lamp,45,2023-11-21 13:00,60.87,0.19,16.0,Accessories,Online,Not Returned,Medium,2739.15,VIP
478821,White Mug,33,2023-11-21 17:00,38.3,0.04,18.54,Accessories,Online,Not Returned,Low,1263.9,VIP
246540,Headphones,27,2023-11-21 18:00,44.38,0.01,19.25,Accessories,Online,Not Returned,High,1198.26,VIP
750806,Headphones,44,2023-11-21 23:00,69.96,0.25,26.45,Accessories,Online,Not Returned,High,3078.24,VIP
774458,Wall Clock,19,2023-11-22 00:00,98.66,0.17,24.52,Accessories,Online,Returned,High,1874.54,VIP
235258,USB Cable,34,2023-11-22 02:00,98.33,0.2,18.82,Accessories,Online,Not Returned,Low,3343.22,VIP
917766,Headphones,31,2023-11-23 05:00,56.52,0.09,25.93,Accessories,In-store,Not Returned,High,1752.12,VIP
687740,Desk Lamp,49,2023-11-23 07:00,92.48,0.06,25.99,Accessories,In-store,Not Returned,Low,4531.52,VIP
305219,Notebook,23,2023-11-24 21:00,98.61,0.03,10.02,Accessories,Online,Not Returned,Medium,2268.03,VIP
393275,White Mug,33,2023-11-25 08:00,90.57,0.38,8.19,Accessories,Online,Not Returned,Medium,2988.81,VIP
479887,Desk Lamp,38,2023-11-25 21:00,33.37,0.22,10.64,Accessories,Online,Not Returned,Medium,1268.06,VIP
634610,T-shirt,42,2023-11-26 00:00,94.34,0.06,11.75,Accessories,Online,Not Returned,Medium,3962.28,VIP
316850,Backpack,47,2023-11-26 07:00,37.63,0.16,9.5,Accessories,Online,Not Returned,High,1768.61,VIP
629279,Office Chair,42,2023-11-26 17:00,55.52,0.4,14.51,Accessories,Online,Not Returned,High,2331.84,VIP
266169,White Mug,28,2023-11-27 01:00,59.81,0.39,7.52,Accessories,In-store,Not Returned,Medium,1674.68,VIP
355055,Headphones,42,2023-11-27 11:00,50.05,0.16,8.02,Accessories,Online,Not Returned,Low,2102.1,VIP
544068,Wall Clock,23,2023-11-27 13:00,53.42,0.19,6.25,Accessories,Online,Not Returned,Low,1228.66,VIP
780662,Desk Lamp,31,2023-11-27 17:00,73.68,0.36,24.09,Accessories,In-store,Not Returned,High,2284.0800000000004,VIP
343481,Blue Pen,26,2023-11-27 21:00,78.01,0.07,16.28,Accessories,In-store,Not Returned,High,2028.26,VIP
820241,Blue Pen,44,2023-11-28 08:00,25.73,0.06,17.55,Accessories,In-store,Not Returned,High,1132.12,VIP
965167,Notebook,34,2023-11-28 23:00,39.36,0.31,14.16,Accessories,Online,Returned,High,1338.24,VIP
898713,White Mug,40,2023-11-29 05:00,61.02,0.12,24.88,Accessories,In-store,Not Returned,High,2440.8,VIP
111801,Wireless Mouse,19,2023-11-29 18:00,76.56,0.48,11.2,Accessories,In-store,Not Returned,High,1454.64,VIP
764775,Headphones,36,2023-11-30 16:00,29.03,0.29,11.24,Accessories,Online,Returned,Low,1045.08,VIP
331560,Backpack,-49,2023-12-01 14:00,-66.53,1.1443197541565528,,Accessories,Online,Not Returned,Low,3259.9700000000003,VIP
788178,Wireless Mouse,42,2023-12-02 03:00,87.52,0.31,13.57,Accessories,In-store,Not Returned,Low,3675.84,VIP
176629,White Mug,18,2023-12-02 15:00,91.11,0.36,29.21,Accessories,In-store,Not Returned,High,1639.98,VIP
936255,T-shirt,15,2023-12-02 21:00,88.11,0.5,14.54,Accessories,Online,Not Returned,High,1321.65,VIP
168743,USB Cable,42,2023-12-03 07:00,89.74,0.14,5.43,Accessories,Online,Not Returned,Low,3769.08,VIP
809517,Wall Clock,49,2023-12-03 13:00,86.6,0.17,7.03,Accessories,Online,Not Returned,High,4243.4,VIP
436333,Desk Lamp,39,2023-12-04 07:00,88.55,0.23,28.45,Accessories,Online,Not Returned,High,3453.45,VIP
583649,Office Chair,33,2023-12-04 09:00,39.39,0.25,8.04,Accessories,In-store,Not Returned,Medium,1299.87,VIP
496429,Notebook,36,2023-12-05 16:00,50.95,0.45,17.13,Accessories,In-store,Not Returned,Low,1834.2,VIP
784855,Wall Clock,47,2023-12-05 18:00,89.61,0.29,24.09,Accessories,In-store,Not Returned,Low,4211.67,VIP
927560,Blue Pen,20,2023-12-06 06:00,62.93,0.5,28.55,Accessories,In-store,Not Returned,Medium,1258.6,VIP
117660,Wall Clock,37,2023-12-06 19:00,72.11,0.11,27.45,Accessories,In-store,Not Returned,Low,2668.07,VIP
521231,USB Cable,44,2023-12-07 01:00,90.1,0.2,29.62,Accessories,Online,Not Returned,High,3964.4,VIP
464443,T-shirt,27,2023-12-07 10:00,59.33,0.34,6.66,Accessories,In-store,Not Returned,High,1601.91,VIP
891645,Blue Pen,49,2023-12-08 07:00,37.45,0.36,23.98,Accessories,Online,Not Returned,High,1835.05,VIP
806659,Desk Lamp,41,2023-12-08 09:00,69.64,0.03,27.82,Accessories,In-store,Not Returned,Medium,2855.24,VIP
747693,Headphones,17,2023-12-08 20:00,99.31,0.27,14.41,Accessories,In-store,Not Returned,High,1688.27,VIP
779414,Office Chair,26,2023-12-09 03:00,77.56,0.04,17.05,Accessories,In-store,Not Returned,Medium,2016.56,VIP
666306,T-shirt,39,2023-12-09 14:00,40.71,0.23,12.95,Accessories,Online,Returned,Low,1587.69,VIP
509832,USB Cable,49,2023-12-10 04:00,77.85,0.0,8.06,Accessories,Online,Returned,Medium,3814.65,VIP
720197,Office Chair,45,2023-12-10 05:00,86.15,0.11,6.86,Accessories,In-store,Not Returned,Low,3876.750000000001,VIP
217715,Headphones,46,2023-12-10 06:00,89.54,0.22,28.08,Accessories,In-store,Not Returned,Low,4118.84,VIP
859950,Backpack,35,2023-12-11 15:00,58.41,0.35,11.1,Accessories,In-store,Not Returned,Medium,2044.35,VIP
538746,Wireless Mouse,36,2023-12-11 19:00,80.7,0.12,28.01,Accessories,In-store,Not Returned,Medium,2905.2000000000003,VIP
448472,T-shirt,20,2023-12-12 10:00,94.33,0.02,23.03,Accessories,Online,Not Returned,Medium,1886.6,VIP
621866,Wireless Mouse,39,2023-12-13 20:00,62.72,0.38,12.86,Accessories,In-store,Not Returned,High,2446.08,VIP
319493,Backpack,31,2023-12-14 10:00,79.8,0.26,21.89,Accessories,In-store,Returned,High,2473.8,VIP
576192,Wall Clock,41,2023-12-14 15:00,81.99,0.26,27.62,Accessories,Online,Returned,Low,3361.59,VIP
215256,Headphones,44,2023-12-14 21:00,85.24,0.28,7.48,Accessories,In-store,Not Returned,Low,3750.56,VIP
833397,Notebook,45,2023-12-15 02:00,89.6,0.44,19.92,Accessories,In-store,Not Returned,Medium,4032.0,VIP
330684,Desk Lamp,32,2023-12-15 04:00,90.57,0.31,5.81,Accessories,In-store,Not Returned,Medium,2898.24,VIP
705726,Office Chair,40,2023-12-15 05:00,76.74,0.12,24.83,Accessories,Online,Not Returned,Medium,3069.6,VIP
311978,Backpack,27,2023-12-15 09:00,44.69,0.35,24.68,Accessories,In-store,Not Returned,Low,1206.63,VIP
219937,White Mug,16,2023-12-16 02:00,97.9,0.22,7.51,Accessories,In-store,Not Returned,High,1566.4,VIP
638024,Headphones,29,2023-12-16 06:00,83.64,0.28,13.57,Accessories,Online,Not Returned,Medium,2425.56,VIP
409495,Wireless Mouse,21,2023-12-16 23:00,89.15,0.1,17.32,Accessories,In-store,Not Returned,High,1872.15,VIP
780646,Wall Clock,49,2023-12-17 07:00,28.8,0.35,9.51,Accessories,Online,Not Returned,Low,1411.2,VIP
621323,White Mug,39,2023-12-18 14:00,42.77,0.34,5.1,Accessories,In-store,Not Returned,High,1668.0300000000002,VIP
304427,Desk Lamp,40,2023-12-18 15:00,92.83,0.25,17.22,Accessories,In-store,Not Returned,High,3713.2,VIP
606706,T-shirt,17,2023-12-18 18:00,76.09,0.33,15.64,Accessories,Online,Not Returned,Medium,1293.53,VIP
342070,Office Chair,20,2023-12-19 01:00,52.6,0.19,7.77,Accessories,Online,Not Returned,Low,1052.0,VIP
572159,Notebook,26,2023-12-19 21:00,60.3,0.32,29.35,Accessories,In-store,Not Returned,High,1567.8,VIP
744645,Notebook,43,2023-12-20 03:00,85.75,0.04,25.05,Accessories,Online,Not Returned,Low,3687.25,VIP
474884,Notebook,23,2023-12-20 21:00,91.14,0.32,25.8,Accessories,Online,Not Returned,Medium,2096.22,VIP
588937,White Mug,25,2023-12-21 15:00,64.72,0.21,18.14,Accessories,Online,Not Returned,Medium,1618.0,VIP
891523,Blue Pen,48,2023-12-21 19:00,43.61,0.4,15.61,Accessories,In-store,Not Returned,High,2093.28,VIP
672356,Desk Lamp,34,2023-12-22 14:00,65.85,0.31,21.72,Accessories,In-store,Not Returned,Medium,2238.9,VIP
273746,Blue Pen,16,2023-12-22 17:00,64.91,0.45,19.76,Accessories,Online,Not Returned,Low,1038.56,VIP
397535,Wireless Mouse,29,2023-12-22 21:00,87.54,0.5,9.92,Accessories,In-store,Not Returned,High,2538.6600000000003,VIP
476024,Blue Pen,40,2023-12-23 00:00,70.31,0.0,24.19,Accessories,Online,Not Returned,Low,2812.4,VIP
218440,Headphones,29,2023-12-23 01:00,57.43,0.4,9.95,Accessories,Online,Not Returned,Medium,1665.47,VIP
703995,USB Cable,33,2023-12-24 11:00,95.74,0.18,9.46,Accessories,In-store,Not Returned,Medium,3159.42,VIP
644246,Office Chair,26,2023-12-24 20:00,43.32,0.41,5.71,Accessories,Online,Not Returned,High,1126.32,VIP
384026,Notebook,42,2023-12-25 17:00,52.04,0.47,17.19,Accessories,Online,Not Returned,Low,2185.68,VIP
870724,White Mug,34,2023-12-25 23:00,39.94,0.18,11.3,Accessories,In-store,Not Returned,Low,1357.96,VIP
775713,Backpack,41,2023-12-26 06:00,54.52,0.43,9.81,Accessories,In-store,Not Returned,Medium,2235.32,VIP
433354,Backpack,26,2023-12-26 08:00,58.63,0.07,21.15,Accessories,Online,Not Returned,High,1524.38,VIP
777632,Notebook,48,2023-12-26 10:00,58.94,0.14,27.51,Accessories,In-store,Returned,High,2829.12,VIP
913317,USB Cable,40,2023-12-27 11:00,72.68,0.1,17.68,Accessories,In-store,Not Returned,Medium,2907.2000000000003,VIP
528917,T-shirt,21,2023-12-27 15:00,55.57,0.28,24.79,Accessories,Online,Returned,Medium,1166.97,VIP
571916,Desk Lamp,18,2023-12-28 00:00,70.98,0.38,10.88,Accessories,Online,Not Returned,Low,1277.64,VIP
254342,USB Cable,23,2023-12-28 11:00,86.9,0.03,12.71,Accessories,In-store,Not Returned,Medium,1998.7,VIP
932924,Wall Clock,25,2023-12-29 03:00,94.94,0.28,29.28,Accessories,In-store,Not Returned,Low,2373.5,VIP
734006,Wall Clock,34,2023-12-29 04:00,33.95,0.18,22.87,Accessories,Online,Not Returned,Low,1154.3000000000002,VIP
558478,Blue Pen,38,2023-12-30 16:00,66.97,0.23,8.81,Accessories,In-store,Not Returned,High,2544.86,VIP
350763,Wireless Mouse,31,2023-12-30 21:00,73.78,0.31,15.92,Accessories,In-store,Not Returned,Medium,2287.18,VIP
445231,Wireless Mouse,49,2023-12-31 11:00,39.51,0.24,22.04,Accessories,Online,Not Returned,High,1935.99,VIP
186392,Notebook,29,2023-12-31 16:00,69.67,0.28,18.17,Accessories,Online,Not Returned,Medium,2020.43,VIP
651015,T-shirt,39,2024-01-01 11:00,52.97,0.24,7.23,Accessories,In-store,Not Returned,Medium,2065.83,VIP
512683,Wall Clock,26,2024-01-01 20:00,80.21,0.03,17.63,Accessories,Online,Not Returned,Low,2085.46,VIP
645607,Wireless Mouse,22,2024-01-02 18:00,77.55,0.22,9.58,Accessories,In-store,Returned,Low,1706.1,VIP
114787,Blue Pen,45,2024-01-03 12:00,75.48,0.36,23.2,Accessories,Online,Not Returned,High,3396.6000000000004,VIP
211489,Desk Lamp,48,2024-01-03 14:00,43.14,0.5,9.85,Accessories,In-store,Not Returned,High,2070.7200000000003,VIP
951177,Wall Clock,48,2024-01-04 02:00,70.93,0.38,28.83,Accessories,In-store,Not Returned,Low,3404.6400000000003,VIP
755284,Wireless Mouse,31,2024-01-04 09:00,98.11,0.34,12.62,Accessories,In-store,Not Returned,High,3041.41,VIP
625759,Office Chair,28,2024-01-04 12:00,42.96,0.41,5.88,Accessories,Online,Not Returned,Medium,1202.88,VIP
219076,Wall Clock,35,2024-01-04 18:00,32.38,0.09,18.76,Accessories,Online,Returned,Low,1133.3000000000002,VIP
724197,USB Cable,44,2024-01-04 23:00,72.04,0.12,24.92,Accessories,In-store,Not Returned,Medium,3169.76,VIP
717801,Backpack,36,2024-01-05 11:00,61.53,0.43,9.33,Accessories,In-store,Not Returned,Medium,2215.08,VIP
716726,T-shirt,32,2024-01-06 09:00,79.52,0.15,23.13,Accessories,In-store,Not Returned,Medium,2544.64,VIP
294268,USB Cable,35,2024-01-06 10:00,96.05,0.25,16.94,Accessories,In-store,Returned,High,3361.75,VIP
900224,T-shirt,33,2024-01-07 03:00,58.73,0.19,26.13,Accessories,Online,Not Returned,Low,1938.09,VIP
589775,T-shirt,32,2024-01-07 09:00,53.12,0.21,11.4,Accessories,Online,Not Returned,High,1699.84,VIP
999761,White Mug,32,2024-01-07 11:00,37.4,0.12,27.6,Accessories,In-store,Not Returned,Medium,1196.8,VIP
779025,Notebook,39,2024-01-07 12:00,40.21,0.47,24.09,Accessories,Online,Not Returned,Low,1568.19,VIP
851309,Blue Pen,23,2024-01-08 15:00,47.47,0.41,7.52,Accessories,In-store,Not Returned,High,1091.81,VIP
669390,Notebook,41,2024-01-08 16:00,98.11,0.06,12.55,Accessories,In-store,Not Returned,High,4022.51,VIP
114040,USB Cable,21,2024-01-08 17:00,71.89,0.11,8.27,Accessories,In-store,Not Returned,High,1509.69,VIP
446142,White Mug,38,2024-01-08 22:00,97.75,0.5,14.25,Accessories,In-store,Not Returned,Low,3714.5,VIP
298554,Wireless Mouse,33,2024-01-09 06:00,80.26,0.29,19.52,Accessories,In-store,Not Returned,High,2648.5800000000004,VIP
406981,Notebook,23,2024-01-09 13:00,52.6,0.04,11.34,Accessories,Online,Not Returned,Medium,1209.8,VIP
251182,Headphones,15,2024-01-10 12:00,90.52,0.02,8.54,Accessories,Online,Not Returned,High,1357.8,VIP
205311,Notebook,39,2024-01-13 03:00,67.31,0.32,25.39,Accessories,In-store,Not Returned,High,2625.09,VIP
739450,Notebook,11,2024-01-13 06:00,94.88,0.35,16.28,Accessories,Online,Not Returned,Medium,1043.6799999999998,VIP
167296,Desk Lamp,31,2024-01-13 10:00,83.48,0.43,15.24,Accessories,In-store,Not Returned,Medium,2587.88,VIP
927395,T-shirt,32,2024-01-14 05:00,81.37,0.34,5.78,Accessories,Online,Not Returned,Low,2603.84,VIP
627735,Blue Pen,19,2024-01-14 06:00,65.88,0.33,6.69,Accessories,Online,Not Returned,Low,1251.7199999999998,VIP
891767,Wireless Mouse,45,2024-01-14 16:00,46.21,0.09,23.86,Accessories,In-store,Not Returned,High,2079.45,VIP
536997,T-shirt,48,2024-01-15 01:00,72.43,0.42,13.44,Accessories,Online,Not Returned,High,3476.6400000000003,VIP
866033,Office Chair,42,2024-01-15 02:00,72.1,0.45,12.49,Accessories,In-store,Not Returned,High,3028.2,VIP
999648,Headphones,31,2024-01-15 09:00,74.93,0.2,16.66,Accessories,Online,Not Returned,Medium,2322.8300000000004,VIP
295980,White Mug,37,2024-01-15 11:00,69.02,0.14,23.34,Accessories,In-store,Not Returned,High,2553.74,VIP
789123,T-shirt,48,2024-01-15 12:00,27.95,0.32,6.24,Accessories,In-store,Not Returned,High,1341.6,VIP
404186,Office Chair,47,2024-01-15 21:00,25.64,0.47,21.55,Accessories,Online,Not Returned,Low,1205.08,VIP
823800,Blue Pen,25,2024-01-15 23:00,48.26,0.24,28.76,Accessories,Online,Not Returned,High,1206.5,VIP
566960,USB Cable,39,2024-01-16 06:00,39.71,0.38,22.41,Accessories,In-store,Not Returned,High,1548.69,VIP
828316,T-shirt,47,2024-01-17 21:00,44.1,0.12,19.61,Accessories,In-store,Returned,Medium,2072.7000000000003,VIP
602158,Office Chair,37,2024-01-17 23:00,30.34,0.34,19.2,Accessories,In-store,Not Returned,High,1122.58,VIP
795038,Backpack,23,2024-01-18 00:00,63.52,0.27,23.21,Accessories,Online,Not Returned,High,1460.96,VIP
988493,Wall Clock,22,2024-01-18 07:00,56.61,0.07,17.23,Accessories,In-store,Not Returned,High,1245.42,VIP
465244,T-shirt,18,2024-01-18 08:00,91.71,0.16,10.38,Accessories,In-store,Not Returned,High,1650.78,VIP
530282,Wireless Mouse,46,2024-01-20 00:00,32.63,0.44,8.12,Accessories,Online,Not Returned,High,1500.98,VIP
935655,Office Chair,40,2024-01-20 12:00,51.25,0.08,25.61,Accessories,Online,Not Returned,Low,2050.0,VIP
339883,White Mug,38,2024-01-20 16:00,82.23,0.2,18.85,Accessories,In-store,Not Returned,Medium,3124.74,VIP
193435,Wireless Mouse,-38,2024-01-21 09:00,-55.88,1.33773749410306,,Accessories,In-store,Not Returned,Medium,2123.44,VIP
352844,T-shirt,39,2024-01-22 13:00,96.08,0.42,25.28,Accessories,In-store,Not Returned,High,3747.12,VIP
185702,Desk Lamp,42,2024-01-22 17:00,49.0,0.28,7.5,Accessories,In-store,Not Returned,Medium,2058.0,VIP
276361,Desk Lamp,32,2024-01-23 05:00,39.6,0.11,9.02,Accessories,In-store,Not Returned,Medium,1267.2,VIP
865378,Notebook,23,2024-01-23 12:00,49.07,0.4,11.82,Accessories,In-store,Not Returned,Medium,1128.61,VIP
123423,Headphones,36,2024-01-23 16:00,53.96,0.23,11.83,Accessories,Online,Returned,High,1942.56,VIP
938185,Desk Lamp,38,2024-01-23 21:00,38.97,0.03,19.11,Accessories,Online,Not Returned,Medium,1480.86,VIP
125118,Headphones,27,2024-01-24 15:00,98.39,0.41,26.37,Accessories,In-store,Not Returned,Low,2656.53,VIP
117021,Blue Pen,-37,2024-01-24 19:00,-95.24,1.2524648707414712,,Accessories,In-store,Returned,Medium,3523.88,VIP
720741,Blue Pen,36,2024-01-25 02:00,97.03,0.08,29.08,Accessories,In-store,Not Returned,Low,3493.08,VIP
910920,T-shirt,22,2024-01-25 13:00,76.85,0.48,12.57,Accessories,In-store,Not Returned,Medium,1690.6999999999998,VIP
658549,Wireless Mouse,46,2024-01-26 01:00,93.11,0.29,21.99,Accessories,In-store,Not Returned,Low,4283.06,VIP
938601,Backpack,34,2024-01-26 06:00,69.79,0.4,23.71,Accessories,Online,Not Returned,Medium,2372.86,VIP
642519,White Mug,27,2024-01-26 07:00,59.03,0.38,6.84,Accessories,Online,Not Returned,Low,1593.81,VIP
925711,Blue Pen,47,2024-01-26 22:00,69.49,0.42,14.1,Accessories,Online,Not Returned,High,3266.03,VIP
317507,T-shirt,17,2024-01-27 11:00,66.37,0.38,28.62,Accessories,Online,Not Returned,High,1128.29,VIP
970445,White Mug,45,2024-01-27 17:00,42.04,0.41,15.91,Accessories,Online,Returned,High,1891.8,VIP
513368,T-shirt,20,2024-01-28 07:00,52.62,0.31,15.35,Accessories,In-store,Not Returned,Medium,1052.4,VIP
721679,Wireless Mouse,36,2024-01-28 08:00,58.23,0.45,23.7,Accessories,Online,Not Returned,Low,2096.28,VIP
160216,T-shirt,36,2024-01-28 10:00,83.52,0.23,12.61,Accessories,Online,Not Returned,High,3006.72,VIP
686773,Notebook,49,2024-01-28 16:00,81.55,0.13,7.38,Accessories,Online,Not Returned,High,3995.95,VIP
403244,USB Cable,34,2024-01-29 04:00,47.61,0.4,13.83,Accessories,Online,Not Returned,Medium,1618.74,VIP
676304,Blue Pen,47,2024-01-29 07:00,47.92,0.47,10.0,Accessories,In-store,Not Returned,High,2252.24,VIP
251392,White Mug,49,2024-01-29 10:00,38.39,0.41,15.7,Accessories,Online,Not Returned,Low,1881.11,VIP
207083,Desk Lamp,19,2024-01-31 15:00,99.6,0.46,25.43,Accessories,Online,Not Returned,Low,1892.4,VIP
613875,Wireless Mouse,-17,2024-01-31 19:00,-85.36,1.8689249022733527,,Accessories,In-store,Not Returned,High,1451.12,VIP
879648,Backpack,31,2024-02-01 07:00,63.8,0.37,15.74,Accessories,In-store,Not Returned,Low,1977.8,VIP
761294,Wall Clock,39,2024-02-01 09:00,42.89,0.1,27.02,Accessories,Online,Not Returned,High,1672.71,VIP
257438,Backpack,37,2024-02-02 13:00,34.97,0.47,10.54,Accessories,In-store,Not Returned,High,1293.89,VIP
428398,Blue Pen,33,2024-02-02 19:00,77.36,0.45,7.99,Accessories,In-store,Not Returned,Low,2552.88,VIP
427985,T-shirt,48,2024-02-02 22:00,44.77,0.36,19.3,Accessories,Online,Not Returned,Low,2148.96,VIP
580566,USB Cable,40,2024-02-02 23:00,32.1,0.44,14.13,Accessories,In-store,Not Returned,Medium,1284.0,VIP
255642,Blue Pen,44,2024-02-03 05:00,29.36,0.28,23.1,Accessories,Online,Not Returned,Medium,1291.84,VIP
550738,Blue Pen,40,2024-02-03 09:00,93.61,0.44,20.34,Accessories,Online,Not Returned,High,3744.4,VIP
655679,Backpack,15,2024-02-03 10:00,84.38,0.41,19.21,Accessories,Online,Not Returned,Low,1265.6999999999998,VIP
581370,Headphones,17,2024-02-04 17:00,68.09,0.29,17.08,Accessories,In-store,Not Returned,Medium,1157.53,VIP
871831,Headphones,32,2024-02-05 06:00,34.3,0.13,19.4,Accessories,In-store,Not Returned,Low,1097.6,VIP
213094,Office Chair,36,2024-02-05 07:00,96.55,0.16,26.62,Accessories,In-store,Not Returned,High,3475.8,VIP
366245,Wireless Mouse,27,2024-02-06 01:00,59.42,0.27,9.4,Accessories,Online,Not Returned,High,1604.34,VIP
326218,Headphones,40,2024-02-06 08:00,68.4,0.22,12.67,Accessories,In-store,Not Returned,Medium,2736.0,VIP
975619,Backpack,49,2024-02-06 11:00,81.47,0.49,7.74,Accessories,In-store,Not Returned,Medium,3992.03,VIP
776575,USB Cable,14,2024-02-06 15:00,96.03,0.05,19.96,Accessories,In-store,Not Returned,Low,1344.42,VIP
879711,Wall Clock,14,2024-02-07 07:00,90.89,0.49,13.36,Accessories,In-store,Not Returned,High,1272.46,VIP
748226,Wireless Mouse,30,2024-02-07 08:00,94.64,0.22,25.87,Accessories,In-store,Returned,Low,2839.2,VIP
723812,White Mug,18,2024-02-07 12:00,76.42,0.1,18.08,Accessories,In-store,Returned,Low,1375.56,VIP
358469,Wireless Mouse,48,2024-02-07 21:00,57.74,0.22,20.67,Accessories,In-store,Not Returned,Low,2771.52,VIP
131528,White Mug,29,2024-02-08 02:00,47.59,0.22,29.27,Accessories,In-store,Not Returned,Low,1380.11,VIP
480983,T-shirt,20,2024-02-09 08:00,50.22,0.22,20.04,Accessories,Online,Not Returned,Medium,1004.4,VIP
138441,Wireless Mouse,28,2024-02-09 17:00,48.91,0.31,11.52,Accessories,Online,Not Returned,Medium,1369.48,VIP
176925,Blue Pen,30,2024-02-09 22:00,33.67,0.34,18.48,Accessories,Online,Not Returned,High,1010.1,VIP
232278,Backpack,41,2024-02-10 09:00,26.03,0.44,25.35,Accessories,In-store,Not Returned,Low,1067.23,VIP
440776,Wireless Mouse,44,2024-02-10 10:00,71.23,0.07,9.6,Accessories,In-store,Not Returned,Low,3134.1200000000003,VIP
710213,Headphones,42,2024-02-10 15:00,49.93,0.11,25.72,Accessories,Online,Not Returned,Medium,2097.06,VIP
134337,Wireless Mouse,31,2024-02-10 21:00,54.97,0.41,25.02,Accessories,In-store,Not Returned,Low,1704.07,VIP
866896,Desk Lamp,19,2024-02-10 23:00,98.22,0.16,6.17,Accessories,In-store,Not Returned,Low,1866.18,VIP
613147,Blue Pen,38,2024-02-11 11:00,77.35,0.29,10.42,Accessories,Online,Not Returned,Medium,2939.3,VIP
470257,White Mug,24,2024-02-12 14:00,45.76,0.49,26.01,Accessories,Online,Returned,Medium,1098.24,VIP
190640,Backpack,48,2024-02-12 22:00,47.85,0.12,12.61,Accessories,In-store,Not Returned,High,2296.8,VIP
964120,Backpack,42,2024-02-13 04:00,45.64,0.25,20.26,Accessories,In-store,Returned,Low,1916.88,VIP
537474,Wall Clock,45,2024-02-13 11:00,37.81,0.05,15.95,Accessories,Online,Not Returned,Low,1701.45,VIP
425402,Blue Pen,47,2024-02-13 17:00,48.27,0.22,17.33,Accessories,Online,Not Returned,Medium,2268.69,VIP
938952,White Mug,35,2024-02-14 17:00,41.42,0.48,5.62,Accessories,Online,Not Returned,High,1449.7,VIP
434374,Wireless Mouse,43,2024-02-15 10:00,82.01,0.03,13.46,Accessories,Online,Not Returned,High,3526.4300000000003,VIP
719911,Blue Pen,39,2024-02-15 16:00,61.89,0.14,27.55,Accessories,Online,Not Returned,Low,2413.71,VIP
166771,Wireless Mouse,36,2024-02-15 20:00,30.25,0.31,22.91,Accessories,Online,Not Returned,Medium,1089.0,VIP
363619,Wall Clock,39,2024-02-16 04:00,47.0,0.09,24.32,Accessories,In-store,Not Returned,Low,1833.0,VIP
921036,White Mug,-39,2024-02-17 05:00,-43.71,0.01,,Accessories,In-store,Not Returned,High,1704.69,VIP
343305,Desk Lamp,26,2024-02-17 18:00,87.76,0.07,7.41,Accessories,Online,Not Returned,Medium,2281.76,VIP
784935,Backpack,31,2024-02-17 21:00,41.62,0.38,6.65,Accessories,Online,Not Returned,Medium,1290.22,VIP
931694,Headphones,36,2024-02-18 02:00,64.01,0.4,18.58,Accessories,In-store,Not Returned,Medium,2304.36,VIP
518596,Backpack,38,2024-02-18 08:00,79.37,0.18,20.46,Accessories,Online,Not Returned,High,3016.0600000000004,VIP
396202,Notebook,48,2024-02-18 11:00,95.43,0.43,6.43,Accessories,Online,Returned,Low,4580.64,VIP
296150,Wall Clock,46,2024-02-18 14:00,40.49,0.26,28.43,Accessories,In-store,Not Returned,Low,1862.54,VIP
450363,T-shirt,-27,2024-02-19 07:00,-70.73,1.926498233924466,,Accessories,Online,Not Returned,Medium,1909.71,VIP
804804,White Mug,35,2024-02-19 22:00,43.87,0.24,24.54,Accessories,In-store,Not Returned,High,1535.4499999999998,VIP
806133,Wireless Mouse,46,2024-02-20 09:00,80.48,0.01,13.14,Accessories,Online,Not Returned,High,3702.08,VIP
894303,Backpack,43,2024-02-20 10:00,70.34,0.43,12.98,Accessories,In-store,Not Returned,High,3024.6200000000003,VIP
701269,Wall Clock,-25,2024-02-20 13:00,-87.78,0.44,,Accessories,Online,Not Returned,High,2194.5,VIP
963006,T-shirt,35,2024-02-20 14:00,61.03,0.14,29.32,Accessories,Online,Not Returned,High,2136.05,VIP
383074,Wall Clock,47,2024-02-21 11:00,29.46,0.31,25.31,Accessories,In-store,Not Returned,Medium,1384.62,VIP
245879,Blue Pen,29,2024-02-21 19:00,35.83,0.43,16.16,Accessories,In-store,Not Returned,High,1039.07,VIP
397270,Headphones,28,2024-02-23 10:00,83.67,0.12,19.2,Accessories,Online,Not Returned,High,2342.76,VIP
134600,Office Chair,-46,2024-02-24 19:00,-95.19,1.032558047399367,,Accessories,Online,Not Returned,High,4378.74,VIP
230047,Wireless Mouse,24,2024-02-25 00:00,49.04,0.28,25.08,Accessories,Online,Not Returned,Medium,1176.96,VIP
413419,Backpack,15,2024-02-25 21:00,72.56,0.07,5.95,Accessories,In-store,Not Returned,Low,1088.4,VIP
678322,Notebook,30,2024-02-25 22:00,80.84,0.38,16.88,Accessories,In-store,Not Returned,Medium,2425.2000000000003,VIP
234706,Backpack,47,2024-02-26 10:00,74.43,0.36,17.55,Accessories,Online,Not Returned,High,3498.2100000000005,VIP
489078,Wall Clock,17,2024-02-26 12:00,91.02,0.22,14.78,Accessories,In-store,Not Returned,Medium,1547.34,VIP
857370,White Mug,33,2024-02-26 15:00,87.19,0.0,8.17,Accessories,Online,Not Returned,High,2877.27,VIP
445270,Notebook,48,2024-02-26 18:00,84.38,0.39,20.29,Accessories,In-store,Not Returned,High,4050.24,VIP
996040,Headphones,43,2024-02-27 05:00,62.91,0.01,18.9,Accessories,Online,Returned,Low,2705.13,VIP
296610,Blue Pen,36,2024-02-27 07:00,49.66,0.39,19.14,Accessories,In-store,Not Returned,Medium,1787.7599999999998,VIP
346877,Headphones,38,2024-02-27 08:00,28.71,0.21,5.27,Accessories,In-store,Not Returned,Medium,1090.98,VIP
417113,Wireless Mouse,49,2024-02-28 13:00,90.37,0.36,22.4,Accessories,In-store,Not Returned,Low,4428.13,VIP
721904,Office Chair,30,2024-02-29 06:00,71.35,0.37,9.66,Accessories,Online,Returned,Medium,2140.5,VIP
599658,Office Chair,27,2024-02-29 09:00,69.18,0.13,8.37,Accessories,In-store,Not Returned,Low,1867.86,VIP
528963,T-shirt,23,2024-02-29 16:00,48.17,0.01,14.68,Accessories,Online,Not Returned,Low,1107.91,VIP
410584,Wall Clock,20,2024-03-01 12:00,62.41,0.17,12.81,Accessories,In-store,Not Returned,Low,1248.1999999999998,VIP
857386,Notebook,49,2024-03-01 13:00,54.72,0.08,17.67,Accessories,Online,Returned,High,2681.28,VIP
550836,Office Chair,30,2024-03-02 01:00,87.5,0.4,20.2,Accessories,Online,Not Returned,High,2625.0,VIP
259306,Blue Pen,36,2024-03-02 11:00,79.87,0.18,18.21,Accessories,Online,Not Returned,Medium,2875.32,VIP
118340,Wireless Mouse,45,2024-03-02 21:00,77.67,0.38,29.34,Accessories,In-store,Not Returned,Low,3495.15,VIP
302834,Wall Clock,29,2024-03-03 04:00,44.82,0.25,17.42,Accessories,Online,Not Returned,Medium,1299.78,VIP
873621,Backpack,49,2024-03-03 18:00,52.19,0.21,17.94,Accessories,Online,Not Returned,Low,2557.31,VIP
365891,Blue Pen,42,2024-03-04 17:00,81.89,0.15,25.37,Accessories,Online,Not Returned,Low,3439.38,VIP
299105,Desk Lamp,14,2024-03-05 00:00,87.73,0.27,11.04,Accessories,In-store,Not Returned,High,1228.22,VIP
303125,Backpack,37,2024-03-05 10:00,70.78,0.13,16.17,Accessories,Online,Not Returned,Low,2618.86,VIP
875053,T-shirt,34,2024-03-05 15:00,68.47,0.08,22.13,Accessories,Online,Not Returned,Medium,2327.98,VIP
983923,Wireless Mouse,18,2024-03-05 20:00,64.36,0.21,23.68,Accessories,Online,Not Returned,High,1158.48,VIP
152239,Blue Pen,23,2024-03-06 10:00,59.57,0.12,29.47,Accessories,Online,Not Returned,Medium,1370.11,VIP
956495,Blue Pen,22,2024-03-07 14:00,61.57,0.14,22.69,Accessories,Online,Not Returned,High,1354.54,VIP
944448,Desk Lamp,11,2024-03-07 23:00,95.75,0.17,18.43,Accessories,Online,Not Returned,Low,1053.25,VIP
873380,White Mug,41,2024-03-08 06:00,38.86,0.22,11.98,Accessories,In-store,Not Returned,Medium,1593.26,VIP
839896,Wall Clock,22,2024-03-09 10:00,90.64,0.05,9.91,Accessories,In-store,Not Returned,High,1994.08,VIP
720626,White Mug,33,2024-03-09 11:00,45.2,0.05,10.27,Accessories,In-store,Returned,Low,1491.6,VIP
663397,Wireless Mouse,26,2024-03-10 00:00,69.42,0.15,20.6,Accessories,In-store,Not Returned,Low,1804.92,VIP
618344,Headphones,27,2024-03-10 15:00,91.57,0.34,27.69,Accessories,Online,Not Returned,High,2472.39,VIP
583349,Office Chair,43,2024-03-10 16:00,31.22,0.17,22.52,Accessories,Online,Not Returned,High,1342.46,VIP
523817,T-shirt,41,2024-03-10 19:00,53.15,0.24,16.16,Accessories,Online,Not Returned,High,2179.15,VIP
776624,Blue Pen,21,2024-03-10 21:00,99.63,0.49,19.49,Accessories,Online,Not Returned,Medium,2092.23,VIP
539528,White Mug,41,2024-03-11 00:00,90.79,0.23,25.86,Accessories,Online,Not Returned,Medium,3722.39,VIP
968089,Blue Pen,19,2024-03-11 04:00,84.36,0.45,21.06,Accessories,In-store,Not Returned,High,1602.84,VIP
274022,Blue Pen,26,2024-03-11 10:00,65.83,0.07,9.02,Accessories,Online,Not Returned,Medium,1711.58,VIP
284343,T-shirt,-42,2024-03-12 07:00,-57.97,1.129613150312109,,Accessories,In-store,Not Returned,Low,2434.74,VIP
725192,Blue Pen,27,2024-03-12 16:00,83.48,0.34,19.49,Accessories,In-store,Not Returned,Medium,2253.96,VIP
777594,USB Cable,41,2024-03-15 12:00,41.36,0.38,14.53,Accessories,Online,Not Returned,Low,1695.76,VIP
554497,Notebook,29,2024-03-16 20:00,67.65,0.27,14.91,Accessories,Online,Not Returned,Medium,1961.85,VIP
741273,USB Cable,13,2024-03-17 19:00,77.31,0.0,19.07,Accessories,Online,Not Returned,High,1005.03,VIP
568908,Notebook,43,2024-03-18 07:00,80.12,0.25,25.43,Accessories,Online,Not Returned,Low,3445.1600000000003,VIP
578698,T-shirt,44,2024-03-18 17:00,48.98,0.12,12.35,Accessories,In-store,Not Returned,High,2155.12,VIP
543639,White Mug,44,2024-03-18 19:00,46.26,0.04,25.31,Accessories,In-store,Not Returned,Medium,2035.44,VIP
257367,Wireless Mouse,11,2024-03-18 20:00,94.07,0.02,25.03,Accessories,Online,Not Returned,Medium,1034.77,VIP
567680,White Mug,41,2024-03-19 05:00,90.01,0.06,27.42,Accessories,In-store,Not Returned,High,3690.41,VIP
820290,Desk Lamp,49,2024-03-19 10:00,33.64,0.42,17.75,Accessories,Online,Not Returned,High,1648.36,VIP
374518,USB Cable,44,2024-03-20 19:00,70.43,0.02,27.57,Accessories,In-store,Not Returned,High,3098.92,VIP
109703,White Mug,22,2024-03-22 05:00,47.04,0.26,15.87,Accessories,In-store,Not Returned,High,1034.88,VIP
591065,Office Chair,47,2024-03-22 06:00,45.15,0.04,29.67,Accessories,Online,Not Returned,High,2122.05,VIP
158812,T-shirt,37,2024-03-22 19:00,56.56,0.3,23.34,Accessories,In-store,Not Returned,High,2092.7200000000003,VIP
875578,Office Chair,48,2024-03-23 01:00,49.81,0.47,10.2,Accessories,Online,Not Returned,Medium,2390.88,VIP
652688,Desk Lamp,25,2024-03-23 03:00,73.55,0.33,28.66,Accessories,Online,Not Returned,Low,1838.75,VIP
120378,T-shirt,16,2024-03-23 13:00,95.45,0.34,22.62,Accessories,In-store,Not Returned,Medium,1527.2,VIP
841584,Notebook,34,2024-03-23 17:00,43.25,0.24,22.65,Accessories,Online,Not Returned,Low,1470.5,VIP
795896,Wireless Mouse,17,2024-03-24 17:00,82.56,0.46,24.19,Accessories,In-store,Not Returned,Low,1403.52,VIP
752526,Wireless Mouse,35,2024-03-25 05:00,55.59,0.33,12.26,Accessories,In-store,Not Returned,Medium,1945.65,VIP
766713,Desk Lamp,23,2024-03-26 06:00,68.55,0.01,11.0,Accessories,Online,Not Returned,Low,1576.65,VIP
396065,USB Cable,43,2024-03-26 12:00,93.41,0.14,7.29,Accessories,In-store,Not Returned,High,4016.63,VIP
955446,Wall Clock,47,2024-03-26 18:00,86.2,0.41,22.95,Accessories,Online,Not Returned,Low,4051.4,VIP
288876,Wall Clock,30,2024-03-27 02:00,56.43,0.16,29.91,Accessories,In-store,Not Returned,Medium,1692.9,VIP
693341,Notebook,47,2024-03-27 10:00,28.9,0.21,28.24,Accessories,In-store,Not Returned,High,1358.3,VIP
598595,Wireless Mouse,46,2024-03-28 20:00,45.65,0.14,10.22,Accessories,In-store,Not Returned,High,2099.9,VIP
121645,T-shirt,38,2024-03-28 21:00,84.59,0.35,20.18,Accessories,Online,Not Returned,High,3214.42,VIP
887077,Office Chair,20,2024-03-28 23:00,60.55,0.27,22.53,Accessories,Online,Not Returned,Medium,1211.0,VIP
884270,Desk Lamp,49,2024-03-29 02:00,81.36,0.13,25.0,Accessories,Online,Not Returned,High,3986.64,VIP
256284,Blue Pen,36,2024-03-29 08:00,93.28,0.05,29.43,Accessories,In-store,Not Returned,Low,3358.08,VIP
599812,USB Cable,32,2024-03-29 12:00,87.55,0.15,29.43,Accessories,Online,Not Returned,Low,2801.6,VIP
606122,Wall Clock,36,2024-03-29 16:00,61.68,0.35,9.37,Accessories,In-store,Returned,Medium,2220.48,VIP
242582,Backpack,30,2024-03-30 10:00,72.98,0.48,14.2,Accessories,In-store,Returned,Low,2189.4,VIP
590811,White Mug,23,2024-03-30 23:00,60.76,0.42,22.44,Accessories,In-store,Not Returned,Low,1397.48,VIP
981373,Wall Clock,28,2024-03-31 00:00,93.55,0.33,20.62,Accessories,Online,Not Returned,High,2619.4,VIP
979387,USB Cable,36,2024-03-31 09:00,51.8,0.29,11.32,Accessories,In-store,Returned,Low,1864.8,VIP
982848,Blue Pen,13,2024-03-31 12:00,82.84,0.39,25.6,Accessories,Online,Not Returned,High,1076.92,VIP
982120,Wall Clock,43,2024-04-01 03:00,25.86,0.33,7.96,Accessories,Online,Not Returned,Low,1111.98,VIP
900019,USB Cable,35,2024-04-01 15:00,91.38,0.03,20.43,Accessories,Online,Not Returned,High,3198.3,VIP
644297,Headphones,49,2024-04-01 20:00,48.88,0.5,28.46,Accessories,Online,Not Returned,Low,2395.1200000000003,VIP
351505,Wall Clock,36,2024-04-02 01:00,90.36,0.34,17.02,Accessories,Online,Not Returned,Low,3252.96,VIP
773150,Notebook,49,2024-04-02 07:00,51.66,0.24,13.6,Accessories,Online,Not Returned,Medium,2531.34,VIP
193695,Desk Lamp,25,2024-04-02 08:00,59.14,0.38,28.02,Accessories,Online,Not Returned,Medium,1478.5,VIP
717827,Blue Pen,40,2024-04-02 14:00,88.74,0.19,21.68,Accessories,Online,Not Returned,High,3549.6,VIP
664159,Notebook,29,2024-04-03 07:00,92.39,0.26,19.92,Accessories,In-store,Not Returned,Medium,2679.31,VIP
617656,Blue Pen,29,2024-04-03 23:00,36.33,0.15,21.22,Accessories,In-store,Not Returned,High,1053.57,VIP
299076,T-shirt,29,2024-04-04 01:00,81.05,0.3,20.62,Accessories,Online,Not Returned,Low,2350.45,VIP
810660,Notebook,31,2024-04-04 02:00,46.79,0.27,14.73,Accessories,Online,Not Returned,High,1450.49,VIP
189091,Desk Lamp,17,2024-04-04 04:00,96.71,0.08,16.22,Accessories,In-store,Not Returned,High,1644.07,VIP
555004,Office Chair,19,2024-04-04 19:00,78.23,0.5,27.9,Accessories,In-store,Not Returned,Low,1486.37,VIP
717550,Wireless Mouse,24,2024-04-05 05:00,91.95,0.22,21.93,Accessories,Online,Not Returned,Medium,2206.8,VIP
455392,Desk Lamp,36,2024-04-06 19:00,35.16,0.16,7.04,Accessories,In-store,Not Returned,High,1265.7599999999998,VIP
753312,Notebook,42,2024-04-07 02:00,46.26,0.33,12.79,Accessories,In-store,Not Returned,Low,1942.92,VIP
413556,Headphones,42,2024-04-09 03:00,49.36,0.2,25.68,Accessories,Online,Not Returned,High,2073.12,VIP
195707,Wall Clock,33,2024-04-09 13:00,61.93,0.2,19.55,Accessories,In-store,Not Returned,High,2043.69,VIP
939983,White Mug,31,2024-04-09 16:00,61.68,0.45,10.99,Accessories,Online,Not Returned,High,1912.08,VIP
920450,Backpack,32,2024-04-09 23:00,71.31,0.1,19.79,Accessories,Online,Not Returned,High,2281.92,VIP
945974,Wall Clock,34,2024-04-10 00:00,79.78,0.42,25.98,Accessories,Online,Not Returned,Low,2712.52,VIP
600651,Headphones,36,2024-04-10 04:00,39.78,0.48,28.41,Accessories,In-store,Not Returned,Low,1432.08,VIP
924858,Wireless Mouse,34,2024-04-10 07:00,66.31,0.31,10.82,Accessories,Online,Not Returned,High,2254.54,VIP
376879,Office Chair,22,2024-04-10 17:00,60.77,0.21,10.74,Accessories,In-store,Not Returned,High,1336.94,VIP
485052,Wireless Mouse,30,2024-04-10 22:00,95.62,0.07,13.57,Accessories,In-store,Not Returned,High,2868.6000000000004,VIP
519052,Wall Clock,32,2024-04-11 01:00,91.83,0.05,14.43,Accessories,In-store,Not Returned,Medium,2938.56,VIP
228338,Wall Clock,40,2024-04-11 05:00,46.64,0.08,7.23,Accessories,Online,Not Returned,Low,1865.6,VIP
985429,Wall Clock,33,2024-04-11 15:00,31.37,0.11,11.67,Accessories,In-store,Not Returned,Medium,1035.21,VIP
964348,USB Cable,32,2024-04-12 06:00,81.95,0.29,16.67,Accessories,Online,Not Returned,Medium,2622.4,VIP
779739,Blue Pen,44,2024-04-12 08:00,41.35,0.46,6.81,Accessories,In-store,Not Returned,High,1819.4,VIP
967863,White Mug,33,2024-04-12 12:00,62.47,0.01,19.63,Accessories,Online,Returned,High,2061.51,VIP
180748,Office Chair,41,2024-04-12 15:00,34.91,0.22,20.37,Accessories,In-store,Not Returned,Low,1431.31,VIP
423723,Wall Clock,14,2024-04-12 18:00,73.11,0.45,19.28,Accessories,In-store,Not Returned,Medium,1023.54,VIP
459045,USB Cable,25,2024-04-13 22:00,41.65,0.28,5.13,Accessories,Online,Not Returned,Low,1041.25,VIP
613259,Notebook,34,2024-04-15 09:00,41.2,0.36,27.9,Accessories,Online,Not Returned,Medium,1400.8000000000002,VIP
474526,Desk Lamp,14,2024-04-15 15:00,86.32,0.1,23.21,Accessories,In-store,Not Returned,Medium,1208.48,VIP
197186,USB Cable,14,2024-04-17 09:00,78.13,0.18,6.16,Accessories,Online,Not Returned,Medium,1093.82,VIP
408762,Wall Clock,45,2024-04-17 10:00,79.48,0.49,27.87,Accessories,In-store,Not Returned,Medium,3576.6000000000004,VIP
602550,Office Chair,42,2024-04-18 04:00,70.52,0.07,26.16,Accessories,In-store,Not Returned,High,2961.84,VIP
800621,Notebook,16,2024-04-18 11:00,91.82,0.04,22.95,Accessories,Online,Not Returned,High,1469.12,VIP
378021,Headphones,27,2024-04-19 22:00,39.56,0.31,15.65,Accessories,Online,Not Returned,High,1068.12,VIP
209538,Wireless Mouse,29,2024-04-20 05:00,36.53,0.26,19.71,Accessories,Online,Returned,Low,1059.37,VIP
105337,Blue Pen,44,2024-04-20 18:00,39.67,0.26,6.97,Accessories,Online,Returned,Low,1745.48,VIP
241527,Backpack,12,2024-04-21 11:00,85.17,0.41,19.14,Accessories,Online,Not Returned,Low,1022.04,VIP
694598,White Mug,48,2024-04-22 06:00,70.62,0.04,9.99,Accessories,Online,Not Returned,Medium,3389.76,VIP
113302,Wireless Mouse,17,2024-04-22 17:00,68.04,0.43,15.53,Accessories,In-store,Not Returned,Medium,1156.68,VIP
765017,T-shirt,17,2024-04-23 07:00,61.41,0.0,24.02,Accessories,In-store,Not Returned,High,1043.97,VIP
901464,Wireless Mouse,29,2024-04-23 16:00,63.11,0.49,29.15,Accessories,Online,Not Returned,Low,1830.19,VIP
126004,USB Cable,45,2024-04-23 20:00,47.07,0.3,6.07,Accessories,Online,Not Returned,High,2118.15,VIP
899602,Notebook,16,2024-04-23 21:00,96.16,0.37,10.21,Accessories,In-store,Not Returned,High,1538.56,VIP
458948,Blue Pen,32,2024-04-24 08:00,61.09,0.07,17.22,Accessories,Online,Not Returned,Low,1954.88,VIP
113070,Office Chair,25,2024-04-26 05:00,90.82,0.06,12.71,Accessories,In-store,Not Returned,Medium,2270.5,VIP
518428,Blue Pen,41,2024-04-26 11:00,28.34,0.28,7.2,Accessories,Online,Not Returned,High,1161.94,VIP
149270,Desk Lamp,44,2024-04-26 14:00,56.53,0.43,9.82,Accessories,In-store,Not Returned,Low,2487.32,VIP
408302,Wireless Mouse,38,2024-04-27 21:00,63.83,0.25,19.36,Accessories,In-store,Not Returned,High,2425.54,VIP
678086,Notebook,31,2024-04-27 22:00,87.3,0.23,25.81,Accessories,In-store,Not Returned,High,2706.3,VIP
771515,Wireless Mouse,39,2024-04-27 23:00,79.55,0.27,13.34,Accessories,Online,Not Returned,Medium,3102.45,VIP
933587,T-shirt,23,2024-04-28 05:00,95.11,0.0,6.91,Accessories,In-store,Not Returned,Low,2187.53,VIP
422303,USB Cable,28,2024-04-28 19:00,38.39,0.13,13.97,Accessories,In-store,Not Returned,High,1074.92,VIP
441012,Desk Lamp,46,2024-04-28 21:00,94.55,0.35,27.27,Accessories,Online,Not Returned,High,4349.3,VIP
598448,Wireless Mouse,12,2024-04-29 05:00,91.21,0.37,8.38,Accessories,In-store,Returned,High,1094.52,VIP
875136,White Mug,32,2024-04-29 11:00,48.91,0.37,23.22,Accessories,In-store,Not Returned,Medium,1565.12,VIP
601706,Office Chair,37,2024-04-29 12:00,74.92,0.17,21.37,Accessories,Online,Not Returned,High,2772.04,VIP
596576,Blue Pen,33,2024-04-29 14:00,93.32,0.24,29.62,Accessories,Online,Not Returned,High,3079.56,VIP
427124,Wall Clock,32,2024-04-29 18:00,85.4,0.32,18.13,Accessories,In-store,Not Returned,Low,2732.8,VIP
382098,White Mug,26,2024-04-30 06:00,72.92,0.18,10.86,Accessories,Online,Not Returned,Low,1895.92,VIP
442355,Desk Lamp,48,2024-04-30 09:00,86.38,0.37,17.33,Accessories,Online,Not Returned,Medium,4146.24,VIP
255757,T-shirt,22,2024-05-01 19:00,51.54,0.11,5.42,Accessories,In-store,Not Returned,Low,1133.88,VIP
689704,Office Chair,39,2024-05-01 21:00,82.01,0.37,13.63,Accessories,Online,Not Returned,Medium,3198.3900000000003,VIP
213792,Blue Pen,20,2024-05-01 22:00,93.08,0.23,11.77,Accessories,In-store,Returned,Low,1861.6,VIP
373254,Notebook,39,2024-05-02 00:00,72.96,0.23,23.65,Accessories,In-store,Not Returned,Medium,2845.44,VIP
910851,Notebook,49,2024-05-02 08:00,60.65,0.35,27.04,Accessories,In-store,Not Returned,High,2971.85,VIP
901637,Wireless Mouse,33,2024-05-02 17:00,32.62,0.28,5.61,Accessories,In-store,Not Returned,Medium,1076.4599999999998,VIP
422351,Headphones,21,2024-05-02 19:00,85.79,0.36,18.04,Accessories,Online,Not Returned,High,1801.59,VIP
982143,Desk Lamp,35,2024-05-03 03:00,73.18,0.36,11.35,Accessories,In-store,Not Returned,Medium,2561.3,VIP
725447,USB Cable,40,2024-05-03 06:00,75.01,0.16,20.83,Accessories,Online,Not Returned,Medium,3000.4,VIP
681300,USB Cable,30,2024-05-04 09:00,46.19,0.44,12.89,Accessories,Online,Not Returned,High,1385.6999999999998,VIP
495916,Headphones,36,2024-05-05 16:00,32.83,0.06,18.77,Accessories,Online,Not Returned,High,1181.88,VIP
803369,Wall Clock,48,2024-05-07 04:00,55.81,0.06,16.38,Accessories,Online,Not Returned,High,2678.88,VIP
783989,Notebook,23,2024-05-08 05:00,76.22,0.01,22.35,Accessories,Online,Not Returned,Medium,1753.06,VIP
501312,Desk Lamp,43,2024-05-08 18:00,97.6,0.29,12.65,Accessories,In-store,Not Returned,Low,4196.8,VIP
979154,T-shirt,45,2024-05-09 21:00,77.54,0.49,8.74,Accessories,In-store,Not Returned,Low,3489.3,VIP
922541,USB Cable,29,2024-05-10 01:00,56.75,0.06,28.31,Accessories,In-store,Not Returned,High,1645.75,VIP
125443,Backpack,37,2024-05-10 06:00,88.77,0.15,28.3,Accessories,Online,Not Returned,Medium,3284.49,VIP
449969,Headphones,25,2024-05-10 15:00,62.84,0.49,23.42,Accessories,Online,Not Returned,High,1571.0,VIP
578061,Desk Lamp,46,2024-05-10 20:00,27.28,0.32,20.45,Accessories,Online,Not Returned,High,1254.88,VIP
906460,T-shirt,45,2024-05-11 08:00,31.5,0.2,18.82,Accessories,In-store,Not Returned,Low,1417.5,VIP
375798,T-shirt,19,2024-05-11 17:00,67.43,0.36,5.61,Accessories,Online,Not Returned,Medium,1281.17,VIP
740572,Notebook,29,2024-05-11 20:00,91.98,0.42,5.68,Accessories,Online,Not Returned,High,2667.42,VIP
943471,Desk Lamp,43,2024-05-12 13:00,80.51,0.22,5.45,Accessories,Online,Not Returned,Low,3461.9300000000003,VIP
675038,T-shirt,22,2024-05-12 16:00,82.48,0.34,25.46,Accessories,Online,Returned,High,1814.56,VIP
286056,Backpack,25,2024-05-13 08:00,75.13,0.32,14.8,Accessories,Online,Not Returned,Medium,1878.25,VIP
280607,Office Chair,-35,2024-05-13 21:00,-65.8,1.058105781206483,,Accessories,In-store,Not Returned,Low,2303.0,VIP
615904,Headphones,42,2024-05-14 14:00,84.69,0.1,7.38,Accessories,Online,Not Returned,Low,3556.98,VIP
867800,White Mug,39,2024-05-14 15:00,55.8,0.04,21.35,Accessories,Online,Returned,Low,2176.2,VIP
801430,White Mug,26,2024-05-14 22:00,50.49,0.2,21.61,Accessories,Online,Not Returned,High,1312.74,VIP
816747,Desk Lamp,42,2024-05-15 10:00,68.92,0.04,5.65,Accessories,In-store,Not Returned,Low,2894.64,VIP
779795,Office Chair,39,2024-05-16 00:00,27.48,0.09,8.91,Accessories,In-store,Not Returned,Medium,1071.72,VIP
591340,Notebook,12,2024-05-16 11:00,86.92,0.23,23.54,Accessories,In-store,Not Returned,Medium,1043.04,VIP
582110,White Mug,40,2024-05-16 17:00,30.37,0.35,16.58,Accessories,Online,Not Returned,Low,1214.8,VIP
807906,Office Chair,12,2024-05-16 19:00,88.13,0.41,9.52,Accessories,In-store,Not Returned,High,1057.56,VIP
766347,USB Cable,44,2024-05-17 18:00,57.04,0.34,21.89,Accessories,Online,Not Returned,Medium,2509.76,VIP
303431,USB Cable,35,2024-05-18 00:00,92.92,0.23,17.11,Accessories,In-store,Not Returned,Medium,3252.2000000000003,VIP
102639,Desk Lamp,45,2024-05-18 16:00,67.37,0.08,27.83,Accessories,Online,Returned,High,3031.65,VIP
513073,Blue Pen,-30,2024-05-19 10:00,-51.93,1.1326171007533294,,Accessories,Online,Not Returned,Medium,1557.9,VIP
180823,Wireless Mouse,28,2024-05-21 01:00,36.2,0.22,29.0,Accessories,In-store,Not Returned,High,1013.6,VIP
178880,Headphones,31,2024-05-21 05:00,66.08,0.27,10.54,Accessories,In-store,Not Returned,Low,2048.48,VIP
657193,Desk Lamp,36,2024-05-21 22:00,30.88,0.2,5.03,Accessories,In-store,Not Returned,High,1111.68,VIP
280200,Headphones,33,2024-05-22 05:00,89.85,0.24,16.15,Accessories,Online,Not Returned,Medium,2965.05,VIP
231460,Wireless Mouse,30,2024-05-22 08:00,96.66,0.39,6.33,Accessories,Online,Not Returned,Medium,2899.8,VIP
164333,Desk Lamp,36,2024-05-22 11:00,92.73,0.31,22.31,Accessories,Online,Not Returned,Medium,3338.28,VIP
860676,T-shirt,45,2024-05-22 12:00,78.72,0.37,12.71,Accessories,Online,Not Returned,Low,3542.4,VIP
623940,T-shirt,24,2024-05-22 14:00,71.68,0.45,6.43,Accessories,Online,Not Returned,Low,1720.3200000000002,VIP
217458,Notebook,24,2024-05-23 09:00,84.47,0.33,11.79,Accessories,Online,Not Returned,Low,2027.28,VIP
719327,Blue Pen,45,2024-05-24 02:00,27.28,0.46,26.65,Accessories,In-store,Not Returned,High,1227.6,VIP
976137,Blue Pen,40,2024-05-24 10:00,49.12,0.23,28.52,Accessories,In-store,Not Returned,High,1964.8,VIP
816745,Backpack,42,2024-05-24 12:00,86.16,0.39,6.55,Accessories,In-store,Not Returned,Low,3618.72,VIP
988311,Wall Clock,24,2024-05-24 16:00,75.13,0.15,14.16,Accessories,Online,Not Returned,Low,1803.12,VIP
827187,USB Cable,31,2024-05-25 00:00,41.84,0.49,7.74,Accessories,In-store,Not Returned,Medium,1297.0400000000002,VIP
885522,Wall Clock,26,2024-05-26 18:00,42.93,0.31,11.6,Accessories,In-store,Not Returned,Low,1116.18,VIP
114612,Blue Pen,19,2024-05-26 23:00,78.33,0.0,8.51,Accessories,In-store,Not Returned,Medium,1488.27,VIP
510050,USB Cable,43,2024-05-27 15:00,85.04,0.25,26.97,Accessories,In-store,Not Returned,Medium,3656.72,VIP
669145,Wireless Mouse,32,2024-05-29 03:00,85.05,0.48,12.4,Accessories,Online,Not Returned,Low,2721.6,VIP
885291,Blue Pen,20,2024-05-29 17:00,78.81,0.18,29.73,Accessories,Online,Not Returned,Medium,1576.2,VIP
559153,Desk Lamp,25,2024-05-29 18:00,64.13,0.27,7.45,Accessories,In-store,Not Returned,High,1603.25,VIP
504407,USB Cable,20,2024-05-29 21:00,89.75,0.43,29.07,Accessories,Online,Not Returned,Low,1795.0,VIP
948057,Wireless Mouse,44,2024-05-29 23:00,46.16,0.32,27.2,Accessories,Online,Not Returned,Low,2031.04,VIP
283758,White Mug,22,2024-05-30 09:00,79.78,0.09,25.81,Accessories,Online,Not Returned,High,1755.16,VIP
691392,Wireless Mouse,40,2024-05-30 19:00,90.73,0.05,8.88,Accessories,Online,Not Returned,Medium,3629.2,VIP
665013,Office Chair,31,2024-05-31 00:00,33.11,0.13,5.26,Accessories,In-store,Not Returned,High,1026.41,VIP
916461,Blue Pen,17,2024-05-31 06:00,95.98,0.45,29.61,Accessories,In-store,Not Returned,Medium,1631.66,VIP
499953,T-shirt,16,2024-05-31 11:00,71.1,0.5,8.27,Accessories,Online,Not Returned,Medium,1137.6,VIP
135308,Desk Lamp,36,2024-05-31 12:00,47.91,0.05,20.46,Accessories,In-store,Not Returned,Low,1724.7599999999998,VIP
485518,White Mug,14,2024-05-31 15:00,75.08,0.39,17.79,Accessories,Online,Not Returned,Medium,1051.12,VIP
968981,T-shirt,21,2024-05-31 19:00,58.94,0.1,16.7,Accessories,Online,Not Returned,High,1237.74,VIP
767891,Backpack,37,2024-06-01 09:00,27.72,0.23,27.82,Accessories,Online,Not Returned,Low,1025.64,VIP
531224,Desk Lamp,17,2024-06-01 22:00,87.63,0.24,5.26,Accessories,Online,Not Returned,Low,1489.71,VIP
553668,Desk Lamp,45,2024-06-02 18:00,51.8,0.04,16.45,Accessories,Online,Not Returned,Low,2331.0,VIP
508995,Headphones,37,2024-06-03 01:00,82.4,0.32,18.6,Accessories,Online,Not Returned,Medium,3048.8,VIP
380570,Headphones,26,2024-06-03 02:00,46.91,0.42,13.45,Accessories,Online,Not Returned,High,1219.66,VIP
761334,Notebook,47,2024-06-03 09:00,87.65,0.46,16.48,Accessories,Online,Not Returned,High,4119.55,VIP
177668,T-shirt,40,2024-06-03 11:00,25.25,0.45,21.46,Accessories,Online,Not Returned,Medium,1010.0,VIP
240559,Notebook,46,2024-06-04 01:00,42.37,0.13,12.65,Accessories,In-store,Not Returned,High,1949.02,VIP
447435,Headphones,35,2024-06-04 05:00,59.88,0.23,11.2,Accessories,In-store,Not Returned,Medium,2095.8,VIP
163818,USB Cable,42,2024-06-04 15:00,54.85,0.47,7.85,Accessories,Online,Not Returned,Low,2303.7000000000003,VIP
272443,Notebook,43,2024-06-04 20:00,32.45,0.33,6.45,Accessories,Online,Not Returned,Low,1395.35,VIP
850151,Backpack,38,2024-06-05 10:00,94.67,0.46,20.61,Accessories,In-store,Returned,Medium,3597.46,VIP
506688,T-shirt,21,2024-06-05 14:00,92.13,0.27,28.52,Accessories,Online,Returned,Low,1934.73,VIP
810375,Notebook,49,2024-06-05 15:00,63.42,0.27,7.6,Accessories,Online,Not Returned,Low,3107.58,VIP
316739,T-shirt,36,2024-06-05 21:00,58.14,0.37,28.9,Accessories,Online,Not Returned,Low,2093.04,VIP
318124,Headphones,-17,2024-06-06 00:00,-84.86,0.11,,Accessories,In-store,Not Returned,Medium,1442.62,VIP
646114,Desk Lamp,44,2024-06-06 14:00,78.54,0.09,25.66,Accessories,In-store,Not Returned,Low,3455.76,VIP
415309,Backpack,34,2024-06-06 18:00,92.18,0.35,11.88,Accessories,In-store,Not Returned,Low,3134.1200000000003,VIP
815211,Desk Lamp,29,2024-06-07 11:00,97.15,0.24,14.24,Accessories,Online,Not Returned,Medium,2817.3500000000004,VIP
552934,Blue Pen,30,2024-06-07 21:00,65.27,0.03,29.19,Accessories,In-store,Not Returned,Medium,1958.1,VIP
593798,White Mug,47,2024-06-08 01:00,96.41,0.1,25.39,Accessories,Online,Not Returned,High,4531.27,VIP
788578,Headphones,39,2024-06-08 07:00,53.67,0.37,15.2,Accessories,In-store,Not Returned,High,2093.13,VIP
109990,Notebook,31,2024-06-08 08:00,99.95,0.17,13.04,Accessories,Online,Not Returned,High,3098.4500000000003,VIP
159871,Office Chair,35,2024-06-08 16:00,80.03,0.1,17.57,Accessories,In-store,Not Returned,Medium,2801.05,VIP
216445,Notebook,39,2024-06-08 17:00,51.55,0.39,5.71,Accessories,Online,Not Returned,Medium,2010.45,VIP
844316,T-shirt,46,2024-06-08 20:00,96.16,0.44,7.92,Accessories,In-store,Not Returned,Low,4423.36,VIP
920423,Desk Lamp,26,2024-06-09 04:00,43.32,0.04,22.79,Accessories,Online,Returned,Low,1126.32,VIP
308929,White Mug,29,2024-06-10 07:00,79.78,0.45,17.37,Accessories,In-store,Not Returned,Medium,2313.62,VIP
409031,Headphones,21,2024-06-10 21:00,53.73,0.09,12.44,Accessories,In-store,Not Returned,Low,1128.33,VIP
290136,Wireless Mouse,49,2024-06-11 07:00,43.84,0.32,27.83,Accessories,In-store,Not Returned,Medium,2148.1600000000003,VIP
316994,Blue Pen,26,2024-06-11 09:00,62.46,0.15,29.58,Accessories,In-store,Not Returned,Medium,1623.96,VIP
458092,Wireless Mouse,43,2024-06-11 23:00,94.68,0.21,12.66,Accessories,In-store,Not Returned,Low,4071.24,VIP
244446,Notebook,28,2024-06-12 06:00,96.71,0.24,28.88,Accessories,Online,Returned,High,2707.88,VIP
159133,Office Chair,27,2024-06-12 10:00,46.37,0.31,21.85,Accessories,Online,Not Returned,High,1251.99,VIP
412285,Wireless Mouse,26,2024-06-12 15:00,43.46,0.32,18.2,Accessories,Online,Not Returned,High,1129.96,VIP
766015,White Mug,48,2024-06-12 18:00,48.67,0.04,24.58,Accessories,In-store,Not Returned,High,2336.16,VIP
192874,Desk Lamp,28,2024-06-13 11:00,38.09,0.33,16.66,Accessories,Online,Not Returned,Low,1066.52,VIP
427590,Office Chair,44,2024-06-13 16:00,88.02,0.14,20.74,Accessories,In-store,Not Returned,Low,3872.88,VIP
108014,Wall Clock,22,2024-06-13 20:00,92.98,0.49,6.97,Accessories,Online,Not Returned,Medium,2045.56,VIP
292803,White Mug,20,2024-06-13 23:00,86.09,0.14,25.85,Accessories,In-store,Returned,Medium,1721.8000000000002,VIP
252931,T-shirt,14,2024-06-14 02:00,85.93,0.27,25.29,Accessories,Online,Not Returned,Low,1203.02,VIP
438902,Desk Lamp,15,2024-06-14 04:00,97.85,0.08,26.51,Accessories,In-store,Returned,Low,1467.75,VIP
530609,White Mug,30,2024-06-14 14:00,86.88,0.21,13.91,Accessories,In-store,Not Returned,Low,2606.4,VIP
770038,Notebook,49,2024-06-14 19:00,97.41,0.39,24.37,Accessories,Online,Not Returned,High,4773.09,VIP
644298,Desk Lamp,31,2024-06-15 01:00,53.91,0.25,12.75,Accessories,Online,Not Returned,Medium,1671.2099999999998,VIP
279065,Backpack,31,2024-06-15 07:00,94.3,0.33,5.78,Accessories,Online,Returned,Low,2923.3,VIP
352572,Office Chair,20,2024-06-15 08:00,55.74,0.02,5.26,Accessories,In-store,Not Returned,Medium,1114.8,VIP
355369,Notebook,44,2024-06-15 14:00,96.65,0.02,15.96,Accessories,In-store,Not Returned,Low,4252.6,VIP
705868,Notebook,20,2024-06-15 16:00,74.72,0.24,21.85,Accessories,In-store,Returned,Low,1494.4,VIP
382896,Backpack,27,2024-06-15 18:00,67.64,0.43,5.42,Accessories,In-store,Not Returned,Medium,1826.28,VIP
840100,White Mug,32,2024-06-16 14:00,74.55,0.19,6.57,Accessories,In-store,Not Returned,Low,2385.6,VIP
628574,T-shirt,41,2024-06-16 19:00,58.57,0.11,29.44,Accessories,Online,Not Returned,Medium,2401.37,VIP
539995,Backpack,48,2024-06-17 07:00,45.16,0.15,22.14,Accessories,In-store,Not Returned,Medium,2167.68,VIP
803543,Desk Lamp,31,2024-06-17 11:00,81.3,0.07,14.81,Accessories,In-store,Not Returned,High,2520.3,VIP
392383,Wireless Mouse,22,2024-06-17 17:00,46.44,0.17,12.41,Accessories,In-store,Not Returned,High,1021.68,VIP
881052,White Mug,20,2024-06-18 08:00,86.13,0.14,10.93,Accessories,Online,Not Returned,Low,1722.6,VIP
989086,Desk Lamp,39,2024-06-19 18:00,82.6,0.18,10.22,Accessories,In-store,Not Returned,Low,3221.4,VIP
344539,Blue Pen,30,2024-06-20 06:00,82.43,0.25,11.25,Accessories,Online,Not Returned,High,2472.9,VIP
214312,Wall Clock,34,2024-06-20 08:00,35.06,0.48,7.23,Accessories,Online,Not Returned,Medium,1192.04,VIP
242287,White Mug,38,2024-06-20 18:00,73.87,0.12,5.18,Accessories,Online,Not Returned,High,2807.0600000000004,VIP
264622,Wireless Mouse,24,2024-06-20 20:00,65.47,0.19,24.12,Accessories,Online,Not Returned,Medium,1571.28,VIP
370808,Headphones,43,2024-06-22 01:00,40.01,0.14,12.45,Accessories,In-store,Returned,High,1720.4299999999998,VIP
135215,White Mug,43,2024-06-22 11:00,99.73,0.23,7.73,Accessories,In-store,Not Returned,Medium,4288.39,VIP
449708,Notebook,29,2024-06-22 12:00,91.29,0.12,28.19,Accessories,Online,Not Returned,Medium,2647.4100000000003,VIP
726901,Office Chair,12,2024-06-22 14:00,95.9,0.05,28.08,Accessories,In-store,Not Returned,Low,1150.8000000000002,VIP
796438,Notebook,27,2024-06-22 18:00,88.06,0.17,13.01,Accessories,In-store,Not Returned,Medium,2377.62,VIP
920100,Headphones,29,2024-06-23 21:00,34.87,0.1,23.87,Accessories,In-store,Not Returned,Medium,1011.23,VIP
400092,USB Cable,28,2024-06-24 02:00,80.95,0.41,9.59,Accessories,In-store,Not Returned,Low,2266.6,VIP
543318,Notebook,39,2024-06-24 04:00,87.0,0.23,12.24,Accessories,In-store,Not Returned,High,3393.0,VIP
285323,Wall Clock,49,2024-06-25 04:00,79.74,0.08,26.79,Accessories,In-store,Not Returned,Medium,3907.26,VIP
307484,Office Chair,44,2024-06-25 10:00,96.49,0.39,27.29,Accessories,Online,Not Returned,High,4245.56,VIP
408077,Headphones,45,2024-06-25 12:00,91.79,0.28,7.96,Accessories,Online,Not Returned,Low,4130.55,VIP
466099,Wireless Mouse,34,2024-06-25 17:00,89.63,0.31,17.4,Accessories,In-store,Returned,Medium,3047.42,VIP
287553,Backpack,42,2024-06-26 08:00,48.11,0.38,24.18,Accessories,Online,Not Returned,Low,2020.62,VIP
831084,Wall Clock,15,2024-06-26 09:00,71.0,0.42,17.98,Accessories,In-store,Not Returned,Low,1065.0,VIP
699479,Notebook,38,2024-06-26 15:00,61.67,0.4,12.56,Accessories,In-store,Not Returned,High,2343.46,VIP
981461,White Mug,42,2024-06-26 21:00,93.32,0.38,21.21,Accessories,Online,Not Returned,Low,3919.44,VIP
835288,Headphones,26,2024-06-27 09:00,86.13,0.38,29.66,Accessories,In-store,Not Returned,Low,2239.38,VIP
704741,Backpack,34,2024-06-27 10:00,92.16,0.01,29.86,Accessories,Online,Not Returned,High,3133.44,VIP
258795,Blue Pen,24,2024-06-27 16:00,76.19,0.14,15.6,Accessories,In-store,Not Returned,Low,1828.56,VIP
548162,Office Chair,42,2024-06-29 12:00,74.56,0.1,11.24,Accessories,Online,Not Returned,Low,3131.52,VIP
286171,Wall Clock,46,2024-06-29 15:00,83.45,0.1,8.4,Accessories,In-store,Not Returned,High,3838.7,VIP
482375,Office Chair,36,2024-06-30 12:00,27.82,0.15,24.17,Accessories,In-store,Not Returned,Medium,1001.52,VIP
507050,Headphones,22,2024-06-30 13:00,73.62,0.41,7.11,Accessories,In-store,Not Returned,Low,1619.64,VIP
530241,Wall Clock,35,2024-07-03 18:00,86.95,0.32,29.93,Accessories,Online,Not Returned,High,3043.25,VIP
344084,Headphones,25,2024-07-04 07:00,75.25,0.14,13.32,Accessories,Online,Not Returned,Medium,1881.25,VIP
557393,T-shirt,16,2024-07-04 15:00,96.94,0.02,26.94,Accessories,Online,Not Returned,Low,1551.04,VIP
739820,White Mug,29,2024-07-05 06:00,76.59,0.22,20.91,Accessories,Online,Returned,High,2221.11,VIP
914348,Desk Lamp,39,2024-07-05 08:00,83.13,0.22,29.47,Accessories,In-store,Not Returned,Medium,3242.07,VIP
701248,Headphones,40,2024-07-05 13:00,62.37,0.22,17.93,Accessories,In-store,Not Returned,Medium,2494.8,VIP
782156,Notebook,19,2024-07-05 15:00,59.42,0.3,29.01,Accessories,Online,Not Returned,High,1128.98,VIP
405957,Wireless Mouse,43,2024-07-06 00:00,88.25,0.13,24.76,Accessories,Online,Not Returned,High,3794.75,VIP
365870,Headphones,32,2024-07-06 12:00,77.82,0.49,8.98,Accessories,Online,Not Returned,Medium,2490.24,VIP
628855,Office Chair,13,2024-07-07 01:00,98.03,0.33,29.46,Accessories,Online,Not Returned,Low,1274.39,VIP
356250,Desk Lamp,38,2024-07-07 08:00,73.51,0.0,11.1,Accessories,In-store,Not Returned,Medium,2793.38,VIP
737534,White Mug,38,2024-07-07 13:00,67.57,0.28,8.19,Accessories,Online,Not Returned,Low,2567.66,VIP
217257,Wireless Mouse,25,2024-07-08 08:00,92.43,0.34,17.78,Accessories,In-store,Not Returned,Low,2310.75,VIP
231855,Wireless Mouse,43,2024-07-08 10:00,49.58,0.29,12.97,Accessories,In-store,Not Returned,High,2131.94,VIP
789299,Wireless Mouse,25,2024-07-08 17:00,57.26,0.15,14.94,Accessories,Online,Not Returned,Medium,1431.5,VIP
935590,Desk Lamp,40,2024-07-09 18:00,72.83,0.34,21.97,Accessories,In-store,Not Returned,Medium,2913.2,VIP
590501,White Mug,41,2024-07-09 19:00,57.0,0.05,27.39,Accessories,Online,Not Returned,High,2337.0,VIP
666519,Office Chair,27,2024-07-10 00:00,70.83,0.19,12.55,Accessories,In-store,Not Returned,Low,1912.41,VIP
762747,White Mug,49,2024-07-10 06:00,98.78,0.41,19.18,Accessories,Online,Not Returned,Medium,4840.22,VIP
996807,Wireless Mouse,43,2024-07-10 20:00,47.38,0.03,20.65,Accessories,In-store,Not Returned,Low,2037.34,VIP
983068,Headphones,31,2024-07-10 23:00,74.53,0.13,22.61,Accessories,Online,Not Returned,High,2310.43,VIP
108187,White Mug,49,2024-07-11 01:00,39.52,0.11,24.06,Accessories,In-store,Not Returned,Low,1936.48,VIP
939843,T-shirt,34,2024-07-11 07:00,52.1,0.11,9.46,Accessories,Online,Not Returned,Medium,1771.4,VIP
672308,USB Cable,27,2024-07-12 16:00,68.58,0.47,10.89,Accessories,Online,Not Returned,Low,1851.66,VIP
167854,Wall Clock,36,2024-07-13 07:00,51.35,0.25,9.41,Accessories,Online,Not Returned,High,1848.6,VIP
792731,Wireless Mouse,33,2024-07-13 11:00,45.02,0.1,7.12,Accessories,In-store,Not Returned,High,1485.66,VIP
282308,Backpack,29,2024-07-13 13:00,64.0,0.49,24.28,Accessories,In-store,Returned,Medium,1856.0,VIP
125099,T-shirt,43,2024-07-13 16:00,64.18,0.14,20.94,Accessories,In-store,Not Returned,Medium,2759.74,VIP
830076,Office Chair,48,2024-07-14 05:00,64.24,0.24,11.35,Accessories,In-store,Not Returned,Low,3083.5199999999995,VIP
560476,Backpack,23,2024-07-15 02:00,68.17,0.27,23.99,Accessories,In-store,Not Returned,Medium,1567.91,VIP
644666,Backpack,18,2024-07-15 15:00,65.9,0.16,20.9,Accessories,In-store,Not Returned,High,1186.2,VIP
952868,Desk Lamp,20,2024-07-15 18:00,52.0,0.39,24.81,Accessories,In-store,Not Returned,Low,1040.0,VIP
266373,Wall Clock,42,2024-07-15 22:00,33.23,0.35,24.2,Accessories,Online,Not Returned,Medium,1395.66,VIP
772252,Notebook,19,2024-07-16 21:00,98.13,0.2,12.21,Accessories,In-store,Not Returned,High,1864.47,VIP
408820,Desk Lamp,45,2024-07-17 16:00,71.99,0.2,6.66,Accessories,In-store,Not Returned,Medium,3239.55,VIP
680034,Wall Clock,38,2024-07-18 00:00,31.43,0.25,6.27,Accessories,In-store,Not Returned,Low,1194.34,VIP
500457,Wireless Mouse,45,2024-07-18 04:00,51.88,0.01,13.08,Accessories,In-store,Not Returned,Low,2334.6,VIP
685776,Headphones,41,2024-07-18 12:00,62.32,0.22,24.64,Accessories,In-store,Not Returned,High,2555.12,VIP
992213,Blue Pen,48,2024-07-19 03:00,44.69,0.23,18.06,Accessories,In-store,Not Returned,Low,2145.12,VIP
380177,Backpack,25,2024-07-19 08:00,47.35,0.05,19.55,Accessories,Online,Not Returned,Medium,1183.75,VIP
555563,Backpack,-19,2024-07-19 17:00,-95.69,1.659726641173037,,Accessories,Online,Not Returned,Low,1818.11,VIP
828487,Wall Clock,42,2024-07-19 18:00,87.0,0.42,23.72,Accessories,In-store,Not Returned,Medium,3654.0,VIP
871448,T-shirt,29,2024-07-19 20:00,56.66,0.01,7.42,Accessories,Online,Not Returned,Low,1643.14,VIP
444629,T-shirt,34,2024-07-20 04:00,71.11,0.41,7.01,Accessories,In-store,Not Returned,Medium,2417.74,VIP
370468,Office Chair,34,2024-07-20 18:00,37.15,0.4,24.21,Accessories,In-store,Not Returned,Medium,1263.1,VIP
416366,Headphones,48,2024-07-20 20:00,78.04,0.3,12.66,Accessories,In-store,Returned,High,3745.92,VIP
407744,Desk Lamp,30,2024-07-21 00:00,39.05,0.33,23.97,Accessories,In-store,Not Returned,Low,1171.5,VIP
521137,Backpack,39,2024-07-21 03:00,80.41,0.16,10.12,Accessories,In-store,Not Returned,Low,3135.99,VIP
358155,Desk Lamp,20,2024-07-21 10:00,95.09,0.17,6.63,Accessories,In-store,Not Returned,High,1901.8,VIP
539348,T-shirt,42,2024-07-22 12:00,66.54,0.42,27.98,Accessories,Online,Not Returned,High,2794.6800000000003,VIP
645721,Blue Pen,40,2024-07-23 00:00,41.41,0.09,22.33,Accessories,In-store,Not Returned,High,1656.4,VIP
243165,Backpack,21,2024-07-23 03:00,98.13,0.36,24.89,Accessories,Online,Not Returned,Medium,2060.73,VIP
815681,Desk Lamp,13,2024-07-23 07:00,82.99,0.22,13.67,Accessories,In-store,Not Returned,Low,1078.87,VIP
391474,Desk Lamp,47,2024-07-23 18:00,88.36,0.07,16.77,Accessories,Online,Not Returned,Medium,4152.92,VIP
426928,Wireless Mouse,43,2024-07-24 08:00,86.29,0.17,17.44,Accessories,Online,Not Returned,Low,3710.47,VIP
430606,Backpack,46,2024-07-24 20:00,35.02,0.08,26.08,Accessories,In-store,Not Returned,Medium,1610.92,VIP
730134,USB Cable,49,2024-07-24 22:00,92.54,0.43,8.48,Accessories,Online,Not Returned,Medium,4534.46,VIP
926418,Wireless Mouse,38,2024-07-25 02:00,69.6,0.32,22.72,Accessories,Online,Not Returned,Medium,2644.8,VIP
367958,T-shirt,33,2024-07-25 07:00,89.7,0.05,12.34,Accessories,Online,Not Returned,Low,2960.1,VIP
603073,Wall Clock,17,2024-07-26 06:00,62.36,0.22,18.14,Accessories,Online,Not Returned,High,1060.12,VIP
192519,Blue Pen,37,2024-07-27 03:00,66.75,0.1,11.7,Accessories,In-store,Not Returned,Medium,2469.75,VIP
640085,Wireless Mouse,32,2024-07-27 09:00,67.44,0.02,12.83,Accessories,In-store,Not Returned,Medium,2158.08,VIP
905908,Wireless Mouse,16,2024-07-27 20:00,72.61,0.27,10.97,Accessories,Online,Not Returned,Medium,1161.76,VIP
819507,Office Chair,42,2024-07-27 21:00,72.88,0.46,20.94,Accessories,Online,Not Returned,Low,3060.96,VIP
980411,USB Cable,-45,2024-07-28 01:00,-71.63,0.02,,Accessories,Online,Returned,Medium,3223.35,VIP
665994,Wireless Mouse,25,2024-07-28 03:00,99.5,0.18,24.83,Accessories,Online,Not Returned,Low,2487.5,VIP
430977,Office Chair,42,2024-07-28 08:00,40.61,0.4,26.42,Accessories,Online,Not Returned,Low,1705.62,VIP
671882,Wireless Mouse,43,2024-07-28 16:00,68.03,0.41,23.61,Accessories,In-store,Not Returned,Medium,2925.29,VIP
100434,Wireless Mouse,34,2024-07-29 03:00,74.21,0.34,26.81,Accessories,In-store,Not Returned,Medium,2523.14,VIP
158277,Desk Lamp,26,2024-07-29 16:00,41.78,0.01,6.22,Accessories,Online,Returned,Medium,1086.28,VIP
198684,Desk Lamp,16,2024-07-30 00:00,85.07,0.16,9.61,Accessories,Online,Not Returned,Medium,1361.12,VIP
145091,T-shirt,36,2024-07-30 19:00,52.49,0.43,7.27,Accessories,In-store,Not Returned,High,1889.64,VIP
570378,Wireless Mouse,36,2024-07-31 01:00,92.67,0.2,29.0,Accessories,In-store,Returned,Medium,3336.12,VIP
230656,Wireless Mouse,38,2024-07-31 11:00,91.2,0.24,26.39,Accessories,Online,Returned,High,3465.6,VIP
561250,Wall Clock,26,2024-08-01 06:00,96.26,0.25,6.52,Accessories,Online,Not Returned,Low,2502.76,VIP
549685,T-shirt,36,2024-08-01 10:00,76.69,0.07,23.47,Accessories,Online,Not Returned,Medium,2760.84,VIP
627376,White Mug,27,2024-08-01 14:00,93.58,0.06,16.61,Accessories,In-store,Not Returned,High,2526.66,VIP
788601,T-shirt,29,2024-08-02 10:00,66.2,0.08,25.72,Accessories,Online,Not Returned,High,1919.8,VIP
438178,White Mug,33,2024-08-03 15:00,93.72,0.37,5.49,Accessories,Online,Not Returned,High,3092.76,VIP
436982,Notebook,34,2024-08-05 01:00,48.66,0.37,17.53,Accessories,In-store,Not Returned,Low,1654.4399999999998,VIP
553964,USB Cable,28,2024-08-05 05:00,82.24,0.32,28.03,Accessories,In-store,Not Returned,Medium,2302.72,VIP
352787,Desk Lamp,-30,2024-08-05 13:00,-76.73,1.7090558944264145,,Accessories,In-store,Not Returned,Medium,2301.9,VIP
684250,White Mug,38,2024-08-06 09:00,97.96,0.46,13.25,Accessories,In-store,Not Returned,Low,3722.48,VIP
216381,Notebook,32,2024-08-06 16:00,86.62,0.29,9.68,Accessories,Online,Not Returned,High,2771.84,VIP
831881,Notebook,39,2024-08-06 23:00,31.86,0.12,17.19,Accessories,In-store,Not Returned,Low,1242.54,VIP
827228,Desk Lamp,15,2024-08-07 07:00,73.13,0.23,11.04,Accessories,Online,Not Returned,Low,1096.9499999999998,VIP
560282,Headphones,45,2024-08-07 16:00,77.1,0.4,24.23,Accessories,In-store,Not Returned,Medium,3469.4999999999995,VIP
201101,Blue Pen,32,2024-08-07 20:00,78.23,0.48,7.31,Accessories,Online,Not Returned,High,2503.36,VIP
989238,Wall Clock,37,2024-08-07 22:00,54.8,0.33,25.17,Accessories,In-store,Not Returned,Medium,2027.6,VIP
706660,Headphones,48,2024-08-07 23:00,95.24,0.38,16.49,Accessories,In-store,Not Returned,Medium,4571.52,VIP
331746,Notebook,26,2024-08-08 20:00,81.87,0.09,11.89,Accessories,In-store,Not Returned,High,2128.62,VIP
476859,Wireless Mouse,24,2024-08-09 23:00,81.89,0.03,12.59,Accessories,In-store,Returned,Low,1965.36,VIP
631197,Backpack,46,2024-08-10 03:00,89.95,0.39,19.42,Accessories,In-store,Not Returned,High,4137.7,VIP
550032,Headphones,38,2024-08-10 10:00,53.89,0.47,26.17,Accessories,In-store,Not Returned,High,2047.82,VIP
241820,Wireless Mouse,29,2024-08-10 11:00,54.68,0.44,24.8,Accessories,Online,Not Returned,Medium,1585.72,VIP
293537,Wireless Mouse,46,2024-08-10 14:00,39.67,0.01,5.76,Accessories,In-store,Returned,Medium,1824.82,VIP
276451,Headphones,38,2024-08-10 20:00,66.53,0.23,24.52,Accessories,Online,Not Returned,Medium,2528.14,VIP
597220,USB Cable,34,2024-08-10 22:00,84.22,0.21,9.2,Accessories,In-store,Returned,Low,2863.48,VIP
567592,Office Chair,17,2024-08-11 09:00,95.09,0.3,15.08,Accessories,Online,Returned,Medium,1616.53,VIP
565796,Backpack,36,2024-08-11 11:00,71.54,0.02,15.66,Accessories,In-store,Not Returned,Medium,2575.44,VIP
150737,USB Cable,20,2024-08-11 22:00,88.42,0.26,21.34,Accessories,Online,Not Returned,Medium,1768.4,VIP
300357,Notebook,24,2024-08-12 02:00,78.84,0.08,12.18,Accessories,In-store,Not Returned,Medium,1892.16,VIP
354062,White Mug,33,2024-08-12 11:00,96.7,0.03,12.67,Accessories,In-store,Not Returned,High,3191.1,VIP
599272,Office Chair,15,2024-08-13 05:00,90.07,0.32,15.05,Accessories,Online,Not Returned,Low,1351.05,VIP
251257,Desk Lamp,23,2024-08-13 09:00,81.43,0.04,25.2,Accessories,In-store,Not Returned,Low,1872.89,VIP
215434,Backpack,23,2024-08-14 02:00,55.25,0.11,7.35,Accessories,In-store,Not Returned,Low,1270.75,VIP
860490,Headphones,33,2024-08-14 05:00,45.31,0.02,17.86,Accessories,Online,Not Returned,Medium,1495.23,VIP
946516,Wall Clock,44,2024-08-14 11:00,92.91,0.07,25.27,Accessories,In-store,Not Returned,Medium,4088.04,VIP
171092,White Mug,34,2024-08-14 21:00,43.16,0.48,16.97,Accessories,In-store,Not Returned,Medium,1467.4399999999998,VIP
344290,Office Chair,41,2024-08-15 02:00,61.11,0.11,16.77,Accessories,In-store,Not Returned,High,2505.51,VIP
148373,Blue Pen,44,2024-08-15 09:00,69.88,0.12,6.54,Accessories,Online,Not Returned,High,3074.72,VIP
179942,Desk Lamp,47,2024-08-15 22:00,25.29,0.39,13.63,Accessories,In-store,Not Returned,Medium,1188.63,VIP
600704,Wireless Mouse,43,2024-08-15 23:00,40.9,0.2,13.93,Accessories,In-store,Not Returned,High,1758.7,VIP
388558,Wireless Mouse,49,2024-08-16 00:00,61.8,0.01,29.27,Accessories,In-store,Not Returned,High,3028.2,VIP
593417,Desk Lamp,47,2024-08-16 17:00,94.06,0.48,28.11,Accessories,Online,Not Returned,High,4420.82,VIP
361021,Wireless Mouse,20,2024-08-16 23:00,73.11,0.38,8.41,Accessories,In-store,Not Returned,Medium,1462.2,VIP
682687,Notebook,28,2024-08-17 13:00,69.52,0.28,13.8,Accessories,Online,Not Returned,Medium,1946.56,VIP
676722,Wireless Mouse,43,2024-08-17 16:00,45.47,0.43,12.07,Accessories,In-store,Not Returned,High,1955.21,VIP
106486,Wall Clock,40,2024-08-17 22:00,44.27,0.44,14.94,Accessories,Online,Not Returned,High,1770.8000000000002,VIP
418957,USB Cable,46,2024-08-18 10:00,81.69,0.38,16.52,Accessories,In-store,Not Returned,Low,3757.74,VIP
358184,USB Cable,36,2024-08-18 18:00,89.52,0.06,28.1,Accessories,In-store,Not Returned,Low,3222.72,VIP
872660,Blue Pen,45,2024-08-19 21:00,43.73,0.1,17.09,Accessories,Online,Not Returned,Low,1967.85,VIP
133748,Wireless Mouse,23,2024-08-20 22:00,48.83,0.18,10.66,Accessories,In-store,Not Returned,Low,1123.09,VIP
829391,White Mug,48,2024-08-21 10:00,22.02,0.02,21.15,Accessories,In-store,Not Returned,Low,1056.96,VIP
539520,Desk Lamp,47,2024-08-22 00:00,37.55,0.05,7.17,Accessories,In-store,Not Returned,High,1764.85,VIP
227198,T-shirt,46,2024-08-24 11:00,47.33,0.1,5.35,Accessories,In-store,Not Returned,High,2177.18,VIP
446482,T-shirt,31,2024-08-25 13:00,66.23,0.23,9.93,Accessories,Online,Not Returned,Medium,2053.13,VIP
807966,Wall Clock,20,2024-08-25 18:00,56.69,0.37,12.55,Accessories,Online,Not Returned,High,1133.8,VIP
115171,Headphones,28,2024-08-25 23:00,54.2,0.41,26.91,Accessories,Online,Not Returned,Low,1517.6,VIP
720909,Desk Lamp,42,2024-08-26 08:00,51.63,0.02,14.22,Accessories,In-store,Not Returned,High,2168.46,VIP
881357,Backpack,48,2024-08-26 09:00,35.65,0.4,12.63,Accessories,Online,Not Returned,High,1711.1999999999998,VIP
345701,Wall Clock,31,2024-08-26 21:00,37.81,0.2,23.55,Accessories,Online,Not Returned,High,1172.11,VIP
805378,Headphones,34,2024-08-27 05:00,71.54,0.07,20.58,Accessories,In-store,Not Returned,Medium,2432.36,VIP
242524,Blue Pen,35,2024-08-27 06:00,89.13,0.5,25.62,Accessories,In-store,Not Returned,Medium,3119.55,VIP
329355,Notebook,16,2024-08-27 08:00,77.99,0.14,21.53,Accessories,In-store,Not Returned,Medium,1247.84,VIP
531497,Office Chair,31,2024-08-27 13:00,76.84,0.12,18.09,Accessories,Online,Not Returned,High,2382.04,VIP
909385,Wall Clock,34,2024-08-27 15:00,35.85,0.12,9.28,Accessories,Online,Not Returned,Low,1218.9,VIP
956676,Wireless Mouse,49,2024-08-27 23:00,52.77,0.19,27.86,Accessories,Online,Not Returned,High,2585.73,VIP
255826,T-shirt,15,2024-08-28 04:00,74.19,0.32,6.03,Accessories,In-store,Not Returned,Medium,1112.85,VIP
598113,Blue Pen,40,2024-08-28 05:00,81.04,0.05,24.57,Accessories,In-store,Not Returned,Low,3241.6000000000004,VIP
678317,White Mug,18,2024-08-28 17:00,62.6,0.16,5.96,Accessories,In-store,Not Returned,High,1126.8,VIP
489149,Wall Clock,13,2024-08-29 02:00,84.95,0.03,14.28,Accessories,In-store,Not Returned,Low,1104.35,VIP
703386,Notebook,42,2024-08-29 13:00,92.98,0.16,13.52,Accessories,Online,Returned,Medium,3905.16,VIP
348380,Notebook,40,2024-08-29 14:00,92.24,0.21,12.35,Accessories,Online,Not Returned,Low,3689.6,VIP
633321,Desk Lamp,42,2024-08-31 00:00,32.64,0.08,15.65,Accessories,Online,Not Returned,Low,1370.88,VIP
551005,Desk Lamp,21,2024-08-31 10:00,88.96,0.14,25.33,Accessories,Online,Not Returned,Medium,1868.16,VIP
989128,Blue Pen,34,2024-09-01 05:00,66.9,0.14,13.83,Accessories,Online,Not Returned,Medium,2274.6000000000004,VIP
170774,Backpack,38,2024-09-01 06:00,49.47,0.09,22.78,Accessories,In-store,Not Returned,Medium,1879.86,VIP
615329,Blue Pen,28,2024-09-01 13:00,42.79,0.14,25.83,Accessories,In-store,Not Returned,Medium,1198.12,VIP
894622,Backpack,21,2024-09-01 17:00,69.14,0.32,24.63,Accessories,Online,Not Returned,High,1451.94,VIP
259772,Backpack,39,2024-09-01 23:00,60.28,0.2,29.23,Accessories,Online,Not Returned,Low,2350.92,VIP
944441,Backpack,30,2024-09-02 15:00,46.31,0.09,25.26,Accessories,In-store,Not Returned,High,1389.3000000000002,VIP
415084,Wall Clock,33,2024-09-02 18:00,96.93,0.17,9.24,Accessories,In-store,Not Returned,High,3198.69,VIP
335514,Wireless Mouse,39,2024-09-03 03:00,29.87,0.37,17.16,Accessories,In-store,Not Returned,Medium,1164.93,VIP
173944,Headphones,20,2024-09-03 22:00,77.98,0.23,25.5,Accessories,In-store,Not Returned,Low,1559.6,VIP
731536,Notebook,35,2024-09-04 03:00,40.2,0.5,12.47,Accessories,Online,Not Returned,High,1407.0,VIP
563400,White Mug,35,2024-09-04 12:00,31.6,0.47,7.87,Accessories,Online,Not Returned,High,1106.0,VIP
298087,Wireless Mouse,48,2024-09-05 15:00,84.71,0.27,12.11,Accessories,In-store,Not Returned,Low,4066.08,VIP
838234,Blue Pen,39,2024-09-05 16:00,97.07,0.36,23.13,Accessories,Online,Not Returned,High,3785.73,VIP
850142,Desk Lamp,33,2024-09-06 02:00,88.13,0.38,23.23,Accessories,In-store,Not Returned,Medium,2908.29,VIP
952548,USB Cable,45,2024-09-06 11:00,95.83,0.47,13.97,Accessories,In-store,Not Returned,Low,4312.35,VIP
299474,Desk Lamp,34,2024-09-07 15:00,53.01,0.0,18.49,Accessories,Online,Not Returned,High,1802.34,VIP
883517,USB Cable,40,2024-09-08 01:00,29.13,0.21,22.04,Accessories,Online,Not Returned,Medium,1165.2,VIP
898405,Blue Pen,44,2024-09-08 21:00,30.35,0.49,10.21,Accessories,Online,Not Returned,Low,1335.4,VIP
409420,Blue Pen,42,2024-09-09 02:00,53.37,0.14,22.35,Accessories,Online,Not Returned,High,2241.54,VIP
350982,T-shirt,30,2024-09-09 17:00,53.03,0.19,6.21,Accessories,Online,Not Returned,Medium,1590.9,VIP
456539,Blue Pen,33,2024-09-10 16:00,84.42,0.2,25.41,Accessories,Online,Not Returned,High,2785.86,VIP
297855,Notebook,36,2024-09-10 17:00,91.27,0.29,15.97,Accessories,Online,Not Returned,High,3285.72,VIP
822094,Headphones,31,2024-09-11 12:00,98.58,0.11,19.05,Accessories,In-store,Not Returned,High,3055.98,VIP
368054,Headphones,38,2024-09-11 14:00,69.93,0.08,21.08,Accessories,Online,Not Returned,Low,2657.34,VIP
919253,Blue Pen,31,2024-09-11 19:00,74.42,0.11,23.72,Accessories,In-store,Not Returned,High,2307.02,VIP
821880,Wall Clock,47,2024-09-12 04:00,37.66,0.42,26.97,Accessories,Online,Not Returned,Medium,1770.0199999999998,VIP
577603,Backpack,26,2024-09-12 07:00,63.16,0.06,11.23,Accessories,Online,Returned,High,1642.16,VIP
987881,White Mug,21,2024-09-12 20:00,69.64,0.28,18.82,Accessories,In-store,Not Returned,Low,1462.44,VIP
984506,Notebook,17,2024-09-12 23:00,61.85,0.31,19.66,Accessories,In-store,Returned,Medium,1051.45,VIP
397303,Desk Lamp,23,2024-09-13 03:00,62.14,0.05,13.75,Accessories,Online,Not Returned,Low,1429.22,VIP
805730,White Mug,-20,2024-09-13 04:00,-97.1,0.21,,Accessories,In-store,Not Returned,Low,1942.0,VIP
158719,Wireless Mouse,45,2024-09-13 23:00,95.89,0.13,21.13,Accessories,In-store,Not Returned,Low,4315.05,VIP
422419,Blue Pen,23,2024-09-14 19:00,88.27,0.05,25.36,Accessories,Online,Not Returned,Low,2030.21,VIP
217819,Office Chair,44,2024-09-14 23:00,52.02,0.02,13.44,Accessories,Online,Not Returned,Medium,2288.88,VIP
548903,Wall Clock,38,2024-09-15 02:00,90.21,0.18,19.7,Accessories,Online,Not Returned,Low,3427.98,VIP
543719,Backpack,37,2024-09-15 08:00,41.54,0.19,24.05,Accessories,In-store,Not Returned,High,1536.98,VIP
500267,Blue Pen,36,2024-09-15 12:00,60.4,0.05,13.1,Accessories,In-store,Not Returned,Low,2174.4,VIP
428278,White Mug,17,2024-09-15 19:00,95.57,0.06,27.53,Accessories,In-store,Returned,Low,1624.6899999999998,VIP
186491,White Mug,15,2024-09-15 22:00,71.03,0.38,19.19,Accessories,Online,Not Returned,Low,1065.45,VIP
336478,T-shirt,-21,2024-09-17 04:00,-97.98,1.4479467541533977,,Accessories,In-store,Not Returned,High,2057.58,VIP
814579,Office Chair,23,2024-09-18 19:00,44.84,0.23,12.22,Accessories,In-store,Not Returned,High,1031.3200000000002,VIP
871284,Backpack,25,2024-09-18 20:00,75.19,0.38,22.7,Accessories,In-store,Not Returned,Low,1879.75,VIP
823242,Backpack,46,2024-09-19 01:00,43.0,0.05,16.03,Accessories,In-store,Not Returned,High,1978.0,VIP
251562,Headphones,29,2024-09-19 04:00,57.44,0.43,11.84,Accessories,Online,Not Returned,Low,1665.76,VIP
142311,Office Chair,45,2024-09-19 15:00,31.91,0.14,26.45,Accessories,In-store,Not Returned,Medium,1435.95,VIP
729043,Desk Lamp,30,2024-09-20 05:00,93.66,0.44,16.21,Accessories,Online,Returned,Medium,2809.8,VIP
931456,Headphones,35,2024-09-21 01:00,77.72,0.11,15.25,Accessories,In-store,Returned,Medium,2720.2,VIP
332474,Notebook,28,2024-09-21 19:00,88.73,0.04,7.26,Accessories,In-store,Not Returned,Low,2484.44,VIP
732600,Headphones,18,2024-09-21 23:00,94.47,0.47,25.09,Accessories,In-store,Not Returned,Low,1700.46,VIP
211193,Notebook,19,2024-09-22 16:00,80.65,0.05,8.26,Accessories,Online,Not Returned,High,1532.35,VIP
793319,Office Chair,42,2024-09-23 11:00,96.81,0.23,12.47,Accessories,Online,Not Returned,High,4066.02,VIP
542741,White Mug,42,2024-09-23 12:00,84.46,0.03,12.18,Accessories,Online,Not Returned,Medium,3547.32,VIP
538702,Backpack,15,2024-09-24 14:00,72.52,0.42,17.04,Accessories,In-store,Not Returned,High,1087.8,VIP
272009,Headphones,45,2024-09-24 20:00,48.59,0.14,5.29,Accessories,In-store,Not Returned,High,2186.55,VIP
575786,Desk Lamp,17,2024-09-25 09:00,81.42,0.07,12.9,Accessories,Online,Not Returned,Low,1384.14,VIP
652832,Office Chair,13,2024-09-26 02:00,95.54,0.19,20.66,Accessories,Online,Not Returned,Medium,1242.02,VIP
451458,USB Cable,45,2024-09-26 04:00,76.24,0.09,11.43,Accessories,Online,Not Returned,Low,3430.8,VIP
888161,Notebook,43,2024-09-26 07:00,80.4,0.48,11.53,Accessories,Online,Not Returned,Low,3457.2000000000003,VIP
921368,Backpack,42,2024-09-26 10:00,63.8,0.26,12.31,Accessories,Online,Not Returned,Low,2679.6,VIP
176844,Office Chair,28,2024-09-26 18:00,93.62,0.46,22.71,Accessories,In-store,Not Returned,Low,2621.36,VIP
649570,Office Chair,26,2024-09-27 03:00,68.75,0.46,8.92,Accessories,In-store,Not Returned,High,1787.5,VIP
878335,USB Cable,37,2024-09-27 15:00,35.91,0.37,21.96,Accessories,Online,Returned,Medium,1328.6699999999998,VIP
159418,Office Chair,28,2024-09-27 16:00,60.06,0.1,7.47,Accessories,In-store,Not Returned,High,1681.68,VIP
824538,Wireless Mouse,19,2024-09-28 08:00,88.15,0.27,15.88,Accessories,In-store,Not Returned,High,1674.85,VIP
118580,Notebook,32,2024-09-29 10:00,74.04,0.1,6.1,Accessories,In-store,Not Returned,Low,2369.28,VIP
109802,Wall Clock,34,2024-09-29 12:00,68.89,0.32,11.18,Accessories,In-store,Not Returned,High,2342.26,VIP
974289,Backpack,45,2024-09-29 13:00,61.92,0.35,12.42,Accessories,In-store,Not Returned,Low,2786.4,VIP
302827,Desk Lamp,39,2024-09-29 21:00,72.08,0.34,26.56,Accessories,Online,Not Returned,Low,2811.12,VIP
770805,Headphones,41,2024-09-29 22:00,35.18,0.11,15.73,Accessories,Online,Not Returned,Low,1442.38,VIP
850526,Blue Pen,38,2024-09-30 01:00,37.25,0.47,25.49,Accessories,Online,Not Returned,High,1415.5,VIP
932340,Blue Pen,29,2024-09-30 10:00,98.45,0.45,13.0,Accessories,In-store,Not Returned,Low,2855.05,VIP
344437,Notebook,38,2024-09-30 20:00,49.19,0.34,14.38,Accessories,Online,Not Returned,Low,1869.22,VIP
437676,Notebook,-14,2024-10-01 00:00,-90.83,0.3,,Accessories,In-store,Not Returned,High,1271.62,VIP
527013,Desk Lamp,43,2024-10-01 09:00,48.43,0.32,18.79,Accessories,Online,Not Returned,High,2082.49,VIP
863203,Notebook,25,2024-10-01 14:00,89.28,0.2,18.51,Accessories,Online,Not Returned,Low,2232.0,VIP
742446,Wireless Mouse,20,2024-10-01 15:00,85.32,0.04,14.29,Accessories,Online,Not Returned,Low,1706.4,VIP
527289,USB Cable,20,2024-10-01 16:00,86.91,0.07,17.7,Accessories,Online,Not Returned,High,1738.1999999999998,VIP
601188,Wall Clock,48,2024-10-02 02:00,47.51,0.31,16.22,Accessories,In-store,Not Returned,Medium,2280.48,VIP
541690,Office Chair,-22,2024-10-03 21:00,-79.34,0.06,,Accessories,Online,Not Returned,Medium,1745.48,VIP
412202,USB Cable,39,2024-10-05 04:00,38.63,0.16,23.66,Accessories,In-store,Not Returned,Medium,1506.5700000000002,VIP
573754,Notebook,39,2024-10-05 08:00,61.3,0.16,9.54,Accessories,Online,Not Returned,Medium,2390.7,VIP
603078,Notebook,24,2024-10-05 20:00,82.0,0.41,20.54,Accessories,In-store,Not Returned,High,1968.0,VIP
777842,Wall Clock,49,2024-10-06 02:00,65.24,0.44,8.17,Accessories,In-store,Not Returned,High,3196.76,VIP
701303,Desk Lamp,22,2024-10-06 10:00,64.55,0.29,26.02,Accessories,In-store,Not Returned,Low,1420.1,VIP
482621,Notebook,27,2024-10-06 22:00,44.62,0.23,17.32,Accessories,Online,Not Returned,Medium,1204.74,VIP
588189,USB Cable,21,2024-10-07 17:00,56.33,0.19,29.06,Accessories,In-store,Not Returned,Medium,1182.93,VIP
208051,Notebook,30,2024-10-07 19:00,40.35,0.5,9.79,Accessories,In-store,Not Returned,Medium,1210.5,VIP
883680,Wireless Mouse,44,2024-10-08 14:00,78.04,0.24,9.78,Accessories,Online,Returned,Medium,3433.76,VIP
500176,Notebook,37,2024-10-09 08:00,72.36,0.08,14.01,Accessories,Online,Not Returned,Medium,2677.32,VIP
906852,Blue Pen,29,2024-10-09 16:00,51.48,0.44,26.01,Accessories,Online,Not Returned,High,1492.9199999999998,VIP
757022,Notebook,49,2024-10-10 03:00,61.98,0.16,6.93,Accessories,In-store,Returned,High,3037.02,VIP
241869,Wireless Mouse,38,2024-10-10 10:00,43.94,0.3,11.25,Accessories,In-store,Not Returned,Low,1669.7199999999998,VIP
566985,Wireless Mouse,44,2024-10-10 18:00,55.31,0.41,15.59,Accessories,Online,Not Returned,Low,2433.6400000000003,VIP
798971,Notebook,46,2024-10-10 19:00,58.54,0.04,20.63,Accessories,Online,Not Returned,Medium,2692.84,VIP
447049,Headphones,25,2024-10-11 07:00,91.98,0.4,21.26,Accessories,In-store,Not Returned,High,2299.5,VIP
353380,Wireless Mouse,46,2024-10-11 21:00,87.12,0.03,22.33,Accessories,In-store,Not Returned,Low,4007.52,VIP
250859,Desk Lamp,30,2024-10-13 19:00,95.71,0.08,8.75,Accessories,Online,Returned,Medium,2871.3,VIP
741922,T-shirt,46,2024-10-14 06:00,38.64,0.18,13.27,Accessories,Online,Not Returned,Low,1777.44,VIP
569901,Desk Lamp,39,2024-10-14 10:00,73.61,0.11,5.66,Accessories,Online,Not Returned,Medium,2870.79,VIP
257667,Wall Clock,31,2024-10-15 20:00,48.14,0.17,24.58,Accessories,Online,Not Returned,High,1492.34,VIP
607405,White Mug,38,2024-10-16 16:00,43.06,0.31,18.57,Accessories,In-store,Returned,High,1636.2800000000002,VIP
586760,Notebook,49,2024-10-17 00:00,75.39,0.1,6.34,Accessories,Online,Not Returned,Medium,3694.11,VIP
372498,Wireless Mouse,33,2024-10-17 09:00,82.48,0.13,14.27,Accessories,Online,Not Returned,Medium,2721.84,VIP
856649,T-shirt,38,2024-10-18 02:00,92.69,0.07,8.01,Accessories,Online,Returned,Medium,3522.22,VIP
171241,Blue Pen,42,2024-10-18 04:00,77.68,0.41,29.27,Accessories,In-store,Not Returned,High,3262.5600000000004,VIP
882853,Backpack,20,2024-10-18 07:00,53.13,0.11,21.72,Accessories,In-store,Not Returned,Medium,1062.6,VIP
229228,Wireless Mouse,42,2024-10-19 02:00,37.62,0.09,11.29,Accessories,In-store,Not Returned,Low,1580.04,VIP
667636,Notebook,40,2024-10-19 03:00,71.57,0.04,24.18,Accessories,Online,Not Returned,High,2862.8,VIP
195822,USB Cable,45,2024-10-19 14:00,47.36,0.4,23.49,Accessories,Online,Returned,Medium,2131.2,VIP
390172,Backpack,47,2024-10-19 15:00,37.82,0.25,26.63,Accessories,In-store,Not Returned,Medium,1777.54,VIP
657175,White Mug,44,2024-10-19 17:00,70.95,0.42,5.53,Accessories,Online,Not Returned,Low,3121.8,VIP
143314,Headphones,49,2024-10-21 12:00,79.18,0.49,22.2,Accessories,Online,Not Returned,High,3879.82,VIP
505889,Blue Pen,14,2024-10-21 15:00,78.82,0.04,18.21,Accessories,Online,Not Returned,Medium,1103.48,VIP
888226,USB Cable,37,2024-10-21 21:00,99.3,0.42,6.65,Accessories,In-store,Not Returned,Medium,3674.1,VIP
976515,Blue Pen,36,2024-10-22 19:00,69.86,0.19,29.38,Accessories,Online,Not Returned,Medium,2514.96,VIP
588041,Headphones,16,2024-10-23 03:00,78.06,0.13,7.03,Accessories,Online,Not Returned,High,1248.96,VIP
610323,White Mug,32,2024-10-24 06:00,55.68,0.26,15.29,Accessories,Online,Not Returned,High,1781.76,VIP
660291,USB Cable,40,2024-10-24 08:00,43.81,0.0,6.72,Accessories,In-store,Returned,High,1752.4,VIP
905810,Notebook,42,2024-10-24 18:00,45.23,0.0,6.48,Accessories,Online,Not Returned,Low,1899.66,VIP
711189,Backpack,26,2024-10-25 01:00,82.46,0.4,8.52,Accessories,Online,Not Returned,Medium,2143.96,VIP
254724,Notebook,20,2024-10-25 14:00,94.17,0.39,23.43,Accessories,Online,Not Returned,Low,1883.4,VIP
218189,Wall Clock,35,2024-10-27 17:00,74.89,0.28,7.0,Accessories,In-store,Not Returned,Low,2621.15,VIP
890446,Backpack,26,2024-10-27 18:00,51.98,0.27,17.99,Accessories,In-store,Not Returned,High,1351.48,VIP
107645,USB Cable,27,2024-10-29 04:00,55.26,0.1,9.04,Accessories,In-store,Not Returned,Medium,1492.02,VIP
257446,T-shirt,43,2024-10-29 12:00,52.08,0.06,18.45,Accessories,Online,Not Returned,Medium,2239.44,VIP
296618,Backpack,11,2024-10-31 15:00,98.66,0.39,8.59,Accessories,Online,Not Returned,High,1085.26,VIP
892796,USB Cable,23,2024-10-31 22:00,49.5,0.38,14.23,Accessories,In-store,Not Returned,Medium,1138.5,VIP
381283,USB Cable,38,2024-11-01 13:00,70.68,0.18,5.71,Accessories,In-store,Not Returned,Low,2685.84,VIP
387180,Wireless Mouse,29,2024-11-01 16:00,72.85,0.33,28.06,Accessories,In-store,Returned,High,2112.65,VIP
387463,Notebook,29,2024-11-02 04:00,73.91,0.06,14.45,Accessories,Online,Not Returned,Low,2143.39,VIP
794694,Notebook,18,2024-11-02 05:00,58.35,0.33,21.24,Accessories,In-store,Returned,Low,1050.3,VIP
123728,Wall Clock,14,2024-11-02 06:00,91.45,0.31,25.48,Accessories,Online,Not Returned,Low,1280.3,VIP
711597,Blue Pen,17,2024-11-02 15:00,81.35,0.2,14.34,Accessories,In-store,Not Returned,Medium,1382.9499999999998,VIP
904134,Notebook,24,2024-11-02 18:00,47.12,0.36,24.29,Accessories,In-store,Not Returned,Medium,1130.88,VIP
825150,Wall Clock,33,2024-11-02 20:00,91.33,0.1,27.23,Accessories,In-store,Not Returned,Low,3013.89,VIP
947503,Wall Clock,42,2024-11-02 22:00,53.55,0.01,15.87,Accessories,In-store,Not Returned,High,2249.1,VIP
542773,Wall Clock,49,2024-11-04 10:00,59.16,0.36,9.06,Accessories,Online,Not Returned,Medium,2898.84,VIP
746943,Wall Clock,41,2024-11-04 14:00,64.24,0.08,20.26,Accessories,Online,Not Returned,Low,2633.84,VIP
993974,Blue Pen,38,2024-11-06 10:00,77.55,0.36,22.53,Accessories,In-store,Not Returned,High,2946.9,VIP
653230,Blue Pen,48,2024-11-06 12:00,68.82,0.07,24.58,Accessories,Online,Not Returned,High,3303.36,VIP
844587,Wall Clock,38,2024-11-07 06:00,33.0,0.0,25.16,Accessories,In-store,Not Returned,High,1254.0,VIP
178593,T-shirt,26,2024-11-07 12:00,45.36,0.06,27.41,Accessories,Online,Not Returned,Low,1179.36,VIP
642444,Backpack,36,2024-11-07 15:00,52.29,0.22,15.91,Accessories,In-store,Not Returned,High,1882.44,VIP
288646,White Mug,-45,2024-11-07 21:00,-74.35,0.21,,Accessories,In-store,Not Returned,Low,3345.7499999999995,VIP
842578,Office Chair,16,2024-11-08 00:00,67.07,0.33,16.21,Accessories,In-store,Not Returned,High,1073.12,VIP
785795,White Mug,43,2024-11-08 13:00,73.98,0.05,16.79,Accessories,In-store,Not Returned,High,3181.1400000000003,VIP
436260,Notebook,48,2024-11-08 17:00,49.24,0.48,10.44,Accessories,Online,Not Returned,Low,2363.52,VIP
379317,White Mug,14,2024-11-08 21:00,78.99,0.15,18.63,Accessories,In-store,Not Returned,Medium,1105.86,VIP
671444,Desk Lamp,25,2024-11-08 23:00,83.98,0.3,29.19,Accessories,Online,Not Returned,Low,2099.5,VIP
744116,Backpack,23,2024-11-09 02:00,56.37,0.17,21.86,Accessories,In-store,Not Returned,Medium,1296.51,VIP
584807,Wall Clock,33,2024-11-09 06:00,57.13,0.36,18.04,Accessories,Online,Not Returned,Low,1885.29,VIP
478739,Backpack,45,2024-11-09 15:00,99.79,0.18,25.26,Accessories,Online,Not Returned,Low,4490.55,VIP
450265,USB Cable,46,2024-11-09 16:00,88.23,0.17,25.51,Accessories,Online,Not Returned,High,4058.58,VIP
602777,Headphones,27,2024-11-09 17:00,82.6,0.46,28.24,Accessories,Online,Not Returned,Low,2230.2,VIP
820525,Notebook,21,2024-11-10 06:00,77.92,0.29,12.44,Accessories,In-store,Returned,Medium,1636.32,VIP
985442,Office Chair,22,2024-11-10 15:00,49.54,0.03,27.68,Accessories,In-store,Not Returned,Low,1089.88,VIP
286889,USB Cable,45,2024-11-11 17:00,62.93,0.34,5.29,Accessories,In-store,Not Returned,High,2831.85,VIP
251519,T-shirt,32,2024-11-12 18:00,71.6,0.46,7.67,Accessories,Online,Not Returned,Low,2291.2,VIP
415631,Wireless Mouse,27,2024-11-13 05:00,61.0,0.38,26.29,Accessories,Online,Not Returned,Medium,1647.0,VIP
280484,Backpack,26,2024-11-13 17:00,56.06,0.49,8.43,Accessories,In-store,Not Returned,Low,1457.56,VIP
956776,White Mug,42,2024-11-14 14:00,42.83,0.17,27.47,Accessories,In-store,Not Returned,Medium,1798.86,VIP
172739,Office Chair,24,2024-11-16 00:00,73.81,0.33,7.5,Accessories,In-store,Returned,High,1771.44,VIP
290759,USB Cable,45,2024-11-16 15:00,64.61,0.03,21.73,Accessories,In-store,Not Returned,Low,2907.45,VIP
916086,USB Cable,17,2024-11-17 12:00,82.29,0.33,15.07,Accessories,Online,Not Returned,Medium,1398.93,VIP
168657,Wall Clock,28,2024-11-18 06:00,93.6,0.37,14.35,Accessories,In-store,Not Returned,High,2620.8,VIP
961084,T-shirt,27,2024-11-18 07:00,62.01,0.49,24.98,Accessories,Online,Not Returned,Medium,1674.27,VIP
859945,USB Cable,16,2024-11-18 16:00,79.02,0.47,13.73,Accessories,In-store,Not Returned,Medium,1264.32,VIP
148519,White Mug,19,2024-11-18 19:00,59.55,0.17,9.16,Accessories,In-store,Not Returned,Medium,1131.45,VIP
236553,Wireless Mouse,-33,2024-11-19 00:00,-66.55,0.32,,Accessories,Online,Not Returned,High,2196.15,VIP
664602,Wall Clock,41,2024-11-19 12:00,96.82,0.28,12.71,Accessories,Online,Not Returned,Low,3969.62,VIP
297152,T-shirt,37,2024-11-19 16:00,36.87,0.39,18.94,Accessories,Online,Not Returned,Low,1364.1899999999998,VIP
747063,Desk Lamp,41,2024-11-20 01:00,39.18,0.06,5.76,Accessories,In-store,Not Returned,High,1606.38,VIP
438773,Headphones,45,2024-11-20 15:00,98.54,0.01,24.04,Accessories,Online,Not Returned,High,4434.3,VIP
649845,Backpack,37,2024-11-21 13:00,79.42,0.32,13.65,Accessories,In-store,Not Returned,Low,2938.54,VIP
915578,Blue Pen,30,2024-11-22 00:00,50.33,0.12,7.4,Accessories,Online,Not Returned,Medium,1509.9,VIP
164347,Desk Lamp,21,2024-11-22 11:00,59.54,0.28,10.83,Accessories,In-store,Returned,Low,1250.34,VIP
304026,Desk Lamp,35,2024-11-22 16:00,63.76,0.23,23.23,Accessories,In-store,Not Returned,Medium,2231.6,VIP
314174,USB Cable,39,2024-11-22 20:00,31.22,0.49,11.69,Accessories,Online,Not Returned,Medium,1217.58,VIP
212286,USB Cable,48,2024-11-22 21:00,99.65,0.45,10.25,Accessories,Online,Not Returned,Medium,4783.200000000001,VIP
678664,Office Chair,41,2024-11-23 16:00,89.19,0.03,10.91,Accessories,Online,Not Returned,Low,3656.79,VIP
497479,White Mug,34,2024-11-23 22:00,95.05,0.05,25.58,Accessories,Online,Not Returned,High,3231.7,VIP
130968,Wall Clock,38,2024-11-24 05:00,38.91,0.15,26.62,Accessories,Online,Not Returned,Medium,1478.58,VIP
101650,Desk Lamp,46,2024-11-24 06:00,52.17,0.1,25.73,Accessories,In-store,Not Returned,High,2399.82,VIP
890789,T-shirt,36,2024-11-24 14:00,32.74,0.12,20.52,Accessories,In-store,Not Returned,High,1178.64,VIP
954800,Desk Lamp,33,2024-11-24 18:00,70.42,0.07,27.98,Accessories,In-store,Not Returned,Medium,2323.86,VIP
866177,USB Cable,21,2024-11-25 20:00,89.45,0.3,29.33,Accessories,In-store,Not Returned,Medium,1878.45,VIP
217028,Backpack,42,2024-11-26 09:00,59.69,0.39,12.81,Accessories,Online,Not Returned,High,2506.98,VIP
174955,Headphones,40,2024-11-26 10:00,72.15,0.46,10.06,Accessories,Online,Not Returned,Medium,2886.0,VIP
673641,Blue Pen,46,2024-11-26 13:00,95.46,0.1,26.18,Accessories,In-store,Not Returned,Medium,4391.16,VIP
830953,Blue Pen,19,2024-11-27 12:00,85.14,0.18,15.65,Accessories,Online,Not Returned,Low,1617.66,VIP
802444,White Mug,29,2024-11-27 15:00,66.95,0.34,24.67,Accessories,In-store,Not Returned,High,1941.55,VIP
864026,Wireless Mouse,41,2024-11-27 22:00,89.14,0.09,9.41,Accessories,In-store,Not Returned,High,3654.74,VIP
914909,Blue Pen,38,2024-11-28 04:00,54.78,0.16,21.77,Accessories,Online,Returned,Medium,2081.64,VIP
198214,White Mug,33,2024-11-28 18:00,33.24,0.1,21.07,Accessories,In-store,Not Returned,Medium,1096.92,VIP
488454,Blue Pen,41,2024-11-28 21:00,68.56,0.44,8.06,Accessories,Online,Returned,Medium,2810.96,VIP
411087,Wireless Mouse,44,2024-11-29 08:00,34.85,0.45,9.4,Accessories,Online,Not Returned,Medium,1533.4,VIP
314185,T-shirt,35,2024-11-30 11:00,61.68,0.26,16.65,Accessories,In-store,Not Returned,High,2158.8,VIP
206252,Notebook,47,2024-12-01 13:00,66.58,0.02,15.27,Accessories,In-store,Not Returned,Medium,3129.26,VIP
153475,Headphones,31,2024-12-01 16:00,89.31,0.12,18.12,Accessories,Online,Not Returned,High,2768.61,VIP
789353,Notebook,25,2024-12-02 02:00,83.03,0.42,28.98,Accessories,In-store,Not Returned,High,2075.75,VIP
856802,Blue Pen,15,2024-12-02 15:00,70.51,0.45,28.31,Accessories,In-store,Not Returned,Low,1057.65,VIP
925116,Blue Pen,33,2024-12-03 08:00,80.52,0.25,24.02,Accessories,In-store,Not Returned,Medium,2657.16,VIP
662523,T-shirt,28,2024-12-04 18:00,50.37,0.28,9.23,Accessories,Online,Not Returned,Medium,1410.36,VIP
618275,Blue Pen,43,2024-12-05 01:00,67.83,0.36,19.77,Accessories,In-store,Not Returned,High,2916.69,VIP
748631,White Mug,15,2024-12-06 20:00,96.09,0.21,16.19,Accessories,Online,Not Returned,High,1441.35,VIP
407561,White Mug,43,2024-12-08 17:00,39.05,0.34,23.25,Accessories,In-store,Not Returned,Low,1679.15,VIP
994211,Backpack,43,2024-12-08 18:00,27.87,0.1,8.62,Accessories,Online,Not Returned,Medium,1198.41,VIP
606513,Headphones,45,2024-12-08 19:00,26.61,0.23,12.81,Accessories,In-store,Not Returned,Low,1197.45,VIP
736526,Desk Lamp,-29,2024-12-09 00:00,-59.86,0.46,,Accessories,Online,Not Returned,High,1735.94,VIP
971815,Blue Pen,45,2024-12-09 02:00,45.19,0.2,21.74,Accessories,Online,Not Returned,High,2033.55,VIP
971480,USB Cable,42,2024-12-09 10:00,71.3,0.45,12.04,Accessories,In-store,Not Returned,High,2994.6,VIP
780473,Backpack,44,2024-12-10 09:00,74.98,0.14,21.45,Accessories,Online,Not Returned,Medium,3299.1200000000003,VIP
807456,Backpack,31,2024-12-10 11:00,41.76,0.44,23.26,Accessories,In-store,Returned,Low,1294.56,VIP
928521,Office Chair,41,2024-12-10 23:00,64.96,0.09,25.75,Accessories,Online,Not Returned,High,2663.36,VIP
427983,Notebook,43,2024-12-11 01:00,64.28,0.27,22.97,Accessories,Online,Not Returned,Medium,2764.04,VIP
302174,Backpack,35,2024-12-11 03:00,84.28,0.39,22.53,Accessories,In-store,Not Returned,Low,2949.8,VIP
367868,White Mug,31,2024-12-11 06:00,70.41,0.38,8.0,Accessories,Online,Not Returned,High,2182.71,VIP
753567,Desk Lamp,38,2024-12-11 07:00,74.01,0.5,5.0,Accessories,Online,Not Returned,Low,2812.38,VIP
193761,Backpack,37,2024-12-11 10:00,68.93,0.08,29.87,Accessories,Online,Returned,Medium,2550.4100000000003,VIP
216544,Wireless Mouse,32,2024-12-12 11:00,61.51,0.09,10.68,Accessories,Online,Not Returned,High,1968.32,VIP
377091,Notebook,45,2024-12-12 12:00,75.56,0.37,20.68,Accessories,In-store,Returned,Low,3400.2000000000003,VIP
521499,Notebook,40,2024-12-13 14:00,48.27,0.42,20.99,Accessories,Online,Not Returned,Low,1930.8,VIP
901535,Backpack,32,2024-12-14 01:00,77.81,0.07,8.63,Accessories,In-store,Not Returned,Low,2489.92,VIP
453581,Wireless Mouse,47,2024-12-14 02:00,32.24,0.18,11.37,Accessories,Online,Not Returned,High,1515.2800000000002,VIP
750539,Desk Lamp,35,2024-12-14 04:00,33.69,0.24,6.27,Accessories,Online,Not Returned,Medium,1179.15,VIP
385835,Headphones,36,2024-12-14 07:00,77.07,0.22,29.0,Accessories,Online,Not Returned,Low,2774.5199999999995,VIP
740212,White Mug,39,2024-12-15 05:00,84.96,0.39,10.53,Accessories,Online,Not Returned,High,3313.44,VIP
707348,Blue Pen,16,2024-12-15 21:00,90.02,0.45,11.84,Accessories,In-store,Not Returned,Low,1440.32,VIP
447240,Blue Pen,14,2024-12-17 21:00,79.39,0.21,5.26,Accessories,In-store,Not Returned,Medium,1111.46,VIP
376869,White Mug,35,2024-12-17 22:00,30.09,0.49,9.33,Accessories,Online,Not Returned,Low,1053.15,VIP
262347,Wireless Mouse,24,2024-12-18 17:00,77.88,0.14,14.6,Accessories,In-store,Returned,High,1869.12,VIP
947343,Office Chair,22,2024-12-20 04:00,46.05,0.05,13.73,Accessories,Online,Not Returned,Medium,1013.1,VIP
595892,USB Cable,24,2024-12-20 05:00,99.69,0.37,18.93,Accessories,Online,Not Returned,Medium,2392.56,VIP
978638,USB Cable,29,2024-12-20 06:00,34.52,0.49,27.51,Accessories,Online,Not Returned,Medium,1001.08,VIP
680509,Headphones,23,2024-12-20 07:00,94.26,0.04,9.8,Accessories,In-store,Returned,Low,2167.98,VIP
926671,Backpack,19,2024-12-21 06:00,64.3,0.36,19.31,Accessories,Online,Not Returned,High,1221.7,VIP
138022,Wall Clock,21,2024-12-21 14:00,48.08,0.15,20.69,Accessories,In-store,Not Returned,Medium,1009.68,VIP
390989,Notebook,41,2024-12-22 06:00,67.33,0.06,20.02,Accessories,In-store,Not Returned,Medium,2760.53,VIP
838321,USB Cable,29,2024-12-22 09:00,36.85,0.49,28.81,Accessories,Online,Not Returned,High,1068.65,VIP
222146,Office Chair,23,2024-12-22 11:00,56.58,0.0,13.23,Accessories,Online,Not Returned,High,1301.34,VIP
773127,Desk Lamp,36,2024-12-22 12:00,65.63,0.13,15.52,Accessories,Online,Not Returned,High,2362.68,VIP
742179,Backpack,44,2024-12-23 02:00,31.75,0.49,6.28,Accessories,In-store,Returned,Low,1397.0,VIP
883837,Wireless Mouse,36,2024-12-23 14:00,97.29,0.18,17.0,Accessories,Online,Not Returned,Medium,3502.44,VIP
182169,White Mug,38,2024-12-23 23:00,29.64,0.47,15.87,Accessories,In-store,Not Returned,High,1126.32,VIP
664048,Wireless Mouse,41,2024-12-26 04:00,89.28,0.47,26.16,Accessories,Online,Not Returned,Medium,3660.48,VIP
329096,Desk Lamp,22,2024-12-26 13:00,57.34,0.25,9.76,Accessories,Online,Not Returned,Medium,1261.48,VIP
441798,Office Chair,26,2024-12-26 21:00,88.96,0.04,10.28,Accessories,Online,Returned,Medium,2312.96,VIP
724902,USB Cable,46,2024-12-27 15:00,25.65,0.5,25.73,Accessories,Online,Not Returned,High,1179.9,VIP
900008,Backpack,47,2024-12-28 11:00,82.69,0.11,10.83,Accessories,Online,Not Returned,Medium,3886.43,VIP
754325,Backpack,18,2024-12-28 16:00,70.22,0.16,17.27,Accessories,In-store,Not Returned,Low,1263.96,VIP
953144,Desk Lamp,31,2024-12-28 21:00,78.35,0.14,12.14,Accessories,In-store,Not Returned,High,2428.85,VIP
178281,Wall Clock,47,2024-12-29 00:00,22.18,0.35,22.48,Accessories,In-store,Not Returned,Low,1042.46,VIP
227744,White Mug,24,2024-12-29 04:00,79.4,0.02,12.58,Accessories,In-store,Not Returned,Medium,1905.6,VIP
783763,T-shirt,44,2024-12-29 14:00,63.61,0.12,9.95,Accessories,In-store,Not Returned,Low,2798.84,VIP
299227,Wall Clock,34,2024-12-29 23:00,48.93,0.46,23.37,Accessories,In-store,Not Returned,Low,1663.62,VIP
166883,Wall Clock,37,2024-12-30 01:00,93.86,0.16,13.05,Accessories,Online,Not Returned,Low,3472.82,VIP
362547,Headphones,36,2024-12-30 09:00,42.99,0.25,5.33,Accessories,In-store,Not Returned,Medium,1547.64,VIP
437128,Blue Pen,47,2024-12-30 15:00,94.48,0.03,23.2,Accessories,Online,Not Returned,High,4440.56,VIP
591031,Wall Clock,43,2024-12-30 22:00,62.1,0.23,24.54,Accessories,Online,Not Returned,Low,2670.3,VIP
521144,Desk Lamp,44,2024-12-30 23:00,25.05,0.1,28.43,Accessories,Online,Not Returned,Low,1102.2,VIP
228716,Desk Lamp,35,2024-12-31 05:00,96.91,0.01,17.1,Accessories,In-store,Not Returned,Medium,3391.85,VIP
221774,Blue Pen,19,2024-12-31 06:00,68.18,0.24,20.86,Accessories,In-store,Not Returned,Medium,1295.42,VIP
578707,Wireless Mouse,38,2024-12-31 08:00,44.99,0.43,5.64,Accessories,Online,Not Returned,High,1709.62,VIP
395408,Office Chair,33,2025-01-01 01:00,85.88,0.05,11.0,Accessories,Online,Not Returned,Low,2834.04,VIP
926080,Blue Pen,33,2025-01-02 07:00,70.69,0.41,29.36,Accessories,Online,Not Returned,Low,2332.77,VIP
239911,Headphones,27,2025-01-02 11:00,97.78,0.26,26.9,Accessories,In-store,Not Returned,High,2640.06,VIP
668926,Office Chair,22,2025-01-02 21:00,68.18,0.33,29.3,Accessories,Online,Not Returned,High,1499.96,VIP
919964,Desk Lamp,24,2025-01-03 08:00,81.71,0.26,24.88,Accessories,In-store,Not Returned,Medium,1961.04,VIP
129152,Blue Pen,32,2025-01-03 15:00,58.11,0.1,14.91,Accessories,In-store,Not Returned,Medium,1859.52,VIP
590526,Desk Lamp,19,2025-01-04 00:00,88.78,0.18,5.23,Accessories,Online,Not Returned,High,1686.82,VIP
659130,Wall Clock,12,2025-01-04 19:00,96.44,0.04,26.77,Accessories,Online,Not Returned,High,1157.28,VIP
408067,USB Cable,28,2025-01-04 23:00,54.88,0.3,22.48,Accessories,In-store,Not Returned,Low,1536.64,VIP
246166,Backpack,23,2025-01-06 05:00,53.65,0.49,27.75,Accessories,In-store,Not Returned,Medium,1233.95,VIP
974415,Headphones,18,2025-01-06 23:00,98.2,0.17,29.12,Accessories,In-store,Not Returned,Medium,1767.6,VIP
773286,Wireless Mouse,43,2025-01-07 01:00,88.49,0.33,27.94,Accessories,In-store,Not Returned,High,3805.07,VIP
839555,USB Cable,39,2025-01-07 22:00,28.42,0.29,13.04,Accessories,In-store,Not Returned,High,1108.38,VIP
778102,Desk Lamp,36,2025-01-08 14:00,35.03,0.45,7.09,Accessories,In-store,Not Returned,Medium,1261.08,VIP
337012,Blue Pen,26,2025-01-09 01:00,84.46,0.35,24.12,Accessories,Online,Not Returned,Low,2195.96,VIP
207369,Headphones,-49,2025-01-09 04:00,-98.75,1.927345371341595,,Accessories,Online,Not Returned,Medium,4838.75,VIP
835809,Wall Clock,37,2025-01-09 09:00,52.3,0.29,11.39,Accessories,Online,Not Returned,High,1935.1,VIP
433411,Desk Lamp,-21,2025-01-09 16:00,-79.67,0.35,,Accessories,In-store,Not Returned,Low,1673.07,VIP
307274,Wireless Mouse,24,2025-01-10 00:00,46.08,0.03,8.75,Accessories,In-store,Not Returned,Low,1105.92,VIP
228407,Headphones,21,2025-01-10 23:00,65.76,0.11,28.53,Accessories,In-store,Not Returned,Low,1380.96,VIP
291644,Desk Lamp,13,2025-01-11 06:00,80.66,0.07,19.4,Accessories,In-store,Not Returned,Low,1048.58,VIP
250025,Desk Lamp,15,2025-01-14 06:00,74.13,0.06,12.3,Accessories,Online,Not Returned,High,1111.9499999999998,VIP
790943,Backpack,39,2025-01-14 07:00,74.08,0.47,12.17,Accessories,In-store,Not Returned,Low,2889.12,VIP
609162,Desk Lamp,33,2025-01-14 18:00,39.37,0.1,19.98,Accessories,In-store,Not Returned,Low,1299.2099999999998,VIP
909842,USB Cable,28,2025-01-14 19:00,36.31,0.04,21.39,Accessories,Online,Not Returned,High,1016.68,VIP
415194,Wireless Mouse,14,2025-01-15 00:00,78.7,0.39,23.23,Accessories,In-store,Not Returned,Medium,1101.8,VIP
869066,Wall Clock,30,2025-01-15 14:00,93.51,0.15,12.16,Accessories,In-store,Not Returned,Medium,2805.3,VIP
991181,T-shirt,24,2025-01-16 06:00,46.02,0.09,12.8,Accessories,Online,Not Returned,Low,1104.48,VIP
972510,White Mug,41,2025-01-16 11:00,77.45,0.15,18.42,Accessories,In-store,Not Returned,High,3175.4500000000003,VIP
624022,Blue Pen,39,2025-01-17 07:00,48.69,0.07,23.59,Accessories,In-store,Not Returned,High,1898.91,VIP
694163,Wall Clock,28,2025-01-17 13:00,41.86,0.34,22.25,Accessories,Online,Returned,Low,1172.08,VIP
465250,Blue Pen,39,2025-01-18 07:00,62.01,0.38,28.8,Accessories,Online,Not Returned,Low,2418.39,VIP
426187,White Mug,49,2025-01-18 10:00,33.6,0.3,29.7,Accessories,In-store,Not Returned,High,1646.4,VIP
825085,Notebook,42,2025-01-18 14:00,86.71,0.26,28.11,Accessories,In-store,Not Returned,Medium,3641.82,VIP
786861,Notebook,17,2025-01-18 19:00,76.97,0.3,11.38,Accessories,Online,Not Returned,Low,1308.49,VIP
690974,Backpack,40,2025-01-19 03:00,56.88,0.05,5.08,Accessories,Online,Not Returned,High,2275.2000000000003,VIP
813447,Notebook,30,2025-01-19 15:00,96.93,0.13,15.32,Accessories,Online,Not Returned,Low,2907.9,VIP
741487,USB Cable,17,2025-01-19 18:00,94.43,0.24,20.91,Accessories,In-store,Not Returned,Medium,1605.3100000000002,VIP
662227,Backpack,49,2025-01-20 03:00,90.06,0.24,23.18,Accessories,Online,Not Returned,Medium,4412.9400000000005,VIP
632586,Notebook,27,2025-01-20 05:00,46.25,0.38,20.24,Accessories,Online,Returned,Medium,1248.75,VIP
242900,White Mug,28,2025-01-20 23:00,63.37,0.35,25.09,Accessories,In-store,Not Returned,High,1774.36,VIP
144431,Backpack,17,2025-01-21 00:00,68.94,0.16,26.76,Accessories,Online,Not Returned,High,1171.98,VIP
617062,Wall Clock,48,2025-01-21 18:00,69.64,0.41,19.13,Accessories,Online,Not Returned,High,3342.7200000000003,VIP
649558,White Mug,49,2025-01-21 19:00,66.69,0.16,14.83,Accessories,Online,Not Returned,High,3267.81,VIP
337838,USB Cable,27,2025-01-21 22:00,46.31,0.17,21.67,Accessories,In-store,Not Returned,Medium,1250.37,VIP
344636,Blue Pen,24,2025-01-23 14:00,84.63,0.2,5.54,Accessories,In-store,Not Returned,Low,2031.12,VIP
679984,Notebook,31,2025-01-24 11:00,65.99,0.26,29.92,Accessories,Online,Not Returned,High,2045.69,VIP
371747,Wireless Mouse,47,2025-01-24 23:00,58.01,0.38,12.98,Accessories,Online,Not Returned,High,2726.47,VIP
104570,Blue Pen,33,2025-01-25 01:00,31.32,0.18,9.62,Accessories,Online,Not Returned,Medium,1033.56,VIP
989140,Wall Clock,39,2025-01-26 15:00,75.13,0.36,12.76,Accessories,In-store,Not Returned,Low,2930.07,VIP
338780,Headphones,43,2025-01-26 16:00,96.41,0.0,20.07,Accessories,Online,Not Returned,Low,4145.63,VIP
714874,T-shirt,23,2025-01-27 02:00,69.45,0.32,24.36,Accessories,Online,Returned,Medium,1597.35,VIP
135205,USB Cable,37,2025-01-27 08:00,33.87,0.05,27.04,Accessories,Online,Not Returned,High,1253.1899999999998,VIP
216042,Desk Lamp,42,2025-01-27 11:00,76.63,0.16,10.57,Accessories,Online,Not Returned,High,3218.46,VIP
560936,Desk Lamp,19,2025-01-28 20:00,96.2,0.25,13.2,Accessories,In-store,Not Returned,Low,1827.8,VIP
430099,Backpack,46,2025-01-29 09:00,29.69,0.04,22.81,Accessories,Online,Not Returned,Low,1365.74,VIP
923343,Backpack,46,2025-01-30 10:00,31.25,0.31,29.15,Accessories,Online,Not Returned,High,1437.5,VIP
987733,White Mug,31,2025-01-30 14:00,50.91,0.01,15.4,Accessories,In-store,Not Returned,Medium,1578.2099999999998,VIP
245459,Blue Pen,26,2025-01-30 18:00,55.3,0.09,29.89,Accessories,Online,Not Returned,Low,1437.8,VIP
562357,White Mug,24,2025-01-30 19:00,76.8,0.15,23.64,Accessories,In-store,Not Returned,Low,1843.2,VIP
665693,Office Chair,34,2025-01-30 22:00,41.27,0.31,12.09,Accessories,Online,Not Returned,High,1403.18,VIP
536610,Desk Lamp,30,2025-01-31 08:00,42.76,0.01,9.87,Accessories,In-store,Not Returned,Medium,1282.8,VIP
923124,Office Chair,31,2025-01-31 21:00,33.02,0.0,8.45,Accessories,In-store,Not Returned,Medium,1023.62,VIP
603954,White Mug,44,2025-02-02 07:00,55.51,0.23,27.66,Accessories,In-store,Not Returned,Medium,2442.44,VIP
998458,Backpack,17,2025-02-02 16:00,65.66,0.07,18.08,Accessories,In-store,Not Returned,Medium,1116.22,VIP
263230,Headphones,38,2025-02-02 22:00,36.86,0.08,11.28,Accessories,In-store,Not Returned,High,1400.68,VIP
867155,Backpack,42,2025-02-03 13:00,48.88,0.31,21.91,Accessories,Online,Not Returned,High,2052.96,VIP
191418,Notebook,27,2025-02-03 16:00,50.55,0.4,28.95,Accessories,Online,Not Returned,Low,1364.85,VIP
968029,T-shirt,41,2025-02-03 19:00,52.83,0.12,23.27,Accessories,In-store,Not Returned,Medium,2166.03,VIP
890842,Notebook,40,2025-02-03 21:00,71.47,0.17,27.75,Accessories,Online,Not Returned,Low,2858.8,VIP
170671,White Mug,37,2025-02-03 23:00,43.68,0.06,20.86,Accessories,In-store,Not Returned,High,1616.16,VIP
367784,Headphones,39,2025-02-04 22:00,90.04,0.25,23.77,Accessories,Online,Not Returned,Medium,3511.5600000000004,VIP
464432,Desk Lamp,25,2025-02-05 00:00,81.92,0.27,13.95,Accessories,In-store,Not Returned,High,2048.0,VIP
350951,Blue Pen,41,2025-02-05 04:00,38.75,0.48,19.18,Accessories,Online,Not Returned,High,1588.75,VIP
823935,T-shirt,31,2025-02-05 06:00,78.98,0.48,11.83,Accessories,In-store,Not Returned,Low,2448.38,VIP
811971,Blue Pen,42,2025-02-05 12:00,39.18,0.18,17.51,Accessories,Online,Not Returned,Medium,1645.56,VIP
294562,USB Cable,31,2025-02-06 10:00,36.96,0.14,17.92,Accessories,Online,Not Returned,Medium,1145.76,VIP
174045,Office Chair,43,2025-02-07 17:00,79.89,0.36,24.33,Accessories,In-store,Not Returned,High,3435.27,VIP
354819,Backpack,20,2025-02-07 21:00,97.07,0.3,21.5,Accessories,Online,Not Returned,Low,1941.4,VIP
206889,Office Chair,37,2025-02-07 23:00,55.44,0.32,12.74,Accessories,In-store,Returned,High,2051.28,VIP
743068,T-shirt,42,2025-02-08 10:00,43.9,0.45,25.77,Accessories,In-store,Not Returned,Low,1843.8,VIP
236845,USB Cable,21,2025-02-08 17:00,93.74,0.4,11.92,Accessories,In-store,Not Returned,Low,1968.54,VIP
988733,Notebook,33,2025-02-08 18:00,58.19,0.15,26.27,Accessories,Online,Not Returned,High,1920.27,VIP
123103,USB Cable,48,2025-02-10 13:00,57.6,0.01,18.65,Accessories,In-store,Not Returned,Low,2764.8,VIP
325465,White Mug,30,2025-02-10 16:00,49.31,0.48,25.46,Accessories,In-store,Not Returned,High,1479.3000000000002,VIP
391996,White Mug,38,2025-02-11 04:00,94.48,0.24,17.38,Accessories,Online,Not Returned,High,3590.24,VIP
367097,Desk Lamp,26,2025-02-11 05:00,54.18,0.31,27.9,Accessories,In-store,Not Returned,Low,1408.68,VIP
845178,Wireless Mouse,40,2025-02-11 06:00,35.64,0.38,13.05,Accessories,In-store,Not Returned,Low,1425.6,VIP
656059,Blue Pen,39,2025-02-11 10:00,79.16,0.11,16.76,Accessories,In-store,Not Returned,Low,3087.24,VIP
692412,Wall Clock,45,2025-02-11 16:00,84.9,0.25,21.68,Accessories,Online,Returned,Low,3820.500000000001,VIP
376839,Wireless Mouse,22,2025-02-11 22:00,63.83,0.15,20.3,Accessories,Online,Not Returned,High,1404.26,VIP
363547,Backpack,46,2025-02-12 00:00,67.96,0.45,6.87,Accessories,In-store,Not Returned,High,3126.16,VIP
897862,White Mug,27,2025-02-12 06:00,82.79,0.48,29.3,Accessories,Online,Not Returned,Medium,2235.3300000000004,VIP
553604,Notebook,43,2025-02-12 14:00,40.48,0.21,28.03,Accessories,In-store,Not Returned,Low,1740.64,VIP
422236,Notebook,31,2025-02-12 15:00,65.88,0.18,10.92,Accessories,Online,Not Returned,Medium,2042.28,VIP
433779,White Mug,44,2025-02-13 11:00,52.56,0.41,28.13,Accessories,In-store,Not Returned,Medium,2312.6400000000003,VIP
370246,White Mug,46,2025-02-13 21:00,68.92,0.38,15.96,Accessories,In-store,Not Returned,High,3170.32,VIP
407957,Desk Lamp,34,2025-02-14 13:00,86.56,0.15,15.15,Accessories,Online,Returned,Low,2943.04,VIP
400608,Backpack,36,2025-02-15 05:00,80.9,0.32,16.6,Accessories,In-store,Not Returned,High,2912.4,VIP
184360,Headphones,45,2025-02-15 11:00,28.62,0.42,6.26,Accessories,In-store,Not Returned,High,1287.9,VIP
491914,Wireless Mouse,47,2025-02-15 14:00,48.2,0.14,8.15,Accessories,In-store,Not Returned,High,2265.4,VIP
717297,Office Chair,30,2025-02-16 20:00,50.14,0.17,23.25,Accessories,In-store,Not Returned,Low,1504.2,VIP
103796,T-shirt,31,2025-02-17 23:00,48.95,0.42,24.52,Accessories,Online,Not Returned,Medium,1517.45,VIP
311920,Blue Pen,48,2025-02-18 03:00,60.35,0.26,20.87,Accessories,Online,Returned,Low,2896.8,VIP
507644,Notebook,21,2025-02-19 02:00,80.16,0.46,10.35,Accessories,Online,Not Returned,Low,1683.36,VIP
935468,White Mug,45,2025-02-19 06:00,88.28,0.36,21.08,Accessories,Online,Not Returned,Medium,3972.6,VIP
651928,Office Chair,44,2025-02-19 15:00,62.05,0.13,15.4,Accessories,Online,Not Returned,Low,2730.2,VIP
524306,USB Cable,47,2025-02-20 07:00,77.73,0.48,10.94,Accessories,In-store,Not Returned,Low,3653.31,VIP
678171,Wall Clock,44,2025-02-21 14:00,94.77,0.2,17.45,Accessories,Online,Not Returned,High,4169.88,VIP
232208,T-shirt,30,2025-02-23 20:00,69.29,0.04,29.28,Accessories,In-store,Not Returned,Medium,2078.7000000000003,VIP
371382,USB Cable,36,2025-02-24 12:00,43.93,0.18,19.46,Accessories,Online,Not Returned,Medium,1581.48,VIP
838034,Desk Lamp,29,2025-02-25 12:00,74.23,0.07,17.27,Accessories,In-store,Not Returned,High,2152.67,VIP
287231,White Mug,17,2025-02-26 02:00,69.6,0.0,16.73,Accessories,In-store,Not Returned,High,1183.1999999999998,VIP
206331,USB Cable,38,2025-02-26 09:00,47.23,0.26,6.52,Accessories,In-store,Not Returned,Low,1794.7399999999998,VIP
976836,T-shirt,37,2025-02-27 00:00,51.48,0.29,9.27,Accessories,In-store,Not Returned,High,1904.76,VIP
431988,Wireless Mouse,33,2025-02-27 05:00,91.53,0.47,28.31,Accessories,In-store,Not Returned,Medium,3020.49,VIP
897101,USB Cable,16,2025-02-27 15:00,69.1,0.22,21.45,Accessories,In-store,Not Returned,High,1105.6,VIP
502507,Office Chair,27,2025-02-28 05:00,92.99,0.14,10.14,Accessories,In-store,Not Returned,Low,2510.73,VIP
629064,Backpack,32,2025-03-01 01:00,87.1,0.43,27.26,Accessories,Online,Not Returned,Low,2787.2,VIP
823344,USB Cable,23,2025-03-02 08:00,49.78,0.03,6.38,Accessories,Online,Not Returned,Medium,1144.94,VIP
729211,Headphones,32,2025-03-02 13:00,55.23,0.08,26.59,Accessories,Online,Not Returned,Low,1767.36,VIP
106798,Office Chair,41,2025-03-02 14:00,81.04,0.21,19.18,Accessories,Online,Not Returned,Low,3322.6400000000003,VIP
641516,Office Chair,41,2025-03-02 15:00,65.49,0.26,27.8,Accessories,In-store,Not Returned,Low,2685.09,VIP
642710,Headphones,29,2025-03-04 11:00,66.83,0.06,5.68,Accessories,In-store,Returned,Low,1938.07,VIP
368614,Wireless Mouse,33,2025-03-04 14:00,98.14,0.23,18.6,Accessories,Online,Not Returned,High,3238.62,VIP
357261,T-shirt,20,2025-03-04 20:00,55.32,0.39,19.37,Accessories,Online,Not Returned,Medium,1106.4,VIP
831742,T-shirt,13,2025-03-06 13:00,79.82,0.36,17.38,Accessories,Online,Not Returned,Medium,1037.66,VIP
540474,Office Chair,21,2025-03-06 14:00,57.91,0.28,28.11,Accessories,Online,Not Returned,Low,1216.11,VIP
473965,Wireless Mouse,41,2025-03-06 15:00,28.36,0.17,14.82,Accessories,Online,Not Returned,High,1162.76,VIP
259098,Notebook,-21,2025-03-06 17:00,-77.97,1.3225387253791436,,Accessories,In-store,Not Returned,Low,1637.37,VIP
624331,White Mug,31,2025-03-07 12:00,92.9,0.08,22.52,Accessories,In-store,Returned,Low,2879.9,VIP
913302,Backpack,33,2025-03-08 01:00,46.56,0.38,13.89,Accessories,In-store,Not Returned,Low,1536.48,VIP
273888,Wall Clock,32,2025-03-08 20:00,38.88,0.27,19.17,Accessories,Online,Not Returned,High,1244.16,VIP
510412,White Mug,42,2025-03-09 01:00,61.12,0.27,17.86,Accessories,Online,Not Returned,Low,2567.04,VIP
104999,Blue Pen,29,2025-03-09 02:00,80.13,0.31,10.03,Accessories,In-store,Not Returned,Low,2323.77,VIP
955336,Notebook,20,2025-03-09 16:00,57.53,0.09,13.79,Accessories,In-store,Not Returned,High,1150.6,VIP
802490,Desk Lamp,-36,2025-03-10 00:00,-98.04,1.3721476994233597,,Accessories,Online,Not Returned,Medium,3529.44,VIP
485672,Wireless Mouse,20,2025-03-10 05:00,85.85,0.1,19.61,Accessories,Online,Not Returned,High,1717.0,VIP
127492,Headphones,21,2025-03-10 20:00,59.99,0.45,15.77,Accessories,Online,Not Returned,Medium,1259.79,VIP
515235,Desk Lamp,19,2025-03-10 23:00,54.38,0.35,5.7,Accessories,In-store,Not Returned,Medium,1033.22,VIP
209273,T-shirt,17,2025-03-11 15:00,90.3,0.4,7.57,Accessories,In-store,Returned,High,1535.1,VIP
809490,USB Cable,36,2025-03-12 17:00,47.35,0.41,11.5,Accessories,In-store,Returned,Low,1704.6,VIP
298157,Notebook,49,2025-03-13 01:00,74.22,0.25,26.09,Accessories,Online,Not Returned,Low,3636.78,VIP
118695,Blue Pen,30,2025-03-13 21:00,54.08,0.1,18.78,Accessories,In-store,Not Returned,High,1622.4,VIP
399240,Wireless Mouse,41,2025-03-14 00:00,99.58,0.49,10.67,Accessories,In-store,Not Returned,Medium,4082.78,VIP
188744,T-shirt,43,2025-03-14 07:00,93.99,0.22,11.68,Accessories,In-store,Not Returned,Low,4041.57,VIP
104430,Wall Clock,33,2025-03-14 10:00,79.44,0.3,10.13,Accessories,In-store,Not Returned,Low,2621.52,VIP
178661,Notebook,36,2025-03-15 10:00,55.76,0.3,24.27,Accessories,In-store,Not Returned,High,2007.36,VIP
250274,White Mug,33,2025-03-15 12:00,85.76,0.21,28.23,Accessories,Online,Not Returned,Medium,2830.0800000000004,VIP
610829,Wireless Mouse,41,2025-03-15 13:00,42.53,0.21,8.85,Accessories,Online,Not Returned,Medium,1743.73,VIP
170081,USB Cable,46,2025-03-16 08:00,78.93,0.09,6.78,Accessories,In-store,Not Returned,Low,3630.78,VIP
332172,Blue Pen,44,2025-03-17 06:00,28.42,0.03,16.24,Accessories,Online,Returned,Medium,1250.48,VIP
269042,Office Chair,21,2025-03-17 14:00,77.36,0.43,10.87,Accessories,Online,Not Returned,Medium,1624.56,VIP
227816,T-shirt,35,2025-03-17 17:00,87.94,0.42,7.87,Accessories,In-store,Returned,High,3077.9,VIP
834948,White Mug,38,2025-03-18 08:00,95.78,0.01,15.12,Accessories,Online,Not Returned,High,3639.64,VIP
128687,Notebook,34,2025-03-18 16:00,81.17,0.29,25.84,Accessories,Online,Not Returned,Low,2759.78,VIP
998927,Office Chair,39,2025-03-20 19:00,98.66,0.16,21.73,Accessories,Online,Returned,Medium,3847.74,VIP
622843,Office Chair,17,2025-03-20 23:00,84.64,0.31,14.09,Accessories,In-store,Not Returned,High,1438.88,VIP
796967,Notebook,47,2025-03-21 03:00,93.84,0.02,22.42,Accessories,In-store,Not Returned,Low,4410.4800000000005,VIP
318164,Notebook,37,2025-03-21 06:00,91.04,0.42,25.3,Accessories,In-store,Not Returned,Medium,3368.48,VIP
158323,USB Cable,15,2025-03-21 13:00,70.79,0.48,22.33,Accessories,Online,Not Returned,High,1061.85,VIP
494581,White Mug,46,2025-03-21 17:00,52.05,0.36,16.22,Accessories,Online,Not Returned,Low,2394.3,VIP
468657,Desk Lamp,41,2025-03-22 20:00,71.44,0.4,9.17,Accessories,In-store,Not Returned,High,2929.04,VIP
898104,Headphones,27,2025-03-22 21:00,98.05,0.08,29.9,Accessories,In-store,Not Returned,Low,2647.35,VIP
854542,T-shirt,16,2025-03-23 02:00,81.0,0.22,24.46,Accessories,Online,Not Returned,Medium,1296.0,VIP
682507,USB Cable,17,2025-03-23 06:00,92.3,0.26,11.73,Accessories,In-store,Not Returned,High,1569.1,VIP
357183,Wall Clock,22,2025-03-23 10:00,93.93,0.05,13.47,Accessories,Online,Not Returned,Medium,2066.46,VIP
403802,Desk Lamp,42,2025-03-24 04:00,39.96,0.48,12.27,Accessories,In-store,Not Returned,Low,1678.32,VIP
275907,Office Chair,49,2025-03-25 13:00,76.77,0.15,22.97,Accessories,Online,Not Returned,High,3761.73,VIP
546559,Office Chair,14,2025-03-25 18:00,94.26,0.04,14.19,Accessories,In-store,Not Returned,Medium,1319.64,VIP
907273,USB Cable,-43,2025-03-26 05:00,-72.82,0.12,,Accessories,In-store,Not Returned,Medium,3131.26,VIP
489952,Office Chair,17,2025-03-26 13:00,88.24,0.24,9.13,Accessories,In-store,Not Returned,Medium,1500.08,VIP
107317,Office Chair,37,2025-03-27 10:00,74.02,0.36,18.17,Accessories,Online,Not Returned,Low,2738.74,VIP
325019,T-shirt,44,2025-03-28 13:00,72.18,0.31,11.81,Accessories,In-store,Not Returned,Low,3175.92,VIP
966174,T-shirt,45,2025-03-28 14:00,82.09,0.33,15.39,Accessories,In-store,Not Returned,Low,3694.05,VIP
232040,Blue Pen,49,2025-03-29 12:00,78.06,0.44,26.42,Accessories,Online,Not Returned,High,3824.94,VIP
420668,T-shirt,43,2025-03-29 14:00,34.56,0.28,20.66,Accessories,Online,Not Returned,High,1486.0800000000002,VIP
831967,T-shirt,-15,2025-03-30 02:00,-83.11,1.4146544950812925,,Accessories,Online,Not Returned,Low,1246.65,VIP
804029,USB Cable,18,2025-03-30 15:00,61.65,0.47,5.56,Accessories,Online,Not Returned,Low,1109.7,VIP
869260,Desk Lamp,27,2025-03-31 08:00,60.07,0.1,19.7,Accessories,In-store,Not Returned,Medium,1621.89,VIP
838637,Office Chair,43,2025-03-31 19:00,82.45,0.44,13.58,Accessories,Online,Not Returned,High,3545.35,VIP
159843,Desk Lamp,18,2025-04-01 05:00,76.27,0.36,19.82,Accessories,In-store,Not Returned,High,1372.86,VIP
309290,Wireless Mouse,37,2025-04-01 19:00,64.64,0.17,15.79,Accessories,Online,Not Returned,Medium,2391.68,VIP
716498,USB Cable,17,2025-04-02 05:00,95.86,0.01,5.94,Accessories,In-store,Not Returned,Low,1629.62,VIP
148308,Office Chair,44,2025-04-02 16:00,65.69,0.28,29.12,Accessories,Online,Not Returned,High,2890.36,VIP
196428,Notebook,39,2025-04-02 18:00,46.41,0.13,18.15,Accessories,Online,Not Returned,Medium,1809.99,VIP
554338,Wall Clock,17,2025-04-02 20:00,69.83,0.28,22.55,Accessories,In-store,Not Returned,High,1187.11,VIP
770200,Wall Clock,49,2025-04-03 01:00,49.02,0.2,26.72,Accessories,In-store,Not Returned,High,2401.98,VIP
590553,Wireless Mouse,20,2025-04-04 04:00,54.72,0.25,5.91,Accessories,In-store,Not Returned,High,1094.4,VIP
298857,Wireless Mouse,22,2025-04-04 18:00,54.66,0.08,24.89,Accessories,Online,Not Returned,Low,1202.52,VIP
613307,T-shirt,38,2025-04-05 03:00,97.27,0.28,19.63,Accessories,In-store,Not Returned,High,3696.26,VIP
212745,Wireless Mouse,44,2025-04-05 07:00,49.29,0.49,11.75,Accessories,Online,Not Returned,Medium,2168.76,VIP
120674,Blue Pen,29,2025-04-05 10:00,52.02,0.17,26.8,Accessories,In-store,Not Returned,High,1508.5800000000002,VIP
416994,Wireless Mouse,18,2025-04-05 18:00,96.91,0.02,20.09,Accessories,Online,Not Returned,Low,1744.38,VIP
435845,Backpack,32,2025-04-06 08:00,93.28,0.34,17.6,Accessories,In-store,Not Returned,High,2984.96,VIP
818759,Backpack,32,2025-04-06 20:00,56.8,0.42,26.69,Accessories,In-store,Not Returned,Medium,1817.6,VIP
699934,Blue Pen,40,2025-04-07 02:00,85.73,0.05,8.75,Accessories,Online,Not Returned,Medium,3429.2000000000003,VIP
330716,Blue Pen,25,2025-04-07 05:00,66.9,0.1,9.14,Accessories,Online,Not Returned,High,1672.5000000000002,VIP
612543,Office Chair,14,2025-04-07 06:00,73.35,0.25,23.65,Accessories,Online,Not Returned,High,1026.9,VIP
339854,USB Cable,22,2025-04-07 13:00,75.58,0.02,8.97,Accessories,In-store,Not Returned,Medium,1662.76,VIP
718279,Desk Lamp,43,2025-04-07 20:00,57.56,0.42,25.88,Accessories,In-store,Not Returned,Low,2475.08,VIP
467181,USB Cable,21,2025-04-07 23:00,72.4,0.33,25.64,Accessories,In-store,Not Returned,Low,1520.4,VIP
990194,Office Chair,46,2025-04-08 05:00,82.64,0.38,15.79,Accessories,Online,Not Returned,High,3801.44,VIP
683172,White Mug,29,2025-04-08 08:00,71.57,0.4,10.85,Accessories,In-store,Not Returned,High,2075.53,VIP
537348,T-shirt,41,2025-04-08 19:00,57.34,0.24,18.1,Accessories,In-store,Not Returned,High,2350.94,VIP
506888,Office Chair,41,2025-04-08 20:00,43.34,0.04,7.19,Accessories,In-store,Not Returned,Low,1776.94,VIP
928816,T-shirt,17,2025-04-09 06:00,70.47,0.15,11.23,Accessories,In-store,Not Returned,Medium,1197.99,VIP
678776,Desk Lamp,45,2025-04-09 07:00,65.49,0.04,28.91,Accessories,In-store,Not Returned,Low,2947.05,VIP
544182,Desk Lamp,47,2025-04-10 05:00,47.43,0.01,6.24,Accessories,In-store,Returned,Low,2229.21,VIP
234979,Desk Lamp,38,2025-04-10 06:00,96.01,0.21,23.75,Accessories,Online,Not Returned,Medium,3648.38,VIP
931098,T-shirt,22,2025-04-10 12:00,86.55,0.33,27.01,Accessories,In-store,Not Returned,Low,1904.1,VIP
768838,Blue Pen,28,2025-04-10 13:00,64.53,0.29,15.46,Accessories,In-store,Not Returned,Low,1806.84,VIP
606343,Wall Clock,17,2025-04-10 17:00,87.77,0.38,20.03,Accessories,Online,Not Returned,High,1492.09,VIP
108273,USB Cable,21,2025-04-10 21:00,86.08,0.49,7.91,Accessories,Online,Not Returned,Medium,1807.68,VIP
935677,White Mug,43,2025-04-10 22:00,35.56,0.17,10.11,Accessories,Online,Not Returned,Medium,1529.0800000000002,VIP
976538,Backpack,20,2025-04-10 23:00,86.31,0.29,21.12,Accessories,Online,Not Returned,Medium,1726.2,VIP
388574,Backpack,21,2025-04-11 04:00,50.62,0.27,21.63,Accessories,Online,Not Returned,Medium,1063.02,VIP
682721,Blue Pen,32,2025-04-11 06:00,84.8,0.48,8.37,Accessories,Online,Returned,High,2713.6,VIP
807984,Notebook,33,2025-04-11 09:00,60.64,0.19,25.74,Accessories,In-store,Not Returned,Medium,2001.12,VIP
738192,USB Cable,25,2025-04-12 07:00,94.69,0.25,11.1,Accessories,Online,Not Returned,High,2367.25,VIP
478052,Wireless Mouse,43,2025-04-13 01:00,52.14,0.39,20.58,Accessories,Online,Not Returned,Low,2242.02,VIP
962394,Desk Lamp,34,2025-04-13 13:00,49.06,0.01,20.32,Accessories,Online,Not Returned,Medium,1668.04,VIP
834818,Headphones,33,2025-04-13 14:00,36.98,0.12,15.17,Accessories,Online,Not Returned,High,1220.34,VIP
289684,Headphones,-38,2025-04-13 16:00,-90.73,0.25,,Accessories,Online,Not Returned,Medium,3447.74,VIP
153269,Notebook,27,2025-04-13 20:00,70.71,0.01,8.48,Accessories,In-store,Not Returned,High,1909.17,VIP
814819,Notebook,20,2025-04-13 21:00,98.75,0.01,22.6,Accessories,Online,Returned,Medium,1975.0,VIP
940408,Wireless Mouse,36,2025-04-14 03:00,35.3,0.37,8.1,Accessories,In-store,Not Returned,Low,1270.8,VIP
735091,Desk Lamp,33,2025-04-14 08:00,93.14,0.03,7.55,Accessories,In-store,Not Returned,Medium,3073.62,VIP
785018,Wireless Mouse,40,2025-04-14 11:00,63.3,0.25,23.92,Accessories,In-store,Returned,High,2532.0,VIP
698193,Notebook,16,2025-04-14 12:00,72.92,0.08,14.3,Accessories,In-store,Not Returned,Medium,1166.72,VIP
221118,Headphones,11,2025-04-14 18:00,97.06,0.34,14.91,Accessories,In-store,Not Returned,Medium,1067.66,VIP
538264,USB Cable,31,2025-04-14 20:00,38.12,0.06,11.14,Accessories,Online,Not Returned,Medium,1181.72,VIP
230218,Desk Lamp,31,2025-04-14 21:00,92.57,0.5,11.2,Accessories,Online,Not Returned,High,2869.67,VIP
577293,T-shirt,26,2025-04-15 04:00,89.97,0.28,7.4,Accessories,Online,Not Returned,Medium,2339.22,VIP
434803,Blue Pen,32,2025-04-15 07:00,85.82,0.25,21.39,Accessories,In-store,Returned,High,2746.24,VIP
281652,Backpack,27,2025-04-16 12:00,77.74,0.31,19.97,Accessories,Online,Not Returned,High,2098.98,VIP
674382,Wireless Mouse,40,2025-04-18 08:00,91.95,0.42,23.21,Accessories,In-store,Not Returned,High,3678.0,VIP
488343,USB Cable,30,2025-04-18 11:00,41.05,0.25,18.82,Accessories,In-store,Not Returned,Medium,1231.5,VIP
518100,Notebook,42,2025-04-19 13:00,49.16,0.46,10.56,Accessories,Online,Not Returned,High,2064.72,VIP
700983,Wireless Mouse,43,2025-04-20 03:00,98.73,0.07,11.84,Accessories,Online,Not Returned,Low,4245.39,VIP
111624,Headphones,47,2025-04-22 03:00,88.0,0.29,24.34,Accessories,Online,Not Returned,High,4136.0,VIP
370239,Office Chair,28,2025-04-22 12:00,47.23,0.19,15.32,Accessories,In-store,Not Returned,High,1322.4399999999998,VIP
506385,Wireless Mouse,24,2025-04-22 18:00,80.05,0.25,10.95,Accessories,Online,Not Returned,Low,1921.2,VIP
541410,Notebook,19,2025-04-23 03:00,54.05,0.07,28.9,Accessories,In-store,Not Returned,Medium,1026.95,VIP
111690,T-shirt,31,2025-04-24 02:00,89.49,0.47,23.49,Accessories,In-store,Not Returned,Medium,2774.19,VIP
433151,Blue Pen,-38,2025-04-24 17:00,-90.92,0.05,,Accessories,Online,Not Returned,Low,3454.96,VIP
484112,T-shirt,48,2025-04-24 22:00,58.65,0.19,21.74,Accessories,In-store,Not Returned,High,2815.2,VIP
599966,Wireless Mouse,48,2025-04-25 07:00,46.32,0.45,7.02,Accessories,In-store,Not Returned,Medium,2223.36,VIP
553245,Wireless Mouse,36,2025-04-27 00:00,41.98,0.09,20.04,Accessories,In-store,Returned,Low,1511.28,VIP
102469,T-shirt,33,2025-04-27 01:00,73.06,0.47,22.09,Accessories,In-store,Not Returned,High,2410.98,VIP
672842,Notebook,37,2025-04-27 03:00,94.05,0.4,5.33,Accessories,In-store,Not Returned,Medium,3479.85,VIP
303080,USB Cable,47,2025-04-27 16:00,84.14,0.23,9.45,Accessories,In-store,Not Returned,Medium,3954.58,VIP
127634,Blue Pen,39,2025-04-28 09:00,82.13,0.0,24.99,Accessories,In-store,Not Returned,Medium,3203.07,VIP
750774,Wireless Mouse,43,2025-04-28 18:00,44.05,0.13,16.83,Accessories,Online,Not Returned,Medium,1894.15,VIP
580581,T-shirt,39,2025-05-01 18:00,89.98,0.5,22.66,Accessories,In-store,Not Returned,High,3509.2200000000003,VIP
200637,Backpack,22,2025-05-01 19:00,61.26,0.18,19.98,Accessories,Online,Returned,Low,1347.72,VIP
562294,Wireless Mouse,33,2025-05-02 03:00,54.48,0.04,6.87,Accessories,Online,Not Returned,Medium,1797.84,VIP
963058,USB Cable,40,2025-05-02 11:00,50.2,0.46,22.77,Accessories,Online,Not Returned,Medium,2008.0,VIP
899308,Wireless Mouse,39,2025-05-02 16:00,55.81,0.4,9.77,Accessories,Online,Not Returned,Low,2176.59,VIP
962416,Desk Lamp,31,2025-05-03 11:00,44.7,0.05,11.9,Accessories,In-store,Not Returned,High,1385.7,VIP
353470,White Mug,43,2025-05-04 03:00,67.49,0.34,7.19,Accessories,Online,Not Returned,Low,2902.07,VIP
178812,T-shirt,48,2025-05-04 07:00,59.65,0.08,25.09,Accessories,In-store,Not Returned,Low,2863.2,VIP
978050,Blue Pen,34,2025-05-04 13:00,84.1,0.0,9.77,Accessories,In-store,Not Returned,Medium,2859.4,VIP
261432,Office Chair,40,2025-05-05 03:00,78.36,0.22,10.6,Accessories,Online,Not Returned,Medium,3134.4,VIP
780345,T-shirt,12,2025-05-06 09:00,90.39,0.39,6.91,Accessories,Online,Not Returned,Low,1084.68,VIP
973486,Wall Clock,41,2025-05-06 12:00,66.08,0.41,25.78,Accessories,Online,Not Returned,High,2709.28,VIP
755501,Notebook,35,2025-05-07 09:00,66.57,0.44,9.85,Accessories,Online,Not Returned,High,2329.95,VIP
968618,Office Chair,49,2025-05-07 10:00,84.68,0.35,7.79,Accessories,Online,Not Returned,Low,4149.320000000001,VIP
122365,Headphones,18,2025-05-07 22:00,63.88,0.14,12.87,Accessories,In-store,Not Returned,Medium,1149.84,VIP
217037,T-shirt,26,2025-05-08 00:00,87.4,0.39,21.07,Accessories,Online,Not Returned,Medium,2272.4,VIP
912901,Wireless Mouse,35,2025-05-08 01:00,61.86,0.08,21.75,Accessories,In-store,Not Returned,Medium,2165.1,VIP
965747,Notebook,47,2025-05-08 15:00,65.2,0.27,26.71,Accessories,In-store,Not Returned,High,3064.4,VIP
636452,Blue Pen,20,2025-05-08 17:00,66.69,0.4,12.09,Accessories,Online,Returned,Medium,1333.8,VIP
541445,USB Cable,32,2025-05-09 20:00,65.81,0.23,6.25,Accessories,In-store,Not Returned,High,2105.92,VIP
608257,USB Cable,41,2025-05-10 02:00,25.54,0.08,29.0,Accessories,Online,Returned,Low,1047.14,VIP
262182,Wall Clock,37,2025-05-11 10:00,63.17,0.46,21.67,Accessories,Online,Not Returned,Low,2337.29,VIP
148577,Backpack,19,2025-05-12 12:00,64.35,0.15,17.98,Accessories,Online,Not Returned,High,1222.65,VIP
931893,Notebook,37,2025-05-13 09:00,68.27,0.39,16.1,Accessories,Online,Not Returned,Low,2525.99,VIP
727668,Wireless Mouse,37,2025-05-15 00:00,47.57,0.2,19.35,Accessories,Online,Not Returned,Low,1760.09,VIP
125692,Desk Lamp,18,2025-05-15 10:00,74.88,0.25,21.6,Accessories,In-store,Not Returned,High,1347.84,VIP
438860,Office Chair,41,2025-05-15 17:00,96.91,0.18,29.93,Accessories,Online,Not Returned,Low,3973.31,VIP
851639,Wall Clock,24,2025-05-16 10:00,76.63,0.04,13.46,Accessories,Online,Not Returned,Medium,1839.12,VIP
615951,Wall Clock,-30,2025-05-16 12:00,-71.87,0.42,,Accessories,Online,Not Returned,Low,2156.1000000000004,VIP
687999,Backpack,30,2025-05-16 19:00,72.56,0.2,25.07,Accessories,Online,Not Returned,Medium,2176.8,VIP
110031,T-shirt,48,2025-05-17 19:00,28.31,0.38,25.57,Accessories,In-store,Not Returned,Medium,1358.88,VIP
162745,White Mug,36,2025-05-17 20:00,74.15,0.08,29.21,Accessories,Online,Not Returned,High,2669.4,VIP
698730,Office Chair,35,2025-05-18 03:00,46.33,0.14,23.3,Accessories,In-store,Not Returned,High,1621.55,VIP
309689,Blue Pen,41,2025-05-19 01:00,67.14,0.05,12.0,Accessories,In-store,Not Returned,High,2752.74,VIP
575464,White Mug,33,2025-05-19 20:00,73.62,0.14,6.38,Accessories,In-store,Not Returned,Medium,2429.46,VIP
295283,Backpack,41,2025-05-20 07:00,80.23,0.32,20.42,Accessories,Online,Not Returned,Low,3289.4300000000003,VIP
698510,Desk Lamp,36,2025-05-20 12:00,83.66,0.22,9.49,Accessories,Online,Not Returned,Medium,3011.76,VIP
888848,Office Chair,26,2025-05-20 14:00,41.52,0.34,15.23,Accessories,Online,Not Returned,Low,1079.52,VIP
453409,Wall Clock,-16,2025-05-20 15:00,-95.77,1.942308866655312,,Accessories,Online,Not Returned,Medium,1532.32,VIP
885290,White Mug,13,2025-05-20 18:00,99.08,0.07,28.17,Accessories,Online,Not Returned,Medium,1288.04,VIP
731256,Blue Pen,23,2025-05-21 00:00,62.86,0.37,21.72,Accessories,In-store,Not Returned,Medium,1445.78,VIP
454404,Desk Lamp,41,2025-05-21 11:00,27.4,0.23,13.71,Accessories,In-store,Not Returned,High,1123.4,VIP
797972,Office Chair,41,2025-05-22 04:00,70.13,0.1,8.35,Accessories,Online,Not Returned,High,2875.33,VIP
319979,T-shirt,26,2025-05-22 13:00,91.61,0.15,23.38,Accessories,In-store,Returned,Low,2381.86,VIP
661837,Notebook,39,2025-05-22 14:00,68.99,0.06,20.49,Accessories,In-store,Not Returned,Low,2690.61,VIP
738447,Desk Lamp,31,2025-05-22 22:00,36.68,0.05,21.61,Accessories,Online,Not Returned,High,1137.08,VIP
546582,T-shirt,41,2025-05-23 02:00,94.54,0.48,5.34,Accessories,Online,Returned,Medium,3876.14,VIP
800708,Blue Pen,39,2025-05-23 09:00,38.67,0.22,25.87,Accessories,In-store,Not Returned,Low,1508.13,VIP
395151,Blue Pen,29,2025-05-23 23:00,69.28,0.4,22.65,Accessories,Online,Not Returned,Medium,2009.12,VIP
382676,Desk Lamp,22,2025-05-24 10:00,96.46,0.24,15.26,Accessories,Online,Not Returned,Medium,2122.12,VIP
959022,Wireless Mouse,20,2025-05-25 02:00,93.96,0.29,25.34,Accessories,In-store,Returned,High,1879.2,VIP
738714,Blue Pen,39,2025-05-25 09:00,74.73,0.44,17.82,Accessories,In-store,Not Returned,Low,2914.4700000000003,VIP
490261,Headphones,23,2025-05-25 14:00,46.76,0.17,14.33,Accessories,Online,Not Returned,Low,1075.48,VIP
761874,Desk Lamp,37,2025-05-26 04:00,82.29,0.16,14.12,Accessories,In-store,Not Returned,Low,3044.73,VIP
934501,Desk Lamp,22,2025-05-26 09:00,64.79,0.18,19.04,Accessories,Online,Returned,High,1425.38,VIP
543709,Notebook,38,2025-05-26 14:00,96.8,0.17,5.98,Accessories,Online,Returned,Low,3678.4,VIP
657430,Blue Pen,21,2025-05-26 21:00,79.32,0.38,12.31,Accessories,In-store,Not Returned,Low,1665.7199999999998,VIP
916055,USB Cable,31,2025-05-27 11:00,94.13,0.47,9.37,Accessories,In-store,Not Returned,High,2918.03,VIP
395921,Headphones,17,2025-05-27 20:00,69.4,0.05,14.66,Accessories,Online,Not Returned,Low,1179.8000000000002,VIP
242267,Blue Pen,38,2025-05-29 14:00,83.44,0.04,16.79,Accessories,Online,Not Returned,High,3170.72,VIP
176202,Headphones,45,2025-05-29 21:00,62.46,0.05,13.93,Accessories,In-store,Not Returned,Low,2810.7,VIP
972347,Wireless Mouse,41,2025-05-29 22:00,60.99,0.31,14.2,Accessories,In-store,Not Returned,Medium,2500.59,VIP
655997,Desk Lamp,14,2025-05-29 23:00,72.72,0.49,21.55,Accessories,In-store,Not Returned,High,1018.08,VIP
475434,Desk Lamp,23,2025-05-30 06:00,76.03,0.21,8.33,Accessories,Online,Not Returned,Medium,1748.69,VIP
266942,T-shirt,16,2025-05-30 09:00,97.94,0.17,19.63,Accessories,In-store,Not Returned,Low,1567.04,VIP
654159,Wireless Mouse,45,2025-05-30 16:00,96.95,0.43,15.49,Accessories,Online,Not Returned,Medium,4362.75,VIP
412860,Backpack,38,2025-05-31 18:00,70.95,0.15,12.7,Accessories,In-store,Not Returned,Medium,2696.1,VIP
195363,Desk Lamp,18,2025-05-31 19:00,86.28,0.41,15.31,Accessories,Online,Not Returned,High,1553.04,VIP
264336,USB Cable,43,2025-05-31 22:00,80.73,0.31,25.05,Accessories,Online,Not Returned,High,3471.3900000000003,VIP
174215,T-shirt,19,2025-06-02 07:00,61.96,0.09,27.25,Accessories,Online,Returned,Medium,1177.24,VIP
843851,T-shirt,45,2025-06-03 03:00,37.92,0.02,5.75,Accessories,In-store,Not Returned,High,1706.4,VIP
738021,USB Cable,41,2025-06-03 20:00,43.49,0.01,19.0,Accessories,In-store,Not Returned,Medium,1783.09,VIP
225272,Desk Lamp,45,2025-06-04 08:00,70.28,0.19,9.23,Accessories,In-store,Not Returned,Low,3162.6,VIP
483352,White Mug,36,2025-06-04 10:00,54.09,0.31,11.1,Accessories,In-store,Not Returned,High,1947.24,VIP
583843,Wireless Mouse,-27,2025-06-04 19:00,-42.9,0.27,,Accessories,Online,Not Returned,High,1158.3,VIP
924481,Notebook,32,2025-06-04 22:00,51.47,0.2,23.77,Accessories,In-store,Returned,High,1647.04,VIP
166045,White Mug,22,2025-06-05 11:00,71.57,0.14,15.05,Accessories,Online,Not Returned,Medium,1574.54,VIP
726463,Office Chair,13,2025-06-05 19:00,83.71,0.23,10.98,Accessories,Online,Not Returned,Low,1088.23,VIP
295297,Backpack,31,2025-06-05 23:00,43.71,0.06,11.48,Accessories,In-store,Not Returned,Low,1355.01,VIP
991900,USB Cable,48,2025-06-06 01:00,34.61,0.1,20.38,Accessories,Online,Not Returned,High,1661.28,VIP
857389,Office Chair,26,2025-06-07 07:00,45.42,0.12,20.0,Accessories,Online,Not Returned,Medium,1180.92,VIP
288513,Backpack,32,2025-06-07 10:00,90.42,0.12,27.1,Accessories,In-store,Not Returned,Low,2893.44,VIP
179132,Wall Clock,47,2025-06-07 14:00,26.36,0.36,15.67,Accessories,In-store,Not Returned,Medium,1238.92,VIP
514018,Notebook,25,2025-06-07 18:00,87.87,0.46,13.05,Accessories,Online,Returned,High,2196.75,VIP
164761,USB Cable,37,2025-06-07 20:00,85.08,0.29,26.67,Accessories,Online,Returned,Low,3147.96,VIP
107692,Desk Lamp,27,2025-06-08 06:00,72.37,0.39,26.88,Accessories,In-store,Not Returned,Low,1953.99,VIP
609270,Desk Lamp,40,2025-06-09 07:00,91.32,0.15,23.58,Accessories,Online,Returned,Low,3652.8,VIP
502472,Notebook,24,2025-06-09 11:00,56.38,0.12,10.12,Accessories,In-store,Returned,Medium,1353.12,VIP
749622,T-shirt,24,2025-06-09 13:00,66.69,0.14,17.23,Accessories,In-store,Not Returned,Low,1600.56,VIP
503997,Office Chair,19,2025-06-09 17:00,98.02,0.02,13.18,Accessories,Online,Not Returned,High,1862.38,VIP
308563,Notebook,38,2025-06-10 01:00,60.14,0.49,7.62,Accessories,In-store,Not Returned,Medium,2285.32,VIP
326125,Blue Pen,36,2025-06-10 10:00,58.29,0.45,22.82,Accessories,Online,Returned,Low,2098.44,VIP
664222,Wireless Mouse,33,2025-06-11 02:00,55.47,0.3,25.01,Accessories,Online,Not Returned,Low,1830.51,VIP
428017,Wall Clock,31,2025-06-11 04:00,96.8,0.09,24.4,Accessories,Online,Not Returned,High,3000.8,VIP
559246,Office Chair,37,2025-06-11 08:00,63.76,0.49,6.13,Accessories,In-store,Not Returned,Low,2359.12,VIP
235714,Blue Pen,18,2025-06-11 09:00,97.1,0.09,19.54,Accessories,Online,Not Returned,Low,1747.8,VIP
470147,Office Chair,34,2025-06-11 18:00,61.94,0.13,6.6,Accessories,Online,Not Returned,Low,2105.96,VIP
359965,USB Cable,29,2025-06-12 00:00,51.85,0.24,10.78,Accessories,In-store,Not Returned,Medium,1503.65,VIP
737340,Backpack,44,2025-06-12 07:00,58.89,0.4,23.32,Accessories,Online,Not Returned,Low,2591.16,VIP
284391,Wireless Mouse,37,2025-06-12 08:00,81.98,0.27,11.54,Accessories,In-store,Not Returned,Low,3033.26,VIP
496548,White Mug,11,2025-06-12 14:00,98.38,0.42,12.75,Accessories,Online,Not Returned,High,1082.1799999999998,VIP
195264,Blue Pen,27,2025-06-13 02:00,47.48,0.5,21.53,Accessories,Online,Not Returned,Medium,1281.9599999999998,VIP
664116,Backpack,23,2025-06-13 05:00,43.76,0.13,27.56,Accessories,Online,Not Returned,Medium,1006.48,VIP
294278,T-shirt,25,2025-06-13 08:00,65.51,0.32,27.88,Accessories,In-store,Not Returned,High,1637.7500000000002,VIP
575399,Office Chair,46,2025-06-13 10:00,21.85,0.05,13.04,Accessories,Online,Returned,Low,1005.1,VIP
758610,USB Cable,28,2025-06-14 06:00,50.58,0.38,12.17,Accessories,In-store,Not Returned,High,1416.24,VIP
298866,White Mug,37,2025-06-14 09:00,65.81,0.26,20.24,Accessories,In-store,Not Returned,Low,2434.9700000000003,VIP
338478,T-shirt,27,2025-06-14 10:00,66.31,0.33,21.13,Accessories,Online,Not Returned,Low,1790.37,VIP
971790,Notebook,31,2025-06-14 12:00,72.12,0.3,11.21,Accessories,Online,Not Returned,High,2235.7200000000003,VIP
901354,Wireless Mouse,31,2025-06-15 06:00,36.22,0.4,28.65,Accessories,Online,Returned,Low,1122.82,VIP
687327,Blue Pen,39,2025-06-16 01:00,29.07,0.3,29.25,Accessories,Online,Not Returned,High,1133.73,VIP
456793,Notebook,47,2025-06-16 04:00,62.97,0.39,26.89,Accessories,In-store,Returned,Low,2959.59,VIP
297911,White Mug,39,2025-06-16 10:00,26.67,0.44,13.23,Accessories,Online,Not Returned,High,1040.13,VIP
969464,USB Cable,41,2025-06-16 12:00,97.4,0.07,25.33,Accessories,Online,Not Returned,Low,3993.4,VIP
429612,Blue Pen,18,2025-06-17 15:00,92.44,0.1,28.29,Accessories,Online,Not Returned,Medium,1663.92,VIP
563368,Desk Lamp,44,2025-06-18 00:00,47.44,0.38,5.74,Accessories,Online,Not Returned,Medium,2087.36,VIP
664980,White Mug,46,2025-06-18 12:00,77.79,0.23,10.04,Accessories,Online,Not Returned,Medium,3578.34,VIP
668407,Desk Lamp,35,2025-06-18 13:00,39.04,0.11,13.16,Accessories,In-store,Not Returned,Low,1366.4,VIP
888042,Wireless Mouse,49,2025-06-18 21:00,64.59,0.14,15.97,Accessories,Online,Not Returned,Medium,3164.9100000000003,VIP
510204,Office Chair,35,2025-06-18 23:00,57.71,0.18,23.51,Accessories,Online,Not Returned,High,2019.85,VIP
878015,White Mug,49,2025-06-19 01:00,37.56,0.39,26.91,Accessories,Online,Returned,Medium,1840.44,VIP
358453,Backpack,15,2025-06-19 22:00,73.45,0.45,6.45,Accessories,In-store,Not Returned,High,1101.75,VIP
115106,Notebook,38,2025-06-20 00:00,95.46,0.46,22.22,Accessories,Online,Not Returned,Low,3627.48,VIP
443627,Wall Clock,19,2025-06-20 11:00,73.49,0.4,23.62,Accessories,Online,Not Returned,Low,1396.31,VIP
766345,Blue Pen,25,2025-06-20 14:00,50.52,0.07,21.54,Accessories,In-store,Not Returned,Medium,1263.0,VIP
939111,Headphones,27,2025-06-21 17:00,94.22,0.05,14.23,Accessories,Online,Not Returned,Low,2543.94,VIP
344019,T-shirt,39,2025-06-22 04:00,86.28,0.01,8.09,Accessories,Online,Not Returned,High,3364.92,VIP
851495,Office Chair,32,2025-06-22 07:00,78.85,0.39,8.4,Accessories,Online,Not Returned,Medium,2523.2,VIP
867809,White Mug,28,2025-06-22 10:00,40.89,0.39,6.89,Accessories,In-store,Not Returned,Medium,1144.92,VIP
196100,Desk Lamp,28,2025-06-22 21:00,63.38,0.4,27.62,Accessories,In-store,Not Returned,Low,1774.64,VIP
481503,Headphones,44,2025-06-24 06:00,42.4,0.5,5.33,Accessories,Online,Not Returned,High,1865.6,VIP
398747,Wireless Mouse,47,2025-06-25 01:00,54.47,0.28,23.08,Accessories,In-store,Not Returned,Low,2560.09,VIP
112015,T-shirt,-36,2025-06-25 06:00,-95.84,0.23,,Accessories,Online,Not Returned,High,3450.24,VIP
231190,T-shirt,-43,2025-06-25 17:00,-80.61,1.9996051880123369,,Accessories,Online,Returned,Low,3466.23,VIP
314483,Wall Clock,31,2025-06-25 23:00,93.5,0.04,23.33,Accessories,In-store,Not Returned,High,2898.5,VIP
842538,Notebook,40,2025-06-26 06:00,71.23,0.26,16.25,Accessories,Online,Not Returned,High,2849.2000000000003,VIP
635346,Blue Pen,37,2025-06-27 11:00,99.03,0.38,6.68,Accessories,Online,Not Returned,High,3664.11,VIP
798734,Notebook,49,2025-06-27 20:00,45.09,0.26,28.19,Accessories,Online,Returned,Low,2209.4100000000003,VIP
553106,Desk Lamp,25,2025-06-28 07:00,61.21,0.33,5.63,Accessories,In-store,Not Returned,Medium,1530.25,VIP
704801,Backpack,23,2025-06-28 23:00,60.88,0.48,18.44,Accessories,Online,Not Returned,High,1400.24,VIP
763311,White Mug,43,2025-06-29 00:00,70.41,0.35,24.54,Accessories,Online,Not Returned,High,3027.63,VIP
321009,Notebook,46,2025-06-29 16:00,62.76,0.35,11.68,Accessories,In-store,Not Returned,Medium,2886.96,VIP
434376,Notebook,39,2025-06-30 02:00,35.92,0.48,16.28,Accessories,In-store,Not Returned,High,1400.88,VIP
193046,Wireless Mouse,39,2025-06-30 07:00,26.83,0.39,28.85,Accessories,Online,Not Returned,Low,1046.37,VIP
137649,Headphones,23,2025-06-30 17:00,45.02,0.07,21.32,Accessories,In-store,Not Returned,Low,1035.46,VIP
730931,T-shirt,47,2025-07-01 03:00,48.5,0.12,14.14,Accessories,Online,Not Returned,Medium,2279.5,VIP
835730,Blue Pen,-34,2025-07-01 11:00,-71.39,1.2851984825393226,,Accessories,In-store,Not Returned,Medium,2427.26,VIP
745687,Notebook,46,2025-07-01 18:00,82.21,0.07,5.25,Accessories,Online,Not Returned,Medium,3781.66,VIP
916679,USB Cable,34,2025-07-02 03:00,33.75,0.32,16.49,Accessories,Online,Not Returned,Low,1147.5,VIP
100443,Wall Clock,45,2025-07-02 04:00,51.82,0.38,20.71,Accessories,Online,Not Returned,High,2331.9,VIP
379453,Notebook,49,2025-07-02 09:00,28.74,0.46,17.81,Accessories,Online,Not Returned,Medium,1408.26,VIP
175494,Blue Pen,32,2025-07-03 03:00,34.28,0.02,9.68,Accessories,In-store,Not Returned,Medium,1096.96,VIP
413249,Desk Lamp,37,2025-07-03 05:00,66.55,0.17,23.19,Accessories,In-store,Not Returned,Low,2462.35,VIP
831759,Desk Lamp,40,2025-07-03 10:00,83.87,0.16,28.18,Accessories,Online,Not Returned,High,3354.8,VIP
181393,Blue Pen,41,2025-07-03 11:00,36.89,0.1,15.12,Accessories,Online,Not Returned,Low,1512.49,VIP
483852,Notebook,46,2025-07-04 06:00,57.65,0.17,16.31,Accessories,In-store,Not Returned,Low,2651.9,VIP
630841,Backpack,30,2025-07-04 15:00,69.6,0.12,8.54,Accessories,Online,Not Returned,High,2088.0,VIP
984342,Wall Clock,13,2025-07-04 22:00,83.08,0.49,26.87,Accessories,Online,Not Returned,Low,1080.04,VIP
311061,Wall Clock,19,2025-07-05 06:00,81.24,0.24,7.75,Accessories,Online,Not Returned,Low,1543.56,VIP
641231,Wireless Mouse,48,2025-07-05 10:00,93.84,0.0,28.34,Accessories,Online,Not Returned,Low,4504.32,VIP
945871,T-shirt,17,2025-07-05 19:00,92.04,0.11,23.87,Accessories,In-store,Not Returned,High,1564.68,VIP
974995,Wireless Mouse,26,2025-07-06 07:00,57.3,0.39,20.1,Accessories,Online,Not Returned,Low,1489.8,VIP
856755,Desk Lamp,37,2025-07-06 12:00,54.56,0.02,27.57,Accessories,In-store,Not Returned,High,2018.72,VIP
616391,Notebook,27,2025-07-06 19:00,59.07,0.48,17.82,Accessories,Online,Not Returned,Medium,1594.89,VIP
810026,Headphones,39,2025-07-07 22:00,71.62,0.38,13.24,Accessories,In-store,Not Returned,Low,2793.1800000000003,VIP
221875,Desk Lamp,46,2025-07-08 07:00,82.15,0.26,5.73,Accessories,In-store,Not Returned,High,3778.9,VIP
536894,Blue Pen,36,2025-07-08 20:00,90.4,0.33,12.72,Accessories,In-store,Not Returned,Medium,3254.4,VIP
966033,Notebook,26,2025-07-09 06:00,51.14,0.4,12.9,Accessories,Online,Not Returned,Low,1329.64,VIP
734001,White Mug,41,2025-07-09 11:00,95.06,0.35,17.88,Accessories,In-store,Not Returned,Low,3897.46,VIP
347321,USB Cable,29,2025-07-09 13:00,64.73,0.28,22.8,Accessories,In-store,Returned,High,1877.17,VIP
479443,Desk Lamp,38,2025-07-09 16:00,92.22,0.13,16.04,Accessories,In-store,Not Returned,Medium,3504.36,VIP
635058,Office Chair,30,2025-07-10 04:00,90.63,0.31,5.58,Accessories,In-store,Not Returned,Medium,2718.9,VIP
388771,Office Chair,27,2025-07-10 07:00,94.84,0.04,23.66,Accessories,In-store,Not Returned,High,2560.6800000000003,VIP
892578,Notebook,41,2025-07-10 08:00,84.27,0.47,22.32,Accessories,In-store,Not Returned,High,3455.07,VIP
158697,Blue Pen,-47,2025-07-11 04:00,-36.14,1.412758913547005,,Accessories,In-store,Not Returned,Medium,1698.58,VIP
150812,Backpack,27,2025-07-11 11:00,41.8,0.4,21.81,Accessories,In-store,Not Returned,Low,1128.6,VIP
412722,Desk Lamp,40,2025-07-12 02:00,65.01,0.42,8.44,Accessories,Online,Not Returned,Low,2600.4,VIP
390629,T-shirt,22,2025-07-12 08:00,54.98,0.12,19.32,Accessories,Online,Not Returned,Medium,1209.56,VIP
641755,T-shirt,40,2025-07-13 05:00,41.93,0.32,20.07,Accessories,Online,Not Returned,High,1677.2,VIP
482262,Wireless Mouse,41,2025-07-13 10:00,96.67,0.48,10.78,Accessories,In-store,Not Returned,Medium,3963.47,VIP
384024,Backpack,27,2025-07-13 14:00,88.36,0.06,6.48,Accessories,In-store,Not Returned,Medium,2385.72,VIP
388123,Backpack,25,2025-07-13 19:00,57.89,0.16,19.59,Accessories,In-store,Not Returned,High,1447.25,VIP
261124,USB Cable,20,2025-07-14 13:00,65.59,0.2,21.9,Accessories,Online,Not Returned,Low,1311.8000000000002,VIP
863658,Notebook,18,2025-07-14 19:00,59.39,0.05,15.84,Accessories,Online,Not Returned,High,1069.02,VIP
375739,Notebook,48,2025-07-15 06:00,58.52,0.46,17.49,Accessories,In-store,Not Returned,High,2808.96,VIP
690262,Blue Pen,32,2025-07-15 16:00,31.99,0.41,18.89,Accessories,Online,Not Returned,Medium,1023.68,VIP
915185,Blue Pen,18,2025-07-16 03:00,86.14,0.11,22.36,Accessories,In-store,Returned,Low,1550.52,VIP
997142,Office Chair,32,2025-07-16 04:00,48.41,0.3,26.57,Accessories,In-store,Not Returned,Medium,1549.12,VIP
255675,Backpack,14,2025-07-16 09:00,88.48,0.17,26.17,Accessories,Online,Not Returned,Medium,1238.72,VIP
122554,Blue Pen,24,2025-07-18 11:00,48.7,0.28,25.99,Accessories,In-store,Not Returned,Medium,1168.8000000000002,VIP
203738,Wall Clock,45,2025-07-18 17:00,51.26,0.28,19.4,Accessories,Online,Not Returned,Medium,2306.7,VIP
149257,Wireless Mouse,27,2025-07-19 01:00,97.32,0.47,26.78,Accessories,In-store,Not Returned,Medium,2627.64,VIP
217926,White Mug,21,2025-07-19 06:00,63.55,0.19,26.1,Accessories,Online,Not Returned,High,1334.55,VIP
223332,T-shirt,38,2025-07-19 12:00,88.72,0.06,18.78,Accessories,Online,Not Returned,Low,3371.36,VIP
290659,USB Cable,33,2025-07-20 18:00,78.46,0.02,24.6,Accessories,In-store,Not Returned,Low,2589.18,VIP
987555,Blue Pen,41,2025-07-22 01:00,47.0,0.35,13.14,Accessories,Online,Not Returned,Medium,1927.0,VIP
326069,Headphones,36,2025-07-22 21:00,95.01,0.0,9.46,Accessories,In-store,Not Returned,Medium,3420.36,VIP
482948,Backpack,24,2025-07-22 22:00,50.34,0.12,16.9,Accessories,Online,Not Returned,Medium,1208.16,VIP
350616,T-shirt,19,2025-07-23 07:00,86.78,0.01,26.53,Accessories,Online,Not Returned,Low,1648.82,VIP
872145,Wall Clock,43,2025-07-24 01:00,66.71,0.32,12.31,Accessories,Online,Not Returned,Medium,2868.53,VIP
486293,White Mug,34,2025-07-24 09:00,72.66,0.01,19.05,Accessories,In-store,Returned,Medium,2470.44,VIP
755266,White Mug,33,2025-07-24 15:00,42.8,0.26,16.62,Accessories,In-store,Not Returned,Medium,1412.4,VIP
414976,White Mug,48,2025-07-24 16:00,80.99,0.22,20.02,Accessories,Online,Not Returned,High,3887.52,VIP
206809,Desk Lamp,32,2025-07-25 13:00,69.1,0.17,25.01,Accessories,In-store,Returned,Low,2211.2,VIP
614984,Office Chair,39,2025-07-26 06:00,49.31,0.47,10.54,Accessories,Online,Not Returned,Low,1923.09,VIP
905103,Headphones,32,2025-07-26 16:00,39.27,0.23,7.45,Accessories,In-store,Not Returned,Low,1256.64,VIP
222838,Wireless Mouse,34,2025-07-26 17:00,93.98,0.4,13.81,Accessories,In-store,Not Returned,Low,3195.32,VIP
456401,Notebook,20,2025-07-27 08:00,75.71,0.3,14.95,Accessories,In-store,Returned,Medium,1514.1999999999998,VIP
219478,Blue Pen,38,2025-07-27 10:00,83.68,0.35,16.0,Accessories,In-store,Not Returned,Low,3179.84,VIP
591530,T-shirt,24,2025-07-27 14:00,53.48,0.29,18.51,Accessories,Online,Not Returned,High,1283.52,VIP
140291,Office Chair,28,2025-07-28 10:00,82.67,0.34,23.6,Accessories,In-store,Not Returned,High,2314.76,VIP
461477,Office Chair,41,2025-07-28 13:00,24.54,0.34,29.31,Accessories,Online,Not Returned,High,1006.14,VIP
905782,T-shirt,25,2025-07-28 17:00,76.53,0.13,13.93,Accessories,In-store,Not Returned,Low,1913.25,VIP
647807,Notebook,48,2025-07-29 00:00,47.1,0.38,13.44,Accessories,In-store,Not Returned,High,2260.8,VIP
766140,USB Cable,37,2025-07-29 05:00,39.46,0.39,23.73,Accessories,In-store,Returned,Low,1460.02,VIP
528059,T-shirt,25,2025-07-30 09:00,86.18,0.47,7.93,Accessories,In-store,Not Returned,High,2154.5,VIP
695620,Blue Pen,22,2025-07-31 12:00,82.97,0.05,7.05,Accessories,In-store,Not Returned,High,1825.34,VIP
103293,Blue Pen,40,2025-07-31 14:00,85.93,0.18,7.06,Accessories,Online,Not Returned,Low,3437.2000000000003,VIP
469945,Notebook,25,2025-07-31 15:00,41.24,0.4,17.62,Accessories,In-store,Not Returned,High,1031.0,VIP
234531,Backpack,37,2025-07-31 16:00,43.11,0.44,8.45,Accessories,In-store,Not Returned,Medium,1595.07,VIP
905235,Headphones,30,2025-07-31 17:00,53.87,0.41,21.19,Accessories,In-store,Not Returned,Medium,1616.1,VIP
502452,Wireless Mouse,26,2025-08-01 06:00,40.55,0.3,15.45,Accessories,Online,Not Returned,High,1054.3,VIP
468578,Wireless Mouse,34,2025-08-01 13:00,91.5,0.35,19.63,Accessories,Online,Not Returned,Low,3111.0,VIP
539219,Headphones,21,2025-08-01 19:00,54.32,0.3,14.05,Accessories,In-store,Not Returned,Low,1140.72,VIP
867394,Wall Clock,21,2025-08-02 02:00,67.29,0.32,14.36,Accessories,In-store,Not Returned,Medium,1413.09,VIP
909484,Desk Lamp,29,2025-08-02 08:00,72.7,0.17,7.37,Accessories,In-store,Returned,Low,2108.3,VIP
985286,Office Chair,33,2025-08-02 16:00,80.64,0.02,29.35,Accessories,Online,Not Returned,Medium,2661.12,VIP
546546,USB Cable,22,2025-08-02 21:00,74.34,0.19,18.07,Accessories,Online,Not Returned,Low,1635.48,VIP
204395,Notebook,45,2025-08-03 02:00,97.24,0.11,19.29,Accessories,Online,Not Returned,Low,4375.8,VIP
940769,Wireless Mouse,45,2025-08-03 12:00,73.53,0.49,6.94,Accessories,Online,Not Returned,Low,3308.85,VIP
617555,Headphones,45,2025-08-03 20:00,94.39,0.24,25.03,Accessories,Online,Not Returned,Medium,4247.55,VIP
881551,Backpack,29,2025-08-06 00:00,71.24,0.33,15.59,Accessories,Online,Not Returned,Low,2065.96,VIP
768165,Wireless Mouse,19,2025-08-06 05:00,60.79,0.46,16.85,Accessories,In-store,Not Returned,Medium,1155.01,VIP
513725,Wireless Mouse,27,2025-08-06 11:00,55.75,0.37,14.73,Accessories,Online,Not Returned,Medium,1505.25,VIP
166300,T-shirt,48,2025-08-06 13:00,51.27,0.41,19.04,Accessories,In-store,Not Returned,Low,2460.96,VIP
842318,Backpack,41,2025-08-06 22:00,94.55,0.1,17.25,Accessories,In-store,Not Returned,Medium,3876.55,VIP
233375,Wireless Mouse,17,2025-08-07 15:00,99.98,0.39,28.8,Accessories,Online,Not Returned,Medium,1699.66,VIP
608152,Backpack,37,2025-08-07 17:00,34.36,0.38,8.57,Accessories,Online,Not Returned,Medium,1271.32,VIP
674831,Wall Clock,45,2025-08-07 20:00,77.76,0.15,16.78,Accessories,Online,Not Returned,High,3499.2000000000003,VIP
396122,Wireless Mouse,40,2025-08-08 09:00,39.87,0.32,8.18,Accessories,In-store,Not Returned,High,1594.8,VIP
673154,Wireless Mouse,43,2025-08-08 11:00,97.11,0.49,14.76,Accessories,In-store,Not Returned,High,4175.73,VIP
314483,Backpack,27,2025-08-08 15:00,37.72,0.45,29.66,Accessories,In-store,Not Returned,Medium,1018.44,VIP
766574,White Mug,19,2025-08-09 08:00,66.92,0.37,27.39,Accessories,Online,Not Returned,Medium,1271.48,VIP
216810,Notebook,18,2025-08-09 15:00,78.49,0.13,23.72,Accessories,Online,Not Returned,Medium,1412.82,VIP
675063,USB Cable,17,2025-08-09 23:00,61.87,0.24,5.66,Accessories,In-store,Not Returned,High,1051.79,VIP
232167,Headphones,15,2025-08-10 06:00,91.78,0.45,7.5,Accessories,In-store,Not Returned,High,1376.7,VIP
973120,Backpack,22,2025-08-10 20:00,97.24,0.05,24.18,Accessories,Online,Not Returned,Low,2139.28,VIP
250235,T-shirt,47,2025-08-11 07:00,65.11,0.04,28.22,Accessories,Online,Not Returned,Low,3060.17,VIP
958023,Backpack,15,2025-08-11 08:00,79.58,0.47,22.91,Accessories,In-store,Not Returned,High,1193.7,VIP
177564,Backpack,26,2025-08-11 10:00,53.54,0.06,13.12,Accessories,Online,Not Returned,Low,1392.04,VIP
315905,Notebook,21,2025-08-11 19:00,92.65,0.22,8.89,Accessories,In-store,Returned,Medium,1945.65,VIP
464943,Blue Pen,40,2025-08-12 07:00,90.99,0.49,7.87,Accessories,In-store,Not Returned,Low,3639.6,VIP
768172,White Mug,46,2025-08-12 11:00,78.98,0.22,26.07,Accessories,Online,Returned,High,3633.08,VIP
897371,Notebook,23,2025-08-12 17:00,72.93,0.37,24.29,Accessories,In-store,Not Returned,Medium,1677.39,VIP
305454,Headphones,47,2025-08-12 19:00,71.05,0.12,5.39,Accessories,In-store,Not Returned,High,3339.35,VIP
356463,Wall Clock,21,2025-08-13 01:00,66.37,0.03,26.67,Accessories,In-store,Not Returned,Low,1393.77,VIP
463431,Wireless Mouse,34,2025-08-13 16:00,51.78,0.15,17.46,Accessories,In-store,Returned,High,1760.52,VIP
617035,Wireless Mouse,29,2025-08-13 22:00,97.24,0.28,6.03,Accessories,In-store,Not Returned,Low,2819.96,VIP
792237,Office Chair,32,2025-08-13 23:00,82.13,0.35,23.63,Accessories,Online,Not Returned,High,2628.16,VIP
363926,Desk Lamp,26,2025-08-14 04:00,45.9,0.37,21.47,Accessories,In-store,Not Returned,High,1193.4,VIP
661736,Headphones,19,2025-08-14 14:00,96.16,0.07,28.94,Accessories,In-store,Not Returned,Medium,1827.04,VIP
223927,Office Chair,34,2025-08-15 00:00,33.32,0.47,15.95,Accessories,In-store,Not Returned,Low,1132.88,VIP
533918,Office Chair,17,2025-08-15 02:00,60.99,0.11,5.97,Accessories,In-store,Not Returned,High,1036.83,VIP
408883,White Mug,49,2025-08-15 03:00,78.3,0.42,17.9,Accessories,Online,Not Returned,High,3836.7,VIP
295883,Office Chair,23,2025-08-15 08:00,97.18,0.2,7.83,Accessories,In-store,Not Returned,Medium,2235.1400000000003,VIP
357176,Headphones,40,2025-08-15 22:00,66.6,0.3,19.89,Accessories,In-store,Not Returned,Low,2664.0,VIP
957608,USB Cable,47,2025-08-16 08:00,80.88,0.37,16.79,Accessories,In-store,Not Returned,Low,3801.36,VIP
715604,T-shirt,35,2025-08-16 10:00,49.46,0.24,25.31,Accessories,In-store,Not Returned,High,1731.1,VIP
718411,T-shirt,27,2025-08-16 16:00,78.63,0.1,6.86,Accessories,In-store,Not Returned,High,2123.01,VIP
939452,Wireless Mouse,44,2025-08-16 17:00,33.34,0.44,26.82,Accessories,Online,Not Returned,Low,1466.96,VIP
805862,T-shirt,29,2025-08-16 23:00,57.69,0.39,26.85,Accessories,Online,Not Returned,High,1673.01,VIP
153459,Office Chair,44,2025-08-17 08:00,45.97,0.3,26.03,Accessories,In-store,Not Returned,High,2022.68,VIP
807240,White Mug,43,2025-08-17 21:00,90.49,0.11,26.91,Accessories,In-store,Returned,High,3891.07,VIP
546714,T-shirt,39,2025-08-17 23:00,89.64,0.5,5.82,Accessories,In-store,Not Returned,High,3495.96,VIP
358821,Desk Lamp,-21,2025-08-19 14:00,-68.71,0.49,,Accessories,In-store,Not Returned,High,1442.91,VIP
446762,White Mug,45,2025-08-19 17:00,43.2,0.31,15.21,Accessories,In-store,Not Returned,Medium,1944.0,VIP
601298,Wireless Mouse,25,2025-08-19 22:00,77.93,0.16,5.95,Accessories,Online,Returned,Low,1948.25,VIP
851419,Wireless Mouse,37,2025-08-20 19:00,32.48,0.37,16.76,Accessories,Online,Not Returned,Medium,1201.76,VIP
225039,Headphones,18,2025-08-20 22:00,74.43,0.19,20.86,Accessories,Online,Not Returned,Low,1339.7400000000002,VIP
509164,Wall Clock,28,2025-08-21 20:00,54.77,0.16,20.9,Accessories,In-store,Not Returned,Medium,1533.5600000000002,VIP
654559,USB Cable,-31,2025-08-22 02:00,-84.45,1.816007991128841,,Accessories,Online,Not Returned,Medium,2617.9500000000003,VIP
455008,Desk Lamp,30,2025-08-22 10:00,82.85,0.34,21.97,Accessories,In-store,Not Returned,Low,2485.5,VIP
940597,Office Chair,37,2025-08-22 15:00,53.31,0.05,26.16,Accessories,In-store,Not Returned,Medium,1972.47,VIP
340864,Wall Clock,42,2025-08-22 17:00,32.34,0.42,15.49,Accessories,In-store,Not Returned,Low,1358.2800000000002,VIP
297761,T-shirt,41,2025-08-23 21:00,67.31,0.38,13.04,Accessories,Online,Not Returned,Medium,2759.71,VIP
499879,Notebook,46,2025-08-24 14:00,34.38,0.21,16.32,Accessories,Online,Not Returned,Low,1581.48,VIP
628052,Wall Clock,-44,2025-08-25 20:00,-62.39,1.935814133851512,,Accessories,Online,Not Returned,High,2745.16,VIP
362122,White Mug,45,2025-08-26 04:00,99.52,0.05,21.64,Accessories,Online,Not Returned,Low,4478.4,VIP
771852,T-shirt,42,2025-08-26 11:00,60.2,0.39,16.1,Accessories,Online,Returned,Low,2528.4,VIP
859473,Wall Clock,25,2025-08-26 19:00,72.32,0.28,11.15,Accessories,Online,Returned,Low,1808.0,VIP
942305,Backpack,14,2025-08-26 22:00,90.93,0.07,8.39,Accessories,Online,Not Returned,Low,1273.02,VIP
214785,White Mug,35,2025-08-27 01:00,86.39,0.17,13.03,Accessories,Online,Not Returned,Medium,3023.65,VIP
489215,Backpack,26,2025-08-27 03:00,64.17,0.25,20.96,Accessories,Online,Not Returned,High,1668.42,VIP
165422,Backpack,49,2025-08-28 06:00,40.21,0.25,7.07,Accessories,Online,Not Returned,Medium,1970.29,VIP
710874,White Mug,38,2025-08-28 14:00,91.24,0.2,8.88,Accessories,In-store,Returned,Medium,3467.12,VIP
621361,Headphones,33,2025-08-28 20:00,53.18,0.2,8.75,Accessories,In-store,Not Returned,Low,1754.94,VIP
536102,Wall Clock,33,2025-08-28 22:00,98.22,0.05,23.28,Accessories,Online,Not Returned,Low,3241.26,VIP
719674,Headphones,38,2025-08-29 23:00,87.69,0.33,29.65,Accessories,In-store,Not Returned,High,3332.22,VIP
593206,Wall Clock,45,2025-08-30 01:00,71.54,0.14,6.51,Accessories,Online,Not Returned,Medium,3219.3,VIP
251816,USB Cable,15,2025-08-30 22:00,95.77,0.41,11.14,Accessories,Online,Not Returned,Medium,1436.55,VIP
459149,T-shirt,34,2025-08-31 20:00,96.58,0.28,22.3,Accessories,In-store,Not Returned,High,3283.72,VIP
968579,Wall Clock,29,2025-09-01 01:00,57.34,0.24,26.9,Accessories,In-store,Not Returned,Low,1662.86,VIP
712246,T-shirt,29,2025-09-01 12:00,49.5,0.27,11.8,Accessories,Online,Not Returned,Low,1435.5,VIP
574622,Desk Lamp,42,2025-09-01 18:00,32.16,0.4,16.46,Accessories,Online,Not Returned,Medium,1350.7199999999998,VIP
205665,Wireless Mouse,38,2025-09-02 06:00,57.38,0.36,21.8,Accessories,Online,Not Returned,Low,2180.44,VIP
599174,Headphones,40,2025-09-02 11:00,73.12,0.44,12.34,Accessories,In-store,Returned,Medium,2924.8,VIP
106493,Desk Lamp,-40,2025-09-03 11:00,-51.34,0.23,,Accessories,In-store,Not Returned,Medium,2053.6000000000004,VIP
723345,Backpack,31,2025-09-03 17:00,32.8,0.5,13.23,Accessories,Online,Not Returned,High,1016.8,VIP
864341,Wireless Mouse,35,2025-09-04 01:00,76.7,0.44,23.8,Accessories,In-store,Not Returned,Medium,2684.5,VIP
286901,Backpack,21,2025-09-04 06:00,47.82,0.2,11.81,Accessories,Online,Not Returned,High,1004.22,VIP
543228,Wireless Mouse,37,2025-09-04 07:00,54.0,0.28,8.67,Accessories,Online,Not Returned,Medium,1998.0,VIP
