invoiceno,description,quantity,invoicedate,unitprice,discount,shippingcost,category,saleschannel,returnstatus,orderpriority,total_revenue,grade
154886,Wireless Mouse,19,2020-01-01 08:00,98.19,0.05,12.56,Apparel,Online,Not Returned,High,1865.61,VIP
237337,Headphones,40,2020-01-01 09:00,98.17,0.16,7.71,Apparel,Online,Not Returned,Low,3926.8,VIP
370936,Backpack,48,2020-01-03 11:00,28.29,0.33,16.89,Apparel,Online,Not Returned,High,1357.92,VIP
877089,Office Chair,36,2020-01-03 19:00,34.13,0.32,20.69,Apparel,Online,Not Returned,Medium,1228.68,VIP
587879,Wall Clock,39,2020-01-04 23:00,60.36,0.07,24.41,Apparel,In-store,Not Returned,High,2354.04,VIP
842139,Wireless Mouse,27,2020-01-05 14:00,65.17,0.12,28.59,Apparel,In-store,Returned,High,1759.59,VIP
220151,Wireless Mouse,37,2020-01-06 00:00,91.0,0.42,11.14,Apparel,In-store,Not Returned,High,3367.0,VIP
788519,Notebook,40,2020-01-06 08:00,94.43,0.29,10.59,Apparel,In-store,Not Returned,Low,3777.2,VIP
112666,T-shirt,12,2020-01-06 12:00,98.82,0.25,5.34,Apparel,In-store,Not Returned,High,1185.84,VIP
400804,Desk Lamp,40,2020-01-06 13:00,45.27,0.08,21.25,Apparel,In-store,Not Returned,Low,1810.8,VIP
210687,Office Chair,13,2020-01-08 09:00,89.57,0.47,8.81,Apparel,Online,Not Returned,High,1164.41,VIP
542296,Headphones,45,2020-01-09 03:00,56.42,0.42,25.27,Apparel,Online,Returned,Medium,2538.9,VIP
717075,White Mug,33,2020-01-09 23:00,45.68,0.48,13.9,Apparel,In-store,Not Returned,Medium,1507.44,VIP
599046,White Mug,30,2020-01-10 03:00,45.35,0.24,26.7,Apparel,In-store,Not Returned,Low,1360.5,VIP
121959,Office Chair,40,2020-01-10 05:00,68.35,0.2,10.7,Apparel,In-store,Not Returned,Medium,2734.0,VIP
539792,Wall Clock,31,2020-01-10 19:00,72.68,0.47,25.65,Apparel,Online,Not Returned,High,2253.0800000000004,VIP
582690,Wireless Mouse,19,2020-01-11 02:00,96.33,0.14,26.75,Apparel,Online,Returned,High,1830.27,VIP
840976,T-shirt,15,2020-01-11 05:00,80.11,0.26,29.05,Apparel,In-store,Not Returned,Medium,1201.65,VIP
842452,Office Chair,29,2020-01-11 21:00,86.01,0.09,7.07,Apparel,Online,Not Returned,Medium,2494.29,VIP
225657,USB Cable,14,2020-01-11 23:00,74.32,0.38,28.76,Apparel,In-store,Not Returned,Medium,1040.48,VIP
580671,Backpack,18,2020-01-12 02:00,63.78,0.2,13.67,Apparel,Online,Not Returned,Low,1148.04,VIP
468452,Desk Lamp,20,2020-01-12 12:00,83.7,0.45,29.97,Apparel,In-store,Not Returned,Low,1674.0,VIP
455528,Blue Pen,40,2020-01-12 20:00,28.45,0.38,27.06,Apparel,In-store,Not Returned,Medium,1138.0,VIP
411955,Notebook,26,2020-01-13 01:00,60.87,0.49,29.8,Apparel,In-store,Not Returned,Low,1582.62,VIP
925816,Notebook,22,2020-01-13 22:00,52.22,0.28,16.02,Apparel,In-store,Not Returned,Medium,1148.84,VIP
570587,Wireless Mouse,21,2020-01-14 10:00,86.65,0.04,28.08,Apparel,Online,Not Returned,High,1819.65,VIP
798376,Blue Pen,-38,2020-01-14 20:00,-76.95,0.35,,Apparel,In-store,Not Returned,Low,2924.1,VIP
539430,Notebook,19,2020-01-16 15:00,88.51,0.48,26.57,Apparel,In-store,Not Returned,Low,1681.69,VIP
930496,White Mug,11,2020-01-16 18:00,91.13,0.45,29.4,Apparel,Online,Not Returned,High,1002.43,VIP
500109,Office Chair,45,2020-01-17 01:00,59.5,0.38,15.3,Apparel,Online,Returned,High,2677.5,VIP
145714,Headphones,28,2020-01-17 20:00,71.78,0.02,29.01,Apparel,Online,Not Returned,Medium,2009.84,VIP
405628,White Mug,40,2020-01-18 03:00,73.8,0.33,16.38,Apparel,Online,Not Returned,High,2952.0,VIP
613758,T-shirt,22,2020-01-19 06:00,55.49,0.21,25.58,Apparel,Online,Not Returned,Medium,1220.78,VIP
467654,Wireless Mouse,34,2020-01-20 03:00,32.73,0.19,24.42,Apparel,Online,Not Returned,Low,1112.82,VIP
897079,Notebook,23,2020-01-20 11:00,46.85,0.24,20.14,Apparel,In-store,Not Returned,High,1077.55,VIP
764076,Blue Pen,22,2020-01-20 12:00,83.39,0.09,18.69,Apparel,Online,Not Returned,Low,1834.58,VIP
364512,T-shirt,-29,2020-01-20 20:00,-79.33,0.1,,Apparel,Online,Not Returned,Low,2300.57,VIP
701863,Notebook,24,2020-01-20 21:00,51.24,0.19,29.51,Apparel,Online,Not Returned,Medium,1229.76,VIP
749150,Backpack,32,2020-01-21 08:00,35.96,0.08,9.52,Apparel,Online,Not Returned,Low,1150.72,VIP
330229,Office Chair,29,2020-01-21 09:00,41.44,0.21,11.55,Apparel,In-store,Not Returned,Low,1201.76,VIP
351451,White Mug,20,2020-01-22 02:00,95.02,0.33,15.26,Apparel,Online,Not Returned,Medium,1900.4,VIP
194476,White Mug,39,2020-01-22 15:00,35.68,0.39,11.66,Apparel,In-store,Not Returned,Medium,1391.52,VIP
903451,White Mug,33,2020-01-22 17:00,87.34,0.48,8.76,Apparel,In-store,Not Returned,Medium,2882.2200000000003,VIP
474710,Blue Pen,48,2020-01-23 02:00,53.78,0.47,20.28,Apparel,In-store,Not Returned,High,2581.44,VIP
132217,White Mug,16,2020-01-23 05:00,99.83,0.02,17.35,Apparel,In-store,Not Returned,Low,1597.28,VIP
108308,Wall Clock,49,2020-01-23 06:00,74.27,0.49,16.63,Apparel,Online,Not Returned,Low,3639.23,VIP
174740,Blue Pen,31,2020-01-23 12:00,93.64,0.45,28.14,Apparel,Online,Not Returned,Low,2902.84,VIP
478496,Wall Clock,44,2020-01-23 13:00,43.6,0.34,29.25,Apparel,In-store,Not Returned,Medium,1918.4,VIP
850201,USB Cable,-50,2020-01-23 15:00,-98.5,0.42,,Apparel,In-store,Not Returned,High,4925.0,VIP
473632,Wall Clock,28,2020-01-24 00:00,55.06,0.34,27.97,Apparel,Online,Not Returned,High,1541.68,VIP
234415,Office Chair,19,2020-01-24 01:00,98.64,0.27,28.24,Apparel,In-store,Not Returned,Medium,1874.16,VIP
653663,T-shirt,27,2020-01-24 04:00,75.87,0.47,7.41,Apparel,Online,Not Returned,Low,2048.49,VIP
641252,Headphones,45,2020-01-24 06:00,33.3,0.39,23.87,Apparel,Online,Not Returned,Medium,1498.4999999999998,VIP
303861,Office Chair,16,2020-01-24 16:00,76.47,0.03,21.1,Apparel,Online,Not Returned,High,1223.52,VIP
584963,Backpack,20,2020-01-25 10:00,58.79,0.26,8.91,Apparel,Online,Not Returned,Medium,1175.8,VIP
388790,Office Chair,21,2020-01-25 15:00,88.72,0.23,6.17,Apparel,In-store,Not Returned,Low,1863.12,VIP
647337,Wireless Mouse,35,2020-01-25 17:00,53.05,0.45,11.46,Apparel,In-store,Returned,Medium,1856.75,VIP
288751,Headphones,20,2020-01-26 12:00,75.47,0.42,12.66,Apparel,In-store,Not Returned,Medium,1509.4,VIP
104000,USB Cable,35,2020-01-27 01:00,86.02,0.26,10.64,Apparel,Online,Not Returned,Low,3010.7,VIP
455754,Wall Clock,-18,2020-01-27 04:00,-66.18,1.3518524557519638,,Apparel,In-store,Not Returned,Medium,1191.2400000000002,VIP
138304,T-shirt,45,2020-01-27 09:00,56.96,0.5,12.41,Apparel,Online,Not Returned,High,2563.2,VIP
365517,Headphones,25,2020-01-27 16:00,99.05,0.24,14.34,Apparel,Online,Not Returned,High,2476.25,VIP
979090,Wireless Mouse,35,2020-01-27 19:00,48.57,0.44,13.88,Apparel,Online,Not Returned,Medium,1699.95,VIP
165953,T-shirt,42,2020-01-28 06:00,40.63,0.39,19.96,Apparel,In-store,Not Returned,Low,1706.46,VIP
257164,Notebook,48,2020-01-28 14:00,74.5,0.48,7.2,Apparel,Online,Not Returned,Low,3576.0,VIP
151934,Wall Clock,42,2020-01-30 15:00,86.42,0.37,27.55,Apparel,In-store,Not Returned,High,3629.64,VIP
750308,Notebook,35,2020-01-30 23:00,72.32,0.45,5.8,Apparel,In-store,Not Returned,Low,2531.2,VIP
727083,Office Chair,23,2020-01-31 00:00,44.59,0.28,8.06,Apparel,In-store,Not Returned,Low,1025.5700000000002,VIP
449652,T-shirt,11,2020-01-31 03:00,94.78,0.29,9.52,Apparel,In-store,Not Returned,High,1042.58,VIP
742612,Headphones,-31,2020-01-31 05:00,-42.19,1.1149112131646657,,Apparel,Online,Not Returned,Medium,1307.89,VIP
389336,Notebook,43,2020-01-31 08:00,91.48,0.42,19.41,Apparel,Online,Not Returned,Low,3933.64,VIP
887494,USB Cable,38,2020-01-31 09:00,75.44,0.35,21.55,Apparel,In-store,Not Returned,Low,2866.72,VIP
708364,USB Cable,23,2020-01-31 10:00,51.72,0.31,17.29,Apparel,In-store,Not Returned,High,1189.56,VIP
631089,T-shirt,39,2020-01-31 22:00,68.62,0.36,24.54,Apparel,Online,Not Returned,Medium,2676.1800000000003,VIP
313945,Blue Pen,47,2020-02-01 03:00,94.89,0.4,17.32,Apparel,In-store,Not Returned,Medium,4459.83,VIP
792440,T-shirt,27,2020-02-02 05:00,46.33,0.28,9.06,Apparel,Online,Not Returned,High,1250.91,VIP
930914,Office Chair,32,2020-02-02 22:00,94.46,0.19,12.65,Apparel,Online,Not Returned,Low,3022.72,VIP
890141,Blue Pen,41,2020-02-03 03:00,53.26,0.17,11.35,Apparel,Online,Not Returned,Low,2183.66,VIP
390160,Notebook,21,2020-02-03 20:00,90.9,0.46,18.59,Apparel,In-store,Not Returned,Medium,1908.9,VIP
313920,USB Cable,41,2020-02-03 23:00,33.11,0.34,15.12,Apparel,Online,Not Returned,High,1357.51,VIP
989765,Notebook,18,2020-02-04 00:00,86.26,0.41,19.51,Apparel,Online,Not Returned,Low,1552.68,VIP
560857,Headphones,44,2020-02-04 03:00,81.5,0.02,10.38,Apparel,Online,Returned,Low,3586.0,VIP
272502,Office Chair,17,2020-02-05 09:00,68.96,0.32,29.2,Apparel,In-store,Not Returned,Medium,1172.32,VIP
255576,Wall Clock,-45,2020-02-05 10:00,-29.15,1.8515904099835208,,Apparel,Online,Not Returned,High,1311.75,VIP
986089,Notebook,46,2020-02-05 12:00,50.34,0.36,15.7,Apparel,Online,Not Returned,Medium,2315.6400000000003,VIP
111023,Desk Lamp,22,2020-02-05 13:00,47.37,0.21,26.19,Apparel,In-store,Not Returned,Low,1042.14,VIP
730075,Notebook,21,2020-02-06 01:00,63.92,0.14,19.24,Apparel,Online,Not Returned,High,1342.32,VIP
227016,T-shirt,39,2020-02-06 05:00,36.2,0.14,21.94,Apparel,In-store,Not Returned,High,1411.8000000000002,VIP
417428,Wall Clock,45,2020-02-06 13:00,65.56,0.33,20.33,Apparel,Online,Not Returned,Low,2950.2000000000003,VIP
161813,USB Cable,26,2020-02-07 12:00,99.05,0.01,29.89,Apparel,Online,Not Returned,Medium,2575.3,VIP
803286,T-shirt,27,2020-02-08 08:00,58.81,0.15,21.53,Apparel,Online,Not Returned,High,1587.87,VIP
815460,Wireless Mouse,27,2020-02-08 11:00,51.32,0.29,28.65,Apparel,Online,Not Returned,High,1385.64,VIP
150612,White Mug,40,2020-02-08 16:00,53.02,0.49,14.48,Apparel,Online,Not Returned,Low,2120.8,VIP
244528,White Mug,30,2020-02-09 00:00,40.43,0.15,27.82,Apparel,In-store,Not Returned,Low,1212.9,VIP
740053,White Mug,23,2020-02-10 01:00,64.68,0.38,19.85,Apparel,Online,Not Returned,Low,1487.64,VIP
563389,Wireless Mouse,16,2020-02-11 12:00,88.68,0.35,25.85,Apparel,In-store,Not Returned,Low,1418.88,VIP
750199,Blue Pen,37,2020-02-12 03:00,95.64,0.49,11.42,Apparel,In-store,Not Returned,High,3538.68,VIP
959909,Headphones,34,2020-02-12 06:00,67.17,0.1,24.17,Apparel,Online,Not Returned,Medium,2283.78,VIP
105569,White Mug,44,2020-02-12 08:00,70.44,0.12,21.54,Apparel,In-store,Not Returned,Low,3099.36,VIP
529802,Office Chair,44,2020-02-12 11:00,79.08,0.17,16.55,Apparel,Online,Not Returned,High,3479.52,VIP
311791,Backpack,42,2020-02-12 19:00,96.73,0.35,11.21,Apparel,In-store,Not Returned,High,4062.66,VIP
766997,Office Chair,-44,2020-02-12 22:00,-56.43,1.925327224727465,,Apparel,Online,Not Returned,Medium,2482.92,VIP
431868,Desk Lamp,45,2020-02-13 08:00,39.35,0.05,18.57,Apparel,In-store,Not Returned,High,1770.75,VIP
883415,Headphones,27,2020-02-14 12:00,53.67,0.24,12.55,Apparel,In-store,Not Returned,Low,1449.09,VIP
195257,USB Cable,42,2020-02-14 17:00,82.93,0.01,25.01,Apparel,In-store,Not Returned,High,3483.0600000000004,VIP
489593,Headphones,43,2020-02-15 04:00,68.3,0.23,9.0,Apparel,In-store,Returned,Low,2936.9,VIP
246106,Blue Pen,49,2020-02-15 13:00,48.85,0.26,19.05,Apparel,Online,Not Returned,Low,2393.65,VIP
548874,Backpack,18,2020-02-15 19:00,85.53,0.2,17.87,Apparel,In-store,Not Returned,Medium,1539.54,VIP
670559,Wireless Mouse,43,2020-02-16 04:00,90.28,0.47,8.36,Apparel,In-store,Not Returned,High,3882.04,VIP
765627,T-shirt,25,2020-02-16 08:00,65.26,0.34,16.33,Apparel,In-store,Not Returned,Low,1631.5000000000002,VIP
347736,Office Chair,47,2020-02-16 11:00,90.56,0.15,11.46,Apparel,In-store,Not Returned,Medium,4256.32,VIP
728880,Wireless Mouse,44,2020-02-16 19:00,91.8,0.19,17.52,Apparel,In-store,Not Returned,Low,4039.2,VIP
435623,Notebook,28,2020-02-17 09:00,45.69,0.08,6.28,Apparel,In-store,Not Returned,Low,1279.32,VIP
574665,Notebook,32,2020-02-17 14:00,96.03,0.2,11.28,Apparel,In-store,Not Returned,Low,3072.96,VIP
962522,USB Cable,18,2020-02-17 21:00,95.47,0.25,17.15,Apparel,Online,Not Returned,High,1718.46,VIP
903692,Desk Lamp,11,2020-02-17 22:00,90.92,0.36,20.12,Apparel,Online,Returned,High,1000.12,VIP
886237,Office Chair,42,2020-02-18 09:00,78.06,0.44,5.9,Apparel,Online,Not Returned,High,3278.52,VIP
224040,Wall Clock,40,2020-02-18 13:00,50.42,0.15,10.03,Apparel,Online,Not Returned,Low,2016.8,VIP
890756,USB Cable,26,2020-02-18 18:00,62.12,0.45,24.72,Apparel,Online,Not Returned,Medium,1615.12,VIP
843246,Backpack,44,2020-02-19 02:00,42.13,0.45,15.57,Apparel,In-store,Not Returned,Low,1853.72,VIP
635242,Notebook,48,2020-02-19 11:00,40.05,0.39,28.32,Apparel,Online,Not Returned,High,1922.4,VIP
341983,Wireless Mouse,23,2020-02-20 05:00,99.59,0.07,14.65,Apparel,In-store,Returned,High,2290.57,VIP
666821,Wall Clock,17,2020-02-20 06:00,69.78,0.47,15.04,Apparel,In-store,Not Returned,High,1186.26,VIP
671650,T-shirt,21,2020-02-20 14:00,93.87,0.47,28.03,Apparel,Online,Not Returned,High,1971.27,VIP
886667,Notebook,41,2020-02-21 17:00,49.78,0.48,8.76,Apparel,Online,Not Returned,Low,2040.98,VIP
872608,USB Cable,22,2020-02-22 04:00,94.11,0.21,29.41,Apparel,Online,Not Returned,Medium,2070.42,VIP
779290,Wall Clock,42,2020-02-22 20:00,43.26,0.21,18.35,Apparel,In-store,Not Returned,Low,1816.92,VIP
435484,Blue Pen,47,2020-02-23 11:00,52.57,0.23,13.03,Apparel,In-store,Not Returned,Medium,2470.79,VIP
443054,Headphones,44,2020-02-24 11:00,95.83,0.11,28.89,Apparel,In-store,Not Returned,Low,4216.52,VIP
364480,Office Chair,41,2020-02-25 03:00,41.41,0.1,8.27,Apparel,In-store,Not Returned,Medium,1697.81,VIP
784846,Blue Pen,46,2020-02-25 15:00,78.43,0.45,26.72,Apparel,Online,Not Returned,Medium,3607.78,VIP
302967,Notebook,25,2020-02-25 17:00,52.25,0.0,12.83,Apparel,Online,Not Returned,High,1306.25,VIP
486858,Blue Pen,19,2020-02-26 11:00,84.57,0.25,15.39,Apparel,In-store,Not Returned,Medium,1606.83,VIP
114153,Blue Pen,43,2020-02-26 16:00,72.18,0.06,28.06,Apparel,Online,Not Returned,Medium,3103.74,VIP
191751,Notebook,47,2020-02-27 08:00,59.04,0.32,29.34,Apparel,In-store,Not Returned,High,2774.88,VIP
923651,T-shirt,23,2020-02-27 12:00,62.38,0.17,10.37,Apparel,In-store,Not Returned,High,1434.74,VIP
600315,White Mug,-43,2020-02-27 22:00,-42.19,1.1939972794163576,,Apparel,In-store,Not Returned,High,1814.17,VIP
479862,White Mug,49,2020-02-28 16:00,32.64,0.25,9.46,Apparel,In-store,Not Returned,Medium,1599.36,VIP
611411,Backpack,44,2020-02-29 04:00,61.45,0.02,8.76,Apparel,In-store,Not Returned,High,2703.8,VIP
140738,Blue Pen,39,2020-02-29 08:00,62.77,0.26,17.04,Apparel,In-store,Not Returned,Low,2448.03,VIP
280760,Office Chair,25,2020-02-29 10:00,70.31,0.07,19.31,Apparel,In-store,Not Returned,High,1757.75,VIP
566725,Blue Pen,26,2020-02-29 12:00,52.09,0.22,11.77,Apparel,In-store,Not Returned,High,1354.34,VIP
763937,USB Cable,44,2020-02-29 13:00,89.54,0.22,27.7,Apparel,Online,Not Returned,Low,3939.76,VIP
871253,Backpack,42,2020-02-29 23:00,54.87,0.0,22.76,Apparel,Online,Not Returned,Medium,2304.54,VIP
906388,T-shirt,36,2020-03-01 02:00,79.82,0.09,16.95,Apparel,In-store,Not Returned,Medium,2873.5199999999995,VIP
765755,Wireless Mouse,47,2020-03-01 09:00,89.34,0.14,5.57,Apparel,In-store,Not Returned,Low,4198.9800000000005,VIP
247313,White Mug,49,2020-03-01 10:00,56.78,0.31,11.71,Apparel,In-store,Not Returned,High,2782.2200000000003,VIP
990324,Blue Pen,24,2020-03-01 11:00,54.29,0.08,7.13,Apparel,In-store,Returned,Low,1302.96,VIP
881452,Office Chair,49,2020-03-02 03:00,47.1,0.34,24.52,Apparel,Online,Returned,Low,2307.9,VIP
910874,Office Chair,16,2020-03-02 07:00,93.01,0.24,10.12,Apparel,In-store,Not Returned,Medium,1488.16,VIP
364223,Desk Lamp,34,2020-03-02 10:00,61.04,0.15,24.78,Apparel,In-store,Returned,Medium,2075.36,VIP
357009,White Mug,15,2020-03-02 23:00,76.99,0.3,21.88,Apparel,In-store,Not Returned,Medium,1154.85,VIP
400709,Desk Lamp,49,2020-03-03 05:00,47.55,0.18,20.3,Apparel,Online,Not Returned,Low,2329.95,VIP
178623,Blue Pen,48,2020-03-03 12:00,81.48,0.24,8.25,Apparel,Online,Not Returned,Low,3911.04,VIP
283675,T-shirt,40,2020-03-03 15:00,74.54,0.2,25.03,Apparel,Online,Not Returned,Medium,2981.6000000000004,VIP
501921,White Mug,44,2020-03-05 20:00,41.17,0.17,12.61,Apparel,In-store,Not Returned,High,1811.48,VIP
864757,Blue Pen,48,2020-03-06 16:00,88.66,0.25,21.71,Apparel,In-store,Not Returned,Medium,4255.68,VIP
607606,T-shirt,32,2020-03-06 22:00,36.48,0.5,10.54,Apparel,Online,Not Returned,Low,1167.36,VIP
880316,Headphones,32,2020-03-07 17:00,56.51,0.45,29.32,Apparel,In-store,Not Returned,High,1808.32,VIP
418277,Backpack,20,2020-03-07 23:00,87.66,0.13,27.57,Apparel,In-store,Not Returned,High,1753.1999999999998,VIP
599512,Office Chair,20,2020-03-08 16:00,58.12,0.24,10.85,Apparel,Online,Not Returned,High,1162.4,VIP
104263,Desk Lamp,38,2020-03-08 20:00,79.57,0.39,26.47,Apparel,Online,Not Returned,Low,3023.66,VIP
277900,Wireless Mouse,38,2020-03-08 22:00,80.68,0.27,16.24,Apparel,Online,Not Returned,High,3065.84,VIP
397881,USB Cable,47,2020-03-09 03:00,39.3,0.05,16.95,Apparel,In-store,Not Returned,Medium,1847.1,VIP
613319,Backpack,17,2020-03-09 20:00,82.8,0.08,9.55,Apparel,Online,Not Returned,High,1407.6,VIP
793264,USB Cable,28,2020-03-11 04:00,96.31,0.02,5.11,Apparel,Online,Not Returned,High,2696.6800000000003,VIP
997048,Notebook,22,2020-03-11 11:00,59.54,0.24,10.69,Apparel,In-store,Not Returned,Low,1309.88,VIP
145186,Wireless Mouse,47,2020-03-11 14:00,24.54,0.45,28.81,Apparel,Online,Not Returned,Low,1153.38,VIP
385195,White Mug,26,2020-03-11 23:00,88.31,0.0,13.67,Apparel,In-store,Not Returned,Low,2296.06,VIP
893392,USB Cable,37,2020-03-12 05:00,91.2,0.08,29.19,Apparel,Online,Returned,Low,3374.4,VIP
251563,T-shirt,42,2020-03-12 12:00,77.89,0.07,5.05,Apparel,In-store,Not Returned,Low,3271.38,VIP
807220,White Mug,21,2020-03-12 19:00,48.65,0.33,28.86,Apparel,In-store,Returned,High,1021.65,VIP
286833,Wall Clock,18,2020-03-13 03:00,78.87,0.5,5.61,Apparel,Online,Not Returned,Medium,1419.66,VIP
653999,Blue Pen,37,2020-03-13 12:00,55.63,0.24,29.88,Apparel,In-store,Not Returned,Medium,2058.31,VIP
575526,White Mug,45,2020-03-13 20:00,29.32,0.46,26.56,Apparel,In-store,Not Returned,Low,1319.4,VIP
386214,Backpack,40,2020-03-14 00:00,26.89,0.19,7.61,Apparel,In-store,Not Returned,High,1075.6,VIP
938003,Office Chair,31,2020-03-14 09:00,94.23,0.02,24.89,Apparel,In-store,Not Returned,Medium,2921.13,VIP
311837,Notebook,16,2020-03-15 19:00,68.27,0.23,22.55,Apparel,Online,Not Returned,High,1092.32,VIP
915862,Notebook,33,2020-03-16 00:00,69.2,0.08,16.01,Apparel,In-store,Not Returned,Low,2283.6,VIP
955778,White Mug,19,2020-03-16 05:00,80.39,0.43,8.92,Apparel,Online,Not Returned,High,1527.41,VIP
640659,Blue Pen,19,2020-03-16 09:00,93.56,0.32,28.8,Apparel,In-store,Returned,Medium,1777.64,VIP
709719,Headphones,47,2020-03-16 18:00,40.96,0.44,23.5,Apparel,In-store,Returned,Medium,1925.12,VIP
504032,Office Chair,41,2020-03-17 04:00,52.31,0.18,11.74,Apparel,Online,Not Returned,High,2144.71,VIP
756166,Blue Pen,39,2020-03-18 10:00,34.06,0.29,12.92,Apparel,Online,Not Returned,Medium,1328.34,VIP
245271,Wireless Mouse,21,2020-03-19 10:00,63.05,0.31,15.76,Apparel,Online,Not Returned,Medium,1324.05,VIP
218533,Office Chair,28,2020-03-19 11:00,85.49,0.26,13.59,Apparel,Online,Not Returned,Low,2393.72,VIP
166262,Backpack,42,2020-03-19 14:00,37.02,0.07,11.17,Apparel,Online,Not Returned,High,1554.84,VIP
143642,USB Cable,30,2020-03-20 17:00,76.96,0.33,18.67,Apparel,Online,Not Returned,Low,2308.8,VIP
502732,USB Cable,41,2020-03-22 02:00,45.09,0.26,18.42,Apparel,In-store,Not Returned,Low,1848.69,VIP
111303,Backpack,17,2020-03-22 08:00,87.55,0.11,12.74,Apparel,In-store,Not Returned,Medium,1488.35,VIP
169274,USB Cable,34,2020-03-23 05:00,34.84,0.2,19.65,Apparel,Online,Returned,Medium,1184.5600000000002,VIP
233541,Blue Pen,23,2020-03-23 06:00,90.22,0.5,28.46,Apparel,In-store,Not Returned,Low,2075.06,VIP
174553,T-shirt,44,2020-03-23 12:00,38.76,0.13,7.42,Apparel,In-store,Not Returned,Low,1705.4399999999998,VIP
935570,Wall Clock,26,2020-03-23 14:00,97.5,0.21,19.53,Apparel,In-store,Not Returned,Medium,2535.0,VIP
226209,Headphones,26,2020-03-24 03:00,41.85,0.49,11.11,Apparel,In-store,Not Returned,Low,1088.1,VIP
716412,Notebook,42,2020-03-24 06:00,44.41,0.2,16.35,Apparel,In-store,Not Returned,High,1865.22,VIP
278589,Office Chair,23,2020-03-24 23:00,50.7,0.34,17.77,Apparel,In-store,Not Returned,High,1166.1,VIP
973698,T-shirt,30,2020-03-26 10:00,98.13,0.39,23.13,Apparel,Online,Not Returned,Low,2943.9,VIP
677218,Wireless Mouse,41,2020-03-27 21:00,59.74,0.34,12.68,Apparel,Online,Not Returned,Medium,2449.34,VIP
462130,Backpack,20,2020-03-28 11:00,94.92,0.3,12.39,Apparel,In-store,Not Returned,Medium,1898.4,VIP
531374,Notebook,18,2020-03-29 03:00,86.65,0.0,5.92,Apparel,Online,Not Returned,Low,1559.7,VIP
529660,Blue Pen,41,2020-03-29 10:00,98.92,0.31,28.34,Apparel,Online,Not Returned,Low,4055.72,VIP
270182,Headphones,35,2020-03-29 17:00,65.87,0.29,21.01,Apparel,In-store,Not Returned,Medium,2305.4500000000003,VIP
884838,Notebook,23,2020-03-30 05:00,90.26,0.09,9.49,Apparel,Online,Not Returned,Low,2075.98,VIP
179083,Backpack,32,2020-03-30 08:00,73.34,0.32,11.75,Apparel,Online,Not Returned,Medium,2346.88,VIP
658819,Headphones,33,2020-03-30 09:00,69.19,0.03,25.53,Apparel,Online,Not Returned,Medium,2283.27,VIP
891541,USB Cable,38,2020-03-30 16:00,94.94,0.28,21.54,Apparel,Online,Not Returned,Medium,3607.72,VIP
935700,T-shirt,39,2020-03-30 17:00,29.39,0.12,25.18,Apparel,Online,Not Returned,Low,1146.21,VIP
264053,T-shirt,41,2020-03-31 18:00,37.49,0.09,26.23,Apparel,In-store,Not Returned,High,1537.09,VIP
545485,Wireless Mouse,44,2020-04-01 01:00,49.15,0.29,24.86,Apparel,In-store,Returned,Low,2162.6,VIP
345198,Notebook,14,2020-04-01 03:00,74.27,0.25,16.41,Apparel,Online,Not Returned,Medium,1039.78,VIP
397632,White Mug,42,2020-04-01 08:00,90.98,0.18,21.96,Apparel,Online,Not Returned,High,3821.16,VIP
423825,White Mug,35,2020-04-01 12:00,64.73,0.19,28.83,Apparel,Online,Not Returned,Low,2265.55,VIP
294555,Headphones,42,2020-04-01 13:00,79.51,0.32,27.93,Apparel,Online,Not Returned,Low,3339.42,VIP
747008,Headphones,34,2020-04-01 14:00,96.67,0.01,15.48,Apparel,Online,Not Returned,Low,3286.78,VIP
778758,Wall Clock,-21,2020-04-02 02:00,-98.33,0.13,,Apparel,In-store,Not Returned,Low,2064.93,VIP
955009,White Mug,49,2020-04-02 08:00,90.11,0.45,19.49,Apparel,Online,Not Returned,Low,4415.39,VIP
821001,Desk Lamp,44,2020-04-02 09:00,40.14,0.46,29.38,Apparel,Online,Not Returned,Medium,1766.16,VIP
109078,USB Cable,28,2020-04-02 10:00,86.71,0.06,15.12,Apparel,In-store,Not Returned,Medium,2427.88,VIP
315048,White Mug,18,2020-04-02 17:00,85.64,0.14,21.99,Apparel,Online,Not Returned,Low,1541.52,VIP
172715,White Mug,32,2020-04-04 00:00,81.95,0.04,12.63,Apparel,In-store,Not Returned,Medium,2622.4,VIP
734486,Blue Pen,27,2020-04-04 11:00,72.99,0.32,8.92,Apparel,In-store,Not Returned,Low,1970.73,VIP
679518,White Mug,49,2020-04-05 08:00,73.05,0.2,23.27,Apparel,Online,Not Returned,Low,3579.45,VIP
474484,Desk Lamp,30,2020-04-05 14:00,78.91,0.39,18.4,Apparel,Online,Not Returned,High,2367.3,VIP
541124,Wireless Mouse,44,2020-04-05 20:00,69.63,0.06,24.13,Apparel,In-store,Not Returned,High,3063.72,VIP
442962,Notebook,17,2020-04-06 04:00,78.93,0.3,15.26,Apparel,In-store,Not Returned,High,1341.8100000000002,VIP
366847,USB Cable,48,2020-04-06 05:00,86.38,0.18,23.5,Apparel,Online,Not Returned,High,4146.24,VIP
915858,Office Chair,32,2020-04-06 16:00,81.83,0.29,23.24,Apparel,In-store,Not Returned,Medium,2618.56,VIP
349474,Desk Lamp,28,2020-04-06 21:00,78.34,0.45,18.77,Apparel,Online,Not Returned,Low,2193.52,VIP
309373,Office Chair,25,2020-04-07 06:00,46.34,0.24,28.51,Apparel,Online,Returned,Medium,1158.5,VIP
685560,Notebook,22,2020-04-08 03:00,74.11,0.25,15.36,Apparel,Online,Returned,Low,1630.42,VIP
426818,Wireless Mouse,25,2020-04-08 07:00,65.59,0.38,11.53,Apparel,In-store,Not Returned,High,1639.75,VIP
192324,Blue Pen,40,2020-04-09 15:00,51.98,0.24,27.94,Apparel,Online,Not Returned,Low,2079.2,VIP
126155,Blue Pen,19,2020-04-09 19:00,64.27,0.18,10.66,Apparel,In-store,Not Returned,Low,1221.13,VIP
741179,Backpack,21,2020-04-09 21:00,68.75,0.23,28.54,Apparel,Online,Not Returned,Low,1443.75,VIP
258492,Wireless Mouse,44,2020-04-10 12:00,72.96,0.09,15.66,Apparel,Online,Not Returned,High,3210.24,VIP
743561,White Mug,13,2020-04-11 00:00,84.57,0.28,20.7,Apparel,In-store,Not Returned,High,1099.41,VIP
348500,Office Chair,35,2020-04-11 02:00,86.19,0.28,10.67,Apparel,Online,Not Returned,High,3016.65,VIP
930185,USB Cable,40,2020-04-12 03:00,67.16,0.43,14.35,Apparel,Online,Not Returned,Low,2686.4,VIP
128625,Office Chair,41,2020-04-12 22:00,68.16,0.32,24.64,Apparel,Online,Not Returned,Medium,2794.56,VIP
727697,Backpack,36,2020-04-13 22:00,92.34,0.48,21.08,Apparel,Online,Not Returned,Low,3324.24,VIP
519139,Backpack,49,2020-04-14 09:00,87.72,0.43,7.26,Apparel,Online,Not Returned,Low,4298.28,VIP
584965,Wall Clock,29,2020-04-14 15:00,52.94,0.11,16.86,Apparel,In-store,Not Returned,High,1535.26,VIP
890144,Wall Clock,22,2020-04-15 01:00,77.66,0.44,10.42,Apparel,In-store,Not Returned,Medium,1708.52,VIP
308786,White Mug,47,2020-04-15 13:00,63.35,0.48,14.73,Apparel,In-store,Not Returned,Low,2977.4500000000003,VIP
980112,Blue Pen,47,2020-04-15 19:00,48.87,0.04,29.11,Apparel,Online,Not Returned,High,2296.89,VIP
266703,T-shirt,34,2020-04-16 09:00,61.63,0.06,28.81,Apparel,In-store,Not Returned,Low,2095.42,VIP
553105,Blue Pen,11,2020-04-17 02:00,95.76,0.48,9.91,Apparel,Online,Not Returned,Medium,1053.36,VIP
244539,Desk Lamp,40,2020-04-18 07:00,37.25,0.08,10.61,Apparel,In-store,Not Returned,Low,1490.0,VIP
214793,T-shirt,20,2020-04-18 11:00,64.27,0.31,27.17,Apparel,Online,Returned,Medium,1285.4,VIP
854950,White Mug,49,2020-04-18 20:00,79.74,0.06,20.88,Apparel,Online,Not Returned,Medium,3907.26,VIP
279785,Office Chair,40,2020-04-18 22:00,94.4,0.4,10.01,Apparel,In-store,Returned,Medium,3776.0,VIP
219735,Wireless Mouse,12,2020-04-19 07:00,92.13,0.33,15.82,Apparel,In-store,Not Returned,Low,1105.56,VIP
283321,White Mug,45,2020-04-20 01:00,40.73,0.19,15.2,Apparel,In-store,Not Returned,Medium,1832.85,VIP
205111,White Mug,47,2020-04-20 17:00,31.35,0.36,27.53,Apparel,In-store,Not Returned,High,1473.45,VIP
789115,Notebook,38,2020-04-21 20:00,26.82,0.35,16.47,Apparel,In-store,Returned,Medium,1019.16,VIP
194018,Backpack,29,2020-04-22 12:00,77.76,0.33,11.82,Apparel,In-store,Not Returned,Medium,2255.04,VIP
416397,Blue Pen,46,2020-04-23 03:00,64.27,0.17,22.14,Apparel,Online,Not Returned,Medium,2956.42,VIP
698357,Headphones,36,2020-04-24 07:00,30.87,0.22,26.8,Apparel,Online,Not Returned,High,1111.32,VIP
224982,Wireless Mouse,34,2020-04-25 09:00,43.43,0.45,14.9,Apparel,In-store,Returned,Medium,1476.62,VIP
796683,Wall Clock,35,2020-04-26 05:00,62.67,0.14,26.81,Apparel,In-store,Not Returned,High,2193.4500000000003,VIP
317029,Blue Pen,45,2020-04-26 10:00,39.36,0.39,15.95,Apparel,Online,Not Returned,Low,1771.2,VIP
110699,Wall Clock,41,2020-04-26 18:00,72.89,0.09,23.55,Apparel,Online,Not Returned,Medium,2988.49,VIP
634003,Desk Lamp,41,2020-04-26 20:00,40.6,0.01,17.23,Apparel,Online,Not Returned,Low,1664.6,VIP
877622,T-shirt,36,2020-04-27 15:00,54.77,0.32,23.49,Apparel,Online,Not Returned,Medium,1971.72,VIP
845715,USB Cable,35,2020-04-28 03:00,36.7,0.4,11.04,Apparel,In-store,Not Returned,Low,1284.5,VIP
387313,USB Cable,43,2020-04-28 10:00,91.57,0.07,7.92,Apparel,Online,Not Returned,Low,3937.51,VIP
129984,Wireless Mouse,34,2020-04-29 11:00,31.75,0.44,17.35,Apparel,In-store,Not Returned,High,1079.5,VIP
793045,White Mug,-28,2020-04-29 18:00,-95.53,1.578892743029218,,Apparel,Online,Not Returned,High,2674.84,VIP
816948,Desk Lamp,26,2020-05-01 21:00,60.41,0.2,15.03,Apparel,In-store,Not Returned,Medium,1570.66,VIP
197359,Wireless Mouse,31,2020-05-02 02:00,59.18,0.2,26.84,Apparel,In-store,Not Returned,Low,1834.58,VIP
721827,Blue Pen,15,2020-05-02 05:00,84.32,0.43,13.17,Apparel,In-store,Not Returned,High,1264.8,VIP
671139,USB Cable,49,2020-05-02 06:00,64.79,0.41,27.34,Apparel,Online,Not Returned,Low,3174.7100000000005,VIP
943441,Wireless Mouse,26,2020-05-02 18:00,57.3,0.24,18.54,Apparel,In-store,Not Returned,Medium,1489.8,VIP
157022,Desk Lamp,46,2020-05-02 22:00,74.03,0.05,12.09,Apparel,Online,Not Returned,Low,3405.38,VIP
602420,Desk Lamp,25,2020-05-03 20:00,41.42,0.18,15.56,Apparel,Online,Not Returned,High,1035.5,VIP
882518,Blue Pen,42,2020-05-04 22:00,92.24,0.49,21.0,Apparel,In-store,Not Returned,Low,3874.08,VIP
390524,USB Cable,23,2020-05-05 10:00,53.84,0.34,9.94,Apparel,In-store,Returned,Low,1238.3200000000002,VIP
404224,Desk Lamp,19,2020-05-06 03:00,88.02,0.35,25.31,Apparel,In-store,Not Returned,High,1672.38,VIP
877499,Wall Clock,-43,2020-05-06 11:00,-72.28,0.04,,Apparel,Online,Not Returned,Medium,3108.04,VIP
489878,White Mug,33,2020-05-06 12:00,77.75,0.36,11.68,Apparel,In-store,Not Returned,Low,2565.75,VIP
107099,Office Chair,30,2020-05-06 20:00,41.72,0.11,8.34,Apparel,In-store,Not Returned,High,1251.6,VIP
518647,Wall Clock,26,2020-05-06 22:00,86.66,0.03,7.9,Apparel,Online,Not Returned,High,2253.16,VIP
323332,Notebook,26,2020-05-07 04:00,61.55,0.45,15.97,Apparel,In-store,Not Returned,Medium,1600.3,VIP
369932,Wall Clock,16,2020-05-07 11:00,77.63,0.16,10.22,Apparel,In-store,Not Returned,High,1242.08,VIP
192601,USB Cable,41,2020-05-08 06:00,53.48,0.35,15.57,Apparel,Online,Not Returned,Medium,2192.68,VIP
729085,Wall Clock,49,2020-05-08 09:00,77.27,0.45,18.04,Apparel,Online,Not Returned,Low,3786.23,VIP
471931,Blue Pen,40,2020-05-08 16:00,98.55,0.37,16.93,Apparel,Online,Not Returned,High,3942.0,VIP
223257,USB Cable,40,2020-05-09 09:00,86.53,0.23,6.3,Apparel,In-store,Returned,Low,3461.2,VIP
247977,Wall Clock,44,2020-05-10 02:00,58.7,0.5,14.68,Apparel,Online,Not Returned,High,2582.8,VIP
276072,Headphones,39,2020-05-10 07:00,74.9,0.49,25.89,Apparel,In-store,Not Returned,Medium,2921.1000000000004,VIP
571027,Notebook,-37,2020-05-10 16:00,-87.97,0.1,,Apparel,Online,Not Returned,High,3254.89,VIP
507507,Office Chair,21,2020-05-10 17:00,68.47,0.35,14.25,Apparel,In-store,Not Returned,Low,1437.87,VIP
951378,Wall Clock,43,2020-05-10 21:00,47.79,0.13,20.39,Apparel,Online,Not Returned,High,2054.97,VIP
732543,Office Chair,16,2020-05-11 22:00,88.06,0.23,27.98,Apparel,Online,Returned,Low,1408.96,VIP
123387,Office Chair,29,2020-05-12 05:00,74.47,0.41,21.09,Apparel,In-store,Not Returned,Low,2159.63,VIP
277558,T-shirt,34,2020-05-12 17:00,43.2,0.05,10.99,Apparel,In-store,Not Returned,High,1468.8000000000002,VIP
166912,Blue Pen,19,2020-05-13 01:00,92.83,0.38,23.88,Apparel,Online,Returned,Medium,1763.77,VIP
632994,Wall Clock,43,2020-05-13 03:00,43.88,0.45,17.49,Apparel,Online,Not Returned,High,1886.84,VIP
692344,Notebook,37,2020-05-14 09:00,80.29,0.33,5.34,Apparel,Online,Not Returned,Low,2970.73,VIP
516978,Office Chair,12,2020-05-15 19:00,89.12,0.46,25.94,Apparel,In-store,Not Returned,High,1069.44,VIP
204195,Blue Pen,26,2020-05-16 17:00,54.42,0.4,26.21,Apparel,In-store,Returned,High,1414.92,VIP
368787,T-shirt,28,2020-05-17 05:00,95.82,0.31,9.07,Apparel,Online,Not Returned,Low,2682.96,VIP
417650,Office Chair,26,2020-05-17 19:00,91.34,0.27,21.2,Apparel,In-store,Not Returned,Low,2374.84,VIP
252889,White Mug,34,2020-05-18 00:00,79.9,0.43,22.14,Apparel,In-store,Not Returned,Low,2716.6000000000004,VIP
869727,Wireless Mouse,30,2020-05-18 05:00,73.29,0.08,13.98,Apparel,In-store,Not Returned,Medium,2198.7000000000003,VIP
390998,Blue Pen,40,2020-05-18 10:00,86.47,0.41,21.84,Apparel,Online,Not Returned,Medium,3458.8,VIP
518267,White Mug,24,2020-05-18 18:00,44.82,0.41,27.82,Apparel,Online,Not Returned,High,1075.68,VIP
342634,Wireless Mouse,46,2020-05-18 20:00,55.22,0.48,9.34,Apparel,Online,Not Returned,High,2540.12,VIP
645909,T-shirt,31,2020-05-18 22:00,75.98,0.23,24.35,Apparel,Online,Not Returned,High,2355.38,VIP
604409,Office Chair,35,2020-05-19 13:00,75.91,0.19,19.6,Apparel,In-store,Not Returned,High,2656.85,VIP
845466,White Mug,35,2020-05-20 07:00,67.58,0.37,19.38,Apparel,Online,Not Returned,Low,2365.3,VIP
183369,Headphones,31,2020-05-20 11:00,59.3,0.14,16.44,Apparel,In-store,Not Returned,Medium,1838.3,VIP
370143,Wireless Mouse,-20,2020-05-20 17:00,-55.92,1.8912340432801984,,Apparel,Online,Not Returned,Low,1118.4,VIP
757456,USB Cable,37,2020-05-20 20:00,60.93,0.13,24.52,Apparel,In-store,Not Returned,Medium,2254.41,VIP
869605,Headphones,31,2020-05-21 02:00,94.78,0.04,16.68,Apparel,In-store,Not Returned,Medium,2938.18,VIP
667109,Desk Lamp,41,2020-05-21 13:00,77.6,0.41,12.58,Apparel,In-store,Not Returned,Low,3181.6,VIP
574013,Wall Clock,29,2020-05-22 00:00,35.72,0.17,29.94,Apparel,In-store,Not Returned,Medium,1035.88,VIP
586799,USB Cable,42,2020-05-22 11:00,78.27,0.14,28.38,Apparel,In-store,Not Returned,Low,3287.34,VIP
855678,T-shirt,34,2020-05-22 13:00,33.41,0.42,20.66,Apparel,In-store,Not Returned,Medium,1135.9399999999998,VIP
666088,Office Chair,35,2020-05-22 19:00,29.27,0.34,11.15,Apparel,Online,Not Returned,Medium,1024.45,VIP
933731,T-shirt,31,2020-05-23 04:00,55.4,0.35,5.48,Apparel,In-store,Not Returned,Low,1717.4,VIP
654970,White Mug,46,2020-05-23 07:00,47.36,0.09,28.99,Apparel,Online,Not Returned,Low,2178.56,VIP
689716,T-shirt,43,2020-05-23 17:00,65.95,0.04,22.08,Apparel,Online,Not Returned,Medium,2835.85,VIP
380466,Headphones,-38,2020-05-24 11:00,-80.38,1.820343315070733,,Apparel,In-store,Not Returned,Medium,3054.44,VIP
191006,Blue Pen,28,2020-05-24 23:00,76.93,0.2,26.16,Apparel,Online,Not Returned,High,2154.04,VIP
229350,Desk Lamp,20,2020-05-25 00:00,56.26,0.09,29.46,Apparel,In-store,Not Returned,High,1125.2,VIP
306487,White Mug,31,2020-05-25 05:00,59.82,0.06,9.07,Apparel,Online,Not Returned,High,1854.42,VIP
309093,Wall Clock,30,2020-05-25 20:00,52.06,0.2,16.84,Apparel,Online,Not Returned,Low,1561.8000000000002,VIP
803305,USB Cable,41,2020-05-25 22:00,27.3,0.48,23.73,Apparel,Online,Not Returned,Low,1119.3,VIP
193269,White Mug,30,2020-05-26 13:00,66.1,0.41,26.13,Apparel,In-store,Not Returned,Low,1983.0,VIP
550542,Backpack,44,2020-05-26 16:00,68.39,0.09,23.08,Apparel,In-store,Not Returned,High,3009.16,VIP
148777,Notebook,46,2020-05-26 21:00,28.87,0.49,29.8,Apparel,In-store,Not Returned,High,1328.02,VIP
897232,Blue Pen,33,2020-05-27 02:00,69.77,0.01,13.91,Apparel,Online,Not Returned,High,2302.41,VIP
785933,Wall Clock,-23,2020-05-27 11:00,-77.78,1.2072225209184249,,Apparel,Online,Not Returned,Medium,1788.94,VIP
630062,T-shirt,31,2020-05-27 14:00,43.92,0.2,10.74,Apparel,Online,Not Returned,Medium,1361.52,VIP
777160,Wireless Mouse,46,2020-05-29 09:00,90.59,0.18,15.17,Apparel,Online,Not Returned,Medium,4167.14,VIP
514600,Backpack,47,2020-05-29 15:00,79.88,0.21,27.61,Apparel,In-store,Returned,High,3754.36,VIP
106530,T-shirt,44,2020-05-30 03:00,50.38,0.49,15.88,Apparel,Online,Returned,Medium,2216.7200000000003,VIP
628423,Desk Lamp,37,2020-05-30 08:00,87.8,0.31,7.27,Apparel,In-store,Not Returned,High,3248.6,VIP
771514,Desk Lamp,36,2020-05-31 18:00,44.87,0.46,25.33,Apparel,In-store,Not Returned,Medium,1615.32,VIP
155426,Backpack,47,2020-05-31 21:00,45.87,0.5,20.72,Apparel,Online,Not Returned,Low,2155.89,VIP
319780,Wireless Mouse,48,2020-06-01 06:00,45.92,0.18,26.57,Apparel,Online,Not Returned,Low,2204.16,VIP
542632,Blue Pen,23,2020-06-01 11:00,58.95,0.43,29.18,Apparel,In-store,Not Returned,High,1355.85,VIP
361691,Wireless Mouse,42,2020-06-01 15:00,39.77,0.49,25.37,Apparel,Online,Not Returned,High,1670.34,VIP
316823,Notebook,45,2020-06-02 11:00,25.89,0.23,21.96,Apparel,Online,Not Returned,Medium,1165.05,VIP
258588,White Mug,49,2020-06-03 15:00,42.48,0.31,11.8,Apparel,Online,Not Returned,Medium,2081.52,VIP
846111,Notebook,30,2020-06-04 07:00,91.08,0.14,14.53,Apparel,Online,Not Returned,Medium,2732.4,VIP
198696,USB Cable,38,2020-06-05 00:00,75.56,0.13,29.51,Apparel,Online,Not Returned,Medium,2871.28,VIP
241521,Wall Clock,24,2020-06-05 05:00,60.69,0.19,8.06,Apparel,Online,Not Returned,Medium,1456.56,VIP
565453,USB Cable,47,2020-06-05 15:00,75.2,0.04,9.02,Apparel,Online,Not Returned,Medium,3534.4,VIP
346183,Wall Clock,14,2020-06-06 06:00,79.55,0.35,14.87,Apparel,In-store,Not Returned,Medium,1113.7,VIP
578082,Office Chair,42,2020-06-06 17:00,84.96,0.41,26.48,Apparel,Online,Not Returned,Medium,3568.32,VIP
569164,Office Chair,16,2020-06-06 22:00,93.34,0.08,28.96,Apparel,Online,Returned,Low,1493.44,VIP
803814,Backpack,46,2020-06-06 23:00,59.2,0.42,18.69,Apparel,In-store,Not Returned,Medium,2723.2000000000003,VIP
591450,USB Cable,34,2020-06-08 03:00,56.66,0.18,11.17,Apparel,In-store,Not Returned,Medium,1926.44,VIP
443912,Notebook,30,2020-06-08 12:00,96.46,0.32,16.47,Apparel,In-store,Not Returned,Medium,2893.8,VIP
971868,White Mug,27,2020-06-09 19:00,53.4,0.04,22.78,Apparel,Online,Not Returned,Low,1441.8,VIP
412023,Notebook,31,2020-06-10 00:00,34.87,0.14,8.2,Apparel,In-store,Not Returned,Medium,1080.97,VIP
769927,Notebook,14,2020-06-10 17:00,78.75,0.46,9.67,Apparel,In-store,Not Returned,High,1102.5,VIP
976338,Notebook,23,2020-06-10 19:00,76.1,0.17,13.29,Apparel,In-store,Not Returned,High,1750.3,VIP
863429,Notebook,43,2020-06-10 20:00,54.79,0.22,18.46,Apparel,In-store,Not Returned,Low,2355.97,VIP
635381,Headphones,40,2020-06-11 07:00,81.96,0.25,14.64,Apparel,In-store,Not Returned,Low,3278.4,VIP
257584,Backpack,19,2020-06-11 18:00,61.56,0.22,25.91,Apparel,Online,Not Returned,High,1169.64,VIP
982487,Wireless Mouse,31,2020-06-12 14:00,72.01,0.4,10.81,Apparel,In-store,Not Returned,Medium,2232.31,VIP
302416,Headphones,44,2020-06-12 15:00,62.6,0.17,22.06,Apparel,In-store,Not Returned,Medium,2754.4,VIP
875024,Wall Clock,23,2020-06-12 20:00,70.89,0.38,13.29,Apparel,Online,Not Returned,Low,1630.47,VIP
379687,Headphones,20,2020-06-12 22:00,61.33,0.22,19.06,Apparel,Online,Not Returned,Low,1226.6,VIP
707564,White Mug,36,2020-06-14 06:00,72.05,0.0,21.39,Apparel,Online,Returned,High,2593.8,VIP
808140,Desk Lamp,18,2020-06-14 08:00,78.87,0.2,8.14,Apparel,Online,Not Returned,Medium,1419.66,VIP
303196,Headphones,28,2020-06-14 18:00,99.87,0.23,5.34,Apparel,In-store,Not Returned,Low,2796.36,VIP
515648,T-shirt,41,2020-06-14 20:00,46.67,0.03,24.68,Apparel,Online,Not Returned,Low,1913.47,VIP
952694,USB Cable,20,2020-06-15 09:00,81.6,0.21,21.87,Apparel,In-store,Not Returned,Low,1632.0,VIP
138211,Backpack,32,2020-06-15 15:00,70.84,0.3,13.72,Apparel,In-store,Not Returned,High,2266.88,VIP
387139,Wireless Mouse,21,2020-06-15 19:00,87.63,0.26,10.17,Apparel,In-store,Returned,High,1840.23,VIP
772337,T-shirt,13,2020-06-15 20:00,98.52,0.46,5.76,Apparel,Online,Not Returned,Medium,1280.76,VIP
853298,T-shirt,33,2020-06-15 21:00,32.93,0.44,14.91,Apparel,Online,Not Returned,Low,1086.69,VIP
965363,Desk Lamp,18,2020-06-16 01:00,84.65,0.36,16.43,Apparel,Online,Not Returned,Medium,1523.7,VIP
433569,Desk Lamp,45,2020-06-16 10:00,43.32,0.39,22.61,Apparel,In-store,Not Returned,High,1949.4,VIP
596574,Wall Clock,28,2020-06-16 11:00,81.56,0.18,20.58,Apparel,In-store,Not Returned,High,2283.6800000000003,VIP
527826,Blue Pen,44,2020-06-16 15:00,53.68,0.39,11.02,Apparel,In-store,Not Returned,Low,2361.92,VIP
355948,USB Cable,48,2020-06-16 17:00,60.37,0.29,22.85,Apparel,In-store,Returned,Medium,2897.76,VIP
570529,Office Chair,31,2020-06-17 07:00,52.47,0.48,24.39,Apparel,In-store,Not Returned,Low,1626.57,VIP
261445,Backpack,46,2020-06-17 09:00,37.62,0.15,13.33,Apparel,In-store,Not Returned,High,1730.52,VIP
610370,USB Cable,48,2020-06-17 18:00,95.82,0.4,6.02,Apparel,Online,Not Returned,Medium,4599.36,VIP
961396,Headphones,-38,2020-06-18 01:00,-79.32,1.2621371281838347,,Apparel,Online,Not Returned,Low,3014.16,VIP
792148,Notebook,25,2020-06-18 17:00,88.35,0.28,12.14,Apparel,In-store,Not Returned,High,2208.75,VIP
831109,USB Cable,34,2020-06-18 18:00,99.89,0.28,12.38,Apparel,In-store,Not Returned,Medium,3396.26,VIP
533819,USB Cable,13,2020-06-19 22:00,91.69,0.24,21.6,Apparel,In-store,Not Returned,Medium,1191.97,VIP
569924,Headphones,24,2020-06-19 23:00,52.74,0.16,10.16,Apparel,Online,Not Returned,Low,1265.76,VIP
826802,Headphones,44,2020-06-20 07:00,85.19,0.01,29.83,Apparel,Online,Not Returned,High,3748.36,VIP
117297,Blue Pen,34,2020-06-20 11:00,36.65,0.43,13.92,Apparel,Online,Not Returned,High,1246.1,VIP
715863,White Mug,36,2020-06-21 03:00,47.24,0.4,28.46,Apparel,In-store,Not Returned,High,1700.64,VIP
476794,Notebook,21,2020-06-22 00:00,77.17,0.04,29.06,Apparel,Online,Not Returned,Medium,1620.57,VIP
572890,Desk Lamp,24,2020-06-22 04:00,99.78,0.27,24.94,Apparel,Online,Not Returned,Medium,2394.7200000000003,VIP
350100,Wireless Mouse,16,2020-06-22 07:00,92.23,0.12,6.51,Apparel,In-store,Not Returned,High,1475.68,VIP
876676,Blue Pen,25,2020-06-22 10:00,85.79,0.35,29.97,Apparel,Online,Not Returned,Low,2144.75,VIP
565065,Wireless Mouse,42,2020-06-22 14:00,29.63,0.1,25.15,Apparel,In-store,Not Returned,Medium,1244.46,VIP
304923,Backpack,36,2020-06-22 15:00,98.42,0.25,20.18,Apparel,Online,Not Returned,Medium,3543.12,VIP
108036,Notebook,-11,2020-06-22 16:00,-93.0,1.855512822004956,,Apparel,In-store,Not Returned,Medium,1023.0,VIP
943601,Headphones,46,2020-06-25 04:00,80.73,0.01,19.71,Apparel,In-store,Not Returned,Low,3713.58,VIP
184754,White Mug,20,2020-06-25 10:00,54.57,0.06,14.08,Apparel,In-store,Not Returned,Low,1091.4,VIP
794335,White Mug,40,2020-06-25 22:00,49.34,0.39,21.6,Apparel,Online,Returned,High,1973.6,VIP
494423,Office Chair,47,2020-06-26 10:00,30.02,0.01,9.49,Apparel,In-store,Not Returned,High,1410.94,VIP
225074,White Mug,42,2020-06-26 18:00,25.21,0.46,24.2,Apparel,In-store,Not Returned,High,1058.82,VIP
660881,Desk Lamp,43,2020-06-27 14:00,40.96,0.32,29.89,Apparel,Online,Not Returned,Medium,1761.28,VIP
514299,Wall Clock,28,2020-06-27 21:00,58.91,0.02,26.95,Apparel,In-store,Not Returned,Medium,1649.48,VIP
364528,White Mug,47,2020-06-28 11:00,47.86,0.46,26.51,Apparel,Online,Not Returned,Low,2249.42,VIP
202239,Desk Lamp,42,2020-06-28 14:00,91.61,0.19,22.53,Apparel,In-store,Returned,Low,3847.62,VIP
908258,Office Chair,49,2020-06-28 19:00,41.12,0.07,9.82,Apparel,In-store,Not Returned,Low,2014.88,VIP
221668,Backpack,12,2020-06-28 21:00,94.69,0.1,10.45,Apparel,Online,Not Returned,Low,1136.28,VIP
585662,Wall Clock,34,2020-06-29 02:00,83.94,0.29,7.85,Apparel,In-store,Returned,Low,2853.96,VIP
236917,White Mug,11,2020-06-29 08:00,94.5,0.44,23.4,Apparel,Online,Returned,Low,1039.5,VIP
841432,Headphones,16,2020-06-29 21:00,85.58,0.04,20.53,Apparel,Online,Not Returned,High,1369.28,VIP
389954,Wireless Mouse,43,2020-06-30 00:00,79.84,0.08,7.51,Apparel,In-store,Not Returned,Medium,3433.1200000000003,VIP
456898,Wireless Mouse,25,2020-06-30 22:00,57.56,0.42,26.72,Apparel,Online,Not Returned,Low,1439.0,VIP
438113,White Mug,41,2020-06-30 23:00,56.57,0.09,18.86,Apparel,Online,Not Returned,Low,2319.37,VIP
770398,Desk Lamp,15,2020-07-01 00:00,77.76,0.09,19.08,Apparel,Online,Not Returned,Medium,1166.4,VIP
349415,USB Cable,19,2020-07-01 12:00,73.58,0.5,10.0,Apparel,Online,Returned,High,1398.02,VIP
141869,Headphones,21,2020-07-01 14:00,83.15,0.35,18.09,Apparel,Online,Not Returned,Medium,1746.15,VIP
577266,Blue Pen,22,2020-07-01 21:00,74.73,0.35,16.08,Apparel,In-store,Returned,Medium,1644.0600000000002,VIP
695600,Blue Pen,49,2020-07-02 03:00,36.37,0.46,8.9,Apparel,Online,Not Returned,Medium,1782.13,VIP
287771,Wireless Mouse,28,2020-07-02 07:00,93.69,0.1,25.94,Apparel,In-store,Not Returned,Low,2623.32,VIP
337199,Wall Clock,26,2020-07-02 08:00,94.88,0.14,11.91,Apparel,In-store,Not Returned,High,2466.88,VIP
851518,Office Chair,49,2020-07-02 16:00,93.32,0.46,15.89,Apparel,In-store,Returned,High,4572.679999999999,VIP
954336,Wireless Mouse,19,2020-07-03 07:00,61.41,0.24,21.75,Apparel,Online,Returned,High,1166.79,VIP
523966,USB Cable,29,2020-07-03 17:00,87.46,0.48,11.85,Apparel,In-store,Not Returned,Medium,2536.34,VIP
836265,Office Chair,28,2020-07-03 22:00,35.82,0.43,5.41,Apparel,Online,Not Returned,Low,1002.96,VIP
114743,T-shirt,-47,2020-07-04 08:00,-36.0,1.33674488750072,,Apparel,Online,Not Returned,Low,1692.0,VIP
800769,Backpack,48,2020-07-05 02:00,23.81,0.42,7.34,Apparel,In-store,Returned,Low,1142.88,VIP
180811,Headphones,20,2020-07-05 22:00,89.88,0.2,8.02,Apparel,In-store,Not Returned,Low,1797.6,VIP
284456,Headphones,32,2020-07-06 07:00,39.85,0.34,8.35,Apparel,Online,Not Returned,Medium,1275.2,VIP
233296,T-shirt,-24,2020-07-06 16:00,-46.64,1.127886022741334,,Apparel,Online,Not Returned,Low,1119.36,VIP
279767,T-shirt,31,2020-07-06 19:00,81.23,0.13,6.26,Apparel,In-store,Not Returned,High,2518.13,VIP
735310,Notebook,22,2020-07-07 19:00,88.5,0.18,21.06,Apparel,Online,Not Returned,Medium,1947.0,VIP
567835,Wall Clock,18,2020-07-08 23:00,91.08,0.24,29.72,Apparel,In-store,Not Returned,Medium,1639.44,VIP
645096,Wireless Mouse,48,2020-07-09 09:00,77.1,0.21,6.6,Apparel,Online,Not Returned,High,3700.8,VIP
676677,T-shirt,44,2020-07-09 10:00,63.55,0.04,20.6,Apparel,In-store,Not Returned,Low,2796.2,VIP
157134,USB Cable,32,2020-07-10 23:00,87.88,0.46,15.71,Apparel,In-store,Not Returned,Low,2812.16,VIP
791381,Notebook,18,2020-07-11 19:00,74.38,0.23,22.01,Apparel,Online,Not Returned,Medium,1338.84,VIP
616835,White Mug,40,2020-07-12 00:00,49.43,0.28,19.42,Apparel,Online,Not Returned,High,1977.2,VIP
381755,Office Chair,29,2020-07-12 07:00,68.14,0.3,14.48,Apparel,Online,Not Returned,Low,1976.06,VIP
941675,USB Cable,36,2020-07-12 13:00,92.86,0.49,20.38,Apparel,Online,Not Returned,Low,3342.96,VIP
161240,Wall Clock,27,2020-07-13 09:00,90.68,0.34,24.71,Apparel,Online,Not Returned,Medium,2448.36,VIP
688398,T-shirt,39,2020-07-13 17:00,94.81,0.14,18.25,Apparel,Online,Not Returned,Low,3697.59,VIP
284626,Office Chair,49,2020-07-13 18:00,89.45,0.3,20.04,Apparel,Online,Not Returned,Medium,4383.05,VIP
652439,White Mug,25,2020-07-14 01:00,44.76,0.42,7.74,Apparel,Online,Returned,Medium,1119.0,VIP
190306,Wall Clock,18,2020-07-14 06:00,90.97,0.36,10.53,Apparel,Online,Not Returned,Medium,1637.46,VIP
917563,Wireless Mouse,47,2020-07-14 12:00,91.65,0.24,18.3,Apparel,In-store,Not Returned,Low,4307.55,VIP
860278,Wireless Mouse,47,2020-07-14 16:00,43.53,0.49,24.7,Apparel,In-store,Not Returned,Medium,2045.91,VIP
862371,Office Chair,33,2020-07-14 18:00,32.64,0.22,28.18,Apparel,In-store,Not Returned,High,1077.12,VIP
723222,USB Cable,34,2020-07-14 21:00,97.19,0.4,22.55,Apparel,Online,Not Returned,High,3304.46,VIP
309329,T-shirt,20,2020-07-15 01:00,56.12,0.22,6.99,Apparel,In-store,Not Returned,Medium,1122.4,VIP
526009,T-shirt,47,2020-07-15 15:00,51.73,0.11,17.56,Apparel,In-store,Not Returned,Medium,2431.31,VIP
590834,White Mug,20,2020-07-15 20:00,93.12,0.25,13.15,Apparel,Online,Not Returned,High,1862.4,VIP
811111,Office Chair,31,2020-07-15 23:00,89.53,0.05,21.22,Apparel,Online,Not Returned,Medium,2775.43,VIP
369150,USB Cable,47,2020-07-16 01:00,36.14,0.34,21.34,Apparel,Online,Not Returned,Medium,1698.58,VIP
296416,Backpack,31,2020-07-16 04:00,34.24,0.29,18.23,Apparel,In-store,Not Returned,Low,1061.44,VIP
175451,USB Cable,32,2020-07-16 09:00,60.13,0.08,20.35,Apparel,Online,Not Returned,Medium,1924.16,VIP
847852,Blue Pen,16,2020-07-18 07:00,84.93,0.13,7.94,Apparel,In-store,Not Returned,High,1358.88,VIP
228389,Blue Pen,29,2020-07-19 11:00,48.4,0.21,7.34,Apparel,In-store,Not Returned,Low,1403.6,VIP
592402,Office Chair,23,2020-07-19 14:00,79.84,0.4,14.25,Apparel,In-store,Not Returned,Low,1836.32,VIP
850186,Wall Clock,30,2020-07-19 20:00,47.44,0.19,11.79,Apparel,Online,Not Returned,Medium,1423.1999999999998,VIP
316204,Backpack,39,2020-07-20 01:00,25.93,0.3,12.33,Apparel,In-store,Not Returned,Medium,1011.27,VIP
258763,Wall Clock,25,2020-07-20 16:00,40.3,0.07,17.94,Apparel,Online,Not Returned,Low,1007.5,VIP
792137,USB Cable,38,2020-07-20 23:00,28.49,0.32,15.35,Apparel,Online,Not Returned,Low,1082.62,VIP
753015,T-shirt,24,2020-07-21 03:00,55.04,0.49,25.6,Apparel,In-store,Not Returned,High,1320.96,VIP
967482,Blue Pen,19,2020-07-21 12:00,62.54,0.4,16.87,Apparel,In-store,Not Returned,High,1188.26,VIP
602648,T-shirt,37,2020-07-21 13:00,37.51,0.17,7.66,Apparel,In-store,Not Returned,Medium,1387.87,VIP
861282,Wall Clock,30,2020-07-21 15:00,87.46,0.16,5.76,Apparel,Online,Not Returned,Low,2623.8,VIP
505513,T-shirt,34,2020-07-21 19:00,48.42,0.13,17.8,Apparel,In-store,Not Returned,High,1646.28,VIP
468226,Headphones,47,2020-07-22 13:00,46.64,0.1,10.7,Apparel,Online,Not Returned,Low,2192.08,VIP
780089,T-shirt,30,2020-07-23 07:00,48.03,0.17,18.47,Apparel,In-store,Not Returned,Medium,1440.9,VIP
405505,USB Cable,24,2020-07-23 19:00,73.92,0.43,25.02,Apparel,Online,Not Returned,Low,1774.08,VIP
134540,Wireless Mouse,48,2020-07-23 21:00,66.44,0.05,15.85,Apparel,In-store,Not Returned,Low,3189.12,VIP
146002,Notebook,16,2020-07-24 04:00,64.01,0.31,24.36,Apparel,Online,Not Returned,Medium,1024.16,VIP
532680,USB Cable,47,2020-07-25 04:00,86.15,0.05,7.83,Apparel,Online,Not Returned,Medium,4049.05,VIP
193330,White Mug,40,2020-07-25 06:00,72.66,0.34,7.84,Apparel,Online,Not Returned,Medium,2906.4,VIP
515534,Headphones,27,2020-07-27 11:00,63.82,0.32,25.5,Apparel,In-store,Not Returned,Medium,1723.14,VIP
982174,USB Cable,42,2020-07-27 17:00,48.15,0.12,10.25,Apparel,In-store,Not Returned,High,2022.3,VIP
840520,Blue Pen,49,2020-07-27 20:00,87.33,0.3,25.23,Apparel,In-store,Not Returned,High,4279.17,VIP
226479,T-shirt,38,2020-07-28 14:00,99.35,0.44,28.6,Apparel,In-store,Not Returned,High,3775.3,VIP
372158,Headphones,26,2020-07-29 00:00,51.87,0.39,15.14,Apparel,Online,Not Returned,Medium,1348.62,VIP
133872,Blue Pen,21,2020-07-29 23:00,51.13,0.15,7.24,Apparel,Online,Not Returned,Low,1073.73,VIP
185774,Notebook,30,2020-07-30 05:00,71.58,0.29,9.07,Apparel,In-store,Not Returned,Medium,2147.4,VIP
808672,Wireless Mouse,43,2020-07-31 11:00,86.35,0.43,19.88,Apparel,In-store,Not Returned,Low,3713.05,VIP
412863,T-shirt,46,2020-07-31 16:00,75.69,0.3,11.32,Apparel,In-store,Not Returned,Low,3481.74,VIP
658963,Headphones,43,2020-08-01 00:00,46.42,0.01,15.72,Apparel,Online,Not Returned,Low,1996.06,VIP
890605,Wall Clock,49,2020-08-01 03:00,63.3,0.12,5.68,Apparel,In-store,Not Returned,Medium,3101.7,VIP
912832,Wireless Mouse,30,2020-08-01 05:00,73.67,0.36,20.78,Apparel,In-store,Not Returned,Medium,2210.1,VIP
576128,Blue Pen,17,2020-08-01 16:00,67.57,0.22,20.84,Apparel,In-store,Not Returned,High,1148.6899999999998,VIP
765938,Headphones,44,2020-08-01 18:00,57.13,0.26,9.99,Apparel,Online,Not Returned,Medium,2513.7200000000003,VIP
337501,Desk Lamp,28,2020-08-02 04:00,98.01,0.08,21.08,Apparel,In-store,Not Returned,Medium,2744.28,VIP
808175,White Mug,47,2020-08-02 07:00,78.0,0.06,13.91,Apparel,In-store,Not Returned,High,3666.0,VIP
942840,White Mug,35,2020-08-02 11:00,32.47,0.08,16.89,Apparel,Online,Not Returned,High,1136.45,VIP
225355,Desk Lamp,26,2020-08-02 14:00,75.0,0.45,19.74,Apparel,Online,Returned,High,1950.0,VIP
127798,White Mug,16,2020-08-02 15:00,87.75,0.42,26.26,Apparel,In-store,Not Returned,Low,1404.0,VIP
317060,Notebook,37,2020-08-02 21:00,29.99,0.45,16.57,Apparel,In-store,Not Returned,Medium,1109.63,VIP
742927,Wall Clock,13,2020-08-04 06:00,88.31,0.32,16.53,Apparel,Online,Not Returned,Low,1148.03,VIP
479270,Blue Pen,28,2020-08-04 20:00,67.38,0.3,28.86,Apparel,In-store,Not Returned,High,1886.64,VIP
503777,USB Cable,37,2020-08-05 18:00,67.69,0.44,26.34,Apparel,In-store,Returned,High,2504.53,VIP
424264,T-shirt,45,2020-08-05 23:00,34.83,0.25,12.42,Apparel,In-store,Not Returned,Low,1567.35,VIP
719164,Backpack,25,2020-08-07 02:00,78.31,0.47,19.88,Apparel,In-store,Not Returned,High,1957.75,VIP
161842,USB Cable,48,2020-08-07 08:00,41.98,0.03,24.17,Apparel,Online,Not Returned,Medium,2015.04,VIP
530179,Desk Lamp,44,2020-08-08 03:00,32.47,0.28,13.59,Apparel,In-store,Not Returned,High,1428.6799999999998,VIP
573048,Office Chair,33,2020-08-08 12:00,85.22,0.22,10.57,Apparel,In-store,Not Returned,High,2812.26,VIP
941708,Blue Pen,15,2020-08-09 02:00,81.69,0.43,5.66,Apparel,Online,Not Returned,Low,1225.35,VIP
797411,Office Chair,39,2020-08-09 07:00,54.1,0.23,11.95,Apparel,In-store,Not Returned,Low,2109.9,VIP
952050,Notebook,43,2020-08-09 10:00,55.45,0.25,25.56,Apparel,Online,Not Returned,Low,2384.35,VIP
206121,Wall Clock,42,2020-08-09 12:00,72.84,0.02,29.66,Apparel,In-store,Not Returned,High,3059.28,VIP
412660,White Mug,29,2020-08-10 06:00,39.08,0.43,20.74,Apparel,In-store,Not Returned,Low,1133.32,VIP
821755,USB Cable,34,2020-08-10 18:00,71.99,0.27,9.89,Apparel,In-store,Not Returned,Medium,2447.66,VIP
191176,White Mug,22,2020-08-10 21:00,93.69,0.4,16.77,Apparel,Online,Not Returned,Low,2061.18,VIP
416462,USB Cable,29,2020-08-11 09:00,96.26,0.03,22.9,Apparel,Online,Not Returned,High,2791.54,VIP
960220,Desk Lamp,26,2020-08-11 20:00,50.29,0.5,15.71,Apparel,In-store,Returned,High,1307.54,VIP
781509,Headphones,44,2020-08-12 09:00,86.26,0.24,18.76,Apparel,Online,Not Returned,Medium,3795.44,VIP
498499,Office Chair,32,2020-08-12 10:00,55.6,0.4,7.26,Apparel,In-store,Not Returned,High,1779.2,VIP
887301,Backpack,30,2020-08-12 17:00,60.14,0.14,14.23,Apparel,In-store,Not Returned,High,1804.2,VIP
274875,T-shirt,12,2020-08-13 09:00,85.4,0.34,8.9,Apparel,In-store,Not Returned,High,1024.8000000000002,VIP
497674,Wireless Mouse,29,2020-08-13 19:00,81.48,0.37,19.08,Apparel,Online,Not Returned,High,2362.92,VIP
393851,Notebook,40,2020-08-15 00:00,86.87,0.3,15.45,Apparel,Online,Not Returned,Medium,3474.8,VIP
387644,Wireless Mouse,46,2020-08-15 13:00,63.18,0.06,18.7,Apparel,In-store,Not Returned,Low,2906.28,VIP
737787,T-shirt,44,2020-08-15 17:00,75.51,0.02,22.23,Apparel,Online,Not Returned,High,3322.44,VIP
773812,Wall Clock,33,2020-08-15 18:00,48.91,0.06,7.84,Apparel,In-store,Not Returned,Medium,1614.03,VIP
790796,White Mug,25,2020-08-15 22:00,48.06,0.49,26.9,Apparel,In-store,Not Returned,High,1201.5,VIP
444866,Desk Lamp,15,2020-08-16 02:00,75.58,0.32,15.14,Apparel,In-store,Not Returned,Low,1133.7,VIP
875107,T-shirt,12,2020-08-16 03:00,97.7,0.25,29.84,Apparel,In-store,Not Returned,Low,1172.4,VIP
752416,Headphones,15,2020-08-16 05:00,99.74,0.36,12.83,Apparel,In-store,Returned,Low,1496.1,VIP
102187,T-shirt,31,2020-08-16 06:00,46.15,0.44,21.12,Apparel,In-store,Not Returned,Low,1430.65,VIP
524032,Headphones,30,2020-08-17 02:00,53.31,0.31,13.87,Apparel,Online,Not Returned,Medium,1599.3000000000002,VIP
224116,Backpack,30,2020-08-17 04:00,37.65,0.12,16.91,Apparel,Online,Not Returned,Medium,1129.5,VIP
526070,Backpack,24,2020-08-17 16:00,62.03,0.03,18.08,Apparel,Online,Returned,High,1488.72,VIP
998332,Backpack,19,2020-08-18 03:00,79.58,0.46,23.85,Apparel,In-store,Not Returned,High,1512.02,VIP
267527,Notebook,16,2020-08-18 17:00,83.13,0.24,21.98,Apparel,Online,Not Returned,Medium,1330.08,VIP
776473,Wireless Mouse,17,2020-08-19 06:00,64.6,0.03,24.47,Apparel,In-store,Not Returned,Medium,1098.1999999999998,VIP
930371,White Mug,41,2020-08-19 11:00,55.38,0.18,8.61,Apparel,Online,Not Returned,Medium,2270.58,VIP
129345,Notebook,43,2020-08-19 12:00,58.96,0.49,11.94,Apparel,In-store,Not Returned,Low,2535.28,VIP
593814,Notebook,41,2020-08-19 16:00,37.92,0.09,13.39,Apparel,Online,Not Returned,Low,1554.72,VIP
484583,Office Chair,42,2020-08-20 01:00,28.96,0.27,8.36,Apparel,Online,Not Returned,Medium,1216.32,VIP
971712,Blue Pen,21,2020-08-20 05:00,58.29,0.39,11.95,Apparel,In-store,Not Returned,Medium,1224.09,VIP
243279,Wall Clock,33,2020-08-20 20:00,97.43,0.42,15.42,Apparel,In-store,Not Returned,High,3215.19,VIP
170463,Wireless Mouse,16,2020-08-21 02:00,77.64,0.37,29.55,Apparel,Online,Not Returned,High,1242.24,VIP
951480,Blue Pen,23,2020-08-21 23:00,45.99,0.15,17.76,Apparel,In-store,Not Returned,Medium,1057.77,VIP
595413,White Mug,21,2020-08-22 09:00,84.68,0.2,6.98,Apparel,In-store,Not Returned,Medium,1778.2800000000002,VIP
798802,Headphones,47,2020-08-23 13:00,49.78,0.49,24.92,Apparel,In-store,Not Returned,High,2339.66,VIP
794119,Wall Clock,33,2020-08-23 23:00,36.21,0.01,21.43,Apparel,Online,Not Returned,Low,1194.93,VIP
307139,Headphones,36,2020-08-24 00:00,70.01,0.37,8.97,Apparel,In-store,Not Returned,Low,2520.36,VIP
520162,Wall Clock,23,2020-08-24 17:00,84.33,0.44,24.06,Apparel,Online,Returned,High,1939.59,VIP
913629,T-shirt,26,2020-08-25 00:00,99.41,0.3,7.87,Apparel,In-store,Not Returned,High,2584.66,VIP
209162,Office Chair,40,2020-08-25 06:00,86.25,0.5,26.59,Apparel,In-store,Not Returned,Low,3450.0,VIP
773249,White Mug,34,2020-08-25 19:00,92.24,0.37,15.33,Apparel,In-store,Not Returned,High,3136.16,VIP
416463,Office Chair,38,2020-08-25 23:00,76.83,0.42,20.34,Apparel,In-store,Not Returned,Low,2919.54,VIP
345144,White Mug,28,2020-08-26 00:00,84.63,0.0,27.54,Apparel,Online,Returned,High,2369.64,VIP
263244,USB Cable,18,2020-08-26 06:00,70.19,0.08,13.46,Apparel,In-store,Returned,High,1263.42,VIP
552413,Backpack,33,2020-08-26 07:00,97.66,0.38,18.34,Apparel,In-store,Returned,High,3222.78,VIP
201158,White Mug,33,2020-08-26 08:00,66.71,0.36,19.62,Apparel,Online,Not Returned,High,2201.43,VIP
898009,White Mug,37,2020-08-26 09:00,46.99,0.17,26.34,Apparel,Online,Not Returned,High,1738.63,VIP
382140,Backpack,41,2020-08-26 15:00,39.52,0.28,15.38,Apparel,In-store,Not Returned,High,1620.3200000000002,VIP
266782,Headphones,28,2020-08-26 20:00,96.84,0.09,9.67,Apparel,In-store,Not Returned,High,2711.52,VIP
223099,USB Cable,37,2020-08-26 21:00,66.45,0.15,22.26,Apparel,In-store,Not Returned,Medium,2458.65,VIP
831862,Office Chair,39,2020-08-27 01:00,60.07,0.01,21.5,Apparel,In-store,Not Returned,High,2342.73,VIP
712084,Notebook,26,2020-08-27 08:00,78.04,0.43,8.05,Apparel,In-store,Not Returned,Low,2029.04,VIP
383983,USB Cable,42,2020-08-28 04:00,85.7,0.35,24.42,Apparel,Online,Not Returned,Low,3599.4,VIP
689421,T-shirt,18,2020-08-29 04:00,67.36,0.29,15.05,Apparel,Online,Not Returned,Low,1212.48,VIP
479747,Backpack,38,2020-08-29 06:00,54.87,0.09,18.83,Apparel,In-store,Not Returned,Low,2085.06,VIP
791319,Notebook,30,2020-08-30 07:00,77.49,0.28,23.76,Apparel,Online,Not Returned,High,2324.7,VIP
867674,Headphones,26,2020-08-30 13:00,41.98,0.07,11.8,Apparel,In-store,Not Returned,High,1091.48,VIP
509319,Wall Clock,-33,2020-08-30 15:00,-70.56,1.2782676067488006,,Apparel,Online,Not Returned,High,2328.48,VIP
702566,USB Cable,38,2020-08-30 18:00,48.94,0.45,22.28,Apparel,Online,Not Returned,Low,1859.72,VIP
510591,Office Chair,26,2020-09-01 15:00,92.37,0.41,18.41,Apparel,Online,Not Returned,Medium,2401.62,VIP
695484,Blue Pen,41,2020-09-02 06:00,84.17,0.15,15.24,Apparel,In-store,Not Returned,Low,3450.9700000000003,VIP
737999,White Mug,41,2020-09-02 15:00,44.35,0.04,26.52,Apparel,Online,Not Returned,High,1818.35,VIP
610491,Wireless Mouse,15,2020-09-02 22:00,78.52,0.03,6.52,Apparel,In-store,Not Returned,Low,1177.8,VIP
908596,Headphones,23,2020-09-03 03:00,62.81,0.11,29.1,Apparel,Online,Not Returned,Medium,1444.63,VIP
130257,Wireless Mouse,44,2020-09-03 05:00,42.03,0.18,19.5,Apparel,In-store,Not Returned,High,1849.32,VIP
278646,Notebook,41,2020-09-03 19:00,77.84,0.27,5.14,Apparel,Online,Not Returned,High,3191.44,VIP
965256,Wall Clock,41,2020-09-04 02:00,47.37,0.44,15.07,Apparel,In-store,Returned,Medium,1942.17,VIP
958950,T-shirt,27,2020-09-04 07:00,52.78,0.23,10.69,Apparel,Online,Not Returned,High,1425.06,VIP
265159,Headphones,34,2020-09-05 06:00,37.77,0.5,25.06,Apparel,Online,Not Returned,Medium,1284.18,VIP
910421,Wireless Mouse,33,2020-09-05 21:00,43.63,0.08,7.74,Apparel,In-store,Not Returned,Low,1439.7900000000002,VIP
114995,Blue Pen,19,2020-09-06 04:00,89.99,0.09,15.09,Apparel,Online,Not Returned,Low,1709.81,VIP
498237,Blue Pen,37,2020-09-06 08:00,88.63,0.45,6.37,Apparel,Online,Not Returned,Medium,3279.31,VIP
544755,Backpack,34,2020-09-06 11:00,61.93,0.35,5.03,Apparel,Online,Not Returned,Medium,2105.62,VIP
515466,White Mug,48,2020-09-06 17:00,55.9,0.23,7.83,Apparel,In-store,Not Returned,Low,2683.2,VIP
240148,USB Cable,16,2020-09-07 17:00,65.48,0.21,5.83,Apparel,Online,Not Returned,High,1047.68,VIP
624006,Wall Clock,32,2020-09-07 22:00,49.19,0.27,14.52,Apparel,Online,Not Returned,Low,1574.08,VIP
612493,Wall Clock,43,2020-09-08 07:00,52.27,0.34,6.91,Apparel,Online,Not Returned,High,2247.61,VIP
352388,Backpack,17,2020-09-08 22:00,73.21,0.18,11.17,Apparel,In-store,Not Returned,High,1244.57,VIP
452365,USB Cable,14,2020-09-09 10:00,76.99,0.17,8.52,Apparel,In-store,Not Returned,Medium,1077.86,VIP
669354,Backpack,38,2020-09-10 14:00,88.58,0.49,8.17,Apparel,Online,Not Returned,High,3366.04,VIP
253837,Desk Lamp,45,2020-09-10 23:00,94.0,0.02,10.59,Apparel,Online,Not Returned,Medium,4230.0,VIP
695032,Wall Clock,41,2020-09-11 19:00,84.05,0.29,8.36,Apparel,In-store,Not Returned,High,3446.05,VIP
711726,Wall Clock,48,2020-09-12 01:00,42.91,0.25,17.98,Apparel,Online,Not Returned,High,2059.68,VIP
337068,Wall Clock,32,2020-09-12 08:00,81.35,0.34,11.85,Apparel,Online,Not Returned,High,2603.2,VIP
201407,Desk Lamp,40,2020-09-12 10:00,26.48,0.22,25.6,Apparel,In-store,Not Returned,Medium,1059.2,VIP
805356,Office Chair,26,2020-09-12 17:00,44.37,0.23,27.51,Apparel,In-store,Not Returned,Medium,1153.62,VIP
658988,Backpack,36,2020-09-13 14:00,74.61,0.11,13.41,Apparel,Online,Not Returned,High,2685.96,VIP
611162,T-shirt,23,2020-09-14 06:00,58.86,0.33,20.72,Apparel,Online,Not Returned,Low,1353.78,VIP
573573,Headphones,23,2020-09-14 07:00,76.36,0.39,27.7,Apparel,Online,Not Returned,Medium,1756.28,VIP
437629,White Mug,45,2020-09-14 11:00,65.58,0.06,6.96,Apparel,In-store,Returned,High,2951.1,VIP
220062,USB Cable,49,2020-09-15 12:00,99.92,0.01,12.12,Apparel,Online,Not Returned,Low,4896.08,VIP
978878,Wireless Mouse,29,2020-09-15 18:00,59.57,0.49,12.37,Apparel,Online,Not Returned,Medium,1727.53,VIP
307609,USB Cable,27,2020-09-15 21:00,99.47,0.18,12.12,Apparel,Online,Not Returned,High,2685.69,VIP
809132,T-shirt,47,2020-09-16 01:00,53.71,0.11,20.95,Apparel,Online,Returned,Medium,2524.37,VIP
337723,Wireless Mouse,30,2020-09-17 09:00,36.26,0.17,18.79,Apparel,Online,Not Returned,High,1087.8,VIP
831893,USB Cable,14,2020-09-17 15:00,80.92,0.16,20.36,Apparel,In-store,Not Returned,Medium,1132.88,VIP
411793,Blue Pen,24,2020-09-17 20:00,51.01,0.47,13.79,Apparel,Online,Not Returned,High,1224.24,VIP
589709,White Mug,42,2020-09-17 22:00,76.5,0.48,12.14,Apparel,In-store,Not Returned,Medium,3213.0,VIP
394067,Wall Clock,36,2020-09-18 14:00,42.99,0.26,10.06,Apparel,In-store,Not Returned,Low,1547.64,VIP
359438,Blue Pen,30,2020-09-19 03:00,79.06,0.11,24.52,Apparel,In-store,Not Returned,High,2371.8,VIP
375553,White Mug,43,2020-09-19 08:00,37.66,0.43,29.12,Apparel,Online,Not Returned,Medium,1619.38,VIP
846760,Wireless Mouse,46,2020-09-19 10:00,51.73,0.49,14.79,Apparel,Online,Not Returned,High,2379.58,VIP
906124,Backpack,25,2020-09-19 14:00,56.73,0.18,26.59,Apparel,Online,Not Returned,Medium,1418.25,VIP
551442,Backpack,44,2020-09-20 04:00,77.28,0.1,18.52,Apparel,In-store,Not Returned,Medium,3400.32,VIP
259882,USB Cable,44,2020-09-20 05:00,72.37,0.47,18.11,Apparel,In-store,Not Returned,Low,3184.28,VIP
737790,Blue Pen,16,2020-09-20 07:00,98.7,0.02,26.01,Apparel,Online,Not Returned,Medium,1579.2,VIP
602175,USB Cable,42,2020-09-20 10:00,99.7,0.32,21.98,Apparel,In-store,Not Returned,Medium,4187.400000000001,VIP
356505,Wireless Mouse,14,2020-09-20 11:00,91.01,0.25,6.07,Apparel,Online,Not Returned,Low,1274.14,VIP
519048,USB Cable,23,2020-09-21 04:00,64.15,0.4,8.99,Apparel,In-store,Not Returned,Medium,1475.45,VIP
848692,T-shirt,49,2020-09-21 11:00,95.44,0.24,27.66,Apparel,Online,Not Returned,High,4676.56,VIP
715486,Wireless Mouse,36,2020-09-21 14:00,57.08,0.14,24.92,Apparel,In-store,Not Returned,Low,2054.88,VIP
101051,Notebook,13,2020-09-22 00:00,98.08,0.25,5.48,Apparel,In-store,Not Returned,Medium,1275.04,VIP
406901,Headphones,-22,2020-09-22 06:00,-66.36,1.928600208415051,,Apparel,Online,Not Returned,Low,1459.92,VIP
326572,Notebook,24,2020-09-22 11:00,55.97,0.2,16.61,Apparel,Online,Not Returned,High,1343.28,VIP
520539,USB Cable,49,2020-09-22 18:00,29.24,0.13,25.59,Apparel,In-store,Not Returned,Low,1432.76,VIP
810381,Backpack,42,2020-09-23 00:00,49.55,0.42,13.09,Apparel,Online,Not Returned,Medium,2081.1,VIP
935279,Wireless Mouse,45,2020-09-23 12:00,92.28,0.04,28.12,Apparel,Online,Returned,Low,4152.6,VIP
275595,Blue Pen,25,2020-09-23 16:00,44.17,0.41,24.67,Apparel,In-store,Not Returned,Medium,1104.25,VIP
930351,Desk Lamp,22,2020-09-23 19:00,70.08,0.26,25.43,Apparel,Online,Not Returned,Low,1541.76,VIP
262421,Notebook,44,2020-09-24 09:00,86.06,0.36,11.75,Apparel,Online,Not Returned,High,3786.64,VIP
431927,Office Chair,49,2020-09-24 18:00,31.37,0.5,29.95,Apparel,Online,Not Returned,High,1537.13,VIP
259892,T-shirt,37,2020-09-25 23:00,75.71,0.24,5.48,Apparel,In-store,Not Returned,High,2801.27,VIP
544709,Blue Pen,43,2020-09-26 07:00,91.46,0.13,9.41,Apparel,Online,Not Returned,Medium,3932.78,VIP
678483,Office Chair,27,2020-09-26 13:00,94.83,0.12,12.86,Apparel,Online,Not Returned,Medium,2560.41,VIP
702772,T-shirt,27,2020-09-27 05:00,39.8,0.46,8.4,Apparel,In-store,Returned,Low,1074.6,VIP
549777,T-shirt,-43,2020-09-27 11:00,-73.99,1.9578819323321504,,Apparel,In-store,Not Returned,High,3181.57,VIP
591830,Backpack,48,2020-09-27 23:00,54.91,0.2,25.69,Apparel,In-store,Not Returned,High,2635.68,VIP
326817,T-shirt,26,2020-09-28 09:00,99.94,0.37,15.83,Apparel,In-store,Not Returned,Low,2598.44,VIP
794379,USB Cable,22,2020-09-28 15:00,89.3,0.09,5.03,Apparel,Online,Not Returned,Low,1964.6,VIP
366150,Backpack,49,2020-09-28 16:00,71.02,0.29,9.95,Apparel,In-store,Not Returned,High,3479.98,VIP
993659,Office Chair,22,2020-09-29 00:00,91.66,0.24,23.07,Apparel,In-store,Not Returned,High,2016.52,VIP
972999,T-shirt,40,2020-09-29 16:00,47.08,0.37,18.41,Apparel,Online,Not Returned,Medium,1883.2,VIP
699248,Notebook,32,2020-09-30 02:00,74.87,0.47,10.35,Apparel,Online,Returned,Medium,2395.84,VIP
666510,Wireless Mouse,41,2020-09-30 23:00,98.03,0.4,9.24,Apparel,Online,Not Returned,Low,4019.23,VIP
908985,Backpack,32,2020-10-01 19:00,87.11,0.16,5.82,Apparel,Online,Not Returned,High,2787.52,VIP
517582,Wireless Mouse,26,2020-10-01 20:00,73.99,0.28,8.98,Apparel,In-store,Not Returned,Low,1923.74,VIP
785503,Headphones,27,2020-10-02 03:00,54.92,0.18,13.45,Apparel,Online,Not Returned,High,1482.84,VIP
437283,Office Chair,19,2020-10-02 06:00,95.99,0.17,10.99,Apparel,In-store,Not Returned,Low,1823.81,VIP
901151,Wireless Mouse,33,2020-10-02 13:00,42.99,0.18,14.46,Apparel,In-store,Returned,Low,1418.67,VIP
733718,Backpack,29,2020-10-02 15:00,59.87,0.09,9.83,Apparel,In-store,Not Returned,Medium,1736.23,VIP
665151,White Mug,44,2020-10-03 04:00,75.0,0.47,17.5,Apparel,In-store,Not Returned,Medium,3300.0,VIP
162780,White Mug,16,2020-10-03 08:00,83.82,0.04,28.94,Apparel,Online,Not Returned,Low,1341.12,VIP
999434,Backpack,44,2020-10-03 12:00,72.11,0.3,11.36,Apparel,In-store,Returned,Medium,3172.84,VIP
222019,Blue Pen,25,2020-10-03 17:00,66.03,0.01,14.4,Apparel,In-store,Not Returned,Low,1650.75,VIP
760187,White Mug,29,2020-10-04 07:00,56.01,0.03,22.89,Apparel,Online,Not Returned,High,1624.29,VIP
760673,Wall Clock,40,2020-10-04 13:00,58.36,0.1,27.23,Apparel,In-store,Not Returned,Low,2334.4,VIP
870805,Headphones,20,2020-10-04 16:00,67.11,0.23,17.82,Apparel,In-store,Not Returned,Low,1342.2,VIP
652165,Office Chair,46,2020-10-05 11:00,45.6,0.11,21.67,Apparel,Online,Not Returned,Medium,2097.6,VIP
341249,Backpack,30,2020-10-05 18:00,42.84,0.31,28.06,Apparel,In-store,Not Returned,High,1285.2,VIP
512310,Backpack,39,2020-10-05 22:00,65.61,0.2,25.54,Apparel,In-store,Returned,Low,2558.79,VIP
925963,Headphones,32,2020-10-06 06:00,49.0,0.1,26.58,Apparel,In-store,Not Returned,Low,1568.0,VIP
676515,Blue Pen,22,2020-10-06 07:00,45.74,0.08,10.83,Apparel,Online,Not Returned,Low,1006.28,VIP
839477,White Mug,42,2020-10-07 18:00,61.65,0.47,16.67,Apparel,Online,Not Returned,High,2589.3,VIP
475854,Wireless Mouse,19,2020-10-08 18:00,77.63,0.22,18.33,Apparel,In-store,Not Returned,High,1474.9699999999998,VIP
494825,USB Cable,32,2020-10-09 06:00,98.55,0.11,25.34,Apparel,In-store,Not Returned,Medium,3153.6,VIP
261081,Desk Lamp,40,2020-10-09 10:00,39.96,0.5,13.92,Apparel,Online,Not Returned,Low,1598.4,VIP
412916,Headphones,47,2020-10-09 23:00,44.36,0.23,22.02,Apparel,Online,Returned,Medium,2084.92,VIP
561693,White Mug,49,2020-10-10 06:00,77.24,0.26,19.58,Apparel,In-store,Not Returned,Medium,3784.76,VIP
453039,Headphones,21,2020-10-10 16:00,57.72,0.31,28.42,Apparel,In-store,Not Returned,High,1212.12,VIP
866843,USB Cable,18,2020-10-11 19:00,93.88,0.38,17.14,Apparel,Online,Not Returned,High,1689.84,VIP
153311,Blue Pen,37,2020-10-13 07:00,62.47,0.25,20.6,Apparel,Online,Not Returned,High,2311.39,VIP
141743,Desk Lamp,26,2020-10-13 20:00,67.81,0.19,12.59,Apparel,In-store,Not Returned,Low,1763.06,VIP
882259,Blue Pen,39,2020-10-14 14:00,28.53,0.2,14.46,Apparel,In-store,Not Returned,High,1112.67,VIP
328338,Headphones,32,2020-10-14 19:00,88.19,0.02,12.97,Apparel,Online,Not Returned,Medium,2822.08,VIP
769221,T-shirt,44,2020-10-14 21:00,53.13,0.23,25.11,Apparel,In-store,Not Returned,Low,2337.7200000000003,VIP
183793,Office Chair,29,2020-10-15 05:00,67.08,0.14,27.46,Apparel,In-store,Not Returned,High,1945.32,VIP
600201,Wall Clock,34,2020-10-15 21:00,37.26,0.07,10.87,Apparel,Online,Not Returned,Medium,1266.84,VIP
964418,T-shirt,45,2020-10-15 23:00,48.89,0.22,15.92,Apparel,Online,Not Returned,Medium,2200.05,VIP
678748,Backpack,31,2020-10-16 02:00,94.3,0.49,17.38,Apparel,Online,Returned,High,2923.3,VIP
756521,Backpack,14,2020-10-16 11:00,84.06,0.07,28.21,Apparel,In-store,Not Returned,Medium,1176.84,VIP
452215,USB Cable,27,2020-10-16 14:00,81.74,0.48,5.53,Apparel,In-store,Returned,Medium,2206.98,VIP
813611,Desk Lamp,43,2020-10-17 07:00,39.68,0.07,10.99,Apparel,In-store,Not Returned,Medium,1706.24,VIP
804259,USB Cable,24,2020-10-17 21:00,72.21,0.22,17.98,Apparel,In-store,Not Returned,Medium,1733.04,VIP
288069,Office Chair,21,2020-10-18 18:00,49.84,0.15,28.8,Apparel,Online,Not Returned,High,1046.64,VIP
544718,Office Chair,31,2020-10-19 08:00,73.2,0.27,24.35,Apparel,Online,Returned,High,2269.2000000000003,VIP
653380,USB Cable,36,2020-10-19 09:00,57.72,0.41,13.57,Apparel,In-store,Not Returned,Low,2077.92,VIP
811752,Blue Pen,36,2020-10-20 02:00,54.41,0.37,17.38,Apparel,In-store,Not Returned,High,1958.76,VIP
673091,Headphones,25,2020-10-20 16:00,57.58,0.11,28.29,Apparel,Online,Not Returned,Low,1439.5,VIP
472119,Notebook,20,2020-10-20 17:00,82.76,0.15,24.57,Apparel,Online,Not Returned,High,1655.2,VIP
451889,Desk Lamp,41,2020-10-21 11:00,36.0,0.08,28.54,Apparel,Online,Returned,High,1476.0,VIP
236319,Headphones,14,2020-10-21 15:00,76.19,0.1,6.72,Apparel,Online,Not Returned,High,1066.66,VIP
326453,Blue Pen,14,2020-10-21 17:00,72.61,0.32,11.06,Apparel,Online,Returned,High,1016.54,VIP
289327,Office Chair,45,2020-10-22 22:00,98.07,0.34,19.09,Apparel,Online,Not Returned,High,4413.15,VIP
923851,Backpack,30,2020-10-23 11:00,37.59,0.3,15.48,Apparel,Online,Not Returned,Low,1127.7,VIP
837651,T-shirt,30,2020-10-23 15:00,57.42,0.11,10.43,Apparel,In-store,Not Returned,High,1722.6,VIP
811423,Headphones,41,2020-10-23 18:00,60.17,0.04,11.29,Apparel,Online,Not Returned,Low,2466.9700000000003,VIP
954221,Wireless Mouse,22,2020-10-23 20:00,68.9,0.21,5.54,Apparel,In-store,Not Returned,High,1515.8000000000002,VIP
776315,Blue Pen,44,2020-10-24 02:00,59.44,0.08,8.47,Apparel,In-store,Not Returned,Medium,2615.36,VIP
556324,Blue Pen,13,2020-10-24 14:00,92.3,0.42,18.68,Apparel,In-store,Not Returned,High,1199.9,VIP
333979,T-shirt,49,2020-10-25 01:00,63.14,0.05,16.81,Apparel,Online,Not Returned,High,3093.86,VIP
911136,T-shirt,38,2020-10-26 01:00,78.45,0.02,25.63,Apparel,In-store,Not Returned,High,2981.1,VIP
671603,Notebook,20,2020-10-26 18:00,74.88,0.26,16.74,Apparel,In-store,Not Returned,High,1497.6,VIP
798292,T-shirt,45,2020-10-27 14:00,71.18,0.37,8.24,Apparel,In-store,Not Returned,High,3203.1000000000004,VIP
972391,Headphones,23,2020-10-27 19:00,69.64,0.3,5.49,Apparel,Online,Not Returned,Medium,1601.72,VIP
663634,Backpack,45,2020-10-28 11:00,63.44,0.01,27.4,Apparel,Online,Not Returned,Medium,2854.8,VIP
521837,Office Chair,21,2020-10-28 16:00,55.46,0.23,29.46,Apparel,In-store,Not Returned,High,1164.66,VIP
836778,Blue Pen,28,2020-10-28 19:00,96.43,0.37,22.53,Apparel,Online,Not Returned,Low,2700.04,VIP
986643,USB Cable,31,2020-10-29 02:00,84.14,0.15,27.43,Apparel,In-store,Not Returned,Low,2608.34,VIP
917203,Headphones,14,2020-10-29 10:00,90.04,0.05,20.53,Apparel,Online,Not Returned,Medium,1260.5600000000002,VIP
428055,Backpack,19,2020-10-29 12:00,75.52,0.49,13.61,Apparel,In-store,Not Returned,Medium,1434.88,VIP
603100,Blue Pen,44,2020-10-29 16:00,40.01,0.09,23.21,Apparel,In-store,Not Returned,Medium,1760.4399999999998,VIP
715197,Office Chair,32,2020-10-31 13:00,91.64,0.26,16.1,Apparel,In-store,Not Returned,High,2932.48,VIP
684642,White Mug,23,2020-10-31 16:00,68.69,0.26,8.98,Apparel,In-store,Not Returned,Medium,1579.87,VIP
817221,Desk Lamp,-47,2020-11-01 07:00,-71.87,0.35,,Apparel,Online,Not Returned,Low,3377.8900000000003,VIP
620841,Blue Pen,43,2020-11-01 18:00,57.09,0.24,7.21,Apparel,Online,Returned,High,2454.8700000000003,VIP
635857,Wireless Mouse,48,2020-11-01 23:00,36.51,0.17,12.32,Apparel,Online,Not Returned,High,1752.48,VIP
122490,White Mug,33,2020-11-02 01:00,64.01,0.41,15.27,Apparel,Online,Not Returned,Low,2112.3300000000004,VIP
932307,Backpack,20,2020-11-02 02:00,83.35,0.44,28.01,Apparel,In-store,Not Returned,High,1667.0,VIP
461659,White Mug,40,2020-11-02 06:00,25.72,0.19,10.2,Apparel,In-store,Not Returned,Medium,1028.8,VIP
473192,Backpack,14,2020-11-02 16:00,73.37,0.14,19.41,Apparel,Online,Not Returned,Low,1027.18,VIP
197799,Headphones,45,2020-11-02 19:00,75.01,0.29,27.68,Apparel,Online,Not Returned,Low,3375.4500000000003,VIP
193948,USB Cable,40,2020-11-02 20:00,59.99,0.3,9.25,Apparel,Online,Not Returned,High,2399.6,VIP
236109,White Mug,45,2020-11-03 18:00,79.26,0.23,29.4,Apparel,In-store,Not Returned,High,3566.7000000000003,VIP
910927,T-shirt,21,2020-11-03 20:00,49.0,0.32,8.89,Apparel,In-store,Not Returned,Medium,1029.0,VIP
962041,Blue Pen,42,2020-11-04 16:00,57.38,0.11,7.02,Apparel,In-store,Not Returned,Low,2409.96,VIP
832823,Desk Lamp,48,2020-11-04 23:00,92.69,0.04,27.71,Apparel,Online,Not Returned,High,4449.12,VIP
308785,Headphones,48,2020-11-05 03:00,40.6,0.19,19.94,Apparel,Online,Not Returned,Medium,1948.8,VIP
624213,T-shirt,23,2020-11-06 05:00,56.58,0.46,19.42,Apparel,In-store,Not Returned,Low,1301.34,VIP
511906,White Mug,41,2020-11-06 07:00,40.37,0.26,21.66,Apparel,In-store,Not Returned,High,1655.1699999999998,VIP
198234,Office Chair,48,2020-11-06 17:00,93.15,0.45,16.46,Apparel,Online,Not Returned,Low,4471.200000000001,VIP
574718,Notebook,13,2020-11-06 18:00,80.48,0.38,19.51,Apparel,In-store,Not Returned,Low,1046.24,VIP
773217,Notebook,31,2020-11-07 02:00,97.13,0.16,20.3,Apparel,Online,Not Returned,Low,3011.03,VIP
322633,Desk Lamp,46,2020-11-07 06:00,73.54,0.38,23.33,Apparel,Online,Not Returned,High,3382.84,VIP
799476,USB Cable,41,2020-11-07 09:00,56.4,0.17,20.54,Apparel,In-store,Not Returned,High,2312.4,VIP
730212,Desk Lamp,32,2020-11-08 03:00,53.13,0.43,9.54,Apparel,In-store,Not Returned,High,1700.16,VIP
577910,Blue Pen,42,2020-11-08 04:00,89.13,0.21,28.52,Apparel,Online,Not Returned,Medium,3743.46,VIP
791252,Wall Clock,38,2020-11-08 07:00,85.76,0.29,6.17,Apparel,Online,Not Returned,Medium,3258.88,VIP
226202,T-shirt,22,2020-11-08 10:00,60.15,0.38,16.18,Apparel,Online,Not Returned,Low,1323.3,VIP
197628,Desk Lamp,27,2020-11-09 04:00,76.69,0.09,9.3,Apparel,In-store,Not Returned,Medium,2070.63,VIP
370675,Wireless Mouse,23,2020-11-09 10:00,70.34,0.48,19.41,Apparel,In-store,Not Returned,Medium,1617.8200000000002,VIP
227572,Backpack,27,2020-11-09 14:00,96.37,0.38,7.04,Apparel,In-store,Not Returned,Medium,2601.99,VIP
368614,USB Cable,41,2020-11-10 05:00,85.97,0.25,18.29,Apparel,Online,Not Returned,High,3524.77,VIP
851616,Notebook,43,2020-11-10 13:00,81.7,0.45,23.38,Apparel,Online,Not Returned,Medium,3513.1,VIP
543599,Blue Pen,42,2020-11-10 16:00,86.31,0.45,25.28,Apparel,In-store,Not Returned,High,3625.02,VIP
693741,White Mug,45,2020-11-11 03:00,77.0,0.12,11.5,Apparel,In-store,Not Returned,Medium,3465.0,VIP
114506,Headphones,45,2020-11-11 06:00,49.4,0.24,25.38,Apparel,Online,Not Returned,High,2223.0,VIP
494295,T-shirt,46,2020-11-11 21:00,30.4,0.2,16.13,Apparel,In-store,Not Returned,High,1398.4,VIP
548648,USB Cable,28,2020-11-12 01:00,63.98,0.12,7.56,Apparel,In-store,Not Returned,Low,1791.4399999999998,VIP
705151,USB Cable,42,2020-11-12 03:00,56.52,0.1,22.17,Apparel,In-store,Not Returned,Medium,2373.84,VIP
225659,T-shirt,30,2020-11-12 05:00,53.4,0.21,27.1,Apparel,Online,Not Returned,Medium,1602.0,VIP
444877,Office Chair,-39,2020-11-12 08:00,-41.48,1.1431764537409268,,Apparel,In-store,Not Returned,High,1617.7199999999998,VIP
847948,T-shirt,39,2020-11-12 20:00,99.02,0.01,20.63,Apparel,In-store,Not Returned,Low,3861.78,VIP
338657,Wireless Mouse,-22,2020-11-13 05:00,-95.36,1.215765568613206,,Apparel,Online,Not Returned,Medium,2097.92,VIP
956238,Desk Lamp,46,2020-11-13 09:00,42.16,0.24,18.45,Apparel,Online,Not Returned,Medium,1939.36,VIP
404958,Backpack,30,2020-11-13 10:00,42.68,0.1,8.25,Apparel,In-store,Not Returned,Medium,1280.4,VIP
457489,Office Chair,28,2020-11-13 13:00,69.31,0.04,6.61,Apparel,Online,Not Returned,High,1940.68,VIP
924628,Headphones,27,2020-11-13 19:00,96.49,0.04,26.06,Apparel,Online,Not Returned,High,2605.23,VIP
914811,Backpack,47,2020-11-14 14:00,69.12,0.25,6.33,Apparel,Online,Not Returned,Low,3248.6400000000003,VIP
620610,Desk Lamp,43,2020-11-15 15:00,97.71,0.27,17.61,Apparel,Online,Not Returned,Low,4201.53,VIP
654629,Blue Pen,23,2020-11-16 06:00,56.72,0.04,12.62,Apparel,In-store,Not Returned,Low,1304.56,VIP
908524,White Mug,41,2020-11-16 15:00,80.64,0.46,6.25,Apparel,Online,Not Returned,Medium,3306.24,VIP
742510,Office Chair,37,2020-11-16 19:00,53.23,0.33,5.19,Apparel,Online,Not Returned,Low,1969.51,VIP
728177,Wireless Mouse,48,2020-11-17 02:00,99.03,0.42,18.29,Apparel,Online,Not Returned,Low,4753.4400000000005,VIP
645926,Wireless Mouse,45,2020-11-17 09:00,27.37,0.42,20.24,Apparel,In-store,Not Returned,High,1231.65,VIP
856357,Blue Pen,16,2020-11-17 14:00,71.06,0.44,28.64,Apparel,In-store,Not Returned,Low,1136.96,VIP
312792,T-shirt,31,2020-11-17 18:00,38.57,0.46,21.96,Apparel,Online,Not Returned,Medium,1195.67,VIP
954548,Wall Clock,26,2020-11-17 20:00,94.82,0.24,15.66,Apparel,Online,Returned,Low,2465.32,VIP
703724,Wireless Mouse,45,2020-11-18 00:00,29.1,0.33,9.31,Apparel,Online,Not Returned,Low,1309.5,VIP
392007,White Mug,49,2020-11-18 23:00,94.17,0.46,20.76,Apparel,Online,Not Returned,Low,4614.33,VIP
663543,White Mug,37,2020-11-19 10:00,76.66,0.49,17.85,Apparel,Online,Not Returned,Low,2836.42,VIP
936642,Notebook,26,2020-11-19 12:00,50.38,0.39,26.2,Apparel,Online,Returned,Medium,1309.88,VIP
726840,Wireless Mouse,39,2020-11-19 15:00,68.19,0.13,28.34,Apparel,In-store,Not Returned,High,2659.41,VIP
685648,Headphones,38,2020-11-19 17:00,77.45,0.24,16.26,Apparel,In-store,Not Returned,High,2943.1,VIP
540210,Backpack,27,2020-11-20 01:00,73.31,0.06,6.98,Apparel,Online,Not Returned,Low,1979.37,VIP
779659,Backpack,39,2020-11-20 13:00,39.64,0.28,20.14,Apparel,In-store,Not Returned,High,1545.96,VIP
337612,Backpack,29,2020-11-20 19:00,58.49,0.19,22.61,Apparel,In-store,Returned,Low,1696.21,VIP
533797,T-shirt,42,2020-11-20 20:00,74.26,0.15,13.35,Apparel,In-store,Not Returned,High,3118.92,VIP
835518,USB Cable,41,2020-11-21 02:00,86.29,0.04,29.19,Apparel,Online,Returned,Low,3537.8900000000003,VIP
853160,Headphones,27,2020-11-21 18:00,95.95,0.21,6.72,Apparel,In-store,Not Returned,High,2590.65,VIP
408360,Headphones,23,2020-11-21 20:00,74.55,0.44,5.14,Apparel,Online,Not Returned,High,1714.65,VIP
433977,Wireless Mouse,21,2020-11-21 21:00,69.65,0.4,21.23,Apparel,Online,Not Returned,High,1462.65,VIP
578977,Headphones,41,2020-11-22 09:00,77.34,0.08,15.24,Apparel,Online,Not Returned,High,3170.94,VIP
902121,White Mug,36,2020-11-22 15:00,52.77,0.16,29.74,Apparel,In-store,Not Returned,Medium,1899.72,VIP
596232,T-shirt,16,2020-11-22 18:00,85.77,0.46,8.12,Apparel,In-store,Not Returned,High,1372.32,VIP
825512,Blue Pen,39,2020-11-23 00:00,28.27,0.0,18.89,Apparel,In-store,Not Returned,High,1102.53,VIP
480171,Notebook,44,2020-11-23 10:00,62.7,0.23,18.88,Apparel,Online,Returned,High,2758.8,VIP
507014,Desk Lamp,48,2020-11-23 22:00,49.61,0.14,18.41,Apparel,Online,Not Returned,Medium,2381.28,VIP
348004,Blue Pen,20,2020-11-24 03:00,53.24,0.01,27.78,Apparel,Online,Not Returned,Low,1064.8,VIP
465036,T-shirt,15,2020-11-24 12:00,68.73,0.26,7.85,Apparel,In-store,Not Returned,High,1030.95,VIP
345282,Notebook,27,2020-11-25 21:00,55.27,0.46,25.24,Apparel,In-store,Not Returned,Medium,1492.2900000000002,VIP
507821,Wall Clock,40,2020-11-25 23:00,37.76,0.5,11.23,Apparel,In-store,Not Returned,Low,1510.4,VIP
105586,Desk Lamp,24,2020-11-26 01:00,70.92,0.39,5.18,Apparel,Online,Not Returned,Medium,1702.08,VIP
651216,USB Cable,28,2020-11-26 04:00,75.57,0.48,17.48,Apparel,Online,Not Returned,Low,2115.96,VIP
485134,Wireless Mouse,47,2020-11-26 07:00,59.41,0.03,23.32,Apparel,Online,Not Returned,Medium,2792.27,VIP
207792,Headphones,21,2020-11-26 17:00,94.93,0.22,21.46,Apparel,In-store,Not Returned,Low,1993.53,VIP
338540,T-shirt,25,2020-11-26 19:00,94.18,0.29,16.34,Apparel,Online,Not Returned,Low,2354.5,VIP
510513,Wall Clock,39,2020-11-27 02:00,40.16,0.04,5.57,Apparel,In-store,Not Returned,High,1566.2399999999998,VIP
324737,Desk Lamp,34,2020-11-27 16:00,62.1,0.25,22.24,Apparel,In-store,Not Returned,High,2111.4,VIP
499437,USB Cable,42,2020-11-27 22:00,33.3,0.35,8.83,Apparel,In-store,Not Returned,Low,1398.6,VIP
216582,USB Cable,46,2020-11-28 04:00,88.61,0.02,21.03,Apparel,In-store,Not Returned,Low,4076.06,VIP
775573,Wireless Mouse,-28,2020-11-28 22:00,-59.94,0.3,,Apparel,Online,Not Returned,Low,1678.32,VIP
821511,Office Chair,45,2020-11-29 00:00,98.12,0.17,12.66,Apparel,In-store,Not Returned,Low,4415.400000000001,VIP
980354,USB Cable,42,2020-11-29 20:00,58.96,0.29,22.72,Apparel,Online,Not Returned,High,2476.32,VIP
504911,Wireless Mouse,19,2020-11-29 21:00,60.46,0.26,24.2,Apparel,Online,Not Returned,Low,1148.74,VIP
271277,Notebook,12,2020-11-30 05:00,87.51,0.24,13.62,Apparel,Online,Not Returned,Low,1050.12,VIP
738046,Desk Lamp,40,2020-11-30 11:00,36.71,0.16,15.36,Apparel,Online,Not Returned,Medium,1468.4,VIP
228023,Notebook,48,2020-11-30 14:00,76.0,0.43,20.16,Apparel,Online,Not Returned,High,3648.0,VIP
928416,USB Cable,45,2020-12-01 21:00,63.89,0.34,22.91,Apparel,Online,Returned,High,2875.05,VIP
247032,Wall Clock,17,2020-12-02 18:00,80.81,0.29,18.55,Apparel,In-store,Not Returned,Low,1373.77,VIP
894383,Desk Lamp,49,2020-12-03 04:00,22.22,0.02,18.23,Apparel,Online,Not Returned,High,1088.78,VIP
541733,Headphones,41,2020-12-03 19:00,52.82,0.19,9.34,Apparel,In-store,Not Returned,High,2165.62,VIP
298159,Blue Pen,31,2020-12-04 03:00,73.42,0.17,18.13,Apparel,Online,Not Returned,Low,2276.02,VIP
655839,USB Cable,30,2020-12-04 15:00,96.42,0.35,25.7,Apparel,Online,Not Returned,Medium,2892.6,VIP
800572,Wireless Mouse,47,2020-12-04 20:00,54.23,0.09,25.84,Apparel,In-store,Not Returned,High,2548.81,VIP
599387,USB Cable,14,2020-12-05 16:00,72.93,0.02,19.59,Apparel,Online,Not Returned,High,1021.02,VIP
334337,Headphones,45,2020-12-06 17:00,67.55,0.48,9.94,Apparel,In-store,Not Returned,Low,3039.75,VIP
434071,Wall Clock,13,2020-12-06 22:00,94.91,0.16,27.5,Apparel,Online,Not Returned,Medium,1233.83,VIP
915943,T-shirt,49,2020-12-08 05:00,23.53,0.27,29.75,Apparel,Online,Not Returned,Low,1152.97,VIP
406606,Office Chair,44,2020-12-08 10:00,39.33,0.32,10.3,Apparel,Online,Not Returned,Low,1730.52,VIP
858741,Backpack,35,2020-12-08 13:00,31.15,0.46,14.73,Apparel,In-store,Not Returned,High,1090.25,VIP
135525,Wireless Mouse,39,2020-12-10 08:00,46.83,0.26,11.91,Apparel,Online,Returned,High,1826.37,VIP
289637,Wall Clock,22,2020-12-12 10:00,46.17,0.04,20.94,Apparel,Online,Not Returned,High,1015.74,VIP
832256,Backpack,31,2020-12-12 15:00,96.17,0.3,5.57,Apparel,In-store,Not Returned,High,2981.27,VIP
680118,Blue Pen,31,2020-12-12 17:00,86.27,0.35,8.92,Apparel,In-store,Not Returned,Medium,2674.37,VIP
673466,Blue Pen,23,2020-12-12 23:00,58.06,0.41,19.9,Apparel,Online,Not Returned,Medium,1335.38,VIP
714966,Headphones,41,2020-12-13 05:00,25.63,0.49,25.06,Apparel,Online,Not Returned,Low,1050.83,VIP
465391,Desk Lamp,14,2020-12-13 15:00,84.79,0.32,5.19,Apparel,Online,Not Returned,Medium,1187.0600000000002,VIP
206102,White Mug,11,2020-12-13 18:00,97.89,0.13,7.68,Apparel,Online,Not Returned,High,1076.79,VIP
478189,Headphones,34,2020-12-13 20:00,71.43,0.31,22.95,Apparel,Online,Not Returned,Medium,2428.6200000000003,VIP
365369,USB Cable,32,2020-12-13 22:00,89.85,0.31,29.09,Apparel,Online,Not Returned,Medium,2875.2,VIP
581862,Headphones,17,2020-12-14 08:00,69.17,0.13,22.08,Apparel,In-store,Not Returned,High,1175.89,VIP
913087,Headphones,37,2020-12-14 11:00,64.66,0.19,20.11,Apparel,Online,Not Returned,High,2392.42,VIP
485693,Headphones,25,2020-12-15 03:00,66.01,0.43,24.38,Apparel,Online,Not Returned,High,1650.2500000000002,VIP
429801,Wall Clock,14,2020-12-16 18:00,83.29,0.03,25.8,Apparel,In-store,Returned,Low,1166.0600000000002,VIP
961501,T-shirt,24,2020-12-17 15:00,91.8,0.15,21.48,Apparel,In-store,Not Returned,High,2203.2,VIP
381411,USB Cable,46,2020-12-17 18:00,93.22,0.38,6.82,Apparel,In-store,Not Returned,Medium,4288.12,VIP
576874,USB Cable,48,2020-12-18 02:00,75.54,0.02,23.33,Apparel,In-store,Not Returned,Medium,3625.92,VIP
137394,White Mug,35,2020-12-19 14:00,55.46,0.05,28.64,Apparel,In-store,Not Returned,High,1941.1,VIP
636667,T-shirt,38,2020-12-19 22:00,71.91,0.28,29.68,Apparel,Online,Not Returned,Low,2732.58,VIP
221169,T-shirt,19,2020-12-19 23:00,94.53,0.21,22.28,Apparel,In-store,Not Returned,Medium,1796.07,VIP
269439,T-shirt,35,2020-12-20 00:00,34.61,0.47,14.05,Apparel,In-store,Not Returned,Medium,1211.35,VIP
750370,Headphones,46,2020-12-20 02:00,75.07,0.46,23.84,Apparel,Online,Not Returned,High,3453.22,VIP
635337,Headphones,39,2020-12-20 04:00,73.81,0.11,15.72,Apparel,In-store,Not Returned,Medium,2878.59,VIP
786059,Backpack,47,2020-12-20 07:00,42.13,0.18,7.87,Apparel,Online,Not Returned,High,1980.11,VIP
841063,White Mug,41,2020-12-20 17:00,27.36,0.32,5.79,Apparel,In-store,Not Returned,Medium,1121.76,VIP
165679,Desk Lamp,28,2020-12-21 11:00,66.99,0.22,28.09,Apparel,Online,Not Returned,Low,1875.72,VIP
497798,Desk Lamp,40,2020-12-21 15:00,48.01,0.08,25.83,Apparel,Online,Not Returned,Medium,1920.4,VIP
537480,Office Chair,21,2020-12-21 21:00,48.2,0.29,29.34,Apparel,Online,Not Returned,Medium,1012.2,VIP
278986,Office Chair,17,2020-12-21 23:00,66.02,0.42,20.2,Apparel,In-store,Not Returned,Low,1122.34,VIP
988921,White Mug,41,2020-12-22 01:00,77.51,0.33,9.73,Apparel,In-store,Not Returned,Medium,3177.9100000000003,VIP
564432,Backpack,47,2020-12-22 17:00,75.78,0.4,20.54,Apparel,In-store,Not Returned,High,3561.66,VIP
907641,Backpack,44,2020-12-22 19:00,87.01,0.09,24.76,Apparel,In-store,Not Returned,Low,3828.44,VIP
629787,Blue Pen,39,2020-12-23 11:00,69.82,0.01,10.06,Apparel,In-store,Not Returned,Medium,2722.98,VIP
482650,Desk Lamp,46,2020-12-23 15:00,62.43,0.05,24.05,Apparel,Online,Not Returned,High,2871.78,VIP
430511,Wireless Mouse,30,2020-12-23 23:00,82.15,0.0,22.56,Apparel,In-store,Not Returned,Medium,2464.5,VIP
930819,Wall Clock,22,2020-12-24 08:00,78.97,0.11,7.62,Apparel,In-store,Not Returned,Medium,1737.34,VIP
894953,Wall Clock,38,2020-12-27 11:00,37.47,0.49,27.79,Apparel,In-store,Not Returned,Medium,1423.86,VIP
170268,Desk Lamp,44,2020-12-27 15:00,95.33,0.47,7.95,Apparel,Online,Not Returned,High,4194.52,VIP
123331,USB Cable,34,2020-12-28 07:00,82.92,0.17,28.34,Apparel,In-store,Not Returned,Medium,2819.28,VIP
642955,Blue Pen,23,2020-12-28 17:00,83.76,0.31,11.19,Apparel,In-store,Not Returned,Low,1926.48,VIP
437201,Wireless Mouse,45,2020-12-28 18:00,46.1,0.17,25.58,Apparel,In-store,Not Returned,High,2074.5,VIP
408645,USB Cable,24,2020-12-29 04:00,47.23,0.13,5.28,Apparel,In-store,Not Returned,High,1133.52,VIP
908183,Desk Lamp,38,2020-12-30 00:00,95.09,0.39,17.31,Apparel,In-store,Not Returned,Low,3613.42,VIP
339654,Backpack,40,2020-12-30 05:00,83.66,0.37,27.69,Apparel,In-store,Not Returned,Low,3346.4,VIP
973272,Headphones,38,2020-12-30 12:00,58.89,0.42,11.83,Apparel,In-store,Not Returned,High,2237.82,VIP
675770,T-shirt,49,2020-12-30 17:00,41.16,0.12,24.54,Apparel,Online,Not Returned,High,2016.84,VIP
926547,Blue Pen,46,2020-12-30 20:00,98.99,0.15,17.68,Apparel,Online,Not Returned,High,4553.54,VIP
871965,USB Cable,15,2020-12-31 07:00,84.31,0.22,14.1,Apparel,Online,Not Returned,Low,1264.65,VIP
764006,Notebook,23,2020-12-31 11:00,58.82,0.25,12.48,Apparel,Online,Not Returned,High,1352.86,VIP
451136,Blue Pen,41,2020-12-31 16:00,98.23,0.24,25.74,Apparel,Online,Not Returned,Low,4027.43,VIP
972882,Office Chair,32,2020-12-31 21:00,60.95,0.26,23.36,Apparel,In-store,Not Returned,Low,1950.4,VIP
772052,Headphones,41,2021-01-01 07:00,39.48,0.02,8.34,Apparel,In-store,Not Returned,High,1618.6799999999998,VIP
902009,Desk Lamp,25,2021-01-01 13:00,51.32,0.37,9.61,Apparel,In-store,Not Returned,Medium,1283.0,VIP
882119,Wireless Mouse,42,2021-01-01 18:00,56.49,0.3,26.05,Apparel,In-store,Returned,High,2372.58,VIP
880427,Wireless Mouse,49,2021-01-02 09:00,41.7,0.08,27.22,Apparel,In-store,Not Returned,Low,2043.3,VIP
931769,Wireless Mouse,36,2021-01-03 18:00,42.04,0.3,12.96,Apparel,In-store,Not Returned,High,1513.44,VIP
768875,White Mug,28,2021-01-03 20:00,94.31,0.23,18.66,Apparel,In-store,Not Returned,Low,2640.6800000000003,VIP
468893,Desk Lamp,28,2021-01-04 00:00,53.27,0.27,25.76,Apparel,Online,Not Returned,Low,1491.5600000000002,VIP
621393,USB Cable,36,2021-01-04 11:00,67.84,0.43,5.28,Apparel,Online,Not Returned,Medium,2442.24,VIP
535686,Desk Lamp,47,2021-01-05 15:00,37.72,0.39,16.01,Apparel,In-store,Not Returned,Low,1772.84,VIP
938092,Wall Clock,37,2021-01-05 17:00,83.05,0.18,29.48,Apparel,Online,Not Returned,High,3072.85,VIP
241835,Blue Pen,45,2021-01-06 08:00,71.9,0.3,14.38,Apparel,In-store,Returned,High,3235.5000000000005,VIP
839945,White Mug,35,2021-01-06 21:00,55.12,0.13,22.79,Apparel,In-store,Not Returned,High,1929.2,VIP
420057,T-shirt,44,2021-01-07 00:00,63.68,0.08,15.54,Apparel,Online,Not Returned,High,2801.92,VIP
974802,White Mug,20,2021-01-07 14:00,71.3,0.18,24.87,Apparel,Online,Not Returned,Low,1426.0,VIP
118830,Wall Clock,32,2021-01-07 17:00,35.49,0.3,25.89,Apparel,Online,Not Returned,Medium,1135.68,VIP
915907,Wireless Mouse,45,2021-01-08 07:00,36.87,0.06,9.14,Apparel,Online,Not Returned,High,1659.15,VIP
336824,Wall Clock,43,2021-01-08 08:00,63.6,0.2,18.52,Apparel,Online,Not Returned,High,2734.8,VIP
979554,T-shirt,43,2021-01-08 13:00,73.72,0.48,23.02,Apparel,In-store,Not Returned,Medium,3169.96,VIP
498845,Wall Clock,18,2021-01-08 18:00,60.33,0.03,14.81,Apparel,In-store,Not Returned,Medium,1085.94,VIP
481032,White Mug,46,2021-01-08 23:00,36.67,0.13,20.0,Apparel,Online,Not Returned,High,1686.8200000000002,VIP
795923,Office Chair,12,2021-01-09 09:00,85.14,0.38,28.98,Apparel,In-store,Not Returned,Low,1021.68,VIP
477082,Backpack,-45,2021-01-09 18:00,-22.46,0.33,,Apparel,Online,Not Returned,Medium,1010.7,VIP
125494,Desk Lamp,22,2021-01-10 05:00,85.95,0.18,28.74,Apparel,Online,Not Returned,High,1890.9,VIP
473704,Notebook,12,2021-01-10 10:00,88.81,0.13,7.04,Apparel,Online,Not Returned,Low,1065.72,VIP
494051,T-shirt,33,2021-01-10 11:00,82.76,0.35,18.31,Apparel,In-store,Returned,High,2731.0800000000004,VIP
404094,USB Cable,39,2021-01-10 18:00,96.98,0.41,8.5,Apparel,In-store,Not Returned,Low,3782.22,VIP
448848,Headphones,43,2021-01-11 04:00,45.75,0.12,21.88,Apparel,In-store,Not Returned,Low,1967.25,VIP
533603,White Mug,17,2021-01-11 12:00,73.57,0.21,17.31,Apparel,In-store,Not Returned,Medium,1250.6899999999998,VIP
721781,USB Cable,37,2021-01-11 20:00,61.08,0.17,13.7,Apparel,In-store,Not Returned,Medium,2259.96,VIP
387307,Notebook,41,2021-01-12 03:00,84.25,0.34,23.19,Apparel,In-store,Not Returned,High,3454.25,VIP
808669,Desk Lamp,45,2021-01-13 06:00,43.06,0.12,18.06,Apparel,Online,Not Returned,Low,1937.7,VIP
193944,Wireless Mouse,47,2021-01-13 14:00,75.59,0.13,18.76,Apparel,In-store,Not Returned,Medium,3552.73,VIP
473513,Wireless Mouse,47,2021-01-13 20:00,98.84,0.19,8.39,Apparel,In-store,Not Returned,Medium,4645.4800000000005,VIP
628425,White Mug,33,2021-01-13 22:00,67.38,0.35,15.47,Apparel,In-store,Not Returned,High,2223.54,VIP
472454,Wall Clock,33,2021-01-14 13:00,66.84,0.46,22.63,Apparel,Online,Not Returned,High,2205.7200000000003,VIP
165184,Headphones,43,2021-01-15 08:00,94.09,0.41,20.87,Apparel,In-store,Not Returned,Low,4045.87,VIP
897157,USB Cable,32,2021-01-16 09:00,76.53,0.08,9.02,Apparel,Online,Not Returned,Medium,2448.96,VIP
665403,Backpack,19,2021-01-16 12:00,90.54,0.01,5.34,Apparel,Online,Not Returned,Low,1720.2600000000002,VIP
985733,Desk Lamp,27,2021-01-17 07:00,85.28,0.02,22.74,Apparel,Online,Not Returned,High,2302.56,VIP
318547,Wireless Mouse,47,2021-01-17 11:00,88.69,0.35,18.36,Apparel,In-store,Not Returned,High,4168.43,VIP
836854,Headphones,42,2021-01-17 23:00,86.82,0.33,10.4,Apparel,In-store,Not Returned,Medium,3646.44,VIP
700338,Wall Clock,17,2021-01-18 02:00,72.37,0.35,27.45,Apparel,Online,Not Returned,High,1230.29,VIP
480457,Wall Clock,45,2021-01-18 08:00,54.17,0.17,24.72,Apparel,Online,Not Returned,Low,2437.65,VIP
901555,T-shirt,27,2021-01-18 10:00,64.85,0.28,25.45,Apparel,In-store,Not Returned,Low,1750.9499999999998,VIP
126128,Desk Lamp,37,2021-01-18 19:00,67.08,0.05,13.15,Apparel,In-store,Not Returned,Low,2481.96,VIP
278371,Wall Clock,42,2021-01-19 12:00,51.13,0.01,8.38,Apparel,Online,Not Returned,Low,2147.46,VIP
936002,Headphones,29,2021-01-20 12:00,90.63,0.02,29.39,Apparel,In-store,Not Returned,Low,2628.27,VIP
356427,Headphones,30,2021-01-21 20:00,78.48,0.5,12.05,Apparel,In-store,Not Returned,Medium,2354.4,VIP
762727,Office Chair,12,2021-01-22 11:00,88.65,0.12,25.66,Apparel,In-store,Not Returned,High,1063.8000000000002,VIP
305827,T-shirt,13,2021-01-22 19:00,93.5,0.15,24.95,Apparel,In-store,Not Returned,Medium,1215.5,VIP
398451,Blue Pen,28,2021-01-22 21:00,60.19,0.5,14.97,Apparel,In-store,Not Returned,Medium,1685.32,VIP
840045,Wall Clock,43,2021-01-23 01:00,47.17,0.19,13.06,Apparel,Online,Not Returned,High,2028.31,VIP
207669,Notebook,33,2021-01-23 02:00,52.18,0.21,13.18,Apparel,Online,Not Returned,High,1721.94,VIP
327467,Notebook,38,2021-01-23 14:00,72.97,0.18,17.63,Apparel,In-store,Not Returned,Medium,2772.86,VIP
892955,Office Chair,35,2021-01-23 20:00,50.61,0.06,10.69,Apparel,Online,Not Returned,Medium,1771.35,VIP
438246,Notebook,47,2021-01-24 07:00,37.43,0.19,10.5,Apparel,In-store,Returned,High,1759.21,VIP
730011,USB Cable,32,2021-01-24 12:00,73.77,0.1,5.72,Apparel,Online,Not Returned,High,2360.64,VIP
657765,Blue Pen,35,2021-01-24 18:00,91.28,0.1,6.57,Apparel,In-store,Returned,High,3194.8,VIP
237815,Notebook,43,2021-01-26 03:00,24.77,0.33,24.12,Apparel,In-store,Not Returned,Medium,1065.11,VIP
356323,Notebook,49,2021-01-26 20:00,82.73,0.09,17.51,Apparel,Online,Not Returned,Low,4053.77,VIP
824291,Desk Lamp,43,2021-01-27 08:00,63.93,0.27,23.36,Apparel,Online,Not Returned,Low,2748.99,VIP
190925,Headphones,39,2021-01-27 09:00,50.94,0.27,21.48,Apparel,Online,Not Returned,High,1986.66,VIP
112467,Office Chair,12,2021-01-27 22:00,98.27,0.1,26.73,Apparel,Online,Not Returned,High,1179.24,VIP
372168,Backpack,15,2021-01-28 16:00,88.25,0.22,18.89,Apparel,In-store,Not Returned,High,1323.75,VIP
132940,Blue Pen,21,2021-01-29 05:00,84.01,0.38,20.09,Apparel,Online,Not Returned,Low,1764.21,VIP
824886,T-shirt,16,2021-01-30 12:00,79.7,0.41,11.26,Apparel,Online,Not Returned,Medium,1275.2,VIP
512289,Office Chair,49,2021-01-30 16:00,85.37,0.2,13.7,Apparel,Online,Not Returned,Medium,4183.13,VIP
884752,Desk Lamp,48,2021-01-30 22:00,47.54,0.17,9.35,Apparel,In-store,Not Returned,High,2281.92,VIP
648912,Wireless Mouse,42,2021-01-31 02:00,93.77,0.37,15.62,Apparel,Online,Not Returned,Low,3938.34,VIP
800146,Backpack,37,2021-01-31 15:00,55.0,0.06,11.86,Apparel,In-store,Not Returned,Medium,2035.0,VIP
596297,White Mug,24,2021-01-31 19:00,78.35,0.12,14.48,Apparel,In-store,Not Returned,Medium,1880.4,VIP
398845,Wireless Mouse,32,2021-02-01 22:00,91.79,0.09,21.12,Apparel,Online,Returned,High,2937.28,VIP
264404,Notebook,23,2021-02-02 05:00,68.75,0.03,25.48,Apparel,Online,Not Returned,High,1581.25,VIP
205185,Desk Lamp,14,2021-02-02 09:00,91.6,0.16,17.9,Apparel,Online,Returned,High,1282.4,VIP
433887,Desk Lamp,44,2021-02-03 03:00,46.67,0.21,18.31,Apparel,In-store,Not Returned,High,2053.48,VIP
641797,Headphones,30,2021-02-03 14:00,72.75,0.25,23.76,Apparel,In-store,Not Returned,High,2182.5,VIP
274750,Desk Lamp,36,2021-02-04 02:00,72.07,0.04,6.22,Apparel,Online,Returned,High,2594.5199999999995,VIP
332320,USB Cable,48,2021-02-04 04:00,78.37,0.4,22.75,Apparel,In-store,Not Returned,Low,3761.76,VIP
594527,Notebook,47,2021-02-04 14:00,99.57,0.15,10.91,Apparel,Online,Not Returned,Low,4679.79,VIP
454388,Office Chair,42,2021-02-05 03:00,63.91,0.19,23.62,Apparel,In-store,Not Returned,High,2684.22,VIP
944464,White Mug,31,2021-02-05 08:00,35.88,0.16,9.87,Apparel,Online,Not Returned,Medium,1112.28,VIP
818730,Desk Lamp,37,2021-02-06 19:00,40.13,0.19,14.77,Apparel,In-store,Not Returned,High,1484.8100000000002,VIP
628839,Wireless Mouse,37,2021-02-06 20:00,37.4,0.37,13.49,Apparel,Online,Not Returned,Medium,1383.8,VIP
766110,Desk Lamp,42,2021-02-08 21:00,27.29,0.01,5.4,Apparel,Online,Not Returned,High,1146.18,VIP
914299,Backpack,43,2021-02-09 06:00,55.36,0.44,17.77,Apparel,Online,Not Returned,Low,2380.48,VIP
557576,T-shirt,28,2021-02-09 14:00,86.39,0.33,15.62,Apparel,Online,Not Returned,Medium,2418.92,VIP
966164,Wireless Mouse,29,2021-02-09 20:00,39.63,0.04,22.94,Apparel,Online,Not Returned,Medium,1149.27,VIP
619493,T-shirt,31,2021-02-10 10:00,84.04,0.14,18.3,Apparel,Online,Not Returned,Medium,2605.24,VIP
264404,Blue Pen,49,2021-02-10 11:00,88.77,0.28,5.54,Apparel,In-store,Not Returned,High,4349.73,VIP
584353,Desk Lamp,36,2021-02-10 13:00,86.27,0.11,20.18,Apparel,Online,Not Returned,High,3105.72,VIP
985540,USB Cable,18,2021-02-10 15:00,77.3,0.47,12.5,Apparel,Online,Not Returned,High,1391.4,VIP
906434,USB Cable,37,2021-02-11 18:00,95.85,0.49,12.63,Apparel,Online,Not Returned,Low,3546.45,VIP
804463,T-shirt,48,2021-02-11 22:00,94.06,0.48,7.49,Apparel,Online,Not Returned,Low,4514.88,VIP
150755,USB Cable,17,2021-02-12 13:00,77.43,0.15,7.91,Apparel,Online,Not Returned,Low,1316.3100000000002,VIP
641770,Blue Pen,31,2021-02-12 18:00,93.21,0.5,15.52,Apparel,Online,Not Returned,High,2889.51,VIP
113288,USB Cable,34,2021-02-13 15:00,95.05,0.15,28.37,Apparel,In-store,Not Returned,Medium,3231.7,VIP
689428,Office Chair,38,2021-02-13 22:00,33.37,0.39,22.1,Apparel,In-store,Not Returned,High,1268.06,VIP
612438,Headphones,44,2021-02-14 09:00,80.67,0.35,18.25,Apparel,In-store,Not Returned,High,3549.48,VIP
822648,Wireless Mouse,23,2021-02-14 10:00,50.22,0.07,5.87,Apparel,In-store,Not Returned,High,1155.06,VIP
360529,Blue Pen,47,2021-02-15 07:00,38.46,0.26,16.93,Apparel,Online,Not Returned,High,1807.62,VIP
814261,USB Cable,32,2021-02-15 11:00,89.24,0.09,16.9,Apparel,Online,Not Returned,Low,2855.68,VIP
331807,Blue Pen,37,2021-02-15 15:00,43.11,0.23,28.8,Apparel,Online,Not Returned,Low,1595.07,VIP
417953,Blue Pen,18,2021-02-16 06:00,76.13,0.16,15.89,Apparel,In-store,Not Returned,Medium,1370.34,VIP
271236,Desk Lamp,21,2021-02-16 19:00,98.05,0.5,22.22,Apparel,Online,Not Returned,High,2059.05,VIP
816112,Headphones,25,2021-02-17 03:00,99.24,0.1,23.44,Apparel,In-store,Not Returned,High,2481.0,VIP
530000,White Mug,31,2021-02-18 10:00,68.39,0.36,9.52,Apparel,In-store,Not Returned,Medium,2120.09,VIP
123723,T-shirt,27,2021-02-18 11:00,47.77,0.1,23.81,Apparel,Online,Returned,Low,1289.7900000000002,VIP
666134,T-shirt,41,2021-02-19 12:00,39.59,0.22,25.63,Apparel,Online,Returned,Low,1623.19,VIP
600827,Desk Lamp,49,2021-02-19 15:00,28.09,0.23,21.89,Apparel,In-store,Not Returned,Medium,1376.41,VIP
306724,T-shirt,42,2021-02-19 20:00,96.01,0.47,6.7,Apparel,Online,Not Returned,Low,4032.42,VIP
715326,Office Chair,26,2021-02-19 23:00,82.68,0.05,28.39,Apparel,Online,Not Returned,High,2149.6800000000003,VIP
558365,USB Cable,30,2021-02-20 02:00,67.75,0.28,23.67,Apparel,In-store,Not Returned,Low,2032.5,VIP
708952,Backpack,25,2021-02-20 08:00,93.74,0.11,21.56,Apparel,Online,Returned,High,2343.5,VIP
117194,Office Chair,49,2021-02-22 08:00,58.32,0.13,27.84,Apparel,In-store,Not Returned,High,2857.68,VIP
958809,Wireless Mouse,41,2021-02-22 10:00,75.61,0.44,14.23,Apparel,Online,Not Returned,Medium,3100.01,VIP
755152,USB Cable,14,2021-02-22 11:00,75.16,0.13,21.7,Apparel,Online,Not Returned,Low,1052.24,VIP
939934,USB Cable,30,2021-02-23 07:00,73.56,0.32,23.02,Apparel,In-store,Not Returned,High,2206.8,VIP
764093,USB Cable,45,2021-02-23 10:00,56.12,0.3,20.81,Apparel,Online,Not Returned,Low,2525.4,VIP
341535,White Mug,43,2021-02-24 00:00,91.46,0.02,5.56,Apparel,Online,Not Returned,High,3932.78,VIP
271999,Wireless Mouse,30,2021-02-24 06:00,91.52,0.34,9.58,Apparel,Online,Not Returned,High,2745.6,VIP
855737,Blue Pen,44,2021-02-24 07:00,26.63,0.42,20.02,Apparel,Online,Not Returned,Low,1171.72,VIP
386674,USB Cable,40,2021-02-24 18:00,78.6,0.39,10.8,Apparel,Online,Not Returned,Low,3144.0,VIP
560522,Blue Pen,14,2021-02-25 17:00,93.15,0.23,20.22,Apparel,Online,Not Returned,Low,1304.1,VIP
270534,Notebook,35,2021-02-26 00:00,31.23,0.23,14.01,Apparel,In-store,Not Returned,Low,1093.05,VIP
860649,Notebook,36,2021-02-26 19:00,95.22,0.1,13.05,Apparel,In-store,Not Returned,Medium,3427.92,VIP
966453,Wall Clock,25,2021-02-27 02:00,64.2,0.26,6.2,Apparel,In-store,Not Returned,Low,1605.0,VIP
377749,White Mug,30,2021-02-27 03:00,81.29,0.31,25.16,Apparel,In-store,Not Returned,Low,2438.7000000000003,VIP
191656,Blue Pen,17,2021-02-27 20:00,90.51,0.44,9.94,Apparel,Online,Not Returned,High,1538.67,VIP
266963,Desk Lamp,27,2021-02-27 22:00,90.99,0.37,10.39,Apparel,In-store,Not Returned,High,2456.73,VIP
586134,Wireless Mouse,38,2021-02-28 07:00,66.27,0.03,11.1,Apparel,In-store,Not Returned,Low,2518.26,VIP
448292,Office Chair,34,2021-02-28 17:00,97.87,0.39,15.66,Apparel,Online,Not Returned,Low,3327.58,VIP
670178,Blue Pen,21,2021-02-28 18:00,95.32,0.31,26.7,Apparel,Online,Not Returned,High,2001.72,VIP
500010,Blue Pen,18,2021-02-28 19:00,86.98,0.21,26.57,Apparel,Online,Not Returned,Medium,1565.64,VIP
597163,Wireless Mouse,47,2021-03-01 03:00,73.51,0.5,20.55,Apparel,Online,Not Returned,Medium,3454.9700000000003,VIP
547617,Office Chair,38,2021-03-01 06:00,84.38,0.01,9.15,Apparel,In-store,Not Returned,High,3206.44,VIP
787823,White Mug,17,2021-03-01 08:00,97.22,0.26,25.58,Apparel,In-store,Not Returned,Low,1652.74,VIP
765078,Headphones,24,2021-03-01 12:00,67.27,0.17,28.22,Apparel,In-store,Not Returned,Medium,1614.48,VIP
147599,White Mug,42,2021-03-01 15:00,96.37,0.07,19.8,Apparel,Online,Not Returned,Low,4047.54,VIP
154943,Wireless Mouse,42,2021-03-02 01:00,88.64,0.21,21.17,Apparel,In-store,Returned,Medium,3722.88,VIP
706962,Wireless Mouse,38,2021-03-02 03:00,91.37,0.47,13.73,Apparel,Online,Not Returned,Medium,3472.0600000000004,VIP
710682,Office Chair,34,2021-03-03 04:00,54.22,0.01,10.57,Apparel,Online,Not Returned,Medium,1843.48,VIP
790681,Office Chair,48,2021-03-03 11:00,39.8,0.39,13.2,Apparel,Online,Not Returned,Medium,1910.4,VIP
509675,Desk Lamp,39,2021-03-03 13:00,83.76,0.47,10.39,Apparel,In-store,Not Returned,High,3266.6400000000003,VIP
367201,Backpack,49,2021-03-03 15:00,69.04,0.31,20.8,Apparel,In-store,Not Returned,High,3382.9600000000005,VIP
519204,USB Cable,17,2021-03-04 23:00,81.64,0.3,5.51,Apparel,In-store,Not Returned,Medium,1387.88,VIP
591860,Wall Clock,24,2021-03-05 02:00,62.6,0.13,15.16,Apparel,In-store,Not Returned,High,1502.4,VIP
502968,USB Cable,14,2021-03-05 10:00,87.92,0.19,21.87,Apparel,In-store,Not Returned,Low,1230.88,VIP
961864,T-shirt,15,2021-03-05 15:00,81.74,0.36,9.24,Apparel,In-store,Not Returned,Low,1226.1,VIP
199122,USB Cable,18,2021-03-05 19:00,72.66,0.37,17.41,Apparel,Online,Not Returned,Low,1307.88,VIP
720804,Blue Pen,24,2021-03-06 05:00,57.39,0.22,21.38,Apparel,Online,Not Returned,High,1377.36,VIP
347541,White Mug,45,2021-03-06 17:00,77.29,0.15,6.02,Apparel,In-store,Not Returned,Low,3478.05,VIP
274001,Notebook,15,2021-03-06 20:00,88.64,0.28,22.75,Apparel,Online,Not Returned,Medium,1329.6,VIP
860691,T-shirt,25,2021-03-07 01:00,57.29,0.4,26.86,Apparel,In-store,Not Returned,Medium,1432.25,VIP
980624,USB Cable,26,2021-03-08 00:00,54.31,0.38,16.38,Apparel,In-store,Not Returned,High,1412.06,VIP
703910,Wall Clock,34,2021-03-08 08:00,57.28,0.32,14.24,Apparel,In-store,Not Returned,Low,1947.52,VIP
586626,Wireless Mouse,43,2021-03-08 15:00,55.26,0.32,14.96,Apparel,In-store,Not Returned,Medium,2376.18,VIP
711868,Office Chair,46,2021-03-08 18:00,54.1,0.25,14.3,Apparel,In-store,Not Returned,High,2488.6,VIP
649264,T-shirt,26,2021-03-09 03:00,69.57,0.5,14.97,Apparel,Online,Not Returned,High,1808.82,VIP
451863,Desk Lamp,25,2021-03-10 04:00,64.35,0.1,22.56,Apparel,In-store,Not Returned,High,1608.7499999999998,VIP
170400,Wireless Mouse,22,2021-03-12 03:00,75.86,0.5,8.07,Apparel,In-store,Not Returned,Low,1668.92,VIP
951853,Office Chair,44,2021-03-12 12:00,45.42,0.09,17.17,Apparel,In-store,Not Returned,High,1998.48,VIP
327600,Wireless Mouse,41,2021-03-12 23:00,86.94,0.27,23.69,Apparel,Online,Not Returned,Medium,3564.54,VIP
579551,Blue Pen,42,2021-03-13 18:00,63.13,0.31,28.82,Apparel,Online,Not Returned,Medium,2651.46,VIP
537743,T-shirt,26,2021-03-14 08:00,38.79,0.22,12.66,Apparel,Online,Returned,Low,1008.54,VIP
225604,Wall Clock,17,2021-03-14 15:00,59.38,0.47,19.1,Apparel,Online,Returned,Low,1009.46,VIP
219324,USB Cable,25,2021-03-14 17:00,52.93,0.13,24.64,Apparel,Online,Not Returned,Medium,1323.25,VIP
939763,Notebook,25,2021-03-14 23:00,46.09,0.24,19.52,Apparel,In-store,Not Returned,High,1152.25,VIP
938821,Headphones,18,2021-03-15 05:00,81.86,0.41,12.22,Apparel,In-store,Not Returned,Low,1473.48,VIP
436243,T-shirt,42,2021-03-17 01:00,66.21,0.17,24.6,Apparel,Online,Not Returned,Low,2780.82,VIP
618790,USB Cable,22,2021-03-18 14:00,70.37,0.36,11.12,Apparel,Online,Not Returned,Low,1548.14,VIP
249725,Wall Clock,45,2021-03-18 15:00,28.12,0.3,18.46,Apparel,Online,Returned,High,1265.4,VIP
755915,T-shirt,33,2021-03-19 12:00,71.45,0.44,10.31,Apparel,In-store,Not Returned,Low,2357.85,VIP
153019,T-shirt,37,2021-03-20 03:00,84.46,0.11,14.21,Apparel,In-store,Not Returned,Low,3125.02,VIP
588161,Notebook,37,2021-03-21 07:00,71.68,0.15,23.86,Apparel,In-store,Not Returned,High,2652.1600000000003,VIP
946462,Headphones,43,2021-03-21 09:00,27.78,0.08,28.91,Apparel,In-store,Not Returned,Medium,1194.54,VIP
122936,Headphones,27,2021-03-22 02:00,83.31,0.02,7.54,Apparel,Online,Not Returned,Medium,2249.37,VIP
936614,Notebook,48,2021-03-22 03:00,94.3,0.19,20.67,Apparel,In-store,Not Returned,High,4526.4,VIP
354870,Blue Pen,37,2021-03-22 20:00,93.59,0.46,19.48,Apparel,In-store,Not Returned,Medium,3462.83,VIP
876646,Notebook,24,2021-03-22 22:00,88.89,0.22,23.72,Apparel,In-store,Not Returned,High,2133.36,VIP
233177,Blue Pen,19,2021-03-23 03:00,93.45,0.14,15.25,Apparel,In-store,Not Returned,Medium,1775.55,VIP
616379,Notebook,-36,2021-03-24 06:00,-86.75,0.27,,Apparel,In-store,Not Returned,High,3123.0,VIP
138346,T-shirt,11,2021-03-24 20:00,98.15,0.49,13.64,Apparel,Online,Not Returned,Medium,1079.65,VIP
377255,Notebook,18,2021-03-26 13:00,87.69,0.46,10.95,Apparel,Online,Not Returned,High,1578.42,VIP
884681,Notebook,28,2021-03-26 15:00,78.74,0.14,14.16,Apparel,Online,Not Returned,High,2204.72,VIP
500706,USB Cable,23,2021-03-27 03:00,85.4,0.19,20.55,Apparel,In-store,Not Returned,Low,1964.2,VIP
927543,T-shirt,14,2021-03-27 08:00,81.76,0.42,25.11,Apparel,Online,Not Returned,High,1144.64,VIP
722561,Wall Clock,22,2021-03-27 09:00,71.1,0.02,16.86,Apparel,In-store,Not Returned,High,1564.1999999999998,VIP
267973,USB Cable,45,2021-03-27 18:00,33.03,0.02,28.33,Apparel,In-store,Not Returned,Low,1486.35,VIP
846631,T-shirt,35,2021-03-27 19:00,30.99,0.11,19.53,Apparel,Online,Not Returned,Medium,1084.65,VIP
152021,Wireless Mouse,32,2021-03-27 20:00,32.93,0.44,22.27,Apparel,In-store,Not Returned,High,1053.76,VIP
990733,Wall Clock,22,2021-03-28 06:00,90.81,0.47,27.77,Apparel,Online,Not Returned,Medium,1997.82,VIP
747049,Wall Clock,43,2021-03-29 10:00,89.75,0.39,11.52,Apparel,In-store,Not Returned,Low,3859.25,VIP
791750,Blue Pen,40,2021-03-29 17:00,56.61,0.19,17.6,Apparel,Online,Not Returned,Low,2264.4,VIP
623238,Blue Pen,29,2021-03-29 21:00,57.83,0.3,28.85,Apparel,Online,Not Returned,Medium,1677.07,VIP
199083,Notebook,23,2021-03-30 03:00,78.19,0.22,11.04,Apparel,In-store,Not Returned,Medium,1798.37,VIP
549542,Desk Lamp,32,2021-03-30 23:00,49.75,0.46,6.94,Apparel,Online,Not Returned,Low,1592.0,VIP
416790,Headphones,21,2021-03-31 13:00,48.77,0.11,23.41,Apparel,Online,Not Returned,Medium,1024.17,VIP
499489,Blue Pen,43,2021-03-31 19:00,57.9,0.42,22.86,Apparel,Online,Not Returned,Medium,2489.7,VIP
314560,Wall Clock,39,2021-04-01 07:00,34.61,0.02,6.01,Apparel,In-store,Not Returned,Low,1349.79,VIP
278157,Office Chair,45,2021-04-02 20:00,53.59,0.04,28.31,Apparel,Online,Not Returned,High,2411.55,VIP
602394,T-shirt,49,2021-04-03 12:00,22.11,0.29,14.01,Apparel,Online,Not Returned,High,1083.39,VIP
357137,Wireless Mouse,31,2021-04-03 15:00,77.76,0.09,14.0,Apparel,In-store,Not Returned,Medium,2410.56,VIP
836786,Wireless Mouse,24,2021-04-03 20:00,72.42,0.38,13.4,Apparel,Online,Not Returned,Medium,1738.08,VIP
882920,Backpack,27,2021-04-04 13:00,45.16,0.04,16.83,Apparel,In-store,Not Returned,Medium,1219.32,VIP
671224,USB Cable,37,2021-04-04 17:00,28.12,0.04,7.08,Apparel,Online,Not Returned,High,1040.44,VIP
661669,Headphones,22,2021-04-04 19:00,76.63,0.06,28.05,Apparel,In-store,Not Returned,Medium,1685.86,VIP
369357,Notebook,15,2021-04-06 02:00,88.86,0.19,10.72,Apparel,Online,Not Returned,Medium,1332.9,VIP
802682,USB Cable,13,2021-04-08 04:00,96.05,0.06,26.32,Apparel,Online,Returned,High,1248.65,VIP
934938,Wall Clock,36,2021-04-08 13:00,48.36,0.07,11.38,Apparel,Online,Not Returned,Medium,1740.96,VIP
489821,Wall Clock,43,2021-04-08 15:00,97.12,0.26,28.83,Apparel,In-store,Not Returned,Medium,4176.16,VIP
313678,USB Cable,45,2021-04-08 16:00,61.01,0.02,28.49,Apparel,In-store,Returned,High,2745.45,VIP
521153,Headphones,35,2021-04-08 17:00,35.81,0.03,29.13,Apparel,In-store,Not Returned,Low,1253.35,VIP
634252,Wall Clock,33,2021-04-09 21:00,88.16,0.12,10.61,Apparel,In-store,Not Returned,Low,2909.28,VIP
832288,Desk Lamp,31,2021-04-10 02:00,87.01,0.4,29.65,Apparel,In-store,Not Returned,Low,2697.31,VIP
948182,Wireless Mouse,47,2021-04-10 09:00,97.58,0.14,25.35,Apparel,Online,Not Returned,Medium,4586.26,VIP
311979,Blue Pen,16,2021-04-10 22:00,74.31,0.03,25.35,Apparel,Online,Not Returned,Medium,1188.96,VIP
894301,USB Cable,47,2021-04-11 18:00,45.55,0.17,17.63,Apparel,Online,Returned,High,2140.85,VIP
812222,Wireless Mouse,34,2021-04-11 20:00,93.48,0.48,22.66,Apparel,In-store,Not Returned,Medium,3178.32,VIP
379100,Backpack,31,2021-04-13 03:00,72.13,0.35,19.81,Apparel,In-store,Not Returned,Medium,2236.03,VIP
988513,Wireless Mouse,27,2021-04-13 10:00,70.12,0.21,28.43,Apparel,Online,Not Returned,Low,1893.24,VIP
269746,Blue Pen,48,2021-04-13 11:00,51.89,0.09,29.03,Apparel,Online,Not Returned,Medium,2490.7200000000003,VIP
867128,T-shirt,19,2021-04-13 21:00,78.75,0.01,22.0,Apparel,Online,Returned,Medium,1496.25,VIP
934569,Wireless Mouse,44,2021-04-14 04:00,80.23,0.5,14.08,Apparel,Online,Not Returned,High,3530.1200000000003,VIP
173704,Office Chair,46,2021-04-14 16:00,72.66,0.06,17.7,Apparel,In-store,Not Returned,Medium,3342.36,VIP
713008,USB Cable,19,2021-04-15 04:00,54.35,0.48,8.28,Apparel,In-store,Not Returned,High,1032.65,VIP
599471,Backpack,31,2021-04-16 02:00,66.54,0.3,17.72,Apparel,In-store,Not Returned,High,2062.74,VIP
658811,Wireless Mouse,29,2021-04-16 06:00,44.59,0.03,29.21,Apparel,In-store,Not Returned,High,1293.11,VIP
733389,Blue Pen,42,2021-04-16 20:00,89.12,0.37,28.17,Apparel,In-store,Returned,Medium,3743.04,VIP
719225,Wireless Mouse,31,2021-04-17 01:00,67.87,0.47,23.46,Apparel,In-store,Not Returned,High,2103.9700000000003,VIP
750558,Office Chair,22,2021-04-17 08:00,47.1,0.15,29.36,Apparel,In-store,Not Returned,High,1036.2,VIP
523471,Office Chair,33,2021-04-17 10:00,94.17,0.06,25.18,Apparel,In-store,Not Returned,High,3107.61,VIP
405163,White Mug,30,2021-04-17 13:00,52.0,0.41,29.68,Apparel,Online,Not Returned,Low,1560.0,VIP
455992,White Mug,38,2021-04-18 22:00,69.83,0.32,23.42,Apparel,In-store,Not Returned,Medium,2653.54,VIP
899458,Backpack,47,2021-04-19 08:00,28.29,0.15,29.2,Apparel,Online,Not Returned,Low,1329.63,VIP
160561,White Mug,16,2021-04-20 02:00,83.04,0.31,27.24,Apparel,In-store,Not Returned,Medium,1328.64,VIP
921633,Headphones,15,2021-04-20 12:00,79.06,0.05,11.63,Apparel,In-store,Not Returned,High,1185.9,VIP
502993,Office Chair,44,2021-04-21 04:00,32.4,0.16,15.77,Apparel,In-store,Not Returned,Medium,1425.6,VIP
242321,Office Chair,37,2021-04-21 05:00,48.27,0.44,10.89,Apparel,Online,Not Returned,Medium,1785.99,VIP
120369,Office Chair,22,2021-04-21 08:00,96.81,0.42,21.71,Apparel,Online,Not Returned,High,2129.82,VIP
567543,Office Chair,-44,2021-04-21 12:00,-45.23,1.1518912627493336,,Apparel,In-store,Not Returned,Low,1990.12,VIP
495412,Wall Clock,30,2021-04-22 08:00,76.95,0.35,20.58,Apparel,Online,Not Returned,Low,2308.5,VIP
492573,Desk Lamp,44,2021-04-22 16:00,56.2,0.28,22.75,Apparel,Online,Not Returned,Medium,2472.8,VIP
798093,T-shirt,21,2021-04-23 10:00,87.56,0.12,10.07,Apparel,In-store,Not Returned,High,1838.76,VIP
723538,Desk Lamp,30,2021-04-23 14:00,34.88,0.08,16.21,Apparel,In-store,Not Returned,Low,1046.4,VIP
496474,Blue Pen,23,2021-04-24 05:00,44.01,0.47,7.62,Apparel,Online,Not Returned,High,1012.23,VIP
569791,Wall Clock,40,2021-04-24 11:00,31.3,0.07,29.02,Apparel,In-store,Not Returned,Medium,1252.0,VIP
256390,Wall Clock,15,2021-04-24 23:00,87.31,0.44,13.36,Apparel,Online,Not Returned,High,1309.65,VIP
133734,Wall Clock,28,2021-04-25 00:00,60.09,0.43,9.14,Apparel,In-store,Not Returned,Low,1682.52,VIP
242728,USB Cable,21,2021-04-25 03:00,59.23,0.47,8.44,Apparel,Online,Not Returned,Medium,1243.83,VIP
512111,USB Cable,43,2021-04-26 07:00,37.42,0.32,24.04,Apparel,In-store,Returned,Medium,1609.0600000000002,VIP
876644,Headphones,37,2021-04-26 08:00,69.29,0.11,26.96,Apparel,In-store,Not Returned,Low,2563.73,VIP
103196,Office Chair,42,2021-04-26 16:00,37.69,0.01,5.95,Apparel,In-store,Not Returned,High,1582.98,VIP
236262,Backpack,40,2021-04-28 21:00,82.2,0.06,5.37,Apparel,In-store,Returned,Low,3288.0,VIP
699559,USB Cable,25,2021-04-30 00:00,78.24,0.34,26.26,Apparel,In-store,Not Returned,Medium,1956.0,VIP
294243,Blue Pen,49,2021-04-30 06:00,75.97,0.3,13.51,Apparel,Online,Returned,Low,3722.53,VIP
176675,Wireless Mouse,38,2021-05-01 02:00,54.56,0.03,25.41,Apparel,Online,Not Returned,High,2073.28,VIP
978908,Headphones,32,2021-05-01 11:00,44.75,0.31,16.02,Apparel,In-store,Not Returned,Low,1432.0,VIP
545899,USB Cable,21,2021-05-03 16:00,51.25,0.15,21.32,Apparel,Online,Not Returned,High,1076.25,VIP
308542,Backpack,48,2021-05-05 13:00,66.13,0.26,21.31,Apparel,In-store,Not Returned,Low,3174.24,VIP
894044,Wireless Mouse,41,2021-05-05 17:00,67.34,0.36,21.25,Apparel,Online,Not Returned,Low,2760.94,VIP
675932,Wireless Mouse,39,2021-05-05 18:00,47.49,0.29,6.3,Apparel,Online,Not Returned,Low,1852.11,VIP
287805,USB Cable,30,2021-05-06 12:00,75.59,0.28,7.58,Apparel,In-store,Not Returned,Low,2267.7000000000003,VIP
581438,White Mug,43,2021-05-06 22:00,97.99,0.46,23.37,Apparel,In-store,Not Returned,Low,4213.57,VIP
999751,Wall Clock,29,2021-05-08 00:00,52.72,0.3,9.6,Apparel,Online,Not Returned,Low,1528.88,VIP
757846,Headphones,40,2021-05-08 08:00,58.96,0.38,17.85,Apparel,In-store,Not Returned,High,2358.4,VIP
166691,White Mug,39,2021-05-08 09:00,67.68,0.4,20.53,Apparel,In-store,Not Returned,High,2639.5200000000004,VIP
107086,Wireless Mouse,33,2021-05-08 13:00,50.72,0.19,15.61,Apparel,In-store,Not Returned,High,1673.76,VIP
884403,Blue Pen,24,2021-05-09 02:00,97.68,0.22,20.43,Apparel,In-store,Not Returned,Medium,2344.32,VIP
196494,Desk Lamp,43,2021-05-09 03:00,27.87,0.28,23.71,Apparel,Online,Not Returned,Medium,1198.41,VIP
373438,Blue Pen,26,2021-05-09 07:00,57.6,0.44,18.03,Apparel,In-store,Not Returned,Low,1497.6,VIP
954727,Wall Clock,40,2021-05-09 16:00,96.61,0.35,9.85,Apparel,Online,Not Returned,Low,3864.4,VIP
862803,Notebook,23,2021-05-10 18:00,72.43,0.23,5.72,Apparel,In-store,Not Returned,High,1665.89,VIP
991907,Office Chair,44,2021-05-10 19:00,35.06,0.07,24.95,Apparel,In-store,Not Returned,Medium,1542.64,VIP
312826,Wireless Mouse,43,2021-05-11 04:00,63.33,0.48,22.33,Apparel,Online,Not Returned,Medium,2723.19,VIP
829523,Headphones,46,2021-05-11 06:00,76.24,0.22,11.58,Apparel,In-store,Not Returned,High,3507.04,VIP
775331,Desk Lamp,46,2021-05-11 13:00,37.0,0.0,5.35,Apparel,Online,Not Returned,Medium,1702.0,VIP
631598,Office Chair,49,2021-05-12 17:00,74.13,0.2,25.74,Apparel,Online,Not Returned,Medium,3632.37,VIP
765751,Headphones,18,2021-05-12 21:00,86.79,0.09,26.69,Apparel,In-store,Not Returned,High,1562.22,VIP
402138,Office Chair,33,2021-05-13 16:00,80.37,0.33,9.02,Apparel,In-store,Not Returned,High,2652.21,VIP
488026,Notebook,29,2021-05-14 01:00,60.7,0.15,11.18,Apparel,Online,Not Returned,Low,1760.3000000000002,VIP
112120,USB Cable,34,2021-05-15 15:00,62.91,0.23,29.16,Apparel,In-store,Not Returned,Low,2138.94,VIP
639251,Headphones,47,2021-05-15 21:00,68.78,0.22,19.26,Apparel,In-store,Not Returned,High,3232.66,VIP
754282,Office Chair,25,2021-05-16 17:00,46.64,0.43,21.72,Apparel,In-store,Not Returned,High,1166.0,VIP
816358,Wall Clock,44,2021-05-16 20:00,74.54,0.12,25.39,Apparel,In-store,Not Returned,High,3279.76,VIP
815220,Wireless Mouse,33,2021-05-17 14:00,69.02,0.14,8.44,Apparel,In-store,Returned,High,2277.66,VIP
697823,Blue Pen,37,2021-05-17 21:00,79.79,0.49,7.78,Apparel,In-store,Not Returned,Medium,2952.23,VIP
520840,Desk Lamp,32,2021-05-19 01:00,64.1,0.16,6.94,Apparel,In-store,Not Returned,Low,2051.2,VIP
761809,White Mug,46,2021-05-19 18:00,55.41,0.03,16.61,Apparel,In-store,Not Returned,Medium,2548.86,VIP
437735,Wall Clock,24,2021-05-20 05:00,57.93,0.03,29.38,Apparel,Online,Not Returned,High,1390.32,VIP
771064,Wireless Mouse,39,2021-05-20 22:00,94.32,0.33,8.42,Apparel,In-store,Not Returned,High,3678.48,VIP
462355,Notebook,23,2021-05-22 12:00,90.81,0.39,24.11,Apparel,In-store,Not Returned,High,2088.63,VIP
543148,Wall Clock,13,2021-05-22 14:00,86.67,0.29,14.1,Apparel,In-store,Not Returned,Low,1126.71,VIP
270923,Backpack,22,2021-05-24 00:00,91.54,0.01,18.69,Apparel,In-store,Not Returned,Medium,2013.88,VIP
945075,Office Chair,36,2021-05-24 04:00,51.43,0.36,8.86,Apparel,In-store,Not Returned,High,1851.48,VIP
220627,Notebook,16,2021-05-24 22:00,89.67,0.14,28.62,Apparel,In-store,Not Returned,High,1434.72,VIP
853772,T-shirt,28,2021-05-25 08:00,85.17,0.41,17.22,Apparel,Online,Returned,Low,2384.76,VIP
530037,USB Cable,32,2021-05-25 12:00,55.13,0.25,25.12,Apparel,In-store,Not Returned,Low,1764.16,VIP
287965,Wall Clock,47,2021-05-25 22:00,43.19,0.39,8.12,Apparel,In-store,Not Returned,High,2029.93,VIP
417798,USB Cable,29,2021-05-26 06:00,82.18,0.11,25.75,Apparel,Online,Not Returned,Medium,2383.2200000000003,VIP
276637,Backpack,26,2021-05-27 06:00,86.69,0.18,18.2,Apparel,Online,Not Returned,Low,2253.94,VIP
951379,Wall Clock,40,2021-05-27 10:00,64.01,0.22,19.27,Apparel,Online,Not Returned,Low,2560.4,VIP
989566,Wall Clock,34,2021-05-27 14:00,88.75,0.27,28.94,Apparel,Online,Not Returned,Low,3017.5,VIP
497693,Desk Lamp,41,2021-05-27 22:00,44.27,0.45,13.08,Apparel,Online,Not Returned,Medium,1815.07,VIP
778756,Headphones,31,2021-05-28 01:00,95.03,0.14,19.47,Apparel,Online,Not Returned,High,2945.93,VIP
756225,USB Cable,19,2021-05-28 03:00,68.09,0.48,8.6,Apparel,Online,Not Returned,Medium,1293.71,VIP
888447,Backpack,34,2021-05-28 12:00,62.59,0.39,22.52,Apparel,In-store,Not Returned,Low,2128.06,VIP
312153,Office Chair,24,2021-05-28 20:00,81.58,0.33,14.13,Apparel,Online,Not Returned,Low,1957.92,VIP
380407,Wireless Mouse,43,2021-05-28 21:00,24.02,0.37,27.57,Apparel,Online,Returned,High,1032.86,VIP
846258,Backpack,24,2021-05-29 02:00,96.29,0.28,24.76,Apparel,Online,Not Returned,Medium,2310.96,VIP
393219,Desk Lamp,45,2021-05-29 11:00,53.21,0.3,17.93,Apparel,In-store,Not Returned,Low,2394.45,VIP
547454,Wireless Mouse,31,2021-05-29 18:00,93.1,0.25,18.79,Apparel,In-store,Returned,High,2886.1,VIP
267022,Backpack,32,2021-05-29 20:00,41.7,0.38,24.7,Apparel,In-store,Not Returned,High,1334.4,VIP
845742,Notebook,44,2021-05-30 14:00,27.21,0.29,21.25,Apparel,Online,Returned,Low,1197.24,VIP
563134,Wall Clock,32,2021-05-31 07:00,49.23,0.38,25.43,Apparel,Online,Not Returned,Low,1575.36,VIP
150893,USB Cable,-48,2021-06-02 15:00,-94.29,0.43,,Apparel,In-store,Not Returned,High,4525.92,VIP
494813,Office Chair,42,2021-06-03 17:00,71.97,0.28,11.85,Apparel,In-store,Not Returned,Medium,3022.74,VIP
555040,Blue Pen,41,2021-06-04 04:00,56.39,0.19,28.37,Apparel,In-store,Not Returned,Medium,2311.99,VIP
685593,Wireless Mouse,32,2021-06-04 16:00,67.26,0.14,12.79,Apparel,Online,Not Returned,Low,2152.32,VIP
767972,Wall Clock,16,2021-06-04 17:00,91.36,0.46,29.09,Apparel,In-store,Not Returned,Low,1461.76,VIP
952681,USB Cable,25,2021-06-04 22:00,43.43,0.2,21.08,Apparel,In-store,Returned,Low,1085.75,VIP
813280,White Mug,27,2021-06-05 06:00,38.56,0.39,11.32,Apparel,Online,Not Returned,Low,1041.12,VIP
413392,Backpack,45,2021-06-06 15:00,31.23,0.44,14.38,Apparel,In-store,Returned,Low,1405.35,VIP
481361,Headphones,27,2021-06-07 09:00,51.93,0.04,16.95,Apparel,In-store,Not Returned,Low,1402.11,VIP
953161,White Mug,41,2021-06-07 17:00,75.0,0.22,12.58,Apparel,In-store,Not Returned,Low,3075.0,VIP
217907,USB Cable,20,2021-06-07 22:00,55.12,0.32,26.88,Apparel,In-store,Not Returned,High,1102.4,VIP
623869,T-shirt,36,2021-06-08 02:00,38.48,0.38,23.1,Apparel,In-store,Not Returned,Medium,1385.28,VIP
897783,Headphones,18,2021-06-08 06:00,93.44,0.01,10.98,Apparel,Online,Not Returned,High,1681.92,VIP
710108,USB Cable,40,2021-06-09 06:00,62.31,0.37,12.87,Apparel,Online,Not Returned,Medium,2492.4,VIP
886166,T-shirt,49,2021-06-09 13:00,37.0,0.24,12.8,Apparel,Online,Not Returned,Medium,1813.0,VIP
612472,Desk Lamp,30,2021-06-09 14:00,52.36,0.22,15.5,Apparel,Online,Not Returned,Low,1570.8,VIP
828734,T-shirt,34,2021-06-09 15:00,73.19,0.34,29.21,Apparel,In-store,Not Returned,Low,2488.46,VIP
554581,T-shirt,25,2021-06-09 20:00,46.73,0.03,29.18,Apparel,Online,Not Returned,High,1168.25,VIP
933142,Headphones,34,2021-06-09 22:00,61.05,0.3,5.73,Apparel,Online,Not Returned,Medium,2075.7,VIP
148458,Blue Pen,31,2021-06-10 02:00,95.2,0.29,27.91,Apparel,Online,Not Returned,Medium,2951.2000000000003,VIP
527562,Wall Clock,42,2021-06-10 08:00,77.88,0.27,6.58,Apparel,Online,Not Returned,High,3270.96,VIP
382745,Blue Pen,38,2021-06-10 19:00,70.28,0.08,12.65,Apparel,Online,Not Returned,Low,2670.64,VIP
463157,USB Cable,43,2021-06-10 22:00,92.24,0.03,20.32,Apparel,Online,Not Returned,Low,3966.32,VIP
471024,Office Chair,15,2021-06-11 22:00,72.43,0.14,9.64,Apparel,Online,Not Returned,High,1086.45,VIP
834750,T-shirt,29,2021-06-12 16:00,90.0,0.26,21.71,Apparel,Online,Not Returned,Low,2610.0,VIP
502893,Wall Clock,14,2021-06-12 18:00,93.11,0.23,8.75,Apparel,Online,Not Returned,High,1303.54,VIP
710326,Notebook,29,2021-06-13 22:00,83.1,0.34,11.12,Apparel,In-store,Returned,High,2409.9,VIP
174723,Headphones,19,2021-06-14 03:00,68.75,0.08,24.58,Apparel,In-store,Returned,Medium,1306.25,VIP
892515,Blue Pen,17,2021-06-14 12:00,80.32,0.47,7.45,Apparel,In-store,Not Returned,Low,1365.4399999999998,VIP
928753,Headphones,26,2021-06-14 20:00,80.53,0.49,20.07,Apparel,In-store,Not Returned,Low,2093.78,VIP
364130,Backpack,18,2021-06-15 17:00,86.28,0.05,20.52,Apparel,Online,Returned,High,1553.04,VIP
359488,Notebook,28,2021-06-16 13:00,45.22,0.36,8.86,Apparel,In-store,Returned,Medium,1266.16,VIP
515547,White Mug,46,2021-06-17 19:00,92.52,0.39,26.73,Apparel,In-store,Not Returned,Low,4255.92,VIP
767296,Notebook,29,2021-06-18 19:00,69.07,0.49,23.5,Apparel,Online,Not Returned,Low,2003.03,VIP
613694,Backpack,30,2021-06-18 22:00,43.5,0.11,11.67,Apparel,In-store,Not Returned,High,1305.0,VIP
213694,White Mug,22,2021-06-19 00:00,51.47,0.14,15.24,Apparel,In-store,Not Returned,High,1132.34,VIP
500022,USB Cable,47,2021-06-20 08:00,57.73,0.44,17.52,Apparel,Online,Not Returned,High,2713.31,VIP
379302,Notebook,46,2021-06-20 13:00,31.51,0.06,9.97,Apparel,In-store,Not Returned,Medium,1449.46,VIP
481856,Headphones,46,2021-06-21 00:00,77.37,0.41,28.77,Apparel,Online,Not Returned,Low,3559.0200000000004,VIP
763333,White Mug,45,2021-06-21 03:00,90.91,0.49,14.02,Apparel,Online,Not Returned,Low,4090.95,VIP
484793,Blue Pen,26,2021-06-21 06:00,99.11,0.39,14.31,Apparel,In-store,Not Returned,Low,2576.86,VIP
712551,Desk Lamp,42,2021-06-21 14:00,40.18,0.17,26.88,Apparel,In-store,Not Returned,Medium,1687.56,VIP
625204,Notebook,42,2021-06-21 17:00,53.78,0.08,18.12,Apparel,Online,Not Returned,High,2258.76,VIP
562326,USB Cable,23,2021-06-21 19:00,95.91,0.15,29.17,Apparel,Online,Not Returned,Medium,2205.93,VIP
498422,Office Chair,43,2021-06-21 23:00,25.96,0.05,15.84,Apparel,In-store,Not Returned,Medium,1116.28,VIP
478355,Backpack,14,2021-06-22 03:00,98.24,0.25,18.94,Apparel,In-store,Not Returned,Medium,1375.36,VIP
417545,USB Cable,33,2021-06-22 10:00,96.19,0.18,17.4,Apparel,In-store,Not Returned,Low,3174.27,VIP
297298,Office Chair,36,2021-06-22 11:00,37.88,0.27,15.4,Apparel,Online,Not Returned,High,1363.68,VIP
662834,Office Chair,26,2021-06-23 05:00,41.56,0.19,17.67,Apparel,Online,Not Returned,High,1080.56,VIP
813411,Headphones,40,2021-06-24 08:00,36.75,0.1,6.91,Apparel,Online,Not Returned,Low,1470.0,VIP
862832,Office Chair,44,2021-06-24 18:00,86.02,0.18,22.14,Apparel,In-store,Not Returned,Low,3784.88,VIP
677539,Wall Clock,13,2021-06-25 01:00,89.03,0.34,21.21,Apparel,Online,Returned,Medium,1157.39,VIP
775616,Desk Lamp,27,2021-06-25 09:00,84.22,0.24,22.17,Apparel,Online,Not Returned,Medium,2273.94,VIP
528373,USB Cable,35,2021-06-25 18:00,76.97,0.17,22.06,Apparel,In-store,Not Returned,Medium,2693.95,VIP
709981,Office Chair,34,2021-06-26 02:00,85.49,0.3,16.68,Apparel,In-store,Not Returned,Low,2906.66,VIP
280680,T-shirt,49,2021-06-26 16:00,25.82,0.23,6.85,Apparel,Online,Not Returned,High,1265.18,VIP
802076,Headphones,41,2021-06-26 22:00,60.39,0.46,20.87,Apparel,Online,Not Returned,High,2475.99,VIP
169835,White Mug,48,2021-06-27 02:00,49.13,0.32,16.43,Apparel,In-store,Not Returned,Low,2358.24,VIP
763478,Office Chair,41,2021-06-27 05:00,94.29,0.39,15.11,Apparel,In-store,Not Returned,Medium,3865.89,VIP
203088,Office Chair,-47,2021-06-27 08:00,-56.89,1.861352653719916,,Apparel,In-store,Not Returned,Low,2673.83,VIP
674901,Blue Pen,19,2021-06-27 10:00,75.49,0.42,11.17,Apparel,In-store,Not Returned,High,1434.31,VIP
658910,Backpack,17,2021-06-28 13:00,95.99,0.46,23.64,Apparel,In-store,Returned,High,1631.83,VIP
209935,Desk Lamp,43,2021-06-28 14:00,62.78,0.08,8.69,Apparel,Online,Not Returned,High,2699.54,VIP
796314,Blue Pen,38,2021-06-28 17:00,90.16,0.27,29.39,Apparel,Online,Not Returned,Medium,3426.08,VIP
248112,Headphones,26,2021-06-28 22:00,56.01,0.1,6.83,Apparel,In-store,Not Returned,Low,1456.26,VIP
206242,Headphones,33,2021-06-29 08:00,73.36,0.45,24.69,Apparel,Online,Not Returned,Medium,2420.88,VIP
614080,Office Chair,41,2021-06-29 10:00,70.35,0.13,18.74,Apparel,Online,Not Returned,High,2884.35,VIP
441603,Wireless Mouse,28,2021-06-29 21:00,40.67,0.14,20.04,Apparel,Online,Not Returned,Medium,1138.76,VIP
954082,Backpack,37,2021-06-30 02:00,84.34,0.38,22.66,Apparel,In-store,Not Returned,Low,3120.58,VIP
725686,Desk Lamp,22,2021-06-30 04:00,53.62,0.22,26.16,Apparel,In-store,Not Returned,High,1179.64,VIP
877110,Blue Pen,33,2021-06-30 10:00,36.57,0.2,8.83,Apparel,In-store,Not Returned,High,1206.81,VIP
557301,Wireless Mouse,41,2021-06-30 21:00,74.79,0.07,9.59,Apparel,Online,Not Returned,Medium,3066.3900000000003,VIP
511742,USB Cable,39,2021-07-01 21:00,28.97,0.1,29.09,Apparel,Online,Not Returned,Low,1129.83,VIP
460701,Blue Pen,-13,2021-07-02 01:00,-97.86,1.5888591219849626,,Apparel,Online,Not Returned,Medium,1272.18,VIP
643447,T-shirt,16,2021-07-02 04:00,93.63,0.08,25.09,Apparel,In-store,Not Returned,Low,1498.08,VIP
222366,Notebook,21,2021-07-02 05:00,99.52,0.18,24.71,Apparel,Online,Not Returned,Low,2089.92,VIP
892644,Desk Lamp,27,2021-07-02 07:00,90.78,0.48,24.52,Apparel,In-store,Not Returned,Medium,2451.06,VIP
439205,Office Chair,17,2021-07-02 11:00,61.45,0.09,9.07,Apparel,In-store,Not Returned,High,1044.65,VIP
551598,White Mug,27,2021-07-03 16:00,76.09,0.06,7.84,Apparel,In-store,Not Returned,Medium,2054.4300000000003,VIP
493545,Wireless Mouse,27,2021-07-04 04:00,66.71,0.12,24.77,Apparel,Online,Not Returned,Low,1801.1699999999998,VIP
863445,T-shirt,41,2021-07-05 10:00,62.83,0.18,19.67,Apparel,In-store,Not Returned,High,2576.03,VIP
327021,White Mug,38,2021-07-05 17:00,70.43,0.2,28.9,Apparel,Online,Not Returned,Low,2676.34,VIP
768795,T-shirt,43,2021-07-06 11:00,47.33,0.33,9.29,Apparel,Online,Not Returned,High,2035.19,VIP
801696,White Mug,42,2021-07-06 13:00,87.62,0.08,16.16,Apparel,Online,Not Returned,High,3680.04,VIP
819542,Headphones,33,2021-07-06 21:00,34.1,0.12,5.67,Apparel,In-store,Not Returned,Medium,1125.3,VIP
172577,Headphones,22,2021-07-07 11:00,65.25,0.34,20.68,Apparel,In-store,Not Returned,Medium,1435.5,VIP
382068,T-shirt,45,2021-07-07 16:00,81.18,0.18,9.53,Apparel,In-store,Not Returned,Low,3653.1,VIP
796343,Desk Lamp,46,2021-07-07 22:00,46.42,0.14,12.66,Apparel,Online,Not Returned,High,2135.32,VIP
661944,Backpack,45,2021-07-08 09:00,25.6,0.05,11.3,Apparel,In-store,Not Returned,Medium,1152.0,VIP
826179,White Mug,11,2021-07-08 19:00,98.69,0.02,23.03,Apparel,Online,Not Returned,High,1085.59,VIP
962552,White Mug,21,2021-07-09 05:00,49.06,0.45,11.22,Apparel,Online,Not Returned,Medium,1030.26,VIP
405607,White Mug,21,2021-07-09 13:00,76.93,0.18,10.04,Apparel,Online,Not Returned,Medium,1615.5300000000002,VIP
993724,Wireless Mouse,24,2021-07-10 09:00,76.97,0.08,22.65,Apparel,In-store,Not Returned,Medium,1847.28,VIP
783524,USB Cable,45,2021-07-10 10:00,38.67,0.11,7.98,Apparel,In-store,Not Returned,High,1740.15,VIP
450882,T-shirt,40,2021-07-10 17:00,86.85,0.04,22.08,Apparel,Online,Returned,Low,3474.0,VIP
681933,Desk Lamp,43,2021-07-11 09:00,99.92,0.41,11.78,Apparel,Online,Not Returned,Low,4296.56,VIP
548402,Office Chair,40,2021-07-11 15:00,33.27,0.22,27.66,Apparel,Online,Not Returned,Low,1330.8000000000002,VIP
296349,White Mug,27,2021-07-12 07:00,47.23,0.11,20.03,Apparel,Online,Not Returned,High,1275.2099999999998,VIP
644766,White Mug,17,2021-07-12 09:00,67.17,0.23,15.1,Apparel,In-store,Not Returned,High,1141.89,VIP
122551,Wireless Mouse,22,2021-07-12 10:00,69.22,0.45,15.66,Apparel,In-store,Not Returned,Medium,1522.84,VIP
659849,Headphones,38,2021-07-12 13:00,77.86,0.06,14.63,Apparel,In-store,Not Returned,Medium,2958.68,VIP
347652,Backpack,26,2021-07-12 17:00,62.5,0.38,6.86,Apparel,In-store,Not Returned,High,1625.0,VIP
227192,Wireless Mouse,23,2021-07-13 07:00,77.59,0.14,8.41,Apparel,In-store,Not Returned,Medium,1784.5700000000002,VIP
562176,Backpack,41,2021-07-13 13:00,30.08,0.11,5.95,Apparel,Online,Not Returned,High,1233.28,VIP
338826,Desk Lamp,42,2021-07-13 15:00,65.8,0.48,9.14,Apparel,Online,Not Returned,High,2763.6,VIP
581809,Office Chair,42,2021-07-13 19:00,60.51,0.19,26.99,Apparel,In-store,Not Returned,Low,2541.42,VIP
869606,Wireless Mouse,44,2021-07-13 21:00,62.53,0.16,29.99,Apparel,Online,Not Returned,Medium,2751.32,VIP
273917,Desk Lamp,18,2021-07-14 01:00,73.63,0.23,9.15,Apparel,Online,Not Returned,Medium,1325.34,VIP
227135,Notebook,39,2021-07-14 11:00,31.55,0.16,19.53,Apparel,Online,Returned,Low,1230.45,VIP
254195,Desk Lamp,49,2021-07-14 12:00,20.58,0.12,11.99,Apparel,Online,Not Returned,Low,1008.42,VIP
746132,Wall Clock,-38,2021-07-14 18:00,-70.02,1.0935865442436787,,Apparel,In-store,Returned,Medium,2660.76,VIP
169224,Wall Clock,36,2021-07-15 04:00,52.63,0.0,23.64,Apparel,In-store,Not Returned,Medium,1894.68,VIP
752842,Wireless Mouse,12,2021-07-15 09:00,90.1,0.46,26.15,Apparel,Online,Not Returned,High,1081.1999999999998,VIP
389258,Blue Pen,15,2021-07-16 10:00,96.55,0.41,19.18,Apparel,In-store,Not Returned,Low,1448.25,VIP
575881,Wireless Mouse,34,2021-07-16 16:00,95.41,0.31,13.59,Apparel,Online,Not Returned,High,3243.94,VIP
362571,Blue Pen,45,2021-07-16 19:00,90.94,0.21,11.13,Apparel,In-store,Not Returned,High,4092.3,VIP
100799,Desk Lamp,33,2021-07-16 22:00,55.24,0.18,16.43,Apparel,Online,Not Returned,Low,1822.92,VIP
631313,White Mug,23,2021-07-17 01:00,57.19,0.4,10.26,Apparel,In-store,Not Returned,Low,1315.37,VIP
385916,White Mug,39,2021-07-17 17:00,57.98,0.07,12.28,Apparel,Online,Not Returned,High,2261.22,VIP
905231,White Mug,25,2021-07-17 18:00,98.78,0.19,15.41,Apparel,Online,Not Returned,Medium,2469.5,VIP
474195,T-shirt,37,2021-07-17 19:00,54.11,0.29,27.07,Apparel,Online,Not Returned,Medium,2002.07,VIP
365232,Wireless Mouse,45,2021-07-18 04:00,95.91,0.04,10.33,Apparel,In-store,Returned,High,4315.95,VIP
713521,Wall Clock,31,2021-07-18 14:00,44.56,0.01,20.07,Apparel,Online,Returned,High,1381.36,VIP
187212,White Mug,44,2021-07-19 02:00,82.8,0.1,15.51,Apparel,In-store,Returned,Low,3643.2,VIP
680085,Headphones,49,2021-07-19 03:00,89.23,0.1,18.72,Apparel,Online,Not Returned,Low,4372.27,VIP
429782,Wireless Mouse,20,2021-07-19 18:00,88.49,0.2,5.28,Apparel,In-store,Returned,High,1769.8,VIP
323734,T-shirt,13,2021-07-20 02:00,83.4,0.47,15.85,Apparel,In-store,Not Returned,Medium,1084.2,VIP
844027,Blue Pen,17,2021-07-20 03:00,95.27,0.45,29.58,Apparel,Online,Not Returned,High,1619.59,VIP
264486,Wireless Mouse,31,2021-07-20 11:00,88.33,0.34,6.46,Apparel,In-store,Not Returned,Medium,2738.23,VIP
822979,Headphones,13,2021-07-21 05:00,78.87,0.24,17.08,Apparel,Online,Not Returned,Medium,1025.31,VIP
770051,Office Chair,30,2021-07-21 14:00,48.08,0.33,9.64,Apparel,In-store,Not Returned,Low,1442.4,VIP
339644,Wall Clock,32,2021-07-22 01:00,87.09,0.07,17.02,Apparel,In-store,Not Returned,Medium,2786.88,VIP
688041,Headphones,24,2021-07-22 07:00,66.38,0.21,28.13,Apparel,In-store,Not Returned,Low,1593.12,VIP
469552,White Mug,30,2021-07-22 12:00,57.92,0.33,7.83,Apparel,Online,Not Returned,Low,1737.6,VIP
907069,USB Cable,39,2021-07-22 16:00,90.54,0.29,17.67,Apparel,Online,Not Returned,High,3531.0600000000004,VIP
575629,Office Chair,42,2021-07-22 18:00,26.12,0.24,10.12,Apparel,Online,Not Returned,Medium,1097.04,VIP
220118,White Mug,26,2021-07-22 19:00,43.83,0.19,14.53,Apparel,Online,Not Returned,Medium,1139.58,VIP
205682,Backpack,20,2021-07-24 05:00,76.29,0.26,10.48,Apparel,Online,Not Returned,Low,1525.8000000000002,VIP
784765,T-shirt,27,2021-07-24 08:00,63.8,0.35,26.7,Apparel,Online,Not Returned,High,1722.6,VIP
653218,Wall Clock,15,2021-07-24 12:00,87.73,0.41,28.71,Apparel,Online,Not Returned,Low,1315.95,VIP
511512,Notebook,44,2021-07-24 18:00,64.75,0.45,28.97,Apparel,In-store,Not Returned,Medium,2849.0,VIP
362440,Blue Pen,11,2021-07-24 21:00,96.01,0.05,21.92,Apparel,In-store,Not Returned,Low,1056.11,VIP
782527,Wall Clock,49,2021-07-25 08:00,78.93,0.33,18.22,Apparel,Online,Not Returned,High,3867.57,VIP
718815,USB Cable,37,2021-07-25 10:00,34.29,0.43,16.77,Apparel,In-store,Returned,High,1268.73,VIP
183337,T-shirt,32,2021-07-25 11:00,77.16,0.31,13.32,Apparel,In-store,Not Returned,Medium,2469.12,VIP
384732,T-shirt,29,2021-07-25 16:00,58.91,0.06,11.65,Apparel,Online,Not Returned,Medium,1708.39,VIP
510887,White Mug,21,2021-07-25 18:00,98.93,0.3,25.59,Apparel,In-store,Not Returned,Medium,2077.53,VIP
183184,Wireless Mouse,49,2021-07-27 09:00,89.75,0.34,16.97,Apparel,Online,Not Returned,Medium,4397.75,VIP
760715,Desk Lamp,31,2021-07-27 12:00,34.7,0.15,12.71,Apparel,In-store,Not Returned,Low,1075.7,VIP
454451,Wireless Mouse,44,2021-07-28 05:00,77.91,0.24,25.53,Apparel,In-store,Not Returned,Medium,3428.04,VIP
917276,Office Chair,28,2021-07-28 16:00,51.36,0.07,16.27,Apparel,Online,Not Returned,Low,1438.08,VIP
598758,Blue Pen,19,2021-07-28 18:00,88.08,0.1,6.77,Apparel,In-store,Not Returned,High,1673.52,VIP
114126,White Mug,19,2021-07-30 00:00,99.27,0.11,15.67,Apparel,In-store,Not Returned,High,1886.13,VIP
448737,Wireless Mouse,29,2021-07-31 12:00,46.23,0.29,10.46,Apparel,Online,Not Returned,Low,1340.6699999999998,VIP
563609,USB Cable,31,2021-07-31 19:00,50.07,0.38,26.65,Apparel,In-store,Not Returned,Medium,1552.17,VIP
466204,T-shirt,17,2021-08-01 03:00,78.35,0.45,6.65,Apparel,Online,Not Returned,Medium,1331.9499999999998,VIP
794025,Blue Pen,15,2021-08-01 10:00,76.13,0.37,25.49,Apparel,Online,Not Returned,Low,1141.9499999999998,VIP
567726,Blue Pen,43,2021-08-01 11:00,52.0,0.19,24.2,Apparel,Online,Not Returned,Medium,2236.0,VIP
994415,USB Cable,24,2021-08-01 21:00,83.98,0.44,11.8,Apparel,In-store,Not Returned,Low,2015.52,VIP
455887,White Mug,22,2021-08-01 23:00,52.93,0.24,25.38,Apparel,In-store,Returned,Medium,1164.46,VIP
899838,Headphones,37,2021-08-02 03:00,92.17,0.35,8.94,Apparel,Online,Not Returned,High,3410.29,VIP
828829,Wireless Mouse,36,2021-08-02 11:00,68.01,0.49,14.59,Apparel,In-store,Returned,High,2448.36,VIP
117669,Wall Clock,45,2021-08-02 12:00,68.58,0.36,23.32,Apparel,Online,Not Returned,Medium,3086.1,VIP
592290,White Mug,39,2021-08-02 16:00,60.53,0.49,6.25,Apparel,Online,Not Returned,High,2360.67,VIP
448413,Office Chair,49,2021-08-02 21:00,21.34,0.34,9.82,Apparel,In-store,Not Returned,Low,1045.66,VIP
473798,Wall Clock,48,2021-08-04 15:00,82.94,0.47,6.87,Apparel,Online,Not Returned,Low,3981.12,VIP
158480,Notebook,41,2021-08-06 04:00,94.12,0.08,29.96,Apparel,In-store,Not Returned,Low,3858.92,VIP
406172,Notebook,38,2021-08-06 17:00,90.24,0.35,23.7,Apparel,Online,Not Returned,High,3429.12,VIP
742607,Office Chair,40,2021-08-06 20:00,80.72,0.1,29.33,Apparel,In-store,Not Returned,Medium,3228.8,VIP
943224,Office Chair,47,2021-08-07 12:00,52.05,0.23,16.82,Apparel,Online,Returned,Medium,2446.35,VIP
434738,Wall Clock,38,2021-08-08 03:00,99.26,0.44,25.98,Apparel,Online,Not Returned,Low,3771.88,VIP
384293,Notebook,27,2021-08-08 08:00,51.25,0.22,29.84,Apparel,In-store,Not Returned,Medium,1383.75,VIP
577432,Wall Clock,32,2021-08-08 19:00,83.19,0.24,25.52,Apparel,In-store,Not Returned,Low,2662.08,VIP
304580,White Mug,33,2021-08-09 14:00,94.4,0.36,17.3,Apparel,In-store,Returned,High,3115.2000000000003,VIP
191865,USB Cable,38,2021-08-09 17:00,51.31,0.18,25.31,Apparel,Online,Not Returned,Low,1949.78,VIP
469775,Office Chair,45,2021-08-11 08:00,99.91,0.44,6.33,Apparel,Online,Not Returned,High,4495.95,VIP
680985,Office Chair,32,2021-08-11 10:00,96.21,0.39,11.57,Apparel,In-store,Not Returned,Medium,3078.72,VIP
694670,Headphones,25,2021-08-11 11:00,92.69,0.19,13.76,Apparel,Online,Not Returned,Low,2317.25,VIP
511249,Backpack,33,2021-08-13 03:00,31.87,0.09,15.35,Apparel,Online,Not Returned,Medium,1051.71,VIP
687069,White Mug,46,2021-08-13 07:00,34.59,0.06,19.61,Apparel,In-store,Not Returned,High,1591.14,VIP
655645,Office Chair,31,2021-08-14 10:00,48.33,0.16,29.93,Apparel,In-store,Not Returned,Medium,1498.23,VIP
159567,White Mug,20,2021-08-14 15:00,84.56,0.02,8.73,Apparel,Online,Not Returned,Low,1691.2,VIP
230066,USB Cable,24,2021-08-15 20:00,83.02,0.2,25.62,Apparel,Online,Not Returned,High,1992.48,VIP
180738,USB Cable,32,2021-08-16 21:00,99.45,0.45,28.21,Apparel,Online,Not Returned,High,3182.4,VIP
606508,Notebook,44,2021-08-18 02:00,83.82,0.5,26.35,Apparel,In-store,Not Returned,Medium,3688.08,VIP
613277,Office Chair,43,2021-08-19 07:00,60.38,0.2,7.76,Apparel,In-store,Returned,Medium,2596.34,VIP
806412,Desk Lamp,29,2021-08-19 12:00,43.73,0.13,9.47,Apparel,Online,Not Returned,Low,1268.1699999999998,VIP
288874,Wireless Mouse,34,2021-08-19 20:00,36.75,0.16,23.76,Apparel,In-store,Not Returned,Low,1249.5,VIP
362399,Notebook,23,2021-08-21 01:00,58.03,0.31,12.8,Apparel,Online,Not Returned,Low,1334.69,VIP
615152,Wall Clock,24,2021-08-21 02:00,62.13,0.4,26.49,Apparel,Online,Not Returned,Medium,1491.12,VIP
253048,Wall Clock,16,2021-08-21 16:00,86.95,0.2,13.84,Apparel,In-store,Not Returned,Low,1391.2,VIP
194515,T-shirt,42,2021-08-22 10:00,55.6,0.37,16.02,Apparel,Online,Not Returned,Low,2335.2000000000003,VIP
319601,Notebook,43,2021-08-22 15:00,69.07,0.14,20.52,Apparel,In-store,Not Returned,Low,2970.01,VIP
250033,Notebook,44,2021-08-23 03:00,32.0,0.04,20.19,Apparel,Online,Not Returned,High,1408.0,VIP
424888,Blue Pen,37,2021-08-23 14:00,48.5,0.13,9.28,Apparel,In-store,Not Returned,Low,1794.5,VIP
545292,Notebook,45,2021-08-23 19:00,40.68,0.21,27.65,Apparel,Online,Not Returned,Medium,1830.6,VIP
675862,Notebook,39,2021-08-24 16:00,96.03,0.08,16.29,Apparel,In-store,Not Returned,Medium,3745.17,VIP
319700,USB Cable,17,2021-08-25 02:00,60.46,0.19,23.21,Apparel,Online,Not Returned,High,1027.82,VIP
555987,Desk Lamp,20,2021-08-25 16:00,52.7,0.08,12.24,Apparel,Online,Not Returned,Low,1054.0,VIP
588633,Wall Clock,22,2021-08-26 08:00,95.92,0.25,16.66,Apparel,In-store,Not Returned,Medium,2110.24,VIP
562590,Desk Lamp,22,2021-08-26 18:00,46.79,0.37,11.31,Apparel,Online,Not Returned,High,1029.38,VIP
390515,Desk Lamp,17,2021-08-27 11:00,97.18,0.48,7.81,Apparel,Online,Not Returned,Medium,1652.0600000000002,VIP
506669,Office Chair,14,2021-08-28 01:00,91.34,0.17,11.77,Apparel,Online,Not Returned,Medium,1278.76,VIP
290093,Wall Clock,37,2021-08-28 04:00,31.98,0.13,6.21,Apparel,Online,Not Returned,Medium,1183.26,VIP
722673,Notebook,29,2021-08-28 07:00,92.08,0.4,17.44,Apparel,In-store,Not Returned,Low,2670.32,VIP
857262,USB Cable,44,2021-08-28 15:00,57.94,0.31,19.45,Apparel,Online,Not Returned,Low,2549.36,VIP
528583,T-shirt,24,2021-08-29 02:00,56.9,0.05,29.08,Apparel,In-store,Not Returned,Medium,1365.6,VIP
333229,Blue Pen,40,2021-08-29 05:00,96.74,0.48,21.21,Apparel,In-store,Returned,High,3869.6,VIP
479179,Wireless Mouse,42,2021-08-29 17:00,24.86,0.24,15.68,Apparel,In-store,Not Returned,Low,1044.12,VIP
835609,Backpack,46,2021-08-31 01:00,30.69,0.03,19.14,Apparel,Online,Not Returned,High,1411.74,VIP
294941,Desk Lamp,40,2021-08-31 09:00,37.79,0.09,12.04,Apparel,Online,Not Returned,Medium,1511.6,VIP
902792,Notebook,37,2021-08-31 18:00,34.94,0.22,27.37,Apparel,Online,Not Returned,Medium,1292.78,VIP
836661,T-shirt,34,2021-09-01 08:00,65.55,0.09,13.59,Apparel,Online,Not Returned,High,2228.7,VIP
917559,Backpack,48,2021-09-01 09:00,55.13,0.31,20.17,Apparel,In-store,Not Returned,Low,2646.24,VIP
564952,Desk Lamp,35,2021-09-01 22:00,49.18,0.31,21.9,Apparel,Online,Not Returned,Medium,1721.3,VIP
205940,Desk Lamp,48,2021-09-02 09:00,35.09,0.1,29.58,Apparel,Online,Returned,Medium,1684.3200000000002,VIP
642150,Blue Pen,34,2021-09-02 11:00,75.03,0.21,25.91,Apparel,In-store,Not Returned,Low,2551.02,VIP
591422,USB Cable,36,2021-09-02 20:00,57.27,0.17,26.75,Apparel,Online,Returned,Medium,2061.7200000000003,VIP
799312,T-shirt,19,2021-09-03 03:00,77.93,0.42,24.4,Apparel,Online,Not Returned,High,1480.67,VIP
424792,Wall Clock,39,2021-09-03 06:00,68.69,0.03,13.39,Apparel,Online,Not Returned,Low,2678.91,VIP
566196,Wireless Mouse,40,2021-09-04 15:00,82.39,0.13,11.29,Apparel,Online,Not Returned,High,3295.6,VIP
205935,Backpack,21,2021-09-04 20:00,48.83,0.42,21.8,Apparel,In-store,Not Returned,High,1025.43,VIP
968670,Headphones,18,2021-09-05 07:00,67.8,0.34,7.8,Apparel,Online,Not Returned,High,1220.4,VIP
651556,Backpack,44,2021-09-05 20:00,86.33,0.26,21.93,Apparel,Online,Not Returned,High,3798.52,VIP
868254,Wall Clock,43,2021-09-05 22:00,25.47,0.09,7.78,Apparel,In-store,Not Returned,High,1095.21,VIP
574706,Backpack,46,2021-09-06 19:00,88.89,0.0,14.19,Apparel,In-store,Not Returned,High,4088.94,VIP
884514,T-shirt,47,2021-09-06 20:00,90.4,0.03,18.98,Apparel,In-store,Not Returned,High,4248.8,VIP
650080,T-shirt,39,2021-09-08 01:00,41.0,0.23,25.7,Apparel,Online,Not Returned,High,1599.0,VIP
662667,Wireless Mouse,26,2021-09-08 16:00,97.74,0.25,24.71,Apparel,Online,Not Returned,Low,2541.24,VIP
997422,White Mug,-27,2021-09-08 20:00,-88.67,0.01,,Apparel,Online,Not Returned,Low,2394.09,VIP
714333,Notebook,40,2021-09-09 11:00,93.68,0.04,10.16,Apparel,Online,Not Returned,Medium,3747.2,VIP
400159,Notebook,25,2021-09-10 19:00,68.29,0.43,22.16,Apparel,Online,Not Returned,Low,1707.2500000000002,VIP
661133,Wall Clock,46,2021-09-10 21:00,94.21,0.23,28.26,Apparel,In-store,Not Returned,Medium,4333.66,VIP
355416,Office Chair,37,2021-09-11 12:00,88.11,0.17,8.69,Apparel,Online,Not Returned,Low,3260.07,VIP
260811,Office Chair,39,2021-09-12 04:00,28.18,0.01,12.51,Apparel,In-store,Not Returned,High,1099.02,VIP
357471,Desk Lamp,33,2021-09-12 10:00,58.84,0.18,19.86,Apparel,Online,Not Returned,Medium,1941.72,VIP
192019,T-shirt,26,2021-09-12 11:00,42.23,0.04,26.27,Apparel,In-store,Not Returned,Low,1097.98,VIP
674388,Wall Clock,32,2021-09-12 20:00,90.42,0.02,17.52,Apparel,Online,Returned,High,2893.44,VIP
888525,Wall Clock,11,2021-09-13 05:00,98.45,0.39,6.46,Apparel,Online,Not Returned,Low,1082.95,VIP
133717,Backpack,45,2021-09-14 09:00,45.4,0.49,19.76,Apparel,In-store,Not Returned,Low,2043.0,VIP
484533,White Mug,48,2021-09-14 13:00,47.55,0.49,12.83,Apparel,In-store,Not Returned,High,2282.4,VIP
371609,Wireless Mouse,25,2021-09-16 07:00,99.95,0.26,16.41,Apparel,In-store,Not Returned,High,2498.75,VIP
958075,White Mug,45,2021-09-16 18:00,94.7,0.37,13.68,Apparel,Online,Not Returned,High,4261.5,VIP
422433,Office Chair,38,2021-09-17 02:00,45.74,0.45,29.93,Apparel,Online,Not Returned,Medium,1738.12,VIP
824155,Wall Clock,34,2021-09-17 16:00,43.79,0.17,6.87,Apparel,Online,Not Returned,Low,1488.86,VIP
348342,Blue Pen,40,2021-09-18 11:00,93.45,0.08,16.61,Apparel,Online,Not Returned,Medium,3738.0,VIP
518318,USB Cable,46,2021-09-18 14:00,98.73,0.41,23.92,Apparel,Online,Not Returned,Medium,4541.58,VIP
532959,Desk Lamp,41,2021-09-18 18:00,35.77,0.21,20.21,Apparel,In-store,Not Returned,High,1466.5700000000002,VIP
638057,Backpack,15,2021-09-19 13:00,94.39,0.02,18.12,Apparel,Online,Not Returned,Low,1415.85,VIP
622797,T-shirt,29,2021-09-20 11:00,70.32,0.01,18.44,Apparel,In-store,Not Returned,Medium,2039.28,VIP
741844,Blue Pen,28,2021-09-20 20:00,90.01,0.35,5.02,Apparel,Online,Not Returned,Medium,2520.28,VIP
115021,Wall Clock,18,2021-09-21 00:00,84.88,0.13,23.99,Apparel,In-store,Not Returned,High,1527.84,VIP
358466,Desk Lamp,33,2021-09-21 14:00,92.72,0.09,17.44,Apparel,Online,Not Returned,High,3059.76,VIP
365954,Backpack,37,2021-09-21 17:00,57.16,0.24,7.92,Apparel,Online,Not Returned,High,2114.92,VIP
914892,White Mug,34,2021-09-23 06:00,36.73,0.11,9.71,Apparel,Online,Not Returned,High,1248.82,VIP
115141,White Mug,43,2021-09-24 07:00,52.83,0.3,13.15,Apparel,In-store,Not Returned,Medium,2271.69,VIP
242770,Desk Lamp,40,2021-09-24 19:00,72.47,0.09,20.04,Apparel,Online,Not Returned,High,2898.8,VIP
996165,Office Chair,41,2021-09-24 23:00,68.12,0.25,17.22,Apparel,In-store,Not Returned,Medium,2792.92,VIP
908118,T-shirt,33,2021-09-26 11:00,64.37,0.09,18.94,Apparel,Online,Not Returned,Low,2124.21,VIP
848935,Wireless Mouse,31,2021-09-26 18:00,37.57,0.11,29.58,Apparel,In-store,Not Returned,Low,1164.67,VIP
746052,Headphones,26,2021-09-26 20:00,45.35,0.17,21.77,Apparel,In-store,Not Returned,High,1179.1,VIP
726549,T-shirt,38,2021-09-27 07:00,50.1,0.03,9.21,Apparel,Online,Not Returned,Medium,1903.8,VIP
556610,Headphones,49,2021-09-27 20:00,64.88,0.22,23.71,Apparel,In-store,Not Returned,Low,3179.12,VIP
956634,Wireless Mouse,25,2021-09-28 06:00,75.06,0.09,15.28,Apparel,Online,Not Returned,Low,1876.5,VIP
284681,USB Cable,30,2021-09-28 16:00,98.44,0.22,24.72,Apparel,In-store,Not Returned,Low,2953.2,VIP
503552,Desk Lamp,33,2021-09-28 18:00,47.53,0.06,21.85,Apparel,In-store,Not Returned,Medium,1568.49,VIP
174469,Notebook,35,2021-09-29 01:00,54.82,0.22,10.3,Apparel,In-store,Not Returned,High,1918.7,VIP
373949,Wall Clock,47,2021-09-30 11:00,40.97,0.11,11.13,Apparel,In-store,Not Returned,Medium,1925.59,VIP
444543,Headphones,26,2021-10-01 07:00,47.56,0.11,10.76,Apparel,In-store,Not Returned,Low,1236.56,VIP
614060,Desk Lamp,36,2021-10-01 10:00,30.06,0.41,17.47,Apparel,In-store,Not Returned,High,1082.16,VIP
549622,Wireless Mouse,41,2021-10-01 23:00,31.21,0.16,11.6,Apparel,In-store,Not Returned,Low,1279.61,VIP
768301,Wall Clock,19,2021-10-02 00:00,89.46,0.21,21.47,Apparel,Online,Not Returned,High,1699.7399999999998,VIP
737703,Blue Pen,49,2021-10-02 15:00,73.07,0.25,23.23,Apparel,Online,Not Returned,Low,3580.43,VIP
556295,Notebook,16,2021-10-02 17:00,74.28,0.4,16.45,Apparel,In-store,Not Returned,Low,1188.48,VIP
365237,Wall Clock,32,2021-10-03 03:00,54.59,0.25,19.04,Apparel,In-store,Not Returned,High,1746.88,VIP
293708,Headphones,38,2021-10-03 05:00,48.82,0.41,18.12,Apparel,Online,Not Returned,High,1855.16,VIP
831385,Backpack,42,2021-10-04 13:00,59.47,0.43,6.62,Apparel,In-store,Not Returned,Medium,2497.74,VIP
600812,White Mug,25,2021-10-05 14:00,82.99,0.36,28.1,Apparel,Online,Not Returned,Low,2074.75,VIP
783775,Blue Pen,35,2021-10-05 22:00,91.94,0.47,10.49,Apparel,In-store,Not Returned,Low,3217.9,VIP
380141,Desk Lamp,37,2021-10-06 00:00,86.92,0.2,23.05,Apparel,Online,Not Returned,Low,3216.04,VIP
982143,Backpack,19,2021-10-07 00:00,72.98,0.29,15.55,Apparel,In-store,Not Returned,Low,1386.62,VIP
455642,Headphones,47,2021-10-07 12:00,50.88,0.13,21.48,Apparel,In-store,Not Returned,High,2391.36,VIP
157207,Desk Lamp,30,2021-10-07 17:00,94.12,0.46,14.22,Apparel,Online,Not Returned,Medium,2823.6000000000004,VIP
748576,Backpack,26,2021-10-07 23:00,88.0,0.2,18.54,Apparel,Online,Returned,Medium,2288.0,VIP
131126,Office Chair,48,2021-10-08 09:00,33.93,0.45,21.48,Apparel,In-store,Not Returned,Low,1628.64,VIP
624344,Wireless Mouse,13,2021-10-08 21:00,92.23,0.2,15.91,Apparel,In-store,Not Returned,Low,1198.99,VIP
311474,Notebook,27,2021-10-09 11:00,46.94,0.19,11.05,Apparel,In-store,Not Returned,High,1267.38,VIP
830929,Notebook,31,2021-10-09 17:00,35.44,0.5,8.84,Apparel,In-store,Not Returned,High,1098.64,VIP
234607,Wall Clock,49,2021-10-09 18:00,64.39,0.39,8.32,Apparel,In-store,Not Returned,Medium,3155.11,VIP
195967,USB Cable,39,2021-10-10 01:00,84.21,0.36,28.14,Apparel,Online,Not Returned,Low,3284.19,VIP
232957,Wireless Mouse,27,2021-10-10 11:00,71.82,0.32,14.64,Apparel,In-store,Not Returned,Low,1939.14,VIP
645844,Backpack,39,2021-10-11 09:00,49.18,0.18,25.97,Apparel,Online,Not Returned,Medium,1918.02,VIP
162821,USB Cable,49,2021-10-12 14:00,52.72,0.32,11.77,Apparel,Online,Not Returned,Low,2583.28,VIP
308260,Desk Lamp,41,2021-10-12 21:00,81.51,0.27,25.38,Apparel,In-store,Returned,Medium,3341.9100000000003,VIP
579871,Office Chair,14,2021-10-13 05:00,77.77,0.35,6.39,Apparel,Online,Returned,High,1088.78,VIP
886678,USB Cable,31,2021-10-14 14:00,91.74,0.23,18.14,Apparel,In-store,Not Returned,High,2843.94,VIP
680061,Desk Lamp,32,2021-10-15 11:00,96.98,0.08,23.87,Apparel,Online,Not Returned,Low,3103.36,VIP
869189,Blue Pen,25,2021-10-15 15:00,41.87,0.12,12.55,Apparel,Online,Not Returned,Medium,1046.75,VIP
889770,Notebook,19,2021-10-15 17:00,74.63,0.34,29.72,Apparel,In-store,Not Returned,Low,1417.9699999999998,VIP
659865,USB Cable,38,2021-10-16 18:00,35.33,0.09,13.31,Apparel,In-store,Not Returned,Low,1342.54,VIP
579177,White Mug,44,2021-10-16 20:00,80.53,0.23,21.34,Apparel,In-store,Not Returned,High,3543.32,VIP
172828,Desk Lamp,19,2021-10-17 05:00,85.03,0.38,18.26,Apparel,Online,Not Returned,Medium,1615.57,VIP
155152,Wireless Mouse,40,2021-10-17 08:00,65.25,0.37,24.94,Apparel,Online,Not Returned,Medium,2610.0,VIP
700280,Office Chair,23,2021-10-17 20:00,82.36,0.37,19.66,Apparel,In-store,Not Returned,Low,1894.28,VIP
645042,Wall Clock,14,2021-10-18 04:00,74.61,0.23,20.88,Apparel,In-store,Not Returned,Medium,1044.54,VIP
711369,White Mug,34,2021-10-18 09:00,60.36,0.16,11.39,Apparel,In-store,Not Returned,Medium,2052.24,VIP
185015,Wireless Mouse,34,2021-10-18 17:00,65.05,0.27,22.05,Apparel,In-store,Not Returned,Low,2211.7,VIP
854805,Notebook,14,2021-10-19 11:00,82.78,0.46,13.71,Apparel,In-store,Not Returned,Medium,1158.92,VIP
280889,Blue Pen,35,2021-10-19 12:00,31.31,0.39,26.0,Apparel,In-store,Not Returned,Medium,1095.85,VIP
438723,Notebook,30,2021-10-20 20:00,47.22,0.5,28.63,Apparel,In-store,Not Returned,Medium,1416.6,VIP
658005,Wall Clock,41,2021-10-21 10:00,43.79,0.23,17.47,Apparel,Online,Not Returned,Low,1795.39,VIP
516232,Headphones,37,2021-10-21 12:00,45.39,0.3,27.36,Apparel,Online,Not Returned,High,1679.43,VIP
192447,Headphones,35,2021-10-21 18:00,85.29,0.04,5.76,Apparel,Online,Not Returned,Low,2985.15,VIP
770050,T-shirt,47,2021-10-22 07:00,72.27,0.14,21.4,Apparel,In-store,Not Returned,Low,3396.69,VIP
205474,White Mug,25,2021-10-22 22:00,75.15,0.2,16.69,Apparel,In-store,Not Returned,Low,1878.75,VIP
166202,Wall Clock,40,2021-10-23 11:00,49.75,0.1,6.62,Apparel,In-store,Not Returned,High,1990.0,VIP
491825,Desk Lamp,42,2021-10-23 22:00,62.07,0.16,26.04,Apparel,In-store,Not Returned,Medium,2606.94,VIP
796084,Notebook,48,2021-10-24 03:00,42.77,0.27,26.36,Apparel,Online,Not Returned,High,2052.96,VIP
984237,Wireless Mouse,33,2021-10-24 04:00,44.67,0.36,28.62,Apparel,In-store,Not Returned,High,1474.11,VIP
866230,T-shirt,28,2021-10-24 08:00,68.38,0.22,28.83,Apparel,Online,Not Returned,High,1914.64,VIP
959771,Headphones,44,2021-10-24 10:00,58.49,0.31,15.24,Apparel,In-store,Not Returned,Low,2573.56,VIP
177338,Office Chair,36,2021-10-24 18:00,40.22,0.32,5.8,Apparel,Online,Not Returned,Low,1447.92,VIP
846447,Wireless Mouse,16,2021-10-25 05:00,75.19,0.12,7.16,Apparel,Online,Not Returned,Medium,1203.04,VIP
936429,Backpack,16,2021-10-25 22:00,65.97,0.09,15.05,Apparel,Online,Not Returned,Medium,1055.52,VIP
102019,Headphones,27,2021-10-26 00:00,71.6,0.29,16.83,Apparel,Online,Not Returned,Low,1933.2,VIP
249102,Notebook,-32,2021-10-26 04:00,-85.38,0.24,,Apparel,In-store,Returned,Low,2732.16,VIP
643753,T-shirt,30,2021-10-26 14:00,73.4,0.07,13.95,Apparel,Online,Not Returned,Low,2202.0,VIP
668596,Wall Clock,17,2021-10-27 06:00,93.72,0.37,21.31,Apparel,In-store,Not Returned,Medium,1593.24,VIP
550708,Notebook,22,2021-10-27 19:00,86.05,0.3,26.07,Apparel,Online,Not Returned,Low,1893.1,VIP
614295,USB Cable,16,2021-10-27 23:00,66.61,0.06,26.49,Apparel,In-store,Not Returned,Low,1065.76,VIP
328629,Wall Clock,46,2021-10-28 04:00,61.45,0.22,9.93,Apparel,Online,Returned,Low,2826.7000000000003,VIP
886960,Headphones,18,2021-10-28 05:00,65.85,0.4,14.66,Apparel,Online,Not Returned,Medium,1185.3,VIP
475987,White Mug,44,2021-10-28 16:00,35.04,0.46,18.01,Apparel,Online,Not Returned,Medium,1541.76,VIP
157153,T-shirt,22,2021-10-29 08:00,90.85,0.21,19.85,Apparel,In-store,Returned,High,1998.7,VIP
838308,Notebook,15,2021-10-29 09:00,88.29,0.08,19.91,Apparel,In-store,Not Returned,Low,1324.35,VIP
584469,Wall Clock,32,2021-10-29 13:00,90.72,0.44,27.34,Apparel,In-store,Returned,Medium,2903.04,VIP
546439,Backpack,-37,2021-10-29 22:00,-75.0,1.2717929363475178,,Apparel,Online,Not Returned,Low,2775.0,VIP
847962,Wall Clock,15,2021-10-30 23:00,79.02,0.35,25.88,Apparel,Online,Not Returned,High,1185.3,VIP
202903,Wireless Mouse,24,2021-10-31 02:00,53.58,0.04,27.98,Apparel,In-store,Not Returned,Medium,1285.92,VIP
880975,Headphones,38,2021-10-31 05:00,95.94,0.17,16.92,Apparel,In-store,Not Returned,High,3645.72,VIP
420692,Office Chair,28,2021-10-31 11:00,93.79,0.46,17.3,Apparel,Online,Not Returned,Medium,2626.1200000000003,VIP
520615,Wireless Mouse,37,2021-11-01 05:00,68.13,0.13,28.17,Apparel,In-store,Not Returned,Medium,2520.81,VIP
718281,Notebook,33,2021-11-01 08:00,67.34,0.47,11.05,Apparel,Online,Not Returned,Low,2222.2200000000003,VIP
371258,Notebook,22,2021-11-01 09:00,66.19,0.17,5.3,Apparel,Online,Not Returned,Low,1456.1799999999998,VIP
926278,Office Chair,31,2021-11-01 10:00,75.9,0.18,27.75,Apparel,In-store,Not Returned,Low,2352.9,VIP
196359,Backpack,45,2021-11-02 08:00,34.52,0.23,20.08,Apparel,Online,Not Returned,Medium,1553.4,VIP
796203,Headphones,33,2021-11-02 14:00,35.24,0.3,5.11,Apparel,Online,Not Returned,Low,1162.92,VIP
268050,T-shirt,13,2021-11-03 00:00,89.36,0.13,24.9,Apparel,In-store,Not Returned,Medium,1161.68,VIP
672403,Backpack,49,2021-11-03 08:00,77.03,0.03,9.97,Apparel,Online,Not Returned,Low,3774.47,VIP
664935,Headphones,26,2021-11-03 10:00,47.2,0.2,15.54,Apparel,Online,Not Returned,High,1227.2,VIP
183697,Wall Clock,40,2021-11-03 14:00,88.18,0.15,16.46,Apparel,Online,Not Returned,High,3527.2000000000003,VIP
786505,Backpack,45,2021-11-04 08:00,80.06,0.19,17.73,Apparel,Online,Not Returned,High,3602.7000000000003,VIP
717904,Blue Pen,36,2021-11-04 17:00,85.58,0.44,5.52,Apparel,Online,Not Returned,Low,3080.88,VIP
921717,Office Chair,16,2021-11-04 18:00,74.16,0.08,5.68,Apparel,Online,Not Returned,High,1186.56,VIP
752307,Notebook,35,2021-11-05 06:00,63.13,0.42,18.93,Apparel,In-store,Not Returned,Medium,2209.55,VIP
580001,Office Chair,42,2021-11-05 15:00,62.69,0.4,9.12,Apparel,In-store,Not Returned,Medium,2632.98,VIP
109759,Blue Pen,38,2021-11-06 02:00,81.75,0.11,20.82,Apparel,In-store,Not Returned,Low,3106.5,VIP
200153,Desk Lamp,40,2021-11-06 12:00,86.51,0.27,18.6,Apparel,Online,Not Returned,Low,3460.4,VIP
402085,Notebook,32,2021-11-07 08:00,64.54,0.41,21.33,Apparel,Online,Returned,High,2065.28,VIP
842319,Office Chair,31,2021-11-07 10:00,83.58,0.45,8.25,Apparel,Online,Not Returned,Medium,2590.98,VIP
502611,Desk Lamp,43,2021-11-07 20:00,80.15,0.36,6.16,Apparel,Online,Not Returned,Medium,3446.4500000000003,VIP
392248,White Mug,33,2021-11-08 09:00,43.03,0.05,22.14,Apparel,In-store,Not Returned,High,1419.99,VIP
932643,Backpack,46,2021-11-08 23:00,27.33,0.11,23.84,Apparel,In-store,Not Returned,High,1257.1799999999998,VIP
597926,Headphones,32,2021-11-09 20:00,93.83,0.49,25.8,Apparel,In-store,Not Returned,High,3002.56,VIP
416782,Office Chair,39,2021-11-10 11:00,47.58,0.24,24.32,Apparel,In-store,Not Returned,Medium,1855.62,VIP
715942,White Mug,15,2021-11-12 00:00,80.96,0.36,27.37,Apparel,In-store,Not Returned,High,1214.4,VIP
541920,Desk Lamp,27,2021-11-12 03:00,55.4,0.11,17.09,Apparel,In-store,Not Returned,Low,1495.8,VIP
589562,Wall Clock,34,2021-11-13 05:00,48.45,0.14,17.5,Apparel,Online,Not Returned,Medium,1647.3000000000002,VIP
777043,USB Cable,44,2021-11-13 20:00,75.57,0.16,20.72,Apparel,Online,Returned,High,3325.08,VIP
694498,White Mug,14,2021-11-14 08:00,99.28,0.28,15.97,Apparel,In-store,Not Returned,Medium,1389.92,VIP
910372,Backpack,18,2021-11-14 19:00,79.87,0.5,13.54,Apparel,In-store,Not Returned,Medium,1437.66,VIP
374025,White Mug,25,2021-11-15 13:00,73.66,0.28,22.59,Apparel,Online,Not Returned,Low,1841.5,VIP
126119,Wireless Mouse,40,2021-11-15 20:00,31.47,0.24,22.18,Apparel,Online,Not Returned,Low,1258.8,VIP
642169,Headphones,30,2021-11-16 07:00,42.58,0.17,13.47,Apparel,In-store,Not Returned,High,1277.4,VIP
101379,Desk Lamp,46,2021-11-16 08:00,49.59,0.29,13.65,Apparel,In-store,Not Returned,Low,2281.1400000000003,VIP
343825,T-shirt,46,2021-11-16 13:00,59.81,0.4,29.85,Apparel,Online,Not Returned,Low,2751.26,VIP
517740,Desk Lamp,28,2021-11-17 12:00,55.12,0.42,16.92,Apparel,In-store,Returned,Low,1543.36,VIP
729313,Blue Pen,42,2021-11-17 22:00,29.3,0.37,5.99,Apparel,Online,Returned,Low,1230.6,VIP
377132,Backpack,48,2021-11-18 12:00,83.06,0.08,24.33,Apparel,In-store,Returned,Low,3986.88,VIP
658088,USB Cable,45,2021-11-18 14:00,97.59,0.33,12.09,Apparel,In-store,Not Returned,High,4391.55,VIP
155114,Backpack,43,2021-11-20 20:00,43.36,0.49,9.88,Apparel,Online,Not Returned,High,1864.48,VIP
813161,Office Chair,46,2021-11-20 23:00,37.69,0.2,12.57,Apparel,In-store,Not Returned,Medium,1733.7399999999998,VIP
560828,Desk Lamp,37,2021-11-21 21:00,52.94,0.4,5.81,Apparel,In-store,Not Returned,High,1958.78,VIP
883877,Backpack,27,2021-11-22 16:00,50.68,0.47,15.51,Apparel,In-store,Not Returned,Low,1368.36,VIP
763468,Office Chair,22,2021-11-23 04:00,48.18,0.4,27.31,Apparel,In-store,Not Returned,Medium,1059.96,VIP
525426,USB Cable,43,2021-11-23 11:00,69.31,0.17,29.52,Apparel,In-store,Not Returned,High,2980.33,VIP
427660,Office Chair,-48,2021-11-23 13:00,-81.37,0.33,,Apparel,Online,Not Returned,Medium,3905.76,VIP
201982,Backpack,36,2021-11-24 06:00,98.23,0.31,26.5,Apparel,Online,Not Returned,High,3536.28,VIP
682523,Desk Lamp,23,2021-11-24 13:00,61.14,0.43,12.35,Apparel,In-store,Not Returned,Low,1406.22,VIP
714361,Notebook,25,2021-11-24 15:00,53.89,0.27,10.41,Apparel,Online,Not Returned,Low,1347.25,VIP
635505,Wireless Mouse,16,2021-11-24 17:00,62.5,0.15,11.89,Apparel,Online,Not Returned,Medium,1000.0,VIP
479570,Wireless Mouse,37,2021-11-25 11:00,58.63,0.22,10.64,Apparel,In-store,Not Returned,High,2169.31,VIP
505155,T-shirt,43,2021-11-25 13:00,89.77,0.17,21.32,Apparel,Online,Not Returned,High,3860.11,VIP
123946,Backpack,42,2021-11-25 21:00,66.42,0.11,12.54,Apparel,In-store,Not Returned,Low,2789.64,VIP
494861,Wireless Mouse,37,2021-11-27 07:00,79.77,0.32,25.57,Apparel,Online,Not Returned,Medium,2951.49,VIP
838027,Wireless Mouse,46,2021-11-27 20:00,34.54,0.37,23.96,Apparel,Online,Not Returned,Medium,1588.84,VIP
523359,USB Cable,36,2021-11-27 21:00,74.61,0.11,7.29,Apparel,In-store,Not Returned,High,2685.96,VIP
294020,Wall Clock,37,2021-11-28 05:00,38.17,0.3,28.07,Apparel,Online,Returned,Low,1412.29,VIP
703685,Backpack,20,2021-11-28 12:00,87.26,0.27,10.25,Apparel,In-store,Not Returned,Medium,1745.2,VIP
899947,Blue Pen,34,2021-11-28 14:00,74.65,0.01,7.25,Apparel,Online,Not Returned,Medium,2538.1000000000004,VIP
643118,Backpack,47,2021-11-30 01:00,41.74,0.39,24.77,Apparel,Online,Not Returned,Medium,1961.78,VIP
225407,White Mug,23,2021-11-30 07:00,77.41,0.46,11.57,Apparel,In-store,Not Returned,High,1780.4299999999998,VIP
907827,Desk Lamp,42,2021-11-30 10:00,28.4,0.48,17.67,Apparel,In-store,Not Returned,Low,1192.8,VIP
643344,Backpack,27,2021-11-30 14:00,83.77,0.19,28.71,Apparel,Online,Returned,Low,2261.79,VIP
508995,Backpack,38,2021-12-01 15:00,38.82,0.02,29.96,Apparel,In-store,Not Returned,Medium,1475.16,VIP
500327,Wireless Mouse,26,2021-12-01 17:00,98.14,0.41,10.35,Apparel,Online,Not Returned,Low,2551.64,VIP
545919,Blue Pen,42,2021-12-02 00:00,94.79,0.31,13.3,Apparel,In-store,Not Returned,Low,3981.18,VIP
238783,Office Chair,48,2021-12-02 02:00,83.3,0.42,26.5,Apparel,Online,Not Returned,Low,3998.4,VIP
894686,Backpack,19,2021-12-02 12:00,99.44,0.19,22.24,Apparel,Online,Not Returned,High,1889.36,VIP
862072,Desk Lamp,24,2021-12-02 21:00,61.73,0.16,15.8,Apparel,In-store,Returned,Medium,1481.52,VIP
576657,Wall Clock,36,2021-12-03 05:00,84.67,0.39,23.59,Apparel,In-store,Not Returned,Low,3048.12,VIP
325097,Desk Lamp,45,2021-12-04 04:00,30.09,0.42,27.65,Apparel,In-store,Not Returned,Medium,1354.05,VIP
684819,Notebook,26,2021-12-04 12:00,59.9,0.25,8.68,Apparel,In-store,Not Returned,High,1557.4,VIP
607409,USB Cable,25,2021-12-04 14:00,89.57,0.11,23.67,Apparel,In-store,Not Returned,High,2239.25,VIP
957158,USB Cable,-49,2021-12-06 09:00,-43.89,0.34,,Apparel,In-store,Not Returned,Medium,2150.61,VIP
735167,Notebook,41,2021-12-07 22:00,37.85,0.3,15.51,Apparel,In-store,Not Returned,Medium,1551.85,VIP
227319,Headphones,41,2021-12-08 05:00,53.34,0.33,6.56,Apparel,In-store,Not Returned,Medium,2186.94,VIP
433857,Blue Pen,20,2021-12-08 10:00,84.44,0.38,8.33,Apparel,In-store,Not Returned,High,1688.8,VIP
188754,Office Chair,35,2021-12-08 15:00,91.94,0.05,19.98,Apparel,In-store,Not Returned,Low,3217.9,VIP
776894,Notebook,26,2021-12-08 19:00,80.82,0.45,22.92,Apparel,Online,Not Returned,Low,2101.32,VIP
504241,Desk Lamp,20,2021-12-09 05:00,64.47,0.21,9.69,Apparel,Online,Not Returned,Low,1289.4,VIP
774075,T-shirt,47,2021-12-09 06:00,39.14,0.06,17.47,Apparel,In-store,Not Returned,High,1839.58,VIP
717231,Backpack,28,2021-12-09 09:00,71.21,0.1,15.41,Apparel,Online,Not Returned,High,1993.88,VIP
661032,White Mug,46,2021-12-09 12:00,77.6,0.41,20.93,Apparel,Online,Not Returned,High,3569.6,VIP
613611,Desk Lamp,36,2021-12-09 23:00,74.69,0.27,9.91,Apparel,In-store,Not Returned,High,2688.84,VIP
583512,USB Cable,43,2021-12-10 02:00,42.48,0.23,28.31,Apparel,Online,Not Returned,High,1826.64,VIP
880751,USB Cable,16,2021-12-10 12:00,96.76,0.15,11.78,Apparel,In-store,Not Returned,Low,1548.16,VIP
588720,Office Chair,24,2021-12-10 22:00,76.97,0.2,7.37,Apparel,Online,Returned,Low,1847.28,VIP
935227,Desk Lamp,21,2021-12-11 13:00,96.48,0.48,19.57,Apparel,Online,Not Returned,Medium,2026.08,VIP
286110,Headphones,22,2021-12-12 03:00,50.03,0.1,23.53,Apparel,In-store,Not Returned,High,1100.66,VIP
902699,Desk Lamp,39,2021-12-12 14:00,80.8,0.36,18.24,Apparel,In-store,Not Returned,Medium,3151.2,VIP
296599,White Mug,46,2021-12-12 20:00,72.06,0.38,15.57,Apparel,In-store,Not Returned,Medium,3314.76,VIP
456686,Desk Lamp,20,2021-12-12 22:00,67.95,0.43,29.28,Apparel,In-store,Not Returned,Medium,1359.0,VIP
396753,Office Chair,37,2021-12-13 05:00,31.24,0.03,11.9,Apparel,In-store,Not Returned,Medium,1155.88,VIP
567667,Wireless Mouse,19,2021-12-13 15:00,78.05,0.33,22.71,Apparel,In-store,Not Returned,High,1482.95,VIP
495158,Wireless Mouse,21,2021-12-13 20:00,90.42,0.37,9.39,Apparel,In-store,Not Returned,Medium,1898.82,VIP
846988,Office Chair,49,2021-12-14 12:00,29.3,0.43,10.45,Apparel,In-store,Returned,Low,1435.7,VIP
644929,Wireless Mouse,44,2021-12-15 06:00,52.73,0.11,23.41,Apparel,Online,Not Returned,Medium,2320.12,VIP
525716,Backpack,47,2021-12-15 07:00,99.33,0.21,18.74,Apparel,Online,Not Returned,Medium,4668.51,VIP
223554,Headphones,30,2021-12-15 21:00,36.34,0.41,18.67,Apparel,In-store,Not Returned,Medium,1090.2,VIP
800457,Notebook,38,2021-12-16 08:00,59.84,0.2,14.37,Apparel,In-store,Returned,Medium,2273.92,VIP
677564,White Mug,37,2021-12-16 10:00,33.08,0.33,26.23,Apparel,In-store,Not Returned,High,1223.96,VIP
396784,Desk Lamp,35,2021-12-17 11:00,98.09,0.5,27.69,Apparel,In-store,Not Returned,Medium,3433.15,VIP
390534,Notebook,13,2021-12-18 13:00,77.27,0.48,20.13,Apparel,Online,Not Returned,High,1004.51,VIP
135568,T-shirt,37,2021-12-19 04:00,47.09,0.27,11.09,Apparel,In-store,Not Returned,High,1742.3300000000002,VIP
366320,Headphones,29,2021-12-19 20:00,85.59,0.41,12.9,Apparel,Online,Returned,Low,2482.11,VIP
519136,Wall Clock,20,2021-12-19 22:00,55.56,0.21,5.1,Apparel,In-store,Not Returned,Low,1111.2,VIP
342726,Headphones,27,2021-12-20 08:00,87.99,0.2,10.51,Apparel,Online,Not Returned,Low,2375.73,VIP
821202,Blue Pen,38,2021-12-20 10:00,57.56,0.26,23.19,Apparel,In-store,Not Returned,Low,2187.28,VIP
386608,White Mug,41,2021-12-21 06:00,44.23,0.19,20.45,Apparel,Online,Not Returned,High,1813.43,VIP
904660,Wall Clock,32,2021-12-21 11:00,92.77,0.29,25.62,Apparel,Online,Not Returned,Medium,2968.64,VIP
861299,USB Cable,36,2021-12-21 19:00,92.77,0.12,22.72,Apparel,In-store,Returned,Medium,3339.72,VIP
285846,Wall Clock,47,2021-12-22 00:00,26.36,0.02,5.08,Apparel,In-store,Not Returned,Low,1238.92,VIP
372530,Desk Lamp,39,2021-12-22 01:00,92.21,0.37,6.37,Apparel,In-store,Not Returned,Low,3596.19,VIP
143021,Wall Clock,19,2021-12-22 06:00,94.06,0.45,17.36,Apparel,Online,Not Returned,Medium,1787.14,VIP
857071,Notebook,42,2021-12-22 18:00,36.48,0.08,20.33,Apparel,Online,Not Returned,High,1532.16,VIP
948142,Blue Pen,27,2021-12-22 22:00,83.51,0.26,18.43,Apparel,In-store,Not Returned,Medium,2254.77,VIP
457470,Headphones,20,2021-12-22 23:00,94.72,0.34,24.84,Apparel,In-store,Not Returned,Low,1894.4,VIP
375333,Backpack,39,2021-12-23 03:00,36.67,0.13,26.33,Apparel,In-store,Not Returned,High,1430.13,VIP
465863,Blue Pen,31,2021-12-23 11:00,45.76,0.01,6.28,Apparel,In-store,Not Returned,High,1418.56,VIP
105310,Wall Clock,45,2021-12-23 20:00,93.84,0.38,7.02,Apparel,Online,Not Returned,Medium,4222.8,VIP
839443,White Mug,34,2021-12-24 03:00,92.4,0.21,11.11,Apparel,Online,Not Returned,High,3141.6000000000004,VIP
831670,Office Chair,37,2021-12-24 04:00,67.65,0.36,5.15,Apparel,In-store,Not Returned,Low,2503.05,VIP
570328,Notebook,18,2021-12-24 08:00,71.0,0.04,10.76,Apparel,Online,Not Returned,Medium,1278.0,VIP
493238,Desk Lamp,30,2021-12-24 14:00,47.54,0.08,20.26,Apparel,Online,Not Returned,High,1426.2,VIP
719436,Notebook,32,2021-12-24 22:00,91.99,0.22,8.94,Apparel,In-store,Returned,Medium,2943.68,VIP
908157,Desk Lamp,45,2021-12-25 00:00,26.1,0.42,26.81,Apparel,In-store,Not Returned,Medium,1174.5,VIP
371142,Blue Pen,41,2021-12-25 07:00,67.07,0.16,19.34,Apparel,Online,Not Returned,Medium,2749.87,VIP
113338,Notebook,18,2021-12-25 15:00,80.8,0.1,6.76,Apparel,In-store,Not Returned,Low,1454.4,VIP
700577,Blue Pen,44,2021-12-25 16:00,31.78,0.29,14.32,Apparel,Online,Returned,Medium,1398.3200000000002,VIP
543853,Wireless Mouse,23,2021-12-26 02:00,96.22,0.3,20.85,Apparel,Online,Not Returned,Medium,2213.06,VIP
880343,Notebook,29,2021-12-26 03:00,77.57,0.25,29.11,Apparel,In-store,Not Returned,Low,2249.53,VIP
500966,Office Chair,40,2021-12-26 06:00,34.58,0.24,21.1,Apparel,In-store,Not Returned,Medium,1383.1999999999998,VIP
699223,T-shirt,17,2021-12-26 09:00,79.25,0.23,26.5,Apparel,Online,Not Returned,Low,1347.25,VIP
896966,Notebook,25,2021-12-27 18:00,62.15,0.06,21.91,Apparel,Online,Not Returned,Medium,1553.75,VIP
903621,Wireless Mouse,26,2021-12-27 20:00,80.92,0.06,27.83,Apparel,Online,Not Returned,Medium,2103.92,VIP
972183,T-shirt,34,2021-12-28 20:00,44.66,0.05,11.72,Apparel,In-store,Not Returned,Low,1518.4399999999998,VIP
489569,Desk Lamp,45,2021-12-29 06:00,51.27,0.45,5.61,Apparel,In-store,Not Returned,Low,2307.15,VIP
941672,T-shirt,27,2021-12-29 09:00,38.14,0.19,16.2,Apparel,In-store,Not Returned,Medium,1029.78,VIP
868103,Office Chair,15,2021-12-29 21:00,85.27,0.28,25.98,Apparel,Online,Not Returned,Low,1279.05,VIP
593614,Wireless Mouse,29,2021-12-30 12:00,71.31,0.3,20.4,Apparel,In-store,Not Returned,High,2067.99,VIP
113672,Desk Lamp,45,2021-12-30 16:00,38.94,0.08,26.07,Apparel,Online,Not Returned,High,1752.3,VIP
576684,Wall Clock,27,2021-12-30 17:00,87.28,0.25,6.14,Apparel,In-store,Not Returned,High,2356.56,VIP
780047,USB Cable,42,2021-12-31 15:00,43.3,0.2,12.88,Apparel,In-store,Returned,Medium,1818.6,VIP
329164,Office Chair,14,2022-01-02 23:00,91.62,0.24,21.88,Apparel,In-store,Returned,High,1282.68,VIP
759089,Wireless Mouse,34,2022-01-03 03:00,85.33,0.31,14.74,Apparel,In-store,Not Returned,Low,2901.22,VIP
881608,Wall Clock,27,2022-01-03 23:00,65.9,0.16,9.92,Apparel,Online,Not Returned,Medium,1779.3000000000002,VIP
871668,Blue Pen,39,2022-01-04 03:00,34.2,0.18,11.97,Apparel,Online,Not Returned,Low,1333.8000000000002,VIP
506521,Notebook,39,2022-01-06 07:00,52.2,0.28,22.7,Apparel,In-store,Not Returned,High,2035.8,VIP
586476,Notebook,40,2022-01-06 12:00,49.0,0.24,12.31,Apparel,Online,Not Returned,Medium,1960.0,VIP
680420,Wireless Mouse,30,2022-01-06 14:00,34.12,0.46,7.89,Apparel,In-store,Not Returned,Medium,1023.6,VIP
939411,Headphones,43,2022-01-06 16:00,60.38,0.01,25.54,Apparel,In-store,Not Returned,Low,2596.34,VIP
700709,USB Cable,49,2022-01-06 23:00,79.85,0.2,22.87,Apparel,In-store,Not Returned,Low,3912.65,VIP
753761,Blue Pen,32,2022-01-07 05:00,97.45,0.05,8.84,Apparel,In-store,Not Returned,High,3118.4,VIP
277398,Headphones,49,2022-01-07 07:00,81.95,0.16,6.45,Apparel,In-store,Not Returned,Medium,4015.55,VIP
890555,Office Chair,20,2022-01-07 09:00,86.43,0.1,18.63,Apparel,Online,Not Returned,Medium,1728.6,VIP
535935,Backpack,49,2022-01-07 15:00,66.2,0.1,22.41,Apparel,In-store,Not Returned,Low,3243.8,VIP
268769,Office Chair,27,2022-01-07 21:00,61.1,0.0,22.88,Apparel,In-store,Not Returned,High,1649.7,VIP
767481,Desk Lamp,35,2022-01-08 07:00,85.53,0.37,28.71,Apparel,In-store,Not Returned,High,2993.55,VIP
750060,Wall Clock,43,2022-01-09 04:00,26.04,0.46,14.97,Apparel,In-store,Not Returned,Low,1119.72,VIP
838661,Backpack,25,2022-01-09 11:00,69.66,0.36,23.47,Apparel,Online,Not Returned,High,1741.5,VIP
337145,Notebook,20,2022-01-09 15:00,98.48,0.47,28.0,Apparel,In-store,Not Returned,High,1969.6,VIP
960352,Backpack,25,2022-01-09 17:00,58.95,0.0,25.1,Apparel,In-store,Not Returned,Low,1473.75,VIP
328497,Desk Lamp,37,2022-01-09 23:00,86.93,0.27,19.53,Apparel,Online,Not Returned,High,3216.4100000000003,VIP
309727,Headphones,30,2022-01-10 23:00,94.06,0.43,9.45,Apparel,Online,Returned,High,2821.8,VIP
437088,White Mug,18,2022-01-11 09:00,72.59,0.2,13.84,Apparel,In-store,Not Returned,Medium,1306.62,VIP
566727,T-shirt,38,2022-01-11 21:00,31.07,0.03,5.74,Apparel,Online,Not Returned,High,1180.66,VIP
118909,USB Cable,41,2022-01-12 00:00,94.61,0.03,28.95,Apparel,In-store,Not Returned,Low,3879.01,VIP
349975,Wireless Mouse,39,2022-01-12 02:00,53.3,0.29,22.36,Apparel,Online,Not Returned,Low,2078.7,VIP
537538,Office Chair,49,2022-01-12 05:00,32.55,0.28,18.21,Apparel,In-store,Not Returned,High,1594.9499999999998,VIP
351981,Wireless Mouse,41,2022-01-12 09:00,26.96,0.34,17.76,Apparel,Online,Not Returned,Medium,1105.36,VIP
886872,Desk Lamp,17,2022-01-12 12:00,74.54,0.09,15.85,Apparel,In-store,Not Returned,Medium,1267.18,VIP
597275,Notebook,47,2022-01-12 15:00,25.84,0.05,10.02,Apparel,Online,Not Returned,Low,1214.48,VIP
705950,T-shirt,27,2022-01-12 17:00,96.93,0.27,18.15,Apparel,In-store,Not Returned,Medium,2617.11,VIP
854189,Backpack,21,2022-01-13 04:00,67.28,0.37,10.15,Apparel,In-store,Not Returned,Low,1412.88,VIP
181748,Headphones,28,2022-01-14 01:00,72.74,0.49,10.12,Apparel,Online,Not Returned,Medium,2036.72,VIP
726692,Wireless Mouse,26,2022-01-14 06:00,83.23,0.02,21.34,Apparel,Online,Not Returned,Low,2163.98,VIP
980808,Office Chair,-33,2022-01-14 18:00,-84.7,1.541901902791103,,Apparel,In-store,Not Returned,High,2795.1,VIP
117175,White Mug,23,2022-01-14 20:00,72.41,0.21,28.41,Apparel,In-store,Not Returned,Medium,1665.4299999999998,VIP
971415,Headphones,46,2022-01-14 22:00,99.7,0.15,15.32,Apparel,In-store,Not Returned,Medium,4586.2,VIP
581503,Blue Pen,43,2022-01-14 23:00,39.63,0.31,7.84,Apparel,Online,Not Returned,Medium,1704.09,VIP
260094,White Mug,34,2022-01-15 09:00,87.24,0.03,10.97,Apparel,Online,Not Returned,High,2966.16,VIP
824689,Office Chair,-50,2022-01-15 10:00,-51.14,1.4789513806137946,,Apparel,Online,Not Returned,Low,2557.0,VIP
772960,White Mug,17,2022-01-15 20:00,60.85,0.06,5.11,Apparel,In-store,Not Returned,High,1034.45,VIP
877981,T-shirt,41,2022-01-16 14:00,60.07,0.36,9.24,Apparel,In-store,Not Returned,Low,2462.87,VIP
361745,Notebook,43,2022-01-16 20:00,45.98,0.2,29.65,Apparel,In-store,Not Returned,High,1977.14,VIP
282394,Notebook,21,2022-01-17 00:00,50.23,0.37,22.34,Apparel,In-store,Not Returned,High,1054.83,VIP
962303,Backpack,29,2022-01-17 20:00,76.72,0.11,21.73,Apparel,In-store,Not Returned,Low,2224.88,VIP
707493,Desk Lamp,42,2022-01-17 21:00,98.16,0.47,13.42,Apparel,Online,Not Returned,High,4122.72,VIP
268902,Headphones,43,2022-01-18 03:00,23.82,0.31,23.58,Apparel,In-store,Not Returned,Medium,1024.26,VIP
751176,T-shirt,19,2022-01-18 06:00,61.74,0.5,25.51,Apparel,In-store,Not Returned,High,1173.06,VIP
861254,Headphones,31,2022-01-18 15:00,66.21,0.13,5.68,Apparel,In-store,Not Returned,Low,2052.51,VIP
432597,Desk Lamp,36,2022-01-18 21:00,72.42,0.18,7.93,Apparel,Online,Not Returned,Medium,2607.12,VIP
430918,Notebook,39,2022-01-19 07:00,27.73,0.41,25.37,Apparel,In-store,Not Returned,Low,1081.47,VIP
116375,USB Cable,34,2022-01-19 10:00,44.4,0.17,27.36,Apparel,In-store,Not Returned,Medium,1509.6,VIP
649998,Notebook,31,2022-01-19 11:00,85.43,0.4,10.41,Apparel,Online,Returned,High,2648.3300000000004,VIP
303570,Wireless Mouse,35,2022-01-20 00:00,32.16,0.14,15.26,Apparel,In-store,Not Returned,Medium,1125.6,VIP
909010,Desk Lamp,15,2022-01-21 04:00,74.85,0.04,5.97,Apparel,Online,Not Returned,Medium,1122.75,VIP
466056,Notebook,48,2022-01-22 01:00,72.59,0.31,28.97,Apparel,Online,Not Returned,High,3484.32,VIP
603528,Notebook,14,2022-01-22 07:00,76.71,0.19,28.94,Apparel,Online,Not Returned,Medium,1073.9399999999998,VIP
702288,Blue Pen,35,2022-01-22 17:00,37.16,0.23,19.12,Apparel,Online,Returned,Medium,1300.6,VIP
247330,Notebook,13,2022-01-23 16:00,85.86,0.42,12.76,Apparel,Online,Not Returned,Low,1116.18,VIP
324997,USB Cable,48,2022-01-24 07:00,60.27,0.27,25.95,Apparel,Online,Not Returned,Medium,2892.96,VIP
367429,Blue Pen,44,2022-01-24 17:00,75.29,0.34,29.3,Apparel,In-store,Returned,High,3312.76,VIP
893802,White Mug,23,2022-01-24 19:00,91.03,0.36,29.76,Apparel,Online,Not Returned,Low,2093.69,VIP
937654,T-shirt,18,2022-01-25 07:00,98.83,0.49,19.37,Apparel,Online,Not Returned,Medium,1778.94,VIP
980520,Blue Pen,32,2022-01-25 08:00,41.16,0.33,25.2,Apparel,In-store,Not Returned,Medium,1317.12,VIP
393805,Notebook,46,2022-01-26 00:00,62.99,0.29,29.03,Apparel,Online,Not Returned,Low,2897.54,VIP
221246,Blue Pen,29,2022-01-26 11:00,71.02,0.38,22.24,Apparel,Online,Not Returned,Medium,2059.58,VIP
439749,Desk Lamp,40,2022-01-26 12:00,32.65,0.03,29.45,Apparel,Online,Not Returned,Medium,1306.0,VIP
250408,Notebook,44,2022-01-26 16:00,65.38,0.01,24.17,Apparel,In-store,Not Returned,Low,2876.72,VIP
827333,Wall Clock,44,2022-01-27 01:00,96.24,0.15,18.53,Apparel,In-store,Not Returned,High,4234.56,VIP
518401,USB Cable,31,2022-01-27 02:00,40.66,0.09,17.7,Apparel,Online,Not Returned,High,1260.4599999999998,VIP
192643,Wall Clock,19,2022-01-27 04:00,87.44,0.25,21.49,Apparel,Online,Not Returned,High,1661.36,VIP
508449,Office Chair,38,2022-01-27 19:00,96.23,0.13,23.87,Apparel,Online,Not Returned,Medium,3656.74,VIP
626054,T-shirt,49,2022-01-28 06:00,96.31,0.29,13.16,Apparel,Online,Not Returned,Medium,4719.1900000000005,VIP
320172,White Mug,46,2022-01-28 16:00,71.86,0.06,8.05,Apparel,Online,Not Returned,Low,3305.56,VIP
455143,Headphones,31,2022-01-29 00:00,40.98,0.1,13.02,Apparel,In-store,Not Returned,High,1270.38,VIP
493920,White Mug,49,2022-01-29 06:00,57.1,0.01,8.19,Apparel,In-store,Not Returned,Low,2797.9,VIP
540691,White Mug,37,2022-01-30 07:00,55.36,0.31,18.43,Apparel,In-store,Not Returned,High,2048.32,VIP
882680,USB Cable,39,2022-01-30 10:00,98.58,0.33,8.63,Apparel,Online,Not Returned,Medium,3844.62,VIP
228471,T-shirt,27,2022-01-30 15:00,42.37,0.15,7.95,Apparel,In-store,Returned,High,1143.99,VIP
508275,Office Chair,30,2022-01-30 17:00,40.82,0.06,25.05,Apparel,In-store,Not Returned,Low,1224.6,VIP
204959,Desk Lamp,28,2022-01-30 22:00,66.92,0.12,27.62,Apparel,Online,Not Returned,Low,1873.76,VIP
154583,T-shirt,49,2022-01-31 04:00,28.93,0.31,9.99,Apparel,In-store,Not Returned,Low,1417.57,VIP
311087,Office Chair,44,2022-02-01 02:00,42.6,0.02,12.99,Apparel,Online,Not Returned,Low,1874.4,VIP
779601,Wireless Mouse,35,2022-02-01 11:00,98.45,0.23,23.09,Apparel,In-store,Not Returned,Medium,3445.75,VIP
273412,Wireless Mouse,35,2022-02-01 20:00,72.25,0.28,14.81,Apparel,Online,Not Returned,High,2528.75,VIP
763227,Wireless Mouse,35,2022-02-01 22:00,49.46,0.37,29.72,Apparel,Online,Not Returned,Medium,1731.1,VIP
398009,T-shirt,44,2022-02-02 01:00,48.3,0.02,23.21,Apparel,In-store,Not Returned,Low,2125.2,VIP
976143,Headphones,25,2022-02-02 10:00,55.63,0.43,17.18,Apparel,Online,Not Returned,High,1390.75,VIP
441530,Wireless Mouse,31,2022-02-02 12:00,94.09,0.49,16.43,Apparel,In-store,Not Returned,Medium,2916.79,VIP
415414,Backpack,38,2022-02-02 19:00,45.23,0.44,12.5,Apparel,Online,Not Returned,High,1718.7399999999998,VIP
382154,Backpack,21,2022-02-03 05:00,69.82,0.09,6.82,Apparel,In-store,Not Returned,High,1466.2199999999998,VIP
622886,T-shirt,26,2022-02-03 14:00,97.35,0.34,5.67,Apparel,In-store,Not Returned,Medium,2531.1,VIP
544049,USB Cable,16,2022-02-04 04:00,74.48,0.23,8.62,Apparel,Online,Not Returned,Low,1191.68,VIP
113698,Wall Clock,25,2022-02-05 04:00,53.63,0.27,12.24,Apparel,In-store,Not Returned,Low,1340.75,VIP
576870,Wall Clock,37,2022-02-05 06:00,45.33,0.21,24.01,Apparel,In-store,Not Returned,High,1677.21,VIP
473166,Wall Clock,21,2022-02-05 16:00,70.81,0.39,14.91,Apparel,Online,Not Returned,Medium,1487.01,VIP
539705,Wall Clock,49,2022-02-05 22:00,94.62,0.33,6.65,Apparel,In-store,Returned,Medium,4636.38,VIP
666464,Wall Clock,45,2022-02-06 09:00,45.81,0.17,17.41,Apparel,In-store,Not Returned,Medium,2061.4500000000003,VIP
157788,Notebook,17,2022-02-06 17:00,76.03,0.35,29.47,Apparel,Online,Not Returned,Medium,1292.51,VIP
756282,USB Cable,33,2022-02-06 19:00,51.06,0.25,6.79,Apparel,Online,Returned,Low,1684.98,VIP
627800,Desk Lamp,26,2022-02-07 10:00,76.32,0.43,11.54,Apparel,Online,Not Returned,Medium,1984.32,VIP
219095,USB Cable,17,2022-02-08 01:00,86.28,0.49,24.38,Apparel,In-store,Not Returned,High,1466.76,VIP
697359,Wall Clock,12,2022-02-08 08:00,93.27,0.06,13.04,Apparel,Online,Not Returned,High,1119.24,VIP
522418,White Mug,48,2022-02-08 23:00,37.62,0.2,15.46,Apparel,Online,Not Returned,Medium,1805.76,VIP
632191,Blue Pen,49,2022-02-09 20:00,90.39,0.0,11.52,Apparel,Online,Not Returned,Low,4429.11,VIP
314776,Wireless Mouse,44,2022-02-09 21:00,94.22,0.4,13.56,Apparel,Online,Not Returned,Medium,4145.68,VIP
651151,Notebook,41,2022-02-09 22:00,46.95,0.49,6.0,Apparel,Online,Not Returned,High,1924.95,VIP
386045,White Mug,45,2022-02-10 04:00,39.57,0.4,28.4,Apparel,Online,Not Returned,Low,1780.65,VIP
909733,Desk Lamp,35,2022-02-10 05:00,87.57,0.26,27.78,Apparel,Online,Not Returned,High,3064.95,VIP
234974,Desk Lamp,42,2022-02-11 06:00,74.21,0.37,12.16,Apparel,In-store,Not Returned,Low,3116.82,VIP
834543,Backpack,21,2022-02-12 09:00,61.8,0.34,9.1,Apparel,In-store,Not Returned,Low,1297.8,VIP
966069,Desk Lamp,18,2022-02-12 18:00,91.56,0.49,22.69,Apparel,Online,Not Returned,Low,1648.08,VIP
902874,Notebook,30,2022-02-13 17:00,80.94,0.49,29.83,Apparel,In-store,Not Returned,Medium,2428.2,VIP
595521,T-shirt,19,2022-02-14 16:00,61.8,0.16,7.78,Apparel,Online,Not Returned,Medium,1174.2,VIP
441180,Backpack,42,2022-02-15 06:00,39.01,0.27,23.96,Apparel,In-store,Not Returned,Medium,1638.4199999999998,VIP
604283,USB Cable,45,2022-02-16 05:00,79.92,0.37,6.6,Apparel,In-store,Not Returned,Medium,3596.4,VIP
228305,T-shirt,27,2022-02-16 13:00,71.85,0.43,9.56,Apparel,Online,Not Returned,Low,1939.95,VIP
204946,T-shirt,39,2022-02-17 10:00,67.11,0.39,17.52,Apparel,Online,Returned,Low,2617.29,VIP
311985,Desk Lamp,36,2022-02-17 11:00,60.74,0.27,9.16,Apparel,Online,Not Returned,High,2186.64,VIP
500498,Desk Lamp,22,2022-02-19 18:00,99.75,0.05,12.12,Apparel,Online,Not Returned,Medium,2194.5,VIP
494289,Office Chair,18,2022-02-20 00:00,79.38,0.44,5.97,Apparel,Online,Not Returned,Low,1428.84,VIP
733350,USB Cable,37,2022-02-21 07:00,81.79,0.34,29.59,Apparel,Online,Not Returned,High,3026.23,VIP
220355,Office Chair,48,2022-02-21 14:00,91.94,0.0,20.77,Apparel,In-store,Not Returned,Medium,4413.12,VIP
103881,White Mug,27,2022-02-21 17:00,72.61,0.21,26.96,Apparel,In-store,Not Returned,Medium,1960.47,VIP
753642,Wall Clock,25,2022-02-22 00:00,93.43,0.42,16.13,Apparel,In-store,Not Returned,High,2335.75,VIP
125530,Backpack,37,2022-02-22 22:00,92.22,0.46,11.58,Apparel,Online,Not Returned,Low,3412.14,VIP
201046,Notebook,-34,2022-02-23 18:00,-74.51,1.1958204209815095,,Apparel,Online,Not Returned,High,2533.34,VIP
497046,USB Cable,16,2022-02-23 22:00,94.91,0.21,22.19,Apparel,Online,Not Returned,High,1518.56,VIP
231605,T-shirt,34,2022-02-23 23:00,69.23,0.31,8.09,Apparel,Online,Not Returned,High,2353.82,VIP
211597,Notebook,49,2022-02-24 08:00,33.58,0.46,8.41,Apparel,Online,Not Returned,Medium,1645.4199999999998,VIP
272922,Notebook,43,2022-02-24 09:00,68.24,0.3,10.48,Apparel,Online,Returned,Low,2934.32,VIP
396867,Wireless Mouse,41,2022-02-24 11:00,71.25,0.49,28.28,Apparel,Online,Not Returned,Medium,2921.25,VIP
895907,White Mug,41,2022-02-25 00:00,84.56,0.3,19.13,Apparel,Online,Returned,Low,3466.96,VIP
400767,Blue Pen,33,2022-02-25 16:00,89.89,0.12,17.9,Apparel,Online,Not Returned,Medium,2966.37,VIP
123798,White Mug,20,2022-02-27 00:00,53.13,0.4,26.17,Apparel,In-store,Not Returned,Medium,1062.6,VIP
677907,Headphones,-26,2022-02-27 13:00,-59.6,1.6955399654350607,,Apparel,In-store,Not Returned,Low,1549.6,VIP
631022,T-shirt,44,2022-02-27 21:00,25.11,0.03,25.08,Apparel,In-store,Returned,High,1104.84,VIP
425075,Desk Lamp,48,2022-02-28 17:00,50.21,0.48,24.54,Apparel,Online,Not Returned,High,2410.08,VIP
203612,Desk Lamp,28,2022-03-01 00:00,81.86,0.41,19.45,Apparel,In-store,Not Returned,Low,2292.08,VIP
445564,Desk Lamp,34,2022-03-01 14:00,62.95,0.07,12.95,Apparel,In-store,Not Returned,High,2140.3,VIP
613796,Desk Lamp,48,2022-03-01 17:00,76.35,0.03,29.7,Apparel,Online,Not Returned,Medium,3664.8,VIP
633885,T-shirt,47,2022-03-01 23:00,56.76,0.15,8.82,Apparel,In-store,Not Returned,Low,2667.72,VIP
613959,T-shirt,41,2022-03-02 03:00,39.71,0.27,17.89,Apparel,Online,Not Returned,Low,1628.11,VIP
676070,Wall Clock,39,2022-03-02 08:00,66.29,0.09,19.79,Apparel,In-store,Returned,Medium,2585.3100000000004,VIP
565360,USB Cable,25,2022-03-02 09:00,41.08,0.1,21.89,Apparel,In-store,Not Returned,Medium,1027.0,VIP
997148,Headphones,37,2022-03-02 11:00,82.74,0.31,26.91,Apparel,In-store,Not Returned,Low,3061.38,VIP
419540,Desk Lamp,-45,2022-03-02 17:00,-87.26,0.32,,Apparel,In-store,Not Returned,Medium,3926.7,VIP
976882,T-shirt,33,2022-03-03 12:00,90.61,0.42,17.53,Apparel,In-store,Not Returned,Medium,2990.13,VIP
686686,T-shirt,44,2022-03-03 17:00,62.66,0.49,9.15,Apparel,Online,Not Returned,Medium,2757.04,VIP
943660,T-shirt,39,2022-03-03 20:00,95.46,0.13,27.05,Apparel,Online,Not Returned,High,3722.94,VIP
210572,T-shirt,31,2022-03-04 01:00,60.8,0.26,7.01,Apparel,In-store,Returned,Low,1884.8,VIP
889539,Notebook,-31,2022-03-04 04:00,-45.68,1.2431698577139192,,Apparel,Online,Not Returned,High,1416.08,VIP
186388,Wall Clock,37,2022-03-04 05:00,94.83,0.16,10.62,Apparel,Online,Not Returned,High,3508.71,VIP
174258,USB Cable,39,2022-03-04 09:00,93.64,0.16,19.64,Apparel,In-store,Returned,Low,3651.96,VIP
468066,T-shirt,11,2022-03-04 20:00,98.95,0.16,9.33,Apparel,Online,Not Returned,Medium,1088.45,VIP
424158,USB Cable,18,2022-03-05 04:00,71.21,0.39,17.5,Apparel,In-store,Not Returned,High,1281.78,VIP
466731,Headphones,22,2022-03-06 05:00,84.08,0.1,11.02,Apparel,Online,Not Returned,Low,1849.76,VIP
707199,Backpack,27,2022-03-06 11:00,91.59,0.08,22.47,Apparel,Online,Not Returned,High,2472.9300000000003,VIP
909657,Backpack,45,2022-03-07 00:00,71.68,0.36,22.47,Apparel,In-store,Not Returned,High,3225.6000000000004,VIP
272648,Notebook,39,2022-03-08 15:00,93.56,0.33,13.17,Apparel,In-store,Not Returned,Medium,3648.84,VIP
658867,Backpack,30,2022-03-08 18:00,64.36,0.2,11.21,Apparel,In-store,Returned,Low,1930.8,VIP
304750,Office Chair,47,2022-03-09 05:00,82.98,0.07,16.43,Apparel,In-store,Not Returned,High,3900.06,VIP
124276,USB Cable,-19,2022-03-09 22:00,-63.99,1.3027977151770735,,Apparel,In-store,Not Returned,Medium,1215.81,VIP
806165,Wireless Mouse,20,2022-03-10 15:00,77.46,0.29,24.4,Apparel,In-store,Returned,Low,1549.1999999999998,VIP
965849,Backpack,37,2022-03-11 09:00,28.7,0.28,17.39,Apparel,Online,Not Returned,High,1061.9,VIP
857131,Desk Lamp,25,2022-03-13 01:00,94.25,0.27,23.5,Apparel,In-store,Not Returned,Medium,2356.25,VIP
639870,Notebook,32,2022-03-13 16:00,49.06,0.16,7.2,Apparel,Online,Returned,High,1569.92,VIP
768860,Backpack,38,2022-03-13 19:00,42.58,0.05,26.58,Apparel,Online,Not Returned,Low,1618.04,VIP
985486,Wall Clock,33,2022-03-14 19:00,51.39,0.29,19.17,Apparel,Online,Not Returned,Low,1695.87,VIP
234405,Blue Pen,28,2022-03-15 02:00,59.34,0.34,8.74,Apparel,Online,Not Returned,Medium,1661.52,VIP
140002,T-shirt,27,2022-03-15 03:00,90.06,0.35,15.01,Apparel,Online,Not Returned,Low,2431.62,VIP
355549,Wireless Mouse,24,2022-03-15 04:00,70.54,0.2,19.79,Apparel,In-store,Not Returned,Medium,1692.96,VIP
793210,Wireless Mouse,38,2022-03-15 10:00,39.36,0.19,14.59,Apparel,In-store,Not Returned,Medium,1495.68,VIP
745836,Wireless Mouse,35,2022-03-15 11:00,71.59,0.25,11.81,Apparel,In-store,Not Returned,Medium,2505.65,VIP
831368,White Mug,23,2022-03-15 23:00,83.6,0.14,7.0,Apparel,In-store,Not Returned,Medium,1922.8,VIP
501914,Wall Clock,44,2022-03-16 10:00,63.63,0.25,20.15,Apparel,In-store,Returned,Low,2799.7200000000003,VIP
680918,White Mug,47,2022-03-17 00:00,50.63,0.12,10.12,Apparel,In-store,Not Returned,Medium,2379.61,VIP
303206,Office Chair,44,2022-03-17 14:00,24.02,0.18,24.26,Apparel,In-store,Not Returned,High,1056.88,VIP
278417,USB Cable,42,2022-03-17 22:00,38.79,0.19,5.48,Apparel,In-store,Not Returned,Low,1629.18,VIP
813934,Wireless Mouse,18,2022-03-18 14:00,91.92,0.31,14.82,Apparel,Online,Not Returned,High,1654.56,VIP
970142,Backpack,18,2022-03-19 01:00,83.04,0.23,29.12,Apparel,Online,Not Returned,Low,1494.72,VIP
605074,T-shirt,48,2022-03-19 16:00,93.07,0.12,24.26,Apparel,In-store,Not Returned,Low,4467.36,VIP
390449,Headphones,18,2022-03-20 12:00,82.41,0.05,16.59,Apparel,In-store,Not Returned,Medium,1483.38,VIP
642606,Wall Clock,43,2022-03-20 16:00,25.34,0.37,23.19,Apparel,Online,Returned,Low,1089.62,VIP
162497,Office Chair,44,2022-03-21 05:00,61.31,0.32,12.95,Apparel,In-store,Not Returned,Low,2697.6400000000003,VIP
255964,Backpack,40,2022-03-21 18:00,29.06,0.23,15.4,Apparel,In-store,Not Returned,Low,1162.4,VIP
837902,USB Cable,47,2022-03-23 12:00,53.31,0.02,19.53,Apparel,In-store,Not Returned,Low,2505.57,VIP
214921,Desk Lamp,46,2022-03-23 16:00,65.64,0.38,5.91,Apparel,Online,Not Returned,Medium,3019.44,VIP
800416,White Mug,18,2022-03-25 06:00,86.42,0.04,26.95,Apparel,Online,Not Returned,High,1555.56,VIP
976942,Headphones,29,2022-03-26 00:00,79.86,0.04,12.75,Apparel,Online,Not Returned,Medium,2315.94,VIP
795438,T-shirt,30,2022-03-26 15:00,80.01,0.44,27.0,Apparel,Online,Not Returned,Low,2400.3,VIP
143085,White Mug,15,2022-03-27 05:00,80.21,0.4,20.75,Apparel,Online,Not Returned,High,1203.15,VIP
130982,White Mug,47,2022-03-27 10:00,70.79,0.44,21.23,Apparel,Online,Not Returned,Medium,3327.13,VIP
295961,Blue Pen,44,2022-03-27 13:00,60.34,0.22,13.18,Apparel,In-store,Not Returned,Medium,2654.96,VIP
144845,Headphones,39,2022-03-27 18:00,26.31,0.1,15.0,Apparel,In-store,Not Returned,Low,1026.09,VIP
730010,T-shirt,29,2022-03-28 04:00,79.92,0.2,25.21,Apparel,In-store,Not Returned,Low,2317.68,VIP
115329,Headphones,19,2022-03-28 20:00,83.8,0.38,8.43,Apparel,Online,Not Returned,High,1592.2,VIP
803829,Wall Clock,46,2022-03-29 02:00,47.74,0.48,27.36,Apparel,In-store,Returned,Medium,2196.04,VIP
151408,Desk Lamp,39,2022-03-29 08:00,61.78,0.23,13.18,Apparel,In-store,Not Returned,Low,2409.42,VIP
981481,Notebook,25,2022-03-29 20:00,40.15,0.07,15.41,Apparel,In-store,Not Returned,High,1003.75,VIP
191291,Backpack,12,2022-03-30 22:00,87.03,0.34,18.66,Apparel,In-store,Not Returned,Low,1044.36,VIP
159486,Backpack,44,2022-03-31 00:00,32.23,0.44,24.64,Apparel,Online,Not Returned,Low,1418.12,VIP
630547,White Mug,34,2022-03-31 09:00,52.85,0.42,26.17,Apparel,In-store,Returned,Medium,1796.9,VIP
607099,Wireless Mouse,49,2022-03-31 11:00,95.95,0.42,7.68,Apparel,In-store,Not Returned,Low,4701.55,VIP
123404,Office Chair,-25,2022-03-31 19:00,-58.47,1.220672988639972,,Apparel,In-store,Not Returned,Low,1461.75,VIP
845936,Desk Lamp,22,2022-04-01 02:00,96.93,0.23,21.52,Apparel,Online,Not Returned,Medium,2132.46,VIP
209699,T-shirt,16,2022-04-01 11:00,74.06,0.22,9.27,Apparel,Online,Not Returned,Low,1184.96,VIP
600508,Office Chair,22,2022-04-01 20:00,54.76,0.39,17.96,Apparel,In-store,Not Returned,Low,1204.72,VIP
739658,White Mug,20,2022-04-02 04:00,75.6,0.04,16.35,Apparel,Online,Not Returned,High,1512.0,VIP
833838,T-shirt,37,2022-04-02 17:00,65.85,0.19,12.12,Apparel,In-store,Not Returned,Medium,2436.45,VIP
296339,Headphones,39,2022-04-03 12:00,26.13,0.31,8.25,Apparel,Online,Not Returned,Medium,1019.07,VIP
258829,Desk Lamp,27,2022-04-03 13:00,39.73,0.04,9.89,Apparel,In-store,Not Returned,Medium,1072.7099999999998,VIP
509462,Desk Lamp,34,2022-04-03 18:00,63.74,0.26,27.32,Apparel,Online,Returned,High,2167.16,VIP
372611,Wireless Mouse,48,2022-04-03 22:00,28.94,0.26,13.58,Apparel,In-store,Not Returned,High,1389.12,VIP
776367,Blue Pen,40,2022-04-04 00:00,87.77,0.23,13.75,Apparel,Online,Not Returned,Low,3510.8,VIP
988886,Blue Pen,29,2022-04-05 08:00,43.63,0.27,14.22,Apparel,Online,Not Returned,Low,1265.27,VIP
418063,Wireless Mouse,29,2022-04-06 08:00,66.26,0.2,13.8,Apparel,In-store,Not Returned,Medium,1921.54,VIP
836648,T-shirt,46,2022-04-06 09:00,87.4,0.24,29.24,Apparel,Online,Not Returned,Low,4020.4,VIP
199074,Notebook,29,2022-04-07 04:00,82.27,0.23,5.43,Apparel,In-store,Not Returned,Low,2385.83,VIP
741075,USB Cable,25,2022-04-08 01:00,50.46,0.31,16.3,Apparel,Online,Not Returned,Low,1261.5,VIP
742210,Wireless Mouse,45,2022-04-08 10:00,98.61,0.15,20.7,Apparel,Online,Not Returned,Low,4437.45,VIP
446261,Office Chair,26,2022-04-09 01:00,80.78,0.45,11.21,Apparel,Online,Not Returned,Low,2100.28,VIP
581946,Wireless Mouse,46,2022-04-09 22:00,68.93,0.05,26.73,Apparel,Online,Not Returned,High,3170.78,VIP
138130,Notebook,43,2022-04-10 01:00,92.12,0.42,21.51,Apparel,Online,Not Returned,High,3961.16,VIP
499782,Headphones,46,2022-04-10 14:00,69.29,0.25,20.25,Apparel,In-store,Not Returned,Medium,3187.34,VIP
595733,Wireless Mouse,17,2022-04-10 16:00,91.94,0.11,29.79,Apparel,Online,Not Returned,Low,1562.98,VIP
817463,USB Cable,24,2022-04-11 01:00,94.93,0.16,6.61,Apparel,In-store,Not Returned,High,2278.32,VIP
560777,Wireless Mouse,48,2022-04-11 15:00,63.18,0.25,17.46,Apparel,In-store,Not Returned,High,3032.64,VIP
513727,USB Cable,28,2022-04-12 08:00,91.3,0.04,6.06,Apparel,Online,Not Returned,Medium,2556.4,VIP
134889,Notebook,47,2022-04-12 16:00,87.8,0.13,12.74,Apparel,In-store,Not Returned,Medium,4126.599999999999,VIP
725244,T-shirt,13,2022-04-13 08:00,98.38,0.16,15.13,Apparel,In-store,Returned,Medium,1278.94,VIP
973275,Headphones,13,2022-04-13 22:00,85.77,0.46,24.6,Apparel,In-store,Not Returned,Low,1115.01,VIP
108724,Wireless Mouse,47,2022-04-15 11:00,90.55,0.2,9.87,Apparel,In-store,Not Returned,High,4255.849999999999,VIP
701958,Wall Clock,44,2022-04-16 05:00,25.81,0.23,24.54,Apparel,In-store,Not Returned,Low,1135.64,VIP
239771,T-shirt,42,2022-04-17 01:00,27.15,0.49,17.56,Apparel,Online,Not Returned,High,1140.3,VIP
751729,Backpack,44,2022-04-17 03:00,99.03,0.18,18.4,Apparel,Online,Returned,Medium,4357.32,VIP
492888,Blue Pen,30,2022-04-17 16:00,76.99,0.04,13.28,Apparel,In-store,Not Returned,Medium,2309.7,VIP
731796,Wall Clock,28,2022-04-18 13:00,85.18,0.37,13.38,Apparel,In-store,Not Returned,Low,2385.04,VIP
456611,Blue Pen,34,2022-04-19 07:00,81.92,0.2,23.19,Apparel,In-store,Not Returned,Low,2785.28,VIP
807518,T-shirt,28,2022-04-19 16:00,59.55,0.29,26.74,Apparel,In-store,Not Returned,Low,1667.4,VIP
390714,Headphones,33,2022-04-19 17:00,45.11,0.39,24.35,Apparel,Online,Not Returned,Low,1488.63,VIP
187995,Headphones,43,2022-04-19 18:00,60.94,0.29,19.16,Apparel,Online,Not Returned,Low,2620.42,VIP
959045,Notebook,26,2022-04-19 22:00,58.77,0.32,5.63,Apparel,In-store,Not Returned,Low,1528.02,VIP
427526,Desk Lamp,31,2022-04-21 12:00,56.69,0.0,20.05,Apparel,In-store,Not Returned,High,1757.39,VIP
373314,Wall Clock,42,2022-04-21 14:00,70.16,0.29,26.01,Apparel,In-store,Not Returned,Medium,2946.72,VIP
451595,Backpack,16,2022-04-22 12:00,68.95,0.39,12.53,Apparel,In-store,Not Returned,Medium,1103.2,VIP
807691,Wireless Mouse,28,2022-04-23 01:00,89.03,0.37,15.53,Apparel,Online,Not Returned,High,2492.84,VIP
471603,USB Cable,44,2022-04-23 02:00,84.29,0.17,23.21,Apparel,In-store,Returned,Medium,3708.76,VIP
246626,Desk Lamp,20,2022-04-23 15:00,86.94,0.21,11.85,Apparel,Online,Not Returned,Medium,1738.8,VIP
676380,White Mug,11,2022-04-23 23:00,96.72,0.31,26.1,Apparel,Online,Not Returned,High,1063.92,VIP
798512,Desk Lamp,23,2022-04-24 01:00,51.95,0.39,7.55,Apparel,In-store,Not Returned,High,1194.85,VIP
673392,Wireless Mouse,46,2022-04-24 02:00,43.67,0.14,10.47,Apparel,Online,Not Returned,Medium,2008.82,VIP
272606,Blue Pen,21,2022-04-24 10:00,90.14,0.41,23.55,Apparel,Online,Not Returned,Medium,1892.94,VIP
351420,Backpack,26,2022-04-24 11:00,57.77,0.43,27.48,Apparel,In-store,Returned,High,1502.02,VIP
510141,USB Cable,31,2022-04-26 08:00,43.5,0.26,22.43,Apparel,Online,Not Returned,Medium,1348.5,VIP
516749,Office Chair,19,2022-04-26 13:00,98.23,0.4,25.5,Apparel,In-store,Not Returned,Low,1866.37,VIP
301703,Desk Lamp,48,2022-04-26 22:00,46.93,0.01,19.45,Apparel,Online,Not Returned,Medium,2252.64,VIP
544258,Office Chair,22,2022-04-27 13:00,85.76,0.26,18.09,Apparel,Online,Not Returned,Medium,1886.72,VIP
692190,Wall Clock,24,2022-04-27 17:00,75.58,0.45,7.49,Apparel,In-store,Not Returned,Low,1813.92,VIP
682816,Wall Clock,-23,2022-04-28 14:00,-73.17,1.0589881796956075,,Apparel,In-store,Not Returned,Low,1682.91,VIP
611844,Headphones,47,2022-04-29 04:00,43.72,0.46,18.33,Apparel,Online,Not Returned,High,2054.84,VIP
321099,Wall Clock,15,2022-04-29 07:00,98.6,0.42,23.63,Apparel,In-store,Returned,Low,1479.0,VIP
163969,Notebook,23,2022-04-29 16:00,94.04,0.05,21.81,Apparel,In-store,Not Returned,Low,2162.92,VIP
692819,Wall Clock,39,2022-04-29 18:00,83.28,0.19,18.16,Apparel,Online,Not Returned,Low,3247.92,VIP
663385,Office Chair,34,2022-04-29 19:00,78.38,0.37,10.53,Apparel,In-store,Not Returned,Low,2664.92,VIP
331944,Backpack,43,2022-04-30 01:00,32.45,0.22,23.38,Apparel,Online,Not Returned,Medium,1395.35,VIP
156790,White Mug,47,2022-04-30 02:00,73.62,0.19,8.06,Apparel,In-store,Not Returned,High,3460.1400000000003,VIP
587252,USB Cable,28,2022-04-30 11:00,49.54,0.03,25.93,Apparel,Online,Not Returned,High,1387.12,VIP
896247,Notebook,16,2022-04-30 12:00,97.94,0.35,28.29,Apparel,Online,Not Returned,Low,1567.04,VIP
892650,Office Chair,16,2022-05-01 21:00,75.49,0.49,19.93,Apparel,Online,Returned,Medium,1207.84,VIP
829391,Headphones,24,2022-05-02 00:00,48.3,0.28,12.78,Apparel,Online,Not Returned,Medium,1159.1999999999998,VIP
830782,Desk Lamp,18,2022-05-03 18:00,60.99,0.1,5.34,Apparel,Online,Not Returned,High,1097.82,VIP
468742,Wall Clock,37,2022-05-04 07:00,27.16,0.19,16.48,Apparel,In-store,Not Returned,Medium,1004.92,VIP
807597,Office Chair,44,2022-05-04 10:00,47.68,0.35,27.54,Apparel,In-store,Not Returned,Medium,2097.92,VIP
458315,Wireless Mouse,47,2022-05-04 11:00,41.69,0.45,20.11,Apparel,Online,Not Returned,Medium,1959.43,VIP
204222,Desk Lamp,40,2022-05-05 05:00,77.16,0.33,21.31,Apparel,In-store,Not Returned,High,3086.4,VIP
675063,Backpack,43,2022-05-05 16:00,86.89,0.3,23.42,Apparel,Online,Not Returned,High,3736.27,VIP
837456,Wall Clock,30,2022-05-05 22:00,99.03,0.25,23.8,Apparel,In-store,Not Returned,High,2970.9,VIP
998612,Backpack,39,2022-05-05 23:00,40.14,0.03,20.04,Apparel,In-store,Returned,Low,1565.46,VIP
851891,White Mug,20,2022-05-06 19:00,65.15,0.17,14.71,Apparel,In-store,Not Returned,Low,1303.0,VIP
853604,Headphones,44,2022-05-07 04:00,76.12,0.18,9.96,Apparel,In-store,Not Returned,Medium,3349.28,VIP
124935,White Mug,26,2022-05-07 19:00,40.27,0.36,6.67,Apparel,In-store,Not Returned,Medium,1047.02,VIP
600229,Backpack,26,2022-05-07 20:00,64.32,0.11,29.72,Apparel,In-store,Not Returned,High,1672.3199999999997,VIP
673367,Wireless Mouse,18,2022-05-07 21:00,74.41,0.04,15.61,Apparel,In-store,Not Returned,High,1339.38,VIP
582333,Headphones,32,2022-05-08 01:00,94.61,0.11,11.24,Apparel,In-store,Not Returned,High,3027.52,VIP
344300,Blue Pen,46,2022-05-08 20:00,68.84,0.31,13.04,Apparel,Online,Not Returned,Low,3166.6400000000003,VIP
879470,Blue Pen,44,2022-05-09 01:00,41.27,0.21,21.88,Apparel,In-store,Not Returned,High,1815.88,VIP
764729,Wall Clock,15,2022-05-09 02:00,98.94,0.43,6.53,Apparel,Online,Not Returned,Medium,1484.1,VIP
284492,White Mug,49,2022-05-09 11:00,40.14,0.49,22.74,Apparel,Online,Not Returned,High,1966.86,VIP
690282,Wireless Mouse,33,2022-05-10 06:00,59.24,0.48,13.17,Apparel,In-store,Not Returned,Medium,1954.92,VIP
964414,Notebook,21,2022-05-10 10:00,57.54,0.18,15.01,Apparel,In-store,Not Returned,Medium,1208.34,VIP
667255,USB Cable,18,2022-05-10 13:00,92.97,0.48,15.64,Apparel,In-store,Returned,Medium,1673.46,VIP
421954,USB Cable,21,2022-05-12 11:00,93.81,0.15,5.2,Apparel,In-store,Not Returned,Medium,1970.01,VIP
318480,Wireless Mouse,21,2022-05-12 17:00,91.74,0.36,5.57,Apparel,In-store,Not Returned,High,1926.54,VIP
829714,Headphones,47,2022-05-13 07:00,67.54,0.42,18.87,Apparel,Online,Not Returned,Low,3174.38,VIP
741800,Backpack,48,2022-05-13 10:00,23.51,0.11,19.15,Apparel,Online,Not Returned,High,1128.48,VIP
166786,White Mug,41,2022-05-13 11:00,44.95,0.28,8.68,Apparel,Online,Not Returned,High,1842.95,VIP
252904,Wireless Mouse,15,2022-05-13 19:00,70.73,0.39,17.07,Apparel,In-store,Not Returned,Low,1060.95,VIP
344944,Wireless Mouse,45,2022-05-13 23:00,98.66,0.46,12.79,Apparel,In-store,Not Returned,High,4439.7,VIP
521399,Blue Pen,16,2022-05-14 05:00,87.83,0.34,15.3,Apparel,In-store,Not Returned,Low,1405.28,VIP
495380,Notebook,43,2022-05-14 12:00,49.34,0.38,21.59,Apparel,In-store,Not Returned,Medium,2121.6200000000003,VIP
483433,Desk Lamp,30,2022-05-14 13:00,46.16,0.27,8.53,Apparel,Online,Not Returned,Medium,1384.8,VIP
640436,T-shirt,21,2022-05-15 07:00,62.54,0.45,29.56,Apparel,In-store,Not Returned,Medium,1313.34,VIP
191954,Backpack,23,2022-05-15 15:00,73.37,0.43,14.17,Apparel,Online,Not Returned,High,1687.5100000000002,VIP
975308,Headphones,23,2022-05-16 09:00,55.02,0.41,6.45,Apparel,In-store,Not Returned,Medium,1265.46,VIP
825578,Wireless Mouse,41,2022-05-16 19:00,91.22,0.28,11.99,Apparel,Online,Returned,Low,3740.02,VIP
306946,Office Chair,47,2022-05-17 00:00,87.89,0.33,8.78,Apparel,In-store,Not Returned,Low,4130.83,VIP
638611,USB Cable,29,2022-05-17 01:00,82.76,0.01,15.94,Apparel,In-store,Not Returned,Low,2400.04,VIP
673624,Blue Pen,-49,2022-05-17 12:00,-26.9,1.2778271101760494,,Apparel,In-store,Not Returned,High,1318.1,VIP
295392,Headphones,28,2022-05-18 01:00,55.78,0.25,23.84,Apparel,In-store,Not Returned,Medium,1561.84,VIP
897762,White Mug,19,2022-05-18 03:00,71.14,0.28,24.42,Apparel,Online,Not Returned,High,1351.66,VIP
796713,White Mug,35,2022-05-18 07:00,82.43,0.11,18.36,Apparel,Online,Not Returned,Low,2885.05,VIP
746592,Desk Lamp,17,2022-05-18 13:00,89.51,0.45,29.49,Apparel,Online,Not Returned,High,1521.67,VIP
712545,Office Chair,29,2022-05-19 11:00,80.36,0.42,28.35,Apparel,Online,Not Returned,High,2330.44,VIP
500337,Headphones,45,2022-05-19 14:00,29.96,0.32,8.25,Apparel,In-store,Not Returned,Low,1348.2,VIP
973841,Wall Clock,26,2022-05-19 18:00,99.1,0.38,11.64,Apparel,In-store,Not Returned,Low,2576.6,VIP
887725,T-shirt,16,2022-05-19 21:00,67.86,0.33,12.58,Apparel,Online,Not Returned,Low,1085.76,VIP
165231,Blue Pen,46,2022-05-20 02:00,40.98,0.36,8.73,Apparel,In-store,Not Returned,Low,1885.08,VIP
476244,Office Chair,47,2022-05-21 05:00,75.15,0.14,28.5,Apparel,Online,Not Returned,Medium,3532.05,VIP
392428,Wall Clock,23,2022-05-21 22:00,79.03,0.17,10.91,Apparel,In-store,Not Returned,Medium,1817.69,VIP
428784,T-shirt,30,2022-05-22 15:00,54.77,0.34,29.16,Apparel,In-store,Not Returned,Low,1643.1,VIP
901310,Blue Pen,44,2022-05-23 00:00,39.33,0.38,5.01,Apparel,In-store,Not Returned,Medium,1730.52,VIP
118226,USB Cable,41,2022-05-23 04:00,67.46,0.27,18.94,Apparel,Online,Not Returned,High,2765.86,VIP
545405,Notebook,21,2022-05-23 15:00,61.16,0.05,13.74,Apparel,In-store,Not Returned,Medium,1284.36,VIP
798309,Blue Pen,38,2022-05-23 20:00,54.35,0.1,13.9,Apparel,Online,Not Returned,High,2065.3,VIP
726365,Headphones,32,2022-05-23 23:00,49.03,0.46,10.15,Apparel,In-store,Not Returned,High,1568.96,VIP
197180,Desk Lamp,39,2022-05-25 14:00,97.12,0.17,21.49,Apparel,In-store,Not Returned,Low,3787.68,VIP
638359,Wall Clock,44,2022-05-27 18:00,68.84,0.0,20.14,Apparel,Online,Not Returned,High,3028.96,VIP
626406,Desk Lamp,15,2022-05-27 21:00,91.68,0.04,16.65,Apparel,In-store,Not Returned,Medium,1375.2,VIP
808481,USB Cable,45,2022-05-28 05:00,85.82,0.12,27.29,Apparel,In-store,Returned,High,3861.9,VIP
998232,Backpack,14,2022-05-28 16:00,83.55,0.04,26.7,Apparel,Online,Returned,High,1169.7,VIP
571529,Wall Clock,48,2022-05-29 04:00,36.36,0.25,28.67,Apparel,Online,Not Returned,Low,1745.28,VIP
241123,T-shirt,28,2022-05-30 07:00,95.79,0.3,19.35,Apparel,In-store,Not Returned,High,2682.1200000000003,VIP
724533,White Mug,21,2022-05-30 13:00,77.13,0.03,17.63,Apparel,Online,Not Returned,Low,1619.73,VIP
367800,Blue Pen,28,2022-05-31 00:00,58.37,0.3,6.69,Apparel,Online,Not Returned,Low,1634.36,VIP
995815,Wireless Mouse,46,2022-05-31 06:00,47.07,0.43,13.0,Apparel,In-store,Not Returned,High,2165.22,VIP
544246,Blue Pen,13,2022-05-31 07:00,94.66,0.31,7.43,Apparel,Online,Not Returned,Low,1230.58,VIP
410609,USB Cable,42,2022-05-31 23:00,83.24,0.31,18.77,Apparel,Online,Not Returned,Low,3496.08,VIP
214688,Headphones,27,2022-06-01 06:00,92.47,0.12,14.55,Apparel,In-store,Not Returned,Medium,2496.69,VIP
773439,T-shirt,37,2022-06-02 02:00,42.29,0.39,10.63,Apparel,In-store,Not Returned,High,1564.73,VIP
169770,Headphones,49,2022-06-02 10:00,45.97,0.18,21.99,Apparel,Online,Not Returned,Low,2252.53,VIP
420217,Headphones,48,2022-06-03 01:00,83.29,0.22,22.51,Apparel,Online,Not Returned,Low,3997.92,VIP
344042,Desk Lamp,47,2022-06-03 03:00,39.43,0.07,20.15,Apparel,In-store,Not Returned,Low,1853.21,VIP
874888,Notebook,43,2022-06-03 16:00,73.93,0.36,28.39,Apparel,Online,Returned,Medium,3178.99,VIP
965318,Wall Clock,22,2022-06-04 16:00,72.48,0.28,20.5,Apparel,Online,Not Returned,High,1594.5600000000002,VIP
904841,Wireless Mouse,35,2022-06-04 18:00,99.73,0.08,17.02,Apparel,In-store,Not Returned,High,3490.55,VIP
506656,T-shirt,37,2022-06-05 01:00,79.31,0.41,5.15,Apparel,In-store,Not Returned,Medium,2934.4700000000003,VIP
643961,Desk Lamp,16,2022-06-05 08:00,79.55,0.16,19.82,Apparel,Online,Not Returned,Low,1272.8,VIP
462812,USB Cable,48,2022-06-06 04:00,93.25,0.28,14.86,Apparel,In-store,Not Returned,High,4476.0,VIP
801475,Notebook,21,2022-06-06 10:00,64.01,0.18,29.46,Apparel,Online,Not Returned,High,1344.21,VIP
712363,Blue Pen,39,2022-06-06 19:00,61.29,0.31,24.35,Apparel,In-store,Not Returned,High,2390.31,VIP
466657,Backpack,42,2022-06-09 02:00,57.51,0.35,11.59,Apparel,Online,Not Returned,Low,2415.42,VIP
156539,Backpack,42,2022-06-09 11:00,84.4,0.44,21.82,Apparel,In-store,Not Returned,High,3544.8,VIP
518158,USB Cable,17,2022-06-09 13:00,88.96,0.49,7.21,Apparel,Online,Not Returned,Medium,1512.32,VIP
342723,Desk Lamp,47,2022-06-09 21:00,79.05,0.05,28.85,Apparel,In-store,Not Returned,Low,3715.35,VIP
739584,Wall Clock,27,2022-06-10 06:00,65.6,0.24,5.99,Apparel,In-store,Not Returned,Low,1771.1999999999998,VIP
396066,Office Chair,32,2022-06-10 11:00,82.31,0.05,19.93,Apparel,Online,Not Returned,High,2633.92,VIP
529387,Backpack,23,2022-06-11 04:00,72.05,0.38,13.56,Apparel,Online,Returned,Low,1657.15,VIP
864302,Headphones,32,2022-06-11 23:00,87.57,0.17,8.94,Apparel,Online,Not Returned,Low,2802.24,VIP
460981,Blue Pen,25,2022-06-12 03:00,78.56,0.28,28.76,Apparel,In-store,Returned,Low,1964.0,VIP
939096,White Mug,15,2022-06-12 17:00,99.52,0.02,24.47,Apparel,Online,Returned,Low,1492.8,VIP
985162,Office Chair,42,2022-06-13 09:00,70.68,0.01,13.74,Apparel,In-store,Not Returned,Medium,2968.5600000000004,VIP
160285,T-shirt,32,2022-06-14 00:00,92.97,0.47,13.46,Apparel,In-store,Not Returned,Medium,2975.04,VIP
524020,Desk Lamp,47,2022-06-14 15:00,58.97,0.44,25.15,Apparel,In-store,Not Returned,High,2771.59,VIP
342024,Desk Lamp,29,2022-06-15 09:00,52.31,0.23,12.74,Apparel,Online,Not Returned,Medium,1516.99,VIP
909982,Wall Clock,35,2022-06-15 20:00,55.93,0.37,15.57,Apparel,In-store,Not Returned,Medium,1957.55,VIP
694515,Blue Pen,28,2022-06-16 00:00,88.87,0.46,10.39,Apparel,In-store,Not Returned,Low,2488.36,VIP
551392,Desk Lamp,40,2022-06-17 15:00,42.76,0.17,21.71,Apparel,Online,Not Returned,High,1710.4,VIP
109780,Headphones,42,2022-06-18 19:00,68.98,0.09,10.69,Apparel,In-store,Not Returned,High,2897.1600000000003,VIP
881570,Wall Clock,30,2022-06-19 05:00,66.25,0.24,21.56,Apparel,Online,Not Returned,High,1987.5,VIP
723711,Wireless Mouse,27,2022-06-19 07:00,98.62,0.26,18.42,Apparel,Online,Not Returned,High,2662.74,VIP
354477,Wall Clock,32,2022-06-19 10:00,77.82,0.32,25.9,Apparel,Online,Not Returned,High,2490.24,VIP
492963,Backpack,24,2022-06-20 15:00,84.87,0.01,26.12,Apparel,Online,Not Returned,High,2036.88,VIP
609993,Headphones,48,2022-06-20 16:00,46.76,0.22,17.24,Apparel,Online,Not Returned,Medium,2244.48,VIP
390299,Blue Pen,44,2022-06-21 08:00,26.49,0.21,14.34,Apparel,In-store,Not Returned,High,1165.56,VIP
832228,Headphones,42,2022-06-22 10:00,59.63,0.05,27.97,Apparel,Online,Returned,Medium,2504.46,VIP
238470,Blue Pen,33,2022-06-23 03:00,45.33,0.04,10.33,Apparel,Online,Not Returned,Medium,1495.89,VIP
605027,Backpack,17,2022-06-23 07:00,90.7,0.09,5.1,Apparel,In-store,Not Returned,Low,1541.9,VIP
829695,Backpack,35,2022-06-23 09:00,93.13,0.5,7.76,Apparel,In-store,Not Returned,Low,3259.55,VIP
753310,T-shirt,25,2022-06-23 12:00,48.13,0.39,19.37,Apparel,In-store,Not Returned,Medium,1203.25,VIP
416575,T-shirt,31,2022-06-23 20:00,63.87,0.23,29.54,Apparel,Online,Not Returned,Medium,1979.97,VIP
897163,Blue Pen,41,2022-06-23 21:00,89.37,0.4,22.63,Apparel,In-store,Not Returned,Low,3664.17,VIP
239244,Headphones,37,2022-06-24 07:00,75.46,0.45,7.5,Apparel,In-store,Not Returned,Medium,2792.02,VIP
429669,Wall Clock,44,2022-06-24 21:00,38.93,0.38,11.24,Apparel,Online,Not Returned,Low,1712.92,VIP
793278,Wall Clock,47,2022-06-25 00:00,62.47,0.44,8.7,Apparel,In-store,Not Returned,High,2936.09,VIP
229716,Backpack,19,2022-06-25 01:00,71.71,0.49,13.82,Apparel,In-store,Not Returned,High,1362.4899999999998,VIP
554036,Desk Lamp,28,2022-06-25 16:00,72.91,0.38,12.65,Apparel,Online,Not Returned,Low,2041.48,VIP
652813,T-shirt,22,2022-06-25 18:00,67.1,0.34,18.73,Apparel,In-store,Not Returned,Low,1476.1999999999998,VIP
878539,Desk Lamp,42,2022-06-26 09:00,97.76,0.1,7.26,Apparel,In-store,Not Returned,Medium,4105.92,VIP
820270,White Mug,47,2022-06-26 18:00,63.59,0.44,13.71,Apparel,Online,Not Returned,Medium,2988.73,VIP
151986,T-shirt,36,2022-06-27 02:00,99.81,0.04,27.22,Apparel,Online,Returned,High,3593.16,VIP
976280,USB Cable,40,2022-06-27 03:00,44.96,0.29,29.9,Apparel,In-store,Not Returned,Low,1798.4,VIP
732621,Wall Clock,46,2022-06-27 20:00,57.25,0.2,16.68,Apparel,Online,Returned,Low,2633.5,VIP
793739,Office Chair,15,2022-06-28 11:00,89.88,0.23,5.25,Apparel,Online,Not Returned,Low,1348.1999999999998,VIP
846178,Wireless Mouse,48,2022-06-28 22:00,44.56,0.32,10.18,Apparel,Online,Not Returned,Medium,2138.88,VIP
285915,Wall Clock,31,2022-06-29 14:00,60.43,0.27,8.27,Apparel,Online,Not Returned,Low,1873.33,VIP
188567,Wall Clock,45,2022-06-29 18:00,28.13,0.43,7.38,Apparel,Online,Not Returned,Low,1265.85,VIP
444994,T-shirt,35,2022-06-29 20:00,90.55,0.04,13.62,Apparel,Online,Not Returned,High,3169.25,VIP
602253,Wireless Mouse,42,2022-06-30 02:00,50.11,0.14,17.91,Apparel,Online,Not Returned,High,2104.62,VIP
273625,T-shirt,49,2022-06-30 05:00,72.38,0.37,5.59,Apparel,In-store,Returned,Medium,3546.62,VIP
138237,Notebook,44,2022-06-30 10:00,22.96,0.09,24.41,Apparel,In-store,Not Returned,High,1010.24,VIP
290375,Office Chair,16,2022-06-30 12:00,64.04,0.18,15.78,Apparel,Online,Not Returned,Low,1024.64,VIP
391168,Blue Pen,26,2022-06-30 22:00,73.48,0.04,10.02,Apparel,In-store,Not Returned,Medium,1910.48,VIP
204755,Office Chair,36,2022-07-01 06:00,81.98,0.29,17.11,Apparel,In-store,Not Returned,Medium,2951.28,VIP
539068,Wall Clock,35,2022-07-01 13:00,54.36,0.44,9.39,Apparel,Online,Not Returned,Medium,1902.6,VIP
862436,Headphones,25,2022-07-01 17:00,56.07,0.06,9.62,Apparel,In-store,Not Returned,Low,1401.75,VIP
987859,Desk Lamp,40,2022-07-02 01:00,32.25,0.36,16.35,Apparel,Online,Not Returned,Medium,1290.0,VIP
950153,Wireless Mouse,35,2022-07-02 16:00,66.24,0.04,15.19,Apparel,Online,Not Returned,High,2318.4,VIP
272022,Wall Clock,24,2022-07-02 20:00,56.6,0.16,16.23,Apparel,In-store,Not Returned,Low,1358.4,VIP
624338,White Mug,30,2022-07-03 10:00,69.98,0.13,11.94,Apparel,In-store,Not Returned,High,2099.4,VIP
660076,Backpack,25,2022-07-04 01:00,87.31,0.09,23.52,Apparel,Online,Not Returned,Medium,2182.75,VIP
604204,Wireless Mouse,26,2022-07-04 04:00,64.66,0.04,12.3,Apparel,In-store,Not Returned,Medium,1681.16,VIP
894599,USB Cable,32,2022-07-04 13:00,37.52,0.09,23.85,Apparel,In-store,Not Returned,High,1200.64,VIP
871614,Notebook,39,2022-07-05 06:00,46.1,0.15,7.95,Apparel,Online,Not Returned,High,1797.9,VIP
613909,White Mug,37,2022-07-05 20:00,55.02,0.23,22.97,Apparel,Online,Returned,Low,2035.74,VIP
138469,Wireless Mouse,48,2022-07-06 10:00,38.73,0.29,24.9,Apparel,Online,Not Returned,Medium,1859.04,VIP
568735,Notebook,44,2022-07-06 20:00,47.76,0.27,7.4,Apparel,In-store,Returned,High,2101.44,VIP
112442,White Mug,11,2022-07-07 03:00,93.86,0.0,28.62,Apparel,In-store,Not Returned,High,1032.46,VIP
837392,Notebook,48,2022-07-07 14:00,81.94,0.43,22.75,Apparel,In-store,Not Returned,High,3933.12,VIP
305696,White Mug,18,2022-07-07 16:00,73.76,0.42,5.97,Apparel,In-store,Not Returned,High,1327.68,VIP
258516,Wireless Mouse,26,2022-07-07 18:00,86.99,0.29,16.77,Apparel,In-store,Not Returned,High,2261.74,VIP
461949,USB Cable,20,2022-07-08 10:00,66.6,0.32,23.81,Apparel,In-store,Not Returned,High,1332.0,VIP
955542,Notebook,40,2022-07-08 13:00,37.08,0.14,13.55,Apparel,Online,Not Returned,Low,1483.1999999999998,VIP
988465,Headphones,-47,2022-07-08 14:00,-93.38,0.46,,Apparel,Online,Not Returned,Medium,4388.86,VIP
814300,Wall Clock,43,2022-07-08 17:00,43.52,0.36,19.31,Apparel,In-store,Not Returned,Medium,1871.36,VIP
347943,Headphones,45,2022-07-09 01:00,35.35,0.13,23.8,Apparel,Online,Not Returned,Medium,1590.75,VIP
285431,Notebook,16,2022-07-10 14:00,84.9,0.17,25.31,Apparel,Online,Not Returned,High,1358.4,VIP
738960,Wireless Mouse,38,2022-07-10 19:00,67.3,0.21,28.93,Apparel,In-store,Not Returned,Medium,2557.4,VIP
274811,Headphones,45,2022-07-11 02:00,42.62,0.19,19.44,Apparel,Online,Returned,Low,1917.9,VIP
156152,Desk Lamp,41,2022-07-12 04:00,58.81,0.16,6.98,Apparel,In-store,Not Returned,Low,2411.21,VIP
712404,Notebook,37,2022-07-13 04:00,81.23,0.49,14.0,Apparel,In-store,Not Returned,Low,3005.51,VIP
113869,Desk Lamp,20,2022-07-13 08:00,76.43,0.35,19.99,Apparel,In-store,Not Returned,Medium,1528.6,VIP
686455,Headphones,31,2022-07-13 10:00,58.94,0.16,21.75,Apparel,In-store,Not Returned,High,1827.14,VIP
576827,Office Chair,24,2022-07-13 22:00,57.85,0.14,21.55,Apparel,Online,Not Returned,Medium,1388.4,VIP
415596,Notebook,32,2022-07-15 05:00,48.9,0.06,26.35,Apparel,In-store,Not Returned,Medium,1564.8,VIP
344965,Office Chair,41,2022-07-15 08:00,41.05,0.21,5.94,Apparel,Online,Not Returned,High,1683.05,VIP
902271,Wall Clock,39,2022-07-15 09:00,88.5,0.14,21.41,Apparel,In-store,Not Returned,Medium,3451.5,VIP
410569,Desk Lamp,43,2022-07-15 20:00,88.24,0.02,19.51,Apparel,In-store,Not Returned,High,3794.32,VIP
410894,USB Cable,23,2022-07-16 16:00,97.3,0.13,10.47,Apparel,Online,Not Returned,Low,2237.9,VIP
931040,T-shirt,35,2022-07-17 04:00,44.5,0.46,14.51,Apparel,Online,Not Returned,High,1557.5,VIP
263479,T-shirt,42,2022-07-18 12:00,34.0,0.28,11.29,Apparel,In-store,Not Returned,Low,1428.0,VIP
509251,Office Chair,35,2022-07-18 15:00,79.08,0.06,9.69,Apparel,In-store,Not Returned,Medium,2767.8,VIP
926297,Office Chair,42,2022-07-19 05:00,94.29,0.18,14.66,Apparel,Online,Not Returned,Low,3960.18,VIP
818954,Headphones,47,2022-07-20 14:00,71.65,0.5,7.96,Apparel,Online,Not Returned,Low,3367.55,VIP
498933,Headphones,-23,2022-07-20 20:00,-57.26,1.6346312969009935,,Apparel,In-store,Not Returned,Medium,1316.98,VIP
113448,Desk Lamp,40,2022-07-21 08:00,83.98,0.04,14.63,Apparel,Online,Not Returned,High,3359.2000000000003,VIP
599600,Desk Lamp,36,2022-07-21 11:00,57.61,0.1,11.96,Apparel,Online,Returned,Medium,2073.96,VIP
206887,Office Chair,16,2022-07-22 01:00,92.58,0.18,25.06,Apparel,In-store,Not Returned,Low,1481.28,VIP
745044,White Mug,34,2022-07-22 12:00,73.29,0.15,20.83,Apparel,Online,Returned,Low,2491.86,VIP
565406,USB Cable,15,2022-07-22 14:00,93.37,0.21,15.2,Apparel,In-store,Not Returned,High,1400.5500000000002,VIP
522994,Backpack,33,2022-07-22 21:00,67.47,0.06,11.05,Apparel,Online,Not Returned,Low,2226.51,VIP
101658,Notebook,12,2022-07-23 03:00,91.95,0.35,21.53,Apparel,Online,Not Returned,High,1103.4,VIP
368520,Backpack,28,2022-07-23 14:00,77.67,0.24,15.85,Apparel,Online,Not Returned,Medium,2174.76,VIP
722619,Wireless Mouse,31,2022-07-23 22:00,78.43,0.02,18.39,Apparel,In-store,Not Returned,Medium,2431.3300000000004,VIP
764407,Wireless Mouse,48,2022-07-24 06:00,66.2,0.33,12.53,Apparel,Online,Not Returned,Low,3177.6000000000004,VIP
968750,Wall Clock,-45,2022-07-25 00:00,-40.96,0.13,,Apparel,In-store,Not Returned,Medium,1843.2,VIP
145957,Backpack,34,2022-07-25 11:00,52.06,0.21,28.56,Apparel,Online,Not Returned,Medium,1770.04,VIP
260787,Wireless Mouse,17,2022-07-25 16:00,65.06,0.08,8.35,Apparel,Online,Not Returned,High,1106.02,VIP
794476,Headphones,32,2022-07-25 17:00,88.58,0.39,13.9,Apparel,Online,Returned,High,2834.56,VIP
359073,Backpack,19,2022-07-25 23:00,81.73,0.5,29.5,Apparel,In-store,Not Returned,Medium,1552.87,VIP
440135,Backpack,17,2022-07-26 02:00,71.74,0.13,16.46,Apparel,In-store,Not Returned,High,1219.58,VIP
474684,Wall Clock,29,2022-07-26 05:00,35.44,0.2,8.09,Apparel,In-store,Not Returned,Low,1027.76,VIP
877585,USB Cable,27,2022-07-26 07:00,73.22,0.23,19.69,Apparel,Online,Not Returned,High,1976.94,VIP
489326,White Mug,34,2022-07-26 11:00,96.07,0.22,10.88,Apparel,Online,Not Returned,Low,3266.38,VIP
898377,Desk Lamp,47,2022-07-26 14:00,30.1,0.44,10.51,Apparel,Online,Not Returned,Low,1414.7,VIP
999683,Wall Clock,27,2022-07-27 13:00,86.06,0.24,20.69,Apparel,Online,Not Returned,Medium,2323.62,VIP
889417,Blue Pen,20,2022-07-27 21:00,94.6,0.26,5.76,Apparel,In-store,Not Returned,Medium,1892.0,VIP
299933,Notebook,23,2022-07-28 13:00,46.85,0.49,25.15,Apparel,Online,Not Returned,High,1077.55,VIP
391040,Backpack,39,2022-07-28 21:00,51.13,0.01,21.41,Apparel,Online,Not Returned,Low,1994.07,VIP
365713,Desk Lamp,35,2022-07-30 10:00,60.24,0.18,17.24,Apparel,In-store,Not Returned,Low,2108.4,VIP
660451,Wireless Mouse,49,2022-07-30 17:00,92.37,0.34,21.56,Apparel,Online,Returned,High,4526.13,VIP
103436,Desk Lamp,37,2022-07-31 05:00,34.7,0.13,9.85,Apparel,In-store,Not Returned,Medium,1283.9,VIP
751201,T-shirt,49,2022-07-31 10:00,89.39,0.15,21.87,Apparel,In-store,Not Returned,Low,4380.11,VIP
568571,Wall Clock,48,2022-07-31 11:00,59.66,0.01,18.29,Apparel,Online,Not Returned,Low,2863.68,VIP
392002,Wireless Mouse,44,2022-08-01 01:00,97.81,0.25,20.17,Apparel,In-store,Not Returned,High,4303.64,VIP
814564,Blue Pen,43,2022-08-01 04:00,38.32,0.28,10.01,Apparel,Online,Not Returned,Medium,1647.76,VIP
344955,Wall Clock,47,2022-08-01 20:00,93.46,0.27,12.15,Apparel,Online,Not Returned,High,4392.62,VIP
757293,Notebook,28,2022-08-02 00:00,92.18,0.37,26.96,Apparel,Online,Returned,High,2581.04,VIP
707475,Desk Lamp,35,2022-08-02 12:00,32.0,0.13,6.92,Apparel,In-store,Not Returned,Medium,1120.0,VIP
240661,White Mug,42,2022-08-03 06:00,46.11,0.26,22.05,Apparel,Online,Not Returned,Medium,1936.62,VIP
346797,Office Chair,16,2022-08-03 10:00,91.05,0.05,28.9,Apparel,Online,Not Returned,Low,1456.8,VIP
623048,USB Cable,27,2022-08-03 23:00,52.93,0.27,9.56,Apparel,Online,Not Returned,Low,1429.11,VIP
264818,Wireless Mouse,46,2022-08-04 00:00,55.7,0.28,20.35,Apparel,Online,Not Returned,High,2562.2000000000003,VIP
719675,Wall Clock,42,2022-08-04 05:00,65.42,0.04,21.68,Apparel,Online,Not Returned,Medium,2747.64,VIP
913842,Wall Clock,45,2022-08-04 11:00,97.97,0.05,10.04,Apparel,Online,Not Returned,Medium,4408.65,VIP
373591,Backpack,18,2022-08-04 13:00,86.97,0.03,28.94,Apparel,In-store,Not Returned,Medium,1565.46,VIP
328289,Wall Clock,46,2022-08-04 23:00,87.71,0.0,24.74,Apparel,In-store,Not Returned,High,4034.66,VIP
889466,T-shirt,30,2022-08-05 02:00,70.88,0.24,26.37,Apparel,In-store,Not Returned,Medium,2126.4,VIP
716839,USB Cable,39,2022-08-06 10:00,64.54,0.21,15.93,Apparel,In-store,Not Returned,Medium,2517.0600000000004,VIP
171519,Office Chair,45,2022-08-06 13:00,31.14,0.23,14.0,Apparel,In-store,Not Returned,Low,1401.3,VIP
370445,Desk Lamp,43,2022-08-07 04:00,99.06,0.16,26.72,Apparel,In-store,Not Returned,Low,4259.58,VIP
661182,Office Chair,30,2022-08-07 10:00,91.56,0.2,22.78,Apparel,In-store,Not Returned,High,2746.8,VIP
659013,White Mug,19,2022-08-08 14:00,70.5,0.44,11.09,Apparel,Online,Not Returned,Medium,1339.5,VIP
211315,T-shirt,41,2022-08-08 19:00,54.16,0.16,14.36,Apparel,In-store,Not Returned,Low,2220.56,VIP
711692,Notebook,36,2022-08-08 22:00,37.04,0.07,9.07,Apparel,In-store,Not Returned,High,1333.44,VIP
535213,Headphones,32,2022-08-08 23:00,54.81,0.4,20.83,Apparel,Online,Not Returned,Medium,1753.92,VIP
110728,Desk Lamp,15,2022-08-09 15:00,90.51,0.02,6.92,Apparel,In-store,Not Returned,Low,1357.65,VIP
318422,T-shirt,45,2022-08-09 19:00,82.35,0.47,5.1,Apparel,Online,Not Returned,Medium,3705.75,VIP
775516,Desk Lamp,-39,2022-08-10 05:00,-75.72,1.278591306385735,,Apparel,In-store,Not Returned,Low,2953.08,VIP
783228,Headphones,18,2022-08-10 13:00,76.26,0.49,5.05,Apparel,In-store,Not Returned,Medium,1372.68,VIP
732020,Headphones,37,2022-08-10 21:00,42.18,0.21,23.64,Apparel,In-store,Not Returned,High,1560.66,VIP
272472,Wireless Mouse,34,2022-08-11 09:00,84.48,0.29,29.85,Apparel,In-store,Not Returned,Low,2872.32,VIP
807217,White Mug,44,2022-08-11 11:00,25.29,0.48,10.14,Apparel,Online,Returned,Medium,1112.76,VIP
421375,T-shirt,38,2022-08-13 10:00,84.88,0.02,21.85,Apparel,Online,Not Returned,Low,3225.44,VIP
338340,Wall Clock,31,2022-08-14 00:00,79.32,0.26,24.54,Apparel,In-store,Not Returned,High,2458.92,VIP
560662,Headphones,27,2022-08-14 22:00,54.36,0.49,29.61,Apparel,Online,Not Returned,High,1467.72,VIP
587702,Wall Clock,34,2022-08-15 09:00,76.74,0.03,13.22,Apparel,Online,Not Returned,High,2609.16,VIP
806475,T-shirt,47,2022-08-15 23:00,77.76,0.36,15.17,Apparel,In-store,Not Returned,High,3654.72,VIP
512073,Desk Lamp,18,2022-08-16 04:00,85.01,0.25,26.65,Apparel,In-store,Not Returned,Low,1530.18,VIP
990330,Headphones,39,2022-08-16 05:00,77.87,0.39,10.11,Apparel,Online,Not Returned,High,3036.9300000000003,VIP
741424,Backpack,33,2022-08-16 19:00,91.55,0.02,20.06,Apparel,Online,Not Returned,High,3021.15,VIP
573137,Backpack,30,2022-08-16 20:00,56.07,0.14,13.31,Apparel,Online,Returned,Medium,1682.1,VIP
550587,USB Cable,38,2022-08-17 04:00,50.7,0.39,13.24,Apparel,In-store,Not Returned,Low,1926.6,VIP
902560,T-shirt,36,2022-08-17 23:00,34.17,0.39,9.2,Apparel,Online,Not Returned,High,1230.12,VIP
122836,Blue Pen,18,2022-08-18 00:00,91.78,0.36,26.76,Apparel,In-store,Not Returned,Medium,1652.04,VIP
478970,Desk Lamp,41,2022-08-19 10:00,45.64,0.02,10.6,Apparel,Online,Not Returned,Medium,1871.24,VIP
922685,Wireless Mouse,43,2022-08-19 13:00,88.95,0.17,27.11,Apparel,In-store,Not Returned,High,3824.85,VIP
233542,Office Chair,20,2022-08-20 15:00,93.24,0.08,20.97,Apparel,Online,Not Returned,Medium,1864.8,VIP
889837,USB Cable,39,2022-08-21 11:00,32.14,0.03,11.99,Apparel,Online,Not Returned,Medium,1253.46,VIP
373006,T-shirt,39,2022-08-21 13:00,85.16,0.24,9.86,Apparel,In-store,Not Returned,High,3321.24,VIP
164005,White Mug,43,2022-08-22 15:00,32.43,0.0,17.88,Apparel,In-store,Not Returned,Low,1394.49,VIP
836431,Wireless Mouse,24,2022-08-23 00:00,78.96,0.33,17.1,Apparel,Online,Not Returned,Low,1895.04,VIP
764638,USB Cable,31,2022-08-23 14:00,48.65,0.02,17.58,Apparel,In-store,Not Returned,Medium,1508.15,VIP
772961,USB Cable,43,2022-08-24 02:00,30.91,0.45,10.69,Apparel,In-store,Not Returned,Low,1329.13,VIP
176313,Headphones,39,2022-08-25 10:00,76.9,0.31,19.89,Apparel,In-store,Not Returned,Medium,2999.1000000000004,VIP
350278,USB Cable,21,2022-08-25 21:00,55.53,0.33,17.18,Apparel,In-store,Not Returned,Medium,1166.13,VIP
996536,Notebook,45,2022-08-26 07:00,66.97,0.27,11.64,Apparel,Online,Not Returned,Low,3013.65,VIP
189364,Backpack,22,2022-08-26 19:00,93.27,0.11,8.59,Apparel,In-store,Not Returned,Low,2051.94,VIP
215925,Headphones,47,2022-08-26 20:00,41.09,0.07,17.1,Apparel,Online,Not Returned,High,1931.23,VIP
887503,Wireless Mouse,27,2022-08-27 11:00,82.78,0.01,13.24,Apparel,Online,Not Returned,Low,2235.06,VIP
854561,Office Chair,46,2022-08-27 15:00,83.92,0.34,14.47,Apparel,In-store,Not Returned,High,3860.32,VIP
981380,Wireless Mouse,46,2022-08-27 17:00,70.58,0.21,25.83,Apparel,In-store,Not Returned,High,3246.68,VIP
990521,Blue Pen,46,2022-08-28 14:00,53.48,0.34,14.79,Apparel,In-store,Not Returned,Low,2460.08,VIP
657715,USB Cable,46,2022-08-29 00:00,85.52,0.32,23.37,Apparel,Online,Not Returned,Medium,3933.92,VIP
850362,Blue Pen,43,2022-08-29 06:00,88.07,0.13,21.1,Apparel,In-store,Not Returned,Low,3787.01,VIP
334625,USB Cable,46,2022-08-29 13:00,50.45,0.37,18.64,Apparel,In-store,Not Returned,Medium,2320.7000000000003,VIP
226895,Office Chair,36,2022-08-29 16:00,29.57,0.06,10.81,Apparel,In-store,Not Returned,Medium,1064.52,VIP
405174,USB Cable,26,2022-08-30 08:00,65.01,0.15,11.55,Apparel,In-store,Not Returned,Medium,1690.2600000000002,VIP
385701,Wall Clock,28,2022-08-30 20:00,79.27,0.26,24.49,Apparel,Online,Not Returned,High,2219.56,VIP
383884,T-shirt,47,2022-08-31 14:00,87.49,0.13,25.91,Apparel,Online,Not Returned,Medium,4112.03,VIP
807628,Wireless Mouse,21,2022-08-31 23:00,88.0,0.09,10.4,Apparel,Online,Not Returned,Medium,1848.0,VIP
424422,Blue Pen,41,2022-09-01 22:00,57.61,0.08,15.27,Apparel,Online,Not Returned,High,2362.01,VIP
768439,Notebook,20,2022-09-02 03:00,51.81,0.32,25.04,Apparel,Online,Not Returned,Low,1036.2,VIP
324388,Wall Clock,27,2022-09-02 21:00,51.19,0.34,21.63,Apparel,In-store,Not Returned,Medium,1382.13,VIP
770797,Desk Lamp,30,2022-09-03 12:00,87.22,0.45,27.04,Apparel,In-store,Not Returned,High,2616.6,VIP
373399,Office Chair,21,2022-09-03 21:00,66.74,0.26,17.46,Apparel,Online,Not Returned,Medium,1401.54,VIP
745148,Backpack,45,2022-09-03 22:00,53.78,0.0,13.92,Apparel,In-store,Not Returned,Low,2420.1,VIP
526986,Headphones,49,2022-09-04 04:00,38.73,0.14,10.11,Apparel,In-store,Not Returned,High,1897.77,VIP
224109,Wireless Mouse,28,2022-09-04 09:00,50.75,0.22,21.63,Apparel,Online,Not Returned,Medium,1421.0,VIP
652169,Office Chair,15,2022-09-04 10:00,98.77,0.43,15.34,Apparel,Online,Not Returned,High,1481.55,VIP
289932,Notebook,22,2022-09-05 07:00,51.32,0.34,11.43,Apparel,Online,Not Returned,High,1129.04,VIP
666401,Wireless Mouse,27,2022-09-05 12:00,96.33,0.38,24.69,Apparel,Online,Not Returned,Medium,2600.91,VIP
214430,USB Cable,23,2022-09-07 06:00,64.53,0.22,17.83,Apparel,Online,Returned,High,1484.19,VIP
487926,T-shirt,47,2022-09-07 08:00,35.45,0.5,8.53,Apparel,In-store,Not Returned,Medium,1666.15,VIP
934151,Office Chair,28,2022-09-07 11:00,41.27,0.23,23.74,Apparel,Online,Not Returned,High,1155.5600000000002,VIP
936910,White Mug,39,2022-09-07 15:00,77.14,0.35,13.73,Apparel,In-store,Not Returned,Medium,3008.46,VIP
125223,Wireless Mouse,16,2022-09-07 22:00,89.52,0.08,19.17,Apparel,Online,Not Returned,Medium,1432.32,VIP
468406,Desk Lamp,14,2022-09-09 18:00,81.8,0.29,17.55,Apparel,In-store,Not Returned,Medium,1145.2,VIP
976223,Notebook,44,2022-09-10 06:00,41.64,0.25,14.21,Apparel,Online,Not Returned,Medium,1832.16,VIP
785929,USB Cable,44,2022-09-11 12:00,96.5,0.27,5.43,Apparel,Online,Not Returned,Medium,4246.0,VIP
793956,Notebook,20,2022-09-11 15:00,75.4,0.34,5.35,Apparel,In-store,Not Returned,High,1508.0,VIP
108195,White Mug,34,2022-09-11 23:00,57.53,0.15,24.03,Apparel,In-store,Not Returned,Low,1956.02,VIP
194769,Wall Clock,-18,2022-09-12 21:00,-91.66,1.048950626869364,,Apparel,In-store,Returned,Low,1649.88,VIP
599302,Blue Pen,41,2022-09-12 23:00,46.57,0.13,20.35,Apparel,In-store,Not Returned,High,1909.37,VIP
952435,Headphones,32,2022-09-13 13:00,77.04,0.11,8.15,Apparel,Online,Not Returned,Medium,2465.28,VIP
189199,T-shirt,32,2022-09-13 17:00,87.63,0.09,26.97,Apparel,In-store,Not Returned,Low,2804.16,VIP
802913,White Mug,27,2022-09-14 00:00,80.77,0.04,8.04,Apparel,Online,Not Returned,Medium,2180.79,VIP
685698,Headphones,24,2022-09-14 02:00,85.43,0.25,20.31,Apparel,In-store,Not Returned,Low,2050.32,VIP
506895,Wall Clock,35,2022-09-14 04:00,56.21,0.45,8.49,Apparel,Online,Returned,Low,1967.35,VIP
569790,Backpack,44,2022-09-14 12:00,43.19,0.11,21.52,Apparel,Online,Not Returned,High,1900.36,VIP
431429,Headphones,35,2022-09-14 16:00,59.03,0.34,19.5,Apparel,Online,Not Returned,Low,2066.05,VIP
454489,USB Cable,37,2022-09-15 05:00,75.2,0.09,18.78,Apparel,In-store,Not Returned,High,2782.4,VIP
969891,Headphones,28,2022-09-15 07:00,67.98,0.37,11.24,Apparel,In-store,Not Returned,Low,1903.44,VIP
344361,Headphones,33,2022-09-15 08:00,76.11,0.04,5.74,Apparel,In-store,Returned,Low,2511.63,VIP
835922,Desk Lamp,34,2022-09-15 09:00,65.99,0.27,11.34,Apparel,In-store,Not Returned,Low,2243.66,VIP
797247,Blue Pen,-20,2022-09-15 12:00,-81.79,1.984198293241182,,Apparel,In-store,Returned,High,1635.8000000000002,VIP
974403,Office Chair,30,2022-09-15 13:00,75.85,0.23,20.96,Apparel,Online,Not Returned,Medium,2275.5,VIP
548520,Office Chair,31,2022-09-15 14:00,75.54,0.01,26.67,Apparel,In-store,Not Returned,Low,2341.74,VIP
223299,Wireless Mouse,16,2022-09-15 15:00,90.34,0.04,28.61,Apparel,In-store,Not Returned,Medium,1445.44,VIP
793920,T-shirt,41,2022-09-16 07:00,26.67,0.43,8.68,Apparel,Online,Not Returned,Low,1093.47,VIP
981979,T-shirt,-46,2022-09-16 21:00,-61.32,0.01,,Apparel,Online,Not Returned,High,2820.72,VIP
816878,USB Cable,14,2022-09-17 00:00,95.71,0.42,28.63,Apparel,In-store,Not Returned,Medium,1339.9399999999998,VIP
764703,Wall Clock,38,2022-09-18 23:00,55.94,0.31,6.79,Apparel,Online,Returned,High,2125.72,VIP
847662,Blue Pen,46,2022-09-19 03:00,53.64,0.06,27.92,Apparel,Online,Returned,Low,2467.44,VIP
318474,T-shirt,23,2022-09-19 09:00,47.1,0.45,12.36,Apparel,Online,Returned,High,1083.3,VIP
478884,USB Cable,18,2022-09-20 00:00,60.9,0.4,11.97,Apparel,Online,Not Returned,Medium,1096.2,VIP
246101,Wall Clock,13,2022-09-20 02:00,98.56,0.23,20.21,Apparel,In-store,Not Returned,Medium,1281.28,VIP
232316,Desk Lamp,29,2022-09-20 10:00,48.8,0.36,19.73,Apparel,Online,Not Returned,High,1415.1999999999998,VIP
418393,Headphones,25,2022-09-20 23:00,77.46,0.28,19.28,Apparel,In-store,Not Returned,High,1936.5,VIP
367074,USB Cable,48,2022-09-21 12:00,57.52,0.33,11.28,Apparel,In-store,Not Returned,Medium,2760.96,VIP
550514,USB Cable,45,2022-09-21 17:00,72.99,0.37,18.69,Apparel,Online,Not Returned,Low,3284.55,VIP
256597,Backpack,30,2022-09-21 21:00,69.92,0.12,17.24,Apparel,Online,Not Returned,High,2097.6,VIP
575308,T-shirt,26,2022-09-21 22:00,72.5,0.24,24.45,Apparel,Online,Not Returned,High,1885.0,VIP
852249,Wireless Mouse,43,2022-09-23 06:00,81.24,0.25,16.64,Apparel,In-store,Not Returned,High,3493.32,VIP
946476,White Mug,-48,2022-09-24 08:00,-90.03,0.45,,Apparel,In-store,Not Returned,High,4321.4400000000005,VIP
887069,Notebook,36,2022-09-24 23:00,70.06,0.12,21.05,Apparel,In-store,Not Returned,Low,2522.16,VIP
710784,Blue Pen,19,2022-09-26 14:00,98.74,0.32,18.25,Apparel,In-store,Not Returned,Medium,1876.06,VIP
196242,Wireless Mouse,49,2022-09-26 20:00,96.87,0.38,8.99,Apparel,Online,Not Returned,High,4746.63,VIP
104487,White Mug,46,2022-09-27 09:00,71.89,0.33,19.69,Apparel,In-store,Not Returned,High,3306.94,VIP
208924,Wireless Mouse,26,2022-09-27 12:00,46.65,0.05,22.46,Apparel,Online,Not Returned,Medium,1212.9,VIP
506786,Wireless Mouse,33,2022-09-27 14:00,67.21,0.41,25.49,Apparel,In-store,Returned,Medium,2217.93,VIP
193375,Wireless Mouse,36,2022-09-27 21:00,86.88,0.13,23.71,Apparel,Online,Not Returned,Medium,3127.68,VIP
413905,Wireless Mouse,32,2022-09-28 11:00,64.03,0.08,7.55,Apparel,Online,Not Returned,Medium,2048.96,VIP
343415,Headphones,16,2022-09-29 15:00,82.29,0.36,11.85,Apparel,In-store,Not Returned,Low,1316.64,VIP
183557,White Mug,-40,2022-09-29 20:00,-85.85,1.7244657580556093,,Apparel,In-store,Not Returned,Medium,3434.0,VIP
110372,Blue Pen,48,2022-09-29 22:00,81.67,0.18,17.28,Apparel,Online,Not Returned,Medium,3920.16,VIP
200050,White Mug,26,2022-09-30 00:00,76.2,0.02,15.76,Apparel,Online,Not Returned,Medium,1981.2,VIP
980370,Desk Lamp,40,2022-09-30 01:00,44.91,0.44,18.67,Apparel,Online,Not Returned,High,1796.4,VIP
544056,White Mug,25,2022-10-01 08:00,61.28,0.24,16.04,Apparel,Online,Not Returned,High,1532.0,VIP
310544,USB Cable,36,2022-10-01 18:00,86.77,0.15,14.1,Apparel,In-store,Not Returned,Medium,3123.72,VIP
212765,Wall Clock,22,2022-10-02 11:00,67.08,0.47,8.95,Apparel,Online,Not Returned,Low,1475.76,VIP
814364,White Mug,39,2022-10-02 16:00,72.66,0.28,26.19,Apparel,In-store,Not Returned,Low,2833.74,VIP
248055,Notebook,45,2022-10-03 00:00,61.65,0.07,22.67,Apparel,In-store,Not Returned,Low,2774.25,VIP
682289,Desk Lamp,48,2022-10-03 21:00,23.91,0.17,24.94,Apparel,In-store,Not Returned,Low,1147.68,VIP
521990,Headphones,33,2022-10-04 20:00,75.57,0.39,17.61,Apparel,In-store,Not Returned,Low,2493.81,VIP
136079,White Mug,41,2022-10-05 11:00,94.71,0.33,23.77,Apparel,In-store,Not Returned,High,3883.11,VIP
184225,Backpack,34,2022-10-05 12:00,99.67,0.25,16.56,Apparel,In-store,Not Returned,Medium,3388.78,VIP
370153,Blue Pen,32,2022-10-05 16:00,35.3,0.0,23.95,Apparel,In-store,Not Returned,High,1129.6,VIP
220848,Office Chair,42,2022-10-06 12:00,76.29,0.21,21.45,Apparel,In-store,Not Returned,Medium,3204.1800000000003,VIP
543541,Wall Clock,47,2022-10-06 13:00,49.8,0.06,11.28,Apparel,Online,Not Returned,Low,2340.6,VIP
948358,Wireless Mouse,48,2022-10-07 06:00,28.55,0.26,15.4,Apparel,In-store,Not Returned,Medium,1370.4,VIP
980910,Wireless Mouse,40,2022-10-07 10:00,85.34,0.21,5.55,Apparel,In-store,Not Returned,Medium,3413.6000000000004,VIP
330389,USB Cable,40,2022-10-08 05:00,31.3,0.1,17.19,Apparel,Online,Not Returned,Low,1252.0,VIP
576113,White Mug,14,2022-10-08 10:00,78.43,0.23,16.0,Apparel,In-store,Not Returned,Medium,1098.02,VIP
448965,Desk Lamp,37,2022-10-08 16:00,82.84,0.12,9.04,Apparel,Online,Returned,Low,3065.08,VIP
698964,Notebook,17,2022-10-08 21:00,76.78,0.4,6.66,Apparel,Online,Not Returned,Low,1305.26,VIP
789224,Backpack,46,2022-10-09 10:00,65.72,0.44,10.45,Apparel,Online,Not Returned,Medium,3023.12,VIP
916785,USB Cable,37,2022-10-10 00:00,35.73,0.13,18.89,Apparel,In-store,Not Returned,Medium,1322.01,VIP
765655,T-shirt,27,2022-10-10 12:00,59.99,0.47,7.58,Apparel,Online,Not Returned,High,1619.73,VIP
443243,White Mug,23,2022-10-12 10:00,50.34,0.23,21.08,Apparel,Online,Not Returned,High,1157.8200000000002,VIP
608653,T-shirt,16,2022-10-12 13:00,70.16,0.16,6.37,Apparel,In-store,Not Returned,Low,1122.56,VIP
228345,Wireless Mouse,33,2022-10-13 01:00,77.34,0.24,17.52,Apparel,In-store,Not Returned,High,2552.2200000000003,VIP
129251,Notebook,33,2022-10-13 04:00,91.9,0.36,19.63,Apparel,In-store,Not Returned,Medium,3032.7000000000003,VIP
539802,Backpack,36,2022-10-13 05:00,98.21,0.02,5.89,Apparel,Online,Not Returned,Low,3535.56,VIP
634328,Wall Clock,28,2022-10-13 09:00,78.17,0.12,5.56,Apparel,Online,Not Returned,High,2188.76,VIP
771866,Wireless Mouse,39,2022-10-14 07:00,30.28,0.42,7.85,Apparel,Online,Not Returned,Low,1180.92,VIP
474458,Wall Clock,49,2022-10-14 11:00,78.89,0.33,5.38,Apparel,In-store,Not Returned,Medium,3865.61,VIP
143237,USB Cable,42,2022-10-14 20:00,75.63,0.44,10.0,Apparel,In-store,Not Returned,Low,3176.46,VIP
371698,Headphones,26,2022-10-15 04:00,51.48,0.46,29.19,Apparel,In-store,Not Returned,Medium,1338.48,VIP
935887,White Mug,15,2022-10-17 06:00,76.6,0.09,5.27,Apparel,Online,Not Returned,Low,1149.0,VIP
470866,Blue Pen,49,2022-10-17 11:00,49.75,0.0,5.24,Apparel,In-store,Not Returned,Medium,2437.75,VIP
372032,Wall Clock,38,2022-10-17 20:00,98.49,0.42,28.65,Apparel,In-store,Not Returned,High,3742.62,VIP
982854,Backpack,27,2022-10-19 00:00,37.16,0.38,29.67,Apparel,In-store,Not Returned,Medium,1003.32,VIP
347368,Headphones,35,2022-10-20 10:00,86.98,0.31,29.5,Apparel,Online,Not Returned,Low,3044.3,VIP
286845,T-shirt,39,2022-10-20 12:00,41.33,0.26,22.02,Apparel,In-store,Not Returned,High,1611.87,VIP
726300,Backpack,34,2022-10-21 00:00,87.91,0.19,16.8,Apparel,Online,Not Returned,Medium,2988.94,VIP
953167,Wireless Mouse,41,2022-10-21 10:00,49.57,0.44,12.86,Apparel,Online,Not Returned,High,2032.37,VIP
719354,Wall Clock,-24,2022-10-21 16:00,-92.39,1.9451481625849203,,Apparel,In-store,Not Returned,Medium,2217.36,VIP
415386,USB Cable,41,2022-10-22 13:00,37.03,0.03,9.82,Apparel,In-store,Not Returned,High,1518.23,VIP
778627,Blue Pen,48,2022-10-22 16:00,29.56,0.21,20.36,Apparel,In-store,Not Returned,Low,1418.88,VIP
129870,Wall Clock,49,2022-10-23 03:00,25.79,0.27,20.09,Apparel,In-store,Not Returned,Low,1263.71,VIP
742240,Wall Clock,37,2022-10-23 08:00,41.43,0.07,28.59,Apparel,Online,Returned,High,1532.91,VIP
182990,USB Cable,28,2022-10-24 00:00,79.52,0.25,15.62,Apparel,In-store,Not Returned,Medium,2226.56,VIP
395906,White Mug,48,2022-10-24 04:00,83.41,0.26,12.69,Apparel,In-store,Not Returned,High,4003.68,VIP
810557,Wall Clock,48,2022-10-24 16:00,73.86,0.28,12.86,Apparel,Online,Not Returned,Low,3545.28,VIP
149849,Blue Pen,23,2022-10-24 17:00,68.08,0.1,14.65,Apparel,Online,Not Returned,Low,1565.84,VIP
115852,Wireless Mouse,12,2022-10-24 19:00,97.55,0.04,8.98,Apparel,Online,Not Returned,High,1170.6,VIP
505480,Wall Clock,46,2022-10-25 09:00,77.43,0.13,24.21,Apparel,Online,Not Returned,Low,3561.78,VIP
335530,Headphones,20,2022-10-25 11:00,86.21,0.3,16.12,Apparel,In-store,Not Returned,High,1724.1999999999998,VIP
954127,Wireless Mouse,46,2022-10-26 09:00,29.43,0.41,21.17,Apparel,In-store,Not Returned,High,1353.78,VIP
291037,Office Chair,46,2022-10-26 16:00,87.62,0.34,14.12,Apparel,In-store,Not Returned,Low,4030.52,VIP
967307,Headphones,27,2022-10-26 20:00,81.86,0.15,13.28,Apparel,Online,Not Returned,Low,2210.22,VIP
937160,USB Cable,11,2022-10-27 09:00,91.69,0.22,6.2,Apparel,In-store,Not Returned,Low,1008.59,VIP
633615,T-shirt,48,2022-10-27 17:00,87.08,0.39,16.46,Apparel,Online,Not Returned,High,4179.84,VIP
456580,Wall Clock,32,2022-10-27 20:00,43.5,0.27,15.88,Apparel,Online,Not Returned,Medium,1392.0,VIP
621970,Wall Clock,47,2022-10-27 22:00,98.37,0.48,10.62,Apparel,In-store,Not Returned,Low,4623.39,VIP
244444,Blue Pen,-19,2022-10-28 13:00,-84.74,1.9877831129233687,,Apparel,In-store,Not Returned,Low,1610.06,VIP
149574,Wireless Mouse,32,2022-10-28 22:00,66.58,0.18,9.01,Apparel,In-store,Not Returned,High,2130.56,VIP
296006,Wireless Mouse,40,2022-10-29 00:00,66.03,0.05,10.16,Apparel,Online,Not Returned,Low,2641.2,VIP
182607,Notebook,13,2022-10-29 06:00,83.77,0.06,19.09,Apparel,Online,Not Returned,Medium,1089.01,VIP
548834,Desk Lamp,31,2022-10-30 00:00,76.5,0.28,9.21,Apparel,Online,Not Returned,High,2371.5,VIP
794298,T-shirt,40,2022-10-30 12:00,55.27,0.23,8.89,Apparel,Online,Not Returned,Low,2210.8,VIP
351985,Headphones,34,2022-10-30 23:00,45.52,0.1,17.54,Apparel,In-store,Not Returned,Medium,1547.68,VIP
943535,T-shirt,26,2022-10-31 10:00,41.26,0.35,22.25,Apparel,Online,Not Returned,Low,1072.76,VIP
986628,Office Chair,19,2022-10-31 16:00,60.38,0.09,16.63,Apparel,Online,Not Returned,Medium,1147.22,VIP
503837,Backpack,41,2022-10-31 18:00,40.9,0.08,16.53,Apparel,In-store,Not Returned,High,1676.9,VIP
542369,T-shirt,36,2022-11-01 10:00,48.15,0.49,18.86,Apparel,Online,Not Returned,High,1733.4,VIP
963374,T-shirt,-38,2022-11-01 11:00,-97.22,1.924077023649036,,Apparel,In-store,Not Returned,Low,3694.36,VIP
934495,Office Chair,26,2022-11-01 15:00,82.52,0.46,13.34,Apparel,Online,Not Returned,Low,2145.52,VIP
242003,T-shirt,36,2022-11-01 20:00,33.13,0.43,29.63,Apparel,In-store,Not Returned,Medium,1192.68,VIP
943882,Office Chair,42,2022-11-01 23:00,96.94,0.43,9.35,Apparel,Online,Not Returned,Low,4071.48,VIP
152320,Headphones,44,2022-11-02 03:00,45.31,0.19,11.34,Apparel,Online,Not Returned,Low,1993.64,VIP
195341,Desk Lamp,47,2022-11-02 05:00,68.82,0.32,7.84,Apparel,In-store,Not Returned,Medium,3234.5399999999995,VIP
315523,Wall Clock,38,2022-11-02 21:00,99.65,0.33,14.31,Apparel,In-store,Not Returned,Medium,3786.7,VIP
618327,USB Cable,44,2022-11-03 04:00,52.45,0.28,18.37,Apparel,In-store,Returned,Medium,2307.8,VIP
349222,USB Cable,45,2022-11-03 15:00,67.64,0.34,14.6,Apparel,Online,Not Returned,Low,3043.8,VIP
614021,Blue Pen,18,2022-11-03 22:00,56.57,0.11,27.9,Apparel,In-store,Not Returned,High,1018.26,VIP
647521,USB Cable,46,2022-11-04 03:00,31.54,0.48,12.4,Apparel,Online,Not Returned,High,1450.84,VIP
859106,USB Cable,32,2022-11-04 09:00,32.2,0.29,26.66,Apparel,Online,Not Returned,Low,1030.4,VIP
804960,Headphones,28,2022-11-05 19:00,67.81,0.41,20.97,Apparel,Online,Not Returned,High,1898.68,VIP
668323,White Mug,22,2022-11-06 18:00,75.37,0.14,28.14,Apparel,Online,Not Returned,Low,1658.14,VIP
178283,T-shirt,15,2022-11-07 01:00,84.27,0.47,19.09,Apparel,In-store,Not Returned,Medium,1264.05,VIP
631375,Backpack,17,2022-11-07 07:00,70.5,0.15,13.85,Apparel,In-store,Not Returned,Low,1198.5,VIP
278388,Wall Clock,22,2022-11-07 12:00,95.5,0.04,22.62,Apparel,Online,Not Returned,Medium,2101.0,VIP
678309,USB Cable,47,2022-11-08 05:00,39.4,0.44,16.81,Apparel,Online,Not Returned,Medium,1851.8,VIP
331899,Headphones,20,2022-11-08 14:00,58.96,0.33,21.55,Apparel,Online,Not Returned,Medium,1179.2,VIP
644991,Office Chair,33,2022-11-09 10:00,87.93,0.23,11.28,Apparel,In-store,Not Returned,High,2901.69,VIP
350440,White Mug,35,2022-11-10 17:00,46.86,0.11,6.46,Apparel,Online,Not Returned,Medium,1640.1,VIP
414045,Desk Lamp,42,2022-11-11 23:00,58.52,0.35,17.27,Apparel,In-store,Not Returned,High,2457.84,VIP
214433,Desk Lamp,29,2022-11-12 09:00,42.32,0.05,18.51,Apparel,In-store,Not Returned,High,1227.28,VIP
583304,Wall Clock,30,2022-11-12 18:00,84.19,0.29,15.96,Apparel,Online,Not Returned,Low,2525.7,VIP
191467,Wireless Mouse,36,2022-11-13 03:00,33.67,0.26,27.03,Apparel,In-store,Not Returned,Medium,1212.12,VIP
203018,White Mug,28,2022-11-13 10:00,51.76,0.17,28.99,Apparel,Online,Not Returned,Low,1449.28,VIP
748882,Blue Pen,48,2022-11-13 19:00,55.47,0.3,24.74,Apparel,Online,Not Returned,Low,2662.56,VIP
176949,Blue Pen,38,2022-11-14 12:00,90.53,0.03,7.03,Apparel,Online,Not Returned,Low,3440.14,VIP
800843,Desk Lamp,48,2022-11-14 14:00,45.08,0.39,27.11,Apparel,In-store,Returned,Medium,2163.84,VIP
992711,USB Cable,44,2022-11-14 15:00,86.9,0.43,16.83,Apparel,Online,Not Returned,High,3823.6,VIP
765918,Notebook,35,2022-11-14 20:00,91.69,0.33,29.03,Apparel,Online,Not Returned,Medium,3209.15,VIP
314646,Wall Clock,38,2022-11-15 07:00,62.28,0.22,28.06,Apparel,In-store,Not Returned,High,2366.64,VIP
449948,Headphones,19,2022-11-16 00:00,85.59,0.17,29.44,Apparel,Online,Not Returned,Low,1626.21,VIP
869212,T-shirt,46,2022-11-17 16:00,27.32,0.48,15.66,Apparel,In-store,Not Returned,Low,1256.72,VIP
251857,Headphones,30,2022-11-17 19:00,61.36,0.33,6.57,Apparel,In-store,Not Returned,Low,1840.8,VIP
298729,Desk Lamp,37,2022-11-18 00:00,67.88,0.36,20.31,Apparel,Online,Not Returned,Low,2511.56,VIP
292811,T-shirt,-33,2022-11-18 11:00,-44.77,1.6524494415158628,,Apparel,Online,Not Returned,Medium,1477.41,VIP
956842,White Mug,22,2022-11-18 17:00,77.15,0.15,25.36,Apparel,In-store,Not Returned,Low,1697.3000000000002,VIP
581944,White Mug,21,2022-11-19 11:00,55.82,0.1,12.46,Apparel,In-store,Not Returned,High,1172.22,VIP
178488,Office Chair,41,2022-11-19 14:00,92.29,0.07,24.43,Apparel,Online,Not Returned,High,3783.89,VIP
290984,Office Chair,34,2022-11-20 00:00,99.37,0.37,19.9,Apparel,In-store,Not Returned,High,3378.58,VIP
991015,Blue Pen,32,2022-11-20 06:00,39.89,0.27,16.17,Apparel,Online,Not Returned,High,1276.48,VIP
628016,White Mug,27,2022-11-22 01:00,83.67,0.44,29.91,Apparel,In-store,Not Returned,Low,2259.09,VIP
129400,Notebook,43,2022-11-23 01:00,95.53,0.16,10.96,Apparel,In-store,Not Returned,Low,4107.79,VIP
473555,Desk Lamp,49,2022-11-24 10:00,91.18,0.04,22.1,Apparel,Online,Not Returned,Low,4467.820000000001,VIP
478358,Backpack,28,2022-11-24 12:00,72.65,0.48,7.41,Apparel,In-store,Not Returned,High,2034.2000000000005,VIP
800577,Wireless Mouse,18,2022-11-25 21:00,72.33,0.32,17.39,Apparel,Online,Not Returned,Medium,1301.94,VIP
526102,Headphones,46,2022-11-27 10:00,50.54,0.16,21.32,Apparel,Online,Not Returned,Medium,2324.84,VIP
376674,Notebook,-35,2022-11-27 20:00,-37.59,1.9166401966466005,,Apparel,Online,Not Returned,High,1315.65,VIP
916700,Blue Pen,28,2022-11-28 10:00,86.1,0.31,16.39,Apparel,In-store,Not Returned,Low,2410.8,VIP
505544,Notebook,38,2022-11-28 21:00,65.12,0.31,17.97,Apparel,Online,Not Returned,Medium,2474.5600000000004,VIP
906575,Headphones,40,2022-11-29 14:00,91.89,0.21,25.44,Apparel,In-store,Not Returned,Medium,3675.6,VIP
888637,Wireless Mouse,21,2022-11-30 00:00,55.95,0.3,23.21,Apparel,Online,Not Returned,Medium,1174.95,VIP
296000,Wireless Mouse,26,2022-11-30 11:00,77.47,0.2,18.46,Apparel,In-store,Not Returned,Medium,2014.22,VIP
508274,Office Chair,16,2022-11-30 13:00,82.61,0.41,21.55,Apparel,Online,Not Returned,High,1321.76,VIP
205547,Wall Clock,21,2022-12-01 12:00,68.69,0.04,28.0,Apparel,Online,Not Returned,High,1442.49,VIP
611500,Backpack,39,2022-12-01 18:00,58.72,0.01,10.65,Apparel,Online,Not Returned,Medium,2290.08,VIP
378295,Wireless Mouse,-24,2022-12-02 05:00,-98.73,1.8541931689433468,,Apparel,Online,Not Returned,Medium,2369.52,VIP
134187,Wireless Mouse,31,2022-12-02 07:00,63.04,0.46,22.76,Apparel,In-store,Not Returned,High,1954.24,VIP
594044,White Mug,27,2022-12-02 10:00,81.24,0.23,20.22,Apparel,Online,Not Returned,Medium,2193.48,VIP
484033,Notebook,21,2022-12-02 18:00,51.95,0.35,18.15,Apparel,Online,Returned,High,1090.95,VIP
752182,Backpack,49,2022-12-03 06:00,65.76,0.21,16.26,Apparel,Online,Not Returned,Medium,3222.24,VIP
263233,Office Chair,20,2022-12-03 07:00,62.41,0.35,22.49,Apparel,Online,Not Returned,High,1248.1999999999998,VIP
149460,White Mug,47,2022-12-03 11:00,86.59,0.32,22.62,Apparel,In-store,Not Returned,Medium,4069.73,VIP
686967,Blue Pen,32,2022-12-03 16:00,74.21,0.03,19.15,Apparel,In-store,Not Returned,High,2374.72,VIP
450404,Backpack,36,2022-12-05 16:00,51.55,0.25,13.61,Apparel,In-store,Not Returned,Low,1855.8,VIP
524541,Wall Clock,27,2022-12-05 23:00,79.92,0.15,25.21,Apparel,Online,Not Returned,Low,2157.84,VIP
560287,Backpack,35,2022-12-06 03:00,32.95,0.25,27.76,Apparel,In-store,Not Returned,High,1153.25,VIP
588286,USB Cable,24,2022-12-06 09:00,96.25,0.42,8.62,Apparel,Online,Not Returned,High,2310.0,VIP
232475,Wall Clock,25,2022-12-06 15:00,65.16,0.05,13.34,Apparel,Online,Not Returned,High,1629.0,VIP
697330,White Mug,32,2022-12-06 19:00,90.44,0.17,27.23,Apparel,In-store,Returned,High,2894.08,VIP
572224,White Mug,15,2022-12-07 04:00,77.8,0.46,15.06,Apparel,Online,Not Returned,Low,1167.0,VIP
311648,Blue Pen,27,2022-12-07 09:00,58.21,0.26,24.82,Apparel,Online,Returned,Low,1571.67,VIP
666687,Backpack,40,2022-12-08 12:00,54.36,0.05,18.17,Apparel,Online,Returned,Medium,2174.4,VIP
672618,Notebook,31,2022-12-08 13:00,35.35,0.16,9.18,Apparel,Online,Not Returned,Medium,1095.85,VIP
876343,Backpack,48,2022-12-08 14:00,95.14,0.47,9.96,Apparel,Online,Not Returned,High,4566.72,VIP
579742,Office Chair,18,2022-12-09 10:00,99.2,0.47,26.11,Apparel,In-store,Not Returned,High,1785.6,VIP
317443,Wireless Mouse,43,2022-12-09 15:00,82.31,0.19,10.66,Apparel,Online,Returned,High,3539.33,VIP
594166,White Mug,26,2022-12-09 18:00,90.67,0.34,28.9,Apparel,Online,Not Returned,Low,2357.42,VIP
923509,Office Chair,39,2022-12-09 23:00,93.38,0.11,14.96,Apparel,Online,Not Returned,Low,3641.82,VIP
355672,Wireless Mouse,47,2022-12-10 00:00,51.91,0.47,25.05,Apparel,Online,Returned,Low,2439.77,VIP
250468,Blue Pen,36,2022-12-10 02:00,48.83,0.01,29.17,Apparel,Online,Returned,Low,1757.88,VIP
838848,USB Cable,32,2022-12-10 04:00,56.18,0.19,27.76,Apparel,In-store,Not Returned,High,1797.76,VIP
762448,Wireless Mouse,48,2022-12-10 16:00,85.78,0.33,6.47,Apparel,Online,Not Returned,Medium,4117.4400000000005,VIP
232508,Blue Pen,31,2022-12-10 23:00,93.73,0.22,9.18,Apparel,Online,Not Returned,High,2905.63,VIP
913713,Backpack,37,2022-12-11 02:00,53.39,0.17,6.36,Apparel,Online,Not Returned,High,1975.43,VIP
255958,Notebook,19,2022-12-12 11:00,52.8,0.16,19.98,Apparel,In-store,Not Returned,High,1003.2,VIP
853290,Wall Clock,35,2022-12-12 12:00,57.3,0.47,29.14,Apparel,In-store,Not Returned,High,2005.5,VIP
380130,Notebook,38,2022-12-13 12:00,27.76,0.2,12.24,Apparel,Online,Not Returned,Medium,1054.88,VIP
705787,White Mug,12,2022-12-13 22:00,96.22,0.48,23.29,Apparel,In-store,Not Returned,Medium,1154.64,VIP
499840,Wireless Mouse,32,2022-12-14 07:00,80.65,0.23,13.98,Apparel,Online,Not Returned,Low,2580.8,VIP
522342,Desk Lamp,29,2022-12-14 08:00,61.56,0.1,14.89,Apparel,Online,Returned,High,1785.24,VIP
814036,Wireless Mouse,33,2022-12-14 11:00,83.51,0.12,9.53,Apparel,Online,Not Returned,Low,2755.8300000000004,VIP
741673,Desk Lamp,21,2022-12-14 17:00,60.24,0.36,11.7,Apparel,In-store,Not Returned,High,1265.04,VIP
170511,Headphones,45,2022-12-15 08:00,75.84,0.18,10.01,Apparel,In-store,Not Returned,Medium,3412.8,VIP
295985,Notebook,16,2022-12-15 12:00,66.73,0.04,13.34,Apparel,In-store,Not Returned,Low,1067.68,VIP
786235,White Mug,35,2022-12-17 00:00,32.79,0.07,12.69,Apparel,Online,Not Returned,Low,1147.65,VIP
725633,Wireless Mouse,13,2022-12-17 12:00,86.0,0.4,15.24,Apparel,Online,Not Returned,Medium,1118.0,VIP
317972,Wall Clock,42,2022-12-17 20:00,98.73,0.32,6.52,Apparel,In-store,Not Returned,High,4146.66,VIP
272413,White Mug,35,2022-12-17 22:00,93.11,0.42,12.91,Apparel,In-store,Not Returned,Medium,3258.85,VIP
228357,Wireless Mouse,24,2022-12-18 02:00,90.12,0.27,18.98,Apparel,In-store,Not Returned,High,2162.88,VIP
484691,T-shirt,34,2022-12-18 11:00,31.4,0.2,18.72,Apparel,Online,Not Returned,Medium,1067.6,VIP
619328,Blue Pen,46,2022-12-18 15:00,54.88,0.39,14.69,Apparel,In-store,Returned,Low,2524.48,VIP
746157,Desk Lamp,36,2022-12-19 09:00,36.99,0.16,28.48,Apparel,Online,Not Returned,Medium,1331.64,VIP
283256,Desk Lamp,11,2022-12-19 16:00,93.1,0.39,19.37,Apparel,Online,Not Returned,Low,1024.1,VIP
576463,Office Chair,47,2022-12-19 17:00,33.83,0.3,19.22,Apparel,Online,Not Returned,Low,1590.01,VIP
224939,Wall Clock,33,2022-12-19 23:00,31.37,0.49,23.52,Apparel,Online,Not Returned,Low,1035.21,VIP
669489,Wireless Mouse,33,2022-12-20 02:00,33.11,0.05,20.02,Apparel,Online,Not Returned,High,1092.63,VIP
941252,Wireless Mouse,33,2022-12-20 04:00,36.62,0.28,11.65,Apparel,In-store,Returned,Low,1208.4599999999998,VIP
582974,Wireless Mouse,33,2022-12-21 00:00,61.18,0.39,7.17,Apparel,In-store,Not Returned,Medium,2018.94,VIP
689959,Blue Pen,26,2022-12-21 02:00,80.55,0.48,22.53,Apparel,In-store,Not Returned,High,2094.3,VIP
731884,T-shirt,38,2022-12-21 03:00,69.5,0.46,16.9,Apparel,Online,Not Returned,Low,2641.0,VIP
179714,Office Chair,27,2022-12-21 07:00,44.88,0.32,19.09,Apparel,In-store,Not Returned,Low,1211.76,VIP
243954,Notebook,49,2022-12-21 11:00,93.19,0.28,28.48,Apparel,Online,Not Returned,Medium,4566.31,VIP
773955,T-shirt,34,2022-12-21 15:00,58.89,0.5,11.51,Apparel,Online,Not Returned,Low,2002.26,VIP
865625,Blue Pen,24,2022-12-21 23:00,44.02,0.49,28.21,Apparel,Online,Not Returned,Low,1056.48,VIP
562422,T-shirt,37,2022-12-23 16:00,89.83,0.2,17.14,Apparel,Online,Not Returned,Medium,3323.71,VIP
410250,Office Chair,32,2022-12-23 22:00,75.74,0.46,17.71,Apparel,Online,Not Returned,High,2423.68,VIP
315836,Office Chair,42,2022-12-24 00:00,32.92,0.25,14.07,Apparel,In-store,Not Returned,Low,1382.64,VIP
882778,Office Chair,18,2022-12-24 01:00,77.54,0.25,13.17,Apparel,Online,Not Returned,Low,1395.72,VIP
757992,T-shirt,-24,2022-12-24 05:00,-88.93,0.23,,Apparel,Online,Not Returned,Medium,2134.32,VIP
858612,White Mug,31,2022-12-24 06:00,90.94,0.06,18.88,Apparel,Online,Not Returned,High,2819.14,VIP
937340,Headphones,16,2022-12-24 11:00,72.37,0.2,12.01,Apparel,In-store,Not Returned,Low,1157.92,VIP
812944,T-shirt,38,2022-12-24 16:00,81.3,0.42,6.78,Apparel,Online,Not Returned,Medium,3089.4,VIP
689215,Backpack,38,2022-12-25 22:00,52.61,0.38,27.34,Apparel,In-store,Not Returned,Low,1999.18,VIP
975022,Wireless Mouse,16,2022-12-27 02:00,75.99,0.3,22.89,Apparel,In-store,Not Returned,Low,1215.84,VIP
758931,Office Chair,21,2022-12-27 07:00,65.73,0.02,9.85,Apparel,In-store,Not Returned,Medium,1380.3300000000002,VIP
481785,Blue Pen,44,2022-12-27 09:00,35.49,0.38,27.67,Apparel,In-store,Not Returned,High,1561.5600000000002,VIP
477186,T-shirt,17,2022-12-27 15:00,83.81,0.45,19.13,Apparel,In-store,Not Returned,Low,1424.77,VIP
982969,USB Cable,47,2022-12-28 07:00,47.92,0.07,11.8,Apparel,In-store,Not Returned,High,2252.24,VIP
613668,Office Chair,33,2022-12-28 14:00,83.83,0.27,18.5,Apparel,Online,Not Returned,High,2766.39,VIP
983867,T-shirt,47,2022-12-28 23:00,34.63,0.48,13.96,Apparel,Online,Not Returned,High,1627.61,VIP
844979,Headphones,39,2022-12-29 03:00,31.83,0.11,28.18,Apparel,In-store,Not Returned,Medium,1241.37,VIP
540475,Backpack,39,2022-12-29 14:00,87.54,0.05,26.03,Apparel,Online,Not Returned,Medium,3414.0600000000004,VIP
386881,Desk Lamp,34,2022-12-29 21:00,77.75,0.38,24.48,Apparel,In-store,Not Returned,Low,2643.5,VIP
191612,T-shirt,15,2022-12-29 23:00,66.82,0.39,29.6,Apparel,In-store,Not Returned,High,1002.3,VIP
603040,USB Cable,46,2022-12-30 16:00,90.92,0.48,14.9,Apparel,In-store,Not Returned,High,4182.32,VIP
136764,USB Cable,41,2022-12-31 03:00,40.47,0.1,27.56,Apparel,Online,Not Returned,Low,1659.27,VIP
309112,Desk Lamp,49,2022-12-31 11:00,78.57,0.24,11.99,Apparel,Online,Not Returned,High,3849.93,VIP
193120,Wireless Mouse,34,2022-12-31 13:00,40.71,0.49,25.17,Apparel,In-store,Not Returned,Low,1384.14,VIP
227976,Notebook,41,2022-12-31 15:00,38.77,0.45,13.91,Apparel,Online,Not Returned,Medium,1589.5700000000002,VIP
714639,White Mug,16,2022-12-31 19:00,92.3,0.47,9.57,Apparel,Online,Not Returned,Medium,1476.8,VIP
701552,T-shirt,33,2023-01-01 07:00,83.51,0.45,15.0,Apparel,Online,Not Returned,Medium,2755.8300000000004,VIP
471021,T-shirt,13,2023-01-01 12:00,82.9,0.31,11.74,Apparel,In-store,Not Returned,Low,1077.7,VIP
812686,Notebook,42,2023-01-02 23:00,81.72,0.45,20.56,Apparel,In-store,Not Returned,Medium,3432.24,VIP
775609,Blue Pen,22,2023-01-03 04:00,56.24,0.1,28.42,Apparel,Online,Not Returned,High,1237.28,VIP
172131,Notebook,24,2023-01-03 08:00,66.12,0.36,29.24,Apparel,In-store,Not Returned,Medium,1586.88,VIP
980570,Notebook,47,2023-01-03 09:00,59.61,0.09,29.69,Apparel,Online,Not Returned,Low,2801.67,VIP
465556,Wireless Mouse,28,2023-01-03 12:00,39.63,0.08,26.35,Apparel,Online,Not Returned,High,1109.64,VIP
929358,Wall Clock,45,2023-01-03 14:00,27.19,0.39,15.79,Apparel,Online,Not Returned,Low,1223.55,VIP
449894,Office Chair,28,2023-01-03 16:00,97.09,0.08,6.82,Apparel,Online,Not Returned,Low,2718.52,VIP
646881,Desk Lamp,46,2023-01-03 21:00,34.61,0.17,10.3,Apparel,Online,Not Returned,Low,1592.06,VIP
329701,USB Cable,36,2023-01-04 05:00,67.7,0.15,14.29,Apparel,Online,Not Returned,Medium,2437.2000000000003,VIP
832654,Notebook,29,2023-01-05 01:00,44.46,0.46,16.51,Apparel,In-store,Not Returned,Low,1289.34,VIP
430130,White Mug,27,2023-01-05 18:00,92.48,0.28,10.54,Apparel,Online,Not Returned,Medium,2496.96,VIP
284884,White Mug,46,2023-01-06 17:00,86.87,0.03,12.89,Apparel,In-store,Not Returned,Low,3996.02,VIP
993185,White Mug,49,2023-01-07 10:00,46.09,0.06,24.93,Apparel,In-store,Not Returned,Low,2258.4100000000003,VIP
181234,Desk Lamp,43,2023-01-08 06:00,93.05,0.41,18.01,Apparel,In-store,Returned,Low,4001.15,VIP
953539,Desk Lamp,-31,2023-01-08 10:00,-33.39,1.2499184133994063,,Apparel,Online,Not Returned,High,1035.09,VIP
831563,Wireless Mouse,29,2023-01-09 02:00,55.58,0.38,29.79,Apparel,Online,Not Returned,High,1611.82,VIP
371056,Desk Lamp,45,2023-01-09 16:00,75.69,0.04,18.37,Apparel,In-store,Not Returned,Low,3406.05,VIP
594957,Blue Pen,22,2023-01-09 22:00,67.47,0.22,16.36,Apparel,In-store,Not Returned,Medium,1484.34,VIP
663465,USB Cable,43,2023-01-10 18:00,87.12,0.3,19.35,Apparel,Online,Not Returned,High,3746.16,VIP
401829,USB Cable,48,2023-01-11 00:00,70.38,0.02,10.03,Apparel,Online,Not Returned,Low,3378.24,VIP
907932,Blue Pen,33,2023-01-11 09:00,82.5,0.2,5.42,Apparel,In-store,Returned,High,2722.5,VIP
457479,T-shirt,14,2023-01-11 14:00,85.46,0.03,16.95,Apparel,In-store,Not Returned,Low,1196.4399999999998,VIP
729364,Wall Clock,40,2023-01-12 04:00,99.87,0.26,6.64,Apparel,Online,Returned,High,3994.8,VIP
884609,Notebook,15,2023-01-12 13:00,85.72,0.27,17.69,Apparel,In-store,Not Returned,Low,1285.8,VIP
287522,Notebook,-28,2023-01-13 14:00,-61.1,1.5369164010102732,,Apparel,Online,Returned,High,1710.8,VIP
259500,USB Cable,34,2023-01-13 16:00,86.87,0.47,27.24,Apparel,In-store,Returned,Low,2953.58,VIP
859864,Notebook,42,2023-01-14 10:00,99.73,0.07,26.9,Apparel,Online,Not Returned,Medium,4188.66,VIP
834474,Headphones,26,2023-01-14 20:00,88.11,0.47,26.22,Apparel,In-store,Not Returned,Low,2290.86,VIP
709288,Blue Pen,33,2023-01-15 16:00,91.7,0.27,16.47,Apparel,In-store,Not Returned,High,3026.1,VIP
934385,Notebook,18,2023-01-15 20:00,72.86,0.16,6.3,Apparel,Online,Not Returned,High,1311.48,VIP
780049,White Mug,27,2023-01-16 03:00,89.4,0.32,30.0,Apparel,In-store,Not Returned,Medium,2413.8,VIP
431822,Notebook,48,2023-01-16 10:00,99.14,0.34,11.49,Apparel,In-store,Not Returned,Medium,4758.72,VIP
959055,Headphones,36,2023-01-16 13:00,93.75,0.35,5.64,Apparel,Online,Not Returned,Medium,3375.0,VIP
291750,Notebook,33,2023-01-17 00:00,31.88,0.04,16.72,Apparel,Online,Not Returned,Low,1052.04,VIP
524567,Blue Pen,14,2023-01-17 02:00,74.61,0.21,26.09,Apparel,In-store,Not Returned,High,1044.54,VIP
684981,White Mug,38,2023-01-17 03:00,67.28,0.41,10.37,Apparel,In-store,Not Returned,Low,2556.64,VIP
643765,Office Chair,40,2023-01-17 16:00,38.0,0.46,15.26,Apparel,Online,Not Returned,Medium,1520.0,VIP
208763,Blue Pen,27,2023-01-18 22:00,44.69,0.16,19.08,Apparel,In-store,Not Returned,High,1206.63,VIP
141430,White Mug,18,2023-01-19 04:00,56.06,0.39,20.42,Apparel,Online,Not Returned,High,1009.08,VIP
229189,White Mug,34,2023-01-19 08:00,66.61,0.33,16.68,Apparel,Online,Not Returned,Low,2264.74,VIP
471930,Wireless Mouse,39,2023-01-19 23:00,98.24,0.34,7.86,Apparel,Online,Not Returned,Medium,3831.36,VIP
859592,White Mug,11,2023-01-20 02:00,92.88,0.08,25.78,Apparel,In-store,Not Returned,High,1021.68,VIP
133677,Office Chair,34,2023-01-21 00:00,51.85,0.47,17.7,Apparel,Online,Not Returned,Medium,1762.9,VIP
367401,Office Chair,33,2023-01-21 15:00,39.17,0.44,22.41,Apparel,In-store,Not Returned,High,1292.61,VIP
495063,Blue Pen,44,2023-01-21 23:00,94.47,0.16,19.59,Apparel,In-store,Not Returned,Low,4156.68,VIP
962662,Desk Lamp,38,2023-01-22 20:00,86.75,0.2,12.6,Apparel,Online,Not Returned,Low,3296.5,VIP
614249,Office Chair,42,2023-01-22 22:00,89.81,0.34,8.55,Apparel,Online,Returned,Low,3772.02,VIP
507460,Wireless Mouse,38,2023-01-23 06:00,29.12,0.36,15.01,Apparel,In-store,Not Returned,Medium,1106.56,VIP
431798,Office Chair,18,2023-01-24 08:00,59.62,0.34,9.67,Apparel,Online,Not Returned,High,1073.16,VIP
309691,Wireless Mouse,35,2023-01-24 11:00,76.89,0.24,21.87,Apparel,Online,Not Returned,Low,2691.15,VIP
825750,White Mug,-33,2023-01-25 12:00,-78.07,1.395470297099783,,Apparel,In-store,Not Returned,Medium,2576.31,VIP
347659,Notebook,34,2023-01-25 14:00,56.1,0.05,17.68,Apparel,Online,Not Returned,Low,1907.4,VIP
222641,Backpack,34,2023-01-25 23:00,47.46,0.19,14.79,Apparel,In-store,Not Returned,Low,1613.64,VIP
541752,T-shirt,44,2023-01-26 00:00,65.46,0.49,25.29,Apparel,In-store,Not Returned,Medium,2880.24,VIP
873790,Backpack,36,2023-01-26 03:00,55.63,0.49,20.6,Apparel,In-store,Not Returned,Low,2002.68,VIP
564244,Headphones,41,2023-01-27 00:00,90.36,0.31,9.18,Apparel,In-store,Not Returned,Medium,3704.76,VIP
155569,USB Cable,34,2023-01-28 04:00,51.52,0.18,10.97,Apparel,In-store,Not Returned,High,1751.68,VIP
887176,Desk Lamp,47,2023-01-28 08:00,43.28,0.09,25.34,Apparel,In-store,Not Returned,Low,2034.16,VIP
411689,Office Chair,36,2023-01-30 17:00,89.45,0.17,10.72,Apparel,Online,Returned,Medium,3220.2000000000003,VIP
987517,Headphones,38,2023-01-31 15:00,35.13,0.13,19.25,Apparel,Online,Not Returned,Medium,1334.94,VIP
754492,Desk Lamp,22,2023-01-31 22:00,81.29,0.15,12.89,Apparel,In-store,Not Returned,Low,1788.38,VIP
909423,Desk Lamp,-41,2023-02-03 14:00,-50.59,1.09422338137173,,Apparel,Online,Not Returned,High,2074.19,VIP
509680,Headphones,15,2023-02-04 04:00,79.33,0.22,26.67,Apparel,In-store,Returned,Medium,1189.95,VIP
589139,Desk Lamp,25,2023-02-04 10:00,57.17,0.2,14.24,Apparel,In-store,Not Returned,Medium,1429.25,VIP
155810,Headphones,19,2023-02-04 14:00,72.67,0.17,8.94,Apparel,In-store,Not Returned,Low,1380.73,VIP
659408,Notebook,22,2023-02-04 19:00,66.44,0.49,15.76,Apparel,In-store,Not Returned,Low,1461.6799999999998,VIP
703672,Notebook,-49,2023-02-05 12:00,-31.53,1.5857288558343758,,Apparel,Online,Not Returned,High,1544.97,VIP
815597,Wireless Mouse,17,2023-02-06 08:00,88.19,0.46,8.77,Apparel,In-store,Not Returned,High,1499.23,VIP
754563,Office Chair,33,2023-02-06 23:00,32.44,0.39,9.23,Apparel,Online,Not Returned,High,1070.52,VIP
576535,Wireless Mouse,-28,2023-02-08 13:00,-43.36,1.5270067049281424,,Apparel,In-store,Not Returned,Medium,1214.08,VIP
965362,Wireless Mouse,15,2023-02-08 23:00,81.56,0.35,24.99,Apparel,In-store,Not Returned,Medium,1223.4,VIP
840018,Wall Clock,23,2023-02-09 02:00,64.39,0.33,13.12,Apparel,In-store,Not Returned,Medium,1480.97,VIP
463021,Notebook,28,2023-02-09 18:00,70.09,0.42,22.84,Apparel,In-store,Not Returned,High,1962.52,VIP
644903,Wall Clock,36,2023-02-10 08:00,51.42,0.09,20.02,Apparel,In-store,Returned,Low,1851.12,VIP
223731,Desk Lamp,38,2023-02-10 11:00,69.13,0.02,17.78,Apparel,In-store,Not Returned,High,2626.94,VIP
572691,Wall Clock,26,2023-02-10 19:00,46.24,0.27,5.69,Apparel,Online,Not Returned,Low,1202.24,VIP
568205,Wireless Mouse,39,2023-02-11 04:00,28.09,0.36,21.56,Apparel,In-store,Not Returned,Medium,1095.51,VIP
628622,T-shirt,30,2023-02-11 12:00,94.28,0.21,10.97,Apparel,Online,Not Returned,Medium,2828.4,VIP
485905,USB Cable,22,2023-02-11 18:00,84.68,0.39,15.73,Apparel,In-store,Not Returned,Medium,1862.96,VIP
902717,White Mug,22,2023-02-11 20:00,70.91,0.29,9.1,Apparel,Online,Not Returned,Medium,1560.02,VIP
695411,Desk Lamp,33,2023-02-12 08:00,96.49,0.35,10.13,Apparel,Online,Not Returned,Medium,3184.17,VIP
107131,Wall Clock,35,2023-02-12 18:00,87.34,0.24,26.63,Apparel,Online,Not Returned,Low,3056.9,VIP
838592,Office Chair,21,2023-02-12 19:00,75.89,0.4,9.41,Apparel,Online,Returned,High,1593.69,VIP
739340,Headphones,36,2023-02-13 22:00,36.07,0.26,23.19,Apparel,Online,Not Returned,High,1298.52,VIP
720716,Notebook,18,2023-02-14 05:00,91.92,0.08,17.6,Apparel,Online,Returned,High,1654.56,VIP
432744,Notebook,19,2023-02-14 12:00,83.84,0.1,9.89,Apparel,Online,Returned,High,1592.96,VIP
742624,Headphones,36,2023-02-14 14:00,84.56,0.06,12.6,Apparel,In-store,Not Returned,High,3044.16,VIP
160399,Blue Pen,33,2023-02-14 23:00,48.08,0.08,28.11,Apparel,In-store,Not Returned,Low,1586.64,VIP
101745,White Mug,22,2023-02-15 22:00,84.63,0.41,16.93,Apparel,Online,Not Returned,Medium,1861.86,VIP
790395,Office Chair,30,2023-02-16 05:00,34.34,0.1,18.13,Apparel,Online,Not Returned,Medium,1030.2,VIP
788484,Desk Lamp,34,2023-02-16 16:00,70.73,0.12,16.68,Apparel,Online,Returned,Medium,2404.82,VIP
473857,Wall Clock,34,2023-02-17 02:00,63.89,0.31,24.56,Apparel,In-store,Returned,High,2172.26,VIP
467507,Wall Clock,30,2023-02-17 03:00,93.07,0.15,15.46,Apparel,Online,Not Returned,High,2792.1,VIP
495952,Wall Clock,46,2023-02-18 00:00,38.96,0.25,11.09,Apparel,Online,Not Returned,Low,1792.16,VIP
200166,Headphones,39,2023-02-19 02:00,46.66,0.31,21.86,Apparel,Online,Returned,Medium,1819.74,VIP
818655,Blue Pen,29,2023-02-19 12:00,70.82,0.28,22.7,Apparel,In-store,Not Returned,Low,2053.78,VIP
312056,Headphones,41,2023-02-20 02:00,52.63,0.21,21.82,Apparel,In-store,Not Returned,High,2157.83,VIP
498565,Wireless Mouse,37,2023-02-20 17:00,53.81,0.38,16.0,Apparel,In-store,Not Returned,Low,1990.97,VIP
875896,Blue Pen,33,2023-02-21 00:00,41.09,0.05,26.64,Apparel,Online,Not Returned,Low,1355.97,VIP
340275,T-shirt,49,2023-02-22 18:00,68.44,0.48,22.52,Apparel,Online,Not Returned,Medium,3353.56,VIP
161265,Wall Clock,27,2023-02-22 21:00,54.65,0.03,12.13,Apparel,In-store,Not Returned,High,1475.55,VIP
653940,Desk Lamp,42,2023-02-23 07:00,93.01,0.02,6.85,Apparel,In-store,Returned,Medium,3906.42,VIP
317483,Notebook,26,2023-02-23 13:00,67.68,0.02,18.61,Apparel,In-store,Not Returned,High,1759.6800000000003,VIP
893287,Blue Pen,28,2023-02-23 18:00,49.12,0.25,28.09,Apparel,In-store,Not Returned,Low,1375.36,VIP
198856,Office Chair,20,2023-02-23 23:00,65.76,0.2,9.35,Apparel,In-store,Not Returned,Medium,1315.2,VIP
810347,Desk Lamp,39,2023-02-24 06:00,40.62,0.4,16.83,Apparel,Online,Not Returned,Medium,1584.1799999999998,VIP
981948,Wireless Mouse,25,2023-02-25 12:00,78.32,0.04,25.32,Apparel,Online,Not Returned,Low,1958.0,VIP
337957,Wireless Mouse,44,2023-02-25 15:00,82.6,0.17,9.81,Apparel,In-store,Not Returned,Low,3634.4,VIP
653119,USB Cable,17,2023-02-25 17:00,88.91,0.46,17.6,Apparel,Online,Not Returned,High,1511.47,VIP
425786,T-shirt,20,2023-02-26 04:00,78.34,0.02,25.29,Apparel,Online,Not Returned,High,1566.8000000000002,VIP
172242,Wall Clock,17,2023-02-27 06:00,74.01,0.15,8.21,Apparel,Online,Returned,Low,1258.17,VIP
504871,Backpack,43,2023-02-27 07:00,68.14,0.28,29.08,Apparel,In-store,Not Returned,Low,2930.02,VIP
410483,Notebook,29,2023-02-27 16:00,82.37,0.38,13.55,Apparel,Online,Not Returned,Medium,2388.73,VIP
597516,Desk Lamp,36,2023-02-27 20:00,92.95,0.33,25.17,Apparel,Online,Not Returned,Medium,3346.2000000000003,VIP
566032,Backpack,49,2023-02-28 05:00,28.99,0.12,27.07,Apparel,In-store,Not Returned,Low,1420.51,VIP
529581,Notebook,32,2023-03-01 16:00,32.79,0.11,17.55,Apparel,In-store,Not Returned,Low,1049.28,VIP
330305,Headphones,43,2023-03-01 19:00,76.89,0.37,23.62,Apparel,In-store,Not Returned,High,3306.27,VIP
377599,T-shirt,44,2023-03-01 22:00,67.7,0.32,12.41,Apparel,In-store,Not Returned,High,2978.8,VIP
230229,T-shirt,39,2023-03-02 14:00,27.13,0.41,26.01,Apparel,Online,Not Returned,Low,1058.07,VIP
745201,Wall Clock,42,2023-03-02 17:00,84.74,0.39,16.73,Apparel,In-store,Not Returned,Low,3559.08,VIP
577678,White Mug,33,2023-03-02 20:00,84.87,0.14,20.84,Apparel,Online,Not Returned,Low,2800.71,VIP
882234,Wireless Mouse,12,2023-03-02 22:00,91.28,0.43,18.11,Apparel,Online,Not Returned,High,1095.36,VIP
398345,USB Cable,27,2023-03-03 04:00,67.02,0.42,19.37,Apparel,In-store,Not Returned,High,1809.54,VIP
861177,Headphones,40,2023-03-03 12:00,84.33,0.03,28.0,Apparel,Online,Not Returned,High,3373.2,VIP
942757,Desk Lamp,30,2023-03-04 08:00,37.62,0.02,13.63,Apparel,In-store,Not Returned,Low,1128.6,VIP
247683,Blue Pen,20,2023-03-04 12:00,50.42,0.49,5.93,Apparel,In-store,Not Returned,Medium,1008.4,VIP
926965,Wireless Mouse,41,2023-03-04 15:00,38.32,0.02,16.33,Apparel,Online,Returned,Low,1571.12,VIP
771813,T-shirt,37,2023-03-04 20:00,46.73,0.44,26.95,Apparel,Online,Not Returned,Medium,1729.01,VIP
834756,Blue Pen,28,2023-03-04 23:00,46.19,0.41,7.48,Apparel,Online,Not Returned,Low,1293.32,VIP
105050,Wall Clock,25,2023-03-06 01:00,67.45,0.06,9.52,Apparel,In-store,Not Returned,High,1686.25,VIP
995118,USB Cable,47,2023-03-06 06:00,46.27,0.33,20.8,Apparel,Online,Not Returned,High,2174.69,VIP
759156,Headphones,49,2023-03-07 14:00,99.73,0.4,21.86,Apparel,In-store,Not Returned,High,4886.77,VIP
594593,Backpack,25,2023-03-08 06:00,58.87,0.13,21.33,Apparel,Online,Not Returned,High,1471.75,VIP
289001,T-shirt,40,2023-03-09 00:00,53.75,0.2,18.27,Apparel,Online,Not Returned,Medium,2150.0,VIP
268444,USB Cable,19,2023-03-09 04:00,71.17,0.04,14.28,Apparel,Online,Not Returned,Medium,1352.23,VIP
988160,Headphones,16,2023-03-09 05:00,86.18,0.12,15.15,Apparel,In-store,Not Returned,High,1378.88,VIP
376772,White Mug,34,2023-03-09 07:00,68.29,0.16,13.22,Apparel,Online,Returned,High,2321.86,VIP
614681,Headphones,21,2023-03-11 01:00,96.34,0.5,13.66,Apparel,Online,Not Returned,Low,2023.14,VIP
930241,T-shirt,12,2023-03-11 03:00,96.24,0.4,29.55,Apparel,In-store,Not Returned,High,1154.88,VIP
251863,Office Chair,16,2023-03-11 04:00,72.03,0.18,25.3,Apparel,In-store,Not Returned,Medium,1152.48,VIP
327557,White Mug,-17,2023-03-11 10:00,-85.55,0.39,,Apparel,In-store,Not Returned,Low,1454.35,VIP
824078,T-shirt,33,2023-03-11 21:00,97.49,0.2,17.74,Apparel,Online,Not Returned,Low,3217.17,VIP
823807,White Mug,43,2023-03-12 18:00,89.82,0.01,20.14,Apparel,Online,Not Returned,Medium,3862.26,VIP
933568,Office Chair,48,2023-03-13 02:00,40.88,0.28,14.52,Apparel,Online,Not Returned,Low,1962.24,VIP
993034,Blue Pen,44,2023-03-13 05:00,88.52,0.5,12.81,Apparel,In-store,Not Returned,Low,3894.88,VIP
660392,White Mug,36,2023-03-13 06:00,37.67,0.1,12.31,Apparel,In-store,Not Returned,High,1356.12,VIP
407942,Desk Lamp,48,2023-03-13 22:00,78.78,0.11,29.95,Apparel,In-store,Not Returned,Medium,3781.44,VIP
850959,Wireless Mouse,31,2023-03-14 09:00,63.48,0.5,11.44,Apparel,In-store,Not Returned,Medium,1967.88,VIP
662585,Blue Pen,37,2023-03-15 15:00,42.0,0.27,12.59,Apparel,In-store,Not Returned,Medium,1554.0,VIP
850659,Notebook,43,2023-03-15 22:00,29.39,0.19,23.11,Apparel,Online,Not Returned,High,1263.77,VIP
218217,Wall Clock,39,2023-03-17 00:00,82.96,0.08,28.2,Apparel,Online,Not Returned,High,3235.44,VIP
452832,Notebook,30,2023-03-17 01:00,96.16,0.06,17.12,Apparel,Online,Not Returned,Low,2884.8,VIP
990497,Headphones,34,2023-03-17 02:00,72.62,0.06,22.42,Apparel,Online,Not Returned,Low,2469.08,VIP
241981,Notebook,39,2023-03-17 11:00,56.84,0.32,29.54,Apparel,In-store,Not Returned,Low,2216.76,VIP
112976,Blue Pen,43,2023-03-17 23:00,61.62,0.2,28.67,Apparel,Online,Not Returned,High,2649.66,VIP
498506,Office Chair,17,2023-03-18 02:00,73.15,0.24,21.75,Apparel,In-store,Not Returned,Medium,1243.5500000000002,VIP
676736,Desk Lamp,38,2023-03-18 22:00,64.92,0.41,29.41,Apparel,In-store,Returned,High,2466.96,VIP
971044,Wall Clock,25,2023-03-19 01:00,47.91,0.4,10.38,Apparel,In-store,Not Returned,Low,1197.75,VIP
218849,Headphones,35,2023-03-19 02:00,75.78,0.42,29.5,Apparel,In-store,Not Returned,High,2652.3,VIP
279012,Blue Pen,29,2023-03-19 08:00,97.73,0.4,5.53,Apparel,Online,Not Returned,High,2834.17,VIP
754403,Backpack,40,2023-03-19 16:00,27.82,0.42,22.72,Apparel,Online,Not Returned,Low,1112.8,VIP
255562,White Mug,36,2023-03-19 17:00,96.46,0.09,17.47,Apparel,In-store,Not Returned,Medium,3472.56,VIP
758446,Backpack,44,2023-03-19 22:00,64.74,0.4,12.62,Apparel,In-store,Not Returned,Low,2848.56,VIP
484287,Headphones,31,2023-03-21 07:00,67.27,0.18,20.15,Apparel,Online,Not Returned,Medium,2085.37,VIP
717945,Blue Pen,41,2023-03-21 11:00,65.7,0.18,23.67,Apparel,Online,Not Returned,Low,2693.7000000000003,VIP
152136,Backpack,27,2023-03-21 21:00,44.13,0.34,12.78,Apparel,Online,Not Returned,Low,1191.51,VIP
514643,Blue Pen,-31,2023-03-22 00:00,-65.03,1.2285337983429243,,Apparel,Online,Not Returned,Low,2015.93,VIP
763582,USB Cable,18,2023-03-22 03:00,70.99,0.43,18.34,Apparel,Online,Not Returned,Medium,1277.82,VIP
835048,Blue Pen,29,2023-03-22 05:00,88.14,0.46,18.34,Apparel,Online,Not Returned,Medium,2556.06,VIP
944032,T-shirt,24,2023-03-22 11:00,51.18,0.15,7.28,Apparel,Online,Not Returned,Medium,1228.32,VIP
449269,Notebook,27,2023-03-23 02:00,44.56,0.37,19.13,Apparel,In-store,Not Returned,High,1203.12,VIP
865604,White Mug,35,2023-03-23 04:00,63.87,0.36,24.3,Apparel,In-store,Not Returned,High,2235.45,VIP
988767,Desk Lamp,19,2023-03-24 05:00,78.68,0.25,8.1,Apparel,In-store,Not Returned,Medium,1494.92,VIP
217828,Blue Pen,49,2023-03-24 06:00,84.11,0.07,18.54,Apparel,In-store,Not Returned,High,4121.39,VIP
389330,Wall Clock,22,2023-03-24 16:00,97.31,0.27,7.01,Apparel,In-store,Returned,Low,2140.82,VIP
918180,Blue Pen,14,2023-03-24 20:00,79.02,0.42,21.85,Apparel,Online,Not Returned,Medium,1106.28,VIP
376914,Wall Clock,40,2023-03-26 00:00,30.71,0.0,17.36,Apparel,Online,Not Returned,High,1228.4,VIP
867993,Headphones,20,2023-03-26 02:00,86.24,0.49,11.38,Apparel,Online,Not Returned,Low,1724.8,VIP
773317,Backpack,28,2023-03-26 05:00,54.27,0.45,12.86,Apparel,In-store,Not Returned,Medium,1519.5600000000002,VIP
855209,White Mug,38,2023-03-26 10:00,53.57,0.42,12.9,Apparel,In-store,Not Returned,High,2035.66,VIP
623277,Office Chair,15,2023-03-26 13:00,80.34,0.11,25.48,Apparel,In-store,Not Returned,Low,1205.1,VIP
659632,Office Chair,41,2023-03-27 04:00,61.02,0.34,14.66,Apparel,In-store,Returned,Medium,2501.82,VIP
175604,T-shirt,36,2023-03-27 07:00,70.33,0.15,6.35,Apparel,Online,Not Returned,High,2531.88,VIP
294661,Wireless Mouse,29,2023-03-27 15:00,83.58,0.23,17.01,Apparel,Online,Not Returned,Low,2423.82,VIP
151372,Notebook,22,2023-03-27 19:00,47.14,0.08,12.86,Apparel,Online,Not Returned,Medium,1037.08,VIP
341553,White Mug,30,2023-03-28 04:00,91.74,0.24,21.91,Apparel,In-store,Not Returned,Low,2752.2,VIP
273703,USB Cable,34,2023-03-28 19:00,74.61,0.35,18.86,Apparel,In-store,Not Returned,High,2536.74,VIP
921079,Backpack,26,2023-03-28 23:00,48.28,0.01,5.15,Apparel,In-store,Not Returned,Medium,1255.28,VIP
951215,Wireless Mouse,24,2023-03-29 11:00,87.82,0.05,28.47,Apparel,Online,Not Returned,High,2107.68,VIP
200229,Notebook,19,2023-03-29 12:00,64.55,0.04,10.6,Apparel,In-store,Returned,High,1226.45,VIP
223409,T-shirt,35,2023-03-30 08:00,97.74,0.29,13.74,Apparel,In-store,Not Returned,Low,3420.9,VIP
276974,Backpack,46,2023-03-30 10:00,68.65,0.43,20.17,Apparel,Online,Not Returned,Low,3157.9,VIP
895383,Headphones,36,2023-03-30 17:00,38.44,0.42,28.12,Apparel,Online,Not Returned,Low,1383.84,VIP
167561,Office Chair,35,2023-03-31 11:00,65.64,0.38,27.02,Apparel,Online,Returned,High,2297.4,VIP
495982,Wireless Mouse,14,2023-03-31 14:00,72.34,0.44,9.29,Apparel,Online,Not Returned,Medium,1012.76,VIP
860872,Desk Lamp,26,2023-04-01 19:00,92.0,0.25,15.26,Apparel,In-store,Not Returned,Low,2392.0,VIP
180868,Notebook,13,2023-04-02 01:00,93.72,0.19,11.89,Apparel,Online,Not Returned,High,1218.36,VIP
169360,Office Chair,36,2023-04-02 13:00,83.78,0.36,11.42,Apparel,Online,Not Returned,High,3016.08,VIP
507228,USB Cable,26,2023-04-03 03:00,51.73,0.49,14.37,Apparel,Online,Returned,Low,1344.98,VIP
161711,Headphones,18,2023-04-03 09:00,95.76,0.15,21.97,Apparel,Online,Not Returned,High,1723.68,VIP
142530,White Mug,46,2023-04-03 10:00,32.4,0.19,8.36,Apparel,In-store,Not Returned,High,1490.4,VIP
740416,Blue Pen,41,2023-04-03 18:00,86.65,0.34,9.18,Apparel,Online,Not Returned,Medium,3552.65,VIP
205894,Headphones,44,2023-04-04 13:00,24.21,0.17,22.33,Apparel,In-store,Returned,Low,1065.24,VIP
500414,USB Cable,19,2023-04-05 07:00,61.1,0.33,5.58,Apparel,Online,Not Returned,Low,1160.9,VIP
808930,Wireless Mouse,25,2023-04-05 12:00,93.88,0.49,22.29,Apparel,Online,Not Returned,Medium,2347.0,VIP
770504,T-shirt,47,2023-04-05 16:00,41.09,0.13,7.99,Apparel,In-store,Not Returned,High,1931.23,VIP
814222,Notebook,26,2023-04-06 05:00,43.6,0.46,22.56,Apparel,In-store,Not Returned,High,1133.6,VIP
570974,T-shirt,24,2023-04-06 08:00,95.5,0.14,22.19,Apparel,In-store,Not Returned,Medium,2292.0,VIP
609939,Headphones,18,2023-04-06 09:00,68.71,0.3,25.63,Apparel,In-store,Not Returned,High,1236.78,VIP
667615,Desk Lamp,45,2023-04-06 19:00,47.29,0.24,11.79,Apparel,In-store,Not Returned,Medium,2128.05,VIP
980219,Wireless Mouse,27,2023-04-06 21:00,50.44,0.3,29.82,Apparel,In-store,Returned,High,1361.88,VIP
951556,Backpack,29,2023-04-07 09:00,75.2,0.3,27.33,Apparel,In-store,Not Returned,Medium,2180.8,VIP
692633,Notebook,46,2023-04-08 08:00,62.71,0.11,27.63,Apparel,Online,Not Returned,Low,2884.66,VIP
492353,Backpack,38,2023-04-09 11:00,95.47,0.31,15.58,Apparel,Online,Not Returned,High,3627.86,VIP
341569,Wireless Mouse,42,2023-04-09 13:00,30.5,0.45,18.45,Apparel,In-store,Not Returned,Low,1281.0,VIP
445258,Wall Clock,40,2023-04-09 17:00,96.02,0.29,17.23,Apparel,Online,Not Returned,Medium,3840.8,VIP
348482,Notebook,19,2023-04-10 13:00,94.77,0.3,12.66,Apparel,Online,Not Returned,Medium,1800.63,VIP
744615,Blue Pen,37,2023-04-10 14:00,38.1,0.01,8.72,Apparel,In-store,Not Returned,Medium,1409.7,VIP
834042,Headphones,20,2023-04-10 15:00,60.27,0.26,29.79,Apparel,In-store,Not Returned,Low,1205.4,VIP
838322,Office Chair,48,2023-04-11 08:00,31.08,0.17,21.71,Apparel,Online,Not Returned,Medium,1491.84,VIP
527625,Notebook,28,2023-04-11 10:00,42.77,0.01,22.29,Apparel,In-store,Returned,High,1197.5600000000002,VIP
811069,White Mug,48,2023-04-11 22:00,72.39,0.5,17.59,Apparel,Online,Not Returned,High,3474.7200000000003,VIP
992499,Wireless Mouse,34,2023-04-13 05:00,51.3,0.08,16.1,Apparel,Online,Not Returned,Medium,1744.1999999999998,VIP
335253,Office Chair,47,2023-04-13 10:00,49.99,0.07,15.97,Apparel,Online,Not Returned,Low,2349.53,VIP
618650,Wall Clock,37,2023-04-14 16:00,31.19,0.15,15.63,Apparel,In-store,Not Returned,Medium,1154.03,VIP
328394,Backpack,48,2023-04-14 17:00,23.41,0.45,11.98,Apparel,Online,Not Returned,High,1123.68,VIP
676446,Backpack,45,2023-04-15 02:00,55.41,0.24,21.38,Apparel,In-store,Not Returned,Medium,2493.45,VIP
592269,Headphones,35,2023-04-15 07:00,83.91,0.4,22.39,Apparel,Online,Not Returned,High,2936.85,VIP
748789,Office Chair,29,2023-04-15 10:00,63.7,0.28,15.25,Apparel,In-store,Not Returned,Low,1847.3,VIP
986449,Wireless Mouse,29,2023-04-15 17:00,71.39,0.47,5.76,Apparel,In-store,Not Returned,Low,2070.31,VIP
180865,White Mug,42,2023-04-15 23:00,33.71,0.4,13.22,Apparel,In-store,Not Returned,High,1415.82,VIP
281393,Desk Lamp,18,2023-04-16 23:00,73.35,0.16,25.02,Apparel,In-store,Not Returned,High,1320.3,VIP
574547,Office Chair,48,2023-04-17 13:00,75.27,0.24,16.08,Apparel,Online,Not Returned,High,3612.96,VIP
815577,White Mug,44,2023-04-17 17:00,65.1,0.23,11.34,Apparel,In-store,Returned,Medium,2864.4,VIP
797371,Desk Lamp,34,2023-04-18 02:00,47.52,0.01,14.87,Apparel,Online,Not Returned,Medium,1615.68,VIP
260059,Notebook,38,2023-04-18 12:00,92.69,0.34,9.25,Apparel,Online,Not Returned,Medium,3522.22,VIP
283688,Desk Lamp,37,2023-04-18 13:00,76.05,0.0,17.98,Apparel,Online,Not Returned,High,2813.85,VIP
554299,Backpack,35,2023-04-18 15:00,34.19,0.47,8.31,Apparel,In-store,Not Returned,Medium,1196.65,VIP
637145,Wireless Mouse,20,2023-04-19 01:00,88.98,0.33,24.95,Apparel,Online,Not Returned,Low,1779.6,VIP
302132,USB Cable,35,2023-04-20 02:00,94.99,0.02,5.05,Apparel,Online,Returned,High,3324.65,VIP
623259,Desk Lamp,31,2023-04-21 03:00,90.52,0.28,7.48,Apparel,In-store,Not Returned,Medium,2806.12,VIP
476968,Wall Clock,25,2023-04-21 04:00,56.94,0.49,14.79,Apparel,Online,Not Returned,Low,1423.5,VIP
486242,Notebook,44,2023-04-21 06:00,48.41,0.29,20.48,Apparel,Online,Not Returned,Low,2130.04,VIP
333886,Wireless Mouse,41,2023-04-22 14:00,58.06,0.16,6.17,Apparel,In-store,Not Returned,Medium,2380.46,VIP
982230,Wall Clock,43,2023-04-23 04:00,75.77,0.03,29.43,Apparel,Online,Not Returned,High,3258.11,VIP
886260,USB Cable,-36,2023-04-23 06:00,-63.36,0.13,,Apparel,In-store,Not Returned,Medium,2280.96,VIP
845662,T-shirt,17,2023-04-24 02:00,87.86,0.44,28.89,Apparel,Online,Not Returned,Low,1493.62,VIP
911147,Desk Lamp,24,2023-04-24 03:00,81.37,0.19,13.21,Apparel,In-store,Returned,High,1952.88,VIP
817414,Wireless Mouse,28,2023-04-24 04:00,48.55,0.48,14.2,Apparel,Online,Returned,Low,1359.4,VIP
652275,Notebook,31,2023-04-24 07:00,99.59,0.44,7.9,Apparel,Online,Not Returned,Low,3087.29,VIP
266812,T-shirt,21,2023-04-24 08:00,63.83,0.46,15.73,Apparel,Online,Not Returned,High,1340.43,VIP
330721,T-shirt,25,2023-04-24 15:00,53.77,0.49,9.5,Apparel,Online,Not Returned,High,1344.25,VIP
140409,Office Chair,43,2023-04-24 18:00,31.55,0.13,20.59,Apparel,Online,Not Returned,Low,1356.65,VIP
444417,White Mug,28,2023-04-25 09:00,72.6,0.07,16.05,Apparel,In-store,Not Returned,High,2032.8,VIP
757428,Backpack,48,2023-04-26 04:00,22.08,0.45,15.05,Apparel,Online,Not Returned,High,1059.84,VIP
373827,Office Chair,36,2023-04-26 09:00,77.09,0.13,6.9,Apparel,Online,Not Returned,High,2775.24,VIP
107882,Headphones,44,2023-04-27 04:00,99.08,0.15,28.24,Apparel,Online,Not Returned,Medium,4359.52,VIP
900342,Blue Pen,35,2023-04-27 06:00,33.69,0.03,23.03,Apparel,Online,Not Returned,High,1179.15,VIP
943214,Desk Lamp,37,2023-04-29 08:00,93.87,0.36,27.94,Apparel,In-store,Not Returned,High,3473.19,VIP
961164,Headphones,44,2023-04-30 01:00,99.86,0.32,16.72,Apparel,In-store,Not Returned,Low,4393.84,VIP
143884,Wall Clock,29,2023-04-30 18:00,87.12,0.12,11.93,Apparel,In-store,Not Returned,Low,2526.48,VIP
179606,Wireless Mouse,28,2023-05-01 01:00,68.97,0.41,13.61,Apparel,In-store,Not Returned,Medium,1931.16,VIP
256857,USB Cable,43,2023-05-01 11:00,51.29,0.33,24.97,Apparel,In-store,Not Returned,Medium,2205.47,VIP
196847,Notebook,26,2023-05-01 14:00,67.63,0.46,24.11,Apparel,Online,Not Returned,High,1758.38,VIP
709766,Blue Pen,23,2023-05-02 05:00,47.95,0.18,10.55,Apparel,Online,Not Returned,High,1102.85,VIP
134787,Backpack,40,2023-05-03 04:00,75.45,0.47,13.07,Apparel,In-store,Not Returned,Medium,3018.0,VIP
197464,Headphones,47,2023-05-03 12:00,72.03,0.12,25.63,Apparel,In-store,Not Returned,High,3385.41,VIP
892415,Headphones,27,2023-05-04 08:00,95.62,0.1,10.69,Apparel,Online,Not Returned,Medium,2581.74,VIP
758272,Blue Pen,40,2023-05-04 12:00,87.4,0.34,20.27,Apparel,Online,Not Returned,High,3496.0,VIP
946133,White Mug,11,2023-05-05 05:00,98.91,0.18,13.99,Apparel,Online,Not Returned,Medium,1088.01,VIP
212046,Headphones,47,2023-05-05 16:00,49.73,0.02,17.19,Apparel,In-store,Not Returned,Low,2337.31,VIP
374115,Headphones,21,2023-05-05 18:00,84.79,0.08,13.69,Apparel,In-store,Not Returned,High,1780.59,VIP
176023,Blue Pen,30,2023-05-06 01:00,41.79,0.39,21.09,Apparel,Online,Not Returned,Medium,1253.7,VIP
663229,White Mug,44,2023-05-06 04:00,51.63,0.0,19.71,Apparel,In-store,Not Returned,Low,2271.7200000000003,VIP
266460,Office Chair,18,2023-05-06 19:00,60.19,0.37,19.21,Apparel,Online,Not Returned,Low,1083.42,VIP
975055,USB Cable,21,2023-05-07 02:00,75.4,0.45,22.12,Apparel,In-store,Not Returned,High,1583.4,VIP
191123,T-shirt,26,2023-05-07 13:00,58.26,0.13,5.94,Apparel,In-store,Not Returned,High,1514.76,VIP
729309,Wireless Mouse,44,2023-05-07 18:00,34.07,0.03,12.7,Apparel,Online,Not Returned,Medium,1499.08,VIP
872092,Desk Lamp,16,2023-05-07 21:00,75.48,0.12,14.84,Apparel,In-store,Not Returned,Medium,1207.68,VIP
920188,Wireless Mouse,30,2023-05-08 03:00,54.17,0.39,14.7,Apparel,In-store,Not Returned,Low,1625.1,VIP
106088,Headphones,38,2023-05-08 10:00,89.24,0.33,15.04,Apparel,In-store,Not Returned,Medium,3391.12,VIP
271792,Backpack,23,2023-05-09 08:00,90.18,0.43,27.68,Apparel,Online,Not Returned,Low,2074.1400000000003,VIP
614513,Blue Pen,38,2023-05-09 10:00,49.47,0.42,22.79,Apparel,Online,Not Returned,Low,1879.86,VIP
438781,T-shirt,44,2023-05-10 08:00,69.67,0.19,8.23,Apparel,Online,Not Returned,Low,3065.48,VIP
561118,Office Chair,13,2023-05-12 01:00,86.61,0.03,18.74,Apparel,In-store,Not Returned,High,1125.93,VIP
817844,Headphones,30,2023-05-12 16:00,59.53,0.29,10.88,Apparel,In-store,Not Returned,High,1785.9,VIP
745141,Office Chair,38,2023-05-13 12:00,85.26,0.39,26.59,Apparel,In-store,Not Returned,Medium,3239.88,VIP
366842,White Mug,44,2023-05-13 20:00,38.94,0.39,25.74,Apparel,Online,Not Returned,Low,1713.36,VIP
944516,Wall Clock,46,2023-05-14 05:00,39.33,0.44,19.49,Apparel,In-store,Not Returned,Low,1809.18,VIP
511037,Desk Lamp,45,2023-05-14 10:00,59.42,0.5,14.73,Apparel,Online,Not Returned,High,2673.9,VIP
753638,Blue Pen,38,2023-05-14 21:00,99.52,0.18,19.93,Apparel,In-store,Not Returned,Low,3781.76,VIP
577536,Headphones,42,2023-05-14 23:00,60.53,0.35,20.92,Apparel,Online,Not Returned,High,2542.26,VIP
109201,USB Cable,42,2023-05-15 10:00,98.26,0.17,23.17,Apparel,Online,Returned,High,4126.92,VIP
745253,Blue Pen,17,2023-05-15 21:00,92.58,0.2,22.4,Apparel,In-store,Not Returned,Medium,1573.86,VIP
251714,White Mug,33,2023-05-15 23:00,88.39,0.1,21.4,Apparel,In-store,Not Returned,Low,2916.87,VIP
939537,Backpack,19,2023-05-17 00:00,93.07,0.08,5.35,Apparel,In-store,Not Returned,Low,1768.33,VIP
693867,Wireless Mouse,26,2023-05-17 07:00,94.53,0.47,26.84,Apparel,Online,Not Returned,High,2457.78,VIP
749344,Wall Clock,27,2023-05-17 11:00,75.65,0.27,19.23,Apparel,Online,Not Returned,High,2042.55,VIP
255812,USB Cable,40,2023-05-17 13:00,56.37,0.29,28.51,Apparel,Online,Not Returned,High,2254.8,VIP
125261,Wall Clock,17,2023-05-17 20:00,62.6,0.34,8.02,Apparel,Online,Not Returned,Medium,1064.2,VIP
915462,Desk Lamp,39,2023-05-18 19:00,80.83,0.05,13.55,Apparel,Online,Not Returned,High,3152.37,VIP
637639,Office Chair,18,2023-05-19 04:00,65.96,0.1,22.78,Apparel,In-store,Not Returned,High,1187.28,VIP
129738,T-shirt,15,2023-05-19 16:00,74.1,0.18,22.73,Apparel,Online,Not Returned,Low,1111.5,VIP
624381,Desk Lamp,36,2023-05-20 07:00,45.7,0.24,22.23,Apparel,In-store,Returned,High,1645.2,VIP
128370,Notebook,48,2023-05-20 08:00,74.39,0.37,25.5,Apparel,In-store,Returned,High,3570.7200000000003,VIP
388351,Wireless Mouse,27,2023-05-21 05:00,62.31,0.06,13.67,Apparel,Online,Not Returned,Low,1682.37,VIP
860817,USB Cable,45,2023-05-21 07:00,50.32,0.11,23.37,Apparel,Online,Not Returned,High,2264.4,VIP
357091,Blue Pen,41,2023-05-21 12:00,37.49,0.28,21.32,Apparel,In-store,Not Returned,Low,1537.09,VIP
165896,T-shirt,26,2023-05-22 20:00,49.48,0.42,6.77,Apparel,Online,Not Returned,High,1286.48,VIP
593597,White Mug,26,2023-05-23 01:00,47.02,0.46,12.36,Apparel,Online,Not Returned,High,1222.52,VIP
912597,White Mug,48,2023-05-23 06:00,92.5,0.28,23.44,Apparel,Online,Not Returned,High,4440.0,VIP
281613,Blue Pen,18,2023-05-23 07:00,56.61,0.04,19.8,Apparel,In-store,Not Returned,Low,1018.98,VIP
648634,Desk Lamp,40,2023-05-23 08:00,42.95,0.48,17.69,Apparel,Online,Not Returned,Low,1718.0,VIP
472659,Notebook,15,2023-05-23 23:00,95.31,0.16,13.4,Apparel,In-store,Not Returned,Medium,1429.65,VIP
160843,Office Chair,32,2023-05-24 14:00,73.92,0.13,14.7,Apparel,Online,Returned,Medium,2365.44,VIP
442313,White Mug,44,2023-05-24 16:00,25.16,0.21,27.23,Apparel,In-store,Not Returned,High,1107.04,VIP
981196,USB Cable,17,2023-05-24 17:00,58.83,0.28,20.57,Apparel,In-store,Not Returned,Medium,1000.11,VIP
328907,Office Chair,18,2023-05-25 05:00,78.39,0.1,5.13,Apparel,Online,Not Returned,High,1411.02,VIP
782177,Wireless Mouse,48,2023-05-25 08:00,38.21,0.37,10.59,Apparel,Online,Returned,Low,1834.08,VIP
634843,Backpack,23,2023-05-25 09:00,44.44,0.35,22.69,Apparel,In-store,Returned,Low,1022.12,VIP
204122,Backpack,17,2023-05-25 21:00,65.84,0.19,21.16,Apparel,Online,Not Returned,High,1119.28,VIP
969463,USB Cable,23,2023-05-26 08:00,73.89,0.45,9.93,Apparel,Online,Not Returned,Low,1699.47,VIP
748691,Headphones,38,2023-05-26 11:00,43.57,0.1,27.67,Apparel,In-store,Not Returned,High,1655.66,VIP
245942,Notebook,33,2023-05-26 12:00,73.58,0.11,24.32,Apparel,In-store,Not Returned,High,2428.14,VIP
338976,T-shirt,30,2023-05-26 22:00,79.15,0.3,17.01,Apparel,Online,Not Returned,Medium,2374.5,VIP
447437,Notebook,19,2023-05-27 02:00,83.52,0.31,14.46,Apparel,Online,Not Returned,Low,1586.88,VIP
385282,Backpack,46,2023-05-27 04:00,29.75,0.08,25.24,Apparel,In-store,Not Returned,Medium,1368.5,VIP
260045,Office Chair,39,2023-05-27 19:00,61.14,0.47,25.36,Apparel,In-store,Not Returned,High,2384.46,VIP
216351,T-shirt,27,2023-05-28 08:00,80.95,0.12,21.14,Apparel,Online,Not Returned,Medium,2185.65,VIP
839617,Wall Clock,38,2023-05-29 06:00,33.04,0.16,7.59,Apparel,Online,Returned,Medium,1255.52,VIP
279508,USB Cable,27,2023-05-29 19:00,85.58,0.41,19.78,Apparel,Online,Not Returned,High,2310.66,VIP
369275,Headphones,39,2023-05-30 01:00,68.22,0.22,5.68,Apparel,Online,Not Returned,Low,2660.58,VIP
852304,Blue Pen,44,2023-05-30 16:00,25.37,0.13,5.92,Apparel,Online,Not Returned,High,1116.28,VIP
306802,Wall Clock,41,2023-05-30 17:00,72.55,0.47,19.48,Apparel,In-store,Not Returned,Low,2974.55,VIP
955169,Wireless Mouse,39,2023-05-31 05:00,46.08,0.03,27.45,Apparel,In-store,Not Returned,Low,1797.12,VIP
896759,T-shirt,22,2023-05-31 09:00,48.37,0.41,26.61,Apparel,Online,Not Returned,Low,1064.14,VIP
974966,Headphones,25,2023-05-31 13:00,55.5,0.29,25.76,Apparel,In-store,Not Returned,Medium,1387.5,VIP
380151,Notebook,14,2023-05-31 17:00,71.5,0.09,8.26,Apparel,Online,Not Returned,Low,1001.0,VIP
836619,White Mug,43,2023-06-01 05:00,32.38,0.3,13.7,Apparel,Online,Not Returned,Medium,1392.34,VIP
612813,White Mug,48,2023-06-01 20:00,69.99,0.44,14.89,Apparel,In-store,Not Returned,Medium,3359.5199999999995,VIP
526208,Desk Lamp,18,2023-06-02 05:00,88.28,0.04,7.77,Apparel,Online,Not Returned,High,1589.04,VIP
946610,Blue Pen,38,2023-06-02 15:00,65.8,0.45,8.53,Apparel,Online,Returned,Medium,2500.4,VIP
408151,Desk Lamp,29,2023-06-03 07:00,84.73,0.05,21.88,Apparel,In-store,Not Returned,High,2457.17,VIP
715720,Desk Lamp,47,2023-06-03 13:00,75.26,0.0,22.55,Apparel,In-store,Not Returned,High,3537.2200000000003,VIP
965020,USB Cable,28,2023-06-04 18:00,71.06,0.14,20.01,Apparel,In-store,Not Returned,High,1989.68,VIP
599668,Blue Pen,45,2023-06-05 03:00,71.75,0.12,5.04,Apparel,In-store,Not Returned,Low,3228.75,VIP
997774,Wireless Mouse,31,2023-06-05 05:00,71.93,0.03,7.47,Apparel,Online,Not Returned,Low,2229.8300000000004,VIP
154716,Backpack,16,2023-06-05 10:00,98.65,0.01,13.87,Apparel,In-store,Not Returned,Low,1578.4,VIP
233943,T-shirt,14,2023-06-05 11:00,76.23,0.1,13.38,Apparel,In-store,Not Returned,High,1067.22,VIP
468052,Backpack,25,2023-06-05 23:00,83.17,0.24,8.4,Apparel,In-store,Not Returned,High,2079.25,VIP
992467,Wall Clock,27,2023-06-06 01:00,89.18,0.48,27.23,Apparel,In-store,Not Returned,Low,2407.86,VIP
544764,Wall Clock,18,2023-06-06 02:00,71.15,0.29,14.57,Apparel,Online,Not Returned,Medium,1280.7,VIP
290862,Wall Clock,49,2023-06-06 07:00,46.17,0.16,15.13,Apparel,Online,Not Returned,Low,2262.33,VIP
111809,USB Cable,17,2023-06-06 09:00,96.8,0.49,8.05,Apparel,In-store,Not Returned,High,1645.6,VIP
806817,Backpack,47,2023-06-06 14:00,66.94,0.2,28.93,Apparel,In-store,Not Returned,High,3146.18,VIP
737462,Backpack,13,2023-06-07 11:00,77.82,0.41,22.81,Apparel,In-store,Not Returned,Medium,1011.66,VIP
312637,Wireless Mouse,25,2023-06-07 14:00,93.61,0.31,27.68,Apparel,Online,Not Returned,Low,2340.25,VIP
582977,Wall Clock,45,2023-06-08 10:00,35.51,0.08,23.12,Apparel,Online,Not Returned,High,1597.9499999999998,VIP
881527,T-shirt,38,2023-06-08 12:00,75.52,0.0,11.18,Apparel,Online,Not Returned,High,2869.76,VIP
474924,USB Cable,19,2023-06-09 01:00,65.6,0.07,16.41,Apparel,In-store,Not Returned,Medium,1246.4,VIP
545729,Wall Clock,31,2023-06-09 11:00,33.23,0.22,9.4,Apparel,Online,Not Returned,High,1030.13,VIP
417278,Office Chair,45,2023-06-09 22:00,30.17,0.1,20.89,Apparel,Online,Not Returned,Medium,1357.65,VIP
282636,Headphones,20,2023-06-10 22:00,83.32,0.2,18.61,Apparel,In-store,Not Returned,High,1666.4,VIP
424377,White Mug,46,2023-06-11 05:00,84.61,0.41,5.26,Apparel,Online,Not Returned,Low,3892.06,VIP
227558,Notebook,49,2023-06-11 15:00,69.46,0.03,23.63,Apparel,In-store,Not Returned,Low,3403.5399999999995,VIP
440399,Office Chair,40,2023-06-11 16:00,58.6,0.48,28.87,Apparel,In-store,Not Returned,Low,2344.0,VIP
221921,Notebook,-33,2023-06-11 19:00,-81.13,0.03,,Apparel,In-store,Not Returned,Medium,2677.29,VIP
774290,Wall Clock,40,2023-06-12 09:00,82.63,0.12,7.18,Apparel,Online,Not Returned,High,3305.2,VIP
901379,Wireless Mouse,34,2023-06-12 19:00,80.62,0.4,26.85,Apparel,In-store,Not Returned,Medium,2741.08,VIP
910961,USB Cable,26,2023-06-13 17:00,73.26,0.32,5.18,Apparel,In-store,Not Returned,High,1904.76,VIP
904652,Office Chair,41,2023-06-13 23:00,92.59,0.19,21.53,Apparel,In-store,Not Returned,High,3796.19,VIP
846256,Blue Pen,25,2023-06-14 08:00,74.72,0.34,29.94,Apparel,In-store,Not Returned,High,1868.0,VIP
687344,USB Cable,47,2023-06-15 03:00,51.47,0.11,27.37,Apparel,Online,Not Returned,High,2419.09,VIP
154104,Office Chair,22,2023-06-15 22:00,73.25,0.35,16.72,Apparel,In-store,Not Returned,Medium,1611.5,VIP
784440,T-shirt,-17,2023-06-16 19:00,-92.51,1.7775241262455497,,Apparel,In-store,Not Returned,Medium,1572.67,VIP
319973,White Mug,44,2023-06-17 03:00,69.62,0.15,29.92,Apparel,Online,Returned,High,3063.28,VIP
935551,Headphones,33,2023-06-17 05:00,82.03,0.14,19.62,Apparel,In-store,Not Returned,Low,2706.99,VIP
116820,Wireless Mouse,42,2023-06-17 08:00,55.57,0.35,21.54,Apparel,In-store,Not Returned,High,2333.94,VIP
700790,Wireless Mouse,48,2023-06-17 09:00,73.65,0.11,16.76,Apparel,In-store,Not Returned,High,3535.2000000000003,VIP
114866,Blue Pen,44,2023-06-17 18:00,49.22,0.18,8.1,Apparel,Online,Not Returned,Medium,2165.68,VIP
299841,Notebook,48,2023-06-18 02:00,57.19,0.19,9.77,Apparel,In-store,Not Returned,Medium,2745.12,VIP
622881,T-shirt,39,2023-06-18 03:00,78.21,0.08,26.65,Apparel,In-store,Not Returned,Medium,3050.19,VIP
279037,Desk Lamp,36,2023-06-18 11:00,68.0,0.25,6.22,Apparel,In-store,Not Returned,Low,2448.0,VIP
211302,USB Cable,34,2023-06-18 14:00,91.12,0.45,6.4,Apparel,Online,Not Returned,Low,3098.08,VIP
186891,Blue Pen,28,2023-06-19 01:00,65.78,0.14,23.21,Apparel,Online,Not Returned,High,1841.84,VIP
830264,Blue Pen,38,2023-06-20 00:00,27.14,0.34,20.98,Apparel,Online,Not Returned,Low,1031.32,VIP
108689,Backpack,45,2023-06-20 19:00,71.53,0.4,8.84,Apparel,Online,Returned,Low,3218.85,VIP
687465,Notebook,26,2023-06-21 11:00,75.54,0.02,27.68,Apparel,In-store,Not Returned,High,1964.04,VIP
190868,Desk Lamp,22,2023-06-22 06:00,46.96,0.11,15.93,Apparel,In-store,Not Returned,Medium,1033.12,VIP
640993,USB Cable,30,2023-06-23 07:00,48.64,0.14,15.46,Apparel,Online,Not Returned,Medium,1459.2,VIP
994839,T-shirt,19,2023-06-23 21:00,94.74,0.38,16.55,Apparel,Online,Not Returned,Medium,1800.06,VIP
544451,USB Cable,21,2023-06-24 16:00,90.93,0.29,10.59,Apparel,In-store,Not Returned,High,1909.53,VIP
693791,USB Cable,46,2023-06-24 18:00,85.44,0.28,14.4,Apparel,Online,Not Returned,Medium,3930.24,VIP
703035,Desk Lamp,30,2023-06-24 21:00,76.52,0.24,6.48,Apparel,Online,Returned,High,2295.6,VIP
679565,Headphones,27,2023-06-25 01:00,40.06,0.49,6.63,Apparel,Online,Not Returned,High,1081.62,VIP
938093,USB Cable,36,2023-06-25 18:00,75.36,0.36,19.21,Apparel,In-store,Not Returned,Low,2712.96,VIP
478870,USB Cable,23,2023-06-25 21:00,75.72,0.44,6.65,Apparel,In-store,Not Returned,High,1741.56,VIP
991751,Backpack,36,2023-06-26 17:00,41.1,0.15,13.8,Apparel,In-store,Returned,Medium,1479.6,VIP
206086,USB Cable,36,2023-06-26 21:00,86.02,0.42,17.7,Apparel,In-store,Not Returned,Medium,3096.72,VIP
237559,Backpack,38,2023-06-27 11:00,28.73,0.4,5.41,Apparel,Online,Returned,High,1091.74,VIP
964420,T-shirt,22,2023-06-27 15:00,56.51,0.03,10.69,Apparel,In-store,Not Returned,Low,1243.22,VIP
537983,Backpack,45,2023-06-27 17:00,41.04,0.17,23.55,Apparel,In-store,Not Returned,Medium,1846.8,VIP
528737,White Mug,29,2023-06-29 08:00,52.02,0.34,14.4,Apparel,In-store,Not Returned,High,1508.5800000000002,VIP
406677,T-shirt,40,2023-06-29 16:00,53.82,0.2,9.63,Apparel,In-store,Not Returned,Low,2152.8,VIP
523691,Wireless Mouse,22,2023-06-29 17:00,47.16,0.32,26.45,Apparel,Online,Not Returned,Medium,1037.52,VIP
716196,Notebook,43,2023-06-29 23:00,58.12,0.45,10.16,Apparel,In-store,Not Returned,High,2499.16,VIP
284588,Notebook,20,2023-06-30 14:00,65.1,0.06,23.44,Apparel,Online,Not Returned,Medium,1302.0,VIP
753408,USB Cable,24,2023-06-30 22:00,76.96,0.35,16.31,Apparel,Online,Not Returned,High,1847.04,VIP
506923,Backpack,20,2023-07-01 04:00,92.06,0.17,7.64,Apparel,In-store,Not Returned,Low,1841.2,VIP
571399,Desk Lamp,49,2023-07-01 06:00,21.35,0.22,6.7,Apparel,In-store,Not Returned,Medium,1046.15,VIP
590486,Headphones,-35,2023-07-01 07:00,-70.06,1.8544570263018407,,Apparel,Online,Returned,Low,2452.1,VIP
244051,Notebook,40,2023-07-03 14:00,57.29,0.41,15.17,Apparel,Online,Not Returned,Medium,2291.6,VIP
331673,Notebook,34,2023-07-04 23:00,65.03,0.1,8.49,Apparel,In-store,Not Returned,Medium,2211.02,VIP
538687,Wall Clock,34,2023-07-05 03:00,51.06,0.2,25.0,Apparel,Online,Not Returned,Low,1736.04,VIP
895962,T-shirt,22,2023-07-05 10:00,82.9,0.17,21.55,Apparel,Online,Not Returned,Medium,1823.8,VIP
649079,Desk Lamp,41,2023-07-05 11:00,47.3,0.05,28.83,Apparel,In-store,Not Returned,Low,1939.3,VIP
821813,White Mug,45,2023-07-05 18:00,25.91,0.45,17.02,Apparel,Online,Not Returned,High,1165.95,VIP
353107,Wireless Mouse,40,2023-07-05 21:00,38.42,0.29,9.37,Apparel,Online,Not Returned,High,1536.8000000000002,VIP
662505,Desk Lamp,19,2023-07-05 23:00,89.72,0.13,10.68,Apparel,In-store,Not Returned,High,1704.68,VIP
660477,Headphones,40,2023-07-06 04:00,51.05,0.41,28.86,Apparel,Online,Not Returned,Low,2042.0,VIP
218903,USB Cable,21,2023-07-06 05:00,99.39,0.06,27.49,Apparel,Online,Not Returned,Medium,2087.19,VIP
981811,Desk Lamp,36,2023-07-07 01:00,74.03,0.33,20.79,Apparel,In-store,Not Returned,Low,2665.08,VIP
212695,Blue Pen,39,2023-07-07 10:00,26.82,0.04,29.97,Apparel,Online,Not Returned,High,1045.98,VIP
265992,White Mug,20,2023-07-07 12:00,89.04,0.05,28.29,Apparel,Online,Not Returned,Medium,1780.8000000000002,VIP
959856,Backpack,46,2023-07-07 14:00,67.64,0.43,12.23,Apparel,In-store,Not Returned,Low,3111.44,VIP
470544,Notebook,27,2023-07-07 16:00,63.88,0.28,19.7,Apparel,In-store,Not Returned,Medium,1724.76,VIP
150974,USB Cable,36,2023-07-07 20:00,49.76,0.09,25.25,Apparel,In-store,Not Returned,Medium,1791.36,VIP
459510,White Mug,25,2023-07-07 23:00,89.6,0.06,24.94,Apparel,In-store,Not Returned,High,2240.0,VIP
825783,Desk Lamp,32,2023-07-08 16:00,68.47,0.06,27.74,Apparel,In-store,Not Returned,Medium,2191.04,VIP
775053,Wireless Mouse,34,2023-07-09 09:00,92.32,0.08,26.64,Apparel,Online,Not Returned,Medium,3138.88,VIP
705275,White Mug,21,2023-07-11 02:00,80.32,0.47,22.22,Apparel,In-store,Not Returned,Low,1686.7199999999998,VIP
975495,Backpack,22,2023-07-11 17:00,97.47,0.26,10.46,Apparel,Online,Not Returned,High,2144.34,VIP
551104,Desk Lamp,42,2023-07-13 15:00,57.23,0.46,22.09,Apparel,Online,Not Returned,Medium,2403.66,VIP
108583,Blue Pen,35,2023-07-13 16:00,99.23,0.31,19.86,Apparel,Online,Not Returned,Low,3473.05,VIP
471562,Headphones,33,2023-07-15 16:00,99.22,0.4,23.8,Apparel,In-store,Not Returned,Medium,3274.26,VIP
738471,Headphones,30,2023-07-17 10:00,38.87,0.37,16.18,Apparel,In-store,Not Returned,Medium,1166.1,VIP
121747,Wireless Mouse,38,2023-07-18 05:00,79.59,0.13,17.36,Apparel,In-store,Not Returned,High,3024.42,VIP
888304,Headphones,36,2023-07-18 20:00,47.11,0.4,9.44,Apparel,Online,Not Returned,Low,1695.96,VIP
582316,White Mug,12,2023-07-19 10:00,92.2,0.12,19.1,Apparel,In-store,Not Returned,Low,1106.4,VIP
861632,White Mug,18,2023-07-20 00:00,58.94,0.3,6.71,Apparel,In-store,Not Returned,Medium,1060.92,VIP
913435,Office Chair,40,2023-07-20 19:00,29.08,0.39,9.76,Apparel,Online,Returned,Medium,1163.1999999999998,VIP
130653,USB Cable,34,2023-07-21 06:00,86.4,0.33,21.55,Apparel,Online,Not Returned,Low,2937.6000000000004,VIP
140721,Backpack,30,2023-07-22 01:00,51.61,0.25,12.86,Apparel,In-store,Not Returned,Medium,1548.3,VIP
415414,Office Chair,47,2023-07-22 04:00,55.36,0.05,6.68,Apparel,In-store,Not Returned,Low,2601.92,VIP
913383,Blue Pen,37,2023-07-22 21:00,82.07,0.3,25.62,Apparel,Online,Not Returned,Low,3036.59,VIP
603015,Wireless Mouse,41,2023-07-23 02:00,33.82,0.11,11.29,Apparel,Online,Not Returned,Medium,1386.62,VIP
685175,USB Cable,27,2023-07-24 00:00,38.09,0.03,12.94,Apparel,Online,Not Returned,Low,1028.43,VIP
613604,Office Chair,37,2023-07-24 02:00,33.41,0.03,11.65,Apparel,Online,Not Returned,Low,1236.1699999999998,VIP
316988,Office Chair,30,2023-07-24 19:00,91.72,0.33,22.54,Apparel,Online,Not Returned,High,2751.6,VIP
236365,White Mug,43,2023-07-25 20:00,74.66,0.26,24.89,Apparel,In-store,Not Returned,Low,3210.38,VIP
703135,T-shirt,46,2023-07-26 03:00,53.49,0.41,6.95,Apparel,Online,Not Returned,Low,2460.54,VIP
742836,T-shirt,-28,2023-07-26 09:00,-83.99,1.1416101547964024,,Apparel,In-store,Not Returned,Low,2351.72,VIP
171296,Headphones,-34,2023-07-26 10:00,-91.85,1.6268396394416813,,Apparel,In-store,Not Returned,Low,3122.9,VIP
506410,Wall Clock,15,2023-07-27 00:00,77.09,0.13,12.96,Apparel,Online,Not Returned,Low,1156.35,VIP
286963,Notebook,30,2023-07-28 02:00,66.89,0.32,16.97,Apparel,In-store,Not Returned,Medium,2006.7,VIP
628104,Blue Pen,31,2023-07-28 12:00,83.69,0.33,7.64,Apparel,In-store,Not Returned,Medium,2594.39,VIP
984594,Office Chair,20,2023-07-28 13:00,66.07,0.23,17.35,Apparel,In-store,Not Returned,Low,1321.4,VIP
409982,Office Chair,18,2023-07-28 14:00,85.73,0.27,16.83,Apparel,In-store,Not Returned,Low,1543.14,VIP
352536,Backpack,17,2023-07-28 15:00,86.21,0.12,8.25,Apparel,In-store,Not Returned,High,1465.57,VIP
743312,Wireless Mouse,40,2023-07-28 22:00,94.76,0.01,10.73,Apparel,In-store,Not Returned,Medium,3790.4,VIP
441355,Backpack,26,2023-07-29 03:00,44.07,0.07,21.85,Apparel,Online,Not Returned,Medium,1145.82,VIP
397992,Wireless Mouse,36,2023-07-31 01:00,83.89,0.34,22.31,Apparel,In-store,Not Returned,High,3020.04,VIP
977727,Blue Pen,18,2023-07-31 14:00,88.73,0.26,13.52,Apparel,Online,Not Returned,Low,1597.14,VIP
517625,Wall Clock,24,2023-07-31 17:00,61.9,0.12,21.43,Apparel,In-store,Not Returned,Medium,1485.6,VIP
727800,Headphones,44,2023-07-31 21:00,83.97,0.48,23.53,Apparel,Online,Not Returned,Medium,3694.68,VIP
305377,Headphones,34,2023-08-01 09:00,81.8,0.05,17.78,Apparel,In-store,Not Returned,Low,2781.2,VIP
408479,Backpack,37,2023-08-02 21:00,67.11,0.04,14.82,Apparel,Online,Not Returned,Low,2483.07,VIP
439546,Blue Pen,25,2023-08-03 09:00,69.21,0.35,21.12,Apparel,In-store,Not Returned,Medium,1730.2499999999998,VIP
702634,Backpack,26,2023-08-04 10:00,43.2,0.44,10.91,Apparel,Online,Not Returned,Low,1123.2,VIP
115213,Desk Lamp,14,2023-08-05 03:00,74.26,0.03,18.93,Apparel,Online,Returned,Low,1039.64,VIP
778391,Wireless Mouse,37,2023-08-05 23:00,74.23,0.15,12.28,Apparel,In-store,Returned,High,2746.51,VIP
739105,Blue Pen,36,2023-08-06 06:00,70.9,0.03,27.77,Apparel,In-store,Not Returned,Medium,2552.4,VIP
219786,Office Chair,36,2023-08-06 17:00,63.45,0.17,16.27,Apparel,In-store,Not Returned,High,2284.2000000000003,VIP
233018,White Mug,27,2023-08-06 19:00,50.49,0.33,28.07,Apparel,In-store,Not Returned,High,1363.23,VIP
570370,Wall Clock,22,2023-08-07 05:00,80.1,0.49,20.04,Apparel,Online,Not Returned,Medium,1762.1999999999998,VIP
400826,Backpack,48,2023-08-07 07:00,38.36,0.19,25.62,Apparel,In-store,Not Returned,Medium,1841.28,VIP
141132,Wireless Mouse,49,2023-08-07 11:00,87.11,0.19,27.81,Apparel,In-store,Not Returned,Medium,4268.39,VIP
332460,Headphones,32,2023-08-07 20:00,83.61,0.4,20.08,Apparel,In-store,Not Returned,Medium,2675.52,VIP
290861,Office Chair,25,2023-08-08 11:00,52.17,0.07,25.83,Apparel,In-store,Not Returned,Low,1304.25,VIP
317687,USB Cable,28,2023-08-08 17:00,92.87,0.36,17.41,Apparel,In-store,Not Returned,High,2600.36,VIP
177774,T-shirt,28,2023-08-09 05:00,73.61,0.22,13.52,Apparel,Online,Returned,Low,2061.08,VIP
293717,Blue Pen,26,2023-08-09 12:00,44.24,0.01,11.38,Apparel,Online,Not Returned,Medium,1150.24,VIP
893449,Office Chair,43,2023-08-09 14:00,38.27,0.18,18.67,Apparel,In-store,Not Returned,Medium,1645.61,VIP
570929,USB Cable,35,2023-08-10 02:00,49.07,0.21,17.52,Apparel,In-store,Not Returned,Low,1717.45,VIP
564787,Backpack,35,2023-08-11 03:00,93.16,0.49,21.49,Apparel,In-store,Not Returned,Low,3260.6,VIP
583439,USB Cable,37,2023-08-11 11:00,86.98,0.35,7.99,Apparel,In-store,Not Returned,Medium,3218.26,VIP
201243,Notebook,43,2023-08-11 20:00,35.92,0.31,11.56,Apparel,Online,Not Returned,Low,1544.5600000000002,VIP
601989,Wireless Mouse,49,2023-08-12 03:00,61.57,0.21,27.83,Apparel,Online,Not Returned,High,3016.93,VIP
556046,White Mug,27,2023-08-12 12:00,82.69,0.22,5.46,Apparel,Online,Not Returned,Low,2232.63,VIP
924027,USB Cable,42,2023-08-12 20:00,44.08,0.15,14.13,Apparel,Online,Not Returned,Low,1851.36,VIP
228840,Headphones,43,2023-08-12 21:00,56.64,0.22,25.1,Apparel,In-store,Not Returned,Medium,2435.52,VIP
321519,Headphones,36,2023-08-13 08:00,54.69,0.1,20.3,Apparel,In-store,Not Returned,Medium,1968.84,VIP
671572,Desk Lamp,48,2023-08-14 05:00,24.5,0.18,27.11,Apparel,Online,Not Returned,Low,1176.0,VIP
453435,USB Cable,19,2023-08-14 20:00,87.55,0.26,14.68,Apparel,In-store,Not Returned,Low,1663.45,VIP
884583,Headphones,49,2023-08-14 23:00,70.76,0.23,13.47,Apparel,Online,Not Returned,High,3467.24,VIP
415308,Notebook,30,2023-08-16 23:00,84.39,0.26,20.36,Apparel,In-store,Not Returned,Low,2531.7,VIP
870833,Notebook,25,2023-08-17 07:00,93.83,0.17,7.92,Apparel,In-store,Not Returned,Medium,2345.75,VIP
671163,Desk Lamp,26,2023-08-17 19:00,67.19,0.0,24.93,Apparel,Online,Not Returned,Low,1746.94,VIP
206334,Office Chair,22,2023-08-17 22:00,71.7,0.41,18.64,Apparel,Online,Not Returned,High,1577.4,VIP
463971,Wall Clock,40,2023-08-18 04:00,66.47,0.43,25.66,Apparel,In-store,Not Returned,Low,2658.8,VIP
689324,Office Chair,40,2023-08-18 15:00,52.48,0.22,24.75,Apparel,In-store,Not Returned,Medium,2099.2,VIP
632195,T-shirt,36,2023-08-18 16:00,48.86,0.3,22.65,Apparel,In-store,Not Returned,Low,1758.96,VIP
360529,Headphones,38,2023-08-18 21:00,94.2,0.16,12.35,Apparel,Online,Not Returned,High,3579.6,VIP
468084,USB Cable,45,2023-08-19 22:00,26.34,0.06,18.09,Apparel,In-store,Not Returned,Low,1185.3,VIP
409545,Backpack,32,2023-08-20 05:00,33.63,0.2,18.12,Apparel,In-store,Not Returned,High,1076.16,VIP
847661,USB Cable,36,2023-08-20 17:00,70.86,0.23,23.44,Apparel,In-store,Not Returned,High,2550.96,VIP
768859,USB Cable,46,2023-08-21 03:00,89.41,0.13,19.12,Apparel,Online,Not Returned,Low,4112.86,VIP
643270,Notebook,24,2023-08-21 12:00,44.04,0.14,7.24,Apparel,In-store,Not Returned,Medium,1056.96,VIP
889135,Wireless Mouse,39,2023-08-22 07:00,44.32,0.27,24.41,Apparel,Online,Not Returned,Medium,1728.48,VIP
367867,Backpack,40,2023-08-23 08:00,63.99,0.44,19.55,Apparel,In-store,Not Returned,High,2559.6,VIP
780204,T-shirt,24,2023-08-23 15:00,56.57,0.49,16.6,Apparel,In-store,Not Returned,Medium,1357.68,VIP
613755,USB Cable,33,2023-08-24 08:00,83.65,0.14,24.15,Apparel,In-store,Not Returned,Medium,2760.4500000000003,VIP
450763,Desk Lamp,15,2023-08-24 22:00,83.32,0.41,7.9,Apparel,Online,Not Returned,Medium,1249.8,VIP
351585,Notebook,36,2023-08-25 04:00,80.83,0.19,7.88,Apparel,Online,Not Returned,Medium,2909.88,VIP
997774,USB Cable,29,2023-08-25 15:00,75.15,0.29,15.09,Apparel,Online,Returned,Medium,2179.3500000000004,VIP
402702,T-shirt,47,2023-08-25 21:00,82.15,0.15,6.53,Apparel,Online,Returned,Medium,3861.05,VIP
324511,Headphones,19,2023-08-26 01:00,61.59,0.07,6.77,Apparel,Online,Not Returned,High,1170.21,VIP
682061,Blue Pen,23,2023-08-27 11:00,70.71,0.21,13.75,Apparel,Online,Not Returned,High,1626.33,VIP
250636,Backpack,49,2023-08-27 14:00,42.4,0.3,19.64,Apparel,Online,Returned,Medium,2077.6,VIP
243932,White Mug,20,2023-08-28 07:00,84.02,0.21,26.07,Apparel,Online,Returned,Medium,1680.4,VIP
189694,Headphones,34,2023-08-28 13:00,62.68,0.14,17.6,Apparel,In-store,Returned,High,2131.12,VIP
655244,Headphones,37,2023-08-29 01:00,92.27,0.37,28.36,Apparel,Online,Not Returned,Medium,3413.99,VIP
490122,Wall Clock,47,2023-08-30 07:00,63.92,0.24,18.26,Apparel,In-store,Returned,High,3004.24,VIP
986322,Office Chair,31,2023-08-31 12:00,60.99,0.13,10.37,Apparel,In-store,Not Returned,Low,1890.69,VIP
863070,Backpack,38,2023-08-31 13:00,63.51,0.16,21.43,Apparel,In-store,Not Returned,Low,2413.38,VIP
914206,Office Chair,-35,2023-08-31 20:00,-77.39,1.8875765127315045,,Apparel,Online,Not Returned,High,2708.65,VIP
277195,Headphones,44,2023-08-31 23:00,32.43,0.49,6.0,Apparel,In-store,Not Returned,Medium,1426.92,VIP
797946,White Mug,33,2023-09-01 02:00,36.94,0.23,9.64,Apparel,Online,Not Returned,Medium,1219.02,VIP
133749,USB Cable,17,2023-09-01 09:00,62.78,0.35,7.71,Apparel,Online,Not Returned,Low,1067.26,VIP
316987,Backpack,15,2023-09-01 17:00,82.07,0.09,17.77,Apparel,In-store,Not Returned,Medium,1231.05,VIP
415063,Desk Lamp,44,2023-09-02 03:00,23.86,0.06,5.23,Apparel,Online,Not Returned,High,1049.84,VIP
496233,Wireless Mouse,39,2023-09-02 13:00,46.05,0.44,10.67,Apparel,Online,Not Returned,Low,1795.9499999999998,VIP
750087,Wireless Mouse,38,2023-09-02 18:00,70.2,0.41,9.07,Apparel,Online,Not Returned,Medium,2667.6,VIP
195933,Wall Clock,22,2023-09-02 19:00,76.55,0.02,11.2,Apparel,Online,Not Returned,Low,1684.1,VIP
522727,T-shirt,42,2023-09-02 20:00,49.88,0.33,16.59,Apparel,In-store,Not Returned,Medium,2094.96,VIP
168737,Headphones,47,2023-09-03 02:00,89.23,0.47,6.9,Apparel,In-store,Not Returned,Medium,4193.81,VIP
367709,Headphones,17,2023-09-03 19:00,90.5,0.28,23.81,Apparel,Online,Not Returned,Medium,1538.5,VIP
665921,Desk Lamp,49,2023-09-04 05:00,70.19,0.3,18.3,Apparel,Online,Not Returned,Medium,3439.31,VIP
884642,Blue Pen,40,2023-09-04 19:00,83.73,0.18,22.61,Apparel,In-store,Not Returned,Low,3349.2000000000003,VIP
118290,Office Chair,46,2023-09-05 02:00,47.65,0.39,13.35,Apparel,Online,Not Returned,Medium,2191.9,VIP
171656,Notebook,25,2023-09-05 06:00,96.76,0.31,8.21,Apparel,In-store,Not Returned,Low,2419.0,VIP
302780,Wall Clock,26,2023-09-05 11:00,74.64,0.28,16.36,Apparel,Online,Returned,Low,1940.64,VIP
973663,Wireless Mouse,20,2023-09-05 14:00,80.6,0.01,23.2,Apparel,Online,Not Returned,Low,1612.0,VIP
657004,Blue Pen,46,2023-09-05 17:00,84.61,0.46,27.91,Apparel,In-store,Not Returned,Low,3892.06,VIP
578562,Blue Pen,20,2023-09-05 21:00,58.96,0.26,14.39,Apparel,In-store,Not Returned,Medium,1179.2,VIP
261661,Headphones,46,2023-09-06 10:00,75.48,0.49,25.52,Apparel,In-store,Not Returned,Medium,3472.0800000000004,VIP
183562,Wall Clock,25,2023-09-06 15:00,66.71,0.05,22.79,Apparel,In-store,Not Returned,High,1667.7499999999998,VIP
139767,Office Chair,30,2023-09-06 19:00,98.79,0.25,21.4,Apparel,Online,Not Returned,Low,2963.7000000000003,VIP
439809,Blue Pen,17,2023-09-07 17:00,63.69,0.23,21.01,Apparel,In-store,Returned,Low,1082.73,VIP
543683,USB Cable,32,2023-09-07 19:00,97.14,0.12,12.51,Apparel,Online,Not Returned,Medium,3108.48,VIP
406042,Desk Lamp,45,2023-09-09 12:00,41.65,0.14,23.02,Apparel,Online,Not Returned,High,1874.25,VIP
308623,Office Chair,35,2023-09-09 19:00,48.27,0.24,28.12,Apparel,In-store,Not Returned,Medium,1689.45,VIP
604924,T-shirt,20,2023-09-10 04:00,93.4,0.33,7.58,Apparel,Online,Not Returned,High,1868.0,VIP
592611,Wireless Mouse,13,2023-09-10 12:00,81.19,0.29,8.19,Apparel,In-store,Not Returned,Low,1055.47,VIP
652960,Wireless Mouse,31,2023-09-10 22:00,40.17,0.28,20.23,Apparel,In-store,Not Returned,High,1245.27,VIP
291644,USB Cable,32,2023-09-11 14:00,46.87,0.15,7.4,Apparel,Online,Not Returned,Low,1499.84,VIP
342591,Wireless Mouse,32,2023-09-12 03:00,34.56,0.04,17.56,Apparel,In-store,Not Returned,Medium,1105.92,VIP
676748,Wall Clock,36,2023-09-12 11:00,41.1,0.48,13.07,Apparel,In-store,Not Returned,Medium,1479.6,VIP
176939,Headphones,41,2023-09-12 14:00,90.2,0.41,15.45,Apparel,Online,Not Returned,Low,3698.2,VIP
250111,Notebook,47,2023-09-12 16:00,95.83,0.48,11.38,Apparel,In-store,Not Returned,High,4504.01,VIP
992485,USB Cable,22,2023-09-13 10:00,89.44,0.3,7.89,Apparel,In-store,Not Returned,Medium,1967.68,VIP
440897,Desk Lamp,40,2023-09-13 17:00,42.95,0.29,14.91,Apparel,In-store,Not Returned,Low,1718.0,VIP
891583,Desk Lamp,38,2023-09-14 00:00,46.68,0.2,26.31,Apparel,In-store,Not Returned,High,1773.84,VIP
424822,Desk Lamp,33,2023-09-14 02:00,71.76,0.43,6.31,Apparel,Online,Not Returned,Low,2368.0800000000004,VIP
671350,Notebook,31,2023-09-14 03:00,48.59,0.24,29.17,Apparel,Online,Not Returned,High,1506.2900000000002,VIP
415974,T-shirt,47,2023-09-14 07:00,94.82,0.42,9.64,Apparel,Online,Not Returned,Low,4456.54,VIP
303753,Backpack,20,2023-09-14 08:00,60.97,0.11,26.94,Apparel,Online,Not Returned,Low,1219.4,VIP
471972,Blue Pen,33,2023-09-14 13:00,42.86,0.5,25.56,Apparel,In-store,Not Returned,High,1414.38,VIP
973846,Wall Clock,29,2023-09-15 02:00,62.25,0.18,20.39,Apparel,Online,Not Returned,Medium,1805.25,VIP
924653,Backpack,39,2023-09-15 04:00,52.4,0.44,23.29,Apparel,Online,Not Returned,Low,2043.6,VIP
893634,Headphones,21,2023-09-15 09:00,94.96,0.42,9.25,Apparel,In-store,Not Returned,Medium,1994.16,VIP
585693,USB Cable,34,2023-09-15 11:00,71.73,0.29,6.5,Apparel,In-store,Not Returned,Medium,2438.82,VIP
799901,T-shirt,40,2023-09-16 09:00,99.3,0.35,17.83,Apparel,Online,Not Returned,Medium,3972.0,VIP
980858,Blue Pen,47,2023-09-17 03:00,65.12,0.45,12.66,Apparel,In-store,Not Returned,High,3060.6400000000003,VIP
152290,USB Cable,26,2023-09-17 13:00,80.33,0.33,18.1,Apparel,Online,Not Returned,Low,2088.58,VIP
608906,Wireless Mouse,45,2023-09-17 22:00,86.31,0.25,13.03,Apparel,Online,Not Returned,High,3883.95,VIP
960397,Wall Clock,28,2023-09-18 08:00,93.16,0.28,7.58,Apparel,Online,Not Returned,Medium,2608.48,VIP
952259,Wall Clock,19,2023-09-18 20:00,94.0,0.16,20.41,Apparel,In-store,Not Returned,Low,1786.0,VIP
320758,Notebook,36,2023-09-19 02:00,56.8,0.19,22.78,Apparel,In-store,Not Returned,High,2044.8,VIP
795686,USB Cable,43,2023-09-19 16:00,42.31,0.21,22.17,Apparel,In-store,Not Returned,Low,1819.33,VIP
884487,T-shirt,42,2023-09-20 03:00,47.9,0.12,25.97,Apparel,In-store,Returned,Low,2011.8,VIP
238498,White Mug,30,2023-09-20 15:00,46.49,0.36,24.57,Apparel,In-store,Not Returned,Medium,1394.7,VIP
540686,T-shirt,36,2023-09-20 18:00,86.41,0.27,20.72,Apparel,In-store,Not Returned,High,3110.76,VIP
794618,Blue Pen,27,2023-09-20 20:00,72.83,0.14,18.01,Apparel,Online,Returned,Low,1966.41,VIP
385950,Blue Pen,15,2023-09-21 00:00,82.95,0.42,17.93,Apparel,In-store,Not Returned,Low,1244.25,VIP
781867,Backpack,21,2023-09-21 08:00,98.48,0.24,21.44,Apparel,In-store,Not Returned,Low,2068.08,VIP
110687,Headphones,32,2023-09-21 09:00,65.28,0.09,22.99,Apparel,In-store,Not Returned,Medium,2088.96,VIP
406435,Office Chair,33,2023-09-21 15:00,37.91,0.43,14.66,Apparel,In-store,Not Returned,High,1251.03,VIP
928444,T-shirt,36,2023-09-22 07:00,49.39,0.1,15.26,Apparel,In-store,Not Returned,Medium,1778.04,VIP
848839,Office Chair,19,2023-09-22 15:00,96.08,0.13,6.24,Apparel,In-store,Not Returned,Medium,1825.52,VIP
448844,White Mug,39,2023-09-22 23:00,79.87,0.2,22.11,Apparel,In-store,Not Returned,Low,3114.9300000000003,VIP
382031,Notebook,30,2023-09-23 10:00,40.76,0.09,5.14,Apparel,In-store,Not Returned,Low,1222.8,VIP
336675,Desk Lamp,23,2023-09-24 09:00,67.24,0.2,29.24,Apparel,In-store,Returned,Medium,1546.52,VIP
492069,Office Chair,15,2023-09-25 06:00,75.02,0.3,8.97,Apparel,Online,Not Returned,Medium,1125.3,VIP
500704,White Mug,-35,2023-09-26 23:00,-99.57,0.14,,Apparel,Online,Not Returned,High,3484.95,VIP
508986,Wall Clock,45,2023-09-27 06:00,81.13,0.28,28.93,Apparel,In-store,Not Returned,High,3650.85,VIP
919977,Desk Lamp,47,2023-09-28 11:00,82.84,0.12,15.69,Apparel,In-store,Not Returned,High,3893.48,VIP
697228,USB Cable,31,2023-09-28 16:00,74.34,0.42,11.12,Apparel,Online,Returned,Medium,2304.54,VIP
334669,T-shirt,21,2023-09-29 08:00,52.92,0.2,10.94,Apparel,In-store,Not Returned,High,1111.32,VIP
713467,Office Chair,17,2023-09-29 10:00,87.84,0.19,17.25,Apparel,In-store,Not Returned,High,1493.28,VIP
677218,Backpack,20,2023-09-29 15:00,65.75,0.12,10.16,Apparel,Online,Not Returned,Low,1315.0,VIP
721163,Desk Lamp,49,2023-09-29 22:00,36.99,0.22,22.54,Apparel,Online,Returned,High,1812.51,VIP
102700,Backpack,34,2023-09-30 17:00,57.13,0.1,5.9,Apparel,In-store,Not Returned,Medium,1942.42,VIP
388156,USB Cable,41,2023-10-01 14:00,36.12,0.16,7.82,Apparel,Online,Not Returned,High,1480.9199999999998,VIP
964945,Notebook,22,2023-10-01 15:00,95.07,0.41,28.31,Apparel,Online,Not Returned,Low,2091.54,VIP
652689,Wall Clock,26,2023-10-02 06:00,42.08,0.26,19.76,Apparel,In-store,Not Returned,Low,1094.08,VIP
682899,Backpack,16,2023-10-02 08:00,67.1,0.17,5.96,Apparel,In-store,Not Returned,Low,1073.6,VIP
738053,Desk Lamp,37,2023-10-02 18:00,92.76,0.17,28.4,Apparel,Online,Not Returned,Low,3432.1200000000003,VIP
163535,Headphones,20,2023-10-02 19:00,94.06,0.11,29.37,Apparel,In-store,Not Returned,High,1881.2,VIP
809453,White Mug,25,2023-10-03 01:00,81.8,0.47,25.06,Apparel,In-store,Not Returned,Medium,2045.0,VIP
476334,Wireless Mouse,42,2023-10-03 22:00,74.23,0.14,15.0,Apparel,Online,Not Returned,High,3117.6600000000003,VIP
569788,USB Cable,25,2023-10-03 23:00,59.7,0.33,29.37,Apparel,In-store,Not Returned,Low,1492.5,VIP
292848,Wall Clock,45,2023-10-04 07:00,55.6,0.18,12.77,Apparel,In-store,Not Returned,Low,2502.0,VIP
794524,Backpack,-21,2023-10-05 04:00,-82.88,0.2,,Apparel,Online,Not Returned,Low,1740.48,VIP
706383,Wireless Mouse,34,2023-10-05 05:00,41.95,0.15,26.74,Apparel,Online,Not Returned,High,1426.3000000000002,VIP
564443,T-shirt,30,2023-10-05 09:00,59.55,0.14,29.06,Apparel,Online,Not Returned,Low,1786.5,VIP
103532,Blue Pen,20,2023-10-05 10:00,77.0,0.44,16.36,Apparel,In-store,Not Returned,High,1540.0,VIP
783297,White Mug,46,2023-10-05 21:00,92.8,0.41,17.5,Apparel,Online,Not Returned,Medium,4268.8,VIP
784932,Desk Lamp,34,2023-10-06 06:00,82.04,0.24,19.78,Apparel,In-store,Not Returned,Medium,2789.36,VIP
901060,Blue Pen,38,2023-10-06 19:00,84.26,0.27,19.21,Apparel,In-store,Not Returned,High,3201.88,VIP
231197,White Mug,29,2023-10-07 09:00,98.44,0.49,24.24,Apparel,Online,Not Returned,High,2854.76,VIP
464561,Blue Pen,33,2023-10-08 13:00,45.99,0.05,7.01,Apparel,In-store,Returned,Low,1517.67,VIP
696050,T-shirt,49,2023-10-09 00:00,55.1,0.24,19.34,Apparel,Online,Not Returned,Medium,2699.9,VIP
380350,USB Cable,11,2023-10-09 05:00,93.85,0.48,25.26,Apparel,In-store,Not Returned,Low,1032.35,VIP
877974,Blue Pen,38,2023-10-09 17:00,42.35,0.27,5.2,Apparel,In-store,Not Returned,Medium,1609.3,VIP
817644,Desk Lamp,28,2023-10-10 17:00,94.13,0.01,9.27,Apparel,In-store,Not Returned,High,2635.64,VIP
540925,Wall Clock,47,2023-10-10 19:00,90.03,0.44,24.42,Apparel,Online,Not Returned,High,4231.41,VIP
669262,Desk Lamp,49,2023-10-11 02:00,33.89,0.03,12.5,Apparel,Online,Not Returned,High,1660.61,VIP
630659,USB Cable,17,2023-10-11 17:00,73.21,0.33,20.25,Apparel,In-store,Returned,Low,1244.57,VIP
984388,Desk Lamp,27,2023-10-11 20:00,42.63,0.14,8.45,Apparel,Online,Not Returned,High,1151.01,VIP
426406,Wall Clock,37,2023-10-12 18:00,35.32,0.2,5.67,Apparel,Online,Not Returned,Medium,1306.84,VIP
762064,White Mug,17,2023-10-12 19:00,96.93,0.26,17.23,Apparel,In-store,Not Returned,Medium,1647.8100000000002,VIP
907962,USB Cable,35,2023-10-13 15:00,35.69,0.25,17.66,Apparel,Online,Not Returned,Low,1249.15,VIP
103846,Wall Clock,20,2023-10-14 13:00,52.12,0.08,13.84,Apparel,Online,Not Returned,Medium,1042.4,VIP
666442,Desk Lamp,47,2023-10-14 17:00,23.59,0.38,9.23,Apparel,In-store,Not Returned,High,1108.73,VIP
729082,Wall Clock,37,2023-10-15 00:00,74.02,0.18,12.53,Apparel,In-store,Not Returned,High,2738.74,VIP
210295,Backpack,30,2023-10-15 10:00,44.03,0.31,23.14,Apparel,Online,Returned,High,1320.9,VIP
497084,Office Chair,14,2023-10-15 17:00,90.25,0.49,26.11,Apparel,In-store,Not Returned,Low,1263.5,VIP
406438,Blue Pen,47,2023-10-15 18:00,25.94,0.02,10.01,Apparel,In-store,Not Returned,High,1219.18,VIP
658408,Desk Lamp,43,2023-10-15 23:00,86.55,0.48,12.75,Apparel,Online,Not Returned,High,3721.65,VIP
759784,Office Chair,28,2023-10-16 06:00,61.32,0.01,15.85,Apparel,Online,Not Returned,Medium,1716.96,VIP
618726,Desk Lamp,32,2023-10-16 12:00,40.49,0.14,9.26,Apparel,Online,Not Returned,Low,1295.68,VIP
283517,Backpack,37,2023-10-16 21:00,81.98,0.04,13.51,Apparel,In-store,Not Returned,Low,3033.26,VIP
151998,Headphones,41,2023-10-16 22:00,94.94,0.04,24.21,Apparel,In-store,Not Returned,High,3892.54,VIP
868071,USB Cable,23,2023-10-17 00:00,82.21,0.47,22.98,Apparel,In-store,Not Returned,High,1890.83,VIP
405924,White Mug,14,2023-10-17 15:00,92.99,0.18,14.91,Apparel,In-store,Not Returned,High,1301.86,VIP
144310,T-shirt,40,2023-10-17 23:00,46.93,0.05,29.54,Apparel,Online,Returned,Low,1877.2,VIP
884648,Office Chair,42,2023-10-18 14:00,93.44,0.37,7.59,Apparel,In-store,Not Returned,Medium,3924.48,VIP
653969,Wireless Mouse,38,2023-10-18 15:00,60.69,0.19,27.15,Apparel,In-store,Not Returned,High,2306.22,VIP
463169,USB Cable,43,2023-10-21 17:00,59.0,0.21,26.6,Apparel,In-store,Not Returned,High,2537.0,VIP
830433,USB Cable,33,2023-10-22 01:00,55.5,0.31,26.39,Apparel,Online,Not Returned,Medium,1831.5,VIP
518494,Headphones,28,2023-10-23 07:00,77.49,0.13,24.95,Apparel,In-store,Not Returned,High,2169.72,VIP
744167,Wall Clock,16,2023-10-23 21:00,90.72,0.44,6.23,Apparel,In-store,Not Returned,High,1451.52,VIP
836570,USB Cable,41,2023-10-24 09:00,83.73,0.37,8.82,Apparel,Online,Not Returned,Medium,3432.9300000000003,VIP
289310,Wireless Mouse,32,2023-10-24 18:00,60.54,0.14,27.01,Apparel,Online,Not Returned,High,1937.28,VIP
397420,T-shirt,30,2023-10-25 17:00,40.99,0.0,5.1,Apparel,In-store,Not Returned,Low,1229.7,VIP
360462,USB Cable,16,2023-10-27 19:00,92.35,0.42,23.89,Apparel,In-store,Not Returned,High,1477.6,VIP
504781,Wireless Mouse,37,2023-10-28 12:00,28.14,0.46,20.53,Apparel,Online,Not Returned,Low,1041.18,VIP
273021,T-shirt,14,2023-10-28 22:00,84.44,0.25,5.04,Apparel,Online,Not Returned,Low,1182.16,VIP
237852,Backpack,31,2023-10-29 08:00,54.54,0.08,19.01,Apparel,Online,Not Returned,Low,1690.74,VIP
670283,Blue Pen,23,2023-10-30 07:00,92.48,0.22,24.21,Apparel,Online,Not Returned,Medium,2127.04,VIP
395305,Headphones,40,2023-10-31 00:00,42.26,0.29,11.74,Apparel,Online,Not Returned,Low,1690.4,VIP
218409,Desk Lamp,37,2023-10-31 18:00,52.07,0.31,28.48,Apparel,Online,Not Returned,Medium,1926.59,VIP
916678,Desk Lamp,29,2023-11-01 14:00,36.68,0.49,23.43,Apparel,Online,Not Returned,High,1063.72,VIP
607314,Blue Pen,46,2023-11-02 22:00,46.7,0.07,23.86,Apparel,Online,Not Returned,Medium,2148.2000000000003,VIP
907329,Wall Clock,48,2023-11-03 11:00,85.37,0.14,24.24,Apparel,Online,Not Returned,High,4097.76,VIP
470603,Notebook,49,2023-11-04 03:00,20.99,0.45,10.12,Apparel,Online,Not Returned,High,1028.51,VIP
970691,White Mug,36,2023-11-04 14:00,60.41,0.0,10.43,Apparel,In-store,Not Returned,High,2174.76,VIP
555636,Office Chair,37,2023-11-04 20:00,30.21,0.09,23.3,Apparel,Online,Not Returned,High,1117.77,VIP
152097,Notebook,34,2023-11-04 21:00,32.24,0.17,10.79,Apparel,In-store,Not Returned,High,1096.16,VIP
940023,Office Chair,30,2023-11-05 00:00,81.38,0.03,8.35,Apparel,Online,Not Returned,Low,2441.4,VIP
341832,White Mug,39,2023-11-05 08:00,49.91,0.05,27.77,Apparel,In-store,Not Returned,Medium,1946.49,VIP
415016,Wall Clock,43,2023-11-06 06:00,61.94,0.43,6.94,Apparel,In-store,Not Returned,Medium,2663.42,VIP
257922,White Mug,18,2023-11-06 08:00,82.72,0.12,10.77,Apparel,Online,Not Returned,Medium,1488.96,VIP
239352,Wireless Mouse,26,2023-11-06 12:00,66.46,0.01,29.34,Apparel,In-store,Returned,Low,1727.9599999999998,VIP
966922,Wireless Mouse,48,2023-11-06 13:00,42.16,0.01,9.5,Apparel,In-store,Not Returned,Medium,2023.68,VIP
802174,Blue Pen,42,2023-11-06 15:00,70.99,0.16,24.74,Apparel,Online,Not Returned,Low,2981.58,VIP
433857,Backpack,29,2023-11-07 02:00,81.89,0.38,8.05,Apparel,Online,Not Returned,Medium,2374.81,VIP
571777,Wireless Mouse,37,2023-11-07 12:00,85.19,0.04,6.1,Apparel,In-store,Not Returned,Medium,3152.03,VIP
156714,T-shirt,39,2023-11-07 14:00,40.11,0.22,8.38,Apparel,In-store,Not Returned,High,1564.29,VIP
164546,Headphones,37,2023-11-07 19:00,87.05,0.27,9.49,Apparel,Online,Not Returned,Low,3220.85,VIP
535157,White Mug,45,2023-11-07 23:00,92.7,0.49,6.71,Apparel,In-store,Not Returned,Medium,4171.5,VIP
313752,Notebook,28,2023-11-08 16:00,42.84,0.36,22.86,Apparel,In-store,Returned,Low,1199.52,VIP
305573,Headphones,37,2023-11-08 17:00,72.58,0.49,19.98,Apparel,In-store,Returned,Medium,2685.46,VIP
211141,Headphones,24,2023-11-09 07:00,85.72,0.49,8.64,Apparel,In-store,Not Returned,Low,2057.28,VIP
682853,USB Cable,28,2023-11-09 14:00,83.83,0.07,26.58,Apparel,In-store,Not Returned,Medium,2347.24,VIP
373775,Wall Clock,21,2023-11-10 03:00,93.48,0.29,27.46,Apparel,In-store,Not Returned,High,1963.08,VIP
707842,Wireless Mouse,49,2023-11-10 10:00,97.09,0.01,6.38,Apparel,In-store,Not Returned,Low,4757.41,VIP
594631,Office Chair,40,2023-11-10 12:00,97.01,0.0,27.19,Apparel,Online,Returned,Medium,3880.4,VIP
555383,Headphones,20,2023-11-11 01:00,82.32,0.15,9.09,Apparel,Online,Not Returned,Low,1646.4,VIP
331437,T-shirt,15,2023-11-11 05:00,98.4,0.24,6.66,Apparel,Online,Not Returned,Medium,1476.0,VIP
300473,T-shirt,20,2023-11-11 09:00,81.61,0.23,10.45,Apparel,In-store,Not Returned,Low,1632.2,VIP
692377,Headphones,41,2023-11-12 18:00,30.63,0.13,12.22,Apparel,In-store,Not Returned,Low,1255.83,VIP
307156,Headphones,39,2023-11-13 02:00,29.26,0.43,14.65,Apparel,Online,Returned,High,1141.14,VIP
868290,T-shirt,49,2023-11-13 20:00,34.05,0.04,27.92,Apparel,In-store,Not Returned,Medium,1668.4499999999998,VIP
421096,Headphones,48,2023-11-14 03:00,38.51,0.24,5.7,Apparel,In-store,Not Returned,Medium,1848.48,VIP
782143,Wall Clock,43,2023-11-14 08:00,96.31,0.4,21.2,Apparel,In-store,Not Returned,Low,4141.33,VIP
924580,Headphones,31,2023-11-15 02:00,92.46,0.24,20.79,Apparel,In-store,Not Returned,High,2866.26,VIP
655339,USB Cable,27,2023-11-15 07:00,91.3,0.2,7.28,Apparel,In-store,Not Returned,Medium,2465.1,VIP
841693,Desk Lamp,26,2023-11-15 09:00,94.3,0.47,26.98,Apparel,Online,Not Returned,High,2451.8,VIP
667694,White Mug,43,2023-11-15 15:00,66.32,0.3,15.87,Apparel,Online,Returned,Low,2851.76,VIP
449898,USB Cable,21,2023-11-15 16:00,69.47,0.34,18.78,Apparel,Online,Not Returned,Low,1458.87,VIP
774966,White Mug,49,2023-11-15 19:00,55.93,0.03,29.31,Apparel,Online,Not Returned,Low,2740.57,VIP
697942,T-shirt,23,2023-11-15 23:00,88.36,0.02,27.71,Apparel,Online,Not Returned,High,2032.28,VIP
669606,Wall Clock,36,2023-11-16 02:00,76.95,0.46,27.1,Apparel,In-store,Not Returned,Medium,2770.2000000000003,VIP
885183,T-shirt,28,2023-11-16 05:00,58.52,0.03,18.45,Apparel,Online,Not Returned,Medium,1638.5600000000002,VIP
833177,T-shirt,43,2023-11-16 14:00,81.51,0.28,21.59,Apparel,Online,Not Returned,Medium,3504.9300000000003,VIP
725671,Wireless Mouse,29,2023-11-17 09:00,84.46,0.19,7.7,Apparel,In-store,Not Returned,High,2449.34,VIP
314816,Backpack,21,2023-11-17 13:00,86.77,0.1,12.55,Apparel,In-store,Not Returned,High,1822.17,VIP
284821,White Mug,11,2023-11-18 16:00,93.78,0.39,14.02,Apparel,Online,Not Returned,Low,1031.58,VIP
407998,Desk Lamp,48,2023-11-18 17:00,61.29,0.49,10.49,Apparel,Online,Not Returned,High,2941.92,VIP
914065,White Mug,32,2023-11-18 23:00,31.53,0.18,6.2,Apparel,In-store,Returned,High,1008.96,VIP
980677,Office Chair,19,2023-11-19 22:00,81.11,0.34,9.33,Apparel,In-store,Not Returned,Medium,1541.09,VIP
297505,Blue Pen,44,2023-11-20 02:00,79.97,0.47,12.45,Apparel,In-store,Not Returned,Low,3518.68,VIP
662829,Backpack,38,2023-11-20 16:00,30.88,0.24,14.19,Apparel,Online,Not Returned,Medium,1173.44,VIP
680615,Wall Clock,48,2023-11-20 18:00,82.77,0.45,22.97,Apparel,Online,Not Returned,Low,3972.96,VIP
664740,USB Cable,12,2023-11-22 07:00,92.14,0.13,6.33,Apparel,In-store,Not Returned,Low,1105.68,VIP
860169,Wireless Mouse,30,2023-11-22 12:00,62.83,0.4,15.67,Apparel,Online,Not Returned,Low,1884.9,VIP
106387,Office Chair,37,2023-11-22 13:00,53.17,0.22,21.43,Apparel,Online,Not Returned,Low,1967.29,VIP
287708,Notebook,48,2023-11-22 19:00,85.6,0.02,6.43,Apparel,Online,Not Returned,Low,4108.799999999999,VIP
149217,Headphones,38,2023-11-23 16:00,76.64,0.04,13.55,Apparel,In-store,Not Returned,Low,2912.32,VIP
398421,USB Cable,22,2023-11-24 05:00,82.05,0.48,22.64,Apparel,Online,Not Returned,Low,1805.1,VIP
415427,Notebook,42,2023-11-25 16:00,99.83,0.17,16.2,Apparel,In-store,Not Returned,Low,4192.86,VIP
754551,Desk Lamp,45,2023-11-25 17:00,39.43,0.29,21.33,Apparel,Online,Not Returned,Medium,1774.35,VIP
376022,Backpack,43,2023-11-25 20:00,33.41,0.43,5.56,Apparel,In-store,Not Returned,Low,1436.63,VIP
887443,Blue Pen,-44,2023-11-27 08:00,-67.64,0.43,,Apparel,In-store,Not Returned,Low,2976.16,VIP
367729,Wall Clock,34,2023-11-27 20:00,76.02,0.43,26.9,Apparel,In-store,Not Returned,Low,2584.68,VIP
681498,Notebook,41,2023-11-27 23:00,58.13,0.38,28.97,Apparel,In-store,Not Returned,Low,2383.33,VIP
874957,Wireless Mouse,42,2023-11-28 05:00,98.24,0.32,9.76,Apparel,In-store,Not Returned,Medium,4126.08,VIP
682112,Desk Lamp,18,2023-11-29 02:00,59.67,0.48,6.02,Apparel,In-store,Not Returned,Medium,1074.06,VIP
353156,White Mug,27,2023-11-29 04:00,96.51,0.18,18.87,Apparel,Online,Not Returned,Low,2605.77,VIP
686834,Office Chair,22,2023-11-30 01:00,98.5,0.37,8.07,Apparel,In-store,Not Returned,Medium,2167.0,VIP
931906,Headphones,47,2023-11-30 02:00,69.48,0.18,14.53,Apparel,Online,Not Returned,Medium,3265.5600000000004,VIP
136131,White Mug,39,2023-11-30 22:00,70.22,0.18,9.34,Apparel,Online,Not Returned,High,2738.58,VIP
709231,USB Cable,36,2023-11-30 23:00,34.83,0.3,6.64,Apparel,In-store,Returned,Medium,1253.88,VIP
805195,Backpack,38,2023-12-01 03:00,78.33,0.08,19.18,Apparel,In-store,Not Returned,Medium,2976.54,VIP
266308,T-shirt,39,2023-12-01 20:00,52.51,0.12,10.3,Apparel,Online,Not Returned,High,2047.89,VIP
595440,Backpack,12,2023-12-01 23:00,93.66,0.29,20.72,Apparel,Online,Not Returned,Low,1123.92,VIP
785460,White Mug,22,2023-12-02 05:00,79.55,0.13,26.21,Apparel,Online,Not Returned,Low,1750.1,VIP
591564,Headphones,16,2023-12-02 18:00,71.94,0.43,6.35,Apparel,Online,Not Returned,Medium,1151.04,VIP
493450,Wireless Mouse,48,2023-12-03 04:00,39.85,0.3,21.57,Apparel,In-store,Not Returned,High,1912.8,VIP
830505,Office Chair,31,2023-12-03 09:00,69.7,0.13,21.66,Apparel,In-store,Not Returned,High,2160.7000000000003,VIP
588295,Desk Lamp,37,2023-12-03 20:00,92.4,0.39,29.56,Apparel,In-store,Returned,Medium,3418.8,VIP
162306,Backpack,17,2023-12-04 02:00,64.85,0.49,27.92,Apparel,In-store,Not Returned,Medium,1102.4499999999998,VIP
580405,Notebook,24,2023-12-05 00:00,74.71,0.08,12.48,Apparel,Online,Not Returned,Medium,1793.04,VIP
930103,T-shirt,34,2023-12-05 01:00,60.94,0.35,14.77,Apparel,In-store,Returned,Medium,2071.96,VIP
274943,Blue Pen,20,2023-12-05 10:00,73.56,0.01,9.24,Apparel,Online,Not Returned,High,1471.2,VIP
933597,Wall Clock,31,2023-12-05 11:00,53.68,0.02,13.38,Apparel,In-store,Not Returned,Medium,1664.08,VIP
812146,Notebook,29,2023-12-05 12:00,41.11,0.27,10.66,Apparel,Online,Not Returned,High,1192.19,VIP
437606,Headphones,25,2023-12-06 11:00,54.12,0.17,16.47,Apparel,In-store,Not Returned,Medium,1353.0,VIP
661498,White Mug,45,2023-12-06 15:00,82.64,0.05,24.52,Apparel,Online,Returned,Medium,3718.8,VIP
542878,T-shirt,40,2023-12-07 03:00,60.98,0.13,10.69,Apparel,In-store,Not Returned,Low,2439.2,VIP
483503,USB Cable,35,2023-12-07 04:00,61.74,0.07,29.65,Apparel,In-store,Returned,High,2160.9,VIP
494414,Wall Clock,48,2023-12-07 08:00,82.91,0.41,8.03,Apparel,In-store,Not Returned,High,3979.68,VIP
950468,White Mug,45,2023-12-07 13:00,94.48,0.0,15.09,Apparel,Online,Returned,High,4251.6,VIP
447367,Wall Clock,38,2023-12-07 14:00,44.97,0.12,24.37,Apparel,Online,Not Returned,High,1708.86,VIP
379818,White Mug,45,2023-12-07 20:00,39.08,0.28,5.29,Apparel,Online,Not Returned,Medium,1758.6,VIP
828445,Desk Lamp,48,2023-12-08 00:00,62.09,0.43,25.49,Apparel,In-store,Not Returned,Medium,2980.32,VIP
834863,Wall Clock,32,2023-12-08 22:00,75.7,0.35,29.47,Apparel,Online,Not Returned,Low,2422.4,VIP
135587,T-shirt,43,2023-12-09 07:00,91.91,0.37,11.15,Apparel,Online,Not Returned,Low,3952.13,VIP
217177,Blue Pen,25,2023-12-09 16:00,60.87,0.07,22.86,Apparel,In-store,Not Returned,High,1521.75,VIP
506810,T-shirt,16,2023-12-10 16:00,73.1,0.24,25.56,Apparel,In-store,Not Returned,Low,1169.6,VIP
321692,Headphones,32,2023-12-11 01:00,63.48,0.06,20.65,Apparel,In-store,Not Returned,High,2031.36,VIP
131772,Wireless Mouse,29,2023-12-12 00:00,98.65,0.33,8.99,Apparel,In-store,Returned,Low,2860.8500000000004,VIP
501938,Desk Lamp,29,2023-12-12 01:00,56.22,0.23,16.54,Apparel,Online,Not Returned,High,1630.38,VIP
217129,Backpack,49,2023-12-12 06:00,28.24,0.45,28.4,Apparel,In-store,Not Returned,High,1383.76,VIP
952932,Office Chair,47,2023-12-12 15:00,32.39,0.29,5.27,Apparel,In-store,Not Returned,Medium,1522.33,VIP
140910,USB Cable,46,2023-12-13 09:00,36.67,0.32,26.87,Apparel,In-store,Not Returned,High,1686.8200000000002,VIP
515977,Wireless Mouse,23,2023-12-13 10:00,50.49,0.42,19.46,Apparel,Online,Not Returned,High,1161.27,VIP
333354,White Mug,49,2023-12-13 23:00,64.18,0.39,18.88,Apparel,Online,Returned,Medium,3144.82,VIP
103498,Desk Lamp,44,2023-12-14 22:00,84.82,0.5,21.48,Apparel,Online,Not Returned,High,3732.08,VIP
713505,Wall Clock,22,2023-12-15 20:00,80.03,0.45,26.31,Apparel,In-store,Not Returned,Medium,1760.66,VIP
254655,Blue Pen,37,2023-12-16 03:00,27.32,0.16,14.72,Apparel,Online,Not Returned,High,1010.84,VIP
908537,Backpack,27,2023-12-16 04:00,62.24,0.23,24.3,Apparel,Online,Not Returned,High,1680.48,VIP
493174,Desk Lamp,40,2023-12-16 14:00,74.14,0.2,20.41,Apparel,In-store,Not Returned,Low,2965.6,VIP
524644,Office Chair,30,2023-12-16 18:00,52.61,0.31,8.5,Apparel,Online,Not Returned,Medium,1578.3,VIP
141001,Office Chair,43,2023-12-17 00:00,55.49,0.38,5.91,Apparel,In-store,Not Returned,Low,2386.07,VIP
994207,Blue Pen,40,2023-12-17 22:00,90.34,0.38,9.16,Apparel,Online,Not Returned,High,3613.6,VIP
511610,Headphones,34,2023-12-18 00:00,77.03,0.32,16.8,Apparel,Online,Not Returned,High,2619.02,VIP
901269,Backpack,14,2023-12-18 17:00,85.32,0.39,5.18,Apparel,Online,Not Returned,Low,1194.48,VIP
339297,T-shirt,31,2023-12-19 20:00,43.7,0.45,22.74,Apparel,Online,Not Returned,Medium,1354.7,VIP
844267,Wireless Mouse,21,2023-12-20 19:00,47.92,0.13,18.34,Apparel,Online,Not Returned,Low,1006.32,VIP
443045,Notebook,32,2023-12-21 02:00,39.71,0.05,17.8,Apparel,In-store,Not Returned,Low,1270.72,VIP
169726,Headphones,-43,2023-12-21 05:00,-64.83,0.49,,Apparel,Online,Not Returned,Low,2787.69,VIP
273933,Blue Pen,28,2023-12-21 07:00,92.53,0.46,12.07,Apparel,In-store,Not Returned,Medium,2590.84,VIP
910369,Backpack,36,2023-12-21 09:00,97.11,0.12,15.99,Apparel,Online,Not Returned,Low,3495.96,VIP
608422,Wireless Mouse,42,2023-12-21 20:00,49.05,0.35,17.74,Apparel,In-store,Not Returned,High,2060.1,VIP
628628,Headphones,-34,2023-12-23 04:00,-71.62,0.41,,Apparel,In-store,Not Returned,Medium,2435.08,VIP
201354,Office Chair,22,2023-12-23 21:00,63.01,0.11,8.04,Apparel,Online,Not Returned,High,1386.22,VIP
437913,Office Chair,49,2023-12-24 10:00,51.82,0.46,18.38,Apparel,In-store,Not Returned,Low,2539.18,VIP
776667,Blue Pen,49,2023-12-24 22:00,62.02,0.49,11.08,Apparel,In-store,Not Returned,Low,3038.98,VIP
322572,Blue Pen,36,2023-12-25 15:00,49.36,0.22,7.08,Apparel,Online,Not Returned,Low,1776.96,VIP
468904,Blue Pen,41,2023-12-25 20:00,98.46,0.22,17.94,Apparel,In-store,Returned,High,4036.86,VIP
260542,White Mug,40,2023-12-26 00:00,52.94,0.11,15.25,Apparel,In-store,Not Returned,Low,2117.6,VIP
433246,Wall Clock,38,2023-12-26 05:00,30.28,0.04,18.49,Apparel,In-store,Not Returned,Medium,1150.64,VIP
395519,White Mug,-39,2023-12-26 07:00,-76.39,1.2482664415579756,,Apparel,In-store,Not Returned,High,2979.21,VIP
694547,T-shirt,20,2023-12-28 09:00,50.55,0.4,24.77,Apparel,In-store,Not Returned,High,1011.0,VIP
377034,Office Chair,20,2023-12-28 10:00,87.66,0.47,24.95,Apparel,In-store,Not Returned,Medium,1753.1999999999998,VIP
193389,White Mug,45,2023-12-28 13:00,61.25,0.26,15.25,Apparel,In-store,Returned,Medium,2756.25,VIP
883227,Blue Pen,27,2023-12-28 22:00,42.43,0.18,27.17,Apparel,In-store,Returned,Medium,1145.61,VIP
692990,T-shirt,37,2023-12-29 09:00,49.38,0.18,19.27,Apparel,Online,Not Returned,High,1827.06,VIP
524521,White Mug,27,2023-12-29 18:00,76.86,0.12,8.53,Apparel,Online,Not Returned,Low,2075.22,VIP
982827,Notebook,13,2023-12-29 22:00,90.43,0.14,23.84,Apparel,Online,Not Returned,Medium,1175.59,VIP
174726,Notebook,43,2024-01-01 03:00,38.95,0.41,16.26,Apparel,In-store,Returned,Low,1674.85,VIP
447983,Blue Pen,25,2024-01-01 18:00,78.61,0.35,26.6,Apparel,Online,Returned,Medium,1965.25,VIP
875123,Wall Clock,47,2024-01-02 07:00,49.95,0.44,20.36,Apparel,In-store,Not Returned,Low,2347.65,VIP
734425,Blue Pen,20,2024-01-02 08:00,99.16,0.3,12.11,Apparel,In-store,Not Returned,High,1983.2,VIP
332505,Wireless Mouse,30,2024-01-02 20:00,81.11,0.02,15.33,Apparel,In-store,Not Returned,High,2433.3,VIP
849056,Office Chair,44,2024-01-03 02:00,92.1,0.15,11.36,Apparel,In-store,Not Returned,High,4052.4,VIP
450477,USB Cable,33,2024-01-04 01:00,70.2,0.36,8.16,Apparel,In-store,Not Returned,High,2316.6,VIP
565546,T-shirt,38,2024-01-05 07:00,77.04,0.05,29.04,Apparel,In-store,Not Returned,High,2927.5200000000004,VIP
217060,T-shirt,48,2024-01-05 13:00,99.97,0.23,27.51,Apparel,In-store,Not Returned,Low,4798.56,VIP
839599,Desk Lamp,21,2024-01-05 19:00,99.12,0.36,8.95,Apparel,In-store,Not Returned,Low,2081.52,VIP
463053,Wall Clock,18,2024-01-06 11:00,76.03,0.46,24.59,Apparel,In-store,Not Returned,Low,1368.54,VIP
443457,Wireless Mouse,11,2024-01-07 05:00,90.91,0.07,12.17,Apparel,Online,Not Returned,High,1000.01,VIP
885067,USB Cable,48,2024-01-07 17:00,49.73,0.4,20.79,Apparel,In-store,Not Returned,Medium,2387.04,VIP
793371,Wall Clock,30,2024-01-08 13:00,87.03,0.27,17.54,Apparel,Online,Not Returned,High,2610.9,VIP
813163,T-shirt,20,2024-01-09 16:00,90.74,0.18,28.1,Apparel,Online,Not Returned,Low,1814.8,VIP
625049,Blue Pen,45,2024-01-10 06:00,45.98,0.44,11.57,Apparel,Online,Not Returned,High,2069.1,VIP
809226,Blue Pen,16,2024-01-10 11:00,93.4,0.09,29.67,Apparel,Online,Returned,Medium,1494.4,VIP
577069,Headphones,47,2024-01-10 14:00,73.01,0.0,10.98,Apparel,In-store,Not Returned,Medium,3431.4700000000003,VIP
535206,Backpack,40,2024-01-10 23:00,80.28,0.07,21.08,Apparel,Online,Not Returned,Low,3211.2,VIP
485613,Wall Clock,40,2024-01-11 04:00,52.23,0.23,5.44,Apparel,In-store,Not Returned,High,2089.2,VIP
396755,Desk Lamp,39,2024-01-11 12:00,69.98,0.17,26.3,Apparel,In-store,Not Returned,Medium,2729.2200000000003,VIP
955692,T-shirt,22,2024-01-12 03:00,56.86,0.4,26.76,Apparel,In-store,Not Returned,High,1250.92,VIP
241406,USB Cable,17,2024-01-12 09:00,62.82,0.43,9.4,Apparel,Online,Not Returned,High,1067.94,VIP
198856,T-shirt,43,2024-01-12 10:00,84.66,0.06,19.59,Apparel,Online,Not Returned,Medium,3640.38,VIP
988227,Wall Clock,14,2024-01-12 11:00,91.65,0.27,12.89,Apparel,In-store,Not Returned,High,1283.1,VIP
928849,White Mug,47,2024-01-12 23:00,60.81,0.35,21.24,Apparel,Online,Not Returned,Low,2858.07,VIP
511775,T-shirt,47,2024-01-14 21:00,24.55,0.34,29.65,Apparel,In-store,Not Returned,Medium,1153.85,VIP
584689,USB Cable,40,2024-01-15 04:00,38.98,0.1,14.08,Apparel,In-store,Not Returned,Medium,1559.1999999999998,VIP
675497,Wall Clock,47,2024-01-15 22:00,91.39,0.04,24.47,Apparel,Online,Not Returned,Medium,4295.33,VIP
340763,Office Chair,13,2024-01-16 00:00,95.26,0.3,27.24,Apparel,Online,Not Returned,High,1238.38,VIP
373129,Wireless Mouse,37,2024-01-17 04:00,58.48,0.22,29.32,Apparel,Online,Not Returned,Medium,2163.76,VIP
481724,Blue Pen,11,2024-01-17 14:00,96.2,0.14,14.35,Apparel,In-store,Not Returned,High,1058.2,VIP
695605,Blue Pen,32,2024-01-17 15:00,49.81,0.33,15.45,Apparel,In-store,Returned,Low,1593.92,VIP
949736,T-shirt,47,2024-01-17 16:00,89.41,0.27,15.02,Apparel,Online,Not Returned,Low,4202.27,VIP
314633,Backpack,47,2024-01-17 18:00,84.13,0.31,11.08,Apparel,Online,Not Returned,Low,3954.11,VIP
455269,Backpack,21,2024-01-18 15:00,98.43,0.26,28.95,Apparel,In-store,Not Returned,Medium,2067.03,VIP
155918,White Mug,20,2024-01-18 19:00,87.09,0.4,6.33,Apparel,Online,Not Returned,Medium,1741.8000000000002,VIP
661110,Headphones,49,2024-01-18 23:00,53.31,0.16,12.4,Apparel,Online,Not Returned,Medium,2612.19,VIP
104200,Desk Lamp,21,2024-01-19 01:00,61.38,0.1,6.55,Apparel,In-store,Not Returned,Low,1288.98,VIP
588774,White Mug,16,2024-01-19 10:00,73.55,0.12,8.4,Apparel,In-store,Not Returned,Medium,1176.8,VIP
411322,Notebook,36,2024-01-20 07:00,70.95,0.06,27.27,Apparel,In-store,Not Returned,High,2554.2000000000003,VIP
166500,USB Cable,47,2024-01-20 09:00,39.02,0.38,11.53,Apparel,Online,Not Returned,High,1833.94,VIP
564990,Headphones,45,2024-01-20 17:00,85.08,0.07,8.63,Apparel,Online,Not Returned,High,3828.6,VIP
245713,T-shirt,22,2024-01-21 01:00,61.51,0.16,17.38,Apparel,Online,Not Returned,Medium,1353.22,VIP
208407,Wall Clock,23,2024-01-22 00:00,59.25,0.48,26.05,Apparel,In-store,Not Returned,Low,1362.75,VIP
232157,Wall Clock,33,2024-01-22 01:00,53.15,0.38,14.94,Apparel,Online,Not Returned,Low,1753.95,VIP
998300,Desk Lamp,-28,2024-01-22 03:00,-42.77,1.723706481956536,,Apparel,In-store,Not Returned,Medium,1197.5600000000002,VIP
366978,Headphones,-39,2024-01-22 08:00,-27.12,0.07,,Apparel,In-store,Not Returned,Medium,1057.68,VIP
964930,T-shirt,21,2024-01-22 11:00,84.75,0.21,7.87,Apparel,Online,Not Returned,Medium,1779.75,VIP
691436,Blue Pen,29,2024-01-24 00:00,92.01,0.26,23.52,Apparel,Online,Not Returned,Low,2668.29,VIP
751336,Backpack,13,2024-01-25 07:00,79.0,0.38,29.15,Apparel,Online,Not Returned,Low,1027.0,VIP
554673,T-shirt,29,2024-01-25 16:00,48.5,0.49,13.52,Apparel,Online,Not Returned,Low,1406.5,VIP
785621,Office Chair,48,2024-01-25 18:00,52.69,0.34,25.91,Apparel,Online,Not Returned,High,2529.12,VIP
701528,Wireless Mouse,47,2024-01-25 23:00,61.13,0.23,28.47,Apparel,Online,Not Returned,High,2873.11,VIP
380153,Backpack,27,2024-01-26 04:00,41.21,0.21,13.62,Apparel,Online,Not Returned,High,1112.67,VIP
520495,Backpack,16,2024-01-27 03:00,73.52,0.23,14.82,Apparel,In-store,Not Returned,Low,1176.32,VIP
604240,Office Chair,35,2024-01-27 05:00,36.91,0.1,29.63,Apparel,Online,Not Returned,Low,1291.85,VIP
981934,White Mug,-38,2024-01-27 08:00,-36.87,1.8918076904373144,,Apparel,In-store,Returned,Low,1401.06,VIP
816873,Notebook,13,2024-01-27 13:00,91.87,0.18,29.0,Apparel,Online,Not Returned,Low,1194.31,VIP
585798,Notebook,13,2024-01-28 05:00,92.72,0.01,21.36,Apparel,In-store,Not Returned,Low,1205.36,VIP
498050,Headphones,47,2024-01-28 14:00,46.06,0.27,27.28,Apparel,Online,Not Returned,High,2164.82,VIP
884493,Headphones,35,2024-01-29 18:00,41.14,0.39,14.01,Apparel,In-store,Not Returned,Medium,1439.9,VIP
722257,Wall Clock,15,2024-01-30 13:00,86.72,0.29,18.51,Apparel,Online,Not Returned,Low,1300.8,VIP
732695,USB Cable,31,2024-01-30 17:00,93.44,0.0,26.17,Apparel,In-store,Returned,Medium,2896.64,VIP
946162,USB Cable,23,2024-01-30 20:00,62.08,0.3,16.54,Apparel,Online,Not Returned,High,1427.84,VIP
184052,Backpack,37,2024-01-31 08:00,99.48,0.26,18.7,Apparel,In-store,Not Returned,High,3680.76,VIP
130382,Notebook,11,2024-01-31 16:00,99.43,0.04,17.84,Apparel,Online,Not Returned,Medium,1093.73,VIP
891091,White Mug,49,2024-02-01 12:00,53.91,0.26,25.84,Apparel,Online,Not Returned,High,2641.59,VIP
293019,Wall Clock,25,2024-02-02 03:00,75.56,0.44,27.32,Apparel,Online,Not Returned,Medium,1889.0,VIP
542563,White Mug,34,2024-02-02 10:00,41.61,0.03,13.87,Apparel,In-store,Not Returned,High,1414.74,VIP
241448,Desk Lamp,32,2024-02-02 17:00,72.29,0.2,27.96,Apparel,Online,Not Returned,Low,2313.28,VIP
788741,USB Cable,21,2024-02-04 15:00,63.76,0.47,12.31,Apparel,Online,Not Returned,Medium,1338.96,VIP
166412,T-shirt,34,2024-02-04 19:00,49.56,0.33,19.17,Apparel,Online,Not Returned,Low,1685.04,VIP
736260,Desk Lamp,49,2024-02-06 00:00,98.76,0.31,7.3,Apparel,In-store,Not Returned,Low,4839.240000000001,VIP
654663,Headphones,33,2024-02-06 17:00,93.41,0.05,7.66,Apparel,Online,Not Returned,Low,3082.53,VIP
664952,Backpack,21,2024-02-06 22:00,52.36,0.34,24.94,Apparel,In-store,Not Returned,Medium,1099.56,VIP
465314,Notebook,30,2024-02-07 14:00,63.2,0.1,17.47,Apparel,In-store,Not Returned,Low,1896.0,VIP
544400,Office Chair,-16,2024-02-08 00:00,-84.12,1.5919461521762113,,Apparel,Online,Not Returned,Medium,1345.92,VIP
710522,Blue Pen,13,2024-02-08 06:00,83.79,0.07,7.88,Apparel,In-store,Not Returned,Low,1089.27,VIP
720832,White Mug,37,2024-02-08 15:00,66.63,0.43,18.19,Apparel,Online,Not Returned,High,2465.31,VIP
267086,Office Chair,46,2024-02-08 23:00,38.95,0.47,11.23,Apparel,Online,Not Returned,Medium,1791.7,VIP
462605,Wireless Mouse,26,2024-02-09 19:00,45.65,0.2,12.61,Apparel,Online,Not Returned,High,1186.9,VIP
870629,Notebook,24,2024-02-09 20:00,65.07,0.15,21.88,Apparel,In-store,Not Returned,Medium,1561.6799999999998,VIP
610956,Wall Clock,38,2024-02-11 07:00,37.95,0.22,14.43,Apparel,In-store,Not Returned,High,1442.1,VIP
662726,USB Cable,34,2024-02-11 16:00,39.03,0.08,10.8,Apparel,Online,Not Returned,Medium,1327.02,VIP
179369,Blue Pen,29,2024-02-11 18:00,76.43,0.37,17.98,Apparel,In-store,Not Returned,Medium,2216.4700000000003,VIP
904566,USB Cable,24,2024-02-11 19:00,63.86,0.49,27.06,Apparel,Online,Not Returned,Low,1532.64,VIP
369719,Headphones,35,2024-02-11 20:00,44.15,0.01,28.62,Apparel,In-store,Not Returned,Low,1545.25,VIP
812059,Blue Pen,43,2024-02-12 12:00,42.05,0.49,26.38,Apparel,In-store,Not Returned,High,1808.15,VIP
727816,Wireless Mouse,17,2024-02-12 16:00,92.78,0.18,17.42,Apparel,In-store,Not Returned,High,1577.26,VIP
590021,Backpack,43,2024-02-13 00:00,59.02,0.02,10.17,Apparel,Online,Returned,Medium,2537.86,VIP
948248,Wall Clock,37,2024-02-14 06:00,46.07,0.36,29.35,Apparel,Online,Not Returned,Low,1704.59,VIP
319832,Backpack,43,2024-02-14 09:00,47.34,0.09,20.83,Apparel,In-store,Not Returned,High,2035.62,VIP
197519,Headphones,35,2024-02-15 23:00,89.98,0.28,5.15,Apparel,Online,Not Returned,High,3149.3,VIP
916200,Desk Lamp,43,2024-02-17 04:00,28.02,0.4,10.21,Apparel,Online,Not Returned,High,1204.86,VIP
216070,Headphones,34,2024-02-17 13:00,37.7,0.16,16.85,Apparel,Online,Returned,Medium,1281.8000000000002,VIP
124610,Headphones,41,2024-02-17 19:00,96.95,0.42,22.0,Apparel,In-store,Not Returned,Low,3974.95,VIP
656862,USB Cable,40,2024-02-19 00:00,94.97,0.18,15.69,Apparel,Online,Not Returned,Medium,3798.8,VIP
899336,T-shirt,48,2024-02-19 12:00,39.37,0.44,17.99,Apparel,In-store,Not Returned,High,1889.76,VIP
336515,Headphones,21,2024-02-20 04:00,52.87,0.19,24.82,Apparel,Online,Not Returned,Medium,1110.27,VIP
302811,Wireless Mouse,30,2024-02-20 08:00,91.73,0.32,24.27,Apparel,Online,Not Returned,Medium,2751.9,VIP
234577,Wall Clock,48,2024-02-20 17:00,57.34,0.32,23.16,Apparel,Online,Not Returned,High,2752.32,VIP
186995,Blue Pen,28,2024-02-21 02:00,86.14,0.18,28.48,Apparel,Online,Returned,Medium,2411.92,VIP
225154,T-shirt,44,2024-02-21 10:00,98.17,0.46,7.77,Apparel,Online,Not Returned,High,4319.4800000000005,VIP
367868,Blue Pen,18,2024-02-21 15:00,74.51,0.26,19.62,Apparel,In-store,Not Returned,Medium,1341.18,VIP
613426,T-shirt,30,2024-02-22 08:00,88.58,0.12,17.27,Apparel,In-store,Not Returned,Medium,2657.4,VIP
916084,Office Chair,29,2024-02-23 13:00,37.94,0.01,28.54,Apparel,In-store,Not Returned,Low,1100.26,VIP
677780,Wireless Mouse,47,2024-02-23 17:00,38.16,0.33,29.01,Apparel,In-store,Not Returned,High,1793.5199999999998,VIP
755873,USB Cable,42,2024-02-24 12:00,37.94,0.3,8.61,Apparel,In-store,Not Returned,High,1593.48,VIP
820375,Backpack,43,2024-02-24 13:00,89.74,0.1,20.9,Apparel,In-store,Not Returned,Medium,3858.82,VIP
312531,Headphones,30,2024-02-24 18:00,40.78,0.41,14.64,Apparel,Online,Not Returned,High,1223.4,VIP
688467,Office Chair,23,2024-02-24 20:00,65.56,0.31,6.06,Apparel,In-store,Not Returned,Medium,1507.88,VIP
390250,T-shirt,22,2024-02-25 13:00,49.88,0.45,13.27,Apparel,In-store,Returned,High,1097.36,VIP
409332,USB Cable,43,2024-02-26 05:00,90.12,0.47,19.41,Apparel,In-store,Not Returned,High,3875.16,VIP
579130,White Mug,34,2024-02-27 04:00,56.13,0.39,7.14,Apparel,In-store,Returned,High,1908.42,VIP
571927,Wireless Mouse,49,2024-02-27 17:00,96.2,0.41,20.98,Apparel,In-store,Not Returned,Medium,4713.8,VIP
544747,Backpack,24,2024-02-27 18:00,80.42,0.09,17.87,Apparel,Online,Not Returned,Medium,1930.08,VIP
297128,White Mug,25,2024-02-28 03:00,57.16,0.48,24.65,Apparel,Online,Not Returned,Medium,1429.0,VIP
349336,Desk Lamp,48,2024-02-28 04:00,96.94,0.33,19.23,Apparel,Online,Not Returned,High,4653.12,VIP
106258,Wireless Mouse,39,2024-02-28 07:00,80.21,0.31,18.23,Apparel,In-store,Not Returned,High,3128.19,VIP
639742,Wireless Mouse,45,2024-02-28 10:00,30.28,0.27,30.0,Apparel,Online,Not Returned,Low,1362.6,VIP
435823,USB Cable,26,2024-02-28 16:00,70.02,0.19,28.05,Apparel,Online,Not Returned,Low,1820.52,VIP
480929,White Mug,42,2024-02-28 18:00,54.71,0.07,22.13,Apparel,Online,Not Returned,Low,2297.82,VIP
124946,T-shirt,37,2024-02-29 05:00,93.59,0.29,11.9,Apparel,Online,Not Returned,Medium,3462.83,VIP
751568,Desk Lamp,15,2024-02-29 11:00,99.1,0.15,27.22,Apparel,Online,Not Returned,Medium,1486.5,VIP
544861,T-shirt,16,2024-02-29 15:00,78.96,0.11,6.32,Apparel,Online,Not Returned,Medium,1263.36,VIP
114927,Blue Pen,30,2024-02-29 20:00,75.73,0.36,5.3,Apparel,In-store,Not Returned,Low,2271.9,VIP
245352,Headphones,39,2024-02-29 23:00,96.74,0.42,21.82,Apparel,Online,Returned,Low,3772.86,VIP
965356,Wall Clock,47,2024-03-01 16:00,99.99,0.4,15.8,Apparel,In-store,Not Returned,High,4699.53,VIP
433268,T-shirt,38,2024-03-02 02:00,96.8,0.08,24.64,Apparel,In-store,Not Returned,Low,3678.4,VIP
734480,Backpack,47,2024-03-03 06:00,81.11,0.18,14.74,Apparel,Online,Not Returned,Medium,3812.17,VIP
357426,Wall Clock,42,2024-03-03 19:00,58.62,0.46,24.41,Apparel,In-store,Not Returned,Low,2462.04,VIP
929975,Headphones,13,2024-03-04 05:00,96.33,0.34,7.49,Apparel,In-store,Not Returned,High,1252.29,VIP
276096,Wall Clock,43,2024-03-04 18:00,97.41,0.48,20.95,Apparel,In-store,Not Returned,Medium,4188.63,VIP
385389,Wall Clock,-35,2024-03-04 20:00,-58.32,1.5567592360670497,,Apparel,In-store,Not Returned,Medium,2041.2,VIP
760975,Desk Lamp,32,2024-03-05 17:00,55.09,0.03,22.07,Apparel,In-store,Returned,High,1762.88,VIP
506294,Backpack,19,2024-03-05 22:00,60.91,0.27,16.67,Apparel,Online,Not Returned,Low,1157.29,VIP
133430,Wall Clock,35,2024-03-06 07:00,64.54,0.33,26.79,Apparel,In-store,Returned,Medium,2258.9,VIP
942059,Office Chair,36,2024-03-06 08:00,87.37,0.47,27.58,Apparel,In-store,Not Returned,Medium,3145.32,VIP
313009,Notebook,31,2024-03-06 20:00,68.01,0.09,26.21,Apparel,In-store,Not Returned,Low,2108.31,VIP
864173,Notebook,37,2024-03-07 03:00,96.94,0.4,26.55,Apparel,In-store,Not Returned,Low,3586.78,VIP
139875,Notebook,33,2024-03-07 19:00,41.03,0.48,21.91,Apparel,Online,Returned,High,1353.99,VIP
455487,T-shirt,38,2024-03-08 03:00,73.94,0.24,27.02,Apparel,In-store,Not Returned,Low,2809.72,VIP
335010,USB Cable,25,2024-03-08 13:00,45.39,0.07,29.41,Apparel,Online,Not Returned,Low,1134.75,VIP
341943,Wireless Mouse,41,2024-03-08 14:00,32.96,0.35,22.5,Apparel,Online,Not Returned,Low,1351.36,VIP
690739,Wireless Mouse,15,2024-03-08 20:00,79.06,0.46,29.2,Apparel,In-store,Not Returned,Low,1185.9,VIP
506885,Office Chair,46,2024-03-08 22:00,57.28,0.38,19.27,Apparel,In-store,Not Returned,Low,2634.88,VIP
858312,Notebook,43,2024-03-09 04:00,59.55,0.46,14.2,Apparel,Online,Not Returned,Medium,2560.65,VIP
609958,Blue Pen,38,2024-03-10 23:00,71.77,0.33,28.14,Apparel,Online,Not Returned,Low,2727.26,VIP
735101,Wireless Mouse,15,2024-03-11 11:00,79.58,0.18,10.51,Apparel,Online,Not Returned,Medium,1193.7,VIP
626919,T-shirt,36,2024-03-11 13:00,81.38,0.41,12.38,Apparel,In-store,Not Returned,High,2929.68,VIP
468544,T-shirt,-15,2024-03-11 15:00,-79.79,1.553680866650613,,Apparel,Online,Returned,High,1196.85,VIP
891794,Wireless Mouse,37,2024-03-11 22:00,99.2,0.26,9.28,Apparel,Online,Not Returned,Medium,3670.4,VIP
370241,Desk Lamp,47,2024-03-11 23:00,89.26,0.13,13.6,Apparel,In-store,Returned,Low,4195.22,VIP
760959,USB Cable,47,2024-03-12 02:00,66.36,0.47,24.06,Apparel,In-store,Not Returned,High,3118.92,VIP
434320,Desk Lamp,33,2024-03-12 08:00,69.87,0.43,18.26,Apparel,In-store,Returned,High,2305.71,VIP
676968,T-shirt,27,2024-03-12 18:00,83.91,0.23,8.58,Apparel,Online,Returned,High,2265.57,VIP
643080,Wireless Mouse,43,2024-03-12 19:00,63.38,0.29,8.9,Apparel,In-store,Not Returned,Medium,2725.34,VIP
590726,Blue Pen,30,2024-03-14 01:00,57.81,0.42,25.64,Apparel,Online,Not Returned,High,1734.3000000000002,VIP
755771,USB Cable,46,2024-03-14 06:00,45.06,0.16,12.35,Apparel,Online,Not Returned,High,2072.76,VIP
304957,Wall Clock,36,2024-03-14 13:00,41.75,0.22,24.11,Apparel,In-store,Not Returned,High,1503.0,VIP
511200,Headphones,24,2024-03-14 14:00,60.2,0.48,24.77,Apparel,Online,Not Returned,Low,1444.8000000000002,VIP
531690,Desk Lamp,19,2024-03-14 18:00,77.96,0.03,19.35,Apparel,Online,Not Returned,High,1481.2399999999998,VIP
305855,Backpack,29,2024-03-15 09:00,90.55,0.02,9.2,Apparel,In-store,Not Returned,Medium,2625.95,VIP
110771,Notebook,40,2024-03-15 10:00,50.41,0.43,6.17,Apparel,Online,Not Returned,Medium,2016.4,VIP
231238,Blue Pen,14,2024-03-15 19:00,77.92,0.16,23.85,Apparel,Online,Not Returned,Low,1090.88,VIP
620317,Blue Pen,43,2024-03-18 00:00,54.2,0.12,9.41,Apparel,In-store,Not Returned,Low,2330.6,VIP
546353,Blue Pen,47,2024-03-18 02:00,49.88,0.16,24.73,Apparel,Online,Not Returned,Medium,2344.36,VIP
633671,Desk Lamp,33,2024-03-18 10:00,34.35,0.18,21.87,Apparel,In-store,Not Returned,High,1133.55,VIP
531700,Wall Clock,18,2024-03-18 15:00,91.77,0.49,10.9,Apparel,In-store,Not Returned,High,1651.86,VIP
198236,Wireless Mouse,49,2024-03-18 22:00,36.59,0.16,7.04,Apparel,In-store,Not Returned,Medium,1792.91,VIP
960062,USB Cable,41,2024-03-19 16:00,72.05,0.42,28.1,Apparel,Online,Not Returned,High,2954.05,VIP
644809,Backpack,36,2024-03-19 20:00,39.37,0.42,29.64,Apparel,Online,Not Returned,High,1417.32,VIP
426452,USB Cable,41,2024-03-19 21:00,97.95,0.4,6.83,Apparel,In-store,Not Returned,Low,4015.95,VIP
956395,Office Chair,19,2024-03-20 01:00,63.64,0.49,14.52,Apparel,Online,Not Returned,High,1209.16,VIP
570864,White Mug,26,2024-03-20 18:00,40.32,0.34,11.81,Apparel,In-store,Not Returned,Low,1048.32,VIP
652219,T-shirt,49,2024-03-21 15:00,55.89,0.15,12.46,Apparel,In-store,Not Returned,Medium,2738.61,VIP
210888,Notebook,34,2024-03-22 01:00,56.87,0.47,21.04,Apparel,In-store,Not Returned,High,1933.58,VIP
634497,Office Chair,15,2024-03-22 18:00,75.14,0.39,29.35,Apparel,Online,Not Returned,Low,1127.1,VIP
711620,USB Cable,34,2024-03-23 19:00,68.08,0.06,11.22,Apparel,Online,Not Returned,High,2314.72,VIP
760495,Office Chair,24,2024-03-24 18:00,85.88,0.15,28.13,Apparel,In-store,Not Returned,Low,2061.12,VIP
871845,T-shirt,13,2024-03-25 07:00,99.42,0.34,9.74,Apparel,Online,Not Returned,High,1292.46,VIP
591592,Headphones,42,2024-03-25 12:00,40.46,0.45,26.45,Apparel,In-store,Not Returned,High,1699.32,VIP
329645,Wall Clock,49,2024-03-25 20:00,87.61,0.18,26.12,Apparel,In-store,Not Returned,Low,4292.89,VIP
421070,Backpack,12,2024-03-27 07:00,87.62,0.01,18.23,Apparel,Online,Not Returned,Medium,1051.44,VIP
472838,Headphones,22,2024-03-27 12:00,78.72,0.12,20.39,Apparel,Online,Not Returned,High,1731.84,VIP
446439,Wireless Mouse,13,2024-03-27 13:00,93.05,0.02,21.79,Apparel,Online,Not Returned,Medium,1209.65,VIP
538345,T-shirt,16,2024-03-28 04:00,95.98,0.15,27.66,Apparel,Online,Not Returned,High,1535.68,VIP
726701,USB Cable,42,2024-03-30 00:00,95.35,0.26,5.39,Apparel,In-store,Not Returned,High,4004.7,VIP
873341,Blue Pen,18,2024-03-30 03:00,62.58,0.02,25.41,Apparel,Online,Not Returned,High,1126.44,VIP
461063,Headphones,42,2024-03-30 05:00,45.37,0.47,23.22,Apparel,Online,Not Returned,Medium,1905.54,VIP
651665,Wireless Mouse,35,2024-03-30 19:00,79.73,0.06,14.16,Apparel,In-store,Not Returned,Medium,2790.55,VIP
912130,T-shirt,37,2024-03-31 03:00,75.86,0.47,13.69,Apparel,Online,Not Returned,High,2806.82,VIP
669457,Backpack,-48,2024-03-31 05:00,-87.23,1.120630097899188,,Apparel,Online,Not Returned,Medium,4187.04,VIP
985006,Headphones,40,2024-03-31 06:00,96.18,0.3,14.59,Apparel,In-store,Not Returned,High,3847.2,VIP
733056,Wireless Mouse,48,2024-03-31 10:00,70.15,0.03,10.77,Apparel,In-store,Not Returned,Low,3367.2000000000003,VIP
815132,Office Chair,42,2024-03-31 14:00,70.74,0.04,18.34,Apparel,Online,Not Returned,Low,2971.08,VIP
450663,USB Cable,41,2024-03-31 19:00,68.84,0.34,10.86,Apparel,Online,Not Returned,Medium,2822.44,VIP
887627,Headphones,25,2024-04-01 16:00,53.26,0.45,10.79,Apparel,In-store,Not Returned,High,1331.5,VIP
627925,Backpack,35,2024-04-02 05:00,55.91,0.28,17.79,Apparel,Online,Not Returned,High,1956.85,VIP
318371,T-shirt,43,2024-04-02 12:00,30.27,0.24,19.8,Apparel,Online,Not Returned,Low,1301.61,VIP
360515,Wireless Mouse,32,2024-04-02 15:00,37.62,0.03,17.77,Apparel,In-store,Not Returned,Medium,1203.84,VIP
164427,Wireless Mouse,45,2024-04-03 01:00,82.58,0.29,10.27,Apparel,In-store,Not Returned,Medium,3716.1,VIP
708657,Office Chair,18,2024-04-03 02:00,68.37,0.24,13.57,Apparel,In-store,Not Returned,Medium,1230.66,VIP
332872,Backpack,39,2024-04-03 05:00,73.03,0.08,24.85,Apparel,Online,Not Returned,Low,2848.17,VIP
867436,Headphones,30,2024-04-03 20:00,68.2,0.25,24.83,Apparel,In-store,Not Returned,Medium,2046.0,VIP
143655,Headphones,22,2024-04-04 03:00,96.34,0.01,21.8,Apparel,In-store,Not Returned,Medium,2119.48,VIP
310741,Backpack,25,2024-04-04 07:00,75.46,0.44,15.91,Apparel,In-store,Not Returned,Medium,1886.5,VIP
733186,Headphones,19,2024-04-04 12:00,95.72,0.36,8.39,Apparel,In-store,Not Returned,Medium,1818.68,VIP
715619,White Mug,41,2024-04-04 17:00,79.68,0.19,11.39,Apparel,Online,Not Returned,High,3266.88,VIP
566676,Wall Clock,48,2024-04-05 06:00,28.23,0.28,23.37,Apparel,In-store,Not Returned,Low,1355.04,VIP
120098,T-shirt,47,2024-04-05 17:00,44.69,0.05,18.24,Apparel,Online,Not Returned,High,2100.43,VIP
244408,T-shirt,20,2024-04-06 06:00,71.47,0.49,25.18,Apparel,In-store,Not Returned,High,1429.4,VIP
615501,Blue Pen,32,2024-04-06 08:00,42.37,0.25,6.18,Apparel,In-store,Not Returned,Low,1355.84,VIP
766699,T-shirt,44,2024-04-06 23:00,47.09,0.17,9.85,Apparel,Online,Not Returned,Low,2071.96,VIP
656327,Wireless Mouse,14,2024-04-07 00:00,91.09,0.42,7.63,Apparel,In-store,Not Returned,Low,1275.26,VIP
903691,Backpack,43,2024-04-07 04:00,76.13,0.05,16.0,Apparel,Online,Not Returned,High,3273.59,VIP
278164,Blue Pen,33,2024-04-07 18:00,86.61,0.27,21.39,Apparel,In-store,Not Returned,Medium,2858.13,VIP
600475,Desk Lamp,36,2024-04-07 21:00,28.39,0.5,26.62,Apparel,Online,Not Returned,Medium,1022.04,VIP
397753,USB Cable,49,2024-04-08 03:00,50.24,0.49,6.48,Apparel,Online,Not Returned,Medium,2461.76,VIP
602550,Backpack,40,2024-04-08 14:00,29.79,0.35,16.68,Apparel,In-store,Not Returned,High,1191.6,VIP
381472,Backpack,40,2024-04-08 22:00,90.49,0.19,11.16,Apparel,In-store,Not Returned,High,3619.6,VIP
915539,Notebook,32,2024-04-09 02:00,49.34,0.44,20.55,Apparel,In-store,Not Returned,Low,1578.88,VIP
207412,T-shirt,26,2024-04-09 19:00,54.8,0.37,11.31,Apparel,In-store,Not Returned,High,1424.8,VIP
740006,Notebook,21,2024-04-11 20:00,70.95,0.36,9.29,Apparel,In-store,Not Returned,Low,1489.95,VIP
622853,T-shirt,30,2024-04-12 04:00,42.56,0.33,13.67,Apparel,Online,Not Returned,High,1276.8000000000002,VIP
928927,Backpack,18,2024-04-13 06:00,69.69,0.48,13.81,Apparel,In-store,Not Returned,Low,1254.42,VIP
792669,Desk Lamp,34,2024-04-13 12:00,50.49,0.31,22.87,Apparel,Online,Not Returned,High,1716.66,VIP
494283,T-shirt,48,2024-04-13 16:00,49.91,0.13,6.97,Apparel,Online,Not Returned,High,2395.68,VIP
283863,White Mug,38,2024-04-13 23:00,68.68,0.04,21.17,Apparel,Online,Not Returned,Medium,2609.84,VIP
655699,USB Cable,47,2024-04-14 04:00,23.04,0.17,13.04,Apparel,Online,Not Returned,Low,1082.88,VIP
790944,Backpack,40,2024-04-14 06:00,39.12,0.38,21.44,Apparel,In-store,Not Returned,Low,1564.8,VIP
786962,USB Cable,-35,2024-04-14 08:00,-49.53,0.45,,Apparel,In-store,Not Returned,High,1733.55,VIP
764458,Backpack,26,2024-04-14 23:00,47.53,0.07,25.2,Apparel,In-store,Not Returned,Low,1235.78,VIP
107898,Blue Pen,43,2024-04-15 06:00,53.22,0.42,21.69,Apparel,Online,Returned,Medium,2288.46,VIP
346447,T-shirt,41,2024-04-15 19:00,31.68,0.4,23.97,Apparel,Online,Not Returned,Low,1298.88,VIP
613481,Headphones,35,2024-04-15 20:00,48.63,0.2,5.76,Apparel,In-store,Not Returned,High,1702.0500000000002,VIP
115096,Blue Pen,41,2024-04-16 23:00,83.96,0.32,14.26,Apparel,Online,Not Returned,High,3442.36,VIP
218160,Wireless Mouse,34,2024-04-17 03:00,77.05,0.38,11.52,Apparel,Online,Not Returned,High,2619.7,VIP
182774,Desk Lamp,24,2024-04-17 11:00,47.36,0.42,16.15,Apparel,In-store,Not Returned,Medium,1136.64,VIP
996671,Headphones,19,2024-04-17 12:00,92.62,0.45,18.05,Apparel,In-store,Not Returned,High,1759.7800000000002,VIP
515631,T-shirt,29,2024-04-17 23:00,44.04,0.36,8.34,Apparel,In-store,Not Returned,Low,1277.16,VIP
953100,Wireless Mouse,41,2024-04-18 00:00,54.96,0.17,17.14,Apparel,Online,Not Returned,High,2253.36,VIP
152287,Headphones,31,2024-04-18 02:00,93.2,0.32,19.8,Apparel,In-store,Not Returned,High,2889.2000000000003,VIP
612142,Desk Lamp,44,2024-04-18 23:00,98.25,0.04,12.9,Apparel,In-store,Not Returned,Low,4323.0,VIP
812910,Backpack,35,2024-04-19 00:00,44.84,0.02,25.84,Apparel,In-store,Not Returned,Low,1569.4,VIP
623464,White Mug,29,2024-04-19 03:00,48.98,0.15,22.47,Apparel,Online,Not Returned,Medium,1420.4199999999998,VIP
849778,Blue Pen,31,2024-04-19 04:00,48.51,0.02,27.75,Apparel,In-store,Not Returned,High,1503.81,VIP
279121,Wall Clock,19,2024-04-19 12:00,55.37,0.42,29.71,Apparel,In-store,Not Returned,Low,1052.03,VIP
532233,Blue Pen,30,2024-04-20 11:00,73.83,0.04,12.08,Apparel,Online,Not Returned,Low,2214.9,VIP
632912,Backpack,38,2024-04-21 08:00,59.88,0.44,14.9,Apparel,Online,Not Returned,Medium,2275.44,VIP
908054,USB Cable,47,2024-04-21 14:00,63.25,0.05,6.8,Apparel,In-store,Not Returned,Medium,2972.75,VIP
540333,Notebook,40,2024-04-22 08:00,29.23,0.46,24.25,Apparel,Online,Not Returned,High,1169.2,VIP
290697,Backpack,39,2024-04-22 21:00,75.81,0.03,17.43,Apparel,Online,Not Returned,Low,2956.59,VIP
379403,Headphones,43,2024-04-23 11:00,72.53,0.04,22.85,Apparel,Online,Not Returned,Low,3118.79,VIP
305342,Headphones,25,2024-04-23 13:00,63.96,0.47,20.86,Apparel,Online,Not Returned,Medium,1599.0,VIP
972851,Backpack,20,2024-04-23 17:00,85.23,0.44,29.76,Apparel,In-store,Returned,High,1704.6,VIP
672546,Wall Clock,30,2024-04-24 07:00,50.0,0.38,18.18,Apparel,In-store,Not Returned,High,1500.0,VIP
119348,Wireless Mouse,43,2024-04-24 12:00,86.04,0.05,18.44,Apparel,Online,Returned,Medium,3699.72,VIP
593358,Desk Lamp,-31,2024-04-25 04:00,-59.29,1.312709820724303,,Apparel,Online,Not Returned,Medium,1837.99,VIP
982620,Office Chair,18,2024-04-26 03:00,92.94,0.25,18.46,Apparel,Online,Not Returned,Low,1672.92,VIP
731230,Wireless Mouse,22,2024-04-26 04:00,54.13,0.23,22.71,Apparel,Online,Not Returned,High,1190.86,VIP
715680,Wall Clock,49,2024-04-26 06:00,87.78,0.0,25.42,Apparel,In-store,Returned,Medium,4301.22,VIP
478936,Backpack,45,2024-04-26 18:00,77.06,0.45,12.28,Apparel,Online,Not Returned,High,3467.7000000000003,VIP
840712,T-shirt,16,2024-04-27 03:00,93.75,0.32,28.59,Apparel,In-store,Not Returned,Medium,1500.0,VIP
822525,Desk Lamp,34,2024-04-27 05:00,96.94,0.13,19.53,Apparel,Online,Not Returned,Medium,3295.96,VIP
916243,Wall Clock,48,2024-04-29 03:00,71.2,0.03,5.12,Apparel,In-store,Not Returned,Low,3417.6000000000004,VIP
335358,T-shirt,24,2024-04-29 15:00,91.48,0.09,24.89,Apparel,Online,Not Returned,High,2195.52,VIP
756431,Office Chair,46,2024-04-29 21:00,52.54,0.44,23.89,Apparel,Online,Not Returned,Low,2416.84,VIP
779493,USB Cable,45,2024-04-30 01:00,35.21,0.19,16.19,Apparel,Online,Not Returned,Medium,1584.45,VIP
485468,Backpack,25,2024-04-30 07:00,72.83,0.02,5.91,Apparel,In-store,Not Returned,Medium,1820.75,VIP
271414,Wall Clock,20,2024-04-30 16:00,60.32,0.29,27.52,Apparel,Online,Not Returned,High,1206.4,VIP
262282,USB Cable,25,2024-04-30 19:00,85.42,0.14,14.78,Apparel,Online,Not Returned,Medium,2135.5,VIP
299372,Notebook,49,2024-04-30 23:00,41.55,0.07,5.6,Apparel,Online,Not Returned,High,2035.95,VIP
239271,Notebook,48,2024-05-01 03:00,37.76,0.06,17.35,Apparel,Online,Not Returned,Low,1812.48,VIP
218562,T-shirt,34,2024-05-01 09:00,63.85,0.06,19.31,Apparel,In-store,Not Returned,Medium,2170.9,VIP
174625,Backpack,48,2024-05-01 18:00,25.71,0.2,16.63,Apparel,In-store,Not Returned,Low,1234.08,VIP
729923,Desk Lamp,28,2024-05-02 04:00,78.98,0.12,21.01,Apparel,In-store,Not Returned,Medium,2211.44,VIP
652045,Backpack,37,2024-05-02 14:00,86.72,0.16,19.28,Apparel,Online,Returned,Medium,3208.64,VIP
354457,Office Chair,49,2024-05-02 23:00,30.04,0.04,5.43,Apparel,In-store,Not Returned,High,1471.96,VIP
130569,White Mug,16,2024-05-03 02:00,84.33,0.1,8.72,Apparel,Online,Not Returned,Medium,1349.28,VIP
368770,White Mug,28,2024-05-03 05:00,73.41,0.41,14.31,Apparel,Online,Not Returned,Low,2055.48,VIP
353695,Backpack,36,2024-05-03 08:00,68.65,0.07,22.96,Apparel,Online,Returned,High,2471.4,VIP
247334,T-shirt,16,2024-05-03 14:00,62.87,0.02,17.75,Apparel,Online,Not Returned,Low,1005.92,VIP
868568,T-shirt,46,2024-05-03 16:00,78.2,0.23,24.53,Apparel,In-store,Not Returned,Low,3597.2000000000003,VIP
849861,USB Cable,21,2024-05-03 18:00,61.26,0.2,14.49,Apparel,In-store,Not Returned,Low,1286.46,VIP
738898,White Mug,27,2024-05-04 10:00,92.62,0.08,6.7,Apparel,Online,Returned,Low,2500.74,VIP
513830,White Mug,30,2024-05-04 12:00,86.39,0.05,6.76,Apparel,In-store,Not Returned,High,2591.7,VIP
229417,Wireless Mouse,21,2024-05-04 23:00,73.63,0.47,20.87,Apparel,In-store,Not Returned,Medium,1546.23,VIP
967794,Backpack,14,2024-05-05 01:00,99.21,0.18,11.14,Apparel,Online,Not Returned,Low,1388.9399999999998,VIP
435676,Office Chair,16,2024-05-06 03:00,66.05,0.18,14.19,Apparel,Online,Not Returned,Low,1056.8,VIP
334840,Wireless Mouse,17,2024-05-06 07:00,85.9,0.28,27.39,Apparel,Online,Not Returned,Low,1460.3000000000002,VIP
516320,USB Cable,19,2024-05-06 08:00,62.16,0.22,20.56,Apparel,Online,Not Returned,Low,1181.04,VIP
975817,Headphones,37,2024-05-06 18:00,91.94,0.09,23.11,Apparel,Online,Not Returned,Low,3401.78,VIP
966603,Blue Pen,16,2024-05-07 10:00,73.67,0.08,26.9,Apparel,In-store,Not Returned,Low,1178.72,VIP
827995,Notebook,30,2024-05-07 17:00,74.57,0.28,18.33,Apparel,Online,Not Returned,Low,2237.1,VIP
100537,Blue Pen,18,2024-05-07 20:00,99.69,0.37,18.37,Apparel,Online,Not Returned,Low,1794.42,VIP
738521,T-shirt,24,2024-05-07 21:00,93.83,0.16,19.76,Apparel,In-store,Not Returned,Medium,2251.92,VIP
820143,Backpack,18,2024-05-08 10:00,60.5,0.31,26.64,Apparel,In-store,Not Returned,Low,1089.0,VIP
755411,Headphones,15,2024-05-08 14:00,99.64,0.24,24.31,Apparel,In-store,Not Returned,High,1494.6,VIP
770997,Blue Pen,29,2024-05-09 09:00,70.57,0.12,13.32,Apparel,Online,Not Returned,Medium,2046.53,VIP
580686,White Mug,47,2024-05-09 18:00,72.26,0.34,27.6,Apparel,Online,Returned,High,3396.2200000000003,VIP
230560,T-shirt,32,2024-05-10 10:00,74.82,0.3,17.67,Apparel,In-store,Not Returned,Low,2394.24,VIP
640480,Notebook,49,2024-05-11 09:00,44.38,0.25,29.52,Apparel,Online,Not Returned,High,2174.6200000000003,VIP
127551,Backpack,39,2024-05-11 12:00,35.35,0.24,8.59,Apparel,In-store,Not Returned,Low,1378.65,VIP
288955,Headphones,31,2024-05-12 03:00,54.18,0.1,28.92,Apparel,Online,Not Returned,High,1679.58,VIP
421343,Wall Clock,40,2024-05-12 12:00,78.59,0.05,13.85,Apparel,In-store,Not Returned,High,3143.6000000000004,VIP
554516,Backpack,41,2024-05-13 22:00,44.25,0.41,25.7,Apparel,In-store,Not Returned,Medium,1814.25,VIP
188641,Blue Pen,41,2024-05-14 03:00,29.57,0.07,15.44,Apparel,In-store,Not Returned,High,1212.37,VIP
172306,Blue Pen,22,2024-05-15 05:00,54.2,0.22,27.93,Apparel,In-store,Not Returned,Low,1192.4,VIP
586208,USB Cable,24,2024-05-15 17:00,95.68,0.25,6.96,Apparel,Online,Not Returned,Low,2296.32,VIP
315796,Blue Pen,32,2024-05-16 08:00,31.56,0.28,23.13,Apparel,Online,Returned,High,1009.92,VIP
879933,Backpack,47,2024-05-16 16:00,32.19,0.35,22.08,Apparel,In-store,Not Returned,Low,1512.9299999999998,VIP
904172,Desk Lamp,38,2024-05-17 10:00,73.09,0.45,5.67,Apparel,In-store,Returned,High,2777.42,VIP
898220,USB Cable,25,2024-05-17 12:00,63.61,0.12,5.34,Apparel,In-store,Not Returned,Medium,1590.25,VIP
823569,USB Cable,48,2024-05-17 21:00,81.84,0.46,17.85,Apparel,Online,Returned,Medium,3928.32,VIP
528729,Notebook,22,2024-05-18 13:00,82.57,0.45,29.2,Apparel,Online,Not Returned,Medium,1816.54,VIP
386804,Wall Clock,23,2024-05-18 15:00,92.42,0.26,19.63,Apparel,Online,Not Returned,Low,2125.66,VIP
380952,Desk Lamp,48,2024-05-18 21:00,74.18,0.03,25.65,Apparel,In-store,Not Returned,Low,3560.6400000000003,VIP
276148,Wall Clock,23,2024-05-19 04:00,51.59,0.13,20.73,Apparel,In-store,Not Returned,High,1186.5700000000002,VIP
362190,Blue Pen,41,2024-05-20 16:00,38.75,0.22,18.85,Apparel,Online,Not Returned,Medium,1588.75,VIP
840302,Wall Clock,40,2024-05-20 19:00,68.9,0.34,18.28,Apparel,Online,Not Returned,Low,2756.0,VIP
208885,T-shirt,26,2024-05-21 13:00,90.84,0.47,20.37,Apparel,Online,Not Returned,Medium,2361.84,VIP
277996,Wireless Mouse,46,2024-05-22 00:00,51.09,0.05,22.49,Apparel,In-store,Not Returned,High,2350.1400000000003,VIP
390274,Headphones,43,2024-05-22 03:00,98.8,0.29,8.04,Apparel,In-store,Returned,Medium,4248.4,VIP
501843,Wall Clock,36,2024-05-22 17:00,100.0,0.29,13.09,Apparel,In-store,Not Returned,Medium,3600.0,VIP
551333,Backpack,25,2024-05-23 02:00,80.88,0.46,5.11,Apparel,In-store,Not Returned,High,2022.0,VIP
110248,Office Chair,36,2024-05-23 23:00,68.87,0.3,10.27,Apparel,In-store,Returned,High,2479.32,VIP
187721,Wireless Mouse,-33,2024-05-24 08:00,-38.44,1.1115614400252924,,Apparel,In-store,Not Returned,High,1268.52,VIP
119133,White Mug,49,2024-05-24 09:00,34.11,0.08,26.56,Apparel,Online,Not Returned,Medium,1671.39,VIP
111179,Wireless Mouse,31,2024-05-24 15:00,86.4,0.06,17.43,Apparel,In-store,Not Returned,Medium,2678.4,VIP
995008,Notebook,45,2024-05-25 04:00,44.33,0.21,9.92,Apparel,In-store,Not Returned,Low,1994.85,VIP
752788,Headphones,42,2024-05-25 06:00,74.43,0.17,8.65,Apparel,Online,Not Returned,Low,3126.0600000000004,VIP
298498,Blue Pen,27,2024-05-25 12:00,72.62,0.05,27.93,Apparel,Online,Not Returned,Low,1960.74,VIP
860164,Wireless Mouse,16,2024-05-25 17:00,80.82,0.02,18.55,Apparel,Online,Returned,Low,1293.12,VIP
289986,Wireless Mouse,29,2024-05-26 01:00,46.8,0.24,12.73,Apparel,Online,Not Returned,High,1357.1999999999998,VIP
660685,Blue Pen,38,2024-05-26 03:00,28.43,0.31,15.38,Apparel,Online,Not Returned,High,1080.34,VIP
567582,Office Chair,19,2024-05-26 10:00,80.96,0.28,11.79,Apparel,Online,Not Returned,High,1538.2399999999998,VIP
502550,White Mug,37,2024-05-26 11:00,91.27,0.4,7.78,Apparel,In-store,Not Returned,Low,3376.99,VIP
175848,Desk Lamp,29,2024-05-26 12:00,84.11,0.27,20.33,Apparel,Online,Not Returned,High,2439.19,VIP
226230,T-shirt,41,2024-05-26 16:00,52.26,0.05,9.09,Apparel,In-store,Not Returned,Low,2142.66,VIP
997607,Office Chair,39,2024-05-28 00:00,41.43,0.15,10.69,Apparel,In-store,Not Returned,High,1615.77,VIP
384316,Headphones,27,2024-05-28 23:00,69.87,0.0,25.39,Apparel,In-store,Not Returned,High,1886.49,VIP
933800,Notebook,47,2024-05-29 14:00,98.14,0.43,8.57,Apparel,In-store,Not Returned,Medium,4612.58,VIP
607823,T-shirt,37,2024-05-30 04:00,37.57,0.13,17.93,Apparel,Online,Not Returned,Medium,1390.09,VIP
661306,Wall Clock,46,2024-05-30 08:00,86.44,0.38,29.17,Apparel,Online,Not Returned,Low,3976.24,VIP
135030,Desk Lamp,39,2024-06-01 17:00,33.65,0.02,17.27,Apparel,Online,Not Returned,Medium,1312.35,VIP
569105,White Mug,31,2024-06-01 19:00,69.52,0.41,13.62,Apparel,In-store,Not Returned,High,2155.12,VIP
884994,Blue Pen,25,2024-06-02 00:00,49.36,0.45,29.11,Apparel,Online,Not Returned,Low,1234.0,VIP
445669,Backpack,40,2024-06-02 22:00,79.95,0.29,25.55,Apparel,In-store,Not Returned,Low,3198.0,VIP
331122,Headphones,41,2024-06-03 08:00,83.92,0.0,13.17,Apparel,Online,Not Returned,Low,3440.7200000000003,VIP
607426,USB Cable,35,2024-06-04 13:00,46.72,0.39,24.39,Apparel,Online,Not Returned,Medium,1635.2,VIP
919802,Headphones,17,2024-06-05 07:00,90.33,0.13,19.21,Apparel,In-store,Not Returned,High,1535.61,VIP
703225,USB Cable,14,2024-06-05 12:00,81.48,0.37,26.06,Apparel,In-store,Not Returned,Low,1140.72,VIP
310489,Blue Pen,27,2024-06-06 01:00,80.22,0.13,14.65,Apparel,In-store,Not Returned,Low,2165.94,VIP
207041,USB Cable,-38,2024-06-06 05:00,-35.6,1.6676157826342766,,Apparel,Online,Not Returned,High,1352.8,VIP
193220,Office Chair,42,2024-06-06 10:00,69.03,0.14,20.69,Apparel,In-store,Not Returned,Medium,2899.26,VIP
769913,Desk Lamp,23,2024-06-06 16:00,94.76,0.1,9.81,Apparel,In-store,Not Returned,Low,2179.48,VIP
240631,White Mug,38,2024-06-07 00:00,96.38,0.19,7.71,Apparel,Online,Not Returned,Medium,3662.44,VIP
594941,Blue Pen,18,2024-06-07 22:00,67.17,0.1,17.39,Apparel,In-store,Not Returned,Low,1209.06,VIP
175012,White Mug,25,2024-06-08 15:00,40.66,0.34,12.62,Apparel,Online,Not Returned,Medium,1016.5,VIP
835874,Backpack,44,2024-06-09 06:00,39.9,0.01,24.65,Apparel,Online,Not Returned,Medium,1755.6,VIP
854010,Desk Lamp,43,2024-06-10 13:00,57.85,0.28,10.3,Apparel,In-store,Not Returned,Low,2487.55,VIP
969722,USB Cable,42,2024-06-11 03:00,97.39,0.05,24.53,Apparel,Online,Not Returned,Low,4090.38,VIP
863747,Wireless Mouse,32,2024-06-11 06:00,96.41,0.35,12.79,Apparel,Online,Not Returned,Medium,3085.12,VIP
342791,Wireless Mouse,30,2024-06-11 08:00,77.3,0.18,5.21,Apparel,In-store,Not Returned,Medium,2319.0,VIP
773705,Wall Clock,43,2024-06-14 11:00,70.33,0.43,27.12,Apparel,Online,Not Returned,Medium,3024.19,VIP
794175,Headphones,18,2024-06-14 20:00,94.94,0.29,6.15,Apparel,In-store,Not Returned,High,1708.92,VIP
717932,Backpack,24,2024-06-15 15:00,61.4,0.07,29.36,Apparel,Online,Not Returned,Low,1473.6,VIP
900677,Notebook,24,2024-06-16 00:00,87.89,0.15,10.37,Apparel,In-store,Not Returned,Medium,2109.36,VIP
431687,Desk Lamp,40,2024-06-16 21:00,80.86,0.01,5.38,Apparel,In-store,Returned,High,3234.4,VIP
790147,Desk Lamp,29,2024-06-18 10:00,68.86,0.34,26.55,Apparel,In-store,Not Returned,Low,1996.94,VIP
242841,T-shirt,-42,2024-06-18 17:00,-75.84,0.15,,Apparel,Online,Not Returned,High,3185.28,VIP
138921,White Mug,14,2024-06-18 18:00,98.07,0.18,29.85,Apparel,In-store,Not Returned,High,1372.98,VIP
486942,Wireless Mouse,38,2024-06-18 23:00,37.17,0.29,26.42,Apparel,Online,Not Returned,Medium,1412.46,VIP
131403,Backpack,20,2024-06-19 15:00,69.69,0.18,14.51,Apparel,In-store,Not Returned,Low,1393.8,VIP
625002,USB Cable,16,2024-06-20 02:00,86.1,0.24,29.8,Apparel,In-store,Returned,High,1377.6,VIP
767211,USB Cable,34,2024-06-20 19:00,97.3,0.28,8.16,Apparel,In-store,Not Returned,Low,3308.2,VIP
741155,White Mug,37,2024-06-20 22:00,99.23,0.45,28.74,Apparel,Online,Not Returned,Medium,3671.51,VIP
206691,USB Cable,46,2024-06-22 08:00,65.73,0.35,11.46,Apparel,In-store,Not Returned,Low,3023.5800000000004,VIP
724264,Wireless Mouse,38,2024-06-23 00:00,77.07,0.49,11.0,Apparel,In-store,Returned,High,2928.66,VIP
560207,Office Chair,44,2024-06-23 02:00,31.11,0.18,12.36,Apparel,In-store,Not Returned,Low,1368.84,VIP
664082,Desk Lamp,19,2024-06-23 05:00,97.11,0.25,24.71,Apparel,Online,Not Returned,High,1845.09,VIP
113417,Notebook,37,2024-06-23 11:00,53.6,0.14,15.12,Apparel,In-store,Not Returned,Low,1983.2,VIP
150373,Wireless Mouse,28,2024-06-24 11:00,63.4,0.17,21.31,Apparel,Online,Not Returned,Medium,1775.2,VIP
897538,Desk Lamp,39,2024-06-24 22:00,68.32,0.31,17.63,Apparel,In-store,Not Returned,Medium,2664.48,VIP
646074,Backpack,21,2024-06-24 23:00,59.97,0.16,25.26,Apparel,Online,Not Returned,Low,1259.37,VIP
653780,Backpack,27,2024-06-26 05:00,50.11,0.43,21.98,Apparel,In-store,Not Returned,Medium,1352.97,VIP
711149,White Mug,41,2024-06-26 07:00,25.84,0.45,10.32,Apparel,Online,Returned,Medium,1059.44,VIP
273548,Office Chair,20,2024-06-28 05:00,61.18,0.22,27.84,Apparel,Online,Not Returned,Low,1223.6,VIP
209756,Backpack,27,2024-06-29 00:00,91.68,0.06,29.12,Apparel,Online,Not Returned,High,2475.36,VIP
651449,Blue Pen,26,2024-06-29 02:00,97.9,0.23,8.94,Apparel,Online,Returned,Medium,2545.4,VIP
201351,Headphones,25,2024-06-29 09:00,81.04,0.04,18.09,Apparel,Online,Not Returned,Low,2026.0,VIP
503476,Wall Clock,30,2024-06-29 11:00,50.51,0.01,21.2,Apparel,In-store,Not Returned,Medium,1515.3,VIP
467839,Wall Clock,27,2024-06-29 19:00,49.02,0.1,13.47,Apparel,Online,Not Returned,High,1323.5400000000002,VIP
478231,Blue Pen,47,2024-06-30 01:00,46.8,0.13,21.23,Apparel,In-store,Returned,High,2199.6,VIP
697688,White Mug,23,2024-06-30 08:00,97.83,0.04,10.94,Apparel,In-store,Not Returned,Medium,2250.09,VIP
165266,Blue Pen,35,2024-07-01 11:00,53.74,0.42,14.56,Apparel,In-store,Not Returned,Medium,1880.9,VIP
161804,White Mug,34,2024-07-02 00:00,67.4,0.06,9.55,Apparel,In-store,Not Returned,High,2291.6000000000004,VIP
144001,T-shirt,46,2024-07-02 04:00,22.56,0.16,16.06,Apparel,In-store,Not Returned,High,1037.76,VIP
522131,USB Cable,39,2024-07-02 06:00,38.99,0.09,16.21,Apparel,Online,Not Returned,Medium,1520.61,VIP
282974,Backpack,28,2024-07-02 12:00,61.5,0.26,29.57,Apparel,In-store,Not Returned,Low,1722.0,VIP
852525,White Mug,35,2024-07-03 12:00,96.9,0.35,23.1,Apparel,In-store,Not Returned,High,3391.5,VIP
556076,Wall Clock,-41,2024-07-04 03:00,-48.79,1.0027325835025973,,Apparel,In-store,Not Returned,High,2000.39,VIP
625148,Office Chair,36,2024-07-05 05:00,63.26,0.1,28.77,Apparel,In-store,Not Returned,Low,2277.36,VIP
111598,Desk Lamp,48,2024-07-05 21:00,64.65,0.41,22.14,Apparel,Online,Not Returned,Low,3103.2000000000003,VIP
465288,Blue Pen,36,2024-07-06 09:00,34.12,0.47,6.15,Apparel,In-store,Not Returned,Medium,1228.32,VIP
918582,White Mug,36,2024-07-07 06:00,74.24,0.19,9.48,Apparel,In-store,Not Returned,Medium,2672.64,VIP
297863,T-shirt,37,2024-07-07 07:00,97.04,0.04,19.56,Apparel,In-store,Not Returned,Medium,3590.48,VIP
651848,Headphones,48,2024-07-07 11:00,60.32,0.12,24.34,Apparel,In-store,Not Returned,Low,2895.36,VIP
308758,Office Chair,25,2024-07-07 14:00,96.55,0.15,10.93,Apparel,In-store,Not Returned,Medium,2413.75,VIP
285084,T-shirt,40,2024-07-07 18:00,27.86,0.17,27.54,Apparel,In-store,Not Returned,High,1114.4,VIP
607922,Notebook,22,2024-07-08 07:00,95.22,0.32,13.62,Apparel,In-store,Not Returned,Medium,2094.84,VIP
962735,White Mug,32,2024-07-08 14:00,60.78,0.46,18.78,Apparel,Online,Returned,Low,1944.96,VIP
448625,Blue Pen,46,2024-07-09 00:00,68.3,0.33,27.52,Apparel,In-store,Returned,Low,3141.8,VIP
290828,Blue Pen,27,2024-07-09 01:00,65.39,0.44,24.36,Apparel,In-store,Not Returned,Low,1765.53,VIP
312135,Office Chair,38,2024-07-09 07:00,71.5,0.34,10.42,Apparel,Online,Not Returned,High,2717.0,VIP
624933,USB Cable,17,2024-07-09 14:00,95.36,0.43,9.82,Apparel,In-store,Not Returned,Low,1621.12,VIP
792789,T-shirt,44,2024-07-10 14:00,30.2,0.31,21.01,Apparel,In-store,Not Returned,High,1328.8,VIP
142186,USB Cable,30,2024-07-11 09:00,46.08,0.3,8.74,Apparel,Online,Not Returned,Medium,1382.4,VIP
605956,Desk Lamp,31,2024-07-11 14:00,93.59,0.5,22.6,Apparel,Online,Not Returned,Medium,2901.29,VIP
128093,Blue Pen,43,2024-07-11 15:00,80.21,0.02,22.71,Apparel,In-store,Not Returned,Low,3449.03,VIP
260470,Wireless Mouse,40,2024-07-11 23:00,72.16,0.26,13.65,Apparel,Online,Not Returned,Medium,2886.4,VIP
463810,Wireless Mouse,35,2024-07-12 00:00,51.06,0.44,17.57,Apparel,In-store,Returned,High,1787.1,VIP
109646,Wireless Mouse,48,2024-07-12 02:00,52.03,0.19,22.52,Apparel,Online,Not Returned,Low,2497.44,VIP
361655,T-shirt,15,2024-07-12 17:00,67.07,0.29,28.7,Apparel,In-store,Not Returned,Low,1006.05,VIP
106037,T-shirt,-24,2024-07-12 21:00,-76.25,1.911126841039175,,Apparel,Online,Not Returned,High,1830.0,VIP
647437,Wall Clock,24,2024-07-13 05:00,95.4,0.28,9.16,Apparel,Online,Not Returned,Medium,2289.6000000000004,VIP
197170,Office Chair,38,2024-07-13 17:00,60.97,0.04,5.08,Apparel,In-store,Not Returned,High,2316.86,VIP
262103,Wireless Mouse,30,2024-07-14 23:00,68.9,0.44,8.89,Apparel,Online,Not Returned,High,2067.0,VIP
720348,Headphones,41,2024-07-15 08:00,56.11,0.2,25.75,Apparel,Online,Not Returned,Low,2300.51,VIP
107160,Blue Pen,41,2024-07-15 09:00,58.27,0.41,23.68,Apparel,In-store,Not Returned,High,2389.07,VIP
647881,Notebook,32,2024-07-15 11:00,82.37,0.24,5.43,Apparel,In-store,Not Returned,Medium,2635.84,VIP
248261,Desk Lamp,44,2024-07-16 01:00,67.84,0.43,25.42,Apparel,In-store,Not Returned,Medium,2984.96,VIP
727564,Blue Pen,39,2024-07-16 06:00,84.36,0.1,16.27,Apparel,Online,Not Returned,Low,3290.04,VIP
104825,USB Cable,17,2024-07-16 12:00,77.93,0.36,5.75,Apparel,Online,Not Returned,Medium,1324.8100000000002,VIP
352622,Backpack,36,2024-07-16 16:00,84.79,0.1,14.95,Apparel,Online,Not Returned,Low,3052.44,VIP
882586,Office Chair,-37,2024-07-16 22:00,-61.91,0.42,,Apparel,In-store,Not Returned,Low,2290.67,VIP
522905,White Mug,46,2024-07-17 03:00,21.86,0.01,21.81,Apparel,Online,Returned,Medium,1005.56,VIP
214751,Office Chair,37,2024-07-17 06:00,32.27,0.05,11.22,Apparel,Online,Not Returned,Low,1193.99,VIP
527531,T-shirt,45,2024-07-17 10:00,81.1,0.08,5.61,Apparel,Online,Not Returned,Low,3649.5,VIP
756095,Blue Pen,23,2024-07-17 19:00,54.72,0.05,11.39,Apparel,In-store,Not Returned,Medium,1258.56,VIP
987858,USB Cable,38,2024-07-19 05:00,27.82,0.41,20.87,Apparel,Online,Not Returned,Low,1057.16,VIP
659376,Desk Lamp,40,2024-07-19 09:00,90.93,0.45,20.37,Apparel,In-store,Not Returned,Low,3637.2,VIP
945526,USB Cable,45,2024-07-20 00:00,48.6,0.23,6.04,Apparel,Online,Not Returned,Low,2187.0,VIP
110370,Wall Clock,44,2024-07-20 07:00,64.01,0.12,19.7,Apparel,In-store,Not Returned,Medium,2816.44,VIP
109453,Headphones,49,2024-07-21 01:00,36.92,0.39,25.35,Apparel,Online,Not Returned,Low,1809.08,VIP
158081,Blue Pen,23,2024-07-21 13:00,94.83,0.13,12.9,Apparel,Online,Not Returned,High,2181.09,VIP
974819,Wall Clock,27,2024-07-21 14:00,73.87,0.5,26.91,Apparel,Online,Not Returned,Medium,1994.49,VIP
377349,White Mug,18,2024-07-22 15:00,82.37,0.25,19.1,Apparel,Online,Not Returned,High,1482.66,VIP
873556,Blue Pen,35,2024-07-23 04:00,79.83,0.31,27.95,Apparel,Online,Returned,Medium,2794.05,VIP
510839,Notebook,43,2024-07-23 19:00,71.9,0.43,12.48,Apparel,Online,Not Returned,Low,3091.7000000000003,VIP
692625,Notebook,28,2024-07-24 02:00,35.79,0.43,26.23,Apparel,In-store,Not Returned,High,1002.12,VIP
128831,Desk Lamp,42,2024-07-24 03:00,73.49,0.5,20.69,Apparel,Online,Not Returned,Medium,3086.58,VIP
965191,Wall Clock,14,2024-07-24 10:00,82.81,0.12,15.6,Apparel,In-store,Not Returned,High,1159.34,VIP
389094,Desk Lamp,23,2024-07-24 17:00,82.16,0.25,15.39,Apparel,In-store,Returned,Medium,1889.68,VIP
444619,Desk Lamp,30,2024-07-26 13:00,89.99,0.14,13.08,Apparel,Online,Not Returned,Low,2699.7,VIP
770624,Wall Clock,47,2024-07-26 14:00,24.92,0.5,14.4,Apparel,In-store,Not Returned,High,1171.24,VIP
410754,Office Chair,44,2024-07-27 23:00,96.13,0.09,5.32,Apparel,In-store,Not Returned,High,4229.719999999999,VIP
272992,Notebook,28,2024-07-28 06:00,46.23,0.24,11.77,Apparel,In-store,Not Returned,High,1294.4399999999998,VIP
165744,Notebook,46,2024-07-28 10:00,72.18,0.13,29.77,Apparel,In-store,Not Returned,High,3320.28,VIP
142412,T-shirt,40,2024-07-28 21:00,88.24,0.34,27.7,Apparel,In-store,Not Returned,High,3529.6,VIP
172726,Blue Pen,42,2024-07-29 11:00,62.74,0.27,11.78,Apparel,In-store,Returned,High,2635.08,VIP
261989,Desk Lamp,21,2024-07-29 19:00,97.7,0.23,19.04,Apparel,In-store,Not Returned,Low,2051.7000000000003,VIP
713751,Notebook,33,2024-07-30 05:00,49.63,0.39,28.83,Apparel,In-store,Not Returned,High,1637.7900000000002,VIP
905923,Desk Lamp,28,2024-07-30 07:00,72.41,0.31,6.3,Apparel,Online,Not Returned,Medium,2027.48,VIP
230180,Headphones,48,2024-07-30 20:00,51.47,0.07,24.73,Apparel,Online,Not Returned,Low,2470.56,VIP
407957,Wireless Mouse,28,2024-08-01 02:00,88.12,0.43,22.48,Apparel,Online,Not Returned,High,2467.36,VIP
774237,White Mug,27,2024-08-01 11:00,98.54,0.04,27.76,Apparel,Online,Not Returned,Low,2660.5800000000004,VIP
859945,Notebook,18,2024-08-01 15:00,61.07,0.49,8.01,Apparel,In-store,Not Returned,Medium,1099.26,VIP
349750,Blue Pen,23,2024-08-01 20:00,66.91,0.43,13.1,Apparel,In-store,Not Returned,High,1538.9299999999998,VIP
808263,USB Cable,45,2024-08-01 21:00,93.77,0.15,12.51,Apparel,Online,Not Returned,High,4219.65,VIP
624125,Wall Clock,22,2024-08-02 03:00,51.93,0.15,24.14,Apparel,In-store,Not Returned,High,1142.46,VIP
182307,USB Cable,33,2024-08-02 04:00,76.6,0.03,26.28,Apparel,In-store,Not Returned,Medium,2527.8,VIP
131104,Wireless Mouse,17,2024-08-02 05:00,83.6,0.44,26.26,Apparel,Online,Not Returned,High,1421.1999999999998,VIP
604599,Notebook,18,2024-08-02 14:00,85.24,0.26,26.1,Apparel,Online,Not Returned,Low,1534.32,VIP
338016,Desk Lamp,43,2024-08-02 17:00,75.33,0.17,17.21,Apparel,In-store,Not Returned,High,3239.19,VIP
405086,Blue Pen,20,2024-08-02 19:00,63.2,0.27,28.36,Apparel,In-store,Not Returned,High,1264.0,VIP
489892,Wireless Mouse,40,2024-08-03 05:00,71.41,0.07,28.9,Apparel,In-store,Not Returned,High,2856.4,VIP
655872,USB Cable,35,2024-08-03 06:00,85.22,0.01,7.48,Apparel,Online,Not Returned,Low,2982.7,VIP
853145,Desk Lamp,44,2024-08-03 10:00,47.51,0.03,11.31,Apparel,In-store,Returned,Medium,2090.44,VIP
269198,Notebook,-22,2024-08-04 01:00,-57.51,0.41,,Apparel,In-store,Not Returned,Low,1265.22,VIP
529492,Desk Lamp,49,2024-08-04 06:00,63.12,0.36,16.32,Apparel,Online,Not Returned,Medium,3092.88,VIP
377382,Wall Clock,42,2024-08-04 10:00,84.85,0.03,12.47,Apparel,In-store,Not Returned,High,3563.7,VIP
351628,Backpack,25,2024-08-04 17:00,95.66,0.43,12.23,Apparel,In-store,Not Returned,Medium,2391.5,VIP
791057,Wireless Mouse,15,2024-08-04 19:00,82.3,0.04,22.74,Apparel,In-store,Not Returned,High,1234.5,VIP
386441,Office Chair,41,2024-08-05 00:00,90.16,0.31,18.76,Apparel,Online,Not Returned,Medium,3696.56,VIP
627217,White Mug,49,2024-08-06 00:00,75.35,0.32,10.33,Apparel,In-store,Returned,Medium,3692.15,VIP
657377,White Mug,41,2024-08-06 13:00,29.74,0.09,5.2,Apparel,Online,Not Returned,Low,1219.34,VIP
318988,White Mug,47,2024-08-08 00:00,68.42,0.33,27.35,Apparel,Online,Not Returned,Medium,3215.74,VIP
906735,Headphones,34,2024-08-08 03:00,52.44,0.27,23.23,Apparel,Online,Not Returned,Low,1782.96,VIP
878229,USB Cable,21,2024-08-08 07:00,91.22,0.01,19.92,Apparel,In-store,Not Returned,Medium,1915.62,VIP
907030,Backpack,13,2024-08-09 02:00,85.57,0.15,22.33,Apparel,In-store,Not Returned,Low,1112.41,VIP
715103,White Mug,29,2024-08-09 14:00,72.37,0.39,9.37,Apparel,Online,Not Returned,Low,2098.73,VIP
416848,Office Chair,28,2024-08-09 15:00,76.99,0.4,22.19,Apparel,Online,Not Returned,Low,2155.72,VIP
403139,Blue Pen,35,2024-08-09 21:00,37.69,0.41,7.25,Apparel,Online,Not Returned,Medium,1319.15,VIP
919285,Headphones,30,2024-08-10 00:00,68.96,0.46,17.74,Apparel,In-store,Not Returned,Medium,2068.8,VIP
408228,Wireless Mouse,37,2024-08-10 07:00,35.43,0.32,26.66,Apparel,In-store,Not Returned,Medium,1310.91,VIP
214200,Desk Lamp,29,2024-08-10 15:00,43.05,0.5,11.85,Apparel,In-store,Not Returned,Medium,1248.4499999999998,VIP
673696,Notebook,46,2024-08-10 16:00,33.95,0.23,15.87,Apparel,In-store,Not Returned,High,1561.7,VIP
735004,Office Chair,23,2024-08-11 04:00,49.0,0.06,6.03,Apparel,In-store,Not Returned,Medium,1127.0,VIP
122313,White Mug,18,2024-08-11 13:00,81.72,0.38,14.81,Apparel,Online,Returned,Low,1470.96,VIP
135306,Headphones,22,2024-08-12 04:00,57.79,0.27,10.01,Apparel,In-store,Not Returned,Low,1271.38,VIP
315059,Office Chair,33,2024-08-12 07:00,37.43,0.07,25.04,Apparel,Online,Not Returned,High,1235.19,VIP
856198,Blue Pen,-30,2024-08-12 12:00,-37.46,1.7850310974911945,,Apparel,Online,Not Returned,Low,1123.8,VIP
963413,Wireless Mouse,45,2024-08-13 08:00,48.23,0.37,8.61,Apparel,Online,Not Returned,Low,2170.35,VIP
695067,White Mug,32,2024-08-14 03:00,38.55,0.42,16.82,Apparel,Online,Not Returned,Low,1233.6,VIP
531653,Notebook,47,2024-08-15 04:00,86.69,0.05,11.47,Apparel,Online,Not Returned,Low,4074.43,VIP
546030,Wall Clock,34,2024-08-15 10:00,73.91,0.02,5.71,Apparel,Online,Returned,Low,2512.94,VIP
781811,Desk Lamp,17,2024-08-16 08:00,89.94,0.44,29.1,Apparel,In-store,Not Returned,Low,1528.98,VIP
394435,Office Chair,45,2024-08-16 19:00,70.04,0.26,7.84,Apparel,Online,Not Returned,Medium,3151.8,VIP
708775,Wall Clock,43,2024-08-16 22:00,79.09,0.16,25.54,Apparel,Online,Not Returned,High,3400.8700000000003,VIP
875765,White Mug,31,2024-08-17 00:00,38.44,0.14,10.96,Apparel,In-store,Not Returned,High,1191.64,VIP
901176,Blue Pen,47,2024-08-17 03:00,67.61,0.22,6.45,Apparel,In-store,Returned,Low,3177.67,VIP
128800,Headphones,35,2024-08-18 00:00,68.32,0.17,8.39,Apparel,Online,Not Returned,High,2391.2,VIP
811614,Backpack,42,2024-08-18 04:00,30.4,0.14,19.08,Apparel,In-store,Not Returned,Low,1276.8,VIP
166326,Backpack,22,2024-08-18 11:00,72.83,0.23,10.73,Apparel,In-store,Not Returned,High,1602.26,VIP
950026,Notebook,45,2024-08-19 22:00,67.33,0.42,19.59,Apparel,In-store,Not Returned,High,3029.85,VIP
917270,Desk Lamp,43,2024-08-20 00:00,72.1,0.1,29.49,Apparel,In-store,Not Returned,Low,3100.3,VIP
188003,Desk Lamp,40,2024-08-20 04:00,34.4,0.05,11.06,Apparel,Online,Not Returned,Low,1376.0,VIP
961009,Office Chair,49,2024-08-20 08:00,62.0,0.27,7.14,Apparel,Online,Not Returned,Medium,3038.0,VIP
634173,Wall Clock,34,2024-08-21 11:00,74.93,0.12,8.82,Apparel,In-store,Not Returned,Low,2547.6200000000003,VIP
262394,Headphones,23,2024-08-21 17:00,54.95,0.07,9.39,Apparel,In-store,Not Returned,Medium,1263.85,VIP
434794,Wall Clock,45,2024-08-21 19:00,96.19,0.47,10.97,Apparel,In-store,Not Returned,High,4328.55,VIP
825583,Notebook,32,2024-08-22 07:00,41.91,0.45,16.05,Apparel,In-store,Not Returned,Low,1341.12,VIP
334733,Backpack,44,2024-08-22 08:00,59.94,0.17,27.04,Apparel,Online,Not Returned,High,2637.36,VIP
395239,Backpack,46,2024-08-22 10:00,30.53,0.03,5.79,Apparel,Online,Not Returned,Medium,1404.38,VIP
232895,USB Cable,20,2024-08-23 03:00,92.68,0.16,19.66,Apparel,Online,Not Returned,High,1853.6,VIP
543598,Desk Lamp,-36,2024-08-23 07:00,-66.28,1.6917257339337404,,Apparel,Online,Not Returned,Medium,2386.08,VIP
241353,Wall Clock,30,2024-08-25 04:00,59.98,0.42,29.57,Apparel,Online,Not Returned,Low,1799.4,VIP
314730,Wall Clock,47,2024-08-25 05:00,34.76,0.12,22.97,Apparel,Online,Not Returned,Low,1633.7199999999998,VIP
343432,Backpack,44,2024-08-25 22:00,27.78,0.45,21.65,Apparel,Online,Not Returned,Medium,1222.3200000000002,VIP
569118,Blue Pen,42,2024-08-26 02:00,50.0,0.02,24.81,Apparel,In-store,Not Returned,Low,2100.0,VIP
275638,T-shirt,38,2024-08-27 18:00,29.86,0.08,11.35,Apparel,Online,Not Returned,Medium,1134.68,VIP
779943,White Mug,48,2024-08-27 22:00,90.93,0.16,23.68,Apparel,Online,Not Returned,Medium,4364.64,VIP
194805,Blue Pen,44,2024-08-28 02:00,51.12,0.29,14.52,Apparel,Online,Not Returned,High,2249.28,VIP
628741,Notebook,45,2024-08-28 10:00,92.72,0.17,20.99,Apparel,In-store,Returned,Low,4172.4,VIP
634640,Wall Clock,44,2024-08-29 21:00,81.07,0.16,26.47,Apparel,Online,Not Returned,Medium,3567.08,VIP
947464,USB Cable,49,2024-08-31 14:00,65.92,0.33,24.15,Apparel,Online,Returned,Medium,3230.08,VIP
834697,Wall Clock,24,2024-09-01 01:00,92.86,0.24,16.15,Apparel,Online,Not Returned,Medium,2228.64,VIP
959084,Wireless Mouse,37,2024-09-01 11:00,56.97,0.28,8.0,Apparel,In-store,Not Returned,High,2107.89,VIP
189364,White Mug,49,2024-09-01 18:00,82.99,0.31,26.54,Apparel,Online,Not Returned,Low,4066.51,VIP
207554,Notebook,27,2024-09-02 01:00,71.2,0.02,14.07,Apparel,In-store,Not Returned,Low,1922.4,VIP
532867,Headphones,31,2024-09-02 05:00,80.33,0.15,22.3,Apparel,In-store,Not Returned,Low,2490.23,VIP
861708,White Mug,47,2024-09-02 09:00,22.52,0.05,23.8,Apparel,Online,Not Returned,Low,1058.44,VIP
497330,Backpack,43,2024-09-02 23:00,90.68,0.4,21.47,Apparel,Online,Returned,High,3899.24,VIP
627293,Desk Lamp,40,2024-09-03 21:00,59.44,0.29,13.43,Apparel,Online,Not Returned,Medium,2377.6,VIP
158217,Notebook,23,2024-09-04 02:00,78.27,0.17,21.43,Apparel,In-store,Not Returned,Low,1800.2099999999998,VIP
209247,Backpack,44,2024-09-04 07:00,26.99,0.08,11.81,Apparel,In-store,Not Returned,Low,1187.56,VIP
768235,Desk Lamp,49,2024-09-05 01:00,86.91,0.08,8.85,Apparel,In-store,Not Returned,Low,4258.59,VIP
468733,Desk Lamp,35,2024-09-05 07:00,97.04,0.12,7.67,Apparel,Online,Returned,Medium,3396.4,VIP
393218,Headphones,-47,2024-09-05 10:00,-22.53,0.01,,Apparel,Online,Not Returned,Medium,1058.91,VIP
692340,Notebook,40,2024-09-05 11:00,92.48,0.48,26.7,Apparel,Online,Not Returned,Low,3699.2,VIP
342531,Blue Pen,15,2024-09-05 13:00,82.09,0.22,25.27,Apparel,Online,Not Returned,High,1231.35,VIP
192543,Desk Lamp,46,2024-09-05 17:00,56.67,0.11,17.37,Apparel,Online,Not Returned,Low,2606.82,VIP
950230,Wireless Mouse,25,2024-09-05 23:00,55.87,0.42,25.48,Apparel,Online,Not Returned,Low,1396.75,VIP
618246,Headphones,26,2024-09-06 03:00,91.35,0.15,18.67,Apparel,Online,Not Returned,Low,2375.1,VIP
203227,T-shirt,28,2024-09-06 05:00,91.53,0.05,12.67,Apparel,In-store,Not Returned,Low,2562.84,VIP
235787,Backpack,27,2024-09-06 13:00,67.72,0.34,15.59,Apparel,Online,Not Returned,High,1828.44,VIP
791390,T-shirt,36,2024-09-07 13:00,53.72,0.14,14.47,Apparel,In-store,Not Returned,High,1933.92,VIP
984956,Blue Pen,22,2024-09-10 03:00,50.75,0.48,22.66,Apparel,In-store,Not Returned,Low,1116.5,VIP
534400,USB Cable,27,2024-09-10 12:00,70.54,0.31,27.65,Apparel,In-store,Not Returned,High,1904.58,VIP
874005,Desk Lamp,39,2024-09-10 19:00,30.09,0.12,8.48,Apparel,In-store,Returned,Medium,1173.51,VIP
231382,Backpack,40,2024-09-10 23:00,99.59,0.31,7.45,Apparel,In-store,Not Returned,Low,3983.6,VIP
859015,USB Cable,34,2024-09-11 05:00,94.79,0.04,20.68,Apparel,Online,Not Returned,Medium,3222.86,VIP
777429,Blue Pen,22,2024-09-11 09:00,99.46,0.13,5.86,Apparel,Online,Not Returned,Low,2188.12,VIP
541819,Desk Lamp,34,2024-09-11 21:00,90.66,0.1,23.33,Apparel,Online,Not Returned,High,3082.44,VIP
304636,USB Cable,21,2024-09-12 13:00,72.9,0.2,22.16,Apparel,Online,Not Returned,Medium,1530.9,VIP
444625,Wall Clock,46,2024-09-12 14:00,44.95,0.37,16.77,Apparel,Online,Not Returned,High,2067.7000000000003,VIP
560044,Office Chair,29,2024-09-12 21:00,57.99,0.34,26.15,Apparel,Online,Returned,Low,1681.71,VIP
683577,USB Cable,34,2024-09-13 05:00,89.21,0.48,12.44,Apparel,Online,Not Returned,High,3033.14,VIP
874984,Wall Clock,24,2024-09-14 13:00,48.41,0.0,15.54,Apparel,Online,Not Returned,Medium,1161.84,VIP
609510,USB Cable,33,2024-09-14 15:00,54.5,0.14,26.39,Apparel,Online,Returned,Low,1798.5,VIP
278953,Notebook,46,2024-09-14 20:00,90.43,0.24,26.04,Apparel,In-store,Not Returned,Medium,4159.780000000001,VIP
596107,T-shirt,31,2024-09-14 21:00,85.17,0.33,9.81,Apparel,Online,Not Returned,Low,2640.27,VIP
328140,T-shirt,45,2024-09-15 00:00,93.26,0.36,26.38,Apparel,Online,Not Returned,Medium,4196.7,VIP
681602,USB Cable,47,2024-09-15 06:00,87.67,0.05,25.15,Apparel,Online,Not Returned,High,4120.49,VIP
862644,Notebook,44,2024-09-16 20:00,45.42,0.12,27.22,Apparel,Online,Not Returned,High,1998.48,VIP
312436,USB Cable,37,2024-09-17 01:00,52.14,0.49,13.35,Apparel,In-store,Not Returned,Low,1929.18,VIP
198632,USB Cable,49,2024-09-17 19:00,47.63,0.31,19.99,Apparel,Online,Not Returned,Low,2333.8700000000003,VIP
253969,Wall Clock,12,2024-09-17 23:00,96.25,0.11,7.64,Apparel,Online,Not Returned,Low,1155.0,VIP
284990,Headphones,36,2024-09-19 03:00,35.82,0.45,18.41,Apparel,In-store,Not Returned,High,1289.52,VIP
988467,Notebook,23,2024-09-19 07:00,52.15,0.42,11.4,Apparel,Online,Not Returned,High,1199.45,VIP
233374,Backpack,26,2024-09-19 14:00,90.99,0.33,17.69,Apparel,Online,Not Returned,Medium,2365.74,VIP
117171,Headphones,27,2024-09-19 18:00,78.51,0.27,9.73,Apparel,In-store,Not Returned,High,2119.77,VIP
502526,Headphones,26,2024-09-20 08:00,98.51,0.48,17.82,Apparel,Online,Not Returned,High,2561.26,VIP
134281,Headphones,37,2024-09-20 09:00,62.63,0.14,19.0,Apparel,Online,Not Returned,Low,2317.31,VIP
193638,White Mug,19,2024-09-21 09:00,99.46,0.2,12.85,Apparel,Online,Not Returned,Medium,1889.74,VIP
757795,Headphones,-18,2024-09-21 15:00,-91.63,0.43,,Apparel,In-store,Not Returned,Low,1649.34,VIP
740753,Wireless Mouse,43,2024-09-22 00:00,44.83,0.12,7.37,Apparel,In-store,Not Returned,Low,1927.69,VIP
681285,Notebook,41,2024-09-22 22:00,51.17,0.18,9.69,Apparel,Online,Not Returned,Medium,2097.9700000000003,VIP
976040,T-shirt,-35,2024-09-23 02:00,-90.45,1.1070990035551649,,Apparel,In-store,Not Returned,Medium,3165.75,VIP
299261,USB Cable,15,2024-09-23 04:00,74.85,0.16,12.7,Apparel,Online,Not Returned,High,1122.75,VIP
304241,Blue Pen,24,2024-09-23 16:00,77.96,0.44,18.27,Apparel,In-store,Not Returned,Low,1871.04,VIP
373604,Desk Lamp,-12,2024-09-24 01:00,-94.36,1.1340190965052148,,Apparel,In-store,Not Returned,Medium,1132.32,VIP
659273,Backpack,44,2024-09-24 10:00,61.83,0.1,29.65,Apparel,Online,Not Returned,Low,2720.52,VIP
884455,Headphones,49,2024-09-25 19:00,91.68,0.44,9.76,Apparel,In-store,Not Returned,Low,4492.320000000001,VIP
506676,Backpack,36,2024-09-25 23:00,90.87,0.33,19.49,Apparel,Online,Not Returned,Medium,3271.32,VIP
652881,Office Chair,47,2024-09-26 06:00,82.69,0.36,7.91,Apparel,Online,Not Returned,Low,3886.43,VIP
636701,Office Chair,14,2024-09-26 11:00,73.5,0.06,25.02,Apparel,Online,Not Returned,Low,1029.0,VIP
304276,Wireless Mouse,42,2024-09-26 16:00,40.02,0.26,7.84,Apparel,In-store,Not Returned,Low,1680.84,VIP
965228,T-shirt,31,2024-09-26 17:00,67.23,0.32,19.78,Apparel,Online,Not Returned,Medium,2084.13,VIP
815133,Wireless Mouse,30,2024-09-26 20:00,95.53,0.19,11.4,Apparel,Online,Not Returned,High,2865.9,VIP
774643,T-shirt,32,2024-09-27 01:00,38.54,0.11,24.36,Apparel,In-store,Not Returned,Medium,1233.28,VIP
959642,Blue Pen,14,2024-09-27 05:00,87.97,0.04,21.46,Apparel,In-store,Not Returned,Low,1231.58,VIP
915629,T-shirt,20,2024-09-27 11:00,79.76,0.02,23.46,Apparel,In-store,Not Returned,Medium,1595.2,VIP
976900,Notebook,-30,2024-09-28 13:00,-61.15,0.47,,Apparel,In-store,Not Returned,High,1834.5,VIP
290087,White Mug,49,2024-09-28 14:00,64.39,0.26,27.33,Apparel,Online,Not Returned,Medium,3155.11,VIP
822224,Wall Clock,45,2024-09-28 16:00,76.38,0.16,18.07,Apparel,In-store,Not Returned,Medium,3437.1,VIP
838161,T-shirt,42,2024-09-29 00:00,50.44,0.43,10.64,Apparel,In-store,Not Returned,High,2118.48,VIP
376201,Notebook,30,2024-09-29 05:00,58.88,0.45,18.57,Apparel,In-store,Not Returned,Low,1766.4,VIP
571963,Wall Clock,36,2024-09-29 07:00,62.87,0.04,11.77,Apparel,Online,Not Returned,Low,2263.32,VIP
915127,Backpack,33,2024-09-30 04:00,54.33,0.38,19.23,Apparel,In-store,Not Returned,High,1792.89,VIP
570825,Backpack,31,2024-09-30 15:00,84.65,0.48,16.52,Apparel,In-store,Not Returned,High,2624.15,VIP
630906,T-shirt,33,2024-10-01 05:00,63.49,0.2,20.35,Apparel,Online,Not Returned,High,2095.17,VIP
882915,T-shirt,33,2024-10-01 22:00,43.37,0.47,8.14,Apparel,Online,Not Returned,Low,1431.2099999999998,VIP
570750,Desk Lamp,44,2024-10-02 09:00,97.36,0.0,23.56,Apparel,In-store,Not Returned,Low,4283.84,VIP
718735,Wireless Mouse,36,2024-10-03 12:00,35.5,0.17,18.96,Apparel,Online,Not Returned,High,1278.0,VIP
860073,Headphones,22,2024-10-04 10:00,78.35,0.16,10.95,Apparel,In-store,Not Returned,Medium,1723.6999999999998,VIP
551251,USB Cable,36,2024-10-04 19:00,39.56,0.4,22.97,Apparel,In-store,Not Returned,High,1424.16,VIP
586026,Desk Lamp,39,2024-10-05 00:00,54.08,0.18,20.33,Apparel,In-store,Not Returned,High,2109.12,VIP
563647,Wireless Mouse,20,2024-10-05 09:00,74.67,0.13,23.19,Apparel,In-store,Not Returned,Medium,1493.4,VIP
275259,Backpack,20,2024-10-05 13:00,53.96,0.39,5.5,Apparel,Online,Not Returned,Medium,1079.2,VIP
595245,Backpack,39,2024-10-05 17:00,94.39,0.21,20.87,Apparel,Online,Not Returned,Low,3681.21,VIP
440737,Notebook,47,2024-10-05 21:00,75.02,0.02,13.36,Apparel,In-store,Not Returned,Low,3525.94,VIP
799957,Blue Pen,20,2024-10-06 13:00,90.22,0.17,14.27,Apparel,In-store,Not Returned,Low,1804.4,VIP
241964,Wall Clock,29,2024-10-06 14:00,89.17,0.09,10.47,Apparel,Online,Not Returned,Medium,2585.93,VIP
200175,Notebook,14,2024-10-06 16:00,74.92,0.05,10.01,Apparel,Online,Not Returned,Low,1048.88,VIP
958902,Wireless Mouse,42,2024-10-06 23:00,44.94,0.22,10.2,Apparel,Online,Not Returned,Medium,1887.48,VIP
588485,USB Cable,32,2024-10-07 00:00,54.5,0.36,29.73,Apparel,In-store,Not Returned,Low,1744.0,VIP
593855,USB Cable,31,2024-10-07 02:00,32.32,0.4,5.49,Apparel,Online,Not Returned,Medium,1001.92,VIP
305914,Headphones,48,2024-10-07 05:00,61.92,0.34,23.48,Apparel,Online,Not Returned,Medium,2972.16,VIP
200694,Desk Lamp,19,2024-10-08 00:00,86.42,0.23,5.12,Apparel,In-store,Not Returned,Medium,1641.98,VIP
960067,White Mug,44,2024-10-08 22:00,92.78,0.12,7.52,Apparel,In-store,Returned,Low,4082.32,VIP
807054,Blue Pen,49,2024-10-09 06:00,90.35,0.2,24.05,Apparel,In-store,Not Returned,Low,4427.15,VIP
808484,T-shirt,48,2024-10-09 20:00,97.8,0.3,5.28,Apparel,In-store,Not Returned,Medium,4694.4,VIP
960717,Wall Clock,48,2024-10-10 09:00,30.06,0.08,9.78,Apparel,Online,Not Returned,Medium,1442.88,VIP
252504,Office Chair,42,2024-10-10 16:00,44.21,0.05,12.13,Apparel,In-store,Not Returned,Low,1856.82,VIP
435443,Headphones,30,2024-10-12 04:00,63.86,0.24,6.26,Apparel,Online,Not Returned,Low,1915.8,VIP
462072,Headphones,19,2024-10-14 08:00,90.87,0.5,6.94,Apparel,Online,Not Returned,High,1726.5300000000002,VIP
836864,Wall Clock,49,2024-10-14 09:00,38.1,0.35,24.88,Apparel,Online,Not Returned,Low,1866.9,VIP
291703,T-shirt,44,2024-10-14 11:00,47.4,0.27,16.17,Apparel,Online,Not Returned,Medium,2085.6,VIP
807839,White Mug,29,2024-10-15 00:00,69.1,0.2,6.56,Apparel,In-store,Not Returned,Low,2003.9,VIP
836199,T-shirt,23,2024-10-15 02:00,94.77,0.15,8.83,Apparel,Online,Not Returned,Low,2179.71,VIP
878083,Backpack,15,2024-10-15 03:00,91.0,0.07,7.93,Apparel,Online,Not Returned,Low,1365.0,VIP
345851,Headphones,38,2024-10-15 11:00,90.72,0.3,18.43,Apparel,In-store,Returned,High,3447.36,VIP
542970,Headphones,23,2024-10-15 18:00,76.44,0.44,22.68,Apparel,Online,Not Returned,Low,1758.12,VIP
715856,USB Cable,27,2024-10-15 21:00,86.76,0.04,19.28,Apparel,In-store,Not Returned,Medium,2342.52,VIP
793290,Notebook,26,2024-10-16 05:00,70.46,0.46,25.59,Apparel,Online,Not Returned,High,1831.96,VIP
188760,Desk Lamp,30,2024-10-16 07:00,36.1,0.3,9.23,Apparel,Online,Not Returned,Low,1083.0,VIP
883266,Desk Lamp,35,2024-10-17 04:00,39.25,0.45,8.6,Apparel,In-store,Not Returned,Medium,1373.75,VIP
977839,Wireless Mouse,26,2024-10-17 18:00,70.55,0.21,10.75,Apparel,Online,Not Returned,High,1834.3,VIP
348038,Desk Lamp,45,2024-10-18 00:00,43.0,0.26,19.99,Apparel,Online,Not Returned,High,1935.0,VIP
954452,Wireless Mouse,22,2024-10-18 14:00,49.22,0.35,26.32,Apparel,Online,Not Returned,High,1082.84,VIP
141929,Office Chair,18,2024-10-18 18:00,67.41,0.23,27.05,Apparel,In-store,Not Returned,High,1213.38,VIP
601829,T-shirt,49,2024-10-19 01:00,72.16,0.39,17.74,Apparel,Online,Not Returned,Low,3535.84,VIP
475644,Notebook,15,2024-10-20 17:00,89.29,0.44,7.55,Apparel,Online,Not Returned,High,1339.35,VIP
285026,White Mug,46,2024-10-20 18:00,70.19,0.3,20.13,Apparel,Online,Not Returned,Low,3228.74,VIP
981435,Headphones,40,2024-10-22 02:00,29.1,0.47,7.27,Apparel,In-store,Not Returned,High,1164.0,VIP
960717,T-shirt,29,2024-10-23 00:00,80.89,0.23,20.44,Apparel,In-store,Not Returned,High,2345.81,VIP
167918,Office Chair,40,2024-10-23 08:00,36.55,0.16,29.93,Apparel,In-store,Not Returned,Medium,1462.0,VIP
322191,Wireless Mouse,22,2024-10-23 11:00,93.66,0.15,9.52,Apparel,In-store,Not Returned,High,2060.52,VIP
730904,Wall Clock,48,2024-10-23 14:00,48.25,0.24,27.63,Apparel,In-store,Not Returned,High,2316.0,VIP
472778,T-shirt,16,2024-10-23 23:00,94.22,0.0,5.89,Apparel,Online,Not Returned,Low,1507.52,VIP
729877,Headphones,44,2024-10-24 00:00,84.93,0.18,18.49,Apparel,Online,Not Returned,Low,3736.92,VIP
619399,Wireless Mouse,31,2024-10-24 07:00,49.81,0.02,17.48,Apparel,In-store,Not Returned,High,1544.11,VIP
318411,Desk Lamp,46,2024-10-24 17:00,67.03,0.24,22.06,Apparel,Online,Not Returned,High,3083.38,VIP
352816,Office Chair,49,2024-10-24 19:00,58.9,0.1,11.67,Apparel,In-store,Not Returned,High,2886.1,VIP
735993,USB Cable,39,2024-10-25 22:00,76.04,0.28,14.88,Apparel,Online,Not Returned,Low,2965.5600000000004,VIP
662745,Wireless Mouse,40,2024-10-26 09:00,47.6,0.45,28.83,Apparel,In-store,Not Returned,High,1904.0,VIP
450940,Notebook,24,2024-10-26 13:00,59.02,0.44,20.07,Apparel,Online,Not Returned,Medium,1416.48,VIP
494780,Desk Lamp,40,2024-10-26 16:00,64.56,0.22,9.92,Apparel,In-store,Not Returned,Medium,2582.4,VIP
503595,Notebook,33,2024-10-26 23:00,67.17,0.16,29.44,Apparel,Online,Returned,Medium,2216.61,VIP
687093,Headphones,14,2024-10-27 06:00,93.23,0.16,28.12,Apparel,Online,Not Returned,High,1305.22,VIP
556667,Office Chair,44,2024-10-27 10:00,92.46,0.03,9.66,Apparel,In-store,Not Returned,Medium,4068.24,VIP
864404,Wall Clock,47,2024-10-27 13:00,61.34,0.11,15.82,Apparel,In-store,Not Returned,High,2882.98,VIP
467452,Notebook,22,2024-10-28 04:00,49.87,0.28,15.03,Apparel,In-store,Not Returned,Medium,1097.14,VIP
357572,T-shirt,48,2024-10-28 07:00,82.03,0.06,28.8,Apparel,Online,Not Returned,Medium,3937.44,VIP
821436,Notebook,38,2024-10-28 10:00,27.22,0.33,12.78,Apparel,In-store,Not Returned,Low,1034.36,VIP
694297,White Mug,14,2024-10-29 22:00,81.61,0.02,20.6,Apparel,Online,Not Returned,Low,1142.54,VIP
493874,Wireless Mouse,29,2024-10-30 11:00,76.65,0.13,5.14,Apparel,In-store,Not Returned,Low,2222.8500000000004,VIP
667330,Notebook,41,2024-10-30 14:00,59.2,0.32,18.1,Apparel,Online,Not Returned,High,2427.2000000000003,VIP
138557,Wall Clock,47,2024-10-30 19:00,59.03,0.38,24.12,Apparel,In-store,Not Returned,Medium,2774.41,VIP
793881,Headphones,49,2024-10-30 21:00,61.5,0.1,17.04,Apparel,In-store,Returned,Low,3013.5,VIP
909450,T-shirt,15,2024-10-31 00:00,92.92,0.19,7.39,Apparel,In-store,Not Returned,Medium,1393.8,VIP
433664,Headphones,42,2024-10-31 10:00,27.91,0.09,19.81,Apparel,Online,Not Returned,Low,1172.22,VIP
148545,White Mug,18,2024-11-01 01:00,63.19,0.1,27.37,Apparel,Online,Not Returned,Medium,1137.42,VIP
992317,Backpack,43,2024-11-01 12:00,39.12,0.16,22.75,Apparel,Online,Not Returned,Low,1682.16,VIP
276344,White Mug,46,2024-11-01 18:00,55.23,0.48,19.61,Apparel,In-store,Not Returned,Low,2540.58,VIP
243209,T-shirt,31,2024-11-02 12:00,78.9,0.36,23.87,Apparel,Online,Not Returned,High,2445.9,VIP
342254,Notebook,49,2024-11-03 06:00,39.41,0.33,12.8,Apparel,In-store,Not Returned,Low,1931.09,VIP
956844,USB Cable,47,2024-11-03 14:00,63.43,0.27,23.49,Apparel,Online,Not Returned,Medium,2981.21,VIP
297311,Office Chair,16,2024-11-03 15:00,64.89,0.26,6.2,Apparel,Online,Not Returned,Medium,1038.24,VIP
233486,Desk Lamp,16,2024-11-04 15:00,95.03,0.3,5.89,Apparel,In-store,Not Returned,Medium,1520.48,VIP
574551,Office Chair,25,2024-11-04 19:00,96.03,0.23,17.78,Apparel,Online,Not Returned,Medium,2400.75,VIP
754839,Blue Pen,47,2024-11-04 21:00,86.88,0.17,29.13,Apparel,In-store,Not Returned,Medium,4083.36,VIP
573615,Notebook,32,2024-11-05 06:00,90.73,0.07,13.23,Apparel,Online,Not Returned,Low,2903.36,VIP
584423,USB Cable,-33,2024-11-05 10:00,-77.15,1.8415476569789395,,Apparel,In-store,Not Returned,Medium,2545.9500000000003,VIP
997348,Desk Lamp,43,2024-11-07 17:00,49.6,0.18,16.27,Apparel,Online,Not Returned,Low,2132.8,VIP
589904,Wireless Mouse,24,2024-11-09 09:00,74.08,0.21,5.64,Apparel,Online,Not Returned,Low,1777.92,VIP
455386,Wireless Mouse,45,2024-11-09 11:00,71.62,0.31,5.49,Apparel,In-store,Returned,High,3222.9,VIP
130466,USB Cable,29,2024-11-09 13:00,94.22,0.32,5.75,Apparel,Online,Not Returned,Medium,2732.38,VIP
258302,Wall Clock,36,2024-11-10 03:00,57.7,0.1,6.58,Apparel,In-store,Not Returned,Low,2077.2000000000003,VIP
456835,Blue Pen,26,2024-11-10 12:00,61.5,0.44,15.58,Apparel,In-store,Not Returned,High,1599.0,VIP
601437,Desk Lamp,31,2024-11-10 13:00,99.62,0.48,13.87,Apparel,Online,Returned,Low,3088.2200000000003,VIP
751283,Blue Pen,32,2024-11-10 17:00,78.35,0.43,20.71,Apparel,Online,Not Returned,Low,2507.2,VIP
761450,White Mug,18,2024-11-11 22:00,65.7,0.04,6.44,Apparel,Online,Not Returned,Low,1182.6,VIP
716045,Wireless Mouse,29,2024-11-12 01:00,67.13,0.33,11.05,Apparel,Online,Returned,Medium,1946.77,VIP
820442,Headphones,27,2024-11-12 08:00,75.59,0.08,11.81,Apparel,In-store,Not Returned,Medium,2040.93,VIP
567259,Blue Pen,36,2024-11-12 16:00,86.72,0.09,20.95,Apparel,In-store,Returned,Low,3121.92,VIP
643406,Backpack,40,2024-11-12 20:00,48.22,0.34,21.24,Apparel,In-store,Not Returned,Low,1928.8,VIP
487695,Wireless Mouse,44,2024-11-12 21:00,72.01,0.33,10.54,Apparel,In-store,Not Returned,High,3168.44,VIP
821854,White Mug,20,2024-11-13 00:00,60.09,0.05,13.07,Apparel,Online,Not Returned,Medium,1201.8000000000002,VIP
723354,Desk Lamp,34,2024-11-13 03:00,44.79,0.1,29.95,Apparel,Online,Not Returned,Low,1522.86,VIP
565498,White Mug,27,2024-11-13 18:00,92.86,0.07,14.36,Apparel,In-store,Not Returned,Low,2507.22,VIP
964766,Blue Pen,32,2024-11-14 13:00,88.68,0.12,7.49,Apparel,Online,Not Returned,Medium,2837.76,VIP
761880,Notebook,23,2024-11-14 17:00,92.63,0.26,15.28,Apparel,Online,Not Returned,Low,2130.49,VIP
350565,Headphones,29,2024-11-14 22:00,54.87,0.11,28.8,Apparel,In-store,Not Returned,High,1591.23,VIP
161055,Blue Pen,-47,2024-11-15 10:00,-50.81,0.42,,Apparel,Online,Not Returned,Medium,2388.07,VIP
592269,Wall Clock,42,2024-11-16 06:00,88.29,0.49,6.1,Apparel,In-store,Not Returned,Medium,3708.18,VIP
462667,Desk Lamp,42,2024-11-16 07:00,71.79,0.2,8.36,Apparel,In-store,Not Returned,High,3015.1800000000003,VIP
680951,Desk Lamp,35,2024-11-16 14:00,34.39,0.12,15.72,Apparel,Online,Returned,Medium,1203.65,VIP
480034,USB Cable,13,2024-11-17 02:00,93.02,0.09,28.89,Apparel,Online,Not Returned,Low,1209.26,VIP
835350,White Mug,38,2024-11-17 10:00,65.91,0.11,16.71,Apparel,In-store,Not Returned,Medium,2504.58,VIP
327622,Backpack,35,2024-11-20 05:00,74.22,0.06,11.6,Apparel,Online,Not Returned,Low,2597.7,VIP
594582,Wall Clock,23,2024-11-20 06:00,85.79,0.1,26.13,Apparel,Online,Not Returned,High,1973.17,VIP
965081,T-shirt,47,2024-11-20 08:00,51.64,0.46,14.99,Apparel,In-store,Not Returned,Medium,2427.08,VIP
328407,T-shirt,23,2024-11-20 18:00,96.2,0.35,13.89,Apparel,Online,Not Returned,Medium,2212.6,VIP
553807,Blue Pen,33,2024-11-20 23:00,92.9,0.36,11.23,Apparel,In-store,Not Returned,High,3065.7000000000003,VIP
966452,Office Chair,31,2024-11-21 01:00,61.59,0.16,13.61,Apparel,In-store,Not Returned,High,1909.29,VIP
857144,White Mug,40,2024-11-21 06:00,88.01,0.09,10.63,Apparel,Online,Not Returned,Medium,3520.4,VIP
541049,Wireless Mouse,36,2024-11-21 11:00,33.46,0.07,19.65,Apparel,In-store,Not Returned,High,1204.56,VIP
566804,Backpack,21,2024-11-22 04:00,48.71,0.29,13.87,Apparel,Online,Returned,Low,1022.91,VIP
553749,Wireless Mouse,33,2024-11-22 14:00,98.22,0.23,27.94,Apparel,In-store,Not Returned,Low,3241.26,VIP
339192,Wall Clock,45,2024-11-22 23:00,96.25,0.37,23.62,Apparel,In-store,Not Returned,Low,4331.25,VIP
218116,T-shirt,20,2024-11-23 05:00,77.9,0.24,11.41,Apparel,In-store,Not Returned,Medium,1558.0,VIP
971820,USB Cable,43,2024-11-23 17:00,46.31,0.26,13.38,Apparel,Online,Not Returned,Medium,1991.33,VIP
461881,Blue Pen,40,2024-11-25 03:00,41.79,0.34,12.66,Apparel,In-store,Not Returned,Medium,1671.6,VIP
566863,White Mug,36,2024-11-25 05:00,92.39,0.06,12.35,Apparel,Online,Not Returned,Low,3326.04,VIP
188783,Backpack,36,2024-11-25 07:00,32.95,0.05,20.88,Apparel,Online,Not Returned,Low,1186.2,VIP
804367,Notebook,-49,2024-11-26 11:00,-62.21,1.0610526382356031,,Apparel,Online,Returned,Medium,3048.29,VIP
431660,Notebook,17,2024-11-27 05:00,94.02,0.09,28.23,Apparel,Online,Not Returned,High,1598.34,VIP
960109,White Mug,15,2024-11-27 10:00,94.91,0.48,9.12,Apparel,In-store,Not Returned,High,1423.65,VIP
328411,Headphones,41,2024-11-27 14:00,40.4,0.34,10.07,Apparel,Online,Returned,Low,1656.4,VIP
937084,USB Cable,32,2024-11-29 01:00,54.71,0.3,23.48,Apparel,In-store,Not Returned,Low,1750.72,VIP
335302,Desk Lamp,42,2024-11-29 05:00,42.65,0.04,9.55,Apparel,In-store,Not Returned,Low,1791.3,VIP
496371,Office Chair,32,2024-11-29 21:00,64.32,0.02,12.84,Apparel,In-store,Not Returned,High,2058.24,VIP
361728,White Mug,35,2024-11-30 08:00,99.94,0.29,28.15,Apparel,Online,Not Returned,Low,3497.9,VIP
495261,Notebook,29,2024-11-30 13:00,87.8,0.09,15.82,Apparel,Online,Returned,Low,2546.2,VIP
468887,Office Chair,14,2024-11-30 15:00,80.39,0.3,27.22,Apparel,Online,Not Returned,Low,1125.46,VIP
829112,T-shirt,23,2024-12-02 00:00,68.82,0.0,29.83,Apparel,In-store,Not Returned,High,1582.86,VIP
170732,White Mug,33,2024-12-02 19:00,91.57,0.32,27.76,Apparel,Online,Not Returned,High,3021.81,VIP
108072,Office Chair,33,2024-12-02 22:00,81.19,0.36,12.4,Apparel,Online,Returned,High,2679.27,VIP
845967,T-shirt,33,2024-12-03 15:00,65.59,0.38,17.29,Apparel,In-store,Not Returned,Medium,2164.4700000000003,VIP
339214,USB Cable,21,2024-12-04 08:00,97.72,0.41,16.17,Apparel,In-store,Not Returned,High,2052.12,VIP
990238,Wireless Mouse,12,2024-12-04 20:00,89.78,0.38,11.93,Apparel,In-store,Not Returned,High,1077.36,VIP
600443,Notebook,43,2024-12-05 07:00,32.3,0.44,28.75,Apparel,Online,Not Returned,High,1388.9,VIP
417627,USB Cable,44,2024-12-05 18:00,28.7,0.08,8.1,Apparel,In-store,Not Returned,Low,1262.8,VIP
438530,Backpack,25,2024-12-06 13:00,74.94,0.27,15.38,Apparel,In-store,Returned,High,1873.5,VIP
517100,Backpack,48,2024-12-06 16:00,33.93,0.1,7.89,Apparel,In-store,Not Returned,High,1628.64,VIP
631402,Notebook,34,2024-12-06 22:00,33.69,0.05,6.54,Apparel,In-store,Not Returned,Low,1145.46,VIP
540987,White Mug,43,2024-12-07 00:00,99.17,0.49,19.67,Apparel,In-store,Not Returned,Medium,4264.31,VIP
950626,T-shirt,-42,2024-12-07 07:00,-26.69,1.3168260107957828,,Apparel,In-store,Not Returned,High,1120.98,VIP
585341,Headphones,49,2024-12-07 18:00,79.55,0.17,6.0,Apparel,In-store,Not Returned,High,3897.95,VIP
362641,T-shirt,47,2024-12-07 22:00,30.73,0.33,21.16,Apparel,Online,Not Returned,Medium,1444.31,VIP
249905,T-shirt,19,2024-12-08 00:00,86.54,0.31,15.51,Apparel,In-store,Not Returned,Medium,1644.2600000000002,VIP
431972,T-shirt,41,2024-12-08 03:00,61.96,0.46,7.05,Apparel,Online,Not Returned,Low,2540.36,VIP
558105,Wireless Mouse,29,2024-12-08 11:00,41.34,0.18,27.87,Apparel,In-store,Not Returned,Low,1198.86,VIP
546023,Backpack,40,2024-12-08 13:00,81.46,0.28,11.53,Apparel,In-store,Not Returned,Low,3258.4,VIP
275330,USB Cable,27,2024-12-08 14:00,90.59,0.36,7.54,Apparel,In-store,Not Returned,High,2445.9300000000003,VIP
711275,Blue Pen,26,2024-12-08 22:00,39.23,0.05,5.46,Apparel,In-store,Not Returned,Medium,1019.98,VIP
838568,Wall Clock,47,2024-12-09 17:00,97.37,0.22,20.5,Apparel,Online,Not Returned,Medium,4576.39,VIP
325151,Backpack,45,2024-12-09 20:00,74.72,0.16,6.51,Apparel,In-store,Not Returned,Medium,3362.4,VIP
547170,Blue Pen,46,2024-12-10 00:00,28.76,0.47,7.42,Apparel,In-store,Returned,Medium,1322.96,VIP
796830,T-shirt,31,2024-12-10 08:00,66.23,0.25,9.27,Apparel,In-store,Not Returned,Medium,2053.13,VIP
981042,T-shirt,30,2024-12-10 19:00,64.3,0.44,5.34,Apparel,In-store,Not Returned,Medium,1929.0,VIP
764524,USB Cable,40,2024-12-11 11:00,96.63,0.25,12.7,Apparel,Online,Not Returned,Low,3865.2,VIP
384618,Desk Lamp,43,2024-12-13 00:00,52.9,0.1,21.16,Apparel,In-store,Not Returned,Medium,2274.7,VIP
310409,Desk Lamp,18,2024-12-13 02:00,64.18,0.14,13.31,Apparel,Online,Not Returned,High,1155.2400000000002,VIP
364297,White Mug,17,2024-12-13 07:00,66.03,0.08,17.95,Apparel,In-store,Returned,Low,1122.51,VIP
297564,Office Chair,44,2024-12-15 00:00,56.18,0.28,10.45,Apparel,Online,Returned,Low,2471.92,VIP
730865,Blue Pen,48,2024-12-15 04:00,29.41,0.12,11.24,Apparel,Online,Not Returned,Low,1411.68,VIP
477278,Blue Pen,20,2024-12-15 09:00,87.7,0.17,18.82,Apparel,In-store,Not Returned,Medium,1754.0,VIP
887077,Desk Lamp,31,2024-12-15 16:00,77.16,0.23,19.11,Apparel,In-store,Not Returned,Low,2391.96,VIP
842489,T-shirt,41,2024-12-16 05:00,73.86,0.11,16.17,Apparel,In-store,Returned,Low,3028.26,VIP
202473,Wireless Mouse,47,2024-12-16 21:00,80.17,0.24,12.99,Apparel,Online,Not Returned,High,3767.99,VIP
323561,Headphones,23,2024-12-17 00:00,87.73,0.39,15.05,Apparel,In-store,Not Returned,High,2017.79,VIP
859520,Wireless Mouse,33,2024-12-17 04:00,71.67,0.42,10.79,Apparel,In-store,Not Returned,Low,2365.11,VIP
752556,Notebook,32,2024-12-17 08:00,71.48,0.15,13.76,Apparel,Online,Not Returned,Low,2287.36,VIP
148028,Blue Pen,47,2024-12-17 13:00,90.97,0.21,10.58,Apparel,Online,Not Returned,Medium,4275.59,VIP
929201,Wireless Mouse,31,2024-12-18 16:00,79.66,0.26,8.95,Apparel,In-store,Not Returned,Medium,2469.46,VIP
776055,Office Chair,28,2024-12-20 08:00,83.22,0.28,15.69,Apparel,In-store,Not Returned,Low,2330.16,VIP
973485,Wireless Mouse,20,2024-12-20 17:00,93.02,0.03,5.35,Apparel,Online,Not Returned,Low,1860.4,VIP
424570,T-shirt,39,2024-12-20 21:00,64.59,0.07,11.85,Apparel,In-store,Not Returned,Medium,2519.01,VIP
501740,Office Chair,40,2024-12-20 22:00,45.1,0.37,22.16,Apparel,Online,Not Returned,Low,1804.0,VIP
784239,Blue Pen,49,2024-12-22 05:00,56.06,0.43,14.38,Apparel,In-store,Returned,Medium,2746.94,VIP
776856,T-shirt,24,2024-12-22 10:00,47.89,0.02,22.96,Apparel,Online,Not Returned,Medium,1149.36,VIP
588085,Headphones,37,2024-12-22 23:00,67.39,0.04,29.17,Apparel,In-store,Not Returned,High,2493.43,VIP
751905,White Mug,25,2024-12-23 10:00,70.69,0.19,12.61,Apparel,Online,Returned,Medium,1767.25,VIP
720153,USB Cable,-47,2024-12-23 17:00,-51.03,0.09,,Apparel,Online,Not Returned,Medium,2398.41,VIP
373087,USB Cable,26,2024-12-23 18:00,83.74,0.33,21.51,Apparel,Online,Not Returned,Medium,2177.24,VIP
526228,T-shirt,33,2024-12-23 19:00,70.15,0.44,24.56,Apparel,Online,Not Returned,High,2314.9500000000003,VIP
509466,Desk Lamp,28,2024-12-23 21:00,59.78,0.3,9.57,Apparel,In-store,Returned,Medium,1673.84,VIP
846837,USB Cable,47,2024-12-24 10:00,56.37,0.15,11.39,Apparel,In-store,Not Returned,High,2649.39,VIP
958438,USB Cable,43,2024-12-24 23:00,30.0,0.25,29.54,Apparel,In-store,Not Returned,Medium,1290.0,VIP
887416,USB Cable,30,2024-12-25 07:00,67.6,0.29,16.24,Apparel,Online,Not Returned,High,2028.0,VIP
697011,White Mug,22,2024-12-25 10:00,97.1,0.32,20.61,Apparel,In-store,Not Returned,High,2136.2,VIP
662769,Notebook,-13,2024-12-25 15:00,-82.37,1.0570002726927217,,Apparel,In-store,Not Returned,Medium,1070.81,VIP
684594,Headphones,19,2024-12-25 21:00,56.34,0.33,19.24,Apparel,In-store,Not Returned,Low,1070.46,VIP
805563,Desk Lamp,35,2024-12-26 12:00,38.82,0.13,16.64,Apparel,Online,Not Returned,Low,1358.7,VIP
157232,Notebook,42,2024-12-26 15:00,38.97,0.2,23.09,Apparel,In-store,Returned,Low,1636.74,VIP
108058,Notebook,29,2024-12-26 19:00,72.65,0.39,25.88,Apparel,Online,Returned,High,2106.8500000000004,VIP
450532,Desk Lamp,-50,2024-12-26 20:00,-56.19,1.0243669296322355,,Apparel,Online,Not Returned,Low,2809.5,VIP
114538,Office Chair,34,2024-12-27 09:00,51.05,0.4,14.97,Apparel,Online,Not Returned,Low,1735.6999999999998,VIP
921539,White Mug,28,2024-12-27 18:00,90.62,0.45,19.45,Apparel,In-store,Not Returned,Low,2537.36,VIP
428734,Notebook,39,2024-12-27 21:00,51.4,0.3,15.03,Apparel,Online,Not Returned,High,2004.6,VIP
818762,Notebook,36,2024-12-28 00:00,31.33,0.29,14.35,Apparel,In-store,Not Returned,Low,1127.88,VIP
317006,USB Cable,28,2024-12-28 02:00,90.18,0.34,12.29,Apparel,In-store,Not Returned,High,2525.04,VIP
291567,Wall Clock,37,2024-12-28 13:00,83.21,0.48,10.36,Apparel,In-store,Not Returned,High,3078.77,VIP
348160,Blue Pen,46,2024-12-29 06:00,88.94,0.44,17.78,Apparel,Online,Not Returned,High,4091.24,VIP
591841,Notebook,29,2024-12-29 10:00,50.71,0.36,19.02,Apparel,In-store,Not Returned,Low,1470.59,VIP
838970,Desk Lamp,47,2024-12-30 12:00,40.8,0.01,18.14,Apparel,Online,Returned,Low,1917.6,VIP
440740,White Mug,47,2025-01-01 02:00,75.47,0.28,14.92,Apparel,In-store,Not Returned,High,3547.09,VIP
235769,USB Cable,25,2025-01-01 22:00,74.07,0.26,5.81,Apparel,In-store,Not Returned,Low,1851.75,VIP
259317,Office Chair,45,2025-01-02 00:00,30.0,0.14,19.39,Apparel,In-store,Returned,High,1350.0,VIP
952005,Notebook,36,2025-01-02 03:00,99.87,0.48,17.09,Apparel,In-store,Not Returned,Low,3595.32,VIP
786821,Headphones,14,2025-01-03 00:00,95.17,0.39,7.75,Apparel,Online,Not Returned,Low,1332.38,VIP
957603,Notebook,30,2025-01-03 05:00,67.51,0.06,9.43,Apparel,Online,Not Returned,Medium,2025.3,VIP
808359,Blue Pen,39,2025-01-03 06:00,88.31,0.11,29.61,Apparel,Online,Not Returned,High,3444.09,VIP
896753,T-shirt,33,2025-01-03 14:00,35.74,0.14,8.39,Apparel,Online,Not Returned,High,1179.42,VIP
417055,Backpack,14,2025-01-03 18:00,95.81,0.38,26.49,Apparel,Online,Not Returned,Medium,1341.34,VIP
976730,Wireless Mouse,39,2025-01-03 19:00,65.16,0.32,22.18,Apparel,In-store,Not Returned,High,2541.24,VIP
818649,Wall Clock,40,2025-01-04 01:00,33.42,0.5,12.85,Apparel,In-store,Not Returned,High,1336.8000000000002,VIP
536763,USB Cable,43,2025-01-04 02:00,80.63,0.15,27.56,Apparel,Online,Not Returned,Medium,3467.09,VIP
626311,Office Chair,40,2025-01-04 16:00,30.76,0.37,25.96,Apparel,In-store,Returned,High,1230.4,VIP
253233,T-shirt,42,2025-01-05 16:00,30.89,0.08,16.79,Apparel,Online,Not Returned,High,1297.38,VIP
369351,T-shirt,47,2025-01-05 22:00,82.94,0.39,7.53,Apparel,Online,Not Returned,High,3898.18,VIP
634305,Headphones,32,2025-01-06 04:00,39.68,0.38,27.11,Apparel,Online,Not Returned,High,1269.76,VIP
895822,Wireless Mouse,18,2025-01-06 12:00,81.54,0.42,19.64,Apparel,Online,Not Returned,Medium,1467.72,VIP
163470,Backpack,13,2025-01-06 21:00,85.65,0.24,20.34,Apparel,In-store,Not Returned,Medium,1113.45,VIP
434906,Notebook,40,2025-01-06 22:00,54.78,0.37,26.65,Apparel,In-store,Not Returned,Low,2191.2,VIP
394290,Blue Pen,49,2025-01-07 07:00,49.29,0.49,17.86,Apparel,Online,Not Returned,High,2415.21,VIP
159965,Headphones,35,2025-01-07 23:00,66.76,0.04,7.49,Apparel,In-store,Not Returned,Low,2336.6000000000004,VIP
272632,Notebook,27,2025-01-08 03:00,41.63,0.45,11.39,Apparel,Online,Not Returned,Low,1124.01,VIP
497166,Headphones,46,2025-01-08 08:00,48.41,0.02,11.9,Apparel,Online,Not Returned,Low,2226.86,VIP
520555,Backpack,47,2025-01-10 03:00,41.65,0.48,13.73,Apparel,Online,Not Returned,Medium,1957.55,VIP
771986,Backpack,43,2025-01-10 12:00,49.12,0.45,16.44,Apparel,Online,Not Returned,High,2112.16,VIP
919798,White Mug,16,2025-01-11 07:00,77.53,0.37,22.14,Apparel,In-store,Not Returned,High,1240.48,VIP
413491,Blue Pen,32,2025-01-11 08:00,81.83,0.5,18.42,Apparel,In-store,Not Returned,Low,2618.56,VIP
240657,Blue Pen,42,2025-01-11 11:00,97.29,0.05,20.11,Apparel,Online,Not Returned,High,4086.18,VIP
121984,Notebook,25,2025-01-11 22:00,71.66,0.01,21.49,Apparel,In-store,Not Returned,Medium,1791.5,VIP
260284,Wall Clock,45,2025-01-12 07:00,23.92,0.06,26.79,Apparel,In-store,Not Returned,Medium,1076.4,VIP
771213,Backpack,48,2025-01-12 09:00,95.6,0.33,14.5,Apparel,In-store,Not Returned,High,4588.799999999999,VIP
835271,Headphones,19,2025-01-12 11:00,85.64,0.37,14.14,Apparel,In-store,Not Returned,High,1627.16,VIP
553717,Headphones,20,2025-01-12 14:00,87.21,0.4,12.59,Apparel,Online,Not Returned,High,1744.1999999999998,VIP
567548,Wireless Mouse,28,2025-01-13 13:00,59.32,0.3,28.13,Apparel,Online,Not Returned,Medium,1660.96,VIP
492239,Headphones,47,2025-01-13 18:00,37.96,0.38,24.88,Apparel,In-store,Not Returned,High,1784.12,VIP
168149,Headphones,47,2025-01-15 01:00,28.54,0.3,28.83,Apparel,In-store,Not Returned,Low,1341.38,VIP
144866,Notebook,11,2025-01-15 06:00,94.9,0.39,8.51,Apparel,In-store,Not Returned,High,1043.9,VIP
812599,Desk Lamp,40,2025-01-15 08:00,35.12,0.41,26.05,Apparel,In-store,Not Returned,High,1404.8,VIP
926034,T-shirt,43,2025-01-16 14:00,49.97,0.05,28.51,Apparel,In-store,Not Returned,High,2148.71,VIP
370084,Office Chair,14,2025-01-17 00:00,88.21,0.44,9.31,Apparel,Online,Not Returned,High,1234.9399999999998,VIP
380750,White Mug,49,2025-01-17 01:00,46.28,0.05,8.55,Apparel,In-store,Not Returned,Low,2267.7200000000003,VIP
789642,USB Cable,42,2025-01-17 05:00,64.37,0.38,25.05,Apparel,Online,Not Returned,Low,2703.54,VIP
957556,USB Cable,40,2025-01-18 05:00,46.19,0.15,26.63,Apparel,In-store,Not Returned,Medium,1847.6,VIP
849204,USB Cable,30,2025-01-18 06:00,66.69,0.07,26.42,Apparel,In-store,Not Returned,Low,2000.7,VIP
801151,Wall Clock,41,2025-01-18 15:00,49.11,0.02,6.8,Apparel,Online,Not Returned,Medium,2013.51,VIP
713141,T-shirt,49,2025-01-18 16:00,54.42,0.11,19.09,Apparel,In-store,Not Returned,Medium,2666.58,VIP
225409,Desk Lamp,48,2025-01-18 20:00,61.16,0.11,15.7,Apparel,Online,Returned,Low,2935.68,VIP
857801,T-shirt,13,2025-01-19 06:00,87.62,0.44,27.81,Apparel,In-store,Not Returned,High,1139.06,VIP
643924,T-shirt,19,2025-01-19 12:00,66.96,0.18,13.48,Apparel,Online,Returned,Low,1272.2399999999998,VIP
461521,Backpack,23,2025-01-19 19:00,62.26,0.16,12.51,Apparel,Online,Not Returned,Low,1431.98,VIP
704633,Desk Lamp,33,2025-01-20 21:00,45.47,0.25,6.36,Apparel,Online,Not Returned,Medium,1500.51,VIP
635511,Wireless Mouse,31,2025-01-21 02:00,49.19,0.27,16.63,Apparel,Online,Not Returned,Medium,1524.89,VIP
308884,Headphones,44,2025-01-22 18:00,99.94,0.33,25.94,Apparel,Online,Not Returned,Low,4397.36,VIP
973270,Notebook,48,2025-01-22 21:00,62.88,0.13,12.39,Apparel,Online,Not Returned,Low,3018.24,VIP
951113,Wall Clock,33,2025-01-23 05:00,40.34,0.49,14.14,Apparel,Online,Not Returned,Medium,1331.22,VIP
286825,T-shirt,33,2025-01-23 09:00,46.12,0.06,23.59,Apparel,In-store,Not Returned,Medium,1521.9599999999998,VIP
687192,Office Chair,31,2025-01-23 19:00,43.81,0.35,7.23,Apparel,In-store,Not Returned,Medium,1358.11,VIP
279922,USB Cable,46,2025-01-24 06:00,38.77,0.09,21.97,Apparel,Online,Returned,Low,1783.42,VIP
215735,T-shirt,12,2025-01-24 07:00,87.11,0.12,25.86,Apparel,In-store,Not Returned,Low,1045.32,VIP
306186,Headphones,24,2025-01-24 10:00,74.24,0.4,25.33,Apparel,In-store,Not Returned,High,1781.7599999999998,VIP
156373,Backpack,17,2025-01-24 13:00,76.8,0.4,17.2,Apparel,Online,Not Returned,Medium,1305.6,VIP
964813,Desk Lamp,29,2025-01-25 06:00,50.6,0.11,21.27,Apparel,In-store,Returned,Low,1467.4,VIP
144188,Wireless Mouse,36,2025-01-25 18:00,59.62,0.37,10.11,Apparel,Online,Not Returned,Low,2146.32,VIP
534361,Blue Pen,48,2025-01-26 01:00,71.35,0.12,19.75,Apparel,In-store,Not Returned,Medium,3424.8,VIP
278012,Blue Pen,-14,2025-01-26 13:00,-99.6,1.2661394663438028,,Apparel,In-store,Not Returned,Medium,1394.4,VIP
273845,Blue Pen,23,2025-01-27 06:00,66.16,0.35,14.47,Apparel,In-store,Not Returned,Low,1521.6799999999998,VIP
681252,T-shirt,32,2025-01-28 00:00,62.13,0.36,29.6,Apparel,In-store,Not Returned,Medium,1988.16,VIP
892295,Wireless Mouse,26,2025-01-28 23:00,78.81,0.14,28.97,Apparel,In-store,Not Returned,High,2049.06,VIP
175171,Wall Clock,48,2025-01-30 08:00,36.04,0.15,6.19,Apparel,In-store,Not Returned,Low,1729.92,VIP
997007,Notebook,25,2025-01-31 03:00,83.03,0.14,5.46,Apparel,In-store,Not Returned,Medium,2075.75,VIP
344085,Notebook,31,2025-01-31 04:00,54.61,0.33,11.85,Apparel,Online,Not Returned,Low,1692.91,VIP
508978,USB Cable,17,2025-02-01 05:00,61.08,0.48,12.5,Apparel,In-store,Not Returned,Medium,1038.36,VIP
287974,Headphones,21,2025-02-01 10:00,89.01,0.08,25.01,Apparel,In-store,Returned,Medium,1869.21,VIP
670543,Office Chair,29,2025-02-01 19:00,81.08,0.29,14.61,Apparel,Online,Not Returned,Low,2351.32,VIP
787436,Headphones,33,2025-02-02 09:00,53.49,0.42,5.64,Apparel,Online,Not Returned,Medium,1765.17,VIP
895918,Notebook,29,2025-02-02 20:00,58.15,0.37,12.39,Apparel,Online,Not Returned,Medium,1686.35,VIP
214128,Headphones,43,2025-02-04 00:00,80.34,0.27,29.93,Apparel,In-store,Not Returned,Medium,3454.6200000000003,VIP
602571,White Mug,26,2025-02-04 07:00,93.44,0.4,11.59,Apparel,Online,Not Returned,Medium,2429.44,VIP
191602,Backpack,-25,2025-02-04 10:00,-94.07,1.332769150321776,,Apparel,In-store,Not Returned,Medium,2351.75,VIP
215290,Notebook,30,2025-02-05 10:00,98.89,0.2,6.59,Apparel,In-store,Not Returned,Low,2966.7,VIP
877740,T-shirt,30,2025-02-05 19:00,66.97,0.12,22.1,Apparel,In-store,Not Returned,Medium,2009.1,VIP
274808,Desk Lamp,15,2025-02-06 23:00,67.67,0.05,22.92,Apparel,In-store,Not Returned,Low,1015.05,VIP
116134,White Mug,22,2025-02-07 20:00,95.52,0.49,28.23,Apparel,Online,Not Returned,Low,2101.44,VIP
820669,Office Chair,21,2025-02-08 03:00,99.39,0.07,27.39,Apparel,In-store,Returned,High,2087.19,VIP
482406,Desk Lamp,38,2025-02-08 16:00,83.81,0.4,10.64,Apparel,In-store,Not Returned,Medium,3184.78,VIP
576120,Wireless Mouse,18,2025-02-09 14:00,81.67,0.16,6.93,Apparel,Online,Not Returned,Low,1470.06,VIP
984736,T-shirt,32,2025-02-09 23:00,95.28,0.14,7.43,Apparel,In-store,Not Returned,Medium,3048.96,VIP
147612,Wireless Mouse,25,2025-02-10 05:00,57.23,0.33,24.18,Apparel,In-store,Not Returned,High,1430.75,VIP
422931,Backpack,45,2025-02-10 19:00,56.78,0.28,13.2,Apparel,In-store,Not Returned,Low,2555.1,VIP
592709,Wireless Mouse,28,2025-02-10 21:00,40.61,0.1,22.23,Apparel,Online,Not Returned,Low,1137.08,VIP
155378,Backpack,42,2025-02-11 12:00,89.95,0.28,13.23,Apparel,Online,Not Returned,Medium,3777.9,VIP
285967,Office Chair,43,2025-02-11 13:00,86.15,0.37,17.61,Apparel,Online,Not Returned,Medium,3704.45,VIP
602727,White Mug,13,2025-02-12 22:00,94.81,0.27,12.8,Apparel,In-store,Not Returned,Medium,1232.53,VIP
118302,Headphones,39,2025-02-13 05:00,86.32,0.06,15.49,Apparel,In-store,Returned,High,3366.48,VIP
937297,Office Chair,16,2025-02-13 18:00,96.46,0.05,12.15,Apparel,Online,Not Returned,High,1543.36,VIP
774107,Office Chair,38,2025-02-14 02:00,34.59,0.46,20.57,Apparel,In-store,Not Returned,Low,1314.42,VIP
391842,Headphones,18,2025-02-15 07:00,99.85,0.18,28.81,Apparel,Online,Not Returned,High,1797.3,VIP
277734,T-shirt,34,2025-02-15 16:00,76.2,0.32,20.29,Apparel,In-store,Returned,High,2590.8,VIP
786286,T-shirt,22,2025-02-16 08:00,69.34,0.17,15.15,Apparel,In-store,Not Returned,Low,1525.48,VIP
908334,T-shirt,31,2025-02-17 01:00,96.68,0.14,12.72,Apparel,In-store,Not Returned,Low,2997.0800000000004,VIP
399867,T-shirt,21,2025-02-17 14:00,87.56,0.24,23.16,Apparel,Online,Not Returned,High,1838.76,VIP
589464,Headphones,43,2025-02-18 01:00,43.43,0.01,12.2,Apparel,In-store,Not Returned,Low,1867.49,VIP
309815,USB Cable,46,2025-02-18 07:00,66.62,0.23,9.18,Apparel,Online,Not Returned,Medium,3064.5200000000004,VIP
297559,USB Cable,31,2025-02-18 08:00,64.0,0.1,19.98,Apparel,Online,Not Returned,High,1984.0,VIP
701766,T-shirt,25,2025-02-18 21:00,58.02,0.13,25.71,Apparel,In-store,Returned,High,1450.5,VIP
514073,Blue Pen,32,2025-02-19 12:00,42.81,0.22,14.93,Apparel,In-store,Not Returned,Medium,1369.92,VIP
272604,Headphones,43,2025-02-19 18:00,80.09,0.17,27.31,Apparel,In-store,Not Returned,Low,3443.8700000000003,VIP
708441,Blue Pen,27,2025-02-20 01:00,44.06,0.14,20.81,Apparel,In-store,Not Returned,Medium,1189.62,VIP
661097,Backpack,22,2025-02-20 08:00,78.06,0.34,20.43,Apparel,In-store,Not Returned,Low,1717.3200000000002,VIP
628006,T-shirt,-27,2025-02-20 13:00,-67.43,1.4370170361548258,,Apparel,Online,Returned,Medium,1820.61,VIP
252991,White Mug,45,2025-02-20 14:00,62.07,0.5,27.83,Apparel,In-store,Returned,Low,2793.15,VIP
348241,Blue Pen,47,2025-02-21 04:00,90.15,0.48,8.1,Apparel,Online,Not Returned,Low,4237.05,VIP
278253,Notebook,39,2025-02-21 19:00,89.21,0.34,26.81,Apparel,In-store,Not Returned,High,3479.19,VIP
173497,Wireless Mouse,46,2025-02-22 05:00,53.87,0.17,10.41,Apparel,In-store,Not Returned,Medium,2478.02,VIP
190909,Desk Lamp,26,2025-02-23 00:00,79.85,0.48,9.86,Apparel,Online,Not Returned,High,2076.1,VIP
870840,Wireless Mouse,-45,2025-02-23 19:00,-70.63,1.1442880666076298,,Apparel,In-store,Returned,Low,3178.35,VIP
553132,Wireless Mouse,39,2025-02-24 01:00,92.52,0.29,8.43,Apparel,Online,Not Returned,Medium,3608.28,VIP
478198,Wall Clock,35,2025-02-24 06:00,34.93,0.35,18.0,Apparel,Online,Not Returned,Low,1222.55,VIP
123753,Backpack,38,2025-02-24 17:00,43.26,0.33,20.48,Apparel,Online,Not Returned,Low,1643.88,VIP
616307,Wall Clock,35,2025-02-25 09:00,86.49,0.44,16.07,Apparel,In-store,Not Returned,Low,3027.15,VIP
895839,Notebook,37,2025-02-25 10:00,35.67,0.25,26.66,Apparel,Online,Not Returned,High,1319.79,VIP
993628,Headphones,15,2025-02-25 15:00,70.35,0.28,16.27,Apparel,In-store,Not Returned,Low,1055.25,VIP
132389,Headphones,49,2025-02-26 01:00,60.52,0.33,11.26,Apparel,In-store,Not Returned,Medium,2965.48,VIP
660393,Headphones,47,2025-02-26 06:00,77.2,0.4,7.04,Apparel,In-store,Returned,Low,3628.4,VIP
706287,Office Chair,33,2025-02-27 03:00,61.95,0.49,13.93,Apparel,In-store,Not Returned,Low,2044.35,VIP
526602,Wireless Mouse,35,2025-02-27 07:00,45.2,0.44,17.88,Apparel,Online,Not Returned,Medium,1582.0,VIP
308078,USB Cable,45,2025-02-27 09:00,68.71,0.33,17.27,Apparel,In-store,Not Returned,High,3091.95,VIP
271954,Headphones,22,2025-02-27 11:00,58.02,0.07,6.19,Apparel,In-store,Not Returned,Low,1276.44,VIP
504659,Office Chair,38,2025-02-27 16:00,95.33,0.02,12.24,Apparel,In-store,Not Returned,Medium,3622.54,VIP
741144,White Mug,48,2025-02-27 17:00,30.39,0.25,14.28,Apparel,In-store,Returned,High,1458.72,VIP
893667,T-shirt,20,2025-02-27 19:00,97.49,0.26,25.01,Apparel,Online,Returned,High,1949.8,VIP
325155,Office Chair,30,2025-02-28 00:00,82.56,0.24,25.72,Apparel,Online,Not Returned,High,2476.8,VIP
287542,Blue Pen,13,2025-02-28 07:00,83.68,0.32,12.88,Apparel,In-store,Not Returned,Medium,1087.84,VIP
918301,Wall Clock,46,2025-02-28 15:00,78.65,0.34,17.11,Apparel,In-store,Not Returned,High,3617.9,VIP
801374,Notebook,48,2025-03-01 13:00,85.31,0.08,25.2,Apparel,Online,Not Returned,High,4094.88,VIP
195736,Headphones,-44,2025-03-01 23:00,-25.84,1.190699125176642,,Apparel,In-store,Not Returned,High,1136.96,VIP
971697,Headphones,37,2025-03-02 01:00,39.63,0.29,5.96,Apparel,Online,Not Returned,Low,1466.3100000000002,VIP
479765,Blue Pen,30,2025-03-02 05:00,87.6,0.39,21.95,Apparel,Online,Not Returned,Low,2628.0,VIP
541936,Wall Clock,38,2025-03-02 18:00,84.76,0.03,17.35,Apparel,In-store,Not Returned,High,3220.88,VIP
140503,Wireless Mouse,45,2025-03-02 21:00,93.89,0.22,26.42,Apparel,Online,Not Returned,Low,4225.05,VIP
732413,T-shirt,44,2025-03-02 23:00,89.79,0.17,17.86,Apparel,Online,Not Returned,Medium,3950.76,VIP
760247,Wall Clock,45,2025-03-04 00:00,99.74,0.03,12.25,Apparel,Online,Not Returned,Low,4488.3,VIP
300596,Backpack,28,2025-03-04 06:00,77.03,0.33,8.55,Apparel,Online,Not Returned,Medium,2156.84,VIP
708677,Wall Clock,-34,2025-03-04 07:00,-71.5,1.746322342985187,,Apparel,In-store,Not Returned,High,2431.0,VIP
284914,Office Chair,31,2025-03-05 10:00,48.49,0.37,22.66,Apparel,In-store,Returned,Medium,1503.19,VIP
971431,Headphones,46,2025-03-06 08:00,66.48,0.47,7.01,Apparel,In-store,Not Returned,Medium,3058.0800000000004,VIP
401998,Desk Lamp,19,2025-03-06 22:00,66.07,0.02,6.94,Apparel,In-store,Not Returned,Medium,1255.33,VIP
172207,Office Chair,48,2025-03-07 01:00,79.91,0.01,9.02,Apparel,Online,Returned,High,3835.68,VIP
405049,Backpack,27,2025-03-07 05:00,96.69,0.39,5.22,Apparel,Online,Not Returned,Medium,2610.63,VIP
640902,Notebook,39,2025-03-07 06:00,96.31,0.31,7.89,Apparel,In-store,Not Returned,High,3756.09,VIP
939324,Wall Clock,29,2025-03-07 07:00,84.62,0.33,17.39,Apparel,Online,Not Returned,Low,2453.98,VIP
651788,Backpack,40,2025-03-07 15:00,86.69,0.5,17.55,Apparel,In-store,Returned,Medium,3467.6,VIP
119841,Blue Pen,28,2025-03-07 19:00,80.87,0.38,12.98,Apparel,Online,Not Returned,Medium,2264.36,VIP
400296,Wireless Mouse,29,2025-03-07 21:00,59.68,0.1,19.64,Apparel,Online,Not Returned,Medium,1730.72,VIP
583498,Blue Pen,36,2025-03-08 10:00,29.13,0.5,14.28,Apparel,Online,Not Returned,Low,1048.68,VIP
634119,USB Cable,49,2025-03-08 13:00,53.31,0.09,17.03,Apparel,Online,Not Returned,Low,2612.19,VIP
457892,Blue Pen,35,2025-03-10 17:00,61.62,0.48,22.39,Apparel,Online,Returned,Low,2156.7,VIP
221747,Notebook,29,2025-03-10 18:00,63.52,0.37,11.98,Apparel,In-store,Not Returned,Low,1842.08,VIP
734563,Backpack,37,2025-03-11 05:00,47.84,0.41,16.1,Apparel,In-store,Not Returned,High,1770.0800000000002,VIP
634669,Backpack,19,2025-03-11 09:00,84.98,0.28,22.25,Apparel,Online,Not Returned,Medium,1614.62,VIP
364131,Wall Clock,31,2025-03-11 10:00,89.29,0.23,18.68,Apparel,Online,Not Returned,Medium,2767.99,VIP
738838,Wireless Mouse,47,2025-03-11 17:00,24.13,0.15,21.88,Apparel,In-store,Returned,High,1134.11,VIP
154457,Desk Lamp,31,2025-03-11 22:00,44.96,0.02,9.69,Apparel,In-store,Not Returned,Low,1393.76,VIP
251259,Backpack,47,2025-03-12 04:00,63.98,0.45,24.36,Apparel,In-store,Not Returned,Medium,3007.06,VIP
160833,Wall Clock,48,2025-03-12 07:00,69.16,0.35,18.4,Apparel,In-store,Not Returned,Low,3319.68,VIP
470885,Wireless Mouse,26,2025-03-12 18:00,82.94,0.31,25.58,Apparel,Online,Not Returned,High,2156.44,VIP
195245,Blue Pen,27,2025-03-12 19:00,92.04,0.26,24.73,Apparel,Online,Not Returned,Low,2485.0800000000004,VIP
143117,T-shirt,25,2025-03-13 06:00,69.05,0.27,18.26,Apparel,In-store,Not Returned,Medium,1726.25,VIP
258004,Desk Lamp,-48,2025-03-13 09:00,-37.53,0.26,,Apparel,In-store,Not Returned,Low,1801.44,VIP
516165,Wall Clock,33,2025-03-13 16:00,90.79,0.06,24.06,Apparel,In-store,Not Returned,Low,2996.07,VIP
365891,Blue Pen,29,2025-03-14 05:00,86.42,0.05,23.14,Apparel,Online,Not Returned,Medium,2506.18,VIP
880189,Wall Clock,49,2025-03-14 08:00,24.26,0.48,10.4,Apparel,In-store,Not Returned,Medium,1188.74,VIP
540448,Blue Pen,22,2025-03-15 02:00,95.92,0.13,19.49,Apparel,Online,Not Returned,Medium,2110.24,VIP
666520,T-shirt,15,2025-03-15 14:00,70.09,0.46,14.68,Apparel,In-store,Not Returned,Medium,1051.35,VIP
244790,Notebook,30,2025-03-15 22:00,93.07,0.07,25.56,Apparel,Online,Not Returned,Medium,2792.1,VIP
244177,Blue Pen,42,2025-03-16 00:00,92.06,0.39,11.14,Apparel,Online,Not Returned,Medium,3866.52,VIP
863593,Wireless Mouse,48,2025-03-16 03:00,22.12,0.46,23.41,Apparel,Online,Not Returned,High,1061.76,VIP
815327,Desk Lamp,35,2025-03-16 06:00,91.79,0.23,28.54,Apparel,In-store,Not Returned,Low,3212.65,VIP
348691,White Mug,26,2025-03-17 00:00,74.34,0.22,28.77,Apparel,In-store,Returned,Medium,1932.84,VIP
146775,USB Cable,47,2025-03-17 08:00,65.43,0.03,27.94,Apparel,Online,Not Returned,Medium,3075.2100000000005,VIP
515923,Desk Lamp,16,2025-03-17 10:00,76.36,0.08,11.06,Apparel,Online,Not Returned,High,1221.76,VIP
767242,Wireless Mouse,28,2025-03-17 16:00,75.76,0.11,26.39,Apparel,In-store,Not Returned,Low,2121.28,VIP
940248,Headphones,41,2025-03-18 03:00,39.37,0.41,17.0,Apparel,In-store,Not Returned,Low,1614.1699999999998,VIP
618532,Blue Pen,47,2025-03-18 05:00,27.52,0.48,17.15,Apparel,Online,Returned,Low,1293.44,VIP
275078,Backpack,34,2025-03-19 02:00,90.41,0.42,29.47,Apparel,Online,Not Returned,Low,3073.94,VIP
434004,Office Chair,16,2025-03-19 13:00,84.31,0.4,26.89,Apparel,Online,Returned,Low,1348.96,VIP
118508,Wall Clock,18,2025-03-19 19:00,96.46,0.1,24.22,Apparel,In-store,Not Returned,High,1736.28,VIP
760334,Notebook,16,2025-03-19 21:00,95.41,0.13,22.21,Apparel,In-store,Not Returned,Low,1526.56,VIP
756445,Blue Pen,46,2025-03-20 03:00,41.43,0.15,13.06,Apparel,Online,Not Returned,High,1905.78,VIP
467650,Notebook,37,2025-03-20 12:00,79.31,0.03,5.97,Apparel,Online,Not Returned,Medium,2934.4700000000003,VIP
199851,Backpack,21,2025-03-21 12:00,70.99,0.22,13.45,Apparel,Online,Not Returned,Medium,1490.79,VIP
580293,USB Cable,-23,2025-03-22 03:00,-56.46,0.37,,Apparel,Online,Not Returned,Medium,1298.58,VIP
934664,Wall Clock,31,2025-03-22 05:00,59.74,0.42,15.36,Apparel,In-store,Not Returned,High,1851.94,VIP
298175,USB Cable,29,2025-03-22 09:00,44.18,0.41,28.11,Apparel,Online,Not Returned,Medium,1281.22,VIP
293253,Notebook,26,2025-03-22 11:00,66.43,0.02,9.59,Apparel,In-store,Returned,High,1727.1800000000003,VIP
437398,Backpack,34,2025-03-22 14:00,38.57,0.37,12.48,Apparel,In-store,Returned,Medium,1311.38,VIP
290118,Desk Lamp,36,2025-03-22 19:00,37.15,0.23,15.7,Apparel,In-store,Not Returned,High,1337.4,VIP
696538,T-shirt,28,2025-03-23 07:00,84.06,0.16,27.42,Apparel,Online,Not Returned,High,2353.6800000000003,VIP
359158,Notebook,40,2025-03-23 11:00,41.94,0.29,7.92,Apparel,In-store,Returned,Low,1677.6,VIP
577584,USB Cable,32,2025-03-23 12:00,58.37,0.14,5.56,Apparel,In-store,Not Returned,Low,1867.84,VIP
964717,Desk Lamp,28,2025-03-23 13:00,55.54,0.31,27.68,Apparel,In-store,Not Returned,Medium,1555.12,VIP
860630,USB Cable,18,2025-03-23 16:00,89.96,0.12,11.68,Apparel,In-store,Not Returned,High,1619.28,VIP
396965,Blue Pen,23,2025-03-23 17:00,47.86,0.21,10.97,Apparel,Online,Not Returned,Medium,1100.78,VIP
828659,Office Chair,40,2025-03-23 18:00,31.96,0.33,17.89,Apparel,In-store,Not Returned,Low,1278.4,VIP
539216,Desk Lamp,29,2025-03-23 19:00,63.31,0.39,25.31,Apparel,Online,Not Returned,Low,1835.99,VIP
612318,White Mug,49,2025-03-24 08:00,38.17,0.35,12.36,Apparel,Online,Not Returned,Medium,1870.33,VIP
811761,Blue Pen,13,2025-03-24 09:00,97.02,0.37,14.78,Apparel,In-store,Returned,Low,1261.26,VIP
303180,Notebook,40,2025-03-24 11:00,52.14,0.41,26.97,Apparel,Online,Not Returned,High,2085.6,VIP
681067,Backpack,30,2025-03-24 12:00,67.13,0.23,17.73,Apparel,In-store,Not Returned,Medium,2013.9,VIP
793779,Office Chair,20,2025-03-24 23:00,62.3,0.02,23.44,Apparel,Online,Not Returned,Medium,1246.0,VIP
470631,Backpack,47,2025-03-25 04:00,85.03,0.18,18.53,Apparel,In-store,Not Returned,Low,3996.41,VIP
826389,Backpack,48,2025-03-25 08:00,30.42,0.0,10.18,Apparel,Online,Not Returned,Low,1460.16,VIP
656052,Wall Clock,29,2025-03-26 09:00,58.49,0.3,8.53,Apparel,Online,Not Returned,High,1696.21,VIP
418034,Backpack,30,2025-03-26 11:00,75.4,0.38,28.33,Apparel,In-store,Not Returned,Medium,2262.0,VIP
367299,Backpack,44,2025-03-26 15:00,25.06,0.43,21.57,Apparel,In-store,Not Returned,Medium,1102.64,VIP
753806,T-shirt,43,2025-03-26 16:00,68.78,0.29,25.65,Apparel,In-store,Not Returned,High,2957.54,VIP
160851,Wall Clock,24,2025-03-26 22:00,63.2,0.21,7.07,Apparel,Online,Not Returned,Low,1516.8000000000002,VIP
409421,Backpack,21,2025-03-28 00:00,89.75,0.32,19.35,Apparel,Online,Not Returned,Medium,1884.75,VIP
567106,Wall Clock,33,2025-03-28 17:00,95.61,0.0,27.56,Apparel,In-store,Returned,High,3155.13,VIP
747581,Blue Pen,44,2025-03-29 03:00,81.95,0.13,11.11,Apparel,Online,Not Returned,Low,3605.8,VIP
871480,Desk Lamp,16,2025-03-29 07:00,85.32,0.05,17.0,Apparel,In-store,Not Returned,Low,1365.12,VIP
367944,Desk Lamp,20,2025-03-29 13:00,93.61,0.41,9.91,Apparel,In-store,Not Returned,Medium,1872.2,VIP
187175,Backpack,22,2025-03-29 23:00,53.28,0.0,24.56,Apparel,In-store,Not Returned,High,1172.16,VIP
642167,Wireless Mouse,28,2025-03-30 09:00,62.48,0.49,24.35,Apparel,Online,Not Returned,Low,1749.4399999999998,VIP
449432,Blue Pen,34,2025-03-31 00:00,90.31,0.32,15.87,Apparel,In-store,Not Returned,High,3070.54,VIP
450441,White Mug,37,2025-03-31 09:00,68.06,0.48,17.35,Apparel,In-store,Not Returned,Medium,2518.2200000000003,VIP
189642,Notebook,31,2025-03-31 21:00,74.35,0.46,13.16,Apparel,Online,Not Returned,Low,2304.85,VIP
379899,Office Chair,17,2025-04-01 02:00,96.3,0.26,20.92,Apparel,In-store,Not Returned,High,1637.1,VIP
958072,Office Chair,28,2025-04-01 07:00,71.19,0.45,28.13,Apparel,In-store,Not Returned,Low,1993.32,VIP
601182,Wall Clock,30,2025-04-01 17:00,97.46,0.24,7.01,Apparel,Online,Not Returned,High,2923.8,VIP
506484,Backpack,44,2025-04-02 08:00,55.85,0.01,25.74,Apparel,Online,Not Returned,Medium,2457.4,VIP
440177,Notebook,42,2025-04-04 03:00,54.66,0.12,12.67,Apparel,Online,Returned,Low,2295.72,VIP
139380,T-shirt,36,2025-04-04 12:00,83.02,0.38,5.92,Apparel,In-store,Not Returned,Medium,2988.72,VIP
943391,Wall Clock,-17,2025-04-04 15:00,-61.86,1.740795877853746,,Apparel,In-store,Not Returned,High,1051.62,VIP
609125,Wireless Mouse,33,2025-04-04 17:00,96.59,0.36,11.72,Apparel,In-store,Not Returned,Low,3187.4700000000003,VIP
436515,Backpack,37,2025-04-04 23:00,61.23,0.16,5.41,Apparel,Online,Not Returned,Low,2265.51,VIP
488829,Headphones,-23,2025-04-05 06:00,-92.84,1.4590958072149112,,Apparel,Online,Not Returned,High,2135.32,VIP
263686,Backpack,48,2025-04-05 13:00,46.92,0.35,14.55,Apparel,Online,Not Returned,Medium,2252.16,VIP
718896,Wall Clock,34,2025-04-06 06:00,41.75,0.33,6.96,Apparel,Online,Not Returned,High,1419.5,VIP
159289,Headphones,39,2025-04-07 17:00,44.0,0.12,6.69,Apparel,Online,Not Returned,High,1716.0,VIP
960801,White Mug,47,2025-04-07 21:00,34.68,0.26,14.32,Apparel,Online,Not Returned,High,1629.96,VIP
172304,Backpack,25,2025-04-08 04:00,94.03,0.45,8.58,Apparel,In-store,Returned,Low,2350.75,VIP
217648,USB Cable,44,2025-04-09 11:00,39.51,0.4,28.02,Apparel,In-store,Not Returned,Low,1738.4399999999998,VIP
574755,Blue Pen,22,2025-04-10 02:00,75.9,0.09,15.65,Apparel,Online,Not Returned,High,1669.8000000000002,VIP
307976,T-shirt,13,2025-04-10 15:00,91.65,0.15,15.07,Apparel,In-store,Returned,Medium,1191.45,VIP
264010,Office Chair,31,2025-04-11 10:00,45.39,0.21,13.71,Apparel,In-store,Not Returned,Medium,1407.09,VIP
435939,USB Cable,46,2025-04-11 13:00,74.55,0.04,27.33,Apparel,Online,Not Returned,Medium,3429.3,VIP
933793,Backpack,26,2025-04-11 20:00,46.72,0.07,14.47,Apparel,Online,Not Returned,Medium,1214.72,VIP
994982,Notebook,23,2025-04-12 08:00,54.12,0.48,11.07,Apparel,In-store,Not Returned,High,1244.76,VIP
142125,Headphones,30,2025-04-12 15:00,94.81,0.37,22.9,Apparel,Online,Not Returned,Medium,2844.3,VIP
202643,Office Chair,47,2025-04-12 23:00,86.54,0.25,22.95,Apparel,Online,Not Returned,High,4067.38,VIP
125394,Office Chair,19,2025-04-13 18:00,97.94,0.16,25.59,Apparel,Online,Not Returned,Medium,1860.86,VIP
324571,Wireless Mouse,35,2025-04-13 23:00,52.14,0.0,25.25,Apparel,Online,Not Returned,High,1824.9,VIP
617184,White Mug,42,2025-04-14 00:00,62.42,0.5,22.67,Apparel,In-store,Not Returned,High,2621.64,VIP
779951,Blue Pen,36,2025-04-14 23:00,76.35,0.15,10.7,Apparel,Online,Returned,High,2748.6,VIP
471574,Wall Clock,23,2025-04-15 01:00,66.58,0.03,13.62,Apparel,Online,Returned,Medium,1531.34,VIP
609957,USB Cable,23,2025-04-15 08:00,43.83,0.47,22.36,Apparel,Online,Not Returned,High,1008.09,VIP
654083,USB Cable,30,2025-04-15 14:00,91.25,0.41,13.42,Apparel,Online,Not Returned,Medium,2737.5,VIP
488176,Office Chair,49,2025-04-15 19:00,33.5,0.23,12.54,Apparel,Online,Not Returned,Low,1641.5,VIP
142769,Blue Pen,37,2025-04-16 04:00,31.27,0.14,20.06,Apparel,Online,Returned,High,1156.99,VIP
632860,Backpack,31,2025-04-16 16:00,52.81,0.31,27.68,Apparel,Online,Not Returned,High,1637.11,VIP
896574,Backpack,38,2025-04-17 15:00,52.58,0.2,23.33,Apparel,In-store,Not Returned,Low,1998.04,VIP
389668,White Mug,31,2025-04-17 19:00,88.7,0.09,17.93,Apparel,In-store,Not Returned,Low,2749.7000000000003,VIP
780280,Office Chair,37,2025-04-18 04:00,38.67,0.11,11.31,Apparel,In-store,Not Returned,Medium,1430.79,VIP
236715,Blue Pen,36,2025-04-18 07:00,55.99,0.24,18.0,Apparel,Online,Not Returned,Low,2015.64,VIP
446202,Office Chair,21,2025-04-18 15:00,80.64,0.26,12.56,Apparel,Online,Not Returned,Medium,1693.44,VIP
630276,Wireless Mouse,40,2025-04-19 03:00,88.71,0.06,22.04,Apparel,In-store,Not Returned,Medium,3548.4,VIP
230205,Notebook,29,2025-04-19 18:00,67.28,0.4,16.0,Apparel,In-store,Returned,Low,1951.12,VIP
872734,Desk Lamp,24,2025-04-20 02:00,77.25,0.31,11.84,Apparel,In-store,Not Returned,Low,1854.0,VIP
403541,Wireless Mouse,13,2025-04-20 07:00,89.03,0.33,10.06,Apparel,In-store,Not Returned,Medium,1157.39,VIP
821351,USB Cable,44,2025-04-20 08:00,91.35,0.21,14.44,Apparel,In-store,Not Returned,Low,4019.4,VIP
330888,T-shirt,39,2025-04-20 15:00,67.98,0.03,20.0,Apparel,Online,Not Returned,High,2651.2200000000003,VIP
672551,Desk Lamp,17,2025-04-20 19:00,95.54,0.09,11.73,Apparel,Online,Not Returned,High,1624.18,VIP
318711,Wall Clock,14,2025-04-20 21:00,75.42,0.15,10.51,Apparel,In-store,Not Returned,Low,1055.88,VIP
761304,Backpack,31,2025-04-21 09:00,32.43,0.37,10.16,Apparel,In-store,Not Returned,Medium,1005.33,VIP
135931,T-shirt,35,2025-04-22 01:00,43.27,0.35,22.93,Apparel,In-store,Not Returned,Low,1514.45,VIP
683710,Blue Pen,18,2025-04-23 04:00,56.37,0.18,26.59,Apparel,Online,Not Returned,Medium,1014.66,VIP
356152,Headphones,47,2025-04-23 11:00,84.87,0.13,18.73,Apparel,Online,Not Returned,Low,3988.89,VIP
466737,Backpack,48,2025-04-23 18:00,24.28,0.08,14.12,Apparel,In-store,Not Returned,High,1165.44,VIP
568554,Blue Pen,34,2025-04-23 19:00,39.18,0.14,8.61,Apparel,In-store,Not Returned,High,1332.12,VIP
176805,Blue Pen,40,2025-04-24 08:00,70.73,0.07,28.51,Apparel,In-store,Returned,High,2829.2000000000003,VIP
798035,White Mug,35,2025-04-24 13:00,79.13,0.32,19.48,Apparel,Online,Not Returned,Medium,2769.55,VIP
262602,Notebook,30,2025-04-25 03:00,40.48,0.21,5.45,Apparel,In-store,Not Returned,Low,1214.4,VIP
415817,Headphones,21,2025-04-25 19:00,52.18,0.46,21.22,Apparel,In-store,Not Returned,Medium,1095.78,VIP
346740,Office Chair,26,2025-04-25 21:00,45.15,0.01,13.19,Apparel,In-store,Not Returned,Medium,1173.9,VIP
362321,Wall Clock,40,2025-04-25 23:00,78.28,0.06,14.99,Apparel,Online,Not Returned,High,3131.2,VIP
736778,Headphones,49,2025-04-26 00:00,86.21,0.16,20.67,Apparel,In-store,Not Returned,Medium,4224.29,VIP
218254,Wall Clock,31,2025-04-26 05:00,38.94,0.25,5.75,Apparel,In-store,Not Returned,Medium,1207.14,VIP
885195,Wall Clock,19,2025-04-26 11:00,92.75,0.47,28.27,Apparel,In-store,Not Returned,Medium,1762.25,VIP
253499,Backpack,28,2025-04-26 17:00,97.14,0.27,27.4,Apparel,Online,Not Returned,High,2719.92,VIP
551048,Headphones,14,2025-04-26 19:00,71.87,0.49,21.94,Apparel,Online,Not Returned,Medium,1006.18,VIP
376981,Blue Pen,15,2025-04-26 20:00,68.71,0.27,24.54,Apparel,Online,Not Returned,Medium,1030.65,VIP
461741,Wireless Mouse,42,2025-04-27 13:00,57.75,0.25,24.2,Apparel,Online,Not Returned,High,2425.5,VIP
953180,Desk Lamp,41,2025-04-28 04:00,31.65,0.11,25.2,Apparel,Online,Not Returned,Low,1297.65,VIP
804956,T-shirt,24,2025-04-28 11:00,48.14,0.34,22.13,Apparel,Online,Not Returned,Low,1155.36,VIP
874088,Wall Clock,28,2025-04-28 16:00,68.6,0.39,6.92,Apparel,In-store,Not Returned,Medium,1920.8,VIP
526669,Office Chair,28,2025-04-29 05:00,87.1,0.43,22.0,Apparel,Online,Not Returned,High,2438.8,VIP
848409,White Mug,30,2025-04-29 09:00,57.5,0.46,12.18,Apparel,In-store,Not Returned,Medium,1725.0,VIP
792763,Desk Lamp,18,2025-04-29 21:00,56.66,0.3,23.16,Apparel,In-store,Not Returned,Medium,1019.88,VIP
651577,Blue Pen,32,2025-04-30 01:00,56.83,0.28,16.69,Apparel,In-store,Not Returned,High,1818.56,VIP
969771,Wall Clock,33,2025-04-30 05:00,47.01,0.15,28.63,Apparel,In-store,Not Returned,Medium,1551.33,VIP
300879,USB Cable,14,2025-04-30 22:00,82.03,0.31,28.48,Apparel,Online,Not Returned,Low,1148.42,VIP
211036,T-shirt,30,2025-05-01 05:00,54.66,0.02,20.89,Apparel,In-store,Not Returned,Low,1639.8,VIP
559860,USB Cable,41,2025-05-02 12:00,45.01,0.04,7.42,Apparel,Online,Not Returned,Low,1845.41,VIP
456989,USB Cable,19,2025-05-03 07:00,65.15,0.46,28.73,Apparel,Online,Not Returned,Low,1237.85,VIP
112392,Desk Lamp,42,2025-05-03 10:00,83.05,0.04,16.16,Apparel,In-store,Not Returned,High,3488.1,VIP
840425,Desk Lamp,49,2025-05-03 20:00,21.84,0.08,29.11,Apparel,In-store,Not Returned,High,1070.16,VIP
356803,Desk Lamp,44,2025-05-04 15:00,93.88,0.03,15.31,Apparel,In-store,Not Returned,Low,4130.719999999999,VIP
593740,Desk Lamp,43,2025-05-05 12:00,79.45,0.22,22.57,Apparel,In-store,Not Returned,Medium,3416.35,VIP
404783,Headphones,16,2025-05-06 15:00,79.8,0.33,14.4,Apparel,In-store,Not Returned,High,1276.8,VIP
916152,White Mug,44,2025-05-06 16:00,25.71,0.14,20.35,Apparel,In-store,Not Returned,High,1131.24,VIP
455212,Blue Pen,44,2025-05-07 00:00,27.16,0.04,17.52,Apparel,In-store,Returned,Low,1195.04,VIP
139299,Headphones,41,2025-05-07 05:00,88.81,0.49,22.33,Apparel,Online,Not Returned,Low,3641.21,VIP
774909,Wall Clock,49,2025-05-07 06:00,29.03,0.48,11.65,Apparel,In-store,Returned,Low,1422.47,VIP
692251,Wireless Mouse,45,2025-05-07 19:00,52.08,0.48,27.55,Apparel,In-store,Not Returned,Low,2343.6,VIP
986090,Wall Clock,27,2025-05-08 09:00,71.8,0.25,27.45,Apparel,Online,Not Returned,Low,1938.6,VIP
160390,Wall Clock,17,2025-05-08 10:00,86.61,0.48,15.56,Apparel,In-store,Not Returned,Medium,1472.37,VIP
191964,White Mug,44,2025-05-08 20:00,85.63,0.21,7.75,Apparel,Online,Not Returned,Medium,3767.72,VIP
433758,Desk Lamp,28,2025-05-09 06:00,84.55,0.09,14.86,Apparel,In-store,Returned,Medium,2367.4,VIP
213332,White Mug,19,2025-05-09 14:00,77.14,0.38,8.51,Apparel,In-store,Not Returned,High,1465.66,VIP
954058,White Mug,36,2025-05-09 18:00,44.71,0.32,6.77,Apparel,Online,Not Returned,Medium,1609.56,VIP
232181,Notebook,16,2025-05-10 10:00,81.85,0.47,5.32,Apparel,Online,Not Returned,Low,1309.6,VIP
653043,Blue Pen,49,2025-05-10 11:00,40.87,0.43,15.05,Apparel,In-store,Not Returned,High,2002.63,VIP
406043,Blue Pen,35,2025-05-10 15:00,94.87,0.04,11.14,Apparel,Online,Not Returned,Medium,3320.4500000000003,VIP
305069,Notebook,38,2025-05-10 23:00,83.09,0.08,25.04,Apparel,Online,Returned,Medium,3157.42,VIP
415102,Blue Pen,31,2025-05-11 00:00,65.3,0.29,13.66,Apparel,Online,Not Returned,Medium,2024.3,VIP
514748,USB Cable,48,2025-05-11 09:00,71.42,0.13,25.6,Apparel,In-store,Not Returned,Medium,3428.16,VIP
555564,T-shirt,32,2025-05-11 14:00,84.03,0.39,20.57,Apparel,In-store,Not Returned,Low,2688.96,VIP
780077,White Mug,48,2025-05-11 15:00,63.2,0.41,17.21,Apparel,In-store,Not Returned,Medium,3033.6000000000004,VIP
207304,White Mug,45,2025-05-11 18:00,82.99,0.36,11.82,Apparel,Online,Not Returned,Low,3734.55,VIP
453194,Notebook,11,2025-05-12 02:00,93.96,0.11,14.55,Apparel,In-store,Not Returned,Medium,1033.56,VIP
676221,White Mug,46,2025-05-12 14:00,23.29,0.13,11.37,Apparel,Online,Returned,Low,1071.34,VIP
438863,Blue Pen,14,2025-05-12 17:00,73.96,0.22,27.71,Apparel,In-store,Not Returned,Low,1035.4399999999998,VIP
134184,USB Cable,47,2025-05-14 14:00,71.09,0.49,15.87,Apparel,In-store,Not Returned,Medium,3341.23,VIP
236898,Wireless Mouse,27,2025-05-15 06:00,89.26,0.2,21.11,Apparel,Online,Not Returned,High,2410.02,VIP
777095,Backpack,47,2025-05-15 19:00,65.42,0.29,10.7,Apparel,In-store,Not Returned,Medium,3074.74,VIP
810914,T-shirt,47,2025-05-16 09:00,49.29,0.04,16.6,Apparel,In-store,Returned,Low,2316.63,VIP
244391,Desk Lamp,23,2025-05-16 11:00,94.99,0.15,18.09,Apparel,Online,Not Returned,High,2184.77,VIP
514528,Notebook,40,2025-05-16 21:00,45.53,0.11,21.27,Apparel,In-store,Returned,Medium,1821.2,VIP
821333,Office Chair,25,2025-05-17 05:00,96.61,0.38,25.45,Apparel,In-store,Not Returned,High,2415.25,VIP
712583,Backpack,39,2025-05-17 13:00,35.77,0.32,8.32,Apparel,In-store,Not Returned,High,1395.0300000000002,VIP
953315,Desk Lamp,42,2025-05-18 08:00,47.16,0.46,28.72,Apparel,In-store,Not Returned,High,1980.72,VIP
990407,Notebook,27,2025-05-19 10:00,65.03,0.48,28.17,Apparel,Online,Not Returned,High,1755.81,VIP
679255,Blue Pen,20,2025-05-19 11:00,62.78,0.24,20.62,Apparel,In-store,Not Returned,Medium,1255.6,VIP
192393,Desk Lamp,44,2025-05-20 09:00,91.12,0.3,29.16,Apparel,Online,Not Returned,Medium,4009.28,VIP
220003,T-shirt,27,2025-05-20 20:00,82.83,0.38,25.16,Apparel,Online,Not Returned,Low,2236.41,VIP
883264,Headphones,20,2025-05-21 22:00,99.83,0.39,20.83,Apparel,Online,Not Returned,High,1996.6,VIP
249392,Wireless Mouse,25,2025-05-22 02:00,46.08,0.06,13.4,Apparel,In-store,Not Returned,Low,1152.0,VIP
325969,USB Cable,21,2025-05-23 10:00,54.65,0.28,17.95,Apparel,In-store,Returned,Medium,1147.65,VIP
170304,Blue Pen,30,2025-05-23 14:00,99.67,0.4,5.79,Apparel,In-store,Not Returned,Medium,2990.1,VIP
999980,Blue Pen,24,2025-05-23 17:00,83.25,0.19,16.05,Apparel,Online,Not Returned,High,1998.0,VIP
133439,T-shirt,26,2025-05-24 02:00,82.21,0.39,19.68,Apparel,In-store,Not Returned,High,2137.46,VIP
434456,Backpack,38,2025-05-24 12:00,34.19,0.49,25.51,Apparel,Online,Not Returned,Medium,1299.2199999999998,VIP
798828,USB Cable,46,2025-05-25 03:00,41.32,0.49,24.79,Apparel,In-store,Not Returned,Medium,1900.72,VIP
559780,Backpack,33,2025-05-25 06:00,71.72,0.28,23.09,Apparel,In-store,Not Returned,Medium,2366.76,VIP
530578,White Mug,42,2025-05-25 10:00,77.81,0.48,21.55,Apparel,In-store,Not Returned,Medium,3268.02,VIP
237791,Wireless Mouse,12,2025-05-28 15:00,93.93,0.01,29.69,Apparel,Online,Not Returned,High,1127.16,VIP
934373,Desk Lamp,27,2025-05-28 17:00,77.01,0.15,8.44,Apparel,Online,Not Returned,Low,2079.27,VIP
724959,Wall Clock,42,2025-05-28 18:00,50.98,0.36,14.7,Apparel,In-store,Not Returned,High,2141.16,VIP
256925,White Mug,27,2025-05-30 07:00,97.19,0.26,12.96,Apparel,In-store,Returned,Low,2624.13,VIP
461627,Blue Pen,22,2025-06-01 09:00,64.39,0.09,8.65,Apparel,Online,Not Returned,High,1416.58,VIP
747333,Notebook,35,2025-06-01 10:00,79.88,0.14,18.32,Apparel,In-store,Not Returned,Low,2795.8,VIP
600518,Wireless Mouse,33,2025-06-01 13:00,46.71,0.36,17.29,Apparel,In-store,Not Returned,Low,1541.43,VIP
542699,Blue Pen,26,2025-06-01 16:00,58.62,0.08,9.99,Apparel,In-store,Not Returned,Low,1524.12,VIP
747348,White Mug,28,2025-06-01 23:00,81.64,0.21,26.73,Apparel,Online,Not Returned,Low,2285.92,VIP
650978,USB Cable,37,2025-06-03 00:00,71.87,0.16,13.91,Apparel,In-store,Not Returned,Low,2659.19,VIP
969815,Desk Lamp,47,2025-06-03 23:00,49.04,0.2,28.48,Apparel,Online,Not Returned,Low,2304.88,VIP
958783,Headphones,41,2025-06-05 12:00,57.62,0.45,18.15,Apparel,Online,Not Returned,High,2362.42,VIP
983086,White Mug,19,2025-06-06 17:00,91.59,0.49,6.51,Apparel,In-store,Not Returned,Low,1740.21,VIP
497933,T-shirt,49,2025-06-06 18:00,98.99,0.18,21.82,Apparel,Online,Not Returned,Low,4850.509999999999,VIP
232937,Blue Pen,28,2025-06-07 04:00,45.34,0.09,27.9,Apparel,Online,Not Returned,Medium,1269.52,VIP
531160,Headphones,13,2025-06-08 11:00,85.71,0.43,7.37,Apparel,Online,Returned,High,1114.23,VIP
195106,Office Chair,30,2025-06-08 18:00,78.84,0.43,12.45,Apparel,In-store,Not Returned,Medium,2365.2000000000003,VIP
902069,Desk Lamp,17,2025-06-09 01:00,68.18,0.07,16.56,Apparel,Online,Not Returned,Medium,1159.0600000000002,VIP
410323,Headphones,46,2025-06-09 09:00,75.07,0.04,26.55,Apparel,In-store,Not Returned,Low,3453.22,VIP
711426,Blue Pen,35,2025-06-09 15:00,38.72,0.18,21.83,Apparel,In-store,Not Returned,Medium,1355.2,VIP
901108,Desk Lamp,36,2025-06-09 16:00,31.85,0.21,16.67,Apparel,Online,Not Returned,Medium,1146.6,VIP
345573,USB Cable,37,2025-06-09 19:00,87.5,0.07,14.53,Apparel,Online,Not Returned,High,3237.5,VIP
405845,Desk Lamp,30,2025-06-10 09:00,36.04,0.21,6.47,Apparel,Online,Not Returned,High,1081.2,VIP
570992,Desk Lamp,23,2025-06-10 20:00,95.83,0.25,24.82,Apparel,Online,Not Returned,Medium,2204.09,VIP
630588,White Mug,20,2025-06-11 00:00,56.11,0.09,10.26,Apparel,Online,Not Returned,High,1122.2,VIP
725473,Wall Clock,32,2025-06-12 11:00,70.92,0.05,19.92,Apparel,Online,Returned,Low,2269.44,VIP
446262,Wireless Mouse,36,2025-06-12 13:00,52.03,0.45,7.42,Apparel,In-store,Not Returned,High,1873.08,VIP
259242,Wireless Mouse,49,2025-06-12 17:00,54.44,0.09,18.16,Apparel,Online,Not Returned,Low,2667.56,VIP
612719,Desk Lamp,39,2025-06-12 19:00,81.24,0.27,21.2,Apparel,In-store,Not Returned,Low,3168.36,VIP
724769,Notebook,35,2025-06-12 22:00,58.33,0.09,9.07,Apparel,Online,Not Returned,High,2041.55,VIP
453325,Notebook,22,2025-06-13 06:00,88.41,0.35,22.39,Apparel,In-store,Not Returned,Low,1945.02,VIP
712033,Headphones,29,2025-06-13 17:00,70.09,0.43,7.43,Apparel,Online,Not Returned,High,2032.61,VIP
878816,Wall Clock,44,2025-06-14 13:00,44.49,0.4,18.31,Apparel,Online,Not Returned,Low,1957.56,VIP
973310,Wall Clock,33,2025-06-15 11:00,53.43,0.16,24.69,Apparel,In-store,Not Returned,Medium,1763.19,VIP
256974,T-shirt,41,2025-06-15 19:00,94.36,0.3,18.32,Apparel,Online,Not Returned,High,3868.76,VIP
467297,Backpack,46,2025-06-15 23:00,55.5,0.44,11.85,Apparel,Online,Not Returned,Low,2553.0,VIP
532102,USB Cable,36,2025-06-16 18:00,56.01,0.09,29.63,Apparel,Online,Not Returned,Medium,2016.36,VIP
982403,Wall Clock,48,2025-06-17 23:00,60.43,0.15,7.94,Apparel,Online,Returned,Medium,2900.64,VIP
297228,Backpack,16,2025-06-19 02:00,89.6,0.07,18.2,Apparel,Online,Not Returned,High,1433.6,VIP
858003,White Mug,24,2025-06-19 17:00,63.64,0.26,24.49,Apparel,Online,Not Returned,High,1527.36,VIP
457105,Desk Lamp,-42,2025-06-19 21:00,-33.95,1.566827327659552,,Apparel,Online,Not Returned,Low,1425.9,VIP
805911,T-shirt,49,2025-06-20 10:00,78.38,0.03,11.11,Apparel,Online,Not Returned,High,3840.62,VIP
345023,T-shirt,35,2025-06-21 06:00,47.4,0.18,21.08,Apparel,In-store,Not Returned,Low,1659.0,VIP
616066,Desk Lamp,32,2025-06-21 21:00,61.87,0.12,9.66,Apparel,In-store,Not Returned,Low,1979.84,VIP
953227,Wall Clock,37,2025-06-22 09:00,83.94,0.49,14.32,Apparel,In-store,Not Returned,Low,3105.78,VIP
976108,USB Cable,-48,2025-06-22 12:00,-59.72,1.4217366095508508,,Apparel,Online,Not Returned,Medium,2866.56,VIP
126365,Wall Clock,-26,2025-06-22 18:00,-47.62,1.472980475797402,,Apparel,In-store,Not Returned,High,1238.12,VIP
366881,Office Chair,37,2025-06-23 11:00,46.73,0.31,24.18,Apparel,In-store,Returned,Low,1729.01,VIP
674545,Headphones,46,2025-06-23 12:00,70.64,0.33,18.87,Apparel,Online,Not Returned,High,3249.44,VIP
923397,Wireless Mouse,39,2025-06-23 17:00,63.73,0.41,21.58,Apparel,In-store,Not Returned,High,2485.47,VIP
611285,Notebook,35,2025-06-23 23:00,29.43,0.14,18.5,Apparel,In-store,Not Returned,Medium,1030.05,VIP
636861,Headphones,44,2025-06-24 03:00,98.78,0.24,19.52,Apparel,Online,Not Returned,Medium,4346.32,VIP
788229,White Mug,26,2025-06-25 00:00,44.44,0.03,5.42,Apparel,Online,Not Returned,Medium,1155.44,VIP
924831,Desk Lamp,32,2025-06-26 09:00,91.62,0.08,21.03,Apparel,Online,Not Returned,Medium,2931.84,VIP
381204,Desk Lamp,24,2025-06-27 06:00,65.29,0.09,19.87,Apparel,Online,Not Returned,Medium,1566.96,VIP
191628,Headphones,36,2025-06-28 00:00,95.94,0.2,11.65,Apparel,Online,Not Returned,High,3453.84,VIP
953307,Wireless Mouse,38,2025-06-28 01:00,69.29,0.43,29.71,Apparel,Online,Returned,Medium,2633.0200000000004,VIP
243358,Blue Pen,16,2025-06-28 03:00,80.6,0.34,8.08,Apparel,In-store,Not Returned,Medium,1289.6,VIP
129235,Blue Pen,30,2025-06-28 05:00,35.66,0.0,19.53,Apparel,In-store,Not Returned,Medium,1069.8,VIP
719749,Desk Lamp,28,2025-06-28 13:00,60.99,0.38,7.78,Apparel,Online,Not Returned,Low,1707.72,VIP
243915,Desk Lamp,37,2025-06-28 16:00,51.33,0.4,29.82,Apparel,In-store,Not Returned,Low,1899.21,VIP
386132,Wall Clock,47,2025-06-28 18:00,75.92,0.27,14.37,Apparel,In-store,Returned,Medium,3568.24,VIP
939407,Backpack,38,2025-06-29 04:00,38.75,0.45,16.13,Apparel,Online,Not Returned,High,1472.5,VIP
804576,Wall Clock,40,2025-06-29 06:00,64.9,0.47,5.75,Apparel,Online,Not Returned,Medium,2596.0,VIP
847196,Headphones,13,2025-06-29 10:00,99.38,0.32,24.19,Apparel,Online,Returned,Medium,1291.94,VIP
749373,Blue Pen,27,2025-06-29 11:00,92.2,0.29,20.77,Apparel,Online,Not Returned,High,2489.4,VIP
904938,Notebook,35,2025-06-29 22:00,53.48,0.48,13.44,Apparel,Online,Not Returned,High,1871.8,VIP
890413,Notebook,31,2025-06-30 03:00,58.7,0.28,27.43,Apparel,Online,Not Returned,High,1819.7,VIP
790145,Headphones,19,2025-06-30 15:00,74.21,0.36,12.8,Apparel,In-store,Not Returned,High,1409.9899999999998,VIP
592998,Backpack,41,2025-06-30 18:00,33.94,0.47,25.13,Apparel,In-store,Not Returned,High,1391.54,VIP
456001,Wall Clock,21,2025-07-01 10:00,67.57,0.43,7.87,Apparel,In-store,Not Returned,High,1418.9699999999998,VIP
889342,Blue Pen,41,2025-07-02 06:00,68.05,0.47,5.86,Apparel,In-store,Not Returned,High,2790.05,VIP
462249,Blue Pen,17,2025-07-02 08:00,67.68,0.13,14.71,Apparel,Online,Returned,Medium,1150.5600000000002,VIP
738648,Desk Lamp,29,2025-07-02 14:00,51.32,0.11,14.39,Apparel,In-store,Not Returned,High,1488.28,VIP
944527,Notebook,44,2025-07-02 16:00,85.38,0.02,26.64,Apparel,In-store,Not Returned,High,3756.72,VIP
662060,White Mug,41,2025-07-02 23:00,38.5,0.3,29.05,Apparel,In-store,Not Returned,Medium,1578.5,VIP
132309,Notebook,47,2025-07-03 13:00,67.98,0.1,25.85,Apparel,Online,Not Returned,Low,3195.0600000000004,VIP
312645,Office Chair,37,2025-07-03 23:00,80.01,0.31,18.22,Apparel,In-store,Not Returned,Medium,2960.3700000000003,VIP
572251,White Mug,16,2025-07-04 09:00,69.67,0.4,9.23,Apparel,Online,Not Returned,Low,1114.72,VIP
435049,Notebook,34,2025-07-05 04:00,88.38,0.22,29.34,Apparel,Online,Not Returned,Low,3004.92,VIP
760157,Desk Lamp,18,2025-07-05 07:00,56.61,0.39,11.1,Apparel,Online,Not Returned,High,1018.98,VIP
858276,Office Chair,23,2025-07-06 02:00,87.3,0.29,15.3,Apparel,In-store,Not Returned,Medium,2007.9,VIP
443300,T-shirt,48,2025-07-07 04:00,61.16,0.35,21.56,Apparel,In-store,Not Returned,Low,2935.68,VIP
521159,USB Cable,20,2025-07-07 19:00,70.91,0.32,12.41,Apparel,Online,Not Returned,High,1418.1999999999998,VIP
705716,Wireless Mouse,49,2025-07-08 03:00,35.08,0.08,26.68,Apparel,Online,Not Returned,Medium,1718.9199999999998,VIP
210024,Backpack,42,2025-07-08 10:00,62.75,0.1,26.82,Apparel,In-store,Not Returned,Medium,2635.5,VIP
873699,Desk Lamp,17,2025-07-08 17:00,99.9,0.11,27.01,Apparel,Online,Not Returned,Medium,1698.3000000000002,VIP
550608,Notebook,30,2025-07-08 21:00,33.75,0.06,24.45,Apparel,Online,Not Returned,Low,1012.5,VIP
876608,USB Cable,41,2025-07-09 17:00,82.23,0.39,22.33,Apparel,Online,Not Returned,High,3371.4300000000003,VIP
541232,Desk Lamp,14,2025-07-09 19:00,77.1,0.48,25.86,Apparel,Online,Not Returned,Medium,1079.4,VIP
682362,Wall Clock,49,2025-07-10 15:00,83.92,0.25,29.68,Apparel,Online,Not Returned,Low,4112.08,VIP
444960,Desk Lamp,43,2025-07-10 16:00,81.19,0.01,13.09,Apparel,In-store,Not Returned,Low,3491.17,VIP
928639,Notebook,48,2025-07-11 09:00,91.3,0.02,10.91,Apparel,In-store,Not Returned,Low,4382.4,VIP
160032,Wall Clock,44,2025-07-11 20:00,48.02,0.33,10.8,Apparel,Online,Not Returned,Low,2112.88,VIP
204513,Blue Pen,41,2025-07-12 19:00,45.99,0.49,17.09,Apparel,Online,Not Returned,High,1885.59,VIP
744785,Notebook,47,2025-07-12 23:00,22.51,0.2,16.68,Apparel,Online,Not Returned,Low,1057.97,VIP
650575,Wall Clock,32,2025-07-13 02:00,33.03,0.38,25.45,Apparel,Online,Not Returned,High,1056.96,VIP
449594,Backpack,42,2025-07-13 07:00,50.25,0.09,23.92,Apparel,Online,Returned,High,2110.5,VIP
507236,Desk Lamp,40,2025-07-14 06:00,45.73,0.18,12.84,Apparel,Online,Not Returned,Low,1829.2,VIP
851126,Wireless Mouse,30,2025-07-14 21:00,48.92,0.24,28.09,Apparel,In-store,Not Returned,Low,1467.6,VIP
394343,Notebook,35,2025-07-14 22:00,50.18,0.32,8.37,Apparel,In-store,Not Returned,Medium,1756.3,VIP
341502,T-shirt,17,2025-07-15 03:00,71.83,0.17,13.91,Apparel,In-store,Not Returned,Low,1221.11,VIP
498894,Backpack,49,2025-07-15 18:00,72.38,0.41,26.54,Apparel,Online,Not Returned,High,3546.62,VIP
841892,Backpack,16,2025-07-16 02:00,77.73,0.33,12.0,Apparel,Online,Not Returned,Medium,1243.68,VIP
498972,USB Cable,49,2025-07-16 06:00,75.23,0.2,28.37,Apparel,Online,Not Returned,High,3686.27,VIP
684918,Office Chair,38,2025-07-16 08:00,72.97,0.46,8.0,Apparel,In-store,Not Returned,High,2772.86,VIP
863880,Blue Pen,40,2025-07-16 10:00,59.22,0.23,19.29,Apparel,Online,Not Returned,High,2368.8,VIP
583919,Backpack,16,2025-07-16 16:00,64.06,0.36,29.98,Apparel,In-store,Not Returned,High,1024.96,VIP
519577,Wall Clock,26,2025-07-18 16:00,59.79,0.05,24.66,Apparel,In-store,Not Returned,Low,1554.54,VIP
967535,Wireless Mouse,38,2025-07-18 18:00,79.92,0.32,24.65,Apparel,Online,Not Returned,Low,3036.96,VIP
793194,Office Chair,40,2025-07-19 21:00,31.34,0.39,6.4,Apparel,In-store,Not Returned,Low,1253.6,VIP
389143,USB Cable,36,2025-07-19 23:00,66.6,0.49,26.32,Apparel,In-store,Not Returned,Low,2397.6,VIP
361696,Wall Clock,34,2025-07-20 04:00,78.8,0.33,26.65,Apparel,In-store,Not Returned,High,2679.2,VIP
306483,White Mug,40,2025-07-22 09:00,98.8,0.37,20.61,Apparel,In-store,Not Returned,High,3952.0,VIP
180125,Backpack,18,2025-07-23 20:00,64.48,0.43,14.04,Apparel,In-store,Not Returned,Low,1160.64,VIP
200117,Wall Clock,25,2025-07-24 02:00,54.87,0.06,28.95,Apparel,In-store,Not Returned,Low,1371.75,VIP
635732,Headphones,33,2025-07-24 04:00,88.53,0.33,13.43,Apparel,Online,Not Returned,Medium,2921.49,VIP
572767,Wireless Mouse,45,2025-07-24 18:00,89.05,0.11,11.23,Apparel,Online,Not Returned,Medium,4007.25,VIP
112626,T-shirt,18,2025-07-24 21:00,95.91,0.0,9.2,Apparel,In-store,Not Returned,Low,1726.38,VIP
854969,USB Cable,24,2025-07-25 01:00,96.65,0.15,24.1,Apparel,In-store,Not Returned,Low,2319.6000000000004,VIP
183657,Backpack,12,2025-07-26 04:00,83.92,0.38,6.13,Apparel,In-store,Not Returned,Low,1007.04,VIP
797690,Wireless Mouse,36,2025-07-26 08:00,95.32,0.16,9.43,Apparel,Online,Not Returned,Low,3431.5199999999995,VIP
341335,Desk Lamp,32,2025-07-26 22:00,39.62,0.04,5.63,Apparel,In-store,Not Returned,Medium,1267.84,VIP
961927,Wireless Mouse,20,2025-07-27 01:00,92.12,0.13,18.8,Apparel,Online,Not Returned,Medium,1842.4,VIP
914212,Headphones,35,2025-07-27 06:00,72.12,0.22,23.7,Apparel,Online,Not Returned,Medium,2524.2000000000003,VIP
566086,Wall Clock,25,2025-07-27 20:00,62.59,0.38,17.78,Apparel,In-store,Returned,Low,1564.75,VIP
418907,Headphones,29,2025-07-28 08:00,59.23,0.09,26.12,Apparel,Online,Not Returned,Medium,1717.6699999999998,VIP
184355,Wall Clock,21,2025-07-28 09:00,70.69,0.23,22.99,Apparel,Online,Not Returned,High,1484.49,VIP
928981,Backpack,16,2025-07-29 12:00,71.04,0.49,29.37,Apparel,In-store,Returned,Medium,1136.64,VIP
539906,Headphones,48,2025-07-30 00:00,53.36,0.25,25.89,Apparel,Online,Not Returned,Medium,2561.28,VIP
623468,Office Chair,21,2025-07-30 22:00,78.26,0.47,23.06,Apparel,In-store,Returned,Medium,1643.46,VIP
657864,USB Cable,45,2025-07-31 13:00,32.82,0.1,28.66,Apparel,Online,Not Returned,Medium,1476.9,VIP
894003,Notebook,49,2025-07-31 19:00,36.79,0.25,8.64,Apparel,In-store,Not Returned,Low,1802.71,VIP
433917,Office Chair,36,2025-08-01 04:00,82.42,0.37,19.13,Apparel,Online,Not Returned,Low,2967.12,VIP
146927,Office Chair,35,2025-08-01 08:00,49.5,0.35,28.78,Apparel,In-store,Not Returned,Low,1732.5,VIP
321795,Blue Pen,-48,2025-08-01 15:00,-71.94,0.19,,Apparel,In-store,Not Returned,Medium,3453.12,VIP
696396,Desk Lamp,37,2025-08-01 23:00,49.11,0.48,25.76,Apparel,In-store,Not Returned,Low,1817.07,VIP
831010,T-shirt,-25,2025-08-02 05:00,-62.44,1.5711843821268825,,Apparel,Online,Not Returned,Low,1561.0,VIP
278976,Desk Lamp,34,2025-08-02 12:00,61.89,0.26,26.95,Apparel,In-store,Not Returned,Medium,2104.26,VIP
277390,Wireless Mouse,46,2025-08-02 18:00,78.5,0.35,6.77,Apparel,Online,Not Returned,Low,3611.0,VIP
295394,Notebook,47,2025-08-03 13:00,47.34,0.09,16.43,Apparel,In-store,Not Returned,Medium,2224.98,VIP
428964,Notebook,30,2025-08-04 18:00,85.43,0.19,13.55,Apparel,In-store,Not Returned,High,2562.9,VIP
609564,Wireless Mouse,35,2025-08-04 20:00,63.0,0.05,9.1,Apparel,Online,Not Returned,High,2205.0,VIP
902403,White Mug,49,2025-08-05 05:00,41.53,0.04,23.99,Apparel,In-store,Returned,High,2034.97,VIP
623277,Wall Clock,17,2025-08-05 10:00,79.54,0.02,29.11,Apparel,Online,Not Returned,Medium,1352.18,VIP
967094,Desk Lamp,33,2025-08-06 01:00,94.8,0.4,17.18,Apparel,In-store,Not Returned,High,3128.4,VIP
403758,USB Cable,48,2025-08-06 08:00,48.13,0.49,7.69,Apparel,In-store,Not Returned,Medium,2310.24,VIP
585305,USB Cable,-14,2025-08-06 09:00,-88.96,1.0630906538791098,,Apparel,In-store,Not Returned,High,1245.4399999999998,VIP
594539,T-shirt,39,2025-08-06 12:00,92.28,0.47,12.29,Apparel,In-store,Not Returned,Medium,3598.92,VIP
412642,Desk Lamp,42,2025-08-07 06:00,41.49,0.02,22.7,Apparel,Online,Not Returned,High,1742.5800000000002,VIP
528243,Desk Lamp,22,2025-08-07 23:00,92.29,0.26,9.09,Apparel,In-store,Not Returned,Medium,2030.38,VIP
262540,T-shirt,19,2025-08-08 00:00,72.02,0.04,16.96,Apparel,In-store,Returned,Low,1368.38,VIP
436371,Wireless Mouse,42,2025-08-08 02:00,73.19,0.25,21.38,Apparel,In-store,Not Returned,Medium,3073.98,VIP
660769,Backpack,41,2025-08-08 07:00,82.75,0.26,12.91,Apparel,In-store,Not Returned,Medium,3392.75,VIP
283158,Wireless Mouse,20,2025-08-09 00:00,59.92,0.45,15.44,Apparel,Online,Returned,Medium,1198.4,VIP
411533,Wall Clock,14,2025-08-09 14:00,77.1,0.43,15.7,Apparel,In-store,Not Returned,Medium,1079.4,VIP
800046,USB Cable,-48,2025-08-10 01:00,-43.0,0.25,,Apparel,Online,Not Returned,Medium,2064.0,VIP
803941,Headphones,48,2025-08-10 03:00,71.8,0.5,11.71,Apparel,Online,Not Returned,Low,3446.4,VIP
116468,Backpack,44,2025-08-11 02:00,37.9,0.33,8.38,Apparel,In-store,Not Returned,Medium,1667.6,VIP
172620,Wireless Mouse,44,2025-08-11 04:00,38.58,0.47,6.86,Apparel,Online,Not Returned,Medium,1697.52,VIP
364343,Notebook,18,2025-08-11 15:00,81.91,0.19,23.02,Apparel,In-store,Not Returned,High,1474.38,VIP
597402,White Mug,45,2025-08-11 18:00,79.24,0.28,6.17,Apparel,In-store,Not Returned,Medium,3565.8,VIP
461672,Wall Clock,46,2025-08-12 04:00,53.74,0.46,12.18,Apparel,Online,Not Returned,Medium,2472.04,VIP
650921,T-shirt,45,2025-08-12 16:00,52.64,0.24,19.25,Apparel,In-store,Not Returned,Low,2368.8,VIP
896504,Wireless Mouse,15,2025-08-12 18:00,71.0,0.32,22.28,Apparel,Online,Not Returned,Medium,1065.0,VIP
457678,Office Chair,34,2025-08-12 20:00,48.8,0.21,6.2,Apparel,In-store,Not Returned,Low,1659.1999999999998,VIP
162017,Notebook,17,2025-08-13 08:00,72.59,0.42,28.27,Apparel,In-store,Not Returned,Low,1234.03,VIP
816395,White Mug,24,2025-08-14 01:00,94.16,0.25,8.19,Apparel,In-store,Not Returned,High,2259.84,VIP
737331,White Mug,43,2025-08-14 08:00,86.97,0.45,19.95,Apparel,In-store,Not Returned,Low,3739.71,VIP
835494,White Mug,32,2025-08-14 11:00,69.56,0.35,26.2,Apparel,In-store,Not Returned,Medium,2225.92,VIP
734388,USB Cable,29,2025-08-16 11:00,99.52,0.24,17.61,Apparel,Online,Returned,Low,2886.08,VIP
443311,Desk Lamp,24,2025-08-16 13:00,54.41,0.21,5.36,Apparel,In-store,Not Returned,Low,1305.84,VIP
536417,White Mug,18,2025-08-16 14:00,90.43,0.37,22.56,Apparel,In-store,Not Returned,High,1627.7400000000002,VIP
488511,White Mug,16,2025-08-17 06:00,87.27,0.04,20.8,Apparel,Online,Not Returned,High,1396.32,VIP
263082,Blue Pen,26,2025-08-17 14:00,65.56,0.34,24.53,Apparel,In-store,Not Returned,Low,1704.56,VIP
143937,T-shirt,28,2025-08-17 20:00,80.88,0.41,17.8,Apparel,Online,Not Returned,High,2264.64,VIP
293831,Headphones,22,2025-08-18 05:00,85.34,0.14,18.3,Apparel,Online,Returned,Low,1877.48,VIP
761401,T-shirt,44,2025-08-18 07:00,81.94,0.41,12.83,Apparel,In-store,Returned,High,3605.36,VIP
974694,Wireless Mouse,45,2025-08-18 16:00,96.33,0.38,9.91,Apparel,In-store,Not Returned,Low,4334.85,VIP
902898,Office Chair,42,2025-08-19 03:00,48.24,0.44,17.22,Apparel,Online,Not Returned,Medium,2026.08,VIP
775714,Backpack,43,2025-08-20 02:00,29.6,0.06,27.69,Apparel,Online,Not Returned,Medium,1272.8,VIP
897026,Notebook,18,2025-08-20 13:00,97.45,0.29,26.33,Apparel,In-store,Not Returned,High,1754.1,VIP
478155,USB Cable,25,2025-08-21 08:00,77.05,0.04,22.59,Apparel,In-store,Not Returned,Medium,1926.25,VIP
575824,Wall Clock,15,2025-08-21 13:00,90.98,0.08,20.83,Apparel,Online,Not Returned,High,1364.7,VIP
398980,Office Chair,48,2025-08-21 14:00,77.2,0.13,19.61,Apparel,In-store,Not Returned,Low,3705.6,VIP
196574,Blue Pen,14,2025-08-21 19:00,98.23,0.29,9.07,Apparel,In-store,Not Returned,Medium,1375.22,VIP
583768,Office Chair,28,2025-08-22 00:00,55.7,0.15,10.48,Apparel,Online,Not Returned,Medium,1559.6,VIP
177670,Backpack,32,2025-08-22 16:00,98.91,0.4,17.48,Apparel,In-store,Not Returned,Medium,3165.12,VIP
326233,Office Chair,45,2025-08-22 18:00,78.98,0.29,5.19,Apparel,In-store,Not Returned,Medium,3554.1000000000004,VIP
576191,Wall Clock,39,2025-08-23 12:00,56.35,0.49,14.98,Apparel,Online,Not Returned,Medium,2197.65,VIP
651526,Wireless Mouse,29,2025-08-23 16:00,65.91,0.03,8.42,Apparel,In-store,Not Returned,Low,1911.39,VIP
735834,White Mug,31,2025-08-24 08:00,95.93,0.06,18.58,Apparel,Online,Not Returned,Low,2973.8300000000004,VIP
892621,T-shirt,19,2025-08-24 16:00,74.3,0.08,16.37,Apparel,Online,Not Returned,Medium,1411.7,VIP
449172,Office Chair,44,2025-08-24 21:00,97.37,0.23,26.4,Apparel,Online,Not Returned,Low,4284.280000000001,VIP
764012,Notebook,45,2025-08-25 08:00,84.05,0.16,19.11,Apparel,Online,Not Returned,High,3782.25,VIP
781624,Backpack,-23,2025-08-25 16:00,-64.56,1.943148766870696,,Apparel,In-store,Not Returned,High,1484.88,VIP
849696,Office Chair,48,2025-08-25 23:00,77.33,0.25,27.12,Apparel,In-store,Not Returned,Low,3711.84,VIP
825864,Wireless Mouse,18,2025-08-26 05:00,60.78,0.47,14.23,Apparel,In-store,Not Returned,High,1094.04,VIP
934647,Blue Pen,38,2025-08-26 17:00,79.07,0.07,26.06,Apparel,In-store,Not Returned,High,3004.66,VIP
586265,Headphones,33,2025-08-27 07:00,38.81,0.01,28.77,Apparel,In-store,Not Returned,Medium,1280.73,VIP
162742,Wireless Mouse,18,2025-08-29 00:00,66.73,0.39,12.73,Apparel,Online,Not Returned,High,1201.14,VIP
714564,T-shirt,48,2025-08-29 02:00,98.25,0.18,19.55,Apparel,In-store,Not Returned,Low,4716.0,VIP
637960,Backpack,34,2025-08-29 11:00,31.48,0.13,17.02,Apparel,Online,Not Returned,Medium,1070.32,VIP
545080,T-shirt,28,2025-08-29 21:00,63.61,0.44,5.58,Apparel,In-store,Not Returned,Low,1781.08,VIP
554870,T-shirt,33,2025-08-30 06:00,72.81,0.21,26.31,Apparel,In-store,Not Returned,Low,2402.73,VIP
247736,T-shirt,13,2025-08-30 12:00,83.27,0.38,24.17,Apparel,In-store,Not Returned,Low,1082.51,VIP
149541,Headphones,33,2025-08-30 19:00,93.2,0.06,11.04,Apparel,Online,Not Returned,Medium,3075.6,VIP
999426,Headphones,31,2025-08-31 01:00,73.92,0.16,20.48,Apparel,Online,Not Returned,Low,2291.52,VIP
473585,Blue Pen,23,2025-08-31 04:00,47.89,0.06,17.47,Apparel,In-store,Not Returned,High,1101.47,VIP
757632,Wireless Mouse,28,2025-09-01 10:00,91.76,0.18,21.29,Apparel,In-store,Not Returned,High,2569.28,VIP
970148,Notebook,46,2025-09-01 16:00,80.4,0.2,28.34,Apparel,In-store,Not Returned,Low,3698.4,VIP
901010,Headphones,48,2025-09-01 22:00,83.27,0.31,10.76,Apparel,In-store,Not Returned,Low,3996.96,VIP
383729,White Mug,15,2025-09-02 01:00,98.11,0.34,9.96,Apparel,Online,Not Returned,Medium,1471.65,VIP
460182,T-shirt,27,2025-09-03 12:00,54.05,0.07,18.2,Apparel,In-store,Not Returned,Low,1459.35,VIP
352868,Desk Lamp,17,2025-09-03 23:00,97.76,0.02,6.38,Apparel,Online,Returned,Medium,1661.92,VIP
690620,Headphones,45,2025-09-04 02:00,82.84,0.44,26.56,Apparel,Online,Not Returned,Medium,3727.8,VIP
405597,Backpack,37,2025-09-04 23:00,66.64,0.35,19.93,Apparel,Online,Returned,Low,2465.68,VIP
701213,Notebook,48,2025-09-05 04:00,39.64,0.31,28.56,Apparel,Online,Not Returned,Medium,1902.72,VIP
