invoiceno,description,quantity,invoicedate,unitprice,discount,shippingcost,category,saleschannel,returnstatus,orderpriority,total_revenue,grade
210268,USB Cable,25,2020-01-01 06:00,85.74,0.15,12.92,Stationery,Online,Not Returned,High,2143.5,VIP
621430,Notebook,49,2020-01-01 10:00,87.56,0.19,9.83,Stationery,In-store,Returned,Medium,4290.4400000000005,VIP
876997,T-shirt,24,2020-01-01 23:00,70.01,0.12,13.16,Stationery,Online,Not Returned,Low,1680.2400000000002,VIP
891743,Blue Pen,30,2020-01-02 01:00,59.53,0.25,23.67,Stationery,Online,Not Returned,Low,1785.9,VIP
203355,USB Cable,33,2020-01-02 02:00,97.96,0.23,7.25,Stationery,Online,Not Returned,High,3232.68,VIP
249503,Wireless Mouse,47,2020-01-02 14:00,38.11,0.27,25.15,Stationery,In-store,Not Returned,Medium,1791.17,VIP
691723,Wireless Mouse,31,2020-01-02 22:00,84.83,0.12,23.25,Stationery,In-store,Not Returned,High,2629.73,VIP
589492,T-shirt,27,2020-01-03 06:00,49.95,0.3,10.36,Stationery,In-store,Not Returned,Medium,1348.65,VIP
449457,Desk Lamp,23,2020-01-03 09:00,73.48,0.37,29.57,Stationery,Online,Not Returned,High,1690.0400000000002,VIP
922352,White Mug,49,2020-01-04 05:00,49.41,0.38,8.8,Stationery,In-store,Not Returned,Low,2421.09,VIP
661353,White Mug,27,2020-01-04 19:00,68.95,0.45,18.1,Stationery,Online,Not Returned,Medium,1861.65,VIP
616588,USB Cable,20,2020-01-05 16:00,84.61,0.26,11.7,Stationery,In-store,Not Returned,High,1692.2,VIP
402918,Blue Pen,43,2020-01-05 22:00,30.59,0.2,10.32,Stationery,Online,Returned,High,1315.37,VIP
236330,Backpack,49,2020-01-06 05:00,66.8,0.36,11.84,Stationery,Online,Not Returned,High,3273.2,VIP
580754,Wall Clock,27,2020-01-06 06:00,83.54,0.33,9.51,Stationery,In-store,Not Returned,Medium,2255.5800000000004,VIP
807611,T-shirt,30,2020-01-06 18:00,39.72,0.08,14.4,Stationery,Online,Not Returned,High,1191.6,VIP
384806,Notebook,30,2020-01-06 19:00,69.96,0.27,18.7,Stationery,Online,Not Returned,High,2098.8,VIP
130535,White Mug,24,2020-01-06 21:00,78.64,0.06,8.97,Stationery,In-store,Not Returned,High,1887.36,VIP
701661,Desk Lamp,34,2020-01-07 02:00,59.68,0.34,15.93,Stationery,Online,Not Returned,Medium,2029.12,VIP
284064,Blue Pen,30,2020-01-07 15:00,38.2,0.42,19.99,Stationery,In-store,Not Returned,Low,1146.0,VIP
715270,T-shirt,33,2020-01-07 19:00,81.72,0.29,15.35,Stationery,In-store,Not Returned,Medium,2696.76,VIP
353618,Office Chair,39,2020-01-08 02:00,72.72,0.11,24.11,Stationery,In-store,Not Returned,Medium,2836.08,VIP
785440,Wireless Mouse,38,2020-01-09 19:00,68.71,0.28,23.26,Stationery,Online,Not Returned,High,2610.98,VIP
679304,T-shirt,38,2020-01-10 01:00,43.62,0.28,23.87,Stationery,Online,Not Returned,Low,1657.56,VIP
435674,USB Cable,26,2020-01-10 12:00,43.43,0.4,14.71,Stationery,In-store,Not Returned,High,1129.18,VIP
937437,T-shirt,29,2020-01-10 18:00,39.91,0.1,10.42,Stationery,In-store,Not Returned,Low,1157.39,VIP
283734,Notebook,40,2020-01-12 05:00,59.5,0.21,19.09,Stationery,In-store,Not Returned,Medium,2380.0,VIP
967055,Wall Clock,28,2020-01-12 17:00,58.6,0.21,12.7,Stationery,Online,Not Returned,Low,1640.8,VIP
212547,Wall Clock,-26,2020-01-13 04:00,-51.94,1.5234671839451164,,Stationery,In-store,Not Returned,High,1350.44,VIP
851102,USB Cable,34,2020-01-13 06:00,45.44,0.12,20.06,Stationery,Online,Not Returned,Low,1544.96,VIP
314835,Wireless Mouse,30,2020-01-13 10:00,53.55,0.25,19.88,Stationery,Online,Not Returned,Low,1606.5,VIP
474705,Backpack,48,2020-01-13 23:00,69.23,0.06,5.61,Stationery,Online,Not Returned,High,3323.04,VIP
671542,White Mug,24,2020-01-14 00:00,81.18,0.28,21.57,Stationery,In-store,Not Returned,Medium,1948.32,VIP
654594,Office Chair,49,2020-01-14 03:00,38.66,0.24,6.78,Stationery,Online,Not Returned,Medium,1894.34,VIP
132711,Notebook,31,2020-01-15 10:00,72.24,0.1,5.83,Stationery,Online,Not Returned,Low,2239.44,VIP
907789,Backpack,45,2020-01-15 22:00,33.12,0.38,23.83,Stationery,Online,Returned,High,1490.4,VIP
177505,Wall Clock,42,2020-01-16 00:00,85.33,0.45,11.36,Stationery,Online,Not Returned,High,3583.86,VIP
412252,Headphones,11,2020-01-16 04:00,98.0,0.5,28.98,Stationery,In-store,Not Returned,Medium,1078.0,VIP
190272,Wireless Mouse,18,2020-01-16 07:00,73.03,0.49,10.65,Stationery,Online,Not Returned,High,1314.54,VIP
710704,Blue Pen,37,2020-01-16 16:00,28.9,0.17,13.69,Stationery,In-store,Not Returned,Medium,1069.3,VIP
956703,Wireless Mouse,43,2020-01-16 17:00,99.98,0.08,25.28,Stationery,In-store,Returned,Medium,4299.14,VIP
671621,Wireless Mouse,48,2020-01-17 04:00,38.07,0.37,19.41,Stationery,In-store,Not Returned,Medium,1827.36,VIP
850020,White Mug,33,2020-01-17 16:00,48.31,0.46,17.82,Stationery,In-store,Not Returned,High,1594.23,VIP
231373,T-shirt,22,2020-01-18 14:00,63.28,0.23,23.39,Stationery,In-store,Not Returned,High,1392.16,VIP
165726,USB Cable,22,2020-01-18 19:00,50.02,0.37,7.45,Stationery,In-store,Not Returned,High,1100.44,VIP
840674,Backpack,32,2020-01-19 01:00,70.58,0.05,29.65,Stationery,In-store,Not Returned,High,2258.56,VIP
788105,Wall Clock,46,2020-01-19 05:00,46.85,0.22,24.77,Stationery,Online,Not Returned,Medium,2155.1,VIP
545101,Office Chair,48,2020-01-19 08:00,93.11,0.23,9.65,Stationery,In-store,Not Returned,Medium,4469.28,VIP
136631,Wall Clock,28,2020-01-19 09:00,69.36,0.48,27.99,Stationery,Online,Not Returned,High,1942.08,VIP
250262,White Mug,29,2020-01-20 06:00,65.67,0.33,24.03,Stationery,In-store,Not Returned,High,1904.43,VIP
337549,T-shirt,30,2020-01-20 23:00,43.82,0.31,28.81,Stationery,In-store,Not Returned,High,1314.6,VIP
476836,T-shirt,48,2020-01-22 05:00,46.02,0.14,11.94,Stationery,In-store,Not Returned,Low,2208.96,VIP
368093,Blue Pen,47,2020-01-23 07:00,90.09,0.29,20.15,Stationery,In-store,Not Returned,High,4234.2300000000005,VIP
738836,Office Chair,45,2020-01-23 23:00,76.42,0.14,5.3,Stationery,In-store,Not Returned,High,3438.9,VIP
799438,Wireless Mouse,32,2020-01-24 21:00,78.38,0.04,10.13,Stationery,Online,Not Returned,Medium,2508.16,VIP
555968,Backpack,44,2020-01-25 11:00,85.07,0.49,20.37,Stationery,In-store,Not Returned,High,3743.08,VIP
371967,Headphones,16,2020-01-26 04:00,83.99,0.17,5.69,Stationery,In-store,Not Returned,Medium,1343.84,VIP
640652,Desk Lamp,28,2020-01-26 08:00,77.63,0.12,13.38,Stationery,Online,Not Returned,Medium,2173.64,VIP
151991,White Mug,43,2020-01-26 11:00,59.2,0.1,19.23,Stationery,Online,Not Returned,Medium,2545.6,VIP
786337,T-shirt,19,2020-01-26 14:00,69.63,0.25,24.74,Stationery,In-store,Returned,Medium,1322.9699999999998,VIP
718992,Blue Pen,30,2020-01-26 15:00,87.13,0.33,21.18,Stationery,In-store,Not Returned,Medium,2613.9,VIP
208940,Wall Clock,38,2020-01-27 14:00,36.84,0.28,13.97,Stationery,In-store,Returned,Medium,1399.92,VIP
717296,Backpack,38,2020-01-27 23:00,54.12,0.46,21.1,Stationery,Online,Not Returned,Low,2056.56,VIP
600328,Backpack,35,2020-01-28 08:00,64.03,0.5,11.55,Stationery,In-store,Not Returned,High,2241.05,VIP
179459,Blue Pen,27,2020-01-30 08:00,86.21,0.33,16.44,Stationery,Online,Not Returned,Medium,2327.67,VIP
554137,White Mug,16,2020-01-30 19:00,63.5,0.24,11.07,Stationery,In-store,Not Returned,High,1016.0,VIP
189780,Blue Pen,24,2020-01-31 11:00,82.61,0.4,7.68,Stationery,Online,Returned,High,1982.64,VIP
189930,Wall Clock,42,2020-01-31 21:00,80.82,0.46,6.84,Stationery,Online,Not Returned,Medium,3394.44,VIP
625830,White Mug,25,2020-02-01 08:00,92.79,0.46,8.83,Stationery,Online,Not Returned,Low,2319.75,VIP
338067,Headphones,31,2020-02-02 03:00,89.53,0.15,28.18,Stationery,Online,Not Returned,High,2775.43,VIP
911721,Blue Pen,43,2020-02-02 17:00,51.74,0.03,23.38,Stationery,In-store,Not Returned,High,2224.82,VIP
831899,Headphones,42,2020-02-04 15:00,59.0,0.29,22.38,Stationery,Online,Not Returned,Medium,2478.0,VIP
166203,White Mug,14,2020-02-05 17:00,93.49,0.44,11.92,Stationery,Online,Not Returned,Medium,1308.86,VIP
423673,Wireless Mouse,39,2020-02-05 22:00,48.75,0.01,19.19,Stationery,Online,Not Returned,Low,1901.25,VIP
891267,Office Chair,45,2020-02-06 06:00,79.99,0.13,25.56,Stationery,In-store,Not Returned,Low,3599.55,VIP
597562,Office Chair,48,2020-02-06 08:00,22.33,0.5,6.51,Stationery,Online,Not Returned,Low,1071.84,VIP
992048,Notebook,22,2020-02-06 11:00,89.99,0.21,17.51,Stationery,In-store,Returned,Medium,1979.78,VIP
268964,Desk Lamp,29,2020-02-07 10:00,89.62,0.26,16.5,Stationery,Online,Not Returned,High,2598.98,VIP
127712,Desk Lamp,46,2020-02-07 13:00,35.89,0.46,12.02,Stationery,Online,Not Returned,Medium,1650.94,VIP
385977,Notebook,31,2020-02-07 19:00,70.67,0.08,24.65,Stationery,Online,Not Returned,High,2190.77,VIP
434618,USB Cable,43,2020-02-08 00:00,72.07,0.18,15.23,Stationery,Online,Returned,Medium,3099.01,VIP
370846,Office Chair,49,2020-02-08 06:00,92.82,0.28,21.93,Stationery,In-store,Not Returned,High,4548.179999999999,VIP
300244,Wireless Mouse,24,2020-02-08 19:00,57.29,0.34,6.8,Stationery,In-store,Not Returned,Medium,1374.96,VIP
549613,White Mug,47,2020-02-09 02:00,53.22,0.39,16.02,Stationery,In-store,Not Returned,Low,2501.34,VIP
192193,White Mug,47,2020-02-09 12:00,46.37,0.2,9.01,Stationery,Online,Not Returned,Low,2179.39,VIP
686165,White Mug,22,2020-02-09 19:00,93.52,0.31,27.82,Stationery,Online,Not Returned,High,2057.44,VIP
798168,Notebook,27,2020-02-10 07:00,52.3,0.3,23.74,Stationery,Online,Not Returned,High,1412.1,VIP
101252,Wireless Mouse,45,2020-02-10 12:00,45.16,0.36,6.78,Stationery,In-store,Not Returned,Medium,2032.2,VIP
964141,Notebook,33,2020-02-10 14:00,74.37,0.26,10.3,Stationery,In-store,Not Returned,Low,2454.21,VIP
427359,Backpack,34,2020-02-10 19:00,49.81,0.34,14.26,Stationery,In-store,Not Returned,Medium,1693.54,VIP
702875,Wireless Mouse,37,2020-02-10 20:00,32.77,0.46,13.38,Stationery,In-store,Not Returned,High,1212.49,VIP
828913,White Mug,16,2020-02-11 00:00,98.74,0.27,18.71,Stationery,In-store,Not Returned,High,1579.84,VIP
762301,Headphones,-47,2020-02-11 01:00,-61.53,1.1007868099387903,,Stationery,Online,Not Returned,Medium,2891.91,VIP
350875,Notebook,49,2020-02-11 11:00,24.04,0.11,16.52,Stationery,In-store,Not Returned,Low,1177.96,VIP
533027,White Mug,-28,2020-02-11 19:00,-73.12,1.5286765290970958,,Stationery,In-store,Not Returned,Medium,2047.36,VIP
608041,USB Cable,46,2020-02-11 20:00,52.57,0.32,18.19,Stationery,In-store,Not Returned,Medium,2418.22,VIP
323777,Notebook,44,2020-02-12 05:00,22.73,0.44,12.39,Stationery,In-store,Returned,Medium,1000.12,VIP
767375,T-shirt,22,2020-02-12 13:00,70.56,0.02,12.03,Stationery,Online,Not Returned,High,1552.3200000000002,VIP
682531,Desk Lamp,39,2020-02-13 01:00,33.59,0.27,15.06,Stationery,In-store,Not Returned,Medium,1310.0100000000002,VIP
357218,T-shirt,30,2020-02-13 04:00,67.03,0.1,10.31,Stationery,In-store,Not Returned,High,2010.9,VIP
470608,Office Chair,45,2020-02-14 03:00,26.8,0.02,5.11,Stationery,In-store,Not Returned,Low,1206.0,VIP
312890,Backpack,30,2020-02-14 06:00,39.7,0.0,24.98,Stationery,In-store,Not Returned,Medium,1191.0,VIP
239789,Headphones,22,2020-02-15 03:00,74.37,0.29,10.08,Stationery,Online,Not Returned,Medium,1636.14,VIP
467257,Notebook,41,2020-02-15 11:00,65.51,0.26,8.22,Stationery,Online,Not Returned,Medium,2685.9100000000003,VIP
195462,Blue Pen,14,2020-02-16 13:00,87.88,0.12,10.79,Stationery,Online,Not Returned,Low,1230.32,VIP
706440,Desk Lamp,33,2020-02-17 02:00,36.75,0.01,17.07,Stationery,In-store,Not Returned,Medium,1212.75,VIP
835265,Desk Lamp,45,2020-02-17 07:00,68.7,0.28,20.06,Stationery,Online,Not Returned,High,3091.5,VIP
212221,Backpack,23,2020-02-19 05:00,74.98,0.39,25.06,Stationery,In-store,Not Returned,Medium,1724.5400000000002,VIP
280448,Notebook,42,2020-02-19 22:00,57.52,0.42,25.57,Stationery,Online,Not Returned,High,2415.84,VIP
478892,Office Chair,36,2020-02-21 00:00,60.41,0.17,28.88,Stationery,In-store,Not Returned,Low,2174.76,VIP
446699,Wireless Mouse,23,2020-02-22 01:00,81.04,0.29,26.64,Stationery,Online,Returned,Low,1863.92,VIP
486594,Headphones,39,2020-02-22 03:00,97.87,0.06,8.24,Stationery,In-store,Not Returned,Medium,3816.93,VIP
158596,White Mug,47,2020-02-22 13:00,92.31,0.15,23.08,Stationery,In-store,Not Returned,Medium,4338.57,VIP
639812,T-shirt,47,2020-02-22 17:00,81.16,0.18,28.07,Stationery,In-store,Not Returned,Medium,3814.52,VIP
907043,Blue Pen,49,2020-02-22 23:00,23.83,0.14,22.86,Stationery,Online,Not Returned,Medium,1167.6699999999998,VIP
692016,Wireless Mouse,29,2020-02-23 18:00,98.1,0.03,12.44,Stationery,In-store,Not Returned,Low,2844.9,VIP
192263,T-shirt,40,2020-02-24 00:00,79.8,0.09,5.67,Stationery,Online,Not Returned,Low,3192.0,VIP
957756,Backpack,49,2020-02-24 12:00,79.23,0.32,14.54,Stationery,In-store,Not Returned,High,3882.27,VIP
198723,USB Cable,26,2020-02-24 18:00,52.04,0.25,27.45,Stationery,In-store,Not Returned,Medium,1353.04,VIP
984152,USB Cable,42,2020-02-24 21:00,92.83,0.2,28.51,Stationery,Online,Returned,Low,3898.86,VIP
132265,Backpack,16,2020-02-25 08:00,83.61,0.1,10.55,Stationery,Online,Not Returned,High,1337.76,VIP
343322,White Mug,47,2020-02-25 10:00,21.81,0.42,9.49,Stationery,Online,Not Returned,Low,1025.07,VIP
856892,T-shirt,33,2020-02-25 21:00,71.2,0.06,24.62,Stationery,In-store,Not Returned,Medium,2349.6,VIP
340773,Blue Pen,34,2020-02-26 18:00,50.88,0.19,21.62,Stationery,Online,Not Returned,High,1729.92,VIP
155318,Headphones,38,2020-02-26 19:00,87.26,0.23,19.95,Stationery,In-store,Not Returned,Medium,3315.88,VIP
233515,White Mug,37,2020-02-27 00:00,56.45,0.18,9.04,Stationery,In-store,Not Returned,High,2088.65,VIP
306988,Headphones,43,2020-02-27 01:00,44.19,0.12,8.23,Stationery,In-store,Not Returned,High,1900.17,VIP
134560,White Mug,41,2020-02-28 10:00,94.83,0.49,21.84,Stationery,In-store,Not Returned,Low,3888.03,VIP
594592,Headphones,48,2020-02-28 18:00,85.66,0.05,11.58,Stationery,In-store,Not Returned,Medium,4111.68,VIP
200158,Notebook,23,2020-02-28 19:00,91.27,0.07,11.34,Stationery,Online,Returned,High,2099.21,VIP
808533,Headphones,40,2020-02-28 20:00,81.49,0.21,6.35,Stationery,Online,Not Returned,Medium,3259.6,VIP
194270,Notebook,31,2020-03-01 06:00,33.54,0.12,23.29,Stationery,Online,Not Returned,High,1039.74,VIP
251878,T-shirt,39,2020-03-02 00:00,88.67,0.08,27.87,Stationery,In-store,Not Returned,High,3458.13,VIP
535165,T-shirt,23,2020-03-02 04:00,54.21,0.08,13.79,Stationery,Online,Not Returned,Medium,1246.83,VIP
193501,Office Chair,30,2020-03-02 09:00,47.35,0.25,25.16,Stationery,In-store,Not Returned,Low,1420.5,VIP
320178,Wireless Mouse,36,2020-03-02 17:00,87.78,0.07,13.33,Stationery,In-store,Not Returned,Medium,3160.08,VIP
249521,T-shirt,33,2020-03-02 18:00,91.58,0.14,22.7,Stationery,In-store,Not Returned,Low,3022.14,VIP
951587,Backpack,16,2020-03-03 06:00,95.78,0.04,17.62,Stationery,Online,Not Returned,Low,1532.48,VIP
837334,USB Cable,48,2020-03-03 16:00,94.49,0.0,19.1,Stationery,In-store,Not Returned,Low,4535.52,VIP
209575,White Mug,41,2020-03-03 21:00,51.48,0.48,28.85,Stationery,In-store,Not Returned,High,2110.68,VIP
392822,Office Chair,46,2020-03-04 01:00,41.65,0.27,7.83,Stationery,In-store,Not Returned,High,1915.9,VIP
578446,Wall Clock,44,2020-03-04 08:00,90.72,0.17,5.67,Stationery,Online,Not Returned,Low,3991.68,VIP
779520,Wall Clock,43,2020-03-04 12:00,60.66,0.29,22.76,Stationery,In-store,Not Returned,High,2608.38,VIP
572327,Headphones,43,2020-03-04 15:00,37.73,0.48,14.26,Stationery,Online,Not Returned,Low,1622.39,VIP
134911,Wall Clock,49,2020-03-04 18:00,71.39,0.07,13.81,Stationery,In-store,Not Returned,Medium,3498.11,VIP
890857,Backpack,25,2020-03-05 10:00,83.12,0.18,13.22,Stationery,In-store,Not Returned,Medium,2078.0,VIP
626486,Blue Pen,41,2020-03-05 13:00,66.72,0.36,13.97,Stationery,Online,Not Returned,High,2735.52,VIP
123236,Desk Lamp,24,2020-03-05 22:00,75.53,0.12,18.74,Stationery,Online,Not Returned,Low,1812.72,VIP
840874,Backpack,27,2020-03-06 00:00,81.41,0.22,28.56,Stationery,In-store,Not Returned,Low,2198.07,VIP
727433,USB Cable,40,2020-03-06 01:00,32.44,0.13,9.18,Stationery,Online,Not Returned,Medium,1297.6,VIP
294269,Desk Lamp,-47,2020-03-06 10:00,-51.81,1.1990271377400532,,Stationery,Online,Not Returned,High,2435.07,VIP
997928,Wireless Mouse,24,2020-03-06 11:00,68.17,0.16,19.97,Stationery,In-store,Not Returned,Medium,1636.08,VIP
783889,Wireless Mouse,48,2020-03-07 01:00,69.96,0.23,5.75,Stationery,Online,Not Returned,High,3358.08,VIP
135954,White Mug,29,2020-03-07 02:00,65.84,0.23,21.85,Stationery,Online,Not Returned,Medium,1909.36,VIP
862092,Desk Lamp,40,2020-03-07 07:00,78.92,0.22,7.51,Stationery,In-store,Not Returned,Medium,3156.8,VIP
123752,Backpack,37,2020-03-07 10:00,99.23,0.02,22.94,Stationery,Online,Not Returned,Medium,3671.51,VIP
488822,Notebook,21,2020-03-07 20:00,77.56,0.31,26.19,Stationery,Online,Not Returned,Low,1628.76,VIP
618271,Notebook,38,2020-03-08 00:00,50.65,0.07,23.67,Stationery,Online,Not Returned,Medium,1924.7,VIP
328504,Desk Lamp,33,2020-03-08 07:00,48.61,0.18,23.71,Stationery,In-store,Not Returned,Low,1604.13,VIP
673044,T-shirt,47,2020-03-08 11:00,84.48,0.32,16.46,Stationery,In-store,Not Returned,Low,3970.56,VIP
851883,Notebook,36,2020-03-08 21:00,86.62,0.27,27.4,Stationery,Online,Not Returned,High,3118.32,VIP
463476,T-shirt,49,2020-03-09 04:00,92.24,0.29,11.41,Stationery,In-store,Not Returned,Low,4519.759999999999,VIP
610585,T-shirt,33,2020-03-09 07:00,45.55,0.12,13.87,Stationery,Online,Not Returned,Medium,1503.15,VIP
779418,White Mug,13,2020-03-10 18:00,95.37,0.1,14.02,Stationery,In-store,Not Returned,Low,1239.81,VIP
788281,Notebook,17,2020-03-10 23:00,97.75,0.24,29.61,Stationery,In-store,Not Returned,High,1661.75,VIP
124354,Office Chair,47,2020-03-11 13:00,69.15,0.1,20.21,Stationery,Online,Not Returned,Medium,3250.05,VIP
280553,Blue Pen,31,2020-03-12 07:00,99.84,0.36,15.92,Stationery,Online,Not Returned,Medium,3095.04,VIP
302503,Wall Clock,46,2020-03-12 17:00,45.25,0.0,13.09,Stationery,Online,Not Returned,High,2081.5,VIP
205423,Wall Clock,23,2020-03-12 23:00,90.6,0.26,23.5,Stationery,Online,Not Returned,High,2083.8,VIP
875435,White Mug,27,2020-03-13 05:00,90.44,0.08,18.82,Stationery,Online,Not Returned,Low,2441.88,VIP
666074,Headphones,40,2020-03-14 04:00,47.72,0.36,25.94,Stationery,Online,Not Returned,High,1908.8,VIP
850294,Backpack,30,2020-03-14 05:00,38.7,0.35,14.91,Stationery,Online,Not Returned,Medium,1161.0,VIP
387654,Notebook,16,2020-03-14 10:00,66.68,0.02,13.76,Stationery,In-store,Not Returned,Low,1066.88,VIP
381570,Blue Pen,30,2020-03-14 11:00,35.88,0.47,15.59,Stationery,In-store,Not Returned,Medium,1076.4,VIP
659723,Backpack,36,2020-03-14 20:00,29.67,0.31,28.64,Stationery,In-store,Not Returned,High,1068.12,VIP
909942,Desk Lamp,30,2020-03-15 03:00,51.92,0.13,12.11,Stationery,Online,Not Returned,Medium,1557.6,VIP
796358,Wall Clock,33,2020-03-15 05:00,48.98,0.48,11.49,Stationery,Online,Not Returned,Medium,1616.34,VIP
550062,Notebook,34,2020-03-15 06:00,64.94,0.0,17.6,Stationery,Online,Not Returned,Medium,2207.96,VIP
194071,USB Cable,36,2020-03-15 07:00,95.26,0.11,12.31,Stationery,Online,Not Returned,Medium,3429.36,VIP
893072,Wall Clock,36,2020-03-15 08:00,62.89,0.23,18.08,Stationery,Online,Not Returned,Low,2264.04,VIP
703561,Wireless Mouse,28,2020-03-15 17:00,85.12,0.17,27.07,Stationery,Online,Not Returned,Low,2383.36,VIP
225341,Notebook,14,2020-03-15 23:00,98.71,0.35,8.71,Stationery,Online,Not Returned,Low,1381.9399999999998,VIP
424060,Blue Pen,29,2020-03-16 13:00,97.09,0.44,15.32,Stationery,Online,Not Returned,Low,2815.61,VIP
989097,Blue Pen,-47,2020-03-16 22:00,-32.44,0.32,,Stationery,Online,Not Returned,Medium,1524.6799999999998,VIP
810979,T-shirt,26,2020-03-17 13:00,54.04,0.16,9.37,Stationery,Online,Not Returned,High,1405.04,VIP
342615,Blue Pen,18,2020-03-20 16:00,73.77,0.32,26.66,Stationery,In-store,Not Returned,Medium,1327.86,VIP
932974,T-shirt,37,2020-03-21 03:00,63.11,0.46,17.33,Stationery,In-store,Not Returned,Medium,2335.07,VIP
551978,T-shirt,15,2020-03-21 06:00,97.62,0.02,20.76,Stationery,Online,Not Returned,Medium,1464.3000000000002,VIP
658030,Office Chair,38,2020-03-21 11:00,97.07,0.11,12.87,Stationery,Online,Not Returned,High,3688.66,VIP
957263,USB Cable,48,2020-03-21 15:00,62.06,0.08,20.94,Stationery,In-store,Not Returned,Low,2978.88,VIP
119623,Wall Clock,34,2020-03-22 16:00,46.59,0.17,28.3,Stationery,In-store,Not Returned,Low,1584.0600000000002,VIP
807116,Wireless Mouse,43,2020-03-22 23:00,47.57,0.08,16.89,Stationery,In-store,Not Returned,Low,2045.51,VIP
972638,USB Cable,33,2020-03-23 04:00,71.78,0.2,7.07,Stationery,In-store,Not Returned,Low,2368.74,VIP
777894,Notebook,32,2020-03-23 08:00,80.79,0.17,20.25,Stationery,In-store,Not Returned,High,2585.28,VIP
529725,Wall Clock,15,2020-03-23 22:00,79.35,0.37,23.08,Stationery,In-store,Not Returned,Medium,1190.25,VIP
175713,Backpack,43,2020-03-24 09:00,34.49,0.42,23.57,Stationery,Online,Not Returned,High,1483.0700000000002,VIP
842623,Wireless Mouse,34,2020-03-24 10:00,57.12,0.33,6.6,Stationery,Online,Not Returned,Medium,1942.08,VIP
535423,Blue Pen,19,2020-03-25 03:00,60.22,0.17,18.5,Stationery,Online,Not Returned,High,1144.18,VIP
331758,Desk Lamp,41,2020-03-25 08:00,25.53,0.31,5.13,Stationery,In-store,Not Returned,Low,1046.73,VIP
426032,USB Cable,37,2020-03-25 18:00,34.8,0.02,21.2,Stationery,In-store,Not Returned,Low,1287.6,VIP
895509,Office Chair,23,2020-03-25 20:00,98.4,0.15,23.1,Stationery,In-store,Not Returned,High,2263.2000000000003,VIP
131598,T-shirt,26,2020-03-26 18:00,54.83,0.32,11.58,Stationery,Online,Not Returned,Low,1425.58,VIP
915673,Wireless Mouse,49,2020-03-26 23:00,45.18,0.39,13.39,Stationery,In-store,Not Returned,Medium,2213.82,VIP
769648,Office Chair,25,2020-03-27 06:00,84.31,0.33,14.68,Stationery,In-store,Not Returned,Medium,2107.75,VIP
553761,Office Chair,38,2020-03-27 16:00,76.33,0.22,10.61,Stationery,In-store,Not Returned,Medium,2900.54,VIP
324695,Backpack,18,2020-03-28 01:00,72.77,0.47,29.59,Stationery,Online,Not Returned,Low,1309.86,VIP
984315,USB Cable,37,2020-03-28 02:00,74.52,0.11,6.14,Stationery,Online,Not Returned,Medium,2757.24,VIP
707167,Headphones,18,2020-03-29 19:00,58.27,0.25,28.4,Stationery,Online,Not Returned,Medium,1048.86,VIP
709996,Headphones,41,2020-03-30 22:00,51.6,0.39,8.44,Stationery,In-store,Not Returned,Medium,2115.6,VIP
993093,USB Cable,24,2020-03-31 08:00,98.8,0.41,6.76,Stationery,Online,Not Returned,High,2371.2,VIP
777164,T-shirt,22,2020-03-31 11:00,75.52,0.32,22.86,Stationery,In-store,Not Returned,Medium,1661.4399999999998,VIP
830664,Wall Clock,34,2020-03-31 21:00,47.77,0.05,29.94,Stationery,Online,Not Returned,Medium,1624.18,VIP
793919,White Mug,45,2020-04-01 02:00,61.49,0.02,17.32,Stationery,Online,Not Returned,Medium,2767.05,VIP
999187,Desk Lamp,38,2020-04-01 20:00,39.98,0.18,27.66,Stationery,Online,Not Returned,Medium,1519.2399999999998,VIP
495141,Office Chair,21,2020-04-02 16:00,74.17,0.1,16.68,Stationery,Online,Not Returned,Low,1557.57,VIP
241398,Wall Clock,49,2020-04-04 01:00,98.55,0.3,25.68,Stationery,Online,Not Returned,High,4828.95,VIP
734379,Blue Pen,23,2020-04-04 02:00,49.39,0.19,6.44,Stationery,In-store,Not Returned,Low,1135.97,VIP
325314,Blue Pen,43,2020-04-05 04:00,27.33,0.12,18.37,Stationery,In-store,Not Returned,High,1175.1899999999998,VIP
538716,Blue Pen,14,2020-04-05 05:00,88.89,0.01,7.64,Stationery,In-store,Not Returned,High,1244.46,VIP
515231,Desk Lamp,40,2020-04-06 11:00,36.75,0.5,17.44,Stationery,Online,Not Returned,Low,1470.0,VIP
388161,Office Chair,41,2020-04-06 14:00,43.95,0.29,7.28,Stationery,Online,Not Returned,High,1801.95,VIP
486821,Wall Clock,16,2020-04-06 15:00,85.47,0.35,7.32,Stationery,In-store,Not Returned,High,1367.52,VIP
620985,Wireless Mouse,48,2020-04-07 02:00,59.9,0.46,13.62,Stationery,Online,Not Returned,Medium,2875.2,VIP
913348,Office Chair,28,2020-04-07 11:00,42.45,0.37,16.35,Stationery,In-store,Not Returned,High,1188.6,VIP
720347,Wall Clock,32,2020-04-07 17:00,61.86,0.06,19.87,Stationery,In-store,Not Returned,Low,1979.52,VIP
201459,Blue Pen,46,2020-04-07 22:00,31.64,0.48,8.24,Stationery,In-store,Not Returned,High,1455.44,VIP
335806,Desk Lamp,42,2020-04-08 15:00,69.09,0.45,22.16,Stationery,Online,Not Returned,High,2901.78,VIP
444333,Desk Lamp,18,2020-04-08 19:00,59.83,0.18,27.38,Stationery,Online,Not Returned,Medium,1076.94,VIP
119816,Desk Lamp,24,2020-04-09 01:00,70.31,0.44,15.02,Stationery,In-store,Not Returned,High,1687.44,VIP
231691,T-shirt,23,2020-04-10 01:00,94.68,0.21,19.75,Stationery,In-store,Not Returned,Low,2177.6400000000003,VIP
821864,Headphones,34,2020-04-10 07:00,42.32,0.31,19.5,Stationery,In-store,Returned,High,1438.88,VIP
802974,Blue Pen,43,2020-04-10 08:00,57.94,0.17,29.76,Stationery,Online,Not Returned,Medium,2491.42,VIP
453299,Blue Pen,21,2020-04-10 10:00,54.52,0.46,26.65,Stationery,In-store,Not Returned,High,1144.92,VIP
669560,Backpack,38,2020-04-11 09:00,66.14,0.34,28.03,Stationery,In-store,Returned,Medium,2513.32,VIP
490479,Desk Lamp,46,2020-04-12 01:00,46.58,0.22,21.71,Stationery,Online,Not Returned,Medium,2142.68,VIP
871246,Wall Clock,47,2020-04-12 14:00,39.95,0.43,9.58,Stationery,Online,Not Returned,Low,1877.65,VIP
559054,Blue Pen,22,2020-04-13 02:00,73.12,0.27,18.79,Stationery,Online,Not Returned,Medium,1608.64,VIP
965566,Office Chair,33,2020-04-13 12:00,35.4,0.17,22.28,Stationery,In-store,Not Returned,High,1168.2,VIP
381652,Backpack,48,2020-04-13 15:00,90.12,0.43,9.18,Stationery,Online,Not Returned,High,4325.76,VIP
578366,Headphones,48,2020-04-14 07:00,84.21,0.23,21.67,Stationery,Online,Not Returned,High,4042.08,VIP
332549,Headphones,43,2020-04-14 12:00,53.84,0.36,17.95,Stationery,In-store,Not Returned,Medium,2315.1200000000003,VIP
451296,Wall Clock,-21,2020-04-15 08:00,-73.97,1.2302535514643926,,Stationery,In-store,Not Returned,High,1553.37,VIP
179973,White Mug,35,2020-04-15 21:00,84.96,0.32,24.62,Stationery,In-store,Not Returned,Low,2973.6,VIP
860674,Notebook,34,2020-04-16 00:00,74.45,0.49,28.91,Stationery,Online,Not Returned,High,2531.3,VIP
368615,Desk Lamp,21,2020-04-16 08:00,89.05,0.36,11.94,Stationery,In-store,Not Returned,Medium,1870.05,VIP
131348,Blue Pen,35,2020-04-16 12:00,84.74,0.06,8.28,Stationery,Online,Not Returned,High,2965.9,VIP
295804,Backpack,40,2020-04-16 13:00,40.85,0.3,17.79,Stationery,Online,Not Returned,Low,1634.0,VIP
394923,Blue Pen,46,2020-04-16 16:00,74.38,0.3,27.45,Stationery,In-store,Not Returned,High,3421.48,VIP
383780,White Mug,-47,2020-04-16 17:00,-24.21,1.8631423094045791,,Stationery,Online,Not Returned,Medium,1137.87,VIP
159182,Headphones,48,2020-04-17 08:00,36.45,0.21,19.81,Stationery,In-store,Not Returned,Low,1749.6,VIP
753091,T-shirt,18,2020-04-17 12:00,64.99,0.03,7.71,Stationery,In-store,Not Returned,Low,1169.82,VIP
540097,Desk Lamp,49,2020-04-17 20:00,78.84,0.31,26.22,Stationery,In-store,Not Returned,High,3863.16,VIP
682004,Wireless Mouse,-20,2020-04-18 01:00,-67.32,0.03,,Stationery,In-store,Not Returned,High,1346.4,VIP
303502,Office Chair,21,2020-04-18 06:00,65.84,0.48,12.4,Stationery,In-store,Not Returned,Medium,1382.64,VIP
357368,Wireless Mouse,34,2020-04-18 18:00,58.52,0.15,19.32,Stationery,In-store,Not Returned,Medium,1989.68,VIP
163646,USB Cable,24,2020-04-19 00:00,94.23,0.01,7.11,Stationery,In-store,Not Returned,Low,2261.52,VIP
255683,Backpack,37,2020-04-19 08:00,56.48,0.49,8.1,Stationery,In-store,Not Returned,Low,2089.76,VIP
175388,Notebook,44,2020-04-20 07:00,70.58,0.44,8.81,Stationery,In-store,Not Returned,High,3105.52,VIP
611083,White Mug,38,2020-04-21 11:00,45.43,0.09,24.34,Stationery,Online,Not Returned,Low,1726.34,VIP
551000,Backpack,16,2020-04-22 04:00,98.7,0.16,18.09,Stationery,Online,Not Returned,Low,1579.2,VIP
486601,Wall Clock,44,2020-04-22 13:00,93.08,0.19,23.67,Stationery,In-store,Not Returned,Medium,4095.52,VIP
942186,T-shirt,31,2020-04-22 17:00,50.28,0.3,20.82,Stationery,In-store,Not Returned,High,1558.68,VIP
561227,Notebook,37,2020-04-23 21:00,39.55,0.23,14.23,Stationery,In-store,Not Returned,Medium,1463.35,VIP
235327,Wall Clock,44,2020-04-23 23:00,54.04,0.24,16.81,Stationery,In-store,Not Returned,Low,2377.76,VIP
605629,Wall Clock,35,2020-04-24 16:00,57.84,0.29,11.95,Stationery,Online,Not Returned,Low,2024.4,VIP
935036,USB Cable,43,2020-04-25 00:00,89.03,0.48,16.12,Stationery,In-store,Not Returned,Low,3828.29,VIP
251175,Notebook,48,2020-04-25 15:00,38.39,0.37,14.35,Stationery,In-store,Not Returned,Medium,1842.72,VIP
198540,Office Chair,25,2020-04-25 20:00,77.27,0.5,18.62,Stationery,In-store,Not Returned,High,1931.75,VIP
129301,Backpack,29,2020-04-26 01:00,58.98,0.01,15.51,Stationery,In-store,Not Returned,High,1710.4199999999998,VIP
322724,Backpack,35,2020-04-26 02:00,66.83,0.19,5.39,Stationery,In-store,Not Returned,Medium,2339.05,VIP
118752,White Mug,12,2020-04-26 06:00,98.06,0.42,29.21,Stationery,Online,Not Returned,Low,1176.72,VIP
984884,Office Chair,47,2020-04-26 08:00,63.55,0.34,18.46,Stationery,In-store,Not Returned,Low,2986.85,VIP
659873,Notebook,36,2020-04-27 06:00,48.92,0.1,7.37,Stationery,In-store,Not Returned,High,1761.12,VIP
138067,USB Cable,30,2020-04-27 13:00,51.31,0.04,22.06,Stationery,Online,Not Returned,High,1539.3000000000002,VIP
714661,Desk Lamp,32,2020-04-27 20:00,83.52,0.44,27.37,Stationery,In-store,Not Returned,Medium,2672.64,VIP
689738,USB Cable,33,2020-04-27 23:00,75.43,0.3,11.14,Stationery,Online,Not Returned,Low,2489.19,VIP
852878,Backpack,32,2020-04-28 06:00,70.59,0.43,6.43,Stationery,In-store,Not Returned,High,2258.88,VIP
767689,Wall Clock,40,2020-04-28 08:00,35.82,0.47,26.29,Stationery,Online,Not Returned,Low,1432.8,VIP
880965,White Mug,44,2020-04-28 09:00,58.31,0.29,26.97,Stationery,In-store,Not Returned,Low,2565.6400000000003,VIP
145033,Blue Pen,32,2020-04-28 14:00,63.88,0.0,25.6,Stationery,Online,Not Returned,High,2044.16,VIP
754801,Wireless Mouse,26,2020-04-29 02:00,95.85,0.48,19.9,Stationery,In-store,Not Returned,Medium,2492.1,VIP
542111,Office Chair,38,2020-04-29 06:00,80.99,0.03,10.35,Stationery,In-store,Not Returned,High,3077.62,VIP
872577,White Mug,45,2020-04-30 03:00,72.04,0.39,21.95,Stationery,In-store,Returned,Low,3241.8,VIP
860801,Notebook,34,2020-04-30 06:00,54.88,0.05,19.56,Stationery,In-store,Not Returned,High,1865.92,VIP
636159,Wireless Mouse,21,2020-04-30 14:00,86.88,0.47,15.22,Stationery,In-store,Not Returned,Low,1824.48,VIP
264685,Desk Lamp,41,2020-04-30 18:00,57.14,0.04,11.75,Stationery,Online,Not Returned,Medium,2342.74,VIP
941531,Notebook,22,2020-04-30 22:00,51.17,0.31,13.73,Stationery,Online,Not Returned,Medium,1125.74,VIP
972701,Notebook,19,2020-05-01 03:00,77.85,0.23,29.47,Stationery,In-store,Returned,Low,1479.15,VIP
160545,Headphones,28,2020-05-01 04:00,55.81,0.47,16.89,Stationery,Online,Not Returned,High,1562.68,VIP
254363,Notebook,44,2020-05-02 03:00,86.28,0.2,17.04,Stationery,Online,Not Returned,Low,3796.32,VIP
527387,White Mug,39,2020-05-02 10:00,73.0,0.45,20.38,Stationery,In-store,Not Returned,Low,2847.0,VIP
656659,Blue Pen,22,2020-05-02 21:00,61.01,0.08,17.99,Stationery,In-store,Not Returned,Low,1342.22,VIP
176373,White Mug,45,2020-05-03 09:00,83.54,0.11,19.85,Stationery,Online,Not Returned,Medium,3759.3,VIP
630836,Backpack,49,2020-05-03 16:00,33.22,0.22,23.42,Stationery,Online,Not Returned,High,1627.78,VIP
563547,Wall Clock,38,2020-05-04 16:00,71.33,0.41,26.97,Stationery,In-store,Not Returned,High,2710.54,VIP
907655,Wireless Mouse,37,2020-05-05 07:00,52.48,0.46,19.14,Stationery,Online,Not Returned,Medium,1941.76,VIP
295713,Desk Lamp,46,2020-05-05 23:00,60.56,0.26,6.97,Stationery,In-store,Not Returned,High,2785.76,VIP
521818,Wall Clock,28,2020-05-06 15:00,60.35,0.06,14.47,Stationery,Online,Not Returned,Medium,1689.8,VIP
937831,Backpack,41,2020-05-06 17:00,80.93,0.08,24.11,Stationery,In-store,Not Returned,High,3318.13,VIP
654399,T-shirt,21,2020-05-07 01:00,64.75,0.17,15.65,Stationery,In-store,Not Returned,Medium,1359.75,VIP
928965,Office Chair,33,2020-05-08 12:00,47.33,0.4,20.18,Stationery,Online,Not Returned,Low,1561.89,VIP
282051,Wireless Mouse,35,2020-05-09 04:00,56.94,0.27,18.31,Stationery,Online,Not Returned,Medium,1992.9,VIP
813226,Blue Pen,29,2020-05-10 01:00,53.96,0.47,13.14,Stationery,In-store,Returned,Medium,1564.84,VIP
979381,Wall Clock,47,2020-05-10 15:00,70.68,0.03,12.25,Stationery,In-store,Not Returned,Low,3321.9600000000005,VIP
661931,Headphones,48,2020-05-11 08:00,22.62,0.21,13.88,Stationery,Online,Returned,Low,1085.76,VIP
406094,Desk Lamp,13,2020-05-11 09:00,99.94,0.49,16.66,Stationery,Online,Not Returned,Low,1299.22,VIP
941965,Backpack,29,2020-05-11 18:00,35.62,0.16,6.44,Stationery,Online,Not Returned,Low,1032.98,VIP
884586,Backpack,25,2020-05-11 23:00,66.39,0.01,9.34,Stationery,In-store,Not Returned,Low,1659.75,VIP
317322,Backpack,39,2020-05-12 02:00,79.47,0.43,16.93,Stationery,In-store,Not Returned,Low,3099.33,VIP
279761,White Mug,41,2020-05-12 14:00,68.02,0.01,14.42,Stationery,In-store,Returned,High,2788.82,VIP
167260,Blue Pen,37,2020-05-13 00:00,70.14,0.38,14.2,Stationery,In-store,Not Returned,Low,2595.18,VIP
356695,Office Chair,27,2020-05-13 02:00,76.49,0.46,7.25,Stationery,In-store,Not Returned,Low,2065.23,VIP
806972,Headphones,47,2020-05-13 07:00,83.22,0.07,22.63,Stationery,In-store,Not Returned,Low,3911.34,VIP
988036,White Mug,46,2020-05-13 14:00,96.13,0.08,15.47,Stationery,Online,Not Returned,High,4421.98,VIP
400931,Blue Pen,49,2020-05-14 01:00,27.27,0.37,15.82,Stationery,Online,Not Returned,High,1336.23,VIP
180102,Wall Clock,45,2020-05-14 14:00,75.36,0.31,19.17,Stationery,Online,Not Returned,Medium,3391.2,VIP
217235,White Mug,23,2020-05-14 21:00,44.66,0.35,24.81,Stationery,In-store,Not Returned,Low,1027.1799999999998,VIP
294509,White Mug,32,2020-05-15 05:00,58.89,0.39,28.42,Stationery,Online,Not Returned,High,1884.48,VIP
382017,Blue Pen,26,2020-05-15 08:00,99.94,0.02,28.69,Stationery,In-store,Not Returned,Low,2598.44,VIP
822724,Headphones,20,2020-05-16 07:00,56.33,0.05,13.66,Stationery,In-store,Not Returned,Low,1126.6,VIP
203892,T-shirt,22,2020-05-16 09:00,94.58,0.43,28.13,Stationery,Online,Not Returned,Medium,2080.76,VIP
834005,White Mug,25,2020-05-16 10:00,89.44,0.04,27.22,Stationery,Online,Not Returned,Low,2236.0,VIP
364167,Desk Lamp,18,2020-05-16 11:00,59.17,0.15,25.02,Stationery,Online,Not Returned,Low,1065.06,VIP
290868,T-shirt,37,2020-05-16 13:00,76.19,0.05,23.71,Stationery,In-store,Not Returned,Low,2819.03,VIP
133848,Notebook,20,2020-05-16 19:00,66.95,0.46,20.36,Stationery,In-store,Not Returned,High,1339.0,VIP
673156,T-shirt,42,2020-05-17 01:00,95.52,0.09,25.84,Stationery,Online,Not Returned,High,4011.84,VIP
516441,Notebook,13,2020-05-17 03:00,86.45,0.15,22.01,Stationery,In-store,Not Returned,Low,1123.85,VIP
586275,Backpack,37,2020-05-17 06:00,78.92,0.06,10.92,Stationery,In-store,Not Returned,High,2920.04,VIP
471602,Headphones,36,2020-05-17 15:00,55.11,0.27,9.59,Stationery,In-store,Not Returned,Low,1983.96,VIP
964661,Backpack,29,2020-05-17 20:00,79.46,0.07,16.11,Stationery,In-store,Not Returned,Low,2304.34,VIP
543031,Wireless Mouse,38,2020-05-17 21:00,74.56,0.38,8.24,Stationery,Online,Not Returned,High,2833.28,VIP
241330,T-shirt,43,2020-05-18 06:00,88.9,0.29,28.13,Stationery,Online,Not Returned,Low,3822.7,VIP
761616,USB Cable,47,2020-05-18 11:00,88.28,0.06,19.93,Stationery,Online,Not Returned,Low,4149.16,VIP
176256,USB Cable,43,2020-05-18 13:00,26.58,0.09,20.89,Stationery,Online,Not Returned,High,1142.9399999999998,VIP
446874,USB Cable,49,2020-05-18 17:00,99.25,0.4,18.61,Stationery,In-store,Not Returned,High,4863.25,VIP
553008,Wireless Mouse,47,2020-05-19 00:00,81.49,0.4,26.17,Stationery,Online,Returned,Medium,3830.03,VIP
785614,USB Cable,40,2020-05-19 08:00,91.95,0.49,9.07,Stationery,Online,Returned,High,3678.0,VIP
338404,USB Cable,38,2020-05-19 15:00,26.78,0.06,8.65,Stationery,In-store,Not Returned,Medium,1017.64,VIP
616595,Headphones,36,2020-05-19 17:00,41.09,0.49,11.77,Stationery,In-store,Not Returned,Medium,1479.2400000000002,VIP
851164,Headphones,40,2020-05-19 18:00,49.47,0.02,29.98,Stationery,In-store,Not Returned,Low,1978.8,VIP
265937,Office Chair,49,2020-05-19 20:00,20.41,0.38,19.66,Stationery,In-store,Not Returned,Low,1000.09,VIP
956985,White Mug,49,2020-05-20 13:00,44.42,0.42,6.46,Stationery,Online,Not Returned,Medium,2176.58,VIP
352164,Headphones,47,2020-05-21 00:00,58.23,0.17,19.44,Stationery,Online,Not Returned,High,2736.81,VIP
995331,Wall Clock,39,2020-05-21 01:00,68.39,0.31,9.41,Stationery,Online,Not Returned,Low,2667.21,VIP
549830,USB Cable,34,2020-05-21 07:00,42.34,0.29,17.64,Stationery,Online,Not Returned,Medium,1439.5600000000002,VIP
764917,Blue Pen,44,2020-05-22 05:00,57.36,0.3,9.76,Stationery,Online,Not Returned,Low,2523.84,VIP
370040,Desk Lamp,42,2020-05-22 15:00,57.49,0.02,22.04,Stationery,Online,Not Returned,High,2414.58,VIP
564184,USB Cable,28,2020-05-23 23:00,77.63,0.14,17.0,Stationery,In-store,Not Returned,High,2173.64,VIP
351924,Office Chair,17,2020-05-24 02:00,97.76,0.43,27.56,Stationery,Online,Not Returned,Low,1661.92,VIP
527737,Office Chair,23,2020-05-24 07:00,94.63,0.33,22.11,Stationery,In-store,Not Returned,High,2176.49,VIP
238593,Notebook,41,2020-05-25 08:00,86.15,0.12,12.27,Stationery,Online,Not Returned,Low,3532.15,VIP
827067,Office Chair,42,2020-05-25 09:00,30.51,0.37,5.39,Stationery,In-store,Not Returned,Medium,1281.42,VIP
689921,Desk Lamp,25,2020-05-26 07:00,72.45,0.03,6.64,Stationery,In-store,Not Returned,Medium,1811.25,VIP
832303,Desk Lamp,46,2020-05-26 08:00,22.24,0.34,6.06,Stationery,Online,Returned,High,1023.04,VIP
169286,Desk Lamp,20,2020-05-26 12:00,80.05,0.09,29.39,Stationery,Online,Not Returned,Medium,1601.0,VIP
924255,Wall Clock,36,2020-05-27 03:00,52.66,0.25,10.49,Stationery,Online,Not Returned,Medium,1895.76,VIP
904565,Desk Lamp,41,2020-05-27 19:00,49.23,0.39,10.85,Stationery,In-store,Not Returned,High,2018.43,VIP
612880,USB Cable,45,2020-05-28 03:00,59.9,0.35,18.28,Stationery,Online,Not Returned,High,2695.5,VIP
391262,Desk Lamp,40,2020-05-28 04:00,90.09,0.08,6.04,Stationery,In-store,Not Returned,Medium,3603.6,VIP
361716,T-shirt,35,2020-05-29 12:00,99.99,0.1,9.43,Stationery,Online,Returned,Low,3499.65,VIP
400135,Desk Lamp,27,2020-05-29 18:00,86.98,0.17,21.85,Stationery,In-store,Not Returned,Medium,2348.46,VIP
495807,T-shirt,33,2020-05-30 22:00,67.34,0.1,9.8,Stationery,In-store,Not Returned,Medium,2222.2200000000003,VIP
650458,Wireless Mouse,41,2020-05-31 15:00,49.11,0.2,6.56,Stationery,In-store,Not Returned,Medium,2013.51,VIP
770396,Wireless Mouse,22,2020-06-01 08:00,95.16,0.35,20.01,Stationery,Online,Not Returned,Low,2093.52,VIP
668020,Notebook,40,2020-06-01 23:00,95.25,0.1,27.51,Stationery,In-store,Not Returned,Medium,3810.0,VIP
457792,Blue Pen,45,2020-06-02 14:00,70.72,0.16,11.23,Stationery,Online,Not Returned,Low,3182.4,VIP
753583,White Mug,31,2020-06-03 16:00,74.23,0.03,13.72,Stationery,In-store,Not Returned,High,2301.13,VIP
791958,USB Cable,49,2020-06-04 06:00,64.24,0.19,11.9,Stationery,Online,Not Returned,Low,3147.76,VIP
352419,Wall Clock,43,2020-06-04 10:00,83.19,0.26,25.35,Stationery,In-store,Not Returned,High,3577.17,VIP
212782,Wall Clock,17,2020-06-04 15:00,74.91,0.23,9.3,Stationery,In-store,Not Returned,High,1273.47,VIP
909178,Blue Pen,26,2020-06-05 09:00,71.99,0.42,6.39,Stationery,Online,Not Returned,High,1871.74,VIP
742650,USB Cable,49,2020-06-05 12:00,60.1,0.43,21.54,Stationery,In-store,Not Returned,Low,2944.9,VIP
186516,White Mug,32,2020-06-05 19:00,86.22,0.43,17.93,Stationery,Online,Not Returned,Low,2759.04,VIP
134518,Wall Clock,45,2020-06-06 11:00,72.82,0.32,28.22,Stationery,Online,Returned,High,3276.9,VIP
639570,Backpack,48,2020-06-06 16:00,66.02,0.38,13.19,Stationery,Online,Not Returned,High,3168.96,VIP
339017,T-shirt,44,2020-06-06 18:00,62.75,0.37,7.8,Stationery,In-store,Not Returned,High,2761.0,VIP
373146,Wireless Mouse,44,2020-06-07 03:00,80.98,0.48,17.93,Stationery,Online,Not Returned,Medium,3563.1200000000003,VIP
412229,T-shirt,17,2020-06-07 13:00,85.81,0.21,21.05,Stationery,Online,Returned,Low,1458.77,VIP
667760,Notebook,37,2020-06-07 17:00,58.1,0.39,25.32,Stationery,Online,Not Returned,High,2149.7000000000003,VIP
946143,Wall Clock,40,2020-06-07 19:00,76.07,0.35,15.28,Stationery,In-store,Not Returned,Low,3042.8,VIP
177175,USB Cable,15,2020-06-07 21:00,89.88,0.24,10.32,Stationery,In-store,Not Returned,Low,1348.1999999999998,VIP
163095,Backpack,41,2020-06-08 16:00,92.65,0.23,27.12,Stationery,In-store,Not Returned,Medium,3798.65,VIP
957342,Backpack,39,2020-06-08 18:00,29.67,0.14,10.05,Stationery,Online,Not Returned,High,1157.13,VIP
448939,Wall Clock,43,2020-06-11 19:00,37.92,0.26,27.56,Stationery,Online,Not Returned,High,1630.5600000000002,VIP
391077,T-shirt,40,2020-06-11 20:00,72.43,0.3,25.27,Stationery,Online,Not Returned,Medium,2897.2000000000003,VIP
306940,Backpack,47,2020-06-12 04:00,61.17,0.35,13.65,Stationery,In-store,Not Returned,Medium,2874.99,VIP
404748,Office Chair,19,2020-06-12 05:00,69.38,0.33,9.58,Stationery,In-store,Not Returned,High,1318.2199999999998,VIP
982470,T-shirt,34,2020-06-13 02:00,92.69,0.45,18.59,Stationery,Online,Not Returned,Low,3151.46,VIP
492720,Wireless Mouse,42,2020-06-13 16:00,81.27,0.35,12.71,Stationery,In-store,Not Returned,Low,3413.34,VIP
866535,Blue Pen,26,2020-06-14 13:00,42.55,0.05,29.23,Stationery,In-store,Returned,High,1106.3,VIP
967780,Office Chair,34,2020-06-15 01:00,52.13,0.19,7.14,Stationery,Online,Not Returned,Medium,1772.42,VIP
834042,USB Cable,27,2020-06-15 04:00,88.49,0.32,26.58,Stationery,Online,Not Returned,High,2389.23,VIP
313981,Headphones,48,2020-06-15 16:00,47.31,0.49,22.79,Stationery,In-store,Not Returned,Low,2270.88,VIP
658830,Wall Clock,27,2020-06-15 22:00,63.57,0.16,26.21,Stationery,In-store,Not Returned,Low,1716.39,VIP
765418,Wireless Mouse,48,2020-06-16 16:00,24.74,0.07,18.84,Stationery,Online,Not Returned,Medium,1187.52,VIP
205848,White Mug,36,2020-06-17 00:00,44.16,0.26,10.13,Stationery,In-store,Not Returned,Low,1589.7599999999998,VIP
788514,White Mug,39,2020-06-17 10:00,92.32,0.04,18.93,Stationery,In-store,Not Returned,High,3600.48,VIP
331496,Notebook,22,2020-06-18 16:00,74.51,0.35,25.93,Stationery,Online,Not Returned,Low,1639.22,VIP
416456,Office Chair,33,2020-06-19 06:00,57.07,0.45,16.13,Stationery,In-store,Not Returned,Low,1883.31,VIP
276806,Wall Clock,13,2020-06-19 19:00,83.15,0.49,23.02,Stationery,Online,Not Returned,Medium,1080.95,VIP
848736,Office Chair,-37,2020-06-20 04:00,-69.83,1.0661363854511376,,Stationery,In-store,Returned,High,2583.71,VIP
888443,Wall Clock,39,2020-06-20 12:00,70.07,0.27,23.12,Stationery,Online,Not Returned,Low,2732.73,VIP
279587,Desk Lamp,31,2020-06-21 07:00,45.21,0.34,15.36,Stationery,Online,Not Returned,Low,1401.51,VIP
877881,Headphones,45,2020-06-21 18:00,57.89,0.03,17.38,Stationery,In-store,Not Returned,Medium,2605.05,VIP
906970,Headphones,30,2020-06-23 00:00,56.44,0.33,14.5,Stationery,In-store,Not Returned,Medium,1693.1999999999998,VIP
433299,Blue Pen,37,2020-06-23 02:00,62.08,0.21,24.65,Stationery,Online,Not Returned,Medium,2296.96,VIP
855600,Headphones,28,2020-06-23 03:00,53.16,0.23,15.17,Stationery,In-store,Not Returned,High,1488.48,VIP
734947,T-shirt,49,2020-06-23 08:00,26.87,0.05,18.66,Stationery,In-store,Not Returned,High,1316.63,VIP
831478,Blue Pen,21,2020-06-23 19:00,66.06,0.28,11.37,Stationery,In-store,Not Returned,High,1387.26,VIP
971808,Backpack,13,2020-06-24 13:00,91.29,0.28,5.57,Stationery,In-store,Not Returned,High,1186.77,VIP
662060,White Mug,47,2020-06-24 18:00,30.86,0.11,15.91,Stationery,In-store,Not Returned,Medium,1450.42,VIP
651050,Blue Pen,45,2020-06-24 21:00,44.26,0.16,15.12,Stationery,Online,Not Returned,Low,1991.7,VIP
819282,White Mug,43,2020-06-24 23:00,45.08,0.32,13.56,Stationery,In-store,Not Returned,Medium,1938.44,VIP
699253,Wall Clock,31,2020-06-25 06:00,40.34,0.22,28.47,Stationery,In-store,Not Returned,High,1250.5400000000002,VIP
607732,Backpack,40,2020-06-25 13:00,99.48,0.27,18.65,Stationery,Online,Not Returned,Low,3979.2,VIP
250023,Backpack,46,2020-06-25 14:00,80.72,0.43,18.04,Stationery,In-store,Returned,Low,3713.12,VIP
756667,Desk Lamp,37,2020-06-25 15:00,86.24,0.46,12.24,Stationery,In-store,Not Returned,Medium,3190.88,VIP
697093,Wireless Mouse,46,2020-06-27 04:00,91.79,0.35,29.78,Stationery,Online,Not Returned,Medium,4222.34,VIP
384334,Desk Lamp,39,2020-06-27 23:00,82.23,0.08,26.36,Stationery,Online,Not Returned,High,3206.9700000000003,VIP
630430,Headphones,20,2020-06-28 00:00,97.38,0.01,21.77,Stationery,In-store,Not Returned,High,1947.6,VIP
724455,Backpack,34,2020-06-28 08:00,76.1,0.49,9.63,Stationery,In-store,Not Returned,High,2587.4,VIP
968467,Wall Clock,-44,2020-06-28 09:00,-72.27,1.716035037689723,,Stationery,Online,Not Returned,Low,3179.88,VIP
281948,Wall Clock,42,2020-06-29 01:00,64.74,0.3,23.57,Stationery,Online,Not Returned,High,2719.08,VIP
414063,White Mug,31,2020-06-29 04:00,59.35,0.1,24.5,Stationery,In-store,Not Returned,High,1839.85,VIP
742613,Notebook,25,2020-06-29 10:00,50.81,0.36,15.26,Stationery,Online,Not Returned,Medium,1270.25,VIP
142727,Desk Lamp,26,2020-06-30 14:00,48.5,0.16,18.97,Stationery,In-store,Not Returned,Medium,1261.0,VIP
563937,Wall Clock,13,2020-07-02 01:00,78.53,0.47,12.96,Stationery,In-store,Not Returned,High,1020.89,VIP
277164,Headphones,36,2020-07-02 13:00,68.33,0.26,29.74,Stationery,Online,Not Returned,Medium,2459.88,VIP
885858,Wireless Mouse,25,2020-07-02 19:00,69.7,0.15,23.7,Stationery,In-store,Not Returned,High,1742.5,VIP
508808,Office Chair,39,2020-07-03 09:00,49.59,0.07,28.38,Stationery,In-store,Not Returned,Medium,1934.01,VIP
662621,Notebook,38,2020-07-03 20:00,78.79,0.08,8.57,Stationery,In-store,Not Returned,Low,2994.0200000000004,VIP
852462,Notebook,20,2020-07-04 09:00,62.23,0.04,26.19,Stationery,Online,Not Returned,Low,1244.6,VIP
678526,Office Chair,35,2020-07-05 10:00,67.0,0.34,26.09,Stationery,In-store,Not Returned,Medium,2345.0,VIP
914422,Headphones,41,2020-07-05 17:00,61.88,0.34,21.63,Stationery,Online,Not Returned,Medium,2537.08,VIP
656690,White Mug,27,2020-07-06 06:00,95.35,0.33,6.41,Stationery,Online,Not Returned,Low,2574.45,VIP
884282,Wall Clock,34,2020-07-06 08:00,38.55,0.17,9.63,Stationery,Online,Returned,High,1310.6999999999998,VIP
590083,Office Chair,34,2020-07-06 12:00,64.92,0.37,16.58,Stationery,In-store,Not Returned,Low,2207.28,VIP
865348,Wall Clock,17,2020-07-06 21:00,73.59,0.31,19.43,Stationery,In-store,Not Returned,Low,1251.03,VIP
132441,Headphones,49,2020-07-06 23:00,99.68,0.4,24.85,Stationery,Online,Not Returned,High,4884.320000000001,VIP
958286,Office Chair,36,2020-07-07 07:00,57.25,0.37,24.61,Stationery,In-store,Not Returned,Low,2061.0,VIP
916228,White Mug,42,2020-07-07 13:00,73.23,0.1,13.4,Stationery,In-store,Not Returned,Medium,3075.6600000000003,VIP
730527,USB Cable,37,2020-07-08 18:00,68.8,0.02,24.57,Stationery,In-store,Not Returned,Low,2545.6,VIP
126654,Backpack,47,2020-07-09 05:00,34.32,0.38,12.11,Stationery,Online,Returned,Low,1613.04,VIP
681793,Headphones,40,2020-07-09 21:00,31.19,0.05,15.58,Stationery,Online,Not Returned,Medium,1247.6,VIP
222118,Notebook,30,2020-07-10 01:00,79.55,0.4,13.51,Stationery,In-store,Not Returned,High,2386.5,VIP
436227,Wall Clock,15,2020-07-10 12:00,92.33,0.25,11.11,Stationery,In-store,Not Returned,Low,1384.95,VIP
264074,T-shirt,44,2020-07-10 15:00,23.91,0.18,20.27,Stationery,Online,Not Returned,High,1052.04,VIP
323461,Notebook,44,2020-07-12 03:00,64.51,0.4,18.08,Stationery,In-store,Not Returned,Low,2838.44,VIP
464662,Notebook,29,2020-07-12 06:00,94.05,0.09,14.49,Stationery,In-store,Returned,Low,2727.45,VIP
438384,Office Chair,48,2020-07-12 09:00,68.32,0.06,19.09,Stationery,Online,Not Returned,Low,3279.36,VIP
339719,Headphones,23,2020-07-12 10:00,66.88,0.49,7.67,Stationery,In-store,Not Returned,Low,1538.2399999999998,VIP
832763,USB Cable,40,2020-07-12 11:00,53.02,0.43,23.61,Stationery,In-store,Not Returned,High,2120.8,VIP
348552,Blue Pen,18,2020-07-12 20:00,88.02,0.19,29.63,Stationery,In-store,Returned,Low,1584.36,VIP
281196,Wireless Mouse,16,2020-07-13 14:00,90.34,0.3,18.15,Stationery,In-store,Not Returned,Low,1445.44,VIP
626492,Office Chair,-38,2020-07-14 09:00,-57.87,1.4335320923205517,,Stationery,Online,Not Returned,Medium,2199.06,VIP
187265,Wall Clock,33,2020-07-14 11:00,72.89,0.47,21.09,Stationery,In-store,Not Returned,Low,2405.37,VIP
727835,Blue Pen,35,2020-07-14 15:00,36.51,0.36,8.53,Stationery,In-store,Not Returned,High,1277.85,VIP
968584,T-shirt,30,2020-07-15 07:00,74.4,0.24,12.25,Stationery,Online,Returned,Medium,2232.0,VIP
277241,Blue Pen,13,2020-07-15 10:00,85.16,0.08,22.08,Stationery,Online,Not Returned,Low,1107.08,VIP
213688,Blue Pen,30,2020-07-15 16:00,61.73,0.29,5.56,Stationery,Online,Not Returned,High,1851.9,VIP
480596,Wireless Mouse,18,2020-07-15 22:00,77.91,0.32,28.25,Stationery,In-store,Not Returned,Medium,1402.38,VIP
184703,Wall Clock,37,2020-07-17 05:00,31.42,0.39,20.56,Stationery,Online,Not Returned,High,1162.54,VIP
389220,Blue Pen,39,2020-07-17 10:00,32.74,0.33,20.01,Stationery,Online,Returned,Low,1276.86,VIP
931037,Backpack,22,2020-07-17 13:00,99.27,0.07,6.29,Stationery,Online,Not Returned,Medium,2183.94,VIP
953725,Headphones,18,2020-07-17 21:00,88.17,0.38,19.29,Stationery,Online,Not Returned,Low,1587.06,VIP
717632,T-shirt,25,2020-07-18 04:00,40.44,0.14,12.95,Stationery,In-store,Not Returned,Medium,1011.0,VIP
375011,Wireless Mouse,39,2020-07-18 16:00,44.02,0.24,28.0,Stationery,In-store,Not Returned,Low,1716.7800000000002,VIP
697690,White Mug,39,2020-07-18 22:00,53.95,0.37,7.23,Stationery,In-store,Not Returned,High,2104.05,VIP
950193,Notebook,39,2020-07-19 04:00,40.79,0.05,27.11,Stationery,In-store,Not Returned,Medium,1590.81,VIP
401014,Headphones,15,2020-07-19 06:00,71.92,0.2,13.01,Stationery,Online,Not Returned,High,1078.8,VIP
700541,Desk Lamp,34,2020-07-20 03:00,34.59,0.28,26.56,Stationery,In-store,Not Returned,High,1176.0600000000002,VIP
538458,Office Chair,44,2020-07-20 10:00,96.89,0.37,6.8,Stationery,In-store,Not Returned,Low,4263.16,VIP
470858,White Mug,28,2020-07-21 01:00,54.69,0.38,5.53,Stationery,Online,Not Returned,Medium,1531.32,VIP
858108,White Mug,36,2020-07-21 14:00,95.83,0.29,18.26,Stationery,In-store,Not Returned,High,3449.88,VIP
207096,Office Chair,44,2020-07-22 04:00,28.76,0.17,21.15,Stationery,In-store,Not Returned,High,1265.44,VIP
575828,Wireless Mouse,29,2020-07-22 23:00,68.88,0.42,28.49,Stationery,Online,Not Returned,Low,1997.52,VIP
873210,White Mug,32,2020-07-23 00:00,35.74,0.22,14.98,Stationery,In-store,Not Returned,Medium,1143.68,VIP
428785,White Mug,20,2020-07-23 01:00,89.73,0.21,6.91,Stationery,Online,Not Returned,High,1794.6,VIP
545376,USB Cable,25,2020-07-23 03:00,70.69,0.16,9.13,Stationery,In-store,Not Returned,High,1767.25,VIP
687520,Backpack,33,2020-07-23 05:00,36.13,0.28,28.49,Stationery,Online,Not Returned,Low,1192.2900000000002,VIP
579336,Wall Clock,47,2020-07-23 14:00,29.75,0.22,21.47,Stationery,Online,Not Returned,High,1398.25,VIP
257608,T-shirt,41,2020-07-23 22:00,26.35,0.27,18.61,Stationery,In-store,Not Returned,High,1080.35,VIP
440676,Wall Clock,13,2020-07-24 00:00,97.23,0.01,27.44,Stationery,Online,Returned,Low,1263.99,VIP
882215,Desk Lamp,36,2020-07-25 03:00,84.52,0.35,29.96,Stationery,In-store,Not Returned,Low,3042.72,VIP
313606,Backpack,20,2020-07-25 08:00,83.23,0.01,11.18,Stationery,Online,Not Returned,High,1664.6,VIP
462916,Wireless Mouse,40,2020-07-25 18:00,77.44,0.23,8.99,Stationery,In-store,Not Returned,Medium,3097.6,VIP
453646,Blue Pen,20,2020-07-25 20:00,72.55,0.33,13.33,Stationery,Online,Not Returned,High,1451.0,VIP
245342,Headphones,21,2020-07-26 00:00,56.61,0.22,12.42,Stationery,In-store,Not Returned,Low,1188.81,VIP
447139,USB Cable,29,2020-07-26 07:00,93.58,0.35,7.47,Stationery,Online,Not Returned,High,2713.82,VIP
920580,Backpack,32,2020-07-27 01:00,51.8,0.42,13.47,Stationery,Online,Not Returned,Medium,1657.6,VIP
308859,USB Cable,37,2020-07-27 13:00,69.13,0.04,10.83,Stationery,In-store,Not Returned,Low,2557.81,VIP
251538,Wall Clock,49,2020-07-27 16:00,51.92,0.07,28.85,Stationery,In-store,Not Returned,Medium,2544.08,VIP
145475,Desk Lamp,23,2020-07-27 18:00,71.03,0.38,10.98,Stationery,In-store,Not Returned,Medium,1633.69,VIP
582488,White Mug,28,2020-07-28 08:00,96.85,0.46,22.68,Stationery,Online,Not Returned,Medium,2711.8,VIP
472282,White Mug,48,2020-07-28 22:00,93.76,0.33,11.17,Stationery,In-store,Not Returned,High,4500.4800000000005,VIP
726256,Headphones,22,2020-07-30 16:00,54.53,0.16,22.07,Stationery,Online,Not Returned,Medium,1199.66,VIP
437369,Wall Clock,32,2020-07-31 13:00,56.57,0.15,6.47,Stationery,In-store,Not Returned,Low,1810.24,VIP
539030,Backpack,25,2020-08-01 09:00,91.26,0.18,20.7,Stationery,Online,Not Returned,Medium,2281.5,VIP
990023,White Mug,32,2020-08-01 17:00,35.13,0.46,9.21,Stationery,Online,Not Returned,Medium,1124.16,VIP
342188,USB Cable,45,2020-08-02 01:00,47.81,0.26,26.97,Stationery,Online,Not Returned,Low,2151.4500000000003,VIP
427031,Notebook,19,2020-08-02 17:00,58.37,0.26,13.32,Stationery,In-store,Returned,High,1109.03,VIP
923759,Wireless Mouse,31,2020-08-03 07:00,57.32,0.2,24.81,Stationery,In-store,Not Returned,Low,1776.92,VIP
434971,Headphones,22,2020-08-03 08:00,85.34,0.34,27.43,Stationery,In-store,Not Returned,High,1877.48,VIP
345300,Office Chair,30,2020-08-03 13:00,95.46,0.48,25.22,Stationery,In-store,Not Returned,Medium,2863.8,VIP
872997,Notebook,49,2020-08-03 19:00,95.67,0.12,10.68,Stationery,Online,Not Returned,Medium,4687.83,VIP
363031,White Mug,41,2020-08-04 01:00,90.3,0.01,8.45,Stationery,In-store,Not Returned,High,3702.3,VIP
912481,Headphones,-16,2020-08-04 11:00,-99.58,1.07499629109415,,Stationery,In-store,Not Returned,High,1593.28,VIP
708814,USB Cable,41,2020-08-04 13:00,41.12,0.42,8.57,Stationery,Online,Not Returned,Low,1685.9199999999998,VIP
932595,Headphones,17,2020-08-04 18:00,76.2,0.36,24.95,Stationery,In-store,Not Returned,High,1295.4,VIP
990677,Desk Lamp,24,2020-08-05 01:00,73.95,0.25,7.75,Stationery,In-store,Not Returned,Low,1774.8000000000002,VIP
334231,Headphones,44,2020-08-05 03:00,60.51,0.17,7.93,Stationery,In-store,Returned,High,2662.44,VIP
189116,Wireless Mouse,45,2020-08-05 05:00,47.96,0.0,22.85,Stationery,Online,Not Returned,Medium,2158.2,VIP
719064,White Mug,40,2020-08-05 11:00,31.16,0.42,26.96,Stationery,In-store,Not Returned,Medium,1246.4,VIP
450373,Blue Pen,44,2020-08-06 20:00,40.88,0.45,25.18,Stationery,In-store,Not Returned,Low,1798.72,VIP
714553,Backpack,12,2020-08-06 22:00,98.66,0.22,29.17,Stationery,In-store,Not Returned,Medium,1183.92,VIP
130949,Wall Clock,32,2020-08-07 03:00,33.06,0.12,13.97,Stationery,Online,Not Returned,Medium,1057.92,VIP
392253,Headphones,30,2020-08-07 13:00,58.21,0.15,24.15,Stationery,In-store,Not Returned,Medium,1746.3,VIP
230356,Desk Lamp,41,2020-08-07 14:00,74.66,0.41,6.78,Stationery,Online,Returned,Medium,3061.06,VIP
473216,Wall Clock,49,2020-08-07 21:00,48.85,0.36,12.0,Stationery,Online,Not Returned,High,2393.65,VIP
719055,White Mug,46,2020-08-07 23:00,31.96,0.46,5.66,Stationery,In-store,Not Returned,Medium,1470.16,VIP
801160,Desk Lamp,24,2020-08-08 01:00,66.17,0.46,7.43,Stationery,Online,Not Returned,Low,1588.08,VIP
626930,Headphones,39,2020-08-08 10:00,31.06,0.44,13.59,Stationery,In-store,Not Returned,Medium,1211.34,VIP
471344,Notebook,42,2020-08-09 23:00,56.66,0.16,9.41,Stationery,Online,Returned,Medium,2379.72,VIP
513090,Notebook,40,2020-08-10 03:00,50.5,0.14,5.78,Stationery,Online,Not Returned,Low,2020.0,VIP
816046,Backpack,27,2020-08-10 09:00,78.45,0.44,23.59,Stationery,In-store,Not Returned,Low,2118.15,VIP
823858,Wireless Mouse,36,2020-08-10 16:00,86.86,0.29,8.66,Stationery,Online,Not Returned,High,3126.96,VIP
104138,Wireless Mouse,30,2020-08-10 20:00,61.76,0.15,29.67,Stationery,Online,Not Returned,Medium,1852.8,VIP
908301,Blue Pen,13,2020-08-11 14:00,77.97,0.4,28.15,Stationery,In-store,Not Returned,Medium,1013.61,VIP
838464,Office Chair,32,2020-08-12 00:00,31.52,0.0,28.15,Stationery,Online,Not Returned,High,1008.64,VIP
953329,Notebook,34,2020-08-12 08:00,82.09,0.16,24.14,Stationery,In-store,Not Returned,High,2791.06,VIP
972379,Blue Pen,45,2020-08-13 08:00,53.97,0.42,14.22,Stationery,Online,Not Returned,High,2428.65,VIP
163610,USB Cable,19,2020-08-13 20:00,99.65,0.28,23.04,Stationery,In-store,Not Returned,High,1893.35,VIP
188835,Wireless Mouse,48,2020-08-14 16:00,50.04,0.22,23.25,Stationery,Online,Not Returned,High,2401.92,VIP
953605,Wireless Mouse,26,2020-08-15 09:00,71.43,0.16,6.09,Stationery,In-store,Not Returned,Medium,1857.1800000000003,VIP
393925,USB Cable,22,2020-08-15 10:00,48.33,0.43,7.04,Stationery,Online,Not Returned,Medium,1063.26,VIP
528745,USB Cable,38,2020-08-15 16:00,85.22,0.49,26.67,Stationery,Online,Not Returned,High,3238.36,VIP
425203,Notebook,48,2020-08-16 00:00,90.38,0.16,22.46,Stationery,Online,Not Returned,Medium,4338.24,VIP
181257,Blue Pen,32,2020-08-16 22:00,82.87,0.37,18.12,Stationery,In-store,Not Returned,High,2651.84,VIP
117413,Wireless Mouse,45,2020-08-17 06:00,36.78,0.34,25.04,Stationery,Online,Not Returned,High,1655.1,VIP
885833,White Mug,32,2020-08-17 15:00,64.78,0.06,28.81,Stationery,Online,Not Returned,Medium,2072.96,VIP
378466,Backpack,21,2020-08-17 21:00,60.92,0.06,26.5,Stationery,In-store,Not Returned,High,1279.32,VIP
290920,USB Cable,19,2020-08-18 02:00,84.96,0.41,29.52,Stationery,Online,Not Returned,Low,1614.2399999999998,VIP
980214,Headphones,33,2020-08-18 06:00,86.39,0.31,19.53,Stationery,Online,Not Returned,Medium,2850.87,VIP
332076,Notebook,37,2020-08-18 07:00,55.85,0.38,17.58,Stationery,Online,Returned,High,2066.4500000000003,VIP
747652,Backpack,29,2020-08-18 19:00,43.52,0.27,16.93,Stationery,Online,Not Returned,Medium,1262.0800000000002,VIP
584273,Desk Lamp,34,2020-08-20 13:00,76.36,0.15,11.94,Stationery,In-store,Not Returned,Low,2596.24,VIP
504015,USB Cable,39,2020-08-20 23:00,36.69,0.3,27.41,Stationery,In-store,Not Returned,Low,1430.91,VIP
869305,White Mug,48,2020-08-21 07:00,67.14,0.25,11.15,Stationery,Online,Not Returned,Low,3222.7200000000003,VIP
453076,Backpack,38,2020-08-21 17:00,78.66,0.43,17.55,Stationery,In-store,Returned,Medium,2989.08,VIP
243888,Blue Pen,28,2020-08-21 21:00,67.41,0.04,18.95,Stationery,In-store,Not Returned,Low,1887.48,VIP
136468,Backpack,12,2020-08-22 05:00,93.43,0.29,16.32,Stationery,Online,Not Returned,Medium,1121.16,VIP
873952,Headphones,19,2020-08-22 14:00,69.32,0.0,14.32,Stationery,Online,Not Returned,Low,1317.08,VIP
661836,Wireless Mouse,25,2020-08-24 06:00,42.21,0.42,13.08,Stationery,Online,Not Returned,High,1055.25,VIP
867669,Backpack,48,2020-08-24 20:00,45.2,0.14,8.21,Stationery,In-store,Not Returned,Medium,2169.6000000000004,VIP
978499,Office Chair,37,2020-08-26 01:00,69.14,0.08,16.4,Stationery,In-store,Not Returned,High,2558.18,VIP
963731,Headphones,39,2020-08-26 10:00,88.51,0.01,10.63,Stationery,In-store,Not Returned,Low,3451.8900000000003,VIP
388213,Blue Pen,45,2020-08-27 09:00,55.09,0.28,6.05,Stationery,Online,Not Returned,High,2479.05,VIP
554151,Notebook,35,2020-08-27 16:00,61.84,0.33,22.7,Stationery,In-store,Not Returned,Medium,2164.4,VIP
298237,Office Chair,28,2020-08-28 00:00,62.7,0.18,17.98,Stationery,Online,Not Returned,Low,1755.6,VIP
939385,White Mug,26,2020-08-28 06:00,69.64,0.4,18.63,Stationery,Online,Returned,Medium,1810.64,VIP
498102,Blue Pen,30,2020-08-28 11:00,87.06,0.48,23.88,Stationery,Online,Not Returned,Low,2611.8,VIP
307352,Blue Pen,15,2020-08-28 17:00,66.78,0.14,11.36,Stationery,In-store,Not Returned,High,1001.7,VIP
284514,Backpack,38,2020-08-28 19:00,77.95,0.28,28.36,Stationery,Online,Not Returned,High,2962.1,VIP
787069,Wall Clock,46,2020-08-29 01:00,54.7,0.02,15.75,Stationery,Online,Not Returned,Low,2516.2000000000003,VIP
253939,Blue Pen,32,2020-08-29 18:00,51.74,0.3,14.24,Stationery,In-store,Not Returned,Low,1655.68,VIP
715168,White Mug,36,2020-08-29 21:00,93.43,0.18,21.75,Stationery,In-store,Not Returned,Medium,3363.4800000000005,VIP
336094,Wireless Mouse,22,2020-08-29 23:00,71.9,0.23,14.24,Stationery,Online,Not Returned,Medium,1581.8000000000002,VIP
281429,Notebook,42,2020-08-31 00:00,28.02,0.37,13.59,Stationery,Online,Not Returned,High,1176.84,VIP
399372,T-shirt,47,2020-08-31 12:00,40.29,0.4,25.78,Stationery,In-store,Not Returned,High,1893.63,VIP
604158,Wall Clock,-34,2020-08-31 15:00,-36.41,1.567501564407467,,Stationery,Online,Not Returned,Medium,1237.9399999999998,VIP
293839,Wall Clock,38,2020-09-01 06:00,36.38,0.49,17.44,Stationery,In-store,Not Returned,High,1382.44,VIP
893076,T-shirt,49,2020-09-01 07:00,39.48,0.03,7.5,Stationery,Online,Not Returned,Medium,1934.52,VIP
526903,Office Chair,45,2020-09-01 12:00,22.83,0.04,15.85,Stationery,In-store,Not Returned,Low,1027.35,VIP
799746,Office Chair,47,2020-09-01 22:00,68.0,0.44,9.41,Stationery,In-store,Not Returned,Low,3196.0,VIP
853492,Wireless Mouse,28,2020-09-02 02:00,67.26,0.41,26.86,Stationery,In-store,Not Returned,Low,1883.28,VIP
766282,USB Cable,29,2020-09-02 09:00,82.56,0.01,22.75,Stationery,In-store,Not Returned,Low,2394.24,VIP
401994,Backpack,34,2020-09-02 13:00,66.53,0.13,25.12,Stationery,In-store,Returned,Low,2262.02,VIP
210130,Desk Lamp,22,2020-09-03 02:00,88.21,0.13,13.11,Stationery,In-store,Not Returned,Low,1940.62,VIP
638314,Wireless Mouse,41,2020-09-03 11:00,49.87,0.5,6.67,Stationery,Online,Not Returned,Medium,2044.67,VIP
849450,Office Chair,23,2020-09-03 12:00,88.86,0.48,14.86,Stationery,In-store,Not Returned,High,2043.78,VIP
425329,USB Cable,24,2020-09-03 17:00,69.91,0.05,26.1,Stationery,Online,Not Returned,Low,1677.84,VIP
618420,T-shirt,31,2020-09-03 20:00,48.84,0.19,23.58,Stationery,Online,Returned,Medium,1514.0400000000002,VIP
374336,Notebook,40,2020-09-05 01:00,46.06,0.4,16.99,Stationery,In-store,Not Returned,Medium,1842.4,VIP
299298,Wireless Mouse,32,2020-09-05 10:00,52.91,0.44,10.01,Stationery,In-store,Returned,Medium,1693.12,VIP
808387,T-shirt,45,2020-09-05 20:00,37.41,0.03,9.54,Stationery,In-store,Returned,Low,1683.4499999999998,VIP
885945,Notebook,23,2020-09-05 22:00,91.46,0.16,20.05,Stationery,Online,Not Returned,Low,2103.58,VIP
621244,Backpack,30,2020-09-06 06:00,55.09,0.02,18.4,Stationery,In-store,Not Returned,Medium,1652.7,VIP
975564,Headphones,37,2020-09-06 20:00,70.45,0.14,21.41,Stationery,In-store,Not Returned,Low,2606.65,VIP
740233,Wireless Mouse,39,2020-09-07 10:00,48.68,0.25,28.88,Stationery,Online,Not Returned,Low,1898.52,VIP
440912,USB Cable,43,2020-09-08 01:00,83.51,0.2,6.27,Stationery,Online,Returned,Medium,3590.9300000000003,VIP
931257,Office Chair,44,2020-09-10 00:00,62.03,0.27,20.62,Stationery,Online,Not Returned,High,2729.32,VIP
597599,White Mug,33,2020-09-10 05:00,60.61,0.29,6.24,Stationery,In-store,Not Returned,High,2000.13,VIP
773623,Headphones,37,2020-09-10 08:00,66.86,0.12,18.36,Stationery,In-store,Not Returned,Low,2473.82,VIP
701982,Wall Clock,37,2020-09-10 09:00,34.37,0.49,28.19,Stationery,Online,Not Returned,High,1271.6899999999998,VIP
800033,Notebook,47,2020-09-10 12:00,29.03,0.31,23.44,Stationery,In-store,Not Returned,Low,1364.41,VIP
234445,Office Chair,46,2020-09-10 16:00,50.96,0.37,29.21,Stationery,Online,Not Returned,High,2344.16,VIP
669829,Blue Pen,30,2020-09-10 19:00,82.68,0.25,5.97,Stationery,In-store,Not Returned,Low,2480.4,VIP
510834,T-shirt,16,2020-09-13 00:00,79.04,0.05,21.93,Stationery,Online,Not Returned,Low,1264.64,VIP
657242,Wall Clock,40,2020-09-13 11:00,96.85,0.31,29.6,Stationery,In-store,Not Returned,High,3874.0,VIP
769260,Wall Clock,36,2020-09-13 19:00,67.91,0.32,7.58,Stationery,Online,Not Returned,Low,2444.76,VIP
966491,Blue Pen,23,2020-09-13 20:00,95.69,0.5,20.01,Stationery,Online,Not Returned,High,2200.87,VIP
838854,Headphones,42,2020-09-14 01:00,33.29,0.0,12.71,Stationery,In-store,Not Returned,Low,1398.18,VIP
369045,Office Chair,44,2020-09-14 15:00,90.29,0.12,16.4,Stationery,Online,Not Returned,Low,3972.76,VIP
419165,Wall Clock,34,2020-09-15 14:00,76.52,0.5,22.11,Stationery,Online,Not Returned,Low,2601.68,VIP
902348,Headphones,40,2020-09-16 02:00,78.64,0.25,28.63,Stationery,Online,Not Returned,High,3145.6,VIP
282220,Notebook,28,2020-09-16 15:00,48.43,0.18,17.99,Stationery,Online,Not Returned,Low,1356.04,VIP
436199,Notebook,22,2020-09-17 01:00,58.46,0.19,25.32,Stationery,In-store,Returned,Low,1286.12,VIP
985050,Desk Lamp,35,2020-09-17 03:00,84.74,0.06,5.13,Stationery,Online,Not Returned,Medium,2965.9,VIP
476036,Office Chair,30,2020-09-17 08:00,58.82,0.41,19.86,Stationery,Online,Not Returned,Medium,1764.6,VIP
182806,Wireless Mouse,36,2020-09-17 13:00,90.62,0.31,25.1,Stationery,Online,Not Returned,Medium,3262.32,VIP
979617,Headphones,35,2020-09-17 14:00,99.56,0.2,22.76,Stationery,Online,Not Returned,Low,3484.6,VIP
950525,T-shirt,36,2020-09-18 04:00,87.51,0.11,18.12,Stationery,In-store,Not Returned,Medium,3150.36,VIP
598512,T-shirt,20,2020-09-18 08:00,74.24,0.04,29.06,Stationery,Online,Returned,Medium,1484.8,VIP
867442,Wall Clock,32,2020-09-18 10:00,74.31,0.39,16.27,Stationery,Online,Not Returned,High,2377.92,VIP
479593,Blue Pen,34,2020-09-18 15:00,81.5,0.0,27.07,Stationery,In-store,Not Returned,Low,2771.0,VIP
396629,Wall Clock,34,2020-09-19 02:00,63.48,0.31,15.26,Stationery,Online,Not Returned,High,2158.32,VIP
824687,Backpack,30,2020-09-19 09:00,65.1,0.08,12.44,Stationery,Online,Not Returned,Medium,1953.0,VIP
800757,Notebook,49,2020-09-20 19:00,49.82,0.44,22.98,Stationery,In-store,Not Returned,Low,2441.18,VIP
728423,White Mug,44,2020-09-21 03:00,69.94,0.15,23.68,Stationery,In-store,Returned,Medium,3077.36,VIP
585514,Wall Clock,31,2020-09-21 08:00,42.25,0.2,10.47,Stationery,Online,Not Returned,High,1309.75,VIP
420961,Wireless Mouse,46,2020-09-21 13:00,85.15,0.33,14.42,Stationery,Online,Not Returned,Medium,3916.9,VIP
996961,White Mug,29,2020-09-22 01:00,96.26,0.36,23.08,Stationery,Online,Not Returned,High,2791.54,VIP
832835,T-shirt,45,2020-09-22 10:00,46.97,0.18,8.4,Stationery,In-store,Not Returned,Low,2113.65,VIP
636785,Notebook,31,2020-09-23 07:00,43.36,0.1,22.18,Stationery,In-store,Not Returned,Low,1344.16,VIP
235639,T-shirt,30,2020-09-23 11:00,51.56,0.2,7.83,Stationery,In-store,Not Returned,Low,1546.8000000000002,VIP
103358,Wall Clock,40,2020-09-23 21:00,88.63,0.15,7.09,Stationery,Online,Returned,Low,3545.2,VIP
307596,Blue Pen,40,2020-09-24 01:00,74.08,0.37,5.17,Stationery,In-store,Not Returned,Low,2963.2,VIP
328129,Wireless Mouse,20,2020-09-24 04:00,61.69,0.25,8.55,Stationery,Online,Not Returned,High,1233.8,VIP
368449,Desk Lamp,20,2020-09-25 06:00,74.46,0.43,15.42,Stationery,Online,Not Returned,High,1489.1999999999998,VIP
522739,Headphones,24,2020-09-26 01:00,54.44,0.09,5.25,Stationery,Online,Not Returned,Medium,1306.56,VIP
457226,Wall Clock,-49,2020-09-26 22:00,-76.93,1.168900557326901,,Stationery,In-store,Not Returned,Medium,3769.57,VIP
306486,USB Cable,49,2020-09-27 09:00,76.45,0.03,15.64,Stationery,Online,Returned,Low,3746.05,VIP
238419,Desk Lamp,43,2020-09-27 14:00,35.74,0.46,6.32,Stationery,Online,Not Returned,High,1536.8200000000002,VIP
510184,Notebook,17,2020-09-28 06:00,94.85,0.41,21.43,Stationery,Online,Not Returned,Medium,1612.4499999999998,VIP
380539,White Mug,19,2020-09-28 14:00,79.37,0.05,11.64,Stationery,In-store,Not Returned,Medium,1508.0300000000002,VIP
746012,Desk Lamp,47,2020-09-28 22:00,69.76,0.1,13.91,Stationery,Online,Not Returned,Low,3278.7200000000003,VIP
450164,Wall Clock,37,2020-09-29 06:00,31.82,0.26,9.8,Stationery,Online,Not Returned,Medium,1177.34,VIP
445783,White Mug,36,2020-09-29 07:00,71.32,0.1,23.56,Stationery,In-store,Not Returned,High,2567.5199999999995,VIP
342934,Office Chair,42,2020-09-29 10:00,49.13,0.49,22.35,Stationery,Online,Not Returned,High,2063.46,VIP
383028,Desk Lamp,35,2020-09-30 00:00,89.27,0.02,8.25,Stationery,In-store,Returned,Medium,3124.45,VIP
228652,T-shirt,49,2020-09-30 13:00,21.3,0.04,10.31,Stationery,In-store,Not Returned,High,1043.7,VIP
479653,USB Cable,24,2020-09-30 19:00,48.45,0.15,19.37,Stationery,Online,Not Returned,High,1162.8000000000002,VIP
337069,USB Cable,15,2020-09-30 22:00,85.85,0.14,6.05,Stationery,In-store,Not Returned,Low,1287.75,VIP
342318,Notebook,47,2020-10-01 02:00,44.69,0.49,24.34,Stationery,Online,Not Returned,Low,2100.43,VIP
753881,White Mug,33,2020-10-01 14:00,65.7,0.41,21.24,Stationery,In-store,Not Returned,Low,2168.1,VIP
491180,Office Chair,46,2020-10-02 11:00,85.88,0.05,24.16,Stationery,Online,Not Returned,Low,3950.48,VIP
508302,Backpack,39,2020-10-02 20:00,34.27,0.3,5.35,Stationery,Online,Not Returned,High,1336.5300000000002,VIP
642307,Desk Lamp,32,2020-10-03 02:00,70.42,0.19,11.19,Stationery,In-store,Not Returned,Medium,2253.44,VIP
793023,Notebook,30,2020-10-03 16:00,97.84,0.37,5.9,Stationery,In-store,Not Returned,Medium,2935.2000000000003,VIP
895775,Headphones,19,2020-10-03 21:00,70.35,0.08,29.23,Stationery,Online,Not Returned,Medium,1336.65,VIP
962605,Backpack,32,2020-10-03 22:00,87.42,0.06,10.94,Stationery,Online,Returned,High,2797.44,VIP
196143,Notebook,27,2020-10-04 08:00,61.73,0.32,13.75,Stationery,In-store,Not Returned,Medium,1666.7099999999998,VIP
390951,Backpack,34,2020-10-04 17:00,47.56,0.4,13.36,Stationery,Online,Not Returned,Medium,1617.04,VIP
811238,T-shirt,41,2020-10-05 01:00,82.76,0.12,12.83,Stationery,In-store,Returned,Low,3393.1600000000003,VIP
789129,T-shirt,41,2020-10-05 04:00,88.2,0.47,10.81,Stationery,In-store,Not Returned,High,3616.2,VIP
875292,USB Cable,30,2020-10-05 05:00,42.79,0.15,21.58,Stationery,In-store,Not Returned,Low,1283.7,VIP
941900,Blue Pen,15,2020-10-05 21:00,92.02,0.03,29.0,Stationery,Online,Not Returned,Medium,1380.3,VIP
888089,White Mug,41,2020-10-06 03:00,37.09,0.21,19.97,Stationery,In-store,Not Returned,Low,1520.69,VIP
193078,Headphones,26,2020-10-06 09:00,91.66,0.18,15.41,Stationery,Online,Not Returned,High,2383.16,VIP
795391,Blue Pen,35,2020-10-07 03:00,40.02,0.34,6.08,Stationery,In-store,Not Returned,Medium,1400.7,VIP
834595,Wall Clock,40,2020-10-07 04:00,49.77,0.11,7.47,Stationery,Online,Not Returned,Medium,1990.8,VIP
964285,USB Cable,32,2020-10-08 22:00,77.08,0.28,22.27,Stationery,In-store,Not Returned,Low,2466.56,VIP
397883,Office Chair,31,2020-10-09 00:00,89.53,0.27,22.51,Stationery,In-store,Not Returned,Low,2775.43,VIP
780913,Office Chair,44,2020-10-10 12:00,38.5,0.02,20.12,Stationery,In-store,Not Returned,Medium,1694.0,VIP
465898,Blue Pen,-48,2020-10-10 15:00,-63.09,1.059378306796154,,Stationery,Online,Not Returned,High,3028.32,VIP
254599,Wall Clock,42,2020-10-11 18:00,41.91,0.41,10.18,Stationery,In-store,Not Returned,Medium,1760.2199999999998,VIP
330780,Blue Pen,22,2020-10-12 22:00,74.46,0.12,19.91,Stationery,In-store,Not Returned,Low,1638.12,VIP
276355,Headphones,38,2020-10-13 01:00,99.86,0.03,5.55,Stationery,In-store,Not Returned,Medium,3794.68,VIP
220243,Backpack,46,2020-10-13 04:00,24.76,0.06,26.56,Stationery,Online,Not Returned,Low,1138.96,VIP
779222,Blue Pen,30,2020-10-13 10:00,42.9,0.5,14.36,Stationery,Online,Not Returned,High,1287.0,VIP
970261,Office Chair,39,2020-10-14 09:00,93.88,0.32,25.52,Stationery,In-store,Not Returned,Medium,3661.32,VIP
719886,T-shirt,33,2020-10-14 15:00,71.4,0.01,21.07,Stationery,In-store,Not Returned,High,2356.2000000000003,VIP
157062,Wireless Mouse,13,2020-10-14 18:00,97.7,0.2,13.23,Stationery,In-store,Not Returned,Medium,1270.1,VIP
387635,USB Cable,35,2020-10-15 07:00,35.3,0.49,13.57,Stationery,In-store,Not Returned,Medium,1235.5,VIP
925992,T-shirt,28,2020-10-15 17:00,75.68,0.44,9.01,Stationery,In-store,Not Returned,Low,2119.04,VIP
670706,Backpack,32,2020-10-16 04:00,87.6,0.09,15.77,Stationery,Online,Not Returned,High,2803.2,VIP
111984,Backpack,49,2020-10-17 09:00,93.57,0.31,14.41,Stationery,Online,Not Returned,High,4584.929999999999,VIP
189312,Desk Lamp,39,2020-10-17 10:00,49.36,0.12,11.76,Stationery,In-store,Not Returned,Medium,1925.04,VIP
292458,Blue Pen,47,2020-10-17 11:00,58.42,0.35,26.44,Stationery,Online,Returned,High,2745.74,VIP
146250,USB Cable,38,2020-10-18 01:00,70.97,0.19,22.95,Stationery,Online,Not Returned,Medium,2696.86,VIP
627297,T-shirt,23,2020-10-18 10:00,54.11,0.25,15.24,Stationery,In-store,Not Returned,High,1244.53,VIP
803803,Wall Clock,40,2020-10-18 14:00,95.2,0.09,18.38,Stationery,In-store,Not Returned,High,3808.0,VIP
639317,Desk Lamp,35,2020-10-18 15:00,46.17,0.35,8.87,Stationery,In-store,Not Returned,High,1615.95,VIP
956841,T-shirt,14,2020-10-18 23:00,79.05,0.44,25.33,Stationery,In-store,Not Returned,High,1106.7,VIP
248725,Blue Pen,34,2020-10-19 10:00,44.04,0.27,18.51,Stationery,Online,Not Returned,Medium,1497.36,VIP
448627,Notebook,37,2020-10-19 15:00,53.59,0.07,19.81,Stationery,In-store,Not Returned,Medium,1982.83,VIP
186803,Notebook,29,2020-10-20 10:00,35.36,0.16,21.37,Stationery,Online,Not Returned,High,1025.44,VIP
653280,Backpack,45,2020-10-20 14:00,59.41,0.35,25.57,Stationery,Online,Not Returned,High,2673.45,VIP
954140,Backpack,24,2020-10-21 04:00,42.04,0.48,9.18,Stationery,Online,Not Returned,Low,1008.96,VIP
776513,Desk Lamp,30,2020-10-21 14:00,52.14,0.16,8.48,Stationery,In-store,Not Returned,High,1564.2,VIP
438767,Wall Clock,31,2020-10-22 00:00,86.99,0.19,10.1,Stationery,In-store,Not Returned,Low,2696.69,VIP
231004,Backpack,21,2020-10-22 01:00,90.69,0.46,11.52,Stationery,Online,Not Returned,Low,1904.49,VIP
605187,Headphones,29,2020-10-22 02:00,95.46,0.18,24.57,Stationery,Online,Not Returned,Low,2768.34,VIP
829282,T-shirt,39,2020-10-22 11:00,67.04,0.44,10.0,Stationery,In-store,Not Returned,Low,2614.5600000000004,VIP
633903,Backpack,48,2020-10-22 13:00,59.17,0.33,18.69,Stationery,In-store,Not Returned,Medium,2840.16,VIP
815879,Notebook,-20,2020-10-22 16:00,-54.77,0.33,,Stationery,Online,Not Returned,High,1095.4,VIP
172684,Desk Lamp,37,2020-10-23 00:00,46.1,0.12,10.73,Stationery,In-store,Not Returned,High,1705.7,VIP
881712,Headphones,29,2020-10-23 09:00,68.26,0.05,7.22,Stationery,Online,Not Returned,Low,1979.54,VIP
730532,T-shirt,32,2020-10-23 13:00,98.61,0.35,6.44,Stationery,In-store,Not Returned,Medium,3155.52,VIP
798476,Wall Clock,17,2020-10-23 14:00,88.42,0.37,14.25,Stationery,In-store,Not Returned,Medium,1503.14,VIP
489919,T-shirt,17,2020-10-24 08:00,81.56,0.3,18.69,Stationery,Online,Not Returned,Low,1386.52,VIP
291896,Office Chair,46,2020-10-24 19:00,81.05,0.09,5.34,Stationery,In-store,Not Returned,Low,3728.3,VIP
998902,Office Chair,43,2020-10-25 07:00,62.33,0.26,10.41,Stationery,In-store,Not Returned,Medium,2680.19,VIP
235150,Desk Lamp,31,2020-10-25 10:00,45.22,0.37,29.77,Stationery,Online,Not Returned,Medium,1401.82,VIP
692399,Notebook,44,2020-10-25 16:00,58.12,0.31,16.83,Stationery,In-store,Not Returned,High,2557.28,VIP
824640,Backpack,40,2020-10-26 11:00,86.53,0.46,24.44,Stationery,In-store,Not Returned,Medium,3461.2,VIP
752962,Blue Pen,43,2020-10-26 13:00,97.97,0.21,17.18,Stationery,Online,Not Returned,High,4212.71,VIP
771986,Wall Clock,-29,2020-10-27 00:00,-38.21,0.13,,Stationery,In-store,Returned,Low,1108.09,VIP
808024,Headphones,42,2020-10-27 09:00,59.04,0.1,9.22,Stationery,Online,Not Returned,Medium,2479.68,VIP
533961,Wall Clock,41,2020-10-27 22:00,54.5,0.3,27.25,Stationery,In-store,Not Returned,Medium,2234.5,VIP
677263,Office Chair,27,2020-10-28 00:00,94.32,0.43,15.8,Stationery,Online,Not Returned,Medium,2546.64,VIP
286806,Notebook,39,2020-10-28 15:00,51.86,0.31,15.93,Stationery,In-store,Not Returned,Low,2022.54,VIP
422341,Wall Clock,30,2020-10-28 20:00,92.71,0.43,26.3,Stationery,Online,Not Returned,Medium,2781.3,VIP
888325,Notebook,36,2020-10-29 18:00,62.09,0.32,24.3,Stationery,Online,Not Returned,Low,2235.24,VIP
252271,Wall Clock,40,2020-10-30 02:00,74.44,0.38,16.94,Stationery,In-store,Not Returned,Low,2977.6,VIP
750587,USB Cable,-34,2020-10-30 17:00,-53.96,0.16,,Stationery,Online,Not Returned,Low,1834.64,VIP
458766,Headphones,16,2020-10-31 01:00,77.98,0.11,13.9,Stationery,In-store,Not Returned,Low,1247.68,VIP
207573,Desk Lamp,38,2020-10-31 05:00,68.66,0.41,8.61,Stationery,Online,Not Returned,Medium,2609.08,VIP
932978,Office Chair,32,2020-10-31 07:00,41.95,0.4,13.59,Stationery,Online,Returned,Low,1342.4,VIP
769774,Wall Clock,20,2020-10-31 22:00,79.54,0.29,23.53,Stationery,Online,Not Returned,Medium,1590.8000000000002,VIP
536048,Desk Lamp,32,2020-11-01 14:00,35.47,0.48,19.55,Stationery,Online,Not Returned,Low,1135.04,VIP
656016,Wireless Mouse,19,2020-11-01 15:00,55.45,0.15,14.96,Stationery,Online,Not Returned,Medium,1053.55,VIP
100390,T-shirt,-13,2020-11-01 20:00,-95.71,1.2663948629871449,,Stationery,In-store,Not Returned,High,1244.23,VIP
892299,Desk Lamp,43,2020-11-02 04:00,57.29,0.26,9.76,Stationery,In-store,Not Returned,High,2463.47,VIP
859066,Backpack,29,2020-11-03 03:00,61.25,0.08,24.83,Stationery,In-store,Not Returned,Medium,1776.25,VIP
270205,Wireless Mouse,31,2020-11-04 06:00,45.02,0.14,21.15,Stationery,In-store,Not Returned,Medium,1395.62,VIP
536606,Notebook,12,2020-11-04 14:00,94.12,0.31,17.33,Stationery,Online,Not Returned,Medium,1129.44,VIP
499749,Headphones,17,2020-11-04 19:00,72.81,0.09,6.08,Stationery,In-store,Not Returned,High,1237.77,VIP
429760,Notebook,38,2020-11-05 09:00,83.12,0.14,8.33,Stationery,Online,Not Returned,Medium,3158.5600000000004,VIP
526888,Notebook,49,2020-11-05 16:00,43.65,0.12,21.03,Stationery,In-store,Not Returned,Low,2138.85,VIP
510869,Wireless Mouse,44,2020-11-05 17:00,41.23,0.17,9.5,Stationery,Online,Returned,Low,1814.12,VIP
777555,Wall Clock,23,2020-11-06 01:00,64.81,0.15,25.63,Stationery,In-store,Not Returned,Low,1490.63,VIP
497172,Blue Pen,24,2020-11-06 03:00,78.96,0.42,20.33,Stationery,Online,Not Returned,Low,1895.04,VIP
854085,Headphones,27,2020-11-06 12:00,87.39,0.25,26.97,Stationery,Online,Not Returned,Medium,2359.53,VIP
848728,White Mug,49,2020-11-07 08:00,65.98,0.21,22.58,Stationery,Online,Not Returned,High,3233.02,VIP
882479,USB Cable,25,2020-11-07 12:00,94.5,0.2,27.09,Stationery,Online,Not Returned,Medium,2362.5,VIP
897711,Wall Clock,40,2020-11-09 19:00,72.17,0.09,21.18,Stationery,In-store,Not Returned,High,2886.8,VIP
376452,USB Cable,32,2020-11-10 11:00,37.25,0.48,22.3,Stationery,In-store,Returned,High,1192.0,VIP
634125,Notebook,45,2020-11-10 17:00,34.31,0.03,10.93,Stationery,Online,Not Returned,Low,1543.95,VIP
520497,Headphones,45,2020-11-11 16:00,71.45,0.2,6.6,Stationery,Online,Not Returned,High,3215.25,VIP
107235,Backpack,41,2020-11-12 07:00,99.57,0.34,24.1,Stationery,Online,Not Returned,Medium,4082.37,VIP
225849,T-shirt,35,2020-11-12 13:00,68.97,0.32,20.4,Stationery,In-store,Not Returned,Low,2413.95,VIP
931635,Notebook,48,2020-11-13 00:00,87.17,0.43,16.21,Stationery,Online,Not Returned,Low,4184.16,VIP
121650,Desk Lamp,49,2020-11-13 17:00,64.0,0.0,15.74,Stationery,In-store,Not Returned,Low,3136.0,VIP
538976,Headphones,42,2020-11-14 04:00,95.95,0.28,29.57,Stationery,In-store,Not Returned,Medium,4029.9,VIP
468117,Desk Lamp,39,2020-11-14 09:00,34.77,0.45,9.25,Stationery,Online,Not Returned,Medium,1356.0300000000002,VIP
601691,White Mug,33,2020-11-14 16:00,77.02,0.16,27.17,Stationery,In-store,Not Returned,High,2541.66,VIP
538963,Wireless Mouse,26,2020-11-14 20:00,49.74,0.08,12.68,Stationery,Online,Not Returned,Low,1293.24,VIP
895308,USB Cable,37,2020-11-15 17:00,75.33,0.33,8.71,Stationery,Online,Not Returned,Medium,2787.21,VIP
988916,Backpack,-30,2020-11-16 00:00,-71.54,0.43,,Stationery,In-store,Not Returned,Medium,2146.2000000000003,VIP
231562,Wireless Mouse,21,2020-11-16 16:00,81.31,0.11,9.82,Stationery,In-store,Not Returned,Medium,1707.51,VIP
103729,White Mug,49,2020-11-16 17:00,75.41,0.15,13.23,Stationery,In-store,Not Returned,Medium,3695.09,VIP
134924,Blue Pen,46,2020-11-17 17:00,53.33,0.11,22.1,Stationery,In-store,Not Returned,Low,2453.18,VIP
673228,Wall Clock,45,2020-11-17 23:00,64.18,0.28,28.84,Stationery,In-store,Returned,Low,2888.1000000000004,VIP
540420,Office Chair,49,2020-11-18 04:00,32.65,0.12,11.86,Stationery,Online,Not Returned,Low,1599.85,VIP
865328,Desk Lamp,38,2020-11-18 08:00,95.58,0.41,25.78,Stationery,Online,Not Returned,Medium,3632.04,VIP
340970,USB Cable,20,2020-11-18 16:00,52.25,0.27,5.92,Stationery,Online,Not Returned,Low,1045.0,VIP
469738,Blue Pen,19,2020-11-18 20:00,85.55,0.23,17.75,Stationery,In-store,Not Returned,Medium,1625.45,VIP
587063,Office Chair,27,2020-11-19 04:00,53.4,0.49,28.52,Stationery,Online,Not Returned,Low,1441.8,VIP
826546,Wall Clock,41,2020-11-19 05:00,37.36,0.21,7.99,Stationery,Online,Not Returned,Medium,1531.76,VIP
421395,Wireless Mouse,21,2020-11-19 08:00,62.35,0.24,28.92,Stationery,In-store,Not Returned,Low,1309.35,VIP
191873,Wall Clock,26,2020-11-19 23:00,49.44,0.24,11.32,Stationery,Online,Not Returned,Medium,1285.44,VIP
418488,Wall Clock,32,2020-11-20 03:00,63.43,0.23,16.44,Stationery,In-store,Not Returned,Low,2029.76,VIP
968220,Blue Pen,48,2020-11-20 18:00,28.3,0.12,25.16,Stationery,In-store,Not Returned,High,1358.4,VIP
652144,Headphones,13,2020-11-21 23:00,79.47,0.42,12.27,Stationery,Online,Not Returned,High,1033.11,VIP
946090,Notebook,33,2020-11-23 03:00,98.77,0.03,25.71,Stationery,In-store,Not Returned,High,3259.41,VIP
898204,USB Cable,28,2020-11-23 06:00,58.08,0.4,10.38,Stationery,Online,Not Returned,Low,1626.24,VIP
124648,Notebook,37,2020-11-23 14:00,77.49,0.05,16.52,Stationery,In-store,Not Returned,Low,2867.13,VIP
346331,USB Cable,23,2020-11-23 19:00,74.73,0.1,27.01,Stationery,In-store,Returned,Medium,1718.7900000000002,VIP
142598,Blue Pen,33,2020-11-23 20:00,45.33,0.22,26.69,Stationery,Online,Not Returned,Low,1495.89,VIP
117118,Backpack,23,2020-11-24 04:00,83.13,0.44,20.6,Stationery,In-store,Not Returned,Medium,1911.99,VIP
259094,Headphones,14,2020-11-24 20:00,94.58,0.1,6.51,Stationery,In-store,Not Returned,High,1324.12,VIP
723982,Backpack,41,2020-11-25 10:00,44.99,0.25,20.85,Stationery,In-store,Returned,Medium,1844.59,VIP
838447,Office Chair,33,2020-11-26 06:00,93.88,0.01,12.83,Stationery,In-store,Not Returned,High,3098.04,VIP
958326,Office Chair,25,2020-11-27 03:00,44.52,0.29,6.53,Stationery,Online,Returned,Low,1113.0,VIP
819533,Desk Lamp,35,2020-11-27 10:00,41.36,0.46,18.88,Stationery,Online,Not Returned,High,1447.6,VIP
252117,Office Chair,44,2020-11-28 02:00,37.52,0.18,28.89,Stationery,In-store,Returned,Low,1650.88,VIP
152949,USB Cable,17,2020-11-28 11:00,83.53,0.11,11.94,Stationery,In-store,Not Returned,Medium,1420.01,VIP
247646,Office Chair,28,2020-11-28 17:00,64.51,0.28,6.93,Stationery,In-store,Not Returned,Medium,1806.28,VIP
566933,Blue Pen,38,2020-11-28 19:00,42.69,0.49,24.82,Stationery,In-store,Not Returned,High,1622.2199999999998,VIP
171916,Headphones,20,2020-11-28 23:00,61.0,0.12,8.84,Stationery,Online,Not Returned,High,1220.0,VIP
646792,Wireless Mouse,24,2020-11-29 16:00,70.61,0.02,19.38,Stationery,Online,Not Returned,Medium,1694.64,VIP
433134,Backpack,35,2020-11-30 22:00,81.12,0.15,20.42,Stationery,In-store,Not Returned,Low,2839.2000000000003,VIP
594670,USB Cable,49,2020-11-30 23:00,60.98,0.07,9.93,Stationery,Online,Returned,Medium,2988.02,VIP
153634,USB Cable,33,2020-12-01 07:00,75.82,0.11,18.63,Stationery,In-store,Not Returned,High,2502.06,VIP
141505,White Mug,26,2020-12-01 22:00,49.52,0.35,11.81,Stationery,Online,Not Returned,High,1287.52,VIP
989171,USB Cable,38,2020-12-02 22:00,31.51,0.35,22.08,Stationery,Online,Not Returned,High,1197.38,VIP
162287,Office Chair,22,2020-12-03 10:00,80.67,0.26,24.73,Stationery,Online,Not Returned,Medium,1774.74,VIP
338009,Headphones,49,2020-12-03 11:00,65.74,0.39,23.23,Stationery,In-store,Not Returned,Medium,3221.26,VIP
807062,Wireless Mouse,32,2020-12-03 12:00,83.08,0.38,27.56,Stationery,In-store,Not Returned,Medium,2658.56,VIP
787235,Wireless Mouse,15,2020-12-03 14:00,99.98,0.17,19.59,Stationery,In-store,Not Returned,High,1499.7,VIP
307440,Desk Lamp,41,2020-12-03 20:00,70.01,0.37,19.91,Stationery,Online,Not Returned,Medium,2870.4100000000003,VIP
753841,Desk Lamp,23,2020-12-04 23:00,53.3,0.35,14.54,Stationery,In-store,Not Returned,Low,1225.9,VIP
667354,Backpack,28,2020-12-05 10:00,54.21,0.05,24.24,Stationery,Online,Not Returned,High,1517.88,VIP
372544,Notebook,47,2020-12-05 11:00,59.86,0.46,20.13,Stationery,Online,Returned,Medium,2813.42,VIP
634633,Blue Pen,36,2020-12-05 12:00,44.52,0.09,14.0,Stationery,In-store,Not Returned,High,1602.72,VIP
610269,Wireless Mouse,32,2020-12-05 18:00,36.88,0.2,23.21,Stationery,In-store,Not Returned,Medium,1180.16,VIP
864777,Desk Lamp,26,2020-12-05 22:00,74.53,0.16,7.18,Stationery,In-store,Not Returned,High,1937.78,VIP
753936,White Mug,28,2020-12-06 01:00,79.6,0.31,24.47,Stationery,Online,Not Returned,Low,2228.8,VIP
873068,T-shirt,35,2020-12-06 06:00,39.04,0.1,17.0,Stationery,Online,Not Returned,High,1366.4,VIP
963413,White Mug,24,2020-12-06 15:00,44.44,0.29,8.64,Stationery,In-store,Not Returned,Medium,1066.56,VIP
723090,USB Cable,38,2020-12-06 16:00,39.79,0.02,26.52,Stationery,In-store,Not Returned,High,1512.02,VIP
986854,Headphones,20,2020-12-06 21:00,75.07,0.42,25.4,Stationery,Online,Not Returned,High,1501.4,VIP
850887,Wireless Mouse,36,2020-12-07 02:00,85.17,0.19,11.76,Stationery,Online,Not Returned,Medium,3066.12,VIP
737509,Office Chair,30,2020-12-07 03:00,64.72,0.16,19.7,Stationery,Online,Returned,Low,1941.6,VIP
399477,T-shirt,29,2020-12-07 04:00,80.63,0.15,12.42,Stationery,Online,Not Returned,High,2338.27,VIP
825527,Office Chair,34,2020-12-08 09:00,72.17,0.22,13.83,Stationery,Online,Returned,Low,2453.78,VIP
554598,Office Chair,46,2020-12-08 11:00,53.12,0.43,18.21,Stationery,In-store,Not Returned,Low,2443.52,VIP
780546,Blue Pen,26,2020-12-08 18:00,94.28,0.35,18.24,Stationery,Online,Not Returned,High,2451.28,VIP
244926,Wall Clock,34,2020-12-09 07:00,55.51,0.39,22.31,Stationery,In-store,Not Returned,Medium,1887.34,VIP
782385,Office Chair,-29,2020-12-09 09:00,-58.92,1.8703892020080173,,Stationery,In-store,Not Returned,High,1708.68,VIP
969485,Blue Pen,22,2020-12-09 16:00,66.8,0.5,20.53,Stationery,Online,Not Returned,High,1469.6,VIP
386610,Blue Pen,20,2020-12-09 22:00,56.31,0.02,17.4,Stationery,Online,Not Returned,High,1126.2,VIP
567435,Wall Clock,28,2020-12-10 16:00,38.99,0.18,8.25,Stationery,In-store,Not Returned,Medium,1091.72,VIP
443003,Wireless Mouse,42,2020-12-10 23:00,94.8,0.37,26.68,Stationery,Online,Not Returned,Medium,3981.6,VIP
447526,USB Cable,47,2020-12-11 06:00,94.47,0.31,27.73,Stationery,In-store,Not Returned,Medium,4440.09,VIP
104011,Office Chair,45,2020-12-11 07:00,90.31,0.38,5.61,Stationery,Online,Not Returned,High,4063.95,VIP
532941,USB Cable,22,2020-12-11 11:00,61.12,0.22,13.57,Stationery,In-store,Not Returned,Medium,1344.64,VIP
622829,Blue Pen,15,2020-12-11 15:00,77.08,0.33,21.64,Stationery,Online,Not Returned,High,1156.2,VIP
874751,Headphones,30,2020-12-11 17:00,59.1,0.06,5.92,Stationery,Online,Not Returned,Medium,1773.0,VIP
463154,T-shirt,30,2020-12-11 18:00,49.25,0.03,28.96,Stationery,Online,Not Returned,Medium,1477.5,VIP
132769,Wall Clock,46,2020-12-11 19:00,68.81,0.05,11.84,Stationery,Online,Not Returned,Low,3165.26,VIP
857582,Blue Pen,14,2020-12-12 21:00,87.21,0.23,8.38,Stationery,Online,Not Returned,Low,1220.9399999999998,VIP
700684,Headphones,17,2020-12-13 04:00,89.96,0.45,20.6,Stationery,Online,Not Returned,Medium,1529.32,VIP
531322,T-shirt,27,2020-12-13 07:00,52.28,0.09,8.0,Stationery,In-store,Returned,Low,1411.56,VIP
310809,White Mug,48,2020-12-13 13:00,46.23,0.34,12.39,Stationery,In-store,Not Returned,Medium,2219.04,VIP
176290,Backpack,26,2020-12-14 09:00,97.86,0.36,9.18,Stationery,Online,Not Returned,Medium,2544.36,VIP
217769,Office Chair,32,2020-12-14 23:00,37.18,0.32,14.28,Stationery,Online,Not Returned,Low,1189.76,VIP
866868,Backpack,27,2020-12-15 05:00,78.04,0.42,25.03,Stationery,In-store,Returned,Low,2107.0800000000004,VIP
286493,Blue Pen,16,2020-12-15 06:00,73.78,0.15,27.58,Stationery,Online,Not Returned,High,1180.48,VIP
765673,Office Chair,-26,2020-12-15 09:00,-54.19,0.29,,Stationery,In-store,Not Returned,Medium,1408.94,VIP
595671,Wireless Mouse,13,2020-12-15 15:00,78.96,0.33,18.83,Stationery,Online,Not Returned,Medium,1026.48,VIP
198970,Desk Lamp,36,2020-12-15 21:00,74.05,0.25,11.02,Stationery,In-store,Not Returned,Medium,2665.8,VIP
148639,T-shirt,21,2020-12-16 13:00,53.43,0.2,6.52,Stationery,In-store,Not Returned,Low,1122.03,VIP
448586,White Mug,43,2020-12-16 22:00,91.57,0.28,14.39,Stationery,In-store,Not Returned,Medium,3937.51,VIP
512601,Blue Pen,42,2020-12-18 01:00,70.82,0.33,17.13,Stationery,Online,Not Returned,High,2974.44,VIP
960894,Blue Pen,25,2020-12-18 21:00,57.52,0.3,9.71,Stationery,In-store,Not Returned,Low,1438.0,VIP
253706,USB Cable,17,2020-12-19 05:00,67.16,0.34,29.49,Stationery,Online,Not Returned,Low,1141.72,VIP
294824,T-shirt,-41,2020-12-19 07:00,-88.34,1.5583191774511131,,Stationery,Online,Not Returned,Medium,3621.94,VIP
439148,Desk Lamp,30,2020-12-19 08:00,97.13,0.23,5.27,Stationery,In-store,Returned,Low,2913.9,VIP
838276,Wireless Mouse,14,2020-12-19 12:00,96.65,0.44,14.75,Stationery,Online,Not Returned,Medium,1353.1,VIP
846137,Backpack,41,2020-12-20 16:00,28.68,0.14,8.61,Stationery,Online,Returned,High,1175.88,VIP
811567,Headphones,39,2020-12-21 01:00,53.57,0.06,28.41,Stationery,In-store,Not Returned,Medium,2089.23,VIP
889660,Desk Lamp,26,2020-12-21 14:00,42.55,0.14,19.1,Stationery,In-store,Not Returned,High,1106.3,VIP
455398,Headphones,49,2020-12-21 20:00,76.11,0.1,9.46,Stationery,In-store,Not Returned,Low,3729.39,VIP
542765,Wireless Mouse,37,2020-12-22 14:00,52.01,0.3,28.52,Stationery,In-store,Not Returned,High,1924.37,VIP
319222,Blue Pen,26,2020-12-23 07:00,45.81,0.01,16.64,Stationery,Online,Returned,Low,1191.06,VIP
807788,Blue Pen,36,2020-12-23 09:00,33.82,0.08,7.1,Stationery,Online,Not Returned,Medium,1217.52,VIP
892879,Notebook,46,2020-12-23 10:00,92.52,0.18,10.41,Stationery,In-store,Not Returned,High,4255.92,VIP
393459,Wall Clock,20,2020-12-23 13:00,57.73,0.17,7.67,Stationery,Online,Not Returned,High,1154.6,VIP
479553,Notebook,39,2020-12-24 01:00,39.83,0.14,10.26,Stationery,Online,Not Returned,Low,1553.37,VIP
720253,Backpack,37,2020-12-24 14:00,92.63,0.15,14.03,Stationery,In-store,Not Returned,Low,3427.31,VIP
468615,Wireless Mouse,29,2020-12-24 17:00,42.4,0.2,14.82,Stationery,In-store,Not Returned,High,1229.6,VIP
789925,Headphones,29,2020-12-24 22:00,50.07,0.03,12.56,Stationery,In-store,Not Returned,Low,1452.03,VIP
935726,Wireless Mouse,34,2020-12-25 08:00,32.67,0.04,17.68,Stationery,In-store,Returned,Low,1110.78,VIP
265250,Backpack,21,2020-12-25 10:00,60.11,0.12,12.09,Stationery,In-store,Not Returned,High,1262.31,VIP
978260,Desk Lamp,41,2020-12-25 13:00,71.1,0.2,9.39,Stationery,Online,Returned,High,2915.1,VIP
398254,Blue Pen,25,2020-12-25 15:00,73.67,0.21,28.86,Stationery,In-store,Not Returned,High,1841.75,VIP
206311,Backpack,22,2020-12-26 00:00,54.8,0.12,27.97,Stationery,In-store,Not Returned,Medium,1205.6,VIP
658697,Backpack,43,2020-12-26 01:00,62.86,0.21,14.64,Stationery,Online,Not Returned,Low,2702.98,VIP
100882,Blue Pen,33,2020-12-26 19:00,30.68,0.33,20.92,Stationery,Online,Not Returned,High,1012.44,VIP
513440,Headphones,32,2020-12-26 20:00,41.5,0.38,19.92,Stationery,Online,Not Returned,High,1328.0,VIP
764687,Headphones,29,2020-12-28 06:00,72.03,0.05,5.21,Stationery,In-store,Not Returned,High,2088.87,VIP
338441,Desk Lamp,26,2020-12-28 09:00,85.27,0.47,12.05,Stationery,Online,Not Returned,Low,2217.02,VIP
894300,USB Cable,37,2020-12-29 06:00,50.24,0.15,28.34,Stationery,In-store,Not Returned,Medium,1858.88,VIP
797789,Desk Lamp,17,2020-12-29 12:00,59.67,0.42,16.98,Stationery,In-store,Not Returned,Low,1014.39,VIP
950185,USB Cable,40,2020-12-29 20:00,38.53,0.1,24.83,Stationery,In-store,Not Returned,High,1541.2,VIP
566836,Wall Clock,43,2020-12-29 23:00,34.65,0.2,10.13,Stationery,Online,Not Returned,Low,1489.95,VIP
994923,USB Cable,44,2020-12-30 15:00,66.75,0.11,27.02,Stationery,Online,Not Returned,High,2937.0,VIP
868543,Notebook,19,2020-12-30 22:00,71.37,0.41,15.61,Stationery,Online,Not Returned,Low,1356.0300000000002,VIP
734649,White Mug,21,2020-12-30 23:00,97.23,0.02,23.56,Stationery,Online,Returned,Medium,2041.83,VIP
325756,Wireless Mouse,12,2020-12-31 09:00,95.68,0.34,10.15,Stationery,In-store,Not Returned,Low,1148.16,VIP
964785,Wireless Mouse,31,2020-12-31 15:00,60.07,0.07,15.94,Stationery,Online,Not Returned,Medium,1862.17,VIP
157939,T-shirt,40,2020-12-31 19:00,99.95,0.17,26.99,Stationery,In-store,Not Returned,Low,3998.0,VIP
533917,Wireless Mouse,45,2021-01-01 01:00,24.81,0.23,17.26,Stationery,In-store,Not Returned,Low,1116.45,VIP
211776,USB Cable,47,2021-01-01 15:00,84.77,0.04,29.62,Stationery,In-store,Not Returned,High,3984.19,VIP
972504,USB Cable,27,2021-01-02 16:00,58.57,0.07,28.09,Stationery,In-store,Returned,Low,1581.39,VIP
823559,T-shirt,29,2021-01-03 01:00,78.52,0.25,29.23,Stationery,In-store,Not Returned,Low,2277.08,VIP
502681,Headphones,45,2021-01-03 04:00,33.89,0.31,22.72,Stationery,Online,Not Returned,Medium,1525.05,VIP
365470,Desk Lamp,42,2021-01-03 05:00,61.11,0.09,17.27,Stationery,In-store,Returned,High,2566.62,VIP
782954,T-shirt,26,2021-01-03 06:00,88.92,0.5,5.83,Stationery,Online,Not Returned,Medium,2311.92,VIP
581873,Wireless Mouse,22,2021-01-03 09:00,64.0,0.24,13.99,Stationery,In-store,Not Returned,Low,1408.0,VIP
623225,Office Chair,21,2021-01-03 19:00,57.72,0.16,29.22,Stationery,Online,Not Returned,Medium,1212.12,VIP
439273,Wall Clock,41,2021-01-04 07:00,65.86,0.23,22.9,Stationery,Online,Not Returned,High,2700.26,VIP
678921,Headphones,-46,2021-01-04 13:00,-34.61,1.5197609448414386,,Stationery,In-store,Not Returned,Medium,1592.06,VIP
429478,Notebook,43,2021-01-04 16:00,30.42,0.0,14.17,Stationery,In-store,Not Returned,Low,1308.0600000000002,VIP
225851,Wireless Mouse,17,2021-01-04 18:00,59.16,0.32,16.09,Stationery,In-store,Not Returned,Medium,1005.72,VIP
206379,Backpack,23,2021-01-06 02:00,80.67,0.34,25.96,Stationery,Online,Not Returned,Medium,1855.41,VIP
977311,Backpack,45,2021-01-07 13:00,81.93,0.13,20.18,Stationery,In-store,Not Returned,Low,3686.85,VIP
729112,Office Chair,15,2021-01-07 15:00,95.92,0.14,7.23,Stationery,In-store,Not Returned,High,1438.8,VIP
993941,White Mug,46,2021-01-08 01:00,85.17,0.23,27.99,Stationery,In-store,Not Returned,Low,3917.82,VIP
612214,White Mug,-17,2021-01-08 09:00,-85.32,0.14,,Stationery,Online,Not Returned,Low,1450.4399999999998,VIP
723765,Blue Pen,35,2021-01-10 06:00,38.93,0.39,17.95,Stationery,Online,Not Returned,Low,1362.55,VIP
745936,Notebook,29,2021-01-12 02:00,84.47,0.42,16.95,Stationery,In-store,Not Returned,High,2449.63,VIP
312369,USB Cable,41,2021-01-13 04:00,85.72,0.45,26.18,Stationery,Online,Not Returned,Medium,3514.52,VIP
599730,Backpack,33,2021-01-13 11:00,91.67,0.33,16.84,Stationery,Online,Not Returned,Medium,3025.11,VIP
901798,White Mug,21,2021-01-13 13:00,51.89,0.21,28.49,Stationery,Online,Not Returned,Low,1089.69,VIP
139236,Blue Pen,21,2021-01-13 18:00,81.15,0.37,24.25,Stationery,In-store,Not Returned,Low,1704.15,VIP
163879,Backpack,39,2021-01-14 11:00,45.95,0.22,17.09,Stationery,In-store,Not Returned,High,1792.0500000000002,VIP
407268,T-shirt,30,2021-01-14 19:00,74.11,0.2,10.61,Stationery,Online,Returned,High,2223.3,VIP
791257,Blue Pen,42,2021-01-14 20:00,48.82,0.22,20.42,Stationery,In-store,Not Returned,Medium,2050.44,VIP
770392,White Mug,49,2021-01-14 21:00,55.03,0.01,15.84,Stationery,In-store,Not Returned,High,2696.4700000000003,VIP
607532,USB Cable,45,2021-01-15 09:00,37.2,0.32,7.07,Stationery,Online,Not Returned,Low,1674.0000000000002,VIP
411741,Notebook,47,2021-01-15 12:00,48.72,0.28,9.87,Stationery,In-store,Not Returned,Low,2289.84,VIP
628313,Headphones,30,2021-01-15 23:00,40.22,0.09,22.58,Stationery,In-store,Not Returned,High,1206.6,VIP
562927,Desk Lamp,34,2021-01-16 04:00,86.96,0.17,16.43,Stationery,In-store,Not Returned,Medium,2956.64,VIP
326024,Headphones,34,2021-01-17 02:00,73.67,0.17,10.39,Stationery,In-store,Returned,Low,2504.78,VIP
651595,T-shirt,42,2021-01-17 12:00,36.01,0.1,18.21,Stationery,In-store,Not Returned,Low,1512.4199999999998,VIP
203920,T-shirt,31,2021-01-17 22:00,70.89,0.24,18.56,Stationery,In-store,Returned,Medium,2197.59,VIP
444912,Blue Pen,14,2021-01-18 00:00,79.46,0.11,29.16,Stationery,Online,Not Returned,High,1112.4399999999998,VIP
173606,Blue Pen,14,2021-01-18 05:00,92.69,0.46,22.36,Stationery,In-store,Not Returned,Medium,1297.66,VIP
555229,Headphones,49,2021-01-18 16:00,70.95,0.09,12.41,Stationery,In-store,Not Returned,Medium,3476.55,VIP
262403,Wall Clock,48,2021-01-18 17:00,23.96,0.49,8.99,Stationery,Online,Not Returned,High,1150.08,VIP
415288,Blue Pen,36,2021-01-19 08:00,81.42,0.04,26.3,Stationery,In-store,Not Returned,Medium,2931.12,VIP
872291,Blue Pen,34,2021-01-19 13:00,60.56,0.12,13.76,Stationery,Online,Not Returned,High,2059.04,VIP
318168,Blue Pen,-36,2021-01-19 18:00,-62.55,1.7545486458699795,,Stationery,In-store,Not Returned,High,2251.8,VIP
805611,White Mug,33,2021-01-20 17:00,36.33,0.46,21.25,Stationery,In-store,Not Returned,Low,1198.89,VIP
820531,USB Cable,46,2021-01-20 18:00,40.98,0.44,11.49,Stationery,Online,Not Returned,Low,1885.08,VIP
165439,T-shirt,41,2021-01-21 11:00,85.07,0.17,13.39,Stationery,Online,Not Returned,Medium,3487.87,VIP
762554,Blue Pen,35,2021-01-21 12:00,56.21,0.32,9.93,Stationery,In-store,Not Returned,High,1967.35,VIP
297286,T-shirt,35,2021-01-21 16:00,73.66,0.26,22.13,Stationery,In-store,Not Returned,Low,2578.1,VIP
298110,Blue Pen,-45,2021-01-21 23:00,-41.46,0.38,,Stationery,Online,Not Returned,Medium,1865.7,VIP
378011,Headphones,14,2021-01-22 03:00,99.9,0.33,23.22,Stationery,Online,Not Returned,Medium,1398.6,VIP
880445,USB Cable,24,2021-01-22 18:00,52.19,0.13,13.93,Stationery,Online,Not Returned,Low,1252.56,VIP
865710,White Mug,48,2021-01-25 03:00,77.17,0.18,24.29,Stationery,In-store,Not Returned,High,3704.16,VIP
514021,Headphones,47,2021-01-25 05:00,77.33,0.07,8.05,Stationery,Online,Not Returned,High,3634.51,VIP
714229,T-shirt,28,2021-01-25 12:00,79.97,0.29,21.29,Stationery,Online,Not Returned,Low,2239.16,VIP
766627,Office Chair,28,2021-01-26 01:00,58.97,0.17,14.19,Stationery,In-store,Not Returned,Low,1651.16,VIP
727763,USB Cable,42,2021-01-26 04:00,35.14,0.13,17.57,Stationery,Online,Not Returned,Low,1475.88,VIP
847465,Blue Pen,24,2021-01-26 08:00,43.98,0.37,27.94,Stationery,In-store,Not Returned,High,1055.52,VIP
538988,T-shirt,41,2021-01-26 11:00,81.98,0.3,10.68,Stationery,Online,Not Returned,Medium,3361.1800000000003,VIP
675312,Notebook,45,2021-01-27 17:00,74.39,0.15,26.82,Stationery,Online,Not Returned,Low,3347.55,VIP
463334,T-shirt,27,2021-01-29 10:00,87.31,0.32,29.28,Stationery,Online,Not Returned,Medium,2357.37,VIP
661001,Wall Clock,31,2021-01-29 13:00,49.15,0.14,25.7,Stationery,In-store,Not Returned,Medium,1523.65,VIP
349836,Wireless Mouse,47,2021-01-29 21:00,42.07,0.23,27.04,Stationery,In-store,Not Returned,Low,1977.29,VIP
667827,T-shirt,28,2021-01-30 02:00,98.57,0.47,29.47,Stationery,In-store,Returned,Medium,2759.96,VIP
319057,Notebook,36,2021-01-30 04:00,79.91,0.03,10.54,Stationery,In-store,Not Returned,Medium,2876.76,VIP
148784,Backpack,28,2021-01-30 09:00,51.97,0.49,19.1,Stationery,Online,Returned,Medium,1455.16,VIP
154362,Blue Pen,47,2021-01-30 13:00,78.88,0.16,9.65,Stationery,In-store,Not Returned,Low,3707.36,VIP
281413,Notebook,42,2021-01-30 15:00,88.88,0.16,12.03,Stationery,Online,Not Returned,Low,3732.96,VIP
943352,Wall Clock,46,2021-01-30 19:00,59.8,0.32,21.22,Stationery,Online,Not Returned,Medium,2750.8,VIP
959613,Backpack,41,2021-01-31 14:00,77.25,0.12,9.79,Stationery,In-store,Not Returned,Medium,3167.25,VIP
850046,Backpack,19,2021-01-31 16:00,69.32,0.18,14.99,Stationery,Online,Not Returned,Low,1317.08,VIP
583414,Desk Lamp,31,2021-01-31 23:00,69.34,0.17,6.51,Stationery,In-store,Not Returned,High,2149.54,VIP
746290,Blue Pen,21,2021-02-02 16:00,77.52,0.27,26.13,Stationery,Online,Not Returned,Medium,1627.9199999999998,VIP
820394,Office Chair,49,2021-02-03 06:00,62.19,0.29,25.38,Stationery,Online,Not Returned,Low,3047.31,VIP
847642,Office Chair,47,2021-02-03 21:00,47.9,0.36,7.55,Stationery,Online,Not Returned,High,2251.3,VIP
232283,Backpack,37,2021-02-04 19:00,65.03,0.03,16.49,Stationery,In-store,Not Returned,Medium,2406.11,VIP
481116,Backpack,47,2021-02-04 21:00,87.31,0.1,20.17,Stationery,Online,Not Returned,Low,4103.57,VIP
914468,Notebook,14,2021-02-05 11:00,75.77,0.15,28.43,Stationery,In-store,Returned,Low,1060.78,VIP
989694,Office Chair,48,2021-02-06 04:00,64.63,0.09,23.29,Stationery,Online,Not Returned,Medium,3102.24,VIP
207967,Desk Lamp,11,2021-02-07 08:00,98.39,0.04,15.77,Stationery,In-store,Not Returned,High,1082.29,VIP
785852,Desk Lamp,40,2021-02-07 23:00,71.45,0.08,20.28,Stationery,In-store,Not Returned,Low,2858.0,VIP
386287,Notebook,40,2021-02-08 01:00,99.01,0.25,9.29,Stationery,In-store,Not Returned,Medium,3960.4,VIP
752694,Office Chair,46,2021-02-08 06:00,27.2,0.09,8.19,Stationery,In-store,Not Returned,High,1251.2,VIP
858171,T-shirt,39,2021-02-08 12:00,44.39,0.43,25.02,Stationery,Online,Not Returned,Low,1731.21,VIP
380092,T-shirt,32,2021-02-09 01:00,90.18,0.13,18.38,Stationery,In-store,Not Returned,Low,2885.76,VIP
303305,Wall Clock,27,2021-02-09 10:00,96.69,0.25,19.05,Stationery,In-store,Not Returned,Low,2610.63,VIP
741857,Blue Pen,28,2021-02-09 17:00,62.01,0.4,12.31,Stationery,In-store,Not Returned,Medium,1736.28,VIP
831672,Backpack,42,2021-02-09 18:00,27.29,0.25,20.77,Stationery,In-store,Not Returned,High,1146.18,VIP
701513,Wireless Mouse,25,2021-02-10 01:00,75.35,0.39,5.75,Stationery,Online,Not Returned,Low,1883.75,VIP
579767,Headphones,44,2021-02-10 18:00,55.32,0.3,22.72,Stationery,Online,Not Returned,Medium,2434.08,VIP
947056,White Mug,36,2021-02-10 23:00,90.89,0.29,19.37,Stationery,In-store,Not Returned,High,3272.04,VIP
327444,T-shirt,48,2021-02-11 02:00,58.68,0.27,28.84,Stationery,In-store,Not Returned,High,2816.64,VIP
105577,Office Chair,37,2021-02-11 17:00,86.8,0.41,5.89,Stationery,Online,Not Returned,Medium,3211.6,VIP
923265,Wall Clock,36,2021-02-12 08:00,31.18,0.05,27.55,Stationery,Online,Not Returned,High,1122.48,VIP
848224,Office Chair,39,2021-02-12 10:00,50.44,0.26,7.68,Stationery,In-store,Not Returned,High,1967.16,VIP
208721,White Mug,36,2021-02-13 00:00,40.66,0.17,21.38,Stationery,Online,Not Returned,Medium,1463.7599999999998,VIP
394478,Wireless Mouse,21,2021-02-13 13:00,52.14,0.23,24.86,Stationery,In-store,Not Returned,Medium,1094.94,VIP
777758,Office Chair,17,2021-02-13 16:00,81.88,0.17,5.6,Stationery,In-store,Not Returned,Medium,1391.96,VIP
927165,Desk Lamp,38,2021-02-14 07:00,34.22,0.02,11.98,Stationery,In-store,Not Returned,Low,1300.36,VIP
124363,Blue Pen,46,2021-02-15 16:00,61.18,0.2,17.97,Stationery,In-store,Returned,High,2814.28,VIP
596712,Backpack,26,2021-02-16 02:00,55.63,0.13,20.95,Stationery,Online,Not Returned,Low,1446.38,VIP
280324,T-shirt,45,2021-02-16 05:00,64.72,0.47,6.78,Stationery,In-store,Not Returned,Low,2912.4,VIP
550400,Office Chair,17,2021-02-16 09:00,70.93,0.15,14.35,Stationery,Online,Returned,Low,1205.8100000000002,VIP
972377,T-shirt,35,2021-02-16 11:00,29.79,0.24,15.07,Stationery,Online,Not Returned,High,1042.65,VIP
858795,White Mug,47,2021-02-17 00:00,35.69,0.1,6.1,Stationery,Online,Not Returned,High,1677.4299999999998,VIP
431612,Office Chair,43,2021-02-18 07:00,51.85,0.45,11.31,Stationery,Online,Not Returned,Low,2229.55,VIP
821615,USB Cable,14,2021-02-18 13:00,74.34,0.02,7.79,Stationery,In-store,Not Returned,Low,1040.76,VIP
426968,Backpack,34,2021-02-19 08:00,76.78,0.26,23.6,Stationery,Online,Not Returned,Low,2610.52,VIP
682092,Desk Lamp,34,2021-02-19 10:00,52.4,0.25,24.71,Stationery,In-store,Not Returned,High,1781.6,VIP
857600,White Mug,34,2021-02-19 14:00,90.03,0.12,15.59,Stationery,Online,Not Returned,High,3061.02,VIP
710777,Office Chair,44,2021-02-20 07:00,57.33,0.4,10.18,Stationery,Online,Not Returned,Medium,2522.52,VIP
776419,Wall Clock,28,2021-02-20 15:00,69.64,0.25,18.39,Stationery,In-store,Not Returned,High,1949.92,VIP
386453,Backpack,36,2021-02-21 00:00,66.84,0.35,23.81,Stationery,Online,Not Returned,High,2406.24,VIP
325409,Desk Lamp,41,2021-02-21 05:00,65.34,0.47,18.48,Stationery,Online,Not Returned,Medium,2678.94,VIP
339967,T-shirt,38,2021-02-21 06:00,50.93,0.18,25.44,Stationery,In-store,Returned,High,1935.34,VIP
347113,Blue Pen,31,2021-02-21 12:00,73.99,0.15,16.67,Stationery,In-store,Not Returned,Medium,2293.69,VIP
642462,Wall Clock,33,2021-02-21 21:00,99.33,0.49,8.62,Stationery,Online,Not Returned,Medium,3277.89,VIP
985621,USB Cable,27,2021-02-21 22:00,37.36,0.09,25.62,Stationery,In-store,Not Returned,High,1008.72,VIP
661548,Desk Lamp,21,2021-02-22 01:00,47.66,0.41,25.65,Stationery,In-store,Not Returned,Medium,1000.86,VIP
568451,Office Chair,41,2021-02-22 15:00,68.25,0.42,22.85,Stationery,In-store,Not Returned,Low,2798.25,VIP
292180,White Mug,14,2021-02-23 03:00,91.38,0.15,15.9,Stationery,Online,Not Returned,High,1279.32,VIP
924187,USB Cable,44,2021-02-23 09:00,98.21,0.43,24.82,Stationery,In-store,Not Returned,Low,4321.24,VIP
895911,Blue Pen,18,2021-02-23 11:00,68.42,0.47,10.26,Stationery,Online,Not Returned,High,1231.56,VIP
776664,Wall Clock,38,2021-02-23 13:00,85.93,0.31,11.66,Stationery,Online,Returned,High,3265.34,VIP
418166,Blue Pen,29,2021-02-24 03:00,99.27,0.08,7.21,Stationery,In-store,Not Returned,High,2878.83,VIP
440134,Notebook,43,2021-02-24 14:00,72.49,0.15,8.05,Stationery,In-store,Returned,High,3117.07,VIP
278130,T-shirt,30,2021-02-24 20:00,57.29,0.25,20.59,Stationery,In-store,Not Returned,Medium,1718.7,VIP
972089,Notebook,15,2021-02-26 02:00,73.25,0.17,14.92,Stationery,In-store,Not Returned,Medium,1098.75,VIP
368933,T-shirt,21,2021-02-26 08:00,61.94,0.16,14.29,Stationery,Online,Not Returned,Low,1300.74,VIP
396694,USB Cable,31,2021-02-26 21:00,84.15,0.31,26.49,Stationery,In-store,Not Returned,Medium,2608.65,VIP
512857,White Mug,36,2021-02-26 23:00,48.15,0.34,21.61,Stationery,Online,Returned,Low,1733.4,VIP
756884,Wall Clock,44,2021-02-27 17:00,39.11,0.18,9.18,Stationery,In-store,Not Returned,Medium,1720.84,VIP
149402,Wall Clock,22,2021-02-27 19:00,95.35,0.34,24.34,Stationery,In-store,Not Returned,Low,2097.7,VIP
165614,Office Chair,21,2021-02-27 21:00,70.48,0.23,6.71,Stationery,In-store,Not Returned,Low,1480.0800000000002,VIP
407980,Headphones,30,2021-02-28 01:00,82.38,0.35,13.53,Stationery,Online,Not Returned,Medium,2471.4,VIP
886460,Wall Clock,43,2021-03-01 14:00,63.78,0.07,19.74,Stationery,In-store,Not Returned,Medium,2742.54,VIP
349495,USB Cable,27,2021-03-02 05:00,45.77,0.33,15.59,Stationery,In-store,Not Returned,Low,1235.7900000000002,VIP
567616,T-shirt,40,2021-03-04 06:00,34.46,0.01,11.77,Stationery,Online,Not Returned,High,1378.4,VIP
942753,Wall Clock,36,2021-03-04 19:00,70.92,0.17,7.95,Stationery,Online,Not Returned,Low,2553.12,VIP
568977,Notebook,49,2021-03-05 09:00,65.98,0.11,23.23,Stationery,In-store,Not Returned,Medium,3233.02,VIP
738464,Blue Pen,46,2021-03-05 18:00,33.33,0.3,10.34,Stationery,Online,Not Returned,High,1533.1799999999998,VIP
582863,Wireless Mouse,24,2021-03-06 00:00,63.64,0.42,10.3,Stationery,In-store,Not Returned,Low,1527.36,VIP
944326,Notebook,21,2021-03-07 06:00,55.82,0.04,25.26,Stationery,In-store,Not Returned,Medium,1172.22,VIP
721535,Wireless Mouse,38,2021-03-07 10:00,87.23,0.03,21.28,Stationery,Online,Not Returned,Medium,3314.74,VIP
279006,Notebook,39,2021-03-08 01:00,73.44,0.06,12.68,Stationery,Online,Not Returned,Low,2864.16,VIP
424036,Office Chair,35,2021-03-08 11:00,46.98,0.09,8.18,Stationery,Online,Not Returned,Low,1644.3,VIP
321711,Backpack,17,2021-03-08 14:00,80.26,0.43,25.58,Stationery,Online,Not Returned,Medium,1364.42,VIP
737684,Notebook,13,2021-03-08 20:00,86.15,0.36,22.2,Stationery,Online,Not Returned,High,1119.95,VIP
819005,USB Cable,48,2021-03-09 11:00,90.81,0.14,12.95,Stationery,Online,Not Returned,High,4358.88,VIP
728151,White Mug,34,2021-03-09 14:00,72.29,0.08,9.88,Stationery,In-store,Returned,Low,2457.86,VIP
957617,Blue Pen,30,2021-03-09 20:00,71.16,0.07,29.41,Stationery,In-store,Not Returned,Medium,2134.8,VIP
732079,Backpack,28,2021-03-10 23:00,97.79,0.28,26.28,Stationery,In-store,Not Returned,Low,2738.1200000000003,VIP
801433,Notebook,-43,2021-03-11 01:00,-24.79,0.06,,Stationery,Online,Returned,Low,1065.97,VIP
259472,T-shirt,44,2021-03-11 06:00,76.26,0.41,11.04,Stationery,Online,Not Returned,High,3355.44,VIP
862945,Headphones,46,2021-03-11 18:00,33.57,0.43,24.34,Stationery,Online,Not Returned,Medium,1544.22,VIP
723813,Notebook,38,2021-03-12 04:00,66.71,0.12,22.81,Stationery,In-store,Not Returned,Medium,2534.98,VIP
323457,Backpack,26,2021-03-12 06:00,45.64,0.49,19.48,Stationery,Online,Not Returned,Low,1186.64,VIP
848462,Headphones,15,2021-03-12 07:00,69.82,0.34,12.93,Stationery,Online,Not Returned,Medium,1047.3,VIP
217369,Office Chair,49,2021-03-12 15:00,39.97,0.3,25.85,Stationery,In-store,Not Returned,Medium,1958.53,VIP
673399,T-shirt,47,2021-03-12 17:00,60.24,0.29,23.21,Stationery,In-store,Returned,Medium,2831.28,VIP
768695,Notebook,22,2021-03-13 05:00,50.47,0.04,26.75,Stationery,Online,Not Returned,Low,1110.34,VIP
917439,Wireless Mouse,46,2021-03-13 11:00,63.76,0.41,8.95,Stationery,In-store,Not Returned,Medium,2932.96,VIP
152066,Blue Pen,45,2021-03-14 02:00,40.24,0.4,22.31,Stationery,Online,Not Returned,High,1810.8,VIP
814995,Desk Lamp,35,2021-03-15 01:00,95.51,0.21,6.93,Stationery,In-store,Not Returned,Low,3342.8500000000004,VIP
475601,Office Chair,30,2021-03-15 04:00,94.29,0.36,6.31,Stationery,Online,Not Returned,Low,2828.7000000000003,VIP
383466,Blue Pen,44,2021-03-15 10:00,56.45,0.4,25.98,Stationery,In-store,Returned,Medium,2483.8,VIP
228692,White Mug,35,2021-03-16 10:00,88.3,0.2,13.56,Stationery,Online,Not Returned,Medium,3090.5,VIP
903990,Backpack,38,2021-03-17 04:00,34.74,0.41,14.46,Stationery,Online,Not Returned,Low,1320.12,VIP
749179,Wireless Mouse,31,2021-03-17 07:00,52.51,0.28,12.92,Stationery,Online,Not Returned,Medium,1627.81,VIP
580674,Office Chair,12,2021-03-17 12:00,87.93,0.06,7.75,Stationery,Online,Not Returned,Medium,1055.16,VIP
177924,USB Cable,37,2021-03-17 13:00,57.5,0.33,17.36,Stationery,In-store,Not Returned,High,2127.5,VIP
653620,White Mug,33,2021-03-17 14:00,42.91,0.18,19.97,Stationery,Online,Not Returned,Medium,1416.03,VIP
493145,Office Chair,44,2021-03-17 15:00,66.12,0.15,13.14,Stationery,Online,Not Returned,High,2909.28,VIP
189031,Blue Pen,44,2021-03-17 18:00,27.39,0.43,16.22,Stationery,In-store,Not Returned,High,1205.16,VIP
363685,Desk Lamp,35,2021-03-18 01:00,58.14,0.38,18.75,Stationery,In-store,Not Returned,High,2034.9,VIP
989808,USB Cable,36,2021-03-18 20:00,28.07,0.16,8.03,Stationery,In-store,Returned,Medium,1010.52,VIP
501063,Headphones,18,2021-03-19 06:00,81.61,0.23,29.68,Stationery,Online,Not Returned,Low,1468.98,VIP
994932,Desk Lamp,43,2021-03-19 20:00,94.5,0.31,6.51,Stationery,In-store,Not Returned,High,4063.5,VIP
540924,Office Chair,39,2021-03-20 01:00,28.83,0.03,11.16,Stationery,Online,Not Returned,Medium,1124.37,VIP
179971,Blue Pen,29,2021-03-20 18:00,68.7,0.39,18.46,Stationery,Online,Not Returned,Low,1992.3,VIP
497597,Headphones,19,2021-03-20 23:00,71.63,0.39,11.57,Stationery,Online,Returned,Medium,1360.9699999999998,VIP
336836,Notebook,35,2021-03-21 06:00,96.93,0.12,28.82,Stationery,In-store,Not Returned,Medium,3392.55,VIP
936971,Wireless Mouse,48,2021-03-22 00:00,82.75,0.46,8.62,Stationery,In-store,Not Returned,High,3972.0,VIP
633793,Notebook,29,2021-03-23 00:00,71.55,0.11,26.23,Stationery,Online,Not Returned,Medium,2074.95,VIP
571022,Wall Clock,46,2021-03-24 09:00,36.87,0.09,24.16,Stationery,In-store,Not Returned,Low,1696.02,VIP
318980,White Mug,36,2021-03-25 18:00,63.37,0.33,28.75,Stationery,In-store,Not Returned,High,2281.32,VIP
376923,T-shirt,28,2021-03-25 20:00,99.84,0.16,27.64,Stationery,Online,Not Returned,Low,2795.52,VIP
609163,USB Cable,30,2021-03-26 00:00,68.68,0.26,24.78,Stationery,Online,Not Returned,High,2060.4,VIP
992007,Notebook,29,2021-03-26 02:00,79.84,0.44,28.85,Stationery,Online,Not Returned,High,2315.36,VIP
230466,Office Chair,23,2021-03-26 18:00,85.07,0.34,10.63,Stationery,Online,Returned,High,1956.61,VIP
732088,Desk Lamp,34,2021-03-27 02:00,58.78,0.11,6.08,Stationery,In-store,Not Returned,Medium,1998.52,VIP
682933,Wall Clock,45,2021-03-27 10:00,95.16,0.38,20.56,Stationery,In-store,Not Returned,Medium,4282.2,VIP
421199,Desk Lamp,11,2021-03-27 12:00,99.09,0.19,17.35,Stationery,In-store,Not Returned,Medium,1089.99,VIP
468987,Headphones,29,2021-03-27 22:00,43.99,0.4,25.73,Stationery,In-store,Not Returned,Medium,1275.71,VIP
412865,Wall Clock,36,2021-03-28 00:00,72.65,0.47,28.63,Stationery,Online,Not Returned,High,2615.4,VIP
576857,Office Chair,23,2021-03-28 18:00,56.51,0.06,16.95,Stationery,In-store,Not Returned,Medium,1299.73,VIP
111017,Wireless Mouse,48,2021-03-28 21:00,28.21,0.33,8.03,Stationery,Online,Not Returned,Medium,1354.08,VIP
886167,Wall Clock,44,2021-03-28 23:00,37.17,0.4,9.11,Stationery,Online,Not Returned,Medium,1635.48,VIP
691293,T-shirt,24,2021-03-29 14:00,77.27,0.33,15.04,Stationery,Online,Returned,Medium,1854.48,VIP
978809,Office Chair,47,2021-03-29 19:00,41.41,0.12,18.39,Stationery,Online,Not Returned,Low,1946.27,VIP
721747,Backpack,23,2021-03-30 05:00,97.81,0.33,27.56,Stationery,Online,Not Returned,High,2249.63,VIP
207338,White Mug,30,2021-03-30 14:00,44.62,0.29,13.18,Stationery,In-store,Not Returned,Medium,1338.6,VIP
890073,Office Chair,16,2021-03-30 17:00,72.74,0.42,21.09,Stationery,In-store,Not Returned,High,1163.84,VIP
698411,White Mug,48,2021-03-30 22:00,31.18,0.41,26.31,Stationery,In-store,Not Returned,High,1496.64,VIP
576492,Wall Clock,29,2021-04-01 16:00,85.53,0.31,20.16,Stationery,Online,Not Returned,Medium,2480.37,VIP
491407,Blue Pen,43,2021-04-01 21:00,38.44,0.47,20.2,Stationery,Online,Not Returned,High,1652.9199999999998,VIP
907274,Desk Lamp,30,2021-04-01 22:00,71.03,0.06,14.15,Stationery,In-store,Not Returned,High,2130.9,VIP
291285,Wireless Mouse,24,2021-04-01 23:00,88.94,0.46,27.25,Stationery,Online,Not Returned,High,2134.56,VIP
710278,White Mug,39,2021-04-02 06:00,80.89,0.28,26.71,Stationery,Online,Not Returned,Low,3154.71,VIP
714653,Blue Pen,34,2021-04-03 13:00,84.6,0.02,16.83,Stationery,In-store,Not Returned,High,2876.4,VIP
155823,Office Chair,31,2021-04-03 17:00,58.64,0.28,11.85,Stationery,Online,Not Returned,High,1817.84,VIP
210494,Notebook,19,2021-04-04 06:00,95.6,0.12,26.21,Stationery,Online,Not Returned,High,1816.4,VIP
483609,Blue Pen,16,2021-04-04 20:00,82.19,0.49,9.59,Stationery,Online,Not Returned,Medium,1315.04,VIP
337777,Office Chair,42,2021-04-05 07:00,69.28,0.36,14.63,Stationery,In-store,Not Returned,High,2909.76,VIP
476440,Wireless Mouse,28,2021-04-05 15:00,84.66,0.41,25.16,Stationery,In-store,Not Returned,High,2370.48,VIP
502932,Notebook,41,2021-04-05 17:00,88.36,0.2,8.84,Stationery,Online,Returned,Low,3622.76,VIP
791898,Notebook,29,2021-04-05 23:00,75.71,0.09,28.16,Stationery,In-store,Not Returned,Low,2195.59,VIP
275295,Notebook,49,2021-04-06 04:00,29.09,0.01,26.39,Stationery,In-store,Not Returned,Low,1425.41,VIP
442176,Notebook,37,2021-04-06 17:00,46.59,0.22,13.69,Stationery,Online,Returned,High,1723.8300000000002,VIP
848597,T-shirt,11,2021-04-06 20:00,98.54,0.41,28.55,Stationery,Online,Not Returned,High,1083.94,VIP
236225,White Mug,18,2021-04-06 22:00,83.05,0.15,23.2,Stationery,Online,Not Returned,Medium,1494.9,VIP
241553,Office Chair,22,2021-04-06 23:00,76.61,0.32,12.02,Stationery,In-store,Returned,Medium,1685.42,VIP
728758,Headphones,29,2021-04-07 04:00,45.04,0.43,16.42,Stationery,Online,Not Returned,Medium,1306.16,VIP
685885,Wall Clock,49,2021-04-07 19:00,37.17,0.31,5.64,Stationery,In-store,Not Returned,High,1821.33,VIP
380752,Headphones,39,2021-04-08 07:00,45.91,0.25,27.97,Stationery,In-store,Not Returned,Medium,1790.4899999999998,VIP
379365,Backpack,-36,2021-04-08 12:00,-61.62,1.3025617460558934,,Stationery,Online,Not Returned,High,2218.32,VIP
619911,Wall Clock,47,2021-04-08 21:00,43.99,0.33,22.48,Stationery,In-store,Not Returned,High,2067.53,VIP
536149,Backpack,33,2021-04-08 23:00,44.96,0.37,29.32,Stationery,In-store,Not Returned,High,1483.68,VIP
169893,Headphones,26,2021-04-09 09:00,80.65,0.41,7.85,Stationery,In-store,Not Returned,High,2096.9,VIP
525840,Office Chair,39,2021-04-09 19:00,90.92,0.04,25.09,Stationery,In-store,Not Returned,High,3545.88,VIP
521001,Blue Pen,47,2021-04-09 22:00,98.22,0.49,10.78,Stationery,In-store,Not Returned,High,4616.34,VIP
840150,Desk Lamp,41,2021-04-10 01:00,51.59,0.16,9.17,Stationery,In-store,Not Returned,High,2115.19,VIP
528670,Backpack,42,2021-04-10 12:00,26.2,0.48,17.75,Stationery,In-store,Not Returned,Medium,1100.4,VIP
114429,Backpack,38,2021-04-10 16:00,66.16,0.39,20.56,Stationery,Online,Not Returned,Medium,2514.08,VIP
307500,Wireless Mouse,47,2021-04-11 04:00,76.66,0.09,10.81,Stationery,Online,Not Returned,High,3603.02,VIP
674543,USB Cable,46,2021-04-11 10:00,91.12,0.09,26.05,Stationery,Online,Not Returned,Medium,4191.52,VIP
142438,Blue Pen,34,2021-04-11 14:00,51.91,0.25,15.02,Stationery,Online,Not Returned,Medium,1764.9399999999998,VIP
437766,Desk Lamp,43,2021-04-12 02:00,24.09,0.41,23.88,Stationery,Online,Not Returned,High,1035.87,VIP
650730,T-shirt,36,2021-04-12 04:00,54.59,0.4,25.86,Stationery,Online,Not Returned,High,1965.24,VIP
140524,Office Chair,30,2021-04-12 10:00,50.3,0.19,6.99,Stationery,Online,Returned,Low,1509.0,VIP
246836,Blue Pen,20,2021-04-12 13:00,72.36,0.21,23.15,Stationery,Online,Not Returned,High,1447.2,VIP
369388,USB Cable,27,2021-04-12 20:00,87.04,0.14,29.45,Stationery,Online,Not Returned,Medium,2350.0800000000004,VIP
415104,Headphones,26,2021-04-13 22:00,92.01,0.47,7.86,Stationery,Online,Not Returned,Medium,2392.26,VIP
516740,Backpack,23,2021-04-15 01:00,69.3,0.1,22.53,Stationery,Online,Not Returned,Low,1593.9,VIP
236694,Notebook,38,2021-04-15 08:00,39.63,0.11,16.03,Stationery,In-store,Not Returned,High,1505.94,VIP
763779,Notebook,49,2021-04-15 21:00,90.67,0.19,14.31,Stationery,In-store,Not Returned,Medium,4442.83,VIP
932119,Blue Pen,44,2021-04-16 03:00,82.67,0.38,25.27,Stationery,Online,Not Returned,Medium,3637.48,VIP
297127,Desk Lamp,40,2021-04-16 07:00,79.66,0.47,8.01,Stationery,In-store,Not Returned,High,3186.4,VIP
612447,Notebook,35,2021-04-18 01:00,63.59,0.49,21.03,Stationery,Online,Not Returned,Medium,2225.65,VIP
934507,White Mug,34,2021-04-18 10:00,44.72,0.26,9.87,Stationery,In-store,Not Returned,High,1520.48,VIP
747601,Desk Lamp,30,2021-04-18 19:00,82.12,0.32,8.43,Stationery,In-store,Not Returned,Low,2463.6000000000004,VIP
907784,Wall Clock,46,2021-04-18 20:00,37.42,0.06,24.76,Stationery,In-store,Not Returned,High,1721.3200000000002,VIP
263543,Desk Lamp,36,2021-04-19 03:00,32.51,0.05,15.88,Stationery,In-store,Returned,Low,1170.36,VIP
303299,USB Cable,32,2021-04-19 13:00,43.14,0.31,22.74,Stationery,Online,Not Returned,High,1380.48,VIP
142782,Notebook,43,2021-04-20 00:00,97.08,0.17,7.63,Stationery,In-store,Not Returned,Medium,4174.44,VIP
547628,Blue Pen,-47,2021-04-20 01:00,-60.51,0.45,,Stationery,In-store,Not Returned,Low,2843.97,VIP
784659,Office Chair,34,2021-04-20 22:00,33.05,0.38,8.92,Stationery,Online,Not Returned,Medium,1123.6999999999998,VIP
324872,Blue Pen,49,2021-04-21 11:00,46.65,0.13,23.2,Stationery,Online,Not Returned,Medium,2285.85,VIP
610790,Backpack,44,2021-04-21 17:00,75.22,0.15,12.5,Stationery,Online,Not Returned,Medium,3309.68,VIP
818980,Wall Clock,46,2021-04-21 20:00,36.31,0.09,18.17,Stationery,Online,Not Returned,Low,1670.2600000000002,VIP
267809,Headphones,47,2021-04-22 03:00,80.72,0.22,9.33,Stationery,In-store,Not Returned,Low,3793.84,VIP
947959,Headphones,49,2021-04-22 09:00,66.93,0.04,7.61,Stationery,Online,Not Returned,Low,3279.57,VIP
185395,Wireless Mouse,18,2021-04-22 13:00,99.16,0.31,8.11,Stationery,Online,Not Returned,Low,1784.88,VIP
242832,Notebook,38,2021-04-23 12:00,47.35,0.17,7.01,Stationery,In-store,Not Returned,Medium,1799.3,VIP
789692,USB Cable,14,2021-04-23 17:00,87.92,0.1,8.44,Stationery,Online,Not Returned,Medium,1230.88,VIP
902207,Notebook,32,2021-04-24 10:00,40.65,0.14,6.59,Stationery,In-store,Not Returned,High,1300.8,VIP
201505,T-shirt,38,2021-04-24 19:00,57.61,0.43,13.62,Stationery,In-store,Not Returned,High,2189.18,VIP
821565,Notebook,29,2021-04-24 21:00,52.45,0.36,8.19,Stationery,Online,Not Returned,Medium,1521.0500000000002,VIP
793812,T-shirt,34,2021-04-25 10:00,30.23,0.08,23.09,Stationery,In-store,Not Returned,High,1027.82,VIP
641228,Wireless Mouse,22,2021-04-25 15:00,57.23,0.1,6.03,Stationery,In-store,Not Returned,Low,1259.06,VIP
160107,USB Cable,41,2021-04-25 22:00,26.05,0.21,9.12,Stationery,In-store,Not Returned,High,1068.05,VIP
317984,Blue Pen,34,2021-04-26 09:00,60.13,0.3,26.13,Stationery,In-store,Not Returned,Medium,2044.42,VIP
476356,Desk Lamp,46,2021-04-26 11:00,89.94,0.42,8.47,Stationery,In-store,Not Returned,Low,4137.24,VIP
986997,Office Chair,35,2021-04-26 20:00,42.34,0.17,26.11,Stationery,In-store,Returned,Low,1481.9,VIP
590391,Office Chair,36,2021-04-27 09:00,50.78,0.08,22.95,Stationery,In-store,Not Returned,Low,1828.08,VIP
511267,Notebook,23,2021-04-27 10:00,61.77,0.02,23.96,Stationery,Online,Not Returned,High,1420.71,VIP
724588,T-shirt,39,2021-04-27 15:00,80.09,0.38,17.61,Stationery,Online,Not Returned,Low,3123.51,VIP
157175,Desk Lamp,34,2021-04-27 19:00,83.88,0.23,20.99,Stationery,Online,Not Returned,Medium,2851.92,VIP
871272,White Mug,48,2021-04-28 00:00,22.61,0.18,7.69,Stationery,In-store,Not Returned,Medium,1085.28,VIP
991798,Notebook,23,2021-04-28 23:00,69.53,0.14,11.19,Stationery,In-store,Not Returned,Low,1599.19,VIP
566516,Blue Pen,35,2021-04-30 04:00,83.2,0.09,28.66,Stationery,Online,Not Returned,High,2912.0,VIP
135169,Blue Pen,25,2021-05-01 09:00,98.06,0.37,19.52,Stationery,Online,Returned,High,2451.5,VIP
928681,T-shirt,30,2021-05-01 12:00,96.34,0.29,29.91,Stationery,In-store,Not Returned,Medium,2890.2000000000003,VIP
198843,White Mug,49,2021-05-01 22:00,49.18,0.15,13.69,Stationery,In-store,Not Returned,High,2409.82,VIP
865723,USB Cable,41,2021-05-02 08:00,75.61,0.02,6.07,Stationery,In-store,Not Returned,Medium,3100.01,VIP
737384,Notebook,44,2021-05-02 14:00,93.46,0.14,16.68,Stationery,In-store,Not Returned,Low,4112.24,VIP
397668,Blue Pen,49,2021-05-02 20:00,23.17,0.47,20.69,Stationery,Online,Not Returned,High,1135.3300000000002,VIP
214560,T-shirt,42,2021-05-03 07:00,27.93,0.01,14.74,Stationery,In-store,Not Returned,High,1173.06,VIP
303990,Blue Pen,42,2021-05-03 15:00,40.44,0.13,18.02,Stationery,In-store,Not Returned,Medium,1698.48,VIP
998633,Blue Pen,-47,2021-05-03 20:00,-80.77,1.882866162442677,,Stationery,In-store,Not Returned,High,3796.19,VIP
712236,Blue Pen,44,2021-05-04 10:00,71.96,0.35,15.85,Stationery,In-store,Not Returned,High,3166.24,VIP
844974,T-shirt,44,2021-05-04 11:00,83.8,0.14,25.25,Stationery,In-store,Not Returned,High,3687.2,VIP
208073,Wireless Mouse,30,2021-05-05 14:00,86.59,0.02,21.13,Stationery,Online,Not Returned,Medium,2597.7000000000003,VIP
540126,USB Cable,49,2021-05-06 08:00,94.43,0.24,14.47,Stationery,Online,Not Returned,Low,4627.070000000001,VIP
644719,Desk Lamp,27,2021-05-06 11:00,80.57,0.03,20.06,Stationery,In-store,Not Returned,Medium,2175.39,VIP
799495,Wall Clock,40,2021-05-06 14:00,38.23,0.3,8.84,Stationery,In-store,Not Returned,High,1529.1999999999998,VIP
172204,Headphones,42,2021-05-07 05:00,79.95,0.45,12.51,Stationery,Online,Not Returned,High,3357.9,VIP
918760,Wall Clock,25,2021-05-07 10:00,79.27,0.23,7.25,Stationery,Online,Not Returned,High,1981.75,VIP
650996,Desk Lamp,34,2021-05-07 16:00,95.05,0.31,21.11,Stationery,In-store,Not Returned,High,3231.7,VIP
989213,Wall Clock,29,2021-05-08 11:00,44.31,0.38,8.38,Stationery,In-store,Not Returned,Low,1284.99,VIP
464069,White Mug,28,2021-05-08 16:00,77.41,0.31,16.82,Stationery,Online,Not Returned,Medium,2167.48,VIP
266305,Blue Pen,14,2021-05-09 05:00,84.65,0.14,25.17,Stationery,In-store,Not Returned,Medium,1185.1,VIP
388569,Blue Pen,14,2021-05-09 08:00,94.13,0.48,21.51,Stationery,In-store,Not Returned,Low,1317.82,VIP
502641,Wall Clock,44,2021-05-09 11:00,89.43,0.15,25.71,Stationery,In-store,Not Returned,Medium,3934.92,VIP
715837,USB Cable,47,2021-05-09 12:00,60.34,0.3,5.13,Stationery,Online,Not Returned,Low,2835.98,VIP
695597,Desk Lamp,23,2021-05-10 03:00,80.85,0.33,11.03,Stationery,Online,Returned,Low,1859.55,VIP
581247,Notebook,43,2021-05-10 10:00,94.69,0.35,25.57,Stationery,In-store,Not Returned,Medium,4071.67,VIP
449230,Wall Clock,16,2021-05-10 23:00,72.16,0.31,29.25,Stationery,Online,Not Returned,Medium,1154.56,VIP
581930,Office Chair,40,2021-05-11 09:00,31.67,0.34,26.38,Stationery,In-store,Not Returned,Low,1266.8000000000002,VIP
843804,White Mug,43,2021-05-11 11:00,35.87,0.18,18.47,Stationery,Online,Not Returned,Low,1542.41,VIP
352313,Desk Lamp,46,2021-05-11 18:00,44.8,0.22,21.6,Stationery,In-store,Not Returned,Medium,2060.8,VIP
206601,White Mug,22,2021-05-11 20:00,61.8,0.21,19.76,Stationery,Online,Not Returned,Medium,1359.6,VIP
496562,Notebook,46,2021-05-12 00:00,54.17,0.41,15.99,Stationery,Online,Not Returned,Low,2491.82,VIP
617561,USB Cable,17,2021-05-12 05:00,97.06,0.08,8.32,Stationery,Online,Not Returned,Low,1650.02,VIP
828042,T-shirt,48,2021-05-13 20:00,48.91,0.36,21.8,Stationery,Online,Not Returned,Low,2347.68,VIP
651616,USB Cable,46,2021-05-15 23:00,93.89,0.29,21.81,Stationery,In-store,Returned,High,4318.94,VIP
317220,Backpack,16,2021-05-16 19:00,79.48,0.48,19.43,Stationery,In-store,Not Returned,Medium,1271.68,VIP
373306,Wireless Mouse,18,2021-05-17 19:00,68.74,0.28,16.72,Stationery,In-store,Not Returned,High,1237.32,VIP
500435,USB Cable,49,2021-05-17 22:00,25.42,0.26,23.01,Stationery,In-store,Returned,Medium,1245.5800000000002,VIP
968150,Office Chair,13,2021-05-18 09:00,92.29,0.34,14.88,Stationery,In-store,Not Returned,Medium,1199.77,VIP
228938,Blue Pen,31,2021-05-18 12:00,95.86,0.25,15.55,Stationery,Online,Not Returned,Medium,2971.66,VIP
920845,USB Cable,30,2021-05-18 14:00,90.15,0.07,28.09,Stationery,In-store,Returned,Low,2704.5,VIP
419889,White Mug,32,2021-05-19 06:00,99.06,0.41,7.49,Stationery,In-store,Not Returned,Medium,3169.92,VIP
255915,White Mug,20,2021-05-19 13:00,76.57,0.08,7.36,Stationery,Online,Not Returned,Low,1531.4,VIP
232797,Headphones,45,2021-05-19 19:00,72.89,0.01,22.38,Stationery,Online,Not Returned,Low,3280.05,VIP
109304,Wall Clock,28,2021-05-19 21:00,95.02,0.02,9.89,Stationery,Online,Not Returned,Medium,2660.56,VIP
457188,T-shirt,19,2021-05-20 06:00,93.58,0.17,24.6,Stationery,In-store,Returned,High,1778.02,VIP
840957,Backpack,38,2021-05-20 12:00,63.47,0.13,24.78,Stationery,In-store,Returned,Low,2411.86,VIP
812992,Blue Pen,25,2021-05-20 15:00,83.86,0.38,5.32,Stationery,In-store,Not Returned,Medium,2096.5,VIP
871769,Wall Clock,29,2021-05-20 21:00,53.45,0.36,27.26,Stationery,Online,Not Returned,Low,1550.0500000000002,VIP
332366,Wall Clock,46,2021-05-21 01:00,82.12,0.1,19.44,Stationery,In-store,Not Returned,Low,3777.52,VIP
134012,T-shirt,33,2021-05-21 05:00,65.91,0.47,28.84,Stationery,Online,Not Returned,High,2175.03,VIP
330395,Desk Lamp,40,2021-05-22 15:00,64.25,0.26,20.86,Stationery,In-store,Not Returned,Medium,2570.0,VIP
240302,Notebook,21,2021-05-22 23:00,73.75,0.21,18.93,Stationery,Online,Returned,High,1548.75,VIP
811232,Desk Lamp,46,2021-05-23 08:00,94.2,0.43,19.37,Stationery,In-store,Not Returned,Low,4333.2,VIP
965630,Office Chair,27,2021-05-23 10:00,58.03,0.03,14.58,Stationery,Online,Not Returned,Medium,1566.81,VIP
903789,Backpack,21,2021-05-23 23:00,60.12,0.23,24.69,Stationery,In-store,Not Returned,Low,1262.52,VIP
736431,Wall Clock,41,2021-05-25 19:00,78.92,0.3,12.0,Stationery,Online,Not Returned,Medium,3235.7200000000003,VIP
795109,White Mug,35,2021-05-26 04:00,40.48,0.27,5.12,Stationery,Online,Not Returned,Low,1416.8,VIP
590783,Backpack,48,2021-05-26 08:00,31.58,0.06,17.71,Stationery,Online,Not Returned,Medium,1515.84,VIP
946626,USB Cable,33,2021-05-26 19:00,81.45,0.11,15.9,Stationery,In-store,Not Returned,High,2687.85,VIP
821075,USB Cable,-33,2021-05-26 23:00,-64.92,1.7312804169860594,,Stationery,In-store,Not Returned,Medium,2142.36,VIP
621998,Wireless Mouse,25,2021-05-27 02:00,73.14,0.39,21.78,Stationery,In-store,Returned,High,1828.5,VIP
379301,Blue Pen,20,2021-05-27 05:00,69.83,0.18,27.56,Stationery,Online,Not Returned,Low,1396.6,VIP
157450,Notebook,41,2021-05-27 21:00,26.02,0.01,21.11,Stationery,In-store,Not Returned,Medium,1066.82,VIP
112755,Headphones,19,2021-05-28 02:00,89.85,0.42,6.93,Stationery,Online,Not Returned,Low,1707.15,VIP
504470,Office Chair,29,2021-05-28 09:00,66.04,0.11,9.18,Stationery,Online,Not Returned,Medium,1915.16,VIP
546476,Office Chair,-46,2021-05-28 23:00,-93.73,0.35,,Stationery,Online,Not Returned,Medium,4311.58,VIP
624436,USB Cable,37,2021-05-29 03:00,95.67,0.02,8.33,Stationery,In-store,Not Returned,High,3539.79,VIP
913177,Headphones,27,2021-05-29 04:00,82.46,0.06,22.24,Stationery,Online,Not Returned,High,2226.42,VIP
934212,T-shirt,30,2021-05-30 12:00,44.53,0.34,21.89,Stationery,In-store,Not Returned,Medium,1335.9,VIP
947790,Desk Lamp,38,2021-05-30 20:00,38.42,0.1,11.82,Stationery,Online,Returned,Medium,1459.96,VIP
482601,Office Chair,41,2021-05-30 22:00,33.79,0.01,13.76,Stationery,In-store,Not Returned,Medium,1385.39,VIP
742216,Notebook,23,2021-05-31 01:00,71.49,0.18,10.85,Stationery,Online,Not Returned,Medium,1644.27,VIP
415594,Office Chair,30,2021-05-31 19:00,87.62,0.36,8.6,Stationery,In-store,Not Returned,High,2628.6000000000004,VIP
723578,USB Cable,24,2021-06-01 00:00,54.09,0.03,14.73,Stationery,Online,Not Returned,High,1298.16,VIP
231832,T-shirt,36,2021-06-01 02:00,75.45,0.11,14.92,Stationery,In-store,Returned,High,2716.2000000000003,VIP
933608,Blue Pen,44,2021-06-01 12:00,51.83,0.08,10.05,Stationery,Online,Not Returned,High,2280.52,VIP
763299,Backpack,22,2021-06-01 14:00,93.7,0.28,19.12,Stationery,Online,Not Returned,High,2061.4,VIP
217517,Wireless Mouse,41,2021-06-02 10:00,47.45,0.42,8.32,Stationery,Online,Not Returned,High,1945.45,VIP
735861,Wall Clock,30,2021-06-04 09:00,36.23,0.23,29.07,Stationery,In-store,Not Returned,High,1086.9,VIP
417499,Headphones,35,2021-06-05 03:00,56.05,0.3,25.89,Stationery,Online,Returned,Medium,1961.75,VIP
357351,Wall Clock,49,2021-06-05 22:00,83.92,0.19,28.2,Stationery,Online,Not Returned,High,4112.08,VIP
982756,White Mug,48,2021-06-06 04:00,35.48,0.11,25.07,Stationery,Online,Not Returned,High,1703.04,VIP
937335,T-shirt,45,2021-06-06 05:00,28.06,0.11,10.77,Stationery,Online,Not Returned,High,1262.7,VIP
585375,Blue Pen,24,2021-06-06 06:00,49.5,0.1,25.04,Stationery,In-store,Not Returned,Low,1188.0,VIP
792657,Desk Lamp,39,2021-06-06 20:00,54.2,0.27,16.39,Stationery,In-store,Not Returned,High,2113.8,VIP
990936,Notebook,16,2021-06-07 11:00,84.11,0.01,7.44,Stationery,In-store,Not Returned,Low,1345.76,VIP
515882,Headphones,40,2021-06-07 20:00,89.82,0.22,16.42,Stationery,In-store,Not Returned,High,3592.8,VIP
493852,USB Cable,48,2021-06-08 00:00,84.03,0.08,18.45,Stationery,In-store,Not Returned,Low,4033.44,VIP
727915,USB Cable,29,2021-06-08 08:00,52.36,0.34,6.32,Stationery,In-store,Not Returned,High,1518.44,VIP
866552,Headphones,43,2021-06-08 11:00,94.16,0.17,26.2,Stationery,Online,Not Returned,Low,4048.88,VIP
697597,Desk Lamp,29,2021-06-08 14:00,76.15,0.35,15.32,Stationery,Online,Not Returned,High,2208.3500000000004,VIP
914042,Office Chair,37,2021-06-09 12:00,62.66,0.13,24.02,Stationery,In-store,Not Returned,High,2318.42,VIP
427370,T-shirt,44,2021-06-09 16:00,45.78,0.09,20.57,Stationery,In-store,Not Returned,Low,2014.32,VIP
308851,Notebook,37,2021-06-09 18:00,86.37,0.4,17.52,Stationery,In-store,Not Returned,Medium,3195.69,VIP
735383,Wall Clock,16,2021-06-11 02:00,86.76,0.22,15.72,Stationery,Online,Not Returned,High,1388.16,VIP
763440,Desk Lamp,46,2021-06-11 06:00,85.81,0.16,27.81,Stationery,Online,Not Returned,Medium,3947.26,VIP
615689,Notebook,26,2021-06-11 16:00,94.18,0.12,14.13,Stationery,Online,Returned,High,2448.6800000000003,VIP
948883,Wall Clock,30,2021-06-12 01:00,59.5,0.09,23.26,Stationery,In-store,Not Returned,Low,1785.0,VIP
153024,Blue Pen,49,2021-06-12 17:00,71.13,0.45,22.88,Stationery,Online,Returned,Low,3485.37,VIP
275183,T-shirt,-25,2021-06-12 19:00,-83.66,1.6980448911705666,,Stationery,In-store,Not Returned,Low,2091.5,VIP
849037,USB Cable,14,2021-06-13 04:00,96.1,0.4,11.77,Stationery,In-store,Not Returned,High,1345.4,VIP
834769,USB Cable,26,2021-06-13 18:00,98.22,0.24,26.65,Stationery,In-store,Not Returned,Medium,2553.72,VIP
469604,Backpack,35,2021-06-14 01:00,89.36,0.2,13.63,Stationery,In-store,Not Returned,Low,3127.6,VIP
863043,Headphones,27,2021-06-14 04:00,80.93,0.11,16.82,Stationery,Online,Not Returned,Low,2185.11,VIP
681176,Wall Clock,46,2021-06-14 08:00,56.94,0.48,21.39,Stationery,Online,Not Returned,Medium,2619.24,VIP
807494,White Mug,41,2021-06-14 10:00,61.03,0.42,10.1,Stationery,Online,Returned,Medium,2502.23,VIP
736436,White Mug,14,2021-06-14 18:00,98.63,0.09,16.66,Stationery,Online,Returned,High,1380.82,VIP
250594,Backpack,20,2021-06-14 23:00,92.12,0.1,18.8,Stationery,In-store,Not Returned,Low,1842.4,VIP
133545,USB Cable,24,2021-06-15 02:00,42.59,0.17,29.14,Stationery,In-store,Not Returned,High,1022.16,VIP
360123,Desk Lamp,42,2021-06-15 08:00,82.14,0.13,17.3,Stationery,Online,Not Returned,High,3449.88,VIP
864489,Backpack,23,2021-06-15 18:00,44.66,0.02,15.56,Stationery,In-store,Not Returned,Low,1027.1799999999998,VIP
155479,Wireless Mouse,29,2021-06-15 21:00,93.03,0.06,17.88,Stationery,Online,Not Returned,Medium,2697.87,VIP
817278,Headphones,49,2021-06-16 05:00,34.08,0.41,19.88,Stationery,In-store,Not Returned,High,1669.9199999999998,VIP
520331,Blue Pen,38,2021-06-16 07:00,88.42,0.02,17.5,Stationery,Online,Not Returned,High,3359.96,VIP
896505,White Mug,39,2021-06-16 17:00,60.39,0.33,10.53,Stationery,Online,Not Returned,High,2355.21,VIP
923683,USB Cable,19,2021-06-16 18:00,72.59,0.32,28.69,Stationery,In-store,Not Returned,High,1379.21,VIP
413760,Blue Pen,33,2021-06-16 22:00,67.05,0.21,17.78,Stationery,Online,Not Returned,High,2212.65,VIP
794934,White Mug,36,2021-06-17 05:00,59.27,0.08,6.29,Stationery,Online,Not Returned,High,2133.7200000000003,VIP
929716,Wall Clock,36,2021-06-17 06:00,47.82,0.13,12.06,Stationery,Online,Not Returned,Low,1721.52,VIP
685768,Wall Clock,17,2021-06-17 12:00,70.7,0.22,20.68,Stationery,In-store,Not Returned,Medium,1201.9,VIP
760601,Notebook,-48,2021-06-17 13:00,-33.25,0.32,,Stationery,Online,Not Returned,Low,1596.0,VIP
168754,Wireless Mouse,30,2021-06-18 01:00,91.54,0.14,23.36,Stationery,Online,Not Returned,Medium,2746.2000000000003,VIP
986146,Office Chair,31,2021-06-19 11:00,62.95,0.28,19.0,Stationery,In-store,Not Returned,High,1951.45,VIP
628058,USB Cable,40,2021-06-19 12:00,57.39,0.35,18.33,Stationery,Online,Not Returned,Low,2295.6,VIP
152635,White Mug,28,2021-06-19 17:00,96.26,0.31,10.5,Stationery,Online,Not Returned,Medium,2695.28,VIP
385815,Desk Lamp,49,2021-06-20 01:00,43.29,0.19,22.06,Stationery,Online,Not Returned,Medium,2121.21,VIP
196748,USB Cable,37,2021-06-20 06:00,34.53,0.44,21.07,Stationery,Online,Not Returned,Low,1277.61,VIP
445695,USB Cable,34,2021-06-20 11:00,30.09,0.26,22.78,Stationery,In-store,Not Returned,Medium,1023.06,VIP
420974,White Mug,43,2021-06-20 19:00,83.02,0.32,21.8,Stationery,Online,Not Returned,High,3569.86,VIP
657985,T-shirt,31,2021-06-20 22:00,72.57,0.26,5.45,Stationery,In-store,Not Returned,High,2249.67,VIP
710937,USB Cable,26,2021-06-21 05:00,75.32,0.31,7.37,Stationery,In-store,Not Returned,Low,1958.32,VIP
373280,Wireless Mouse,45,2021-06-21 07:00,96.07,0.17,9.81,Stationery,In-store,Returned,Low,4323.15,VIP
539948,T-shirt,48,2021-06-22 23:00,63.43,0.16,19.61,Stationery,Online,Not Returned,Medium,3044.64,VIP
940597,Notebook,15,2021-06-23 06:00,69.0,0.24,27.73,Stationery,In-store,Not Returned,High,1035.0,VIP
546880,Wall Clock,21,2021-06-23 08:00,90.11,0.5,29.18,Stationery,Online,Not Returned,Low,1892.31,VIP
616031,Desk Lamp,41,2021-06-24 16:00,81.42,0.15,18.52,Stationery,In-store,Not Returned,Low,3338.2200000000003,VIP
707871,Office Chair,42,2021-06-25 03:00,45.8,0.49,12.75,Stationery,Online,Not Returned,Medium,1923.6,VIP
127757,Desk Lamp,31,2021-06-25 07:00,94.69,0.09,27.18,Stationery,Online,Not Returned,Low,2935.39,VIP
554623,Office Chair,38,2021-06-25 08:00,61.67,0.04,11.77,Stationery,In-store,Not Returned,High,2343.46,VIP
699608,T-shirt,28,2021-06-25 16:00,51.52,0.17,8.75,Stationery,Online,Not Returned,Medium,1442.5600000000002,VIP
854208,Wall Clock,43,2021-06-25 23:00,43.53,0.16,24.59,Stationery,In-store,Not Returned,High,1871.79,VIP
725219,White Mug,20,2021-06-26 03:00,54.54,0.16,12.75,Stationery,Online,Not Returned,Medium,1090.8,VIP
237852,Office Chair,16,2021-06-26 05:00,68.68,0.16,5.46,Stationery,Online,Not Returned,Low,1098.88,VIP
332084,Wall Clock,39,2021-06-26 13:00,46.72,0.16,7.29,Stationery,In-store,Not Returned,Low,1822.08,VIP
565944,Notebook,19,2021-06-27 15:00,55.4,0.26,9.33,Stationery,In-store,Not Returned,Medium,1052.6,VIP
217919,Wall Clock,35,2021-06-28 16:00,34.38,0.4,15.45,Stationery,In-store,Not Returned,Low,1203.3000000000002,VIP
982522,Blue Pen,37,2021-06-29 01:00,80.53,0.11,28.64,Stationery,In-store,Returned,Medium,2979.61,VIP
708481,Headphones,38,2021-06-30 00:00,96.5,0.05,28.63,Stationery,Online,Returned,High,3667.0,VIP
846470,Wireless Mouse,35,2021-06-30 05:00,35.77,0.02,15.07,Stationery,In-store,Not Returned,Low,1251.95,VIP
465500,Blue Pen,24,2021-06-30 09:00,84.51,0.03,12.73,Stationery,In-store,Not Returned,Medium,2028.24,VIP
492776,Desk Lamp,37,2021-07-02 10:00,41.08,0.14,27.24,Stationery,In-store,Not Returned,High,1519.96,VIP
848353,USB Cable,-30,2021-07-02 15:00,-42.28,1.646946230749648,,Stationery,In-store,Not Returned,Medium,1268.4,VIP
606767,USB Cable,45,2021-07-02 17:00,25.77,0.49,5.4,Stationery,Online,Not Returned,High,1159.65,VIP
316351,Desk Lamp,18,2021-07-02 20:00,67.9,0.13,25.93,Stationery,In-store,Returned,Low,1222.2,VIP
203021,White Mug,36,2021-07-02 22:00,99.07,0.16,22.69,Stationery,In-store,Not Returned,High,3566.5199999999995,VIP
906409,White Mug,34,2021-07-03 03:00,40.57,0.08,11.66,Stationery,In-store,Not Returned,Low,1379.38,VIP
305214,Wireless Mouse,36,2021-07-03 04:00,57.67,0.36,27.27,Stationery,In-store,Not Returned,High,2076.12,VIP
330144,Backpack,30,2021-07-03 09:00,56.3,0.04,11.11,Stationery,In-store,Not Returned,High,1689.0,VIP
614242,T-shirt,47,2021-07-03 18:00,61.16,0.43,16.69,Stationery,Online,Not Returned,Medium,2874.52,VIP
107032,Office Chair,36,2021-07-04 06:00,31.84,0.18,12.43,Stationery,Online,Not Returned,High,1146.24,VIP
615882,Wall Clock,13,2021-07-04 10:00,92.18,0.32,16.29,Stationery,In-store,Not Returned,High,1198.34,VIP
448249,T-shirt,28,2021-07-04 17:00,98.68,0.21,28.75,Stationery,Online,Not Returned,Medium,2763.04,VIP
782067,Wall Clock,45,2021-07-04 20:00,68.78,0.4,8.43,Stationery,In-store,Not Returned,High,3095.1,VIP
651250,Desk Lamp,20,2021-07-05 09:00,66.09,0.2,27.39,Stationery,Online,Not Returned,High,1321.8000000000002,VIP
173631,Notebook,21,2021-07-06 14:00,80.04,0.12,15.12,Stationery,Online,Not Returned,Low,1680.84,VIP
409799,Desk Lamp,41,2021-07-06 18:00,37.12,0.38,8.12,Stationery,Online,Not Returned,Medium,1521.9199999999998,VIP
151786,Wireless Mouse,39,2021-07-06 22:00,53.49,0.1,6.72,Stationery,Online,Not Returned,High,2086.11,VIP
504062,Office Chair,12,2021-07-07 13:00,96.15,0.46,11.02,Stationery,In-store,Not Returned,High,1153.8000000000002,VIP
984343,Wall Clock,29,2021-07-08 04:00,42.56,0.24,20.94,Stationery,Online,Not Returned,High,1234.24,VIP
372859,USB Cable,45,2021-07-08 22:00,22.52,0.2,29.63,Stationery,In-store,Not Returned,High,1013.4,VIP
574917,Wall Clock,25,2021-07-08 23:00,54.69,0.44,26.64,Stationery,In-store,Not Returned,High,1367.25,VIP
981450,Wall Clock,39,2021-07-09 16:00,81.24,0.29,5.45,Stationery,In-store,Not Returned,Medium,3168.36,VIP
562326,Headphones,-35,2021-07-10 12:00,-35.97,1.472415903996101,,Stationery,In-store,Returned,High,1258.95,VIP
870625,T-shirt,44,2021-07-10 21:00,64.68,0.04,19.24,Stationery,Online,Not Returned,High,2845.92,VIP
735589,Headphones,46,2021-07-10 22:00,89.62,0.2,23.53,Stationery,In-store,Not Returned,High,4122.52,VIP
830151,USB Cable,48,2021-07-11 04:00,84.69,0.45,8.05,Stationery,Online,Not Returned,High,4065.12,VIP
892214,Backpack,35,2021-07-11 07:00,46.26,0.09,15.07,Stationery,In-store,Not Returned,Low,1619.1,VIP
691058,USB Cable,47,2021-07-11 08:00,89.72,0.23,16.73,Stationery,Online,Not Returned,Low,4216.84,VIP
288392,Wall Clock,47,2021-07-12 00:00,44.72,0.32,16.78,Stationery,Online,Not Returned,High,2101.84,VIP
881675,Desk Lamp,15,2021-07-12 05:00,79.54,0.15,21.26,Stationery,Online,Not Returned,High,1193.1,VIP
882780,T-shirt,48,2021-07-13 14:00,40.51,0.45,25.89,Stationery,Online,Not Returned,Low,1944.48,VIP
855679,USB Cable,42,2021-07-13 18:00,81.65,0.16,5.26,Stationery,Online,Not Returned,Medium,3429.3,VIP
700139,T-shirt,39,2021-07-14 02:00,44.7,0.45,18.91,Stationery,In-store,Not Returned,High,1743.3000000000002,VIP
479989,USB Cable,18,2021-07-14 23:00,67.6,0.28,21.44,Stationery,In-store,Not Returned,High,1216.8,VIP
154796,Blue Pen,46,2021-07-15 07:00,41.07,0.21,29.14,Stationery,In-store,Not Returned,Low,1889.22,VIP
329766,Headphones,21,2021-07-15 19:00,56.9,0.18,7.28,Stationery,In-store,Not Returned,Medium,1194.9,VIP
999574,White Mug,25,2021-07-16 12:00,99.5,0.08,11.62,Stationery,Online,Not Returned,Medium,2487.5,VIP
638769,Office Chair,30,2021-07-17 02:00,77.88,0.49,11.34,Stationery,Online,Not Returned,High,2336.4,VIP
747302,White Mug,39,2021-07-17 06:00,42.03,0.14,10.55,Stationery,In-store,Not Returned,Low,1639.17,VIP
614111,Backpack,29,2021-07-17 09:00,85.38,0.24,16.21,Stationery,Online,Not Returned,High,2476.02,VIP
123555,Notebook,27,2021-07-17 21:00,37.85,0.29,28.11,Stationery,Online,Not Returned,Low,1021.95,VIP
408697,Wall Clock,45,2021-07-18 03:00,73.51,0.49,16.72,Stationery,Online,Not Returned,Medium,3307.9500000000003,VIP
550415,Backpack,23,2021-07-18 19:00,45.57,0.35,13.18,Stationery,In-store,Not Returned,Low,1048.11,VIP
648723,T-shirt,35,2021-07-19 01:00,54.17,0.38,18.22,Stationery,Online,Not Returned,Low,1895.95,VIP
160261,Headphones,34,2021-07-19 08:00,83.04,0.04,26.21,Stationery,In-store,Returned,Low,2823.36,VIP
646702,Office Chair,48,2021-07-19 10:00,47.54,0.24,25.63,Stationery,Online,Not Returned,Medium,2281.92,VIP
598665,Office Chair,18,2021-07-19 14:00,82.86,0.09,21.66,Stationery,In-store,Returned,Low,1491.48,VIP
763884,Office Chair,40,2021-07-19 20:00,63.34,0.14,29.08,Stationery,In-store,Not Returned,Low,2533.6000000000004,VIP
386543,Notebook,25,2021-07-20 00:00,69.41,0.39,25.52,Stationery,Online,Not Returned,High,1735.25,VIP
745120,Headphones,17,2021-07-20 12:00,59.93,0.46,13.94,Stationery,Online,Not Returned,High,1018.81,VIP
364814,Office Chair,-36,2021-07-21 10:00,-95.45,1.882292143999761,,Stationery,Online,Not Returned,Medium,3436.2000000000003,VIP
649883,Wireless Mouse,38,2021-07-21 18:00,66.84,0.0,6.5,Stationery,Online,Not Returned,Medium,2539.92,VIP
854108,T-shirt,25,2021-07-22 02:00,48.76,0.34,22.47,Stationery,Online,Not Returned,High,1219.0,VIP
993893,Wireless Mouse,21,2021-07-22 03:00,69.26,0.02,6.13,Stationery,Online,Not Returned,Medium,1454.46,VIP
149810,T-shirt,48,2021-07-23 00:00,93.32,0.21,21.79,Stationery,In-store,Not Returned,Medium,4479.36,VIP
229926,Wall Clock,37,2021-07-23 01:00,32.79,0.11,11.0,Stationery,Online,Not Returned,High,1213.23,VIP
116375,Backpack,-49,2021-07-23 04:00,-27.66,1.2100376755642346,,Stationery,Online,Not Returned,Low,1355.34,VIP
338117,Blue Pen,26,2021-07-23 05:00,68.63,0.2,20.79,Stationery,Online,Not Returned,Low,1784.38,VIP
465213,Wall Clock,40,2021-07-24 02:00,94.03,0.09,5.87,Stationery,Online,Not Returned,Low,3761.2,VIP
644284,White Mug,28,2021-07-24 03:00,40.29,0.26,29.57,Stationery,Online,Not Returned,Medium,1128.12,VIP
609220,Headphones,34,2021-07-24 07:00,57.38,0.23,19.16,Stationery,Online,Not Returned,Medium,1950.92,VIP
171325,Blue Pen,21,2021-07-24 11:00,55.22,0.37,18.7,Stationery,Online,Returned,High,1159.62,VIP
370086,Backpack,29,2021-07-24 16:00,55.83,0.11,23.8,Stationery,Online,Returned,Low,1619.07,VIP
608898,Wireless Mouse,35,2021-07-25 05:00,37.8,0.34,29.54,Stationery,In-store,Not Returned,High,1323.0,VIP
925754,White Mug,31,2021-07-25 07:00,58.44,0.18,9.96,Stationery,Online,Not Returned,High,1811.64,VIP
893354,T-shirt,29,2021-07-25 23:00,67.03,0.11,28.95,Stationery,Online,Not Returned,Medium,1943.87,VIP
876385,Notebook,46,2021-07-26 03:00,43.29,0.48,12.13,Stationery,In-store,Not Returned,High,1991.34,VIP
127843,T-shirt,31,2021-07-26 07:00,66.32,0.45,5.74,Stationery,In-store,Not Returned,High,2055.92,VIP
226417,Backpack,31,2021-07-26 11:00,89.28,0.3,28.55,Stationery,Online,Not Returned,Medium,2767.68,VIP
789050,Headphones,32,2021-07-27 04:00,46.8,0.44,17.36,Stationery,In-store,Returned,High,1497.6,VIP
216361,Headphones,41,2021-07-27 21:00,61.14,0.07,20.68,Stationery,Online,Not Returned,Low,2506.74,VIP
520630,Notebook,28,2021-07-28 02:00,95.5,0.18,21.02,Stationery,Online,Not Returned,High,2674.0,VIP
150818,T-shirt,42,2021-07-28 03:00,54.83,0.09,15.49,Stationery,In-store,Not Returned,Medium,2302.86,VIP
293481,Notebook,22,2021-07-28 06:00,99.83,0.41,29.04,Stationery,Online,Not Returned,High,2196.26,VIP
909121,Blue Pen,39,2021-07-28 12:00,54.07,0.45,24.6,Stationery,Online,Not Returned,Low,2108.73,VIP
846004,Wireless Mouse,32,2021-07-29 06:00,49.38,0.26,15.87,Stationery,In-store,Not Returned,Low,1580.16,VIP
549410,USB Cable,11,2021-07-29 08:00,91.42,0.32,10.45,Stationery,In-store,Not Returned,High,1005.62,VIP
706289,T-shirt,16,2021-07-29 09:00,89.4,0.08,21.93,Stationery,In-store,Returned,Medium,1430.4,VIP
987921,Wall Clock,-25,2021-07-29 19:00,-81.34,0.29,,Stationery,In-store,Not Returned,High,2033.5,VIP
352411,Blue Pen,18,2021-07-29 21:00,93.0,0.5,18.22,Stationery,Online,Not Returned,Low,1674.0,VIP
816861,White Mug,15,2021-07-29 22:00,84.02,0.27,24.26,Stationery,In-store,Returned,High,1260.3,VIP
826050,Desk Lamp,31,2021-07-30 02:00,78.17,0.11,5.97,Stationery,In-store,Not Returned,High,2423.27,VIP
847520,Notebook,25,2021-07-30 17:00,41.4,0.33,29.17,Stationery,In-store,Not Returned,Low,1035.0,VIP
183030,Wall Clock,41,2021-08-01 05:00,96.03,0.17,13.57,Stationery,In-store,Returned,Medium,3937.23,VIP
606199,Headphones,49,2021-08-02 14:00,82.98,0.04,13.64,Stationery,Online,Not Returned,Low,4066.02,VIP
329707,Wall Clock,35,2021-08-03 02:00,35.43,0.47,5.07,Stationery,Online,Not Returned,High,1240.05,VIP
983523,Backpack,27,2021-08-04 02:00,95.08,0.08,28.86,Stationery,Online,Not Returned,Medium,2567.16,VIP
501176,USB Cable,34,2021-08-04 18:00,84.79,0.34,29.26,Stationery,In-store,Not Returned,Low,2882.86,VIP
956509,White Mug,36,2021-08-05 07:00,32.2,0.12,6.57,Stationery,Online,Not Returned,Low,1159.2,VIP
375455,Wireless Mouse,48,2021-08-05 10:00,79.49,0.26,10.11,Stationery,Online,Not Returned,Low,3815.52,VIP
783753,Notebook,22,2021-08-05 22:00,98.74,0.38,20.56,Stationery,Online,Returned,High,2172.28,VIP
446418,Wall Clock,34,2021-08-06 00:00,86.47,0.12,23.3,Stationery,Online,Not Returned,High,2939.98,VIP
155162,Wireless Mouse,46,2021-08-06 08:00,72.59,0.39,21.99,Stationery,Online,Not Returned,Low,3339.1400000000003,VIP
242394,USB Cable,29,2021-08-07 08:00,38.19,0.16,12.52,Stationery,Online,Not Returned,High,1107.51,VIP
328208,Office Chair,-34,2021-08-07 13:00,-63.71,1.4491632059671575,,Stationery,In-store,Not Returned,Low,2166.14,VIP
491342,Headphones,47,2021-08-07 14:00,76.01,0.04,17.05,Stationery,Online,Not Returned,Medium,3572.4700000000003,VIP
372743,Wall Clock,12,2021-08-08 02:00,91.42,0.04,22.49,Stationery,Online,Returned,Medium,1097.04,VIP
895740,Desk Lamp,44,2021-08-08 22:00,57.54,0.35,29.0,Stationery,Online,Not Returned,High,2531.76,VIP
536156,Headphones,22,2021-08-09 07:00,68.03,0.27,10.45,Stationery,In-store,Not Returned,Low,1496.66,VIP
577936,Notebook,19,2021-08-09 18:00,93.27,0.2,7.39,Stationery,In-store,Returned,Low,1772.13,VIP
639340,Notebook,28,2021-08-09 23:00,73.49,0.13,19.46,Stationery,In-store,Not Returned,Medium,2057.72,VIP
772634,Wall Clock,30,2021-08-10 05:00,47.71,0.29,10.35,Stationery,Online,Not Returned,High,1431.3,VIP
380064,Office Chair,28,2021-08-10 15:00,82.15,0.18,6.19,Stationery,In-store,Not Returned,Low,2300.2000000000003,VIP
783019,White Mug,42,2021-08-11 03:00,93.32,0.01,21.1,Stationery,In-store,Not Returned,Low,3919.44,VIP
301466,White Mug,40,2021-08-12 07:00,73.2,0.07,13.53,Stationery,Online,Not Returned,Low,2928.0,VIP
462205,Backpack,49,2021-08-13 21:00,60.21,0.15,14.8,Stationery,In-store,Not Returned,High,2950.29,VIP
554055,Desk Lamp,46,2021-08-14 03:00,92.44,0.11,20.21,Stationery,Online,Not Returned,Low,4252.24,VIP
541913,Notebook,33,2021-08-14 13:00,80.53,0.31,23.24,Stationery,In-store,Not Returned,Low,2657.49,VIP
337778,Blue Pen,39,2021-08-14 17:00,92.31,0.21,11.7,Stationery,Online,Returned,High,3600.09,VIP
685894,White Mug,20,2021-08-14 19:00,65.83,0.45,11.55,Stationery,Online,Not Returned,Low,1316.6,VIP
726020,White Mug,49,2021-08-14 22:00,29.24,0.21,10.5,Stationery,Online,Not Returned,High,1432.76,VIP
975612,Wireless Mouse,29,2021-08-15 06:00,67.67,0.44,28.3,Stationery,Online,Not Returned,Medium,1962.43,VIP
969559,USB Cable,17,2021-08-15 10:00,75.79,0.21,8.51,Stationery,In-store,Not Returned,Low,1288.43,VIP
682393,Office Chair,48,2021-08-16 03:00,98.4,0.09,27.61,Stationery,Online,Returned,Low,4723.200000000001,VIP
390699,Notebook,45,2021-08-16 06:00,72.98,0.46,17.16,Stationery,Online,Not Returned,Medium,3284.1000000000004,VIP
505041,Notebook,48,2021-08-16 11:00,46.42,0.35,10.57,Stationery,In-store,Not Returned,Low,2228.16,VIP
591513,Blue Pen,21,2021-08-16 20:00,89.38,0.4,19.63,Stationery,In-store,Not Returned,Low,1876.98,VIP
684359,Headphones,23,2021-08-16 23:00,55.56,0.33,19.45,Stationery,Online,Not Returned,High,1277.88,VIP
796101,White Mug,39,2021-08-17 17:00,78.59,0.23,26.22,Stationery,Online,Not Returned,Low,3065.01,VIP
107887,Backpack,44,2021-08-17 19:00,38.92,0.04,25.61,Stationery,In-store,Not Returned,Low,1712.48,VIP
921929,Headphones,-36,2021-08-17 22:00,-70.08,1.5524954802187492,,Stationery,In-store,Not Returned,Low,2522.88,VIP
816369,Headphones,32,2021-08-18 00:00,98.94,0.11,27.19,Stationery,Online,Not Returned,Medium,3166.08,VIP
620337,Backpack,34,2021-08-18 04:00,77.39,0.22,28.73,Stationery,In-store,Not Returned,High,2631.26,VIP
478710,Backpack,32,2021-08-18 06:00,99.6,0.15,18.48,Stationery,In-store,Not Returned,Low,3187.2,VIP
527499,USB Cable,47,2021-08-18 10:00,33.97,0.42,20.42,Stationery,In-store,Returned,Medium,1596.59,VIP
181991,White Mug,20,2021-08-18 18:00,70.7,0.16,7.58,Stationery,Online,Not Returned,Low,1414.0,VIP
585714,Desk Lamp,33,2021-08-18 23:00,49.69,0.27,22.29,Stationery,In-store,Not Returned,Low,1639.77,VIP
191627,Wall Clock,35,2021-08-19 03:00,51.97,0.04,5.23,Stationery,Online,Returned,High,1818.95,VIP
675657,Headphones,26,2021-08-19 13:00,83.06,0.12,10.98,Stationery,Online,Not Returned,High,2159.56,VIP
989532,Headphones,39,2021-08-19 15:00,88.56,0.24,13.71,Stationery,In-store,Not Returned,Medium,3453.84,VIP
838563,T-shirt,37,2021-08-19 17:00,49.85,0.49,27.68,Stationery,In-store,Not Returned,Medium,1844.45,VIP
305383,T-shirt,23,2021-08-19 18:00,52.78,0.45,6.19,Stationery,In-store,Returned,Low,1213.94,VIP
391799,Office Chair,20,2021-08-19 19:00,67.49,0.23,15.75,Stationery,Online,Not Returned,Low,1349.8,VIP
536441,Office Chair,42,2021-08-20 00:00,91.1,0.27,11.9,Stationery,Online,Not Returned,Medium,3826.2,VIP
721839,Headphones,-32,2021-08-20 20:00,-55.36,1.114918319936399,,Stationery,In-store,Not Returned,Low,1771.52,VIP
307627,White Mug,46,2021-08-21 03:00,35.22,0.32,7.56,Stationery,In-store,Not Returned,Low,1620.12,VIP
161596,Office Chair,40,2021-08-21 10:00,28.42,0.28,12.61,Stationery,Online,Not Returned,Low,1136.8000000000002,VIP
233332,T-shirt,27,2021-08-21 21:00,71.89,0.08,25.08,Stationery,In-store,Not Returned,High,1941.03,VIP
833282,Office Chair,44,2021-08-22 16:00,65.65,0.3,13.97,Stationery,Online,Not Returned,Low,2888.6000000000004,VIP
387249,Backpack,48,2021-08-25 03:00,67.04,0.4,17.62,Stationery,Online,Not Returned,Low,3217.92,VIP
966262,White Mug,47,2021-08-25 04:00,66.98,0.27,16.19,Stationery,In-store,Not Returned,High,3148.0600000000004,VIP
449379,Desk Lamp,39,2021-08-25 08:00,32.88,0.46,26.55,Stationery,Online,Returned,Low,1282.3200000000002,VIP
978722,Wall Clock,44,2021-08-25 23:00,87.36,0.05,24.64,Stationery,Online,Not Returned,Low,3843.84,VIP
668728,Notebook,24,2021-08-26 23:00,52.96,0.48,19.71,Stationery,In-store,Not Returned,Medium,1271.04,VIP
417399,Blue Pen,42,2021-08-27 02:00,48.59,0.03,11.34,Stationery,Online,Not Returned,Low,2040.78,VIP
259950,Wireless Mouse,-38,2021-08-27 13:00,-80.9,1.436521758417118,,Stationery,In-store,Not Returned,High,3074.2000000000003,VIP
105914,Wireless Mouse,35,2021-08-27 15:00,40.68,0.46,15.94,Stationery,Online,Not Returned,Low,1423.8,VIP
966651,Office Chair,42,2021-08-27 18:00,53.83,0.31,16.4,Stationery,Online,Not Returned,Low,2260.86,VIP
131159,Wall Clock,42,2021-08-28 13:00,53.01,0.13,9.7,Stationery,Online,Returned,High,2226.42,VIP
142039,White Mug,37,2021-08-28 14:00,32.53,0.36,26.4,Stationery,In-store,Not Returned,Medium,1203.61,VIP
792378,Blue Pen,27,2021-08-29 10:00,73.05,0.08,26.31,Stationery,In-store,Not Returned,High,1972.35,VIP
139759,T-shirt,41,2021-08-29 12:00,27.64,0.5,28.88,Stationery,In-store,Returned,High,1133.24,VIP
580533,Office Chair,31,2021-08-30 03:00,37.59,0.29,6.31,Stationery,In-store,Not Returned,Low,1165.2900000000002,VIP
510140,USB Cable,-25,2021-08-30 08:00,-43.52,0.04,,Stationery,In-store,Not Returned,Low,1088.0,VIP
647340,Office Chair,45,2021-08-30 17:00,61.43,0.24,16.32,Stationery,In-store,Not Returned,Medium,2764.35,VIP
234670,Office Chair,39,2021-09-02 02:00,73.92,0.01,9.38,Stationery,In-store,Not Returned,Medium,2882.88,VIP
411869,Office Chair,39,2021-09-02 07:00,85.9,0.46,17.4,Stationery,Online,Not Returned,Low,3350.1000000000004,VIP
809038,Headphones,24,2021-09-03 08:00,64.72,0.07,17.09,Stationery,Online,Not Returned,High,1553.28,VIP
983237,T-shirt,26,2021-09-04 02:00,98.25,0.16,12.39,Stationery,In-store,Not Returned,High,2554.5,VIP
765897,Desk Lamp,35,2021-09-04 18:00,75.57,0.23,9.14,Stationery,In-store,Not Returned,Medium,2644.95,VIP
353978,Desk Lamp,18,2021-09-05 01:00,87.93,0.15,19.41,Stationery,Online,Not Returned,Medium,1582.7400000000002,VIP
844298,USB Cable,45,2021-09-05 13:00,91.23,0.23,29.9,Stationery,In-store,Not Returned,Medium,4105.35,VIP
130916,Office Chair,43,2021-09-05 19:00,39.18,0.44,13.49,Stationery,Online,Not Returned,High,1684.74,VIP
735869,Headphones,24,2021-09-06 03:00,51.51,0.06,23.3,Stationery,In-store,Not Returned,Medium,1236.24,VIP
107043,Desk Lamp,25,2021-09-06 04:00,44.71,0.44,20.08,Stationery,In-store,Not Returned,Low,1117.75,VIP
925325,T-shirt,39,2021-09-06 07:00,80.11,0.43,23.4,Stationery,In-store,Not Returned,Medium,3124.29,VIP
545544,Notebook,40,2021-09-07 07:00,54.28,0.35,21.75,Stationery,In-store,Not Returned,High,2171.2,VIP
903538,Backpack,39,2021-09-07 13:00,80.01,0.24,8.77,Stationery,In-store,Not Returned,Low,3120.3900000000003,VIP
156731,Wireless Mouse,46,2021-09-07 14:00,28.05,0.5,29.34,Stationery,Online,Not Returned,Low,1290.3,VIP
349091,T-shirt,25,2021-09-07 16:00,87.16,0.0,24.83,Stationery,In-store,Not Returned,Medium,2179.0,VIP
394743,Backpack,19,2021-09-07 17:00,53.35,0.01,21.46,Stationery,In-store,Returned,Medium,1013.65,VIP
633292,Wireless Mouse,29,2021-09-07 21:00,79.91,0.38,20.87,Stationery,In-store,Not Returned,High,2317.39,VIP
544580,USB Cable,28,2021-09-08 00:00,43.58,0.37,17.9,Stationery,Online,Not Returned,Low,1220.24,VIP
799438,Notebook,35,2021-09-09 04:00,58.32,0.41,28.42,Stationery,In-store,Not Returned,Medium,2041.2,VIP
291634,USB Cable,34,2021-09-09 10:00,96.13,0.09,7.26,Stationery,Online,Not Returned,Medium,3268.42,VIP
349109,USB Cable,39,2021-09-10 15:00,95.53,0.47,16.32,Stationery,In-store,Not Returned,Low,3725.67,VIP
389445,Wall Clock,31,2021-09-10 18:00,48.48,0.23,8.06,Stationery,In-store,Not Returned,High,1502.88,VIP
842636,T-shirt,21,2021-09-10 20:00,86.01,0.21,20.01,Stationery,In-store,Not Returned,High,1806.21,VIP
387374,Office Chair,39,2021-09-11 03:00,34.37,0.28,21.6,Stationery,In-store,Not Returned,High,1340.4299999999998,VIP
665273,Desk Lamp,25,2021-09-13 08:00,75.17,0.13,22.07,Stationery,Online,Not Returned,Medium,1879.25,VIP
994800,Office Chair,24,2021-09-13 20:00,55.6,0.27,22.08,Stationery,In-store,Not Returned,Medium,1334.4,VIP
786226,Wall Clock,20,2021-09-13 22:00,77.87,0.16,19.74,Stationery,Online,Not Returned,High,1557.4,VIP
321516,Headphones,25,2021-09-14 03:00,40.89,0.3,7.01,Stationery,Online,Not Returned,High,1022.25,VIP
313092,USB Cable,48,2021-09-14 16:00,62.27,0.4,13.17,Stationery,In-store,Not Returned,Low,2988.96,VIP
446407,White Mug,39,2021-09-14 22:00,65.6,0.48,28.21,Stationery,In-store,Not Returned,Medium,2558.4,VIP
264714,Headphones,-44,2021-09-16 01:00,-35.67,0.21,,Stationery,In-store,Not Returned,Medium,1569.48,VIP
365953,USB Cable,32,2021-09-16 04:00,43.76,0.45,24.76,Stationery,In-store,Not Returned,High,1400.32,VIP
526492,White Mug,41,2021-09-16 17:00,71.98,0.49,17.2,Stationery,Online,Not Returned,Low,2951.1800000000003,VIP
178672,Headphones,31,2021-09-16 23:00,77.93,0.07,16.26,Stationery,Online,Not Returned,Medium,2415.8300000000004,VIP
510398,White Mug,48,2021-09-17 03:00,99.02,0.18,20.11,Stationery,In-store,Not Returned,Low,4752.96,VIP
722323,USB Cable,21,2021-09-17 12:00,76.38,0.1,7.38,Stationery,Online,Not Returned,Low,1603.98,VIP
374444,Wall Clock,48,2021-09-17 18:00,25.79,0.49,5.08,Stationery,Online,Not Returned,High,1237.92,VIP
657658,T-shirt,34,2021-09-17 19:00,36.17,0.06,22.73,Stationery,Online,Not Returned,High,1229.78,VIP
658867,USB Cable,33,2021-09-18 00:00,80.82,0.45,9.93,Stationery,Online,Not Returned,Low,2667.06,VIP
440526,Headphones,40,2021-09-19 22:00,25.09,0.33,23.36,Stationery,Online,Not Returned,Low,1003.6,VIP
244542,USB Cable,47,2021-09-20 02:00,64.64,0.31,24.04,Stationery,Online,Not Returned,Low,3038.08,VIP
281844,Office Chair,48,2021-09-20 10:00,29.56,0.42,13.89,Stationery,Online,Not Returned,Medium,1418.88,VIP
245931,Desk Lamp,14,2021-09-20 17:00,81.78,0.2,7.92,Stationery,Online,Not Returned,Low,1144.92,VIP
260786,Desk Lamp,38,2021-09-21 10:00,54.33,0.49,27.24,Stationery,Online,Returned,Medium,2064.54,VIP
592281,Backpack,-40,2021-09-21 23:00,-37.01,1.8371652985118967,,Stationery,Online,Returned,High,1480.4,VIP
445600,USB Cable,47,2021-09-22 08:00,38.16,0.16,19.89,Stationery,Online,Not Returned,High,1793.5199999999998,VIP
290477,Wall Clock,19,2021-09-23 00:00,59.17,0.25,7.34,Stationery,Online,Not Returned,High,1124.23,VIP
514287,USB Cable,49,2021-09-23 08:00,76.01,0.23,19.94,Stationery,In-store,Not Returned,Low,3724.49,VIP
548032,Wireless Mouse,23,2021-09-23 15:00,51.76,0.19,24.54,Stationery,In-store,Not Returned,Medium,1190.48,VIP
103060,Backpack,35,2021-09-23 18:00,49.02,0.16,10.11,Stationery,In-store,Not Returned,High,1715.7,VIP
746346,Wireless Mouse,44,2021-09-24 10:00,44.15,0.08,11.28,Stationery,Online,Not Returned,Medium,1942.6,VIP
929027,T-shirt,28,2021-09-25 21:00,67.45,0.45,10.82,Stationery,Online,Not Returned,High,1888.6,VIP
449525,T-shirt,33,2021-09-26 09:00,78.22,0.0,11.56,Stationery,In-store,Not Returned,Medium,2581.26,VIP
261298,Desk Lamp,16,2021-09-26 21:00,82.01,0.03,26.61,Stationery,In-store,Not Returned,High,1312.16,VIP
973192,Wall Clock,47,2021-09-27 01:00,74.15,0.37,13.73,Stationery,In-store,Not Returned,High,3485.05,VIP
803060,Blue Pen,31,2021-09-27 11:00,63.38,0.08,6.88,Stationery,Online,Not Returned,High,1964.78,VIP
648866,White Mug,45,2021-09-27 14:00,40.45,0.25,13.43,Stationery,In-store,Not Returned,Low,1820.25,VIP
699067,Backpack,43,2021-09-27 15:00,62.02,0.39,23.72,Stationery,In-store,Not Returned,Medium,2666.86,VIP
174442,White Mug,25,2021-09-28 07:00,72.29,0.32,6.54,Stationery,Online,Not Returned,High,1807.25,VIP
679886,USB Cable,25,2021-09-28 09:00,90.57,0.48,10.09,Stationery,Online,Not Returned,Low,2264.25,VIP
658046,Notebook,47,2021-09-28 11:00,82.89,0.32,20.13,Stationery,In-store,Not Returned,Medium,3895.83,VIP
910636,White Mug,46,2021-09-28 12:00,99.52,0.38,26.52,Stationery,Online,Not Returned,Medium,4577.92,VIP
790288,Headphones,-41,2021-09-28 14:00,-65.97,0.16,,Stationery,In-store,Not Returned,High,2704.77,VIP
484474,USB Cable,14,2021-09-29 10:00,89.73,0.1,10.85,Stationery,Online,Not Returned,Medium,1256.22,VIP
868230,Wall Clock,43,2021-09-29 15:00,73.83,0.18,9.09,Stationery,Online,Not Returned,Medium,3174.69,VIP
776542,Office Chair,32,2021-09-29 18:00,70.67,0.43,22.53,Stationery,Online,Not Returned,High,2261.44,VIP
557291,Office Chair,40,2021-09-30 00:00,55.5,0.49,8.07,Stationery,In-store,Not Returned,Medium,2220.0,VIP
176215,Office Chair,32,2021-09-30 22:00,50.39,0.06,19.95,Stationery,In-store,Not Returned,Medium,1612.48,VIP
873360,T-shirt,33,2021-10-01 09:00,41.83,0.44,26.45,Stationery,Online,Not Returned,Medium,1380.39,VIP
667211,Notebook,39,2021-10-01 12:00,30.54,0.04,6.33,Stationery,Online,Not Returned,Medium,1191.06,VIP
790200,Blue Pen,48,2021-10-01 16:00,75.63,0.43,7.85,Stationery,In-store,Not Returned,Medium,3630.24,VIP
395673,Desk Lamp,23,2021-10-01 22:00,75.13,0.28,16.84,Stationery,In-store,Not Returned,Low,1727.9899999999998,VIP
841142,Headphones,14,2021-10-02 02:00,90.75,0.01,20.9,Stationery,Online,Not Returned,High,1270.5,VIP
644611,Wireless Mouse,25,2021-10-02 06:00,99.14,0.27,9.47,Stationery,Online,Not Returned,Medium,2478.5,VIP
401951,Blue Pen,35,2021-10-02 11:00,45.49,0.19,22.32,Stationery,In-store,Not Returned,Medium,1592.15,VIP
972910,T-shirt,37,2021-10-02 21:00,35.07,0.06,8.61,Stationery,In-store,Not Returned,Low,1297.59,VIP
286168,Wall Clock,-13,2021-10-03 00:00,-99.37,1.2009295608092527,,Stationery,Online,Not Returned,Medium,1291.81,VIP
335603,Desk Lamp,40,2021-10-03 13:00,38.68,0.22,20.5,Stationery,Online,Not Returned,Medium,1547.2,VIP
662345,Wireless Mouse,20,2021-10-04 01:00,81.57,0.04,27.31,Stationery,Online,Not Returned,Low,1631.4,VIP
208138,Backpack,46,2021-10-04 12:00,53.78,0.29,13.71,Stationery,In-store,Returned,High,2473.88,VIP
604788,Desk Lamp,15,2021-10-04 18:00,76.18,0.43,23.84,Stationery,In-store,Not Returned,High,1142.7,VIP
156815,White Mug,29,2021-10-04 21:00,85.09,0.23,8.66,Stationery,Online,Not Returned,Low,2467.61,VIP
738119,Desk Lamp,28,2021-10-06 20:00,94.92,0.5,23.63,Stationery,In-store,Not Returned,High,2657.76,VIP
355033,White Mug,21,2021-10-06 23:00,91.88,0.14,8.91,Stationery,In-store,Not Returned,Low,1929.48,VIP
751809,Wireless Mouse,25,2021-10-07 07:00,94.35,0.45,15.87,Stationery,Online,Not Returned,Medium,2358.75,VIP
269573,T-shirt,47,2021-10-07 16:00,71.46,0.2,28.79,Stationery,In-store,Not Returned,Medium,3358.62,VIP
234288,T-shirt,27,2021-10-07 19:00,82.94,0.44,18.31,Stationery,In-store,Not Returned,High,2239.38,VIP
777432,White Mug,38,2021-10-07 20:00,62.1,0.19,24.7,Stationery,In-store,Not Returned,Low,2359.8,VIP
337677,Headphones,26,2021-10-08 07:00,54.19,0.15,14.17,Stationery,In-store,Returned,Low,1408.94,VIP
615474,Office Chair,35,2021-10-08 12:00,44.27,0.07,22.37,Stationery,In-store,Not Returned,Low,1549.45,VIP
380027,Notebook,47,2021-10-08 14:00,62.92,0.5,6.03,Stationery,In-store,Not Returned,High,2957.24,VIP
232773,Headphones,31,2021-10-09 01:00,93.59,0.15,16.44,Stationery,In-store,Not Returned,High,2901.29,VIP
805798,White Mug,27,2021-10-09 03:00,56.9,0.45,17.66,Stationery,In-store,Not Returned,Medium,1536.3,VIP
120505,White Mug,42,2021-10-09 08:00,30.7,0.19,26.86,Stationery,In-store,Not Returned,Medium,1289.4,VIP
301225,USB Cable,42,2021-10-09 23:00,78.84,0.15,6.48,Stationery,In-store,Not Returned,High,3311.28,VIP
312628,Wireless Mouse,43,2021-10-10 04:00,48.39,0.16,18.19,Stationery,Online,Not Returned,Medium,2080.77,VIP
626748,Blue Pen,30,2021-10-11 20:00,96.57,0.1,7.84,Stationery,Online,Not Returned,Medium,2897.1,VIP
345702,Wall Clock,46,2021-10-12 03:00,53.83,0.03,26.08,Stationery,In-store,Not Returned,Medium,2476.18,VIP
957342,Notebook,37,2021-10-12 09:00,39.12,0.49,29.31,Stationery,Online,Not Returned,Medium,1447.4399999999998,VIP
781336,Wall Clock,19,2021-10-12 11:00,79.91,0.15,20.82,Stationery,In-store,Not Returned,Low,1518.29,VIP
592492,Office Chair,39,2021-10-12 23:00,58.16,0.02,19.37,Stationery,In-store,Not Returned,Low,2268.24,VIP
496681,Office Chair,32,2021-10-13 09:00,78.16,0.38,24.74,Stationery,In-store,Not Returned,High,2501.12,VIP
196707,Backpack,33,2021-10-13 21:00,37.18,0.1,27.86,Stationery,Online,Not Returned,Medium,1226.94,VIP
495215,Wall Clock,24,2021-10-14 05:00,88.54,0.21,21.23,Stationery,In-store,Not Returned,High,2124.96,VIP
234411,T-shirt,12,2021-10-14 17:00,93.63,0.08,16.21,Stationery,Online,Returned,High,1123.56,VIP
396751,Wall Clock,-41,2021-10-14 23:00,-63.14,1.5299321990302093,,Stationery,In-store,Not Returned,Low,2588.74,VIP
302668,Office Chair,47,2021-10-15 13:00,69.74,0.12,28.46,Stationery,Online,Not Returned,Low,3277.78,VIP
755251,Headphones,26,2021-10-16 00:00,76.75,0.31,7.69,Stationery,In-store,Not Returned,Low,1995.5,VIP
182970,Wall Clock,22,2021-10-16 14:00,86.5,0.33,22.25,Stationery,Online,Not Returned,Medium,1903.0,VIP
542900,Headphones,41,2021-10-16 21:00,31.02,0.33,20.85,Stationery,In-store,Not Returned,Medium,1271.82,VIP
747937,Notebook,25,2021-10-17 06:00,69.0,0.36,25.28,Stationery,Online,Not Returned,Medium,1725.0,VIP
153806,Wireless Mouse,42,2021-10-17 19:00,71.97,0.28,9.66,Stationery,Online,Not Returned,High,3022.74,VIP
410725,Wall Clock,26,2021-10-18 02:00,64.39,0.41,29.47,Stationery,Online,Not Returned,Low,1674.14,VIP
739068,Wireless Mouse,43,2021-10-18 08:00,59.59,0.47,21.45,Stationery,Online,Returned,Medium,2562.3700000000003,VIP
678621,Desk Lamp,48,2021-10-18 19:00,94.39,0.06,19.54,Stationery,Online,Not Returned,Low,4530.72,VIP
326884,White Mug,-42,2021-10-19 21:00,-66.58,1.0294676268646252,,Stationery,Online,Not Returned,High,2796.36,VIP
571808,USB Cable,42,2021-10-20 00:00,39.99,0.36,29.27,Stationery,In-store,Not Returned,Medium,1679.5800000000002,VIP
412067,White Mug,16,2021-10-20 02:00,91.47,0.48,16.7,Stationery,Online,Not Returned,Low,1463.52,VIP
840749,Blue Pen,47,2021-10-20 21:00,32.76,0.27,5.14,Stationery,In-store,Not Returned,Medium,1539.7199999999998,VIP
537869,Blue Pen,37,2021-10-21 02:00,33.78,0.2,26.37,Stationery,Online,Not Returned,High,1249.86,VIP
129986,T-shirt,23,2021-10-21 23:00,72.3,0.2,15.63,Stationery,In-store,Not Returned,Medium,1662.9,VIP
688613,Headphones,28,2021-10-22 01:00,39.26,0.41,6.13,Stationery,In-store,Returned,Low,1099.28,VIP
490069,Office Chair,36,2021-10-22 03:00,69.53,0.33,29.19,Stationery,In-store,Not Returned,High,2503.08,VIP
201131,Blue Pen,44,2021-10-22 14:00,58.11,0.02,5.7,Stationery,Online,Not Returned,Medium,2556.84,VIP
101832,USB Cable,22,2021-10-22 19:00,68.52,0.48,14.06,Stationery,In-store,Not Returned,Low,1507.4399999999998,VIP
697654,Office Chair,44,2021-10-23 01:00,36.19,0.25,5.2,Stationery,Online,Not Returned,Low,1592.36,VIP
741058,White Mug,45,2021-10-23 17:00,36.75,0.14,27.98,Stationery,Online,Returned,Low,1653.75,VIP
437109,Backpack,39,2021-10-23 19:00,36.56,0.13,20.63,Stationery,Online,Not Returned,High,1425.84,VIP
803981,USB Cable,21,2021-10-23 21:00,91.19,0.38,26.93,Stationery,Online,Not Returned,Medium,1914.99,VIP
777551,USB Cable,46,2021-10-25 10:00,24.45,0.2,14.66,Stationery,Online,Not Returned,Medium,1124.7,VIP
563238,White Mug,46,2021-10-25 19:00,70.74,0.43,6.29,Stationery,In-store,Not Returned,Medium,3254.04,VIP
946307,White Mug,26,2021-10-26 09:00,72.59,0.21,19.7,Stationery,Online,Not Returned,Medium,1887.34,VIP
278725,White Mug,-39,2021-10-26 10:00,-53.86,1.066494638686606,,Stationery,In-store,Not Returned,Low,2100.54,VIP
261860,Blue Pen,32,2021-10-27 09:00,84.45,0.15,9.3,Stationery,In-store,Returned,Low,2702.4,VIP
395215,Blue Pen,38,2021-10-27 13:00,50.23,0.23,24.12,Stationery,In-store,Returned,Medium,1908.74,VIP
879680,Wireless Mouse,26,2021-10-27 17:00,42.53,0.17,12.31,Stationery,Online,Not Returned,Medium,1105.78,VIP
472107,White Mug,40,2021-10-28 03:00,38.23,0.16,11.52,Stationery,In-store,Not Returned,Medium,1529.1999999999998,VIP
727267,Notebook,17,2021-10-28 08:00,69.96,0.41,12.6,Stationery,Online,Returned,High,1189.32,VIP
606775,Headphones,24,2021-10-28 17:00,63.03,0.04,8.82,Stationery,Online,Not Returned,Low,1512.72,VIP
305338,Backpack,39,2021-10-29 02:00,60.85,0.03,17.06,Stationery,In-store,Not Returned,Medium,2373.15,VIP
127738,Wireless Mouse,33,2021-10-29 05:00,53.04,0.38,28.73,Stationery,Online,Not Returned,Low,1750.32,VIP
820156,White Mug,19,2021-10-30 06:00,73.18,0.04,13.97,Stationery,In-store,Not Returned,Low,1390.42,VIP
182104,Desk Lamp,47,2021-10-30 08:00,56.37,0.27,5.96,Stationery,Online,Not Returned,Low,2649.39,VIP
110204,Headphones,44,2021-10-30 22:00,94.03,0.48,8.65,Stationery,In-store,Not Returned,High,4137.32,VIP
960030,USB Cable,33,2021-10-31 18:00,72.74,0.39,11.26,Stationery,Online,Not Returned,Low,2400.42,VIP
602939,Desk Lamp,42,2021-10-31 21:00,70.77,0.11,27.54,Stationery,Online,Not Returned,Low,2972.34,VIP
238056,Wall Clock,45,2021-11-01 00:00,36.27,0.13,10.25,Stationery,Online,Not Returned,Medium,1632.15,VIP
839026,Wall Clock,25,2021-11-01 11:00,68.3,0.21,24.03,Stationery,Online,Not Returned,Low,1707.5,VIP
893339,Backpack,36,2021-11-01 16:00,74.37,0.17,11.12,Stationery,Online,Not Returned,High,2677.32,VIP
791085,Headphones,25,2021-11-01 22:00,59.04,0.33,18.31,Stationery,Online,Not Returned,High,1476.0,VIP
594087,Headphones,40,2021-11-02 11:00,55.22,0.04,14.72,Stationery,In-store,Not Returned,High,2208.8,VIP
500593,Desk Lamp,44,2021-11-02 19:00,83.14,0.14,17.15,Stationery,In-store,Not Returned,Low,3658.16,VIP
978333,Backpack,16,2021-11-03 18:00,83.75,0.15,7.06,Stationery,Online,Not Returned,High,1340.0,VIP
937462,Blue Pen,33,2021-11-05 00:00,74.56,0.23,19.55,Stationery,Online,Not Returned,High,2460.48,VIP
235024,USB Cable,39,2021-11-05 07:00,33.41,0.34,12.94,Stationery,Online,Not Returned,High,1302.9899999999998,VIP
404604,Blue Pen,-27,2021-11-05 12:00,-51.71,1.0862077768011822,,Stationery,Online,Not Returned,Medium,1396.17,VIP
257029,Desk Lamp,33,2021-11-05 18:00,87.9,0.34,9.11,Stationery,Online,Not Returned,Medium,2900.7000000000003,VIP
705829,Headphones,42,2021-11-05 19:00,92.57,0.26,23.23,Stationery,Online,Not Returned,Medium,3887.94,VIP
550973,Wireless Mouse,45,2021-11-06 05:00,55.84,0.22,17.35,Stationery,Online,Not Returned,High,2512.8,VIP
470644,Office Chair,27,2021-11-06 07:00,42.17,0.09,18.34,Stationery,Online,Not Returned,Low,1138.59,VIP
498036,Headphones,25,2021-11-06 10:00,88.77,0.31,7.25,Stationery,Online,Not Returned,High,2219.25,VIP
752692,USB Cable,35,2021-11-08 18:00,56.72,0.32,29.57,Stationery,In-store,Not Returned,High,1985.2,VIP
395043,Office Chair,24,2021-11-08 20:00,89.71,0.15,18.83,Stationery,In-store,Not Returned,Medium,2153.04,VIP
305320,USB Cable,33,2021-11-09 01:00,38.31,0.43,10.78,Stationery,In-store,Not Returned,High,1264.23,VIP
705484,Wall Clock,17,2021-11-09 03:00,61.55,0.26,26.61,Stationery,In-store,Returned,High,1046.35,VIP
969440,Wireless Mouse,25,2021-11-09 22:00,44.7,0.35,16.2,Stationery,Online,Not Returned,Medium,1117.5,VIP
992055,Desk Lamp,30,2021-11-10 04:00,38.76,0.25,19.08,Stationery,Online,Not Returned,Low,1162.8,VIP
817237,Headphones,28,2021-11-10 10:00,92.75,0.18,11.82,Stationery,In-store,Not Returned,Medium,2597.0,VIP
965665,White Mug,46,2021-11-11 06:00,38.44,0.12,5.82,Stationery,In-store,Not Returned,High,1768.2399999999998,VIP
682036,Desk Lamp,49,2021-11-11 10:00,45.51,0.46,16.42,Stationery,Online,Returned,High,2229.99,VIP
312650,Office Chair,48,2021-11-12 09:00,64.5,0.28,28.66,Stationery,Online,Not Returned,Medium,3096.0,VIP
696432,Office Chair,31,2021-11-12 20:00,71.16,0.41,11.76,Stationery,Online,Not Returned,High,2205.96,VIP
879427,Blue Pen,18,2021-11-14 10:00,58.88,0.09,27.86,Stationery,In-store,Not Returned,Medium,1059.84,VIP
753009,Wall Clock,21,2021-11-14 16:00,79.54,0.03,15.33,Stationery,Online,Not Returned,High,1670.34,VIP
887646,Notebook,41,2021-11-14 18:00,38.51,0.2,18.0,Stationery,In-store,Not Returned,High,1578.91,VIP
538055,Wall Clock,37,2021-11-14 23:00,62.45,0.47,8.07,Stationery,In-store,Not Returned,High,2310.65,VIP
944846,Blue Pen,42,2021-11-15 01:00,48.1,0.09,6.58,Stationery,In-store,Not Returned,Medium,2020.2,VIP
527530,Headphones,-17,2021-11-16 14:00,-59.81,0.41,,Stationery,Online,Not Returned,High,1016.77,VIP
378494,Backpack,30,2021-11-16 17:00,82.53,0.38,29.25,Stationery,Online,Not Returned,Medium,2475.9,VIP
600395,Office Chair,26,2021-11-16 18:00,73.61,0.25,7.78,Stationery,In-store,Returned,Low,1913.86,VIP
441653,White Mug,32,2021-11-16 21:00,79.5,0.32,13.06,Stationery,In-store,Not Returned,Medium,2544.0,VIP
802609,Desk Lamp,-48,2021-11-16 23:00,-69.83,1.6909362630061378,,Stationery,In-store,Not Returned,Medium,3351.84,VIP
119589,T-shirt,39,2021-11-17 08:00,57.93,0.05,13.89,Stationery,Online,Not Returned,Medium,2259.27,VIP
896177,Backpack,31,2021-11-17 13:00,60.4,0.08,10.11,Stationery,In-store,Not Returned,Low,1872.4,VIP
138575,Backpack,41,2021-11-20 04:00,63.29,0.12,24.84,Stationery,Online,Not Returned,Medium,2594.89,VIP
705599,Notebook,35,2021-11-20 08:00,88.3,0.4,26.18,Stationery,Online,Not Returned,Medium,3090.5,VIP
660815,Wall Clock,28,2021-11-20 10:00,85.75,0.17,13.79,Stationery,Online,Not Returned,High,2401.0,VIP
390144,Headphones,-21,2021-11-22 00:00,-98.22,1.253123633790755,,Stationery,In-store,Not Returned,Low,2062.62,VIP
910713,Blue Pen,26,2021-11-22 09:00,57.2,0.25,23.8,Stationery,In-store,Not Returned,High,1487.2,VIP
629129,Wireless Mouse,40,2021-11-22 11:00,70.19,0.38,18.14,Stationery,In-store,Returned,Medium,2807.6,VIP
204405,USB Cable,29,2021-11-23 01:00,35.06,0.39,13.14,Stationery,Online,Returned,Low,1016.74,VIP
173079,Blue Pen,20,2021-11-25 20:00,90.63,0.2,27.07,Stationery,Online,Not Returned,Medium,1812.6,VIP
326833,USB Cable,33,2021-11-26 06:00,41.92,0.26,27.21,Stationery,In-store,Not Returned,Medium,1383.36,VIP
105004,Blue Pen,27,2021-11-26 14:00,53.53,0.11,7.84,Stationery,Online,Not Returned,Low,1445.31,VIP
408068,Office Chair,11,2021-11-26 15:00,92.07,0.29,20.18,Stationery,In-store,Not Returned,Low,1012.77,VIP
507878,Backpack,34,2021-11-26 19:00,78.61,0.46,21.7,Stationery,In-store,Not Returned,High,2672.74,VIP
278475,Wall Clock,26,2021-11-26 23:00,49.23,0.36,25.22,Stationery,In-store,Not Returned,Medium,1279.98,VIP
398509,Headphones,35,2021-11-27 00:00,45.81,0.22,18.33,Stationery,In-store,Not Returned,Medium,1603.35,VIP
424332,Blue Pen,46,2021-11-27 01:00,80.14,0.1,25.93,Stationery,In-store,Not Returned,High,3686.44,VIP
172847,Desk Lamp,19,2021-11-27 15:00,65.37,0.08,6.33,Stationery,Online,Not Returned,High,1242.0300000000002,VIP
644893,USB Cable,30,2021-11-28 09:00,95.79,0.21,12.69,Stationery,Online,Not Returned,Medium,2873.7000000000003,VIP
903032,Backpack,24,2021-11-28 17:00,56.43,0.34,12.55,Stationery,Online,Not Returned,High,1354.32,VIP
923250,Headphones,36,2021-11-29 13:00,49.33,0.25,18.75,Stationery,In-store,Not Returned,Medium,1775.88,VIP
963498,T-shirt,28,2021-11-30 04:00,59.67,0.39,8.51,Stationery,Online,Not Returned,High,1670.76,VIP
773265,Blue Pen,27,2021-11-30 13:00,98.93,0.42,23.43,Stationery,Online,Not Returned,Medium,2671.11,VIP
865034,Backpack,44,2021-11-30 15:00,25.36,0.31,8.3,Stationery,Online,Not Returned,High,1115.84,VIP
483800,Desk Lamp,20,2021-11-30 17:00,62.68,0.48,9.06,Stationery,Online,Not Returned,Low,1253.6,VIP
888212,White Mug,34,2021-12-01 02:00,91.37,0.11,19.18,Stationery,In-store,Not Returned,Medium,3106.58,VIP
991307,Desk Lamp,39,2021-12-01 07:00,85.78,0.27,6.12,Stationery,Online,Not Returned,Medium,3345.42,VIP
483891,Blue Pen,25,2021-12-01 13:00,76.32,0.13,21.85,Stationery,Online,Not Returned,High,1908.0,VIP
979608,Office Chair,42,2021-12-01 20:00,54.19,0.28,29.05,Stationery,Online,Not Returned,High,2275.98,VIP
335835,Blue Pen,23,2021-12-02 08:00,63.73,0.47,10.33,Stationery,In-store,Not Returned,Medium,1465.79,VIP
952987,Headphones,17,2021-12-02 09:00,87.84,0.49,15.32,Stationery,Online,Not Returned,High,1493.28,VIP
639618,Wireless Mouse,29,2021-12-03 00:00,56.86,0.34,20.48,Stationery,Online,Not Returned,High,1648.94,VIP
700710,Wall Clock,22,2021-12-03 02:00,60.06,0.02,14.47,Stationery,Online,Not Returned,Low,1321.3200000000002,VIP
444785,Wireless Mouse,47,2021-12-03 11:00,22.05,0.06,21.24,Stationery,In-store,Not Returned,Medium,1036.35,VIP
933247,USB Cable,24,2021-12-03 13:00,65.29,0.07,7.09,Stationery,In-store,Not Returned,High,1566.96,VIP
877794,Blue Pen,49,2021-12-03 21:00,77.06,0.18,24.14,Stationery,In-store,Not Returned,Medium,3775.94,VIP
753059,Backpack,-47,2021-12-03 23:00,-21.77,0.28,,Stationery,Online,Not Returned,Low,1023.19,VIP
315933,Blue Pen,21,2021-12-04 06:00,72.63,0.49,12.96,Stationery,Online,Not Returned,High,1525.23,VIP
809687,Notebook,33,2021-12-04 22:00,46.06,0.24,20.64,Stationery,Online,Not Returned,High,1519.98,VIP
404960,Notebook,46,2021-12-06 01:00,36.58,0.08,16.69,Stationery,Online,Not Returned,Medium,1682.6799999999998,VIP
943382,White Mug,36,2021-12-06 20:00,62.98,0.32,21.43,Stationery,In-store,Not Returned,Medium,2267.28,VIP
331897,USB Cable,44,2021-12-07 05:00,25.92,0.24,29.74,Stationery,Online,Not Returned,High,1140.48,VIP
482605,Blue Pen,41,2021-12-07 10:00,46.9,0.34,26.96,Stationery,Online,Returned,Low,1922.9,VIP
932441,USB Cable,49,2021-12-07 18:00,30.3,0.46,11.34,Stationery,In-store,Not Returned,Medium,1484.7,VIP
367724,Blue Pen,45,2021-12-08 00:00,63.17,0.37,26.82,Stationery,In-store,Not Returned,Medium,2842.65,VIP
405292,Blue Pen,45,2021-12-08 17:00,79.03,0.39,8.28,Stationery,Online,Not Returned,Low,3556.35,VIP
846355,Blue Pen,45,2021-12-08 20:00,89.08,0.43,9.75,Stationery,Online,Not Returned,Low,4008.6,VIP
793411,Backpack,16,2021-12-09 18:00,78.42,0.4,25.91,Stationery,In-store,Returned,High,1254.72,VIP
145177,Office Chair,19,2021-12-10 01:00,76.26,0.43,16.58,Stationery,Online,Not Returned,Medium,1448.94,VIP
625285,T-shirt,34,2021-12-10 04:00,56.88,0.44,9.05,Stationery,Online,Returned,Medium,1933.92,VIP
552546,USB Cable,49,2021-12-10 05:00,64.26,0.4,14.43,Stationery,Online,Not Returned,Low,3148.74,VIP
219574,Office Chair,44,2021-12-10 11:00,35.83,0.22,25.56,Stationery,In-store,Not Returned,Low,1576.52,VIP
221509,Office Chair,38,2021-12-10 13:00,82.45,0.16,25.36,Stationery,Online,Not Returned,Low,3133.1,VIP
241268,Backpack,43,2021-12-11 05:00,28.59,0.31,6.59,Stationery,Online,Not Returned,Low,1229.37,VIP
848378,Blue Pen,37,2021-12-11 10:00,91.3,0.25,6.0,Stationery,Online,Not Returned,High,3378.1,VIP
161600,White Mug,29,2021-12-11 21:00,60.68,0.41,26.38,Stationery,Online,Not Returned,Low,1759.72,VIP
997486,Backpack,41,2021-12-12 05:00,43.47,0.37,11.98,Stationery,Online,Not Returned,High,1782.27,VIP
688829,Wireless Mouse,12,2021-12-12 07:00,84.54,0.39,21.97,Stationery,In-store,Not Returned,Low,1014.48,VIP
526573,White Mug,36,2021-12-12 12:00,77.49,0.42,22.06,Stationery,Online,Not Returned,Medium,2789.64,VIP
290732,White Mug,43,2021-12-12 19:00,91.67,0.46,18.79,Stationery,Online,Not Returned,Medium,3941.81,VIP
681253,Blue Pen,34,2021-12-14 04:00,75.58,0.24,15.35,Stationery,Online,Returned,Medium,2569.72,VIP
737719,Wireless Mouse,42,2021-12-15 12:00,48.8,0.14,11.62,Stationery,Online,Not Returned,Medium,2049.6,VIP
888898,Desk Lamp,36,2021-12-16 05:00,52.22,0.47,12.2,Stationery,In-store,Not Returned,High,1879.92,VIP
880637,Blue Pen,40,2021-12-16 06:00,94.9,0.09,19.76,Stationery,Online,Not Returned,Low,3796.0,VIP
540187,Headphones,33,2021-12-16 12:00,93.32,0.43,19.83,Stationery,Online,Not Returned,Low,3079.56,VIP
998607,Wireless Mouse,43,2021-12-17 15:00,56.57,0.12,11.53,Stationery,Online,Not Returned,Low,2432.51,VIP
228568,White Mug,49,2021-12-17 16:00,71.3,0.24,26.82,Stationery,Online,Not Returned,Medium,3493.7,VIP
307358,Office Chair,24,2021-12-18 19:00,61.46,0.07,6.63,Stationery,Online,Not Returned,High,1475.04,VIP
503562,Backpack,31,2021-12-19 13:00,52.9,0.24,15.39,Stationery,In-store,Not Returned,High,1639.9,VIP
780516,Notebook,41,2021-12-19 14:00,33.74,0.12,17.57,Stationery,Online,Not Returned,Medium,1383.34,VIP
155904,T-shirt,35,2021-12-19 15:00,81.28,0.06,6.19,Stationery,Online,Not Returned,Medium,2844.8,VIP
237901,Wireless Mouse,48,2021-12-20 00:00,61.28,0.44,7.19,Stationery,In-store,Not Returned,High,2941.44,VIP
321738,White Mug,28,2021-12-20 04:00,99.65,0.47,25.4,Stationery,In-store,Not Returned,High,2790.2000000000003,VIP
106611,Blue Pen,29,2021-12-20 15:00,66.29,0.38,29.91,Stationery,Online,Not Returned,High,1922.41,VIP
971044,White Mug,22,2021-12-20 17:00,62.17,0.13,6.54,Stationery,Online,Not Returned,Low,1367.74,VIP
395187,T-shirt,23,2021-12-20 20:00,44.64,0.27,11.27,Stationery,In-store,Returned,High,1026.72,VIP
349220,USB Cable,21,2021-12-21 07:00,90.47,0.02,22.01,Stationery,In-store,Not Returned,High,1899.87,VIP
536056,Office Chair,48,2021-12-21 08:00,21.63,0.19,17.34,Stationery,Online,Not Returned,Medium,1038.24,VIP
344437,Blue Pen,49,2021-12-21 18:00,88.91,0.3,9.63,Stationery,Online,Not Returned,Low,4356.59,VIP
701516,Headphones,31,2021-12-22 02:00,78.37,0.14,16.78,Stationery,In-store,Not Returned,Low,2429.4700000000003,VIP
520594,Office Chair,49,2021-12-22 09:00,21.58,0.32,20.81,Stationery,Online,Not Returned,Medium,1057.4199999999998,VIP
669601,Wall Clock,43,2021-12-22 16:00,34.03,0.45,7.06,Stationery,Online,Not Returned,Medium,1463.29,VIP
585179,Blue Pen,26,2021-12-22 20:00,47.31,0.01,14.19,Stationery,Online,Not Returned,Low,1230.06,VIP
542037,Backpack,39,2021-12-23 01:00,71.33,0.03,6.06,Stationery,Online,Not Returned,High,2781.87,VIP
128365,Wireless Mouse,42,2021-12-23 02:00,35.92,0.24,25.34,Stationery,In-store,Not Returned,Medium,1508.64,VIP
546098,Notebook,42,2021-12-24 23:00,98.11,0.44,14.44,Stationery,Online,Not Returned,High,4120.62,VIP
926395,Blue Pen,31,2021-12-26 05:00,39.31,0.4,11.48,Stationery,In-store,Not Returned,Medium,1218.61,VIP
777823,White Mug,31,2021-12-26 08:00,66.31,0.46,27.38,Stationery,Online,Not Returned,High,2055.61,VIP
231980,Backpack,38,2021-12-27 06:00,97.98,0.03,12.38,Stationery,Online,Not Returned,Low,3723.24,VIP
573875,Office Chair,48,2021-12-27 08:00,64.18,0.2,16.59,Stationery,Online,Not Returned,Low,3080.6400000000003,VIP
243949,White Mug,48,2021-12-27 09:00,29.68,0.45,12.15,Stationery,In-store,Not Returned,Low,1424.64,VIP
837351,T-shirt,19,2021-12-27 23:00,83.44,0.19,26.66,Stationery,Online,Not Returned,Low,1585.36,VIP
902386,Wall Clock,33,2021-12-28 16:00,51.99,0.02,13.47,Stationery,Online,Not Returned,Medium,1715.67,VIP
809441,Blue Pen,32,2021-12-29 01:00,43.53,0.05,11.96,Stationery,Online,Returned,High,1392.96,VIP
972811,Desk Lamp,25,2021-12-30 04:00,83.7,0.39,23.1,Stationery,Online,Not Returned,Low,2092.5,VIP
802356,Desk Lamp,35,2021-12-30 19:00,48.73,0.0,18.06,Stationery,In-store,Not Returned,Low,1705.55,VIP
100064,USB Cable,46,2021-12-30 21:00,33.47,0.39,12.77,Stationery,In-store,Not Returned,Low,1539.62,VIP
224714,Notebook,13,2021-12-31 10:00,85.34,0.43,26.42,Stationery,Online,Not Returned,Medium,1109.42,VIP
150547,Headphones,33,2021-12-31 12:00,44.99,0.49,28.86,Stationery,In-store,Returned,Low,1484.67,VIP
549704,White Mug,16,2021-12-31 18:00,97.7,0.04,21.03,Stationery,In-store,Not Returned,Medium,1563.2,VIP
102631,Wall Clock,32,2021-12-31 19:00,84.32,0.04,29.92,Stationery,In-store,Not Returned,Low,2698.24,VIP
547564,T-shirt,49,2022-01-01 11:00,39.55,0.46,14.48,Stationery,In-store,Not Returned,Low,1937.95,VIP
291239,USB Cable,45,2022-01-02 03:00,72.67,0.32,5.53,Stationery,In-store,Not Returned,Medium,3270.15,VIP
246539,Headphones,37,2022-01-02 13:00,79.47,0.15,24.57,Stationery,In-store,Not Returned,Medium,2940.39,VIP
194791,Wireless Mouse,26,2022-01-02 16:00,47.91,0.19,22.32,Stationery,Online,Not Returned,High,1245.66,VIP
779706,Desk Lamp,37,2022-01-03 07:00,64.61,0.29,10.9,Stationery,Online,Not Returned,High,2390.57,VIP
357571,Notebook,18,2022-01-03 13:00,64.3,0.29,9.41,Stationery,Online,Not Returned,Medium,1157.4,VIP
246444,Blue Pen,41,2022-01-03 22:00,39.66,0.08,19.53,Stationery,Online,Not Returned,High,1626.06,VIP
174474,Wall Clock,32,2022-01-04 17:00,43.37,0.39,8.8,Stationery,In-store,Not Returned,Medium,1387.84,VIP
352051,Headphones,49,2022-01-05 04:00,28.47,0.12,7.55,Stationery,Online,Not Returned,Medium,1395.03,VIP
142628,Wireless Mouse,19,2022-01-05 19:00,92.47,0.36,13.44,Stationery,In-store,Not Returned,High,1756.93,VIP
151993,Wireless Mouse,40,2022-01-05 23:00,87.36,0.07,11.18,Stationery,Online,Returned,Low,3494.4,VIP
578720,USB Cable,27,2022-01-06 03:00,54.62,0.01,8.51,Stationery,Online,Not Returned,Medium,1474.74,VIP
411251,Notebook,33,2022-01-06 11:00,45.72,0.09,23.82,Stationery,Online,Not Returned,Low,1508.76,VIP
325997,Wireless Mouse,37,2022-01-06 18:00,50.7,0.03,27.76,Stationery,In-store,Not Returned,High,1875.9,VIP
151798,Wireless Mouse,25,2022-01-06 20:00,92.76,0.04,11.7,Stationery,In-store,Not Returned,Low,2319.0,VIP
543888,USB Cable,46,2022-01-08 12:00,97.9,0.08,28.57,Stationery,In-store,Not Returned,Low,4503.400000000001,VIP
126567,Desk Lamp,27,2022-01-08 22:00,69.54,0.45,6.46,Stationery,Online,Not Returned,Low,1877.58,VIP
628742,Notebook,41,2022-01-09 14:00,98.82,0.16,11.58,Stationery,In-store,Not Returned,Medium,4051.62,VIP
693358,White Mug,-35,2022-01-09 20:00,-51.44,1.0678184310127168,,Stationery,Online,Not Returned,Medium,1800.4,VIP
651507,Wall Clock,27,2022-01-10 13:00,43.37,0.4,28.87,Stationery,Online,Not Returned,Medium,1170.99,VIP
525037,Backpack,45,2022-01-11 03:00,77.73,0.26,9.61,Stationery,In-store,Not Returned,Medium,3497.8500000000004,VIP
576015,Desk Lamp,36,2022-01-11 07:00,31.53,0.39,29.33,Stationery,Online,Not Returned,Medium,1135.08,VIP
953906,Notebook,41,2022-01-12 03:00,94.27,0.33,10.28,Stationery,In-store,Not Returned,High,3865.07,VIP
322873,T-shirt,41,2022-01-13 08:00,63.37,0.45,10.37,Stationery,Online,Not Returned,Low,2598.17,VIP
322322,Office Chair,18,2022-01-13 09:00,79.07,0.0,28.54,Stationery,In-store,Not Returned,High,1423.2599999999998,VIP
375201,Backpack,47,2022-01-13 11:00,44.0,0.44,22.97,Stationery,Online,Not Returned,Low,2068.0,VIP
132400,Notebook,45,2022-01-13 12:00,41.5,0.5,29.19,Stationery,In-store,Not Returned,High,1867.5,VIP
564674,Wall Clock,43,2022-01-13 13:00,48.15,0.34,8.82,Stationery,In-store,Not Returned,Medium,2070.45,VIP
793649,USB Cable,38,2022-01-14 10:00,28.36,0.29,24.74,Stationery,Online,Not Returned,High,1077.68,VIP
278872,Blue Pen,13,2022-01-15 04:00,97.89,0.29,12.84,Stationery,In-store,Not Returned,Low,1272.57,VIP
430657,Office Chair,49,2022-01-15 07:00,36.12,0.47,20.35,Stationery,Online,Not Returned,Medium,1769.88,VIP
736364,Wall Clock,14,2022-01-15 18:00,97.57,0.29,17.18,Stationery,Online,Not Returned,Medium,1365.98,VIP
811045,White Mug,27,2022-01-16 06:00,86.35,0.26,25.96,Stationery,In-store,Not Returned,High,2331.45,VIP
767554,Office Chair,15,2022-01-16 07:00,78.06,0.03,26.36,Stationery,In-store,Not Returned,Medium,1170.9,VIP
454820,Notebook,31,2022-01-16 22:00,72.19,0.39,13.22,Stationery,Online,Not Returned,High,2237.89,VIP
518127,Blue Pen,-17,2022-01-17 02:00,-71.07,1.5378057538891827,,Stationery,In-store,Not Returned,Medium,1208.1899999999998,VIP
905837,Backpack,32,2022-01-17 04:00,48.49,0.45,26.41,Stationery,In-store,Not Returned,Medium,1551.68,VIP
332661,Notebook,22,2022-01-17 07:00,59.67,0.08,27.07,Stationery,Online,Not Returned,Medium,1312.74,VIP
110662,Headphones,39,2022-01-17 11:00,94.67,0.23,7.6,Stationery,In-store,Not Returned,High,3692.13,VIP
273285,T-shirt,46,2022-01-17 18:00,63.4,0.2,14.0,Stationery,In-store,Not Returned,Low,2916.4,VIP
614922,T-shirt,30,2022-01-20 19:00,50.25,0.31,5.72,Stationery,Online,Not Returned,Medium,1507.5,VIP
776923,Notebook,30,2022-01-22 04:00,73.61,0.41,29.6,Stationery,In-store,Not Returned,Low,2208.3,VIP
495991,Wall Clock,44,2022-01-22 06:00,23.35,0.17,6.73,Stationery,Online,Not Returned,Low,1027.4,VIP
315963,Office Chair,39,2022-01-23 02:00,30.79,0.49,7.71,Stationery,In-store,Not Returned,High,1200.81,VIP
225612,Backpack,44,2022-01-23 03:00,64.48,0.15,10.53,Stationery,Online,Not Returned,High,2837.1200000000003,VIP
160611,Office Chair,44,2022-01-23 10:00,46.34,0.27,20.26,Stationery,Online,Returned,Low,2038.96,VIP
690620,Blue Pen,19,2022-01-24 05:00,75.21,0.24,5.5,Stationery,In-store,Not Returned,Medium,1428.9899999999998,VIP
860943,Backpack,-49,2022-01-24 06:00,-68.62,1.1636825311378662,,Stationery,In-store,Not Returned,High,3362.38,VIP
470714,Wall Clock,40,2022-01-25 23:00,40.09,0.46,17.58,Stationery,Online,Returned,Medium,1603.6,VIP
929868,Office Chair,35,2022-01-26 14:00,68.78,0.1,10.27,Stationery,In-store,Not Returned,Low,2407.3,VIP
977709,Headphones,30,2022-01-26 23:00,91.58,0.02,10.65,Stationery,Online,Not Returned,Low,2747.4,VIP
806167,Notebook,44,2022-01-27 09:00,65.32,0.32,20.16,Stationery,Online,Not Returned,Low,2874.08,VIP
832320,Wall Clock,-31,2022-01-27 14:00,-80.95,1.1419030186562984,,Stationery,In-store,Not Returned,Low,2509.4500000000003,VIP
585320,White Mug,48,2022-01-27 18:00,58.46,0.14,17.59,Stationery,Online,Not Returned,High,2806.08,VIP
676563,Desk Lamp,20,2022-01-27 21:00,81.59,0.23,26.22,Stationery,Online,Not Returned,High,1631.8000000000002,VIP
380444,Backpack,41,2022-01-29 12:00,97.07,0.39,28.75,Stationery,In-store,Returned,Low,3979.87,VIP
818398,Wall Clock,36,2022-01-29 20:00,44.93,0.29,21.87,Stationery,In-store,Not Returned,Low,1617.48,VIP
380371,Wireless Mouse,13,2022-01-30 03:00,84.03,0.13,25.31,Stationery,In-store,Not Returned,High,1092.39,VIP
620919,Headphones,42,2022-01-30 04:00,53.92,0.31,28.72,Stationery,Online,Not Returned,Low,2264.64,VIP
732909,Wall Clock,11,2022-01-30 12:00,92.45,0.33,18.25,Stationery,Online,Not Returned,Low,1016.95,VIP
422111,Wireless Mouse,12,2022-01-31 01:00,88.36,0.24,20.51,Stationery,In-store,Not Returned,Medium,1060.32,VIP
823983,Headphones,41,2022-01-31 10:00,98.0,0.36,6.39,Stationery,In-store,Not Returned,Low,4018.0,VIP
517896,T-shirt,48,2022-01-31 16:00,25.29,0.04,10.98,Stationery,In-store,Not Returned,Medium,1213.92,VIP
496608,Wireless Mouse,48,2022-01-31 20:00,49.99,0.19,8.65,Stationery,In-store,Not Returned,Low,2399.52,VIP
555473,Headphones,35,2022-01-31 21:00,68.71,0.31,23.86,Stationery,In-store,Not Returned,High,2404.85,VIP
529767,Notebook,37,2022-02-01 00:00,65.27,0.18,6.47,Stationery,In-store,Not Returned,Medium,2414.99,VIP
842647,Notebook,45,2022-02-02 16:00,32.2,0.03,14.76,Stationery,In-store,Not Returned,Medium,1449.0000000000002,VIP
375536,Notebook,38,2022-02-03 02:00,46.17,0.36,21.11,Stationery,In-store,Not Returned,Medium,1754.46,VIP
495462,White Mug,43,2022-02-03 04:00,32.12,0.31,6.85,Stationery,In-store,Not Returned,Low,1381.16,VIP
226951,Backpack,26,2022-02-03 06:00,78.98,0.1,5.44,Stationery,In-store,Not Returned,Low,2053.48,VIP
740083,T-shirt,48,2022-02-03 11:00,64.83,0.31,12.09,Stationery,In-store,Not Returned,Medium,3111.84,VIP
692127,White Mug,32,2022-02-04 05:00,73.38,0.49,26.93,Stationery,Online,Not Returned,Low,2348.16,VIP
526228,Blue Pen,41,2022-02-04 15:00,92.11,0.43,24.61,Stationery,In-store,Not Returned,High,3776.51,VIP
743107,Backpack,16,2022-02-05 02:00,84.98,0.18,24.63,Stationery,Online,Returned,Low,1359.68,VIP
515718,USB Cable,30,2022-02-05 17:00,86.12,0.47,13.41,Stationery,Online,Not Returned,Low,2583.6000000000004,VIP
586275,Office Chair,47,2022-02-06 03:00,59.66,0.3,8.27,Stationery,Online,Not Returned,Low,2804.02,VIP
309870,Wireless Mouse,15,2022-02-06 05:00,77.56,0.13,24.28,Stationery,Online,Not Returned,High,1163.4,VIP
197555,Backpack,48,2022-02-06 11:00,93.31,0.42,16.36,Stationery,Online,Not Returned,Low,4478.88,VIP
827591,Headphones,16,2022-02-06 20:00,93.48,0.07,19.02,Stationery,In-store,Returned,High,1495.68,VIP
402468,Headphones,40,2022-02-07 03:00,66.39,0.11,13.03,Stationery,In-store,Not Returned,High,2655.6,VIP
287232,Desk Lamp,22,2022-02-07 22:00,74.31,0.37,25.07,Stationery,In-store,Not Returned,High,1634.8200000000002,VIP
966603,Wireless Mouse,33,2022-02-08 05:00,44.56,0.22,7.8,Stationery,Online,Not Returned,High,1470.48,VIP
737096,Headphones,-48,2022-02-08 09:00,-73.41,0.04,,Stationery,Online,Not Returned,Low,3523.68,VIP
236080,Desk Lamp,49,2022-02-08 17:00,98.75,0.03,12.3,Stationery,Online,Not Returned,Low,4838.75,VIP
317885,Wireless Mouse,35,2022-02-08 18:00,69.3,0.05,15.47,Stationery,Online,Not Returned,Low,2425.5,VIP
405525,Office Chair,31,2022-02-09 23:00,37.76,0.17,25.11,Stationery,In-store,Not Returned,Low,1170.56,VIP
320319,USB Cable,36,2022-02-12 00:00,91.09,0.43,24.06,Stationery,Online,Not Returned,Low,3279.24,VIP
878520,Desk Lamp,24,2022-02-12 15:00,43.45,0.47,15.47,Stationery,In-store,Not Returned,Low,1042.8000000000002,VIP
576908,T-shirt,21,2022-02-13 01:00,79.05,0.35,5.34,Stationery,In-store,Not Returned,Low,1660.05,VIP
270951,Wall Clock,44,2022-02-13 03:00,83.14,0.48,29.57,Stationery,Online,Not Returned,Medium,3658.16,VIP
517983,Headphones,36,2022-02-13 04:00,85.7,0.31,15.14,Stationery,In-store,Not Returned,Low,3085.2000000000003,VIP
358446,Blue Pen,47,2022-02-14 02:00,88.47,0.0,29.55,Stationery,Online,Returned,Low,4158.09,VIP
577698,White Mug,26,2022-02-14 03:00,75.86,0.2,18.0,Stationery,Online,Not Returned,High,1972.36,VIP
526925,USB Cable,35,2022-02-14 06:00,29.14,0.17,15.97,Stationery,In-store,Not Returned,Low,1019.9,VIP
265261,Desk Lamp,43,2022-02-14 12:00,65.48,0.49,19.16,Stationery,In-store,Not Returned,Medium,2815.6400000000003,VIP
127215,T-shirt,40,2022-02-14 23:00,87.36,0.01,21.64,Stationery,In-store,Returned,High,3494.4,VIP
996296,Headphones,39,2022-02-15 07:00,35.4,0.2,23.41,Stationery,In-store,Not Returned,Low,1380.6,VIP
760319,Backpack,37,2022-02-15 16:00,97.3,0.31,24.48,Stationery,In-store,Not Returned,Medium,3600.1,VIP
514927,Office Chair,33,2022-02-16 16:00,57.57,0.47,17.7,Stationery,In-store,Returned,High,1899.81,VIP
765428,Desk Lamp,27,2022-02-17 00:00,68.15,0.21,16.04,Stationery,In-store,Not Returned,High,1840.05,VIP
286988,Wall Clock,24,2022-02-17 03:00,48.59,0.39,27.09,Stationery,Online,Not Returned,Medium,1166.16,VIP
653452,Desk Lamp,23,2022-02-17 09:00,68.58,0.48,9.87,Stationery,In-store,Not Returned,High,1577.34,VIP
857730,Office Chair,36,2022-02-17 12:00,77.18,0.22,27.15,Stationery,Online,Not Returned,Low,2778.4800000000005,VIP
461395,Headphones,43,2022-02-17 13:00,36.87,0.09,16.69,Stationery,In-store,Not Returned,Low,1585.41,VIP
371479,Backpack,30,2022-02-17 20:00,92.32,0.02,8.04,Stationery,In-store,Not Returned,High,2769.6,VIP
927637,Headphones,36,2022-02-18 07:00,90.95,0.28,8.05,Stationery,In-store,Returned,High,3274.2000000000003,VIP
731633,White Mug,26,2022-02-18 15:00,85.49,0.42,23.95,Stationery,Online,Not Returned,Low,2222.74,VIP
651171,Notebook,32,2022-02-19 01:00,32.77,0.45,18.42,Stationery,In-store,Not Returned,Medium,1048.64,VIP
791204,Office Chair,22,2022-02-19 04:00,66.08,0.1,19.06,Stationery,In-store,Not Returned,Medium,1453.76,VIP
152748,Backpack,15,2022-02-19 12:00,98.89,0.13,26.9,Stationery,In-store,Not Returned,Low,1483.35,VIP
388683,Blue Pen,18,2022-02-19 19:00,90.91,0.22,19.0,Stationery,In-store,Not Returned,Low,1636.38,VIP
920987,Headphones,26,2022-02-19 23:00,75.5,0.08,19.77,Stationery,In-store,Not Returned,Low,1963.0,VIP
253358,Wall Clock,26,2022-02-20 03:00,94.29,0.49,16.39,Stationery,Online,Not Returned,Medium,2451.54,VIP
741447,USB Cable,21,2022-02-21 04:00,80.06,0.3,16.05,Stationery,Online,Not Returned,Low,1681.26,VIP
840457,Office Chair,29,2022-02-21 13:00,41.6,0.33,17.53,Stationery,In-store,Not Returned,High,1206.4,VIP
170047,Wireless Mouse,46,2022-02-21 15:00,46.78,0.29,28.29,Stationery,In-store,Returned,Low,2151.88,VIP
348765,Desk Lamp,23,2022-02-22 11:00,84.92,0.29,12.83,Stationery,In-store,Not Returned,Low,1953.16,VIP
974112,Headphones,26,2022-02-22 21:00,63.67,0.33,15.63,Stationery,Online,Not Returned,Medium,1655.42,VIP
341348,Notebook,45,2022-02-22 23:00,40.04,0.13,6.2,Stationery,In-store,Not Returned,High,1801.8,VIP
670954,Desk Lamp,20,2022-02-23 11:00,67.19,0.18,6.02,Stationery,In-store,Not Returned,Low,1343.8,VIP
905341,Office Chair,27,2022-02-23 13:00,39.7,0.03,13.93,Stationery,Online,Not Returned,Low,1071.9,VIP
122525,White Mug,26,2022-02-23 16:00,39.91,0.03,12.68,Stationery,Online,Not Returned,Medium,1037.66,VIP
600181,White Mug,45,2022-02-23 21:00,82.24,0.24,16.64,Stationery,Online,Returned,High,3700.8,VIP
867914,White Mug,24,2022-02-24 00:00,42.76,0.49,24.79,Stationery,Online,Not Returned,High,1026.24,VIP
706990,White Mug,40,2022-02-25 12:00,59.27,0.13,21.9,Stationery,In-store,Not Returned,Low,2370.8,VIP
932494,Headphones,28,2022-02-25 18:00,75.69,0.3,21.58,Stationery,In-store,Not Returned,Medium,2119.32,VIP
540990,Wireless Mouse,29,2022-02-26 09:00,86.51,0.16,23.86,Stationery,In-store,Not Returned,High,2508.79,VIP
892063,Blue Pen,43,2022-02-27 05:00,85.61,0.06,7.22,Stationery,Online,Not Returned,High,3681.23,VIP
925440,White Mug,24,2022-02-27 23:00,44.03,0.46,13.61,Stationery,Online,Not Returned,Low,1056.72,VIP
536370,White Mug,33,2022-02-28 02:00,88.87,0.06,24.78,Stationery,In-store,Not Returned,Low,2932.71,VIP
458963,Notebook,45,2022-02-28 22:00,64.46,0.04,6.48,Stationery,Online,Returned,Medium,2900.7,VIP
487335,Office Chair,41,2022-03-01 10:00,70.36,0.31,12.11,Stationery,Online,Not Returned,Low,2884.76,VIP
795136,Desk Lamp,15,2022-03-01 11:00,75.2,0.31,8.79,Stationery,Online,Not Returned,Low,1128.0,VIP
371855,Wall Clock,42,2022-03-01 19:00,66.79,0.0,20.47,Stationery,Online,Not Returned,Medium,2805.1800000000003,VIP
839145,Blue Pen,24,2022-03-01 22:00,90.31,0.48,12.42,Stationery,Online,Not Returned,High,2167.44,VIP
601525,Office Chair,31,2022-03-02 12:00,55.52,0.4,6.13,Stationery,In-store,Not Returned,High,1721.12,VIP
953268,T-shirt,18,2022-03-03 01:00,90.13,0.2,25.8,Stationery,In-store,Not Returned,Low,1622.34,VIP
811182,Notebook,21,2022-03-03 08:00,48.03,0.32,8.43,Stationery,In-store,Not Returned,High,1008.63,VIP
747408,Wall Clock,40,2022-03-04 13:00,52.25,0.15,15.75,Stationery,Online,Not Returned,High,2090.0,VIP
190629,White Mug,43,2022-03-05 09:00,34.69,0.12,26.11,Stationery,In-store,Not Returned,Medium,1491.6699999999998,VIP
662464,White Mug,37,2022-03-06 01:00,48.7,0.11,28.14,Stationery,Online,Not Returned,High,1801.9,VIP
152756,Office Chair,37,2022-03-06 17:00,85.97,0.06,26.7,Stationery,Online,Not Returned,High,3180.89,VIP
428779,Office Chair,-39,2022-03-06 23:00,-37.51,1.8401467243418208,,Stationery,Online,Not Returned,High,1462.89,VIP
993317,Wireless Mouse,48,2022-03-07 02:00,66.67,0.42,8.7,Stationery,In-store,Not Returned,High,3200.16,VIP
373485,Office Chair,46,2022-03-08 03:00,54.57,0.29,21.28,Stationery,Online,Not Returned,Low,2510.22,VIP
950340,USB Cable,49,2022-03-08 04:00,32.29,0.48,17.56,Stationery,In-store,Not Returned,High,1582.21,VIP
771915,Desk Lamp,25,2022-03-08 20:00,71.89,0.06,18.55,Stationery,Online,Not Returned,Low,1797.25,VIP
208750,Desk Lamp,19,2022-03-09 02:00,99.58,0.07,7.12,Stationery,Online,Not Returned,Medium,1892.02,VIP
520515,Desk Lamp,47,2022-03-09 10:00,51.8,0.47,16.38,Stationery,In-store,Not Returned,High,2434.6,VIP
101532,USB Cable,24,2022-03-10 12:00,85.48,0.29,22.3,Stationery,Online,Not Returned,High,2051.52,VIP
938600,Wireless Mouse,34,2022-03-10 21:00,90.85,0.16,8.05,Stationery,Online,Not Returned,Medium,3088.9,VIP
499605,Headphones,42,2022-03-11 00:00,85.59,0.29,23.25,Stationery,Online,Not Returned,High,3594.78,VIP
280653,Backpack,30,2022-03-12 14:00,65.08,0.0,17.23,Stationery,Online,Not Returned,Medium,1952.4,VIP
784341,Backpack,45,2022-03-12 23:00,51.97,0.31,16.47,Stationery,In-store,Not Returned,High,2338.65,VIP
817511,USB Cable,26,2022-03-14 02:00,49.46,0.25,8.35,Stationery,In-store,Not Returned,High,1285.96,VIP
725122,USB Cable,19,2022-03-15 01:00,73.3,0.13,24.78,Stationery,In-store,Not Returned,Medium,1392.7,VIP
398388,Headphones,37,2022-03-15 15:00,93.79,0.48,10.73,Stationery,In-store,Not Returned,Medium,3470.23,VIP
574406,White Mug,48,2022-03-16 03:00,51.9,0.05,14.06,Stationery,In-store,Not Returned,Low,2491.2,VIP
227192,Wall Clock,37,2022-03-16 08:00,72.35,0.24,27.08,Stationery,Online,Not Returned,Medium,2676.95,VIP
840174,Office Chair,30,2022-03-16 22:00,63.8,0.14,27.98,Stationery,In-store,Not Returned,High,1914.0,VIP
617196,Wireless Mouse,42,2022-03-17 03:00,60.03,0.02,17.91,Stationery,In-store,Not Returned,Low,2521.26,VIP
871365,Office Chair,25,2022-03-18 04:00,58.15,0.39,7.96,Stationery,In-store,Not Returned,Low,1453.75,VIP
192313,Blue Pen,41,2022-03-18 08:00,33.74,0.18,23.17,Stationery,Online,Not Returned,Medium,1383.34,VIP
615303,USB Cable,-37,2022-03-18 20:00,-97.58,0.42,,Stationery,Online,Not Returned,Low,3610.46,VIP
261704,Blue Pen,23,2022-03-19 06:00,99.73,0.34,20.07,Stationery,In-store,Not Returned,Low,2293.79,VIP
699181,Notebook,43,2022-03-19 18:00,93.72,0.5,7.72,Stationery,Online,Not Returned,Low,4029.96,VIP
943399,Headphones,41,2022-03-19 23:00,35.03,0.22,22.1,Stationery,Online,Not Returned,Low,1436.23,VIP
263674,Blue Pen,25,2022-03-20 18:00,77.72,0.33,13.47,Stationery,In-store,Not Returned,Low,1943.0,VIP
484412,Wireless Mouse,39,2022-03-21 16:00,55.69,0.44,7.79,Stationery,Online,Not Returned,Low,2171.91,VIP
552483,Wall Clock,31,2022-03-21 17:00,72.92,0.37,25.0,Stationery,Online,Not Returned,Low,2260.52,VIP
771367,Blue Pen,45,2022-03-21 22:00,39.17,0.19,7.51,Stationery,Online,Not Returned,Low,1762.65,VIP
704065,USB Cable,-45,2022-03-21 23:00,-86.51,1.0159331358719237,,Stationery,Online,Not Returned,Medium,3892.95,VIP
997383,White Mug,23,2022-03-22 06:00,74.47,0.02,21.32,Stationery,In-store,Not Returned,High,1712.81,VIP
198831,Wireless Mouse,39,2022-03-22 09:00,34.06,0.28,11.75,Stationery,In-store,Not Returned,Medium,1328.34,VIP
445778,Backpack,46,2022-03-22 13:00,93.18,0.15,5.65,Stationery,Online,Returned,High,4286.280000000001,VIP
885088,Desk Lamp,26,2022-03-23 00:00,95.51,0.08,17.5,Stationery,Online,Not Returned,High,2483.26,VIP
916831,Wireless Mouse,24,2022-03-23 02:00,95.05,0.38,21.79,Stationery,In-store,Not Returned,High,2281.2,VIP
405242,Backpack,36,2022-03-23 04:00,71.21,0.02,17.81,Stationery,Online,Not Returned,Low,2563.56,VIP
415387,Notebook,48,2022-03-23 06:00,27.27,0.19,12.23,Stationery,Online,Not Returned,Low,1308.96,VIP
855631,Headphones,28,2022-03-24 02:00,94.13,0.13,20.2,Stationery,In-store,Not Returned,High,2635.64,VIP
686532,USB Cable,37,2022-03-24 11:00,42.75,0.08,8.11,Stationery,In-store,Not Returned,Low,1581.75,VIP
800461,Wireless Mouse,27,2022-03-24 15:00,53.29,0.46,28.78,Stationery,Online,Not Returned,Medium,1438.83,VIP
832444,White Mug,23,2022-03-24 17:00,50.15,0.03,12.7,Stationery,Online,Not Returned,High,1153.45,VIP
727358,Desk Lamp,28,2022-03-25 10:00,71.71,0.24,6.13,Stationery,In-store,Not Returned,Low,2007.88,VIP
434956,Wireless Mouse,37,2022-03-26 05:00,49.62,0.39,7.7,Stationery,In-store,Not Returned,Medium,1835.94,VIP
810692,White Mug,25,2022-03-26 16:00,76.42,0.46,17.44,Stationery,In-store,Not Returned,Low,1910.5,VIP
321437,Desk Lamp,29,2022-03-26 19:00,83.43,0.2,25.21,Stationery,Online,Not Returned,High,2419.4700000000003,VIP
685128,Notebook,44,2022-03-27 06:00,94.27,0.01,11.55,Stationery,Online,Not Returned,Medium,4147.88,VIP
997285,T-shirt,40,2022-03-27 20:00,35.12,0.28,22.56,Stationery,Online,Not Returned,Medium,1404.8,VIP
208417,Headphones,45,2022-03-27 21:00,62.0,0.29,20.94,Stationery,In-store,Not Returned,Medium,2790.0,VIP
595832,T-shirt,16,2022-03-28 16:00,67.74,0.25,21.67,Stationery,In-store,Not Returned,High,1083.84,VIP
396514,USB Cable,26,2022-03-29 07:00,67.33,0.35,16.37,Stationery,In-store,Returned,High,1750.58,VIP
397560,Office Chair,47,2022-03-29 13:00,96.64,0.46,29.85,Stationery,In-store,Not Returned,High,4542.08,VIP
815661,Wireless Mouse,45,2022-03-30 04:00,55.19,0.39,24.05,Stationery,In-store,Not Returned,Low,2483.55,VIP
194176,White Mug,39,2022-03-30 14:00,50.26,0.01,16.17,Stationery,Online,Not Returned,High,1960.14,VIP
743955,Wireless Mouse,26,2022-03-30 15:00,51.41,0.2,20.65,Stationery,In-store,Not Returned,Low,1336.66,VIP
808287,Headphones,47,2022-03-30 18:00,52.34,0.38,25.51,Stationery,In-store,Not Returned,Medium,2459.98,VIP
606399,Wireless Mouse,37,2022-03-30 20:00,43.88,0.12,24.92,Stationery,In-store,Not Returned,Low,1623.5600000000002,VIP
903464,Notebook,29,2022-03-30 21:00,58.19,0.08,11.66,Stationery,In-store,Not Returned,Medium,1687.51,VIP
889125,Headphones,46,2022-03-31 06:00,34.05,0.09,7.13,Stationery,In-store,Not Returned,Low,1566.3,VIP
782743,Headphones,20,2022-03-31 18:00,95.21,0.43,27.96,Stationery,Online,Returned,Low,1904.2,VIP
959088,Backpack,11,2022-03-31 20:00,94.63,0.23,12.1,Stationery,Online,Not Returned,Low,1040.9299999999998,VIP
369537,Wireless Mouse,31,2022-04-01 13:00,75.27,0.19,6.6,Stationery,Online,Not Returned,Low,2333.37,VIP
202281,Backpack,49,2022-04-01 16:00,27.25,0.3,24.78,Stationery,Online,Not Returned,Low,1335.25,VIP
326845,Blue Pen,35,2022-04-02 07:00,75.39,0.22,14.12,Stationery,Online,Returned,High,2638.65,VIP
973778,Headphones,40,2022-04-02 09:00,90.06,0.29,17.84,Stationery,In-store,Not Returned,High,3602.4,VIP
699857,Wireless Mouse,20,2022-04-04 04:00,75.61,0.37,5.97,Stationery,Online,Not Returned,High,1512.2,VIP
116829,USB Cable,19,2022-04-04 07:00,88.51,0.23,24.11,Stationery,In-store,Not Returned,Medium,1681.69,VIP
482478,Wall Clock,35,2022-04-04 11:00,91.86,0.02,29.03,Stationery,In-store,Not Returned,High,3215.1,VIP
633784,Office Chair,49,2022-04-05 09:00,88.77,0.04,8.75,Stationery,Online,Not Returned,High,4349.73,VIP
456211,Backpack,38,2022-04-05 17:00,55.15,0.17,17.58,Stationery,In-store,Not Returned,Low,2095.7,VIP
891747,Blue Pen,22,2022-04-05 22:00,55.49,0.35,13.94,Stationery,Online,Not Returned,Medium,1220.78,VIP
623136,Desk Lamp,36,2022-04-07 05:00,42.9,0.46,5.13,Stationery,In-store,Not Returned,Medium,1544.4,VIP
280934,USB Cable,24,2022-04-07 13:00,81.48,0.36,23.05,Stationery,In-store,Not Returned,Medium,1955.52,VIP
914001,USB Cable,36,2022-04-07 23:00,77.03,0.13,19.18,Stationery,In-store,Not Returned,High,2773.08,VIP
808537,Office Chair,23,2022-04-08 05:00,55.85,0.29,13.23,Stationery,Online,Not Returned,High,1284.55,VIP
176126,T-shirt,48,2022-04-08 08:00,87.3,0.09,12.92,Stationery,In-store,Not Returned,Medium,4190.4,VIP
109879,Headphones,19,2022-04-08 20:00,79.03,0.11,9.93,Stationery,Online,Not Returned,Low,1501.57,VIP
916708,White Mug,41,2022-04-09 04:00,86.79,0.14,13.66,Stationery,In-store,Not Returned,Low,3558.3900000000003,VIP
668392,Notebook,24,2022-04-09 23:00,83.69,0.12,15.67,Stationery,Online,Not Returned,Medium,2008.56,VIP
447455,USB Cable,43,2022-04-10 15:00,34.4,0.31,22.16,Stationery,Online,Returned,High,1479.2,VIP
714998,T-shirt,33,2022-04-10 20:00,51.39,0.38,18.69,Stationery,In-store,Not Returned,High,1695.87,VIP
400279,Blue Pen,14,2022-04-11 18:00,81.94,0.37,28.29,Stationery,In-store,Not Returned,High,1147.16,VIP
791018,Backpack,40,2022-04-11 19:00,52.39,0.13,15.52,Stationery,Online,Not Returned,Medium,2095.6,VIP
234845,Desk Lamp,14,2022-04-11 22:00,77.08,0.32,23.66,Stationery,In-store,Not Returned,Medium,1079.12,VIP
124956,Wireless Mouse,44,2022-04-11 23:00,61.75,0.19,9.84,Stationery,In-store,Not Returned,High,2717.0,VIP
363672,Office Chair,-38,2022-04-12 01:00,-76.25,0.01,,Stationery,Online,Not Returned,High,2897.5,VIP
199152,T-shirt,45,2022-04-12 06:00,37.8,0.1,13.68,Stationery,In-store,Returned,High,1700.9999999999998,VIP
438037,Desk Lamp,32,2022-04-12 10:00,86.62,0.13,9.87,Stationery,In-store,Not Returned,Low,2771.84,VIP
210782,Office Chair,28,2022-04-12 13:00,74.57,0.18,19.8,Stationery,In-store,Returned,High,2087.96,VIP
892272,Backpack,17,2022-04-14 07:00,97.92,0.31,22.41,Stationery,Online,Not Returned,Low,1664.64,VIP
522618,Wireless Mouse,47,2022-04-14 15:00,92.56,0.02,11.72,Stationery,Online,Not Returned,Low,4350.32,VIP
220497,T-shirt,27,2022-04-14 19:00,60.17,0.4,25.55,Stationery,In-store,Not Returned,Low,1624.59,VIP
251521,T-shirt,23,2022-04-14 20:00,65.6,0.47,14.96,Stationery,Online,Not Returned,Medium,1508.8,VIP
824203,White Mug,39,2022-04-15 17:00,51.17,0.42,21.57,Stationery,In-store,Not Returned,Low,1995.63,VIP
605241,Office Chair,14,2022-04-15 18:00,88.19,0.23,7.45,Stationery,In-store,Returned,Medium,1234.66,VIP
229817,Blue Pen,34,2022-04-16 01:00,91.06,0.11,9.49,Stationery,Online,Not Returned,Medium,3096.04,VIP
503243,Notebook,31,2022-04-16 14:00,84.28,0.05,28.44,Stationery,In-store,Not Returned,Low,2612.68,VIP
834851,White Mug,45,2022-04-17 02:00,36.64,0.07,22.5,Stationery,In-store,Not Returned,High,1648.8,VIP
468121,Desk Lamp,24,2022-04-18 03:00,44.98,0.22,27.55,Stationery,Online,Not Returned,Medium,1079.52,VIP
200020,T-shirt,42,2022-04-18 12:00,61.85,0.17,12.11,Stationery,Online,Not Returned,Medium,2597.7000000000003,VIP
410546,T-shirt,41,2022-04-19 06:00,46.12,0.02,27.07,Stationery,Online,Not Returned,High,1890.92,VIP
903767,Blue Pen,19,2022-04-19 13:00,85.02,0.44,22.37,Stationery,Online,Not Returned,High,1615.38,VIP
187367,Blue Pen,28,2022-04-21 11:00,56.42,0.28,25.72,Stationery,In-store,Not Returned,Medium,1579.76,VIP
229327,Blue Pen,42,2022-04-22 03:00,47.55,0.21,23.67,Stationery,Online,Not Returned,High,1997.1,VIP
965746,Notebook,40,2022-04-22 04:00,37.09,0.46,13.69,Stationery,Online,Not Returned,Medium,1483.6,VIP
902670,Blue Pen,16,2022-04-23 19:00,94.37,0.48,16.43,Stationery,In-store,Not Returned,Medium,1509.92,VIP
539388,USB Cable,26,2022-04-24 07:00,51.04,0.38,7.79,Stationery,Online,Returned,High,1327.04,VIP
304470,Office Chair,41,2022-04-25 02:00,66.61,0.4,17.64,Stationery,In-store,Not Returned,Low,2731.01,VIP
233107,USB Cable,49,2022-04-25 09:00,55.33,0.13,13.57,Stationery,Online,Not Returned,Low,2711.17,VIP
691676,T-shirt,35,2022-04-25 11:00,66.91,0.37,17.29,Stationery,In-store,Not Returned,Low,2341.85,VIP
779590,Wall Clock,41,2022-04-26 05:00,46.84,0.11,13.33,Stationery,In-store,Not Returned,High,1920.44,VIP
728781,USB Cable,20,2022-04-26 18:00,73.78,0.01,23.96,Stationery,In-store,Not Returned,Medium,1475.6,VIP
385201,USB Cable,42,2022-04-26 19:00,83.45,0.32,12.05,Stationery,Online,Not Returned,Medium,3504.9,VIP
730175,Headphones,34,2022-04-27 01:00,90.51,0.37,29.7,Stationery,In-store,Not Returned,Medium,3077.34,VIP
686360,T-shirt,46,2022-04-27 06:00,35.7,0.13,16.85,Stationery,Online,Not Returned,High,1642.2,VIP
870497,Office Chair,-33,2022-04-28 12:00,-79.56,1.7677047940196462,,Stationery,Online,Not Returned,High,2625.48,VIP
281532,Wall Clock,29,2022-04-28 19:00,97.16,0.41,26.89,Stationery,Online,Not Returned,Low,2817.64,VIP
483545,Notebook,46,2022-04-29 05:00,45.56,0.08,6.39,Stationery,Online,Not Returned,Low,2095.76,VIP
387871,Headphones,31,2022-04-29 14:00,50.0,0.24,12.32,Stationery,Online,Not Returned,Low,1550.0,VIP
134593,Blue Pen,37,2022-04-30 09:00,96.46,0.18,28.24,Stationery,Online,Not Returned,Low,3569.02,VIP
786783,White Mug,29,2022-04-30 13:00,49.57,0.3,24.94,Stationery,In-store,Not Returned,Medium,1437.53,VIP
292136,Wall Clock,20,2022-04-30 16:00,77.89,0.47,7.61,Stationery,In-store,Not Returned,Low,1557.8,VIP
822395,T-shirt,37,2022-05-01 00:00,73.33,0.23,27.75,Stationery,Online,Not Returned,Medium,2713.21,VIP
504181,Headphones,49,2022-05-01 14:00,27.06,0.46,23.24,Stationery,Online,Returned,Medium,1325.9399999999998,VIP
938628,White Mug,30,2022-05-01 15:00,42.55,0.05,23.51,Stationery,In-store,Not Returned,Low,1276.5,VIP
896478,Office Chair,23,2022-05-02 08:00,83.34,0.34,27.15,Stationery,In-store,Not Returned,High,1916.82,VIP
992078,Office Chair,16,2022-05-02 23:00,96.31,0.28,5.2,Stationery,In-store,Not Returned,Medium,1540.96,VIP
319015,Headphones,26,2022-05-03 00:00,63.4,0.42,25.62,Stationery,Online,Not Returned,Low,1648.4,VIP
378796,Blue Pen,42,2022-05-03 10:00,96.74,0.44,21.46,Stationery,In-store,Not Returned,Low,4063.08,VIP
323283,Wireless Mouse,25,2022-05-04 05:00,67.39,0.03,11.41,Stationery,In-store,Not Returned,Medium,1684.75,VIP
297935,White Mug,43,2022-05-04 16:00,49.68,0.17,27.34,Stationery,In-store,Not Returned,Low,2136.24,VIP
685628,Blue Pen,34,2022-05-05 03:00,75.55,0.35,24.7,Stationery,In-store,Not Returned,Medium,2568.7,VIP
412670,Blue Pen,37,2022-05-05 18:00,36.93,0.2,24.55,Stationery,In-store,Not Returned,High,1366.41,VIP
845866,Headphones,36,2022-05-06 08:00,84.54,0.12,6.84,Stationery,Online,Not Returned,Medium,3043.44,VIP
550330,Office Chair,36,2022-05-06 20:00,31.78,0.3,24.05,Stationery,In-store,Not Returned,Low,1144.08,VIP
642036,T-shirt,47,2022-05-06 22:00,93.18,0.22,27.97,Stationery,Online,Not Returned,High,4379.46,VIP
119283,Office Chair,28,2022-05-08 06:00,86.74,0.13,6.66,Stationery,In-store,Not Returned,Medium,2428.72,VIP
841119,Backpack,30,2022-05-09 08:00,95.63,0.36,15.21,Stationery,In-store,Not Returned,Medium,2868.9,VIP
459830,Wireless Mouse,34,2022-05-09 09:00,46.61,0.12,7.14,Stationery,In-store,Not Returned,High,1584.74,VIP
674529,Backpack,34,2022-05-10 04:00,45.04,0.1,22.01,Stationery,Online,Not Returned,High,1531.36,VIP
696122,Blue Pen,42,2022-05-10 17:00,98.91,0.21,26.5,Stationery,Online,Not Returned,High,4154.22,VIP
358989,Notebook,43,2022-05-11 10:00,90.37,0.47,25.88,Stationery,In-store,Not Returned,High,3885.91,VIP
474255,Desk Lamp,44,2022-05-11 14:00,82.66,0.43,15.84,Stationery,Online,Not Returned,High,3637.04,VIP
237022,Headphones,47,2022-05-11 19:00,83.57,0.06,9.5,Stationery,In-store,Not Returned,Medium,3927.79,VIP
434267,USB Cable,38,2022-05-12 04:00,43.18,0.12,26.76,Stationery,In-store,Not Returned,Medium,1640.84,VIP
711442,Office Chair,30,2022-05-12 15:00,62.71,0.09,28.74,Stationery,In-store,Not Returned,High,1881.3,VIP
509355,Desk Lamp,23,2022-05-12 20:00,63.86,0.08,20.19,Stationery,Online,Not Returned,High,1468.78,VIP
732407,USB Cable,20,2022-05-13 15:00,72.08,0.05,8.2,Stationery,In-store,Not Returned,Medium,1441.6,VIP
462301,Blue Pen,-20,2022-05-13 16:00,-74.13,1.033210290269695,,Stationery,In-store,Not Returned,Low,1482.6,VIP
182673,Blue Pen,17,2022-05-13 17:00,95.66,0.19,11.3,Stationery,Online,Not Returned,Medium,1626.22,VIP
581537,Headphones,29,2022-05-14 06:00,48.76,0.47,14.83,Stationery,Online,Not Returned,Medium,1414.04,VIP
498496,Headphones,23,2022-05-14 10:00,78.67,0.26,11.21,Stationery,Online,Not Returned,High,1809.41,VIP
868813,Office Chair,48,2022-05-14 15:00,43.01,0.37,24.4,Stationery,Online,Not Returned,Medium,2064.48,VIP
494079,T-shirt,34,2022-05-15 06:00,35.93,0.19,25.96,Stationery,Online,Not Returned,High,1221.62,VIP
982816,Wall Clock,40,2022-05-15 20:00,84.52,0.12,14.76,Stationery,Online,Not Returned,Low,3380.8,VIP
268276,Office Chair,42,2022-05-15 22:00,43.75,0.14,13.25,Stationery,Online,Not Returned,Medium,1837.5,VIP
764407,Office Chair,49,2022-05-16 22:00,52.59,0.19,8.38,Stationery,In-store,Not Returned,Medium,2576.9100000000003,VIP
204570,Blue Pen,29,2022-05-17 20:00,85.49,0.44,23.68,Stationery,In-store,Not Returned,High,2479.21,VIP
554256,White Mug,20,2022-05-19 00:00,94.25,0.49,15.56,Stationery,Online,Not Returned,Low,1885.0,VIP
919482,White Mug,34,2022-05-19 07:00,80.76,0.31,11.48,Stationery,Online,Not Returned,Medium,2745.84,VIP
148070,Wall Clock,22,2022-05-19 12:00,59.57,0.15,16.57,Stationery,In-store,Not Returned,High,1310.54,VIP
990726,Desk Lamp,48,2022-05-20 10:00,98.14,0.22,12.73,Stationery,Online,Not Returned,Medium,4710.72,VIP
574329,Headphones,29,2022-05-20 20:00,60.82,0.26,22.75,Stationery,In-store,Not Returned,Medium,1763.78,VIP
866334,White Mug,12,2022-05-21 01:00,85.13,0.28,26.04,Stationery,Online,Not Returned,Low,1021.56,VIP
486435,USB Cable,40,2022-05-21 02:00,81.58,0.01,26.73,Stationery,In-store,Not Returned,High,3263.2,VIP
836496,Backpack,40,2022-05-21 21:00,25.59,0.21,7.0,Stationery,Online,Not Returned,High,1023.6,VIP
109145,Office Chair,16,2022-05-23 02:00,80.06,0.26,17.03,Stationery,In-store,Not Returned,Medium,1280.96,VIP
933884,USB Cable,33,2022-05-24 19:00,62.61,0.14,28.73,Stationery,In-store,Not Returned,High,2066.13,VIP
682456,Office Chair,29,2022-05-25 23:00,82.01,0.31,13.65,Stationery,In-store,Not Returned,Medium,2378.29,VIP
893091,Backpack,36,2022-05-26 10:00,82.36,0.35,19.28,Stationery,Online,Not Returned,Low,2964.96,VIP
760980,Office Chair,38,2022-05-26 16:00,27.7,0.25,6.92,Stationery,In-store,Not Returned,High,1052.6,VIP
724078,Wall Clock,28,2022-05-26 17:00,39.63,0.35,21.85,Stationery,In-store,Not Returned,Low,1109.64,VIP
144258,Wireless Mouse,33,2022-05-26 19:00,45.25,0.21,9.5,Stationery,In-store,Not Returned,High,1493.25,VIP
705559,Headphones,43,2022-05-28 01:00,58.14,0.13,5.59,Stationery,Online,Returned,Medium,2500.02,VIP
188114,USB Cable,26,2022-05-28 04:00,51.47,0.03,12.5,Stationery,Online,Not Returned,Low,1338.22,VIP
339139,Headphones,42,2022-05-28 08:00,30.88,0.17,8.39,Stationery,In-store,Not Returned,High,1296.96,VIP
422726,T-shirt,13,2022-05-28 12:00,88.21,0.49,28.15,Stationery,In-store,Not Returned,Medium,1146.73,VIP
514921,Backpack,33,2022-05-28 14:00,49.34,0.04,11.65,Stationery,Online,Not Returned,High,1628.22,VIP
906775,USB Cable,17,2022-05-29 06:00,70.2,0.28,5.27,Stationery,In-store,Not Returned,Medium,1193.4,VIP
811083,White Mug,26,2022-05-30 01:00,41.94,0.36,18.79,Stationery,In-store,Not Returned,High,1090.44,VIP
879572,USB Cable,34,2022-05-30 09:00,73.74,0.16,5.21,Stationery,Online,Not Returned,Low,2507.16,VIP
192663,USB Cable,41,2022-06-02 00:00,91.51,0.07,16.79,Stationery,In-store,Not Returned,Low,3751.91,VIP
717846,Desk Lamp,43,2022-06-02 09:00,52.03,0.29,20.12,Stationery,In-store,Not Returned,Low,2237.29,VIP
899800,USB Cable,47,2022-06-02 12:00,54.81,0.01,15.97,Stationery,In-store,Not Returned,Medium,2576.07,VIP
298343,Office Chair,36,2022-06-03 10:00,67.0,0.5,28.7,Stationery,Online,Not Returned,Low,2412.0,VIP
304706,Backpack,30,2022-06-04 00:00,95.16,0.03,23.92,Stationery,In-store,Not Returned,Medium,2854.8,VIP
513145,USB Cable,16,2022-06-04 08:00,62.63,0.07,20.6,Stationery,In-store,Returned,Medium,1002.08,VIP
969565,Office Chair,36,2022-06-04 09:00,81.28,0.45,10.34,Stationery,In-store,Not Returned,High,2926.08,VIP
353189,T-shirt,48,2022-06-04 20:00,43.15,0.4,14.87,Stationery,Online,Not Returned,Low,2071.2,VIP
805051,USB Cable,41,2022-06-05 03:00,74.14,0.04,26.33,Stationery,Online,Not Returned,Low,3039.74,VIP
861595,Desk Lamp,32,2022-06-06 12:00,45.9,0.09,21.84,Stationery,Online,Not Returned,Low,1468.8,VIP
549426,Notebook,43,2022-06-06 13:00,86.44,0.07,18.55,Stationery,Online,Not Returned,Low,3716.92,VIP
545170,Wall Clock,34,2022-06-06 14:00,80.77,0.44,17.66,Stationery,In-store,Not Returned,Low,2746.18,VIP
379677,White Mug,21,2022-06-06 23:00,60.55,0.13,15.88,Stationery,In-store,Not Returned,High,1271.55,VIP
607966,Wireless Mouse,34,2022-06-07 00:00,94.43,0.34,26.71,Stationery,Online,Not Returned,Low,3210.6200000000003,VIP
725070,Headphones,14,2022-06-08 14:00,79.34,0.35,21.9,Stationery,Online,Not Returned,High,1110.76,VIP
537991,T-shirt,34,2022-06-08 21:00,44.07,0.34,27.17,Stationery,In-store,Not Returned,Low,1498.38,VIP
292527,Wall Clock,44,2022-06-09 09:00,79.84,0.03,11.45,Stationery,Online,Returned,Medium,3512.96,VIP
417582,Headphones,20,2022-06-10 07:00,78.82,0.49,6.52,Stationery,Online,Returned,High,1576.4,VIP
525966,White Mug,21,2022-06-10 13:00,78.2,0.25,26.06,Stationery,In-store,Not Returned,High,1642.2,VIP
954470,USB Cable,-46,2022-06-10 21:00,-48.18,1.3784345419890285,,Stationery,Online,Not Returned,High,2216.28,VIP
423670,White Mug,35,2022-06-11 06:00,59.23,0.05,8.78,Stationery,In-store,Not Returned,Low,2073.05,VIP
758554,Headphones,31,2022-06-11 18:00,68.5,0.46,7.44,Stationery,In-store,Not Returned,Medium,2123.5,VIP
427111,White Mug,41,2022-06-11 22:00,79.07,0.37,27.33,Stationery,Online,Not Returned,High,3241.87,VIP
636630,Headphones,36,2022-06-12 13:00,90.36,0.17,23.08,Stationery,Online,Returned,High,3252.96,VIP
950486,T-shirt,41,2022-06-13 00:00,62.78,0.28,26.7,Stationery,Online,Not Returned,Low,2573.98,VIP
428019,Blue Pen,25,2022-06-13 03:00,74.32,0.12,28.63,Stationery,In-store,Not Returned,Low,1858.0,VIP
788280,Blue Pen,43,2022-06-13 04:00,70.34,0.3,22.82,Stationery,In-store,Not Returned,High,3024.6200000000003,VIP
418442,Headphones,42,2022-06-13 10:00,52.18,0.2,21.87,Stationery,In-store,Not Returned,Medium,2191.56,VIP
208197,White Mug,21,2022-06-13 22:00,67.13,0.07,22.1,Stationery,Online,Not Returned,High,1409.73,VIP
371639,Office Chair,21,2022-06-14 03:00,81.59,0.17,17.58,Stationery,Online,Not Returned,Medium,1713.39,VIP
346130,White Mug,14,2022-06-14 04:00,87.44,0.22,13.04,Stationery,Online,Not Returned,Low,1224.16,VIP
392490,Wall Clock,26,2022-06-14 10:00,58.57,0.12,27.21,Stationery,In-store,Not Returned,Medium,1522.82,VIP
660811,T-shirt,28,2022-06-15 02:00,44.48,0.35,18.72,Stationery,Online,Not Returned,High,1245.4399999999998,VIP
483094,Wireless Mouse,46,2022-06-15 04:00,62.68,0.27,20.8,Stationery,Online,Not Returned,High,2883.28,VIP
266804,Headphones,28,2022-06-15 05:00,96.17,0.06,23.57,Stationery,In-store,Not Returned,Medium,2692.76,VIP
824179,USB Cable,27,2022-06-15 23:00,53.85,0.41,11.28,Stationery,Online,Not Returned,Medium,1453.95,VIP
641828,USB Cable,48,2022-06-16 04:00,66.81,0.18,29.25,Stationery,Online,Not Returned,Low,3206.88,VIP
957887,Office Chair,15,2022-06-16 08:00,81.79,0.18,20.09,Stationery,In-store,Not Returned,Medium,1226.85,VIP
552889,Desk Lamp,44,2022-06-16 11:00,22.96,0.21,7.93,Stationery,Online,Not Returned,Medium,1010.24,VIP
464494,Backpack,31,2022-06-17 02:00,93.4,0.43,16.6,Stationery,Online,Not Returned,High,2895.4,VIP
830002,Headphones,38,2022-06-18 09:00,83.39,0.22,9.32,Stationery,Online,Not Returned,Medium,3168.82,VIP
874474,Headphones,43,2022-06-18 13:00,61.5,0.18,16.15,Stationery,In-store,Not Returned,High,2644.5,VIP
397463,Office Chair,17,2022-06-18 16:00,87.1,0.12,21.82,Stationery,Online,Not Returned,Medium,1480.6999999999998,VIP
261928,USB Cable,46,2022-06-18 23:00,29.36,0.46,25.62,Stationery,In-store,Not Returned,Medium,1350.56,VIP
772947,Blue Pen,40,2022-06-19 03:00,35.64,0.48,22.04,Stationery,In-store,Not Returned,High,1425.6,VIP
216905,Office Chair,23,2022-06-19 18:00,85.78,0.18,12.76,Stationery,In-store,Not Returned,Low,1972.94,VIP
626344,Notebook,23,2022-06-20 17:00,60.9,0.07,20.41,Stationery,Online,Not Returned,High,1400.7,VIP
317544,Desk Lamp,20,2022-06-21 18:00,69.21,0.35,7.89,Stationery,Online,Not Returned,Low,1384.1999999999998,VIP
365205,Office Chair,19,2022-06-21 21:00,83.63,0.02,5.49,Stationery,In-store,Not Returned,High,1588.9699999999998,VIP
290690,T-shirt,48,2022-06-22 02:00,98.88,0.31,20.52,Stationery,Online,Not Returned,Low,4746.24,VIP
968329,Desk Lamp,41,2022-06-22 03:00,74.75,0.06,12.16,Stationery,In-store,Not Returned,Medium,3064.75,VIP
495668,USB Cable,28,2022-06-23 04:00,76.56,0.47,25.29,Stationery,In-store,Returned,Medium,2143.6800000000003,VIP
459743,Blue Pen,18,2022-06-23 17:00,77.11,0.03,17.17,Stationery,In-store,Not Returned,High,1387.98,VIP
904855,Headphones,48,2022-06-24 00:00,32.05,0.3,20.62,Stationery,Online,Not Returned,Medium,1538.4,VIP
593938,Office Chair,22,2022-06-24 12:00,69.96,0.31,16.15,Stationery,In-store,Not Returned,High,1539.12,VIP
589922,Desk Lamp,45,2022-06-24 13:00,77.03,0.23,12.48,Stationery,Online,Not Returned,High,3466.35,VIP
238876,White Mug,30,2022-06-24 17:00,67.99,0.11,17.87,Stationery,In-store,Not Returned,Low,2039.7,VIP
634968,Notebook,48,2022-06-25 05:00,83.83,0.11,22.1,Stationery,In-store,Not Returned,Medium,4023.84,VIP
158914,Desk Lamp,42,2022-06-25 11:00,65.33,0.08,26.32,Stationery,Online,Not Returned,High,2743.86,VIP
139913,Headphones,17,2022-06-26 12:00,82.26,0.32,9.08,Stationery,Online,Not Returned,Medium,1398.42,VIP
109586,Wireless Mouse,18,2022-06-27 01:00,72.99,0.36,19.38,Stationery,Online,Not Returned,Low,1313.82,VIP
878755,Desk Lamp,39,2022-06-28 17:00,38.91,0.49,9.61,Stationery,Online,Not Returned,Low,1517.4899999999998,VIP
679823,White Mug,40,2022-06-28 18:00,93.14,0.17,26.58,Stationery,Online,Not Returned,Medium,3725.6,VIP
802338,White Mug,25,2022-06-28 21:00,55.16,0.29,27.6,Stationery,Online,Returned,High,1379.0,VIP
648795,T-shirt,30,2022-06-29 01:00,66.03,0.41,25.54,Stationery,Online,Not Returned,High,1980.9,VIP
432703,USB Cable,39,2022-06-29 08:00,88.33,0.05,27.95,Stationery,Online,Returned,Low,3444.87,VIP
871393,Backpack,39,2022-06-29 13:00,98.14,0.48,21.88,Stationery,In-store,Not Returned,Low,3827.46,VIP
182446,Headphones,25,2022-06-29 17:00,42.02,0.02,27.29,Stationery,Online,Not Returned,High,1050.5,VIP
282506,Desk Lamp,48,2022-06-29 21:00,91.61,0.5,26.12,Stationery,In-store,Not Returned,Medium,4397.28,VIP
693184,T-shirt,14,2022-06-30 04:00,77.61,0.49,6.25,Stationery,In-store,Not Returned,Medium,1086.54,VIP
489336,Office Chair,31,2022-06-30 20:00,45.01,0.15,24.62,Stationery,Online,Not Returned,Low,1395.31,VIP
802736,Backpack,29,2022-07-02 05:00,51.41,0.04,7.49,Stationery,Online,Returned,Medium,1490.89,VIP
120501,Desk Lamp,37,2022-07-02 08:00,36.86,0.35,21.16,Stationery,In-store,Not Returned,Low,1363.82,VIP
728021,T-shirt,15,2022-07-02 10:00,91.64,0.05,6.18,Stationery,Online,Returned,Medium,1374.6,VIP
585780,Blue Pen,35,2022-07-03 02:00,62.73,0.26,16.98,Stationery,Online,Not Returned,Low,2195.55,VIP
855897,Office Chair,46,2022-07-04 17:00,94.48,0.12,24.76,Stationery,Online,Returned,Medium,4346.08,VIP
800972,Desk Lamp,31,2022-07-05 04:00,62.5,0.13,15.82,Stationery,Online,Not Returned,High,1937.5,VIP
995024,Headphones,25,2022-07-05 17:00,48.33,0.48,5.11,Stationery,Online,Not Returned,High,1208.25,VIP
125622,Backpack,30,2022-07-05 21:00,89.41,0.08,24.97,Stationery,In-store,Not Returned,Medium,2682.3,VIP
870157,White Mug,41,2022-07-06 00:00,34.01,0.3,12.15,Stationery,In-store,Returned,Low,1394.41,VIP
757960,Backpack,46,2022-07-06 03:00,30.53,0.01,15.0,Stationery,In-store,Not Returned,Low,1404.38,VIP
378833,Wall Clock,23,2022-07-06 08:00,98.83,0.25,10.72,Stationery,In-store,Not Returned,High,2273.09,VIP
195698,Notebook,34,2022-07-07 09:00,34.03,0.35,20.37,Stationery,Online,Not Returned,Medium,1157.02,VIP
669326,White Mug,15,2022-07-08 00:00,90.26,0.47,29.68,Stationery,In-store,Not Returned,High,1353.9,VIP
942575,Office Chair,34,2022-07-09 23:00,69.48,0.28,13.45,Stationery,In-store,Not Returned,Low,2362.32,VIP
996317,Notebook,38,2022-07-10 15:00,89.64,0.12,19.54,Stationery,In-store,Not Returned,High,3406.32,VIP
895365,Office Chair,31,2022-07-11 00:00,83.61,0.4,10.59,Stationery,Online,Returned,High,2591.91,VIP
991123,Office Chair,14,2022-07-11 04:00,76.63,0.36,14.36,Stationery,Online,Not Returned,Medium,1072.82,VIP
729425,USB Cable,43,2022-07-11 05:00,92.16,0.44,20.09,Stationery,Online,Not Returned,High,3962.88,VIP
256359,Office Chair,-25,2022-07-12 02:00,-56.47,0.44,,Stationery,Online,Not Returned,High,1411.75,VIP
160616,Notebook,32,2022-07-12 11:00,85.25,0.22,18.72,Stationery,Online,Not Returned,Low,2728.0,VIP
513612,Blue Pen,39,2022-07-13 00:00,64.09,0.12,21.75,Stationery,Online,Not Returned,Medium,2499.51,VIP
881444,Wall Clock,35,2022-07-13 02:00,95.65,0.44,5.47,Stationery,Online,Not Returned,Medium,3347.75,VIP
701082,Headphones,29,2022-07-14 00:00,97.35,0.02,16.72,Stationery,Online,Not Returned,Medium,2823.15,VIP
140503,Office Chair,22,2022-07-14 03:00,68.54,0.42,29.83,Stationery,Online,Not Returned,Medium,1507.88,VIP
680484,Notebook,12,2022-07-14 05:00,91.61,0.42,17.11,Stationery,In-store,Not Returned,Low,1099.32,VIP
668043,Backpack,32,2022-07-14 19:00,40.04,0.22,7.56,Stationery,In-store,Not Returned,High,1281.28,VIP
500235,Wireless Mouse,44,2022-07-15 12:00,87.28,0.49,22.02,Stationery,In-store,Not Returned,High,3840.32,VIP
301107,Backpack,35,2022-07-16 06:00,63.01,0.05,22.81,Stationery,In-store,Not Returned,Low,2205.35,VIP
209398,Wireless Mouse,37,2022-07-16 09:00,47.99,0.47,26.87,Stationery,Online,Not Returned,High,1775.63,VIP
518818,White Mug,41,2022-07-16 12:00,86.62,0.31,24.63,Stationery,In-store,Not Returned,Low,3551.42,VIP
468102,USB Cable,23,2022-07-16 15:00,74.33,0.44,26.46,Stationery,Online,Not Returned,High,1709.59,VIP
892047,Headphones,42,2022-07-16 21:00,51.74,0.26,8.51,Stationery,In-store,Not Returned,Low,2173.08,VIP
462710,USB Cable,39,2022-07-17 14:00,27.22,0.33,14.21,Stationery,In-store,Not Returned,High,1061.58,VIP
202478,Wall Clock,40,2022-07-17 23:00,74.27,0.11,7.46,Stationery,In-store,Not Returned,Medium,2970.8,VIP
516602,Headphones,37,2022-07-18 03:00,31.61,0.47,20.17,Stationery,Online,Not Returned,Medium,1169.57,VIP
348053,Blue Pen,48,2022-07-18 04:00,90.66,0.15,27.19,Stationery,In-store,Returned,Low,4351.68,VIP
308929,Headphones,34,2022-07-18 10:00,81.61,0.22,15.46,Stationery,In-store,Not Returned,Medium,2774.74,VIP
632757,White Mug,21,2022-07-19 06:00,58.37,0.18,24.09,Stationery,Online,Not Returned,High,1225.77,VIP
906360,Wall Clock,24,2022-07-19 10:00,70.72,0.48,5.14,Stationery,In-store,Not Returned,Low,1697.28,VIP
185227,White Mug,35,2022-07-19 22:00,47.66,0.4,13.73,Stationery,In-store,Not Returned,High,1668.1,VIP
364813,Wireless Mouse,47,2022-07-20 16:00,39.53,0.4,6.98,Stationery,In-store,Not Returned,Medium,1857.91,VIP
819935,Wireless Mouse,47,2022-07-20 22:00,59.41,0.0,10.62,Stationery,Online,Not Returned,High,2792.27,VIP
124406,Wireless Mouse,42,2022-07-21 00:00,31.85,0.28,11.61,Stationery,In-store,Returned,Medium,1337.7,VIP
798367,Backpack,43,2022-07-21 15:00,49.52,0.19,23.34,Stationery,Online,Not Returned,Medium,2129.36,VIP
283328,Blue Pen,-22,2022-07-21 17:00,-88.22,1.39558915601534,,Stationery,Online,Not Returned,Medium,1940.84,VIP
806791,Office Chair,36,2022-07-22 02:00,38.52,0.5,12.57,Stationery,Online,Not Returned,Low,1386.72,VIP
248608,Wireless Mouse,21,2022-07-22 05:00,68.89,0.16,22.99,Stationery,Online,Not Returned,Medium,1446.69,VIP
396206,Headphones,46,2022-07-22 06:00,86.73,0.08,7.46,Stationery,Online,Not Returned,High,3989.58,VIP
645961,USB Cable,14,2022-07-22 09:00,80.29,0.16,6.25,Stationery,In-store,Not Returned,High,1124.0600000000002,VIP
870508,Wireless Mouse,38,2022-07-23 11:00,95.15,0.02,15.21,Stationery,Online,Not Returned,Medium,3615.7,VIP
901431,White Mug,27,2022-07-23 12:00,94.48,0.09,12.43,Stationery,Online,Not Returned,High,2550.96,VIP
348465,Wireless Mouse,38,2022-07-23 17:00,47.4,0.13,26.77,Stationery,In-store,Not Returned,Medium,1801.2,VIP
956334,Desk Lamp,43,2022-07-23 18:00,24.08,0.27,27.17,Stationery,In-store,Not Returned,Low,1035.4399999999998,VIP
260631,Backpack,18,2022-07-24 03:00,82.45,0.19,20.85,Stationery,Online,Not Returned,High,1484.1,VIP
297872,T-shirt,32,2022-07-24 05:00,99.51,0.04,27.62,Stationery,In-store,Not Returned,Medium,3184.32,VIP
711889,T-shirt,-22,2022-07-25 07:00,-80.85,1.837723372959173,,Stationery,In-store,Not Returned,Low,1778.6999999999998,VIP
549467,USB Cable,15,2022-07-25 19:00,83.14,0.38,16.53,Stationery,In-store,Not Returned,High,1247.1,VIP
146526,Desk Lamp,43,2022-07-26 16:00,42.7,0.48,22.29,Stationery,Online,Not Returned,Medium,1836.1,VIP
988418,Backpack,27,2022-07-27 17:00,43.77,0.09,27.05,Stationery,In-store,Not Returned,High,1181.7900000000002,VIP
315886,USB Cable,39,2022-07-28 00:00,76.01,0.34,9.89,Stationery,In-store,Not Returned,Medium,2964.3900000000003,VIP
505633,T-shirt,40,2022-07-28 19:00,57.98,0.37,13.44,Stationery,Online,Returned,Low,2319.2,VIP
262372,Notebook,34,2022-07-28 20:00,31.96,0.03,6.17,Stationery,Online,Not Returned,Medium,1086.64,VIP
600735,Headphones,34,2022-07-29 19:00,80.48,0.15,27.1,Stationery,Online,Returned,Low,2736.32,VIP
129424,Backpack,41,2022-07-29 22:00,61.12,0.29,9.85,Stationery,Online,Not Returned,High,2505.92,VIP
141559,Backpack,47,2022-07-29 23:00,68.25,0.16,15.54,Stationery,In-store,Not Returned,Low,3207.75,VIP
265426,Blue Pen,30,2022-07-31 00:00,63.0,0.03,15.28,Stationery,In-store,Returned,High,1890.0,VIP
642834,Desk Lamp,35,2022-07-31 18:00,90.89,0.17,23.7,Stationery,In-store,Not Returned,Low,3181.15,VIP
657437,USB Cable,49,2022-07-31 21:00,47.9,0.45,6.5,Stationery,Online,Not Returned,Low,2347.1,VIP
387437,Desk Lamp,21,2022-08-01 06:00,61.46,0.04,27.74,Stationery,Online,Not Returned,Medium,1290.66,VIP
943301,Desk Lamp,-47,2022-08-01 07:00,-73.56,1.8058067131222104,,Stationery,In-store,Not Returned,Medium,3457.32,VIP
949390,Office Chair,42,2022-08-02 06:00,74.92,0.08,25.09,Stationery,Online,Not Returned,Medium,3146.64,VIP
792150,White Mug,36,2022-08-02 19:00,56.97,0.27,15.69,Stationery,In-store,Not Returned,Medium,2050.92,VIP
883577,White Mug,22,2022-08-03 01:00,52.06,0.16,10.6,Stationery,In-store,Not Returned,Low,1145.3200000000002,VIP
669505,Blue Pen,-33,2022-08-03 21:00,-51.39,1.775348380011239,,Stationery,Online,Not Returned,High,1695.87,VIP
278331,Backpack,38,2022-08-04 09:00,89.47,0.34,18.35,Stationery,Online,Not Returned,High,3399.86,VIP
627703,Notebook,15,2022-08-05 06:00,91.06,0.04,26.52,Stationery,In-store,Not Returned,High,1365.9,VIP
614782,Blue Pen,42,2022-08-05 13:00,99.63,0.45,24.02,Stationery,Online,Not Returned,Medium,4184.46,VIP
945377,Desk Lamp,26,2022-08-05 21:00,67.71,0.4,26.38,Stationery,In-store,Not Returned,Medium,1760.4599999999998,VIP
419475,Notebook,-19,2022-08-06 09:00,-65.47,1.3868201769364947,,Stationery,Online,Not Returned,Low,1243.93,VIP
621291,Notebook,14,2022-08-06 19:00,83.36,0.35,26.85,Stationery,In-store,Not Returned,Low,1167.04,VIP
199830,Blue Pen,44,2022-08-06 22:00,75.15,0.12,24.51,Stationery,In-store,Not Returned,High,3306.6000000000004,VIP
445566,Notebook,22,2022-08-07 01:00,86.25,0.27,24.91,Stationery,In-store,Not Returned,Low,1897.5,VIP
909223,Blue Pen,37,2022-08-07 03:00,69.42,0.25,6.32,Stationery,Online,Not Returned,Low,2568.54,VIP
966050,Blue Pen,37,2022-08-07 12:00,80.37,0.12,17.13,Stationery,Online,Not Returned,Low,2973.69,VIP
289681,T-shirt,49,2022-08-09 08:00,95.37,0.49,29.03,Stationery,Online,Not Returned,High,4673.13,VIP
217616,Office Chair,48,2022-08-09 18:00,42.13,0.08,10.76,Stationery,In-store,Not Returned,High,2022.24,VIP
842441,White Mug,40,2022-08-09 22:00,67.37,0.13,23.6,Stationery,In-store,Not Returned,Low,2694.8,VIP
588963,T-shirt,35,2022-08-11 00:00,95.25,0.08,19.39,Stationery,Online,Not Returned,Low,3333.75,VIP
793032,Backpack,39,2022-08-11 15:00,81.89,0.43,15.9,Stationery,Online,Not Returned,Low,3193.71,VIP
742469,Backpack,43,2022-08-11 23:00,76.23,0.5,19.95,Stationery,In-store,Not Returned,High,3277.8900000000003,VIP
486503,White Mug,47,2022-08-12 04:00,50.56,0.46,15.41,Stationery,In-store,Not Returned,High,2376.32,VIP
842711,Wall Clock,22,2022-08-12 13:00,90.21,0.38,18.25,Stationery,Online,Not Returned,Medium,1984.62,VIP
345512,Desk Lamp,11,2022-08-13 01:00,98.51,0.21,27.64,Stationery,In-store,Not Returned,Low,1083.61,VIP
504593,Blue Pen,19,2022-08-14 05:00,74.21,0.44,8.14,Stationery,In-store,Not Returned,Medium,1409.9899999999998,VIP
473722,USB Cable,28,2022-08-14 06:00,60.62,0.25,24.06,Stationery,Online,Not Returned,Low,1697.36,VIP
954721,T-shirt,40,2022-08-15 10:00,33.02,0.28,27.3,Stationery,In-store,Not Returned,Low,1320.8000000000002,VIP
855036,T-shirt,47,2022-08-15 12:00,92.06,0.25,8.02,Stationery,Online,Not Returned,Medium,4326.82,VIP
699460,Blue Pen,44,2022-08-15 14:00,65.94,0.33,27.55,Stationery,Online,Not Returned,Medium,2901.36,VIP
159834,Wall Clock,17,2022-08-16 00:00,76.44,0.1,19.94,Stationery,In-store,Not Returned,Low,1299.48,VIP
271147,Wall Clock,46,2022-08-16 13:00,34.49,0.44,17.23,Stationery,Online,Not Returned,Low,1586.5400000000002,VIP
682473,USB Cable,38,2022-08-16 18:00,30.07,0.44,29.11,Stationery,In-store,Not Returned,Medium,1142.66,VIP
741316,T-shirt,24,2022-08-18 02:00,61.05,0.42,9.15,Stationery,In-store,Returned,High,1465.1999999999998,VIP
431834,White Mug,46,2022-08-18 17:00,74.92,0.08,11.84,Stationery,Online,Not Returned,Medium,3446.32,VIP
834705,White Mug,15,2022-08-18 19:00,97.4,0.41,11.42,Stationery,Online,Returned,High,1461.0,VIP
729001,Notebook,15,2022-08-18 21:00,99.62,0.39,8.49,Stationery,Online,Not Returned,Low,1494.3000000000002,VIP
122030,Headphones,27,2022-08-19 00:00,75.04,0.31,16.45,Stationery,In-store,Not Returned,High,2026.08,VIP
592436,Office Chair,43,2022-08-19 06:00,67.14,0.12,7.11,Stationery,In-store,Not Returned,High,2887.02,VIP
448053,White Mug,46,2022-08-19 12:00,31.42,0.02,12.46,Stationery,Online,Not Returned,High,1445.3200000000002,VIP
317789,USB Cable,32,2022-08-19 14:00,88.07,0.02,14.89,Stationery,Online,Not Returned,Low,2818.24,VIP
107101,Headphones,18,2022-08-19 23:00,79.61,0.18,14.85,Stationery,In-store,Not Returned,High,1432.98,VIP
470719,T-shirt,42,2022-08-20 12:00,48.37,0.37,23.81,Stationery,In-store,Not Returned,High,2031.54,VIP
238235,Backpack,28,2022-08-20 14:00,63.04,0.37,15.44,Stationery,Online,Not Returned,Medium,1765.12,VIP
672305,Backpack,43,2022-08-21 16:00,75.35,0.15,29.27,Stationery,In-store,Not Returned,High,3240.05,VIP
204447,T-shirt,48,2022-08-21 23:00,84.9,0.04,22.07,Stationery,In-store,Not Returned,Low,4075.2,VIP
604948,Blue Pen,30,2022-08-22 10:00,88.28,0.14,11.59,Stationery,Online,Not Returned,Low,2648.4,VIP
459579,White Mug,37,2022-08-22 12:00,43.35,0.31,28.48,Stationery,Online,Not Returned,High,1603.95,VIP
754942,Backpack,47,2022-08-22 18:00,92.91,0.12,24.91,Stationery,Online,Returned,Low,4366.77,VIP
797133,Desk Lamp,44,2022-08-23 05:00,37.25,0.15,25.06,Stationery,Online,Not Returned,Medium,1639.0,VIP
388389,Headphones,36,2022-08-23 21:00,96.16,0.27,6.98,Stationery,Online,Not Returned,Medium,3461.76,VIP
777058,Headphones,18,2022-08-24 01:00,56.89,0.15,24.69,Stationery,In-store,Not Returned,High,1024.02,VIP
983250,Headphones,35,2022-08-25 15:00,42.79,0.42,9.6,Stationery,Online,Not Returned,High,1497.65,VIP
443929,USB Cable,22,2022-08-26 00:00,58.1,0.44,19.32,Stationery,In-store,Not Returned,Medium,1278.2,VIP
893917,Office Chair,24,2022-08-26 06:00,70.43,0.13,16.16,Stationery,Online,Not Returned,Medium,1690.3200000000002,VIP
137748,T-shirt,12,2022-08-26 12:00,92.52,0.29,14.26,Stationery,Online,Not Returned,Medium,1110.24,VIP
901925,White Mug,37,2022-08-27 00:00,82.06,0.24,5.44,Stationery,Online,Returned,Low,3036.2200000000003,VIP
338962,Wireless Mouse,45,2022-08-27 04:00,54.19,0.07,24.42,Stationery,In-store,Not Returned,Medium,2438.55,VIP
238148,Desk Lamp,32,2022-08-27 10:00,49.68,0.06,26.88,Stationery,Online,Not Returned,Low,1589.76,VIP
437563,Blue Pen,31,2022-08-28 06:00,91.07,0.15,20.37,Stationery,In-store,Not Returned,Low,2823.17,VIP
172043,Backpack,19,2022-08-28 15:00,63.38,0.04,10.18,Stationery,Online,Not Returned,High,1204.22,VIP
409431,Headphones,43,2022-08-28 22:00,30.2,0.46,6.0,Stationery,In-store,Not Returned,High,1298.6,VIP
694506,Wall Clock,14,2022-08-29 08:00,93.61,0.33,26.08,Stationery,In-store,Not Returned,Low,1310.54,VIP
778731,Wireless Mouse,44,2022-08-29 11:00,32.36,0.06,27.05,Stationery,In-store,Not Returned,Low,1423.84,VIP
738272,Headphones,32,2022-08-30 02:00,65.65,0.15,21.34,Stationery,Online,Not Returned,Low,2100.8,VIP
454593,T-shirt,48,2022-08-30 03:00,70.8,0.05,20.53,Stationery,Online,Not Returned,Low,3398.4,VIP
351176,T-shirt,43,2022-08-30 04:00,51.7,0.29,8.94,Stationery,Online,Not Returned,Medium,2223.1,VIP
327810,Notebook,49,2022-08-30 22:00,51.45,0.45,8.88,Stationery,In-store,Not Returned,Low,2521.05,VIP
853957,White Mug,47,2022-08-31 05:00,37.77,0.22,11.84,Stationery,In-store,Not Returned,Medium,1775.19,VIP
122970,Wireless Mouse,43,2022-08-31 21:00,64.58,0.06,20.84,Stationery,Online,Not Returned,Low,2776.94,VIP
851537,Wall Clock,29,2022-09-01 02:00,64.71,0.31,27.45,Stationery,In-store,Not Returned,Low,1876.59,VIP
628048,T-shirt,25,2022-09-01 10:00,49.11,0.07,28.29,Stationery,In-store,Not Returned,Low,1227.75,VIP
230992,Wall Clock,15,2022-09-01 15:00,96.06,0.41,15.81,Stationery,Online,Not Returned,Medium,1440.9,VIP
274953,White Mug,38,2022-09-01 17:00,91.43,0.26,25.78,Stationery,In-store,Not Returned,Medium,3474.34,VIP
367993,White Mug,37,2022-09-02 20:00,35.63,0.45,11.29,Stationery,In-store,Not Returned,Medium,1318.3100000000002,VIP
948329,USB Cable,46,2022-09-03 15:00,65.7,0.19,8.26,Stationery,Online,Not Returned,Medium,3022.2000000000003,VIP
555639,USB Cable,46,2022-09-03 19:00,94.39,0.39,9.96,Stationery,Online,Not Returned,Low,4341.94,VIP
320638,Notebook,45,2022-09-04 03:00,30.16,0.21,17.48,Stationery,Online,Not Returned,High,1357.2,VIP
294473,Blue Pen,38,2022-09-04 11:00,77.34,0.37,8.33,Stationery,Online,Not Returned,Medium,2938.92,VIP
867915,USB Cable,49,2022-09-04 13:00,21.15,0.28,14.83,Stationery,In-store,Not Returned,High,1036.35,VIP
665892,Notebook,42,2022-09-05 19:00,72.99,0.23,22.03,Stationery,Online,Not Returned,Low,3065.58,VIP
640777,Office Chair,13,2022-09-06 12:00,97.2,0.47,5.38,Stationery,In-store,Not Returned,Medium,1263.6,VIP
506088,Headphones,33,2022-09-07 09:00,69.1,0.38,24.68,Stationery,Online,Not Returned,Medium,2280.3,VIP
950357,Headphones,22,2022-09-08 11:00,45.99,0.34,20.15,Stationery,Online,Not Returned,High,1011.78,VIP
819012,Backpack,27,2022-09-08 17:00,72.02,0.19,28.15,Stationery,Online,Not Returned,Low,1944.54,VIP
324376,Notebook,14,2022-09-08 23:00,93.91,0.09,23.61,Stationery,Online,Not Returned,Low,1314.74,VIP
430101,USB Cable,18,2022-09-09 09:00,81.25,0.27,19.28,Stationery,In-store,Not Returned,High,1462.5,VIP
620709,Blue Pen,22,2022-09-11 13:00,50.82,0.01,24.89,Stationery,In-store,Not Returned,Medium,1118.04,VIP
726946,Backpack,27,2022-09-12 01:00,98.55,0.3,9.54,Stationery,In-store,Not Returned,High,2660.85,VIP
215095,Desk Lamp,48,2022-09-12 18:00,52.39,0.08,7.99,Stationery,In-store,Not Returned,Medium,2514.7200000000003,VIP
481339,T-shirt,36,2022-09-13 18:00,98.48,0.36,26.12,Stationery,In-store,Not Returned,Low,3545.28,VIP
469651,White Mug,39,2022-09-13 21:00,63.07,0.37,27.38,Stationery,Online,Not Returned,High,2459.73,VIP
652561,Notebook,35,2022-09-13 23:00,40.43,0.4,24.29,Stationery,In-store,Not Returned,Low,1415.05,VIP
752824,Blue Pen,36,2022-09-14 03:00,79.31,0.39,12.22,Stationery,Online,Returned,Low,2855.16,VIP
484891,Wireless Mouse,19,2022-09-14 18:00,73.96,0.18,20.23,Stationery,In-store,Not Returned,Medium,1405.2399999999998,VIP
304463,T-shirt,23,2022-09-14 20:00,47.51,0.41,7.27,Stationery,Online,Not Returned,Low,1092.73,VIP
841230,USB Cable,37,2022-09-15 21:00,97.44,0.21,26.3,Stationery,In-store,Not Returned,Low,3605.28,VIP
828606,Desk Lamp,33,2022-09-16 06:00,38.34,0.09,30.0,Stationery,In-store,Not Returned,Medium,1265.22,VIP
145113,Notebook,29,2022-09-17 07:00,93.66,0.05,5.93,Stationery,In-store,Not Returned,Low,2716.14,VIP
869244,White Mug,36,2022-09-18 17:00,75.13,0.45,20.54,Stationery,In-store,Not Returned,Medium,2704.68,VIP
182124,USB Cable,34,2022-09-19 04:00,75.48,0.06,23.47,Stationery,Online,Not Returned,Low,2566.32,VIP
154203,White Mug,19,2022-09-19 18:00,84.21,0.35,12.79,Stationery,In-store,Not Returned,Low,1599.9899999999998,VIP
189067,White Mug,36,2022-09-20 04:00,95.32,0.36,19.31,Stationery,Online,Not Returned,High,3431.5199999999995,VIP
167952,White Mug,48,2022-09-20 11:00,64.92,0.42,27.11,Stationery,Online,Not Returned,Low,3116.16,VIP
171257,Blue Pen,44,2022-09-21 10:00,66.35,0.34,19.22,Stationery,Online,Not Returned,High,2919.4,VIP
892976,Blue Pen,39,2022-09-22 05:00,93.48,0.48,5.36,Stationery,In-store,Not Returned,High,3645.72,VIP
623888,White Mug,16,2022-09-22 14:00,80.55,0.29,16.58,Stationery,Online,Not Returned,Medium,1288.8,VIP
411438,Desk Lamp,15,2022-09-22 15:00,67.09,0.42,26.65,Stationery,Online,Not Returned,Medium,1006.35,VIP
707045,Blue Pen,39,2022-09-23 04:00,75.67,0.09,28.71,Stationery,Online,Not Returned,Medium,2951.13,VIP
447238,Desk Lamp,30,2022-09-23 14:00,95.0,0.14,17.22,Stationery,In-store,Not Returned,Low,2850.0,VIP
737559,T-shirt,32,2022-09-25 07:00,70.84,0.07,13.22,Stationery,Online,Returned,High,2266.88,VIP
405056,T-shirt,21,2022-09-25 17:00,75.89,0.29,5.75,Stationery,Online,Not Returned,Low,1593.69,VIP
723172,Headphones,36,2022-09-26 01:00,57.05,0.22,12.57,Stationery,Online,Not Returned,Low,2053.8,VIP
793187,Headphones,33,2022-09-26 07:00,30.78,0.15,25.73,Stationery,Online,Not Returned,High,1015.74,VIP
277297,Notebook,28,2022-09-26 08:00,55.77,0.3,21.15,Stationery,In-store,Not Returned,Medium,1561.5600000000002,VIP
300180,Notebook,23,2022-09-27 19:00,61.23,0.08,26.17,Stationery,Online,Not Returned,High,1408.29,VIP
381253,Backpack,23,2022-09-29 06:00,65.35,0.34,8.03,Stationery,Online,Not Returned,Medium,1503.05,VIP
538701,Wireless Mouse,49,2022-09-29 19:00,48.11,0.11,6.61,Stationery,In-store,Not Returned,High,2357.39,VIP
524824,Blue Pen,39,2022-09-30 16:00,53.38,0.42,6.02,Stationery,In-store,Returned,High,2081.82,VIP
905064,Headphones,39,2022-10-01 00:00,48.1,0.28,19.75,Stationery,In-store,Not Returned,High,1875.9,VIP
939457,Backpack,45,2022-10-01 05:00,33.12,0.5,29.63,Stationery,Online,Not Returned,Medium,1490.4,VIP
591592,Notebook,32,2022-10-01 12:00,61.77,0.42,7.94,Stationery,In-store,Not Returned,Medium,1976.64,VIP
151645,Wireless Mouse,39,2022-10-01 21:00,93.13,0.48,6.92,Stationery,In-store,Not Returned,High,3632.07,VIP
198039,Office Chair,36,2022-10-02 01:00,47.8,0.36,20.13,Stationery,Online,Not Returned,Low,1720.8,VIP
617951,USB Cable,46,2022-10-03 04:00,37.38,0.31,23.71,Stationery,Online,Returned,Medium,1719.48,VIP
151039,Blue Pen,22,2022-10-03 06:00,82.1,0.45,6.56,Stationery,In-store,Not Returned,Low,1806.2,VIP
813757,Headphones,23,2022-10-03 22:00,80.72,0.44,17.56,Stationery,In-store,Not Returned,High,1856.56,VIP
590073,Desk Lamp,29,2022-10-04 04:00,76.39,0.13,13.0,Stationery,In-store,Not Returned,High,2215.31,VIP
593322,Headphones,19,2022-10-05 02:00,95.34,0.24,6.65,Stationery,In-store,Not Returned,Medium,1811.46,VIP
787693,White Mug,31,2022-10-05 09:00,61.7,0.03,12.38,Stationery,In-store,Not Returned,High,1912.7,VIP
738100,Notebook,44,2022-10-06 07:00,77.79,0.06,6.63,Stationery,In-store,Not Returned,Medium,3422.76,VIP
674281,Blue Pen,25,2022-10-06 14:00,57.77,0.29,18.78,Stationery,In-store,Not Returned,Low,1444.25,VIP
273889,Notebook,20,2022-10-06 19:00,90.33,0.34,16.21,Stationery,In-store,Not Returned,High,1806.6,VIP
125437,Desk Lamp,20,2022-10-07 23:00,75.51,0.03,7.42,Stationery,Online,Not Returned,Low,1510.2,VIP
123119,Headphones,46,2022-10-08 03:00,46.36,0.47,9.37,Stationery,In-store,Not Returned,Medium,2132.56,VIP
608377,T-shirt,48,2022-10-08 23:00,60.44,0.27,9.36,Stationery,In-store,Not Returned,High,2901.12,VIP
403032,Desk Lamp,18,2022-10-09 04:00,69.88,0.35,11.27,Stationery,Online,Not Returned,Medium,1257.84,VIP
300887,Notebook,-20,2022-10-09 20:00,-92.11,0.35,,Stationery,In-store,Returned,High,1842.2,VIP
969025,USB Cable,32,2022-10-09 22:00,81.66,0.37,19.04,Stationery,Online,Not Returned,High,2613.12,VIP
739395,T-shirt,39,2022-10-10 14:00,77.61,0.38,19.03,Stationery,In-store,Not Returned,Medium,3026.79,VIP
767550,Desk Lamp,29,2022-10-10 15:00,43.37,0.3,11.13,Stationery,Online,Not Returned,Medium,1257.73,VIP
524502,Blue Pen,37,2022-10-10 16:00,46.5,0.17,25.82,Stationery,In-store,Returned,High,1720.5,VIP
328552,Desk Lamp,41,2022-10-10 18:00,33.82,0.36,19.52,Stationery,In-store,Not Returned,Low,1386.62,VIP
851247,Office Chair,26,2022-10-10 22:00,42.5,0.01,19.14,Stationery,Online,Not Returned,Medium,1105.0,VIP
704730,USB Cable,41,2022-10-11 23:00,99.5,0.44,20.53,Stationery,Online,Not Returned,High,4079.5,VIP
576848,Backpack,47,2022-10-12 01:00,28.77,0.15,27.68,Stationery,Online,Not Returned,Medium,1352.19,VIP
177347,Wireless Mouse,46,2022-10-12 04:00,50.49,0.49,27.32,Stationery,Online,Not Returned,Low,2322.54,VIP
777036,Wall Clock,49,2022-10-12 14:00,27.02,0.4,20.65,Stationery,Online,Returned,Low,1323.98,VIP
697131,Headphones,29,2022-10-13 03:00,69.43,0.04,5.91,Stationery,In-store,Not Returned,High,2013.4700000000005,VIP
490802,USB Cable,19,2022-10-13 17:00,64.73,0.34,5.43,Stationery,In-store,Not Returned,High,1229.87,VIP
629325,White Mug,15,2022-10-13 18:00,97.15,0.29,27.09,Stationery,Online,Not Returned,High,1457.25,VIP
974346,Office Chair,34,2022-10-13 20:00,53.8,0.44,20.97,Stationery,In-store,Not Returned,Low,1829.2,VIP
818083,Notebook,41,2022-10-15 14:00,94.51,0.21,20.46,Stationery,Online,Not Returned,High,3874.91,VIP
174491,Headphones,11,2022-10-15 18:00,94.73,0.28,12.89,Stationery,In-store,Not Returned,High,1042.03,VIP
510685,Blue Pen,22,2022-10-16 01:00,68.89,0.49,23.59,Stationery,Online,Not Returned,High,1515.58,VIP
111160,Wall Clock,17,2022-10-16 10:00,76.5,0.08,19.21,Stationery,Online,Not Returned,Medium,1300.5,VIP
938537,Wireless Mouse,27,2022-10-16 18:00,95.53,0.24,19.85,Stationery,Online,Not Returned,Low,2579.31,VIP
338913,Notebook,22,2022-10-16 19:00,59.73,0.29,7.97,Stationery,Online,Not Returned,High,1314.06,VIP
960399,Notebook,22,2022-10-17 01:00,52.01,0.47,12.32,Stationery,Online,Not Returned,Low,1144.22,VIP
953136,Headphones,27,2022-10-17 12:00,62.76,0.03,7.45,Stationery,Online,Not Returned,Medium,1694.52,VIP
992566,Office Chair,16,2022-10-18 21:00,81.43,0.21,18.85,Stationery,Online,Not Returned,Medium,1302.88,VIP
922197,Blue Pen,34,2022-10-18 22:00,54.95,0.24,20.9,Stationery,In-store,Not Returned,High,1868.3,VIP
910050,Blue Pen,31,2022-10-19 09:00,69.11,0.09,14.61,Stationery,Online,Not Returned,Medium,2142.41,VIP
706776,Office Chair,25,2022-10-19 16:00,74.77,0.27,28.76,Stationery,Online,Not Returned,Medium,1869.25,VIP
102988,Wall Clock,16,2022-10-19 22:00,79.22,0.22,12.32,Stationery,In-store,Not Returned,Medium,1267.52,VIP
508739,Blue Pen,27,2022-10-21 06:00,73.38,0.19,6.76,Stationery,In-store,Not Returned,Low,1981.26,VIP
474770,Headphones,24,2022-10-21 08:00,43.55,0.18,27.81,Stationery,Online,Not Returned,Low,1045.1999999999998,VIP
717465,T-shirt,22,2022-10-21 15:00,83.11,0.25,28.46,Stationery,Online,Not Returned,High,1828.42,VIP
301632,Desk Lamp,38,2022-10-22 03:00,70.21,0.2,18.16,Stationery,In-store,Not Returned,Low,2667.98,VIP
832726,Backpack,32,2022-10-22 11:00,63.9,0.49,16.31,Stationery,In-store,Not Returned,High,2044.8,VIP
344367,Wireless Mouse,26,2022-10-23 00:00,41.46,0.02,27.32,Stationery,In-store,Not Returned,Medium,1077.96,VIP
419399,Office Chair,23,2022-10-23 06:00,84.68,0.35,19.4,Stationery,In-store,Not Returned,Low,1947.64,VIP
561003,T-shirt,41,2022-10-23 12:00,62.29,0.16,28.33,Stationery,Online,Not Returned,Medium,2553.89,VIP
385818,Headphones,46,2022-10-23 14:00,82.81,0.24,18.95,Stationery,Online,Not Returned,Low,3809.26,VIP
476863,T-shirt,34,2022-10-24 18:00,93.14,0.22,17.22,Stationery,In-store,Not Returned,High,3166.76,VIP
770247,Headphones,44,2022-10-26 06:00,86.2,0.19,21.99,Stationery,Online,Not Returned,Low,3792.8,VIP
615750,Wall Clock,20,2022-10-27 01:00,57.88,0.5,24.63,Stationery,Online,Not Returned,High,1157.6,VIP
274380,Notebook,46,2022-10-27 18:00,69.17,0.22,5.3,Stationery,In-store,Not Returned,High,3181.82,VIP
510346,Office Chair,47,2022-10-29 09:00,35.34,0.39,20.99,Stationery,Online,Not Returned,Low,1660.9800000000002,VIP
604588,Headphones,23,2022-10-29 15:00,57.75,0.12,26.99,Stationery,Online,Not Returned,High,1328.25,VIP
233387,Notebook,36,2022-10-30 16:00,36.92,0.37,15.49,Stationery,Online,Not Returned,Medium,1329.12,VIP
931022,Headphones,31,2022-10-31 15:00,88.18,0.3,11.5,Stationery,In-store,Not Returned,Medium,2733.5800000000004,VIP
340210,Office Chair,31,2022-10-31 22:00,88.27,0.09,16.49,Stationery,Online,Not Returned,High,2736.37,VIP
137097,Blue Pen,44,2022-11-01 01:00,82.78,0.14,10.41,Stationery,Online,Not Returned,Medium,3642.32,VIP
190417,Wall Clock,36,2022-11-01 09:00,76.17,0.02,26.73,Stationery,Online,Returned,Medium,2742.12,VIP
943487,Wireless Mouse,26,2022-11-01 17:00,63.21,0.1,12.33,Stationery,Online,Not Returned,Low,1643.46,VIP
689540,White Mug,39,2022-11-02 01:00,86.4,0.22,7.67,Stationery,Online,Not Returned,Medium,3369.6000000000004,VIP
851405,White Mug,46,2022-11-02 09:00,38.68,0.41,15.11,Stationery,Online,Not Returned,Medium,1779.28,VIP
231930,Wireless Mouse,45,2022-11-02 15:00,32.95,0.24,20.46,Stationery,In-store,Not Returned,Low,1482.7500000000002,VIP
244015,Wireless Mouse,45,2022-11-03 00:00,38.05,0.29,7.34,Stationery,Online,Not Returned,High,1712.2499999999998,VIP
266083,Office Chair,20,2022-11-04 04:00,90.04,0.25,13.42,Stationery,In-store,Not Returned,Medium,1800.8000000000002,VIP
978340,Notebook,23,2022-11-04 11:00,81.84,0.14,14.61,Stationery,In-store,Not Returned,Low,1882.32,VIP
448787,Headphones,47,2022-11-05 01:00,99.15,0.48,12.89,Stationery,Online,Not Returned,High,4660.05,VIP
470754,Wireless Mouse,41,2022-11-05 03:00,77.02,0.25,12.69,Stationery,In-store,Not Returned,High,3157.82,VIP
638028,Wireless Mouse,40,2022-11-06 02:00,64.91,0.19,26.16,Stationery,In-store,Not Returned,Medium,2596.4,VIP
163265,Notebook,37,2022-11-06 10:00,86.7,0.41,13.62,Stationery,Online,Returned,Medium,3207.9,VIP
314514,Notebook,22,2022-11-06 12:00,81.29,0.26,9.52,Stationery,Online,Not Returned,Medium,1788.38,VIP
173285,White Mug,21,2022-11-06 15:00,61.2,0.04,8.08,Stationery,In-store,Not Returned,Low,1285.2,VIP
697768,Backpack,26,2022-11-06 23:00,62.28,0.11,19.13,Stationery,Online,Returned,Medium,1619.28,VIP
286589,White Mug,27,2022-11-07 19:00,54.64,0.17,5.04,Stationery,Online,Not Returned,Medium,1475.28,VIP
407455,Backpack,15,2022-11-08 15:00,72.69,0.49,10.76,Stationery,In-store,Not Returned,Medium,1090.35,VIP
256131,Notebook,43,2022-11-09 07:00,39.2,0.12,12.64,Stationery,In-store,Returned,Low,1685.6,VIP
316886,Notebook,18,2022-11-11 03:00,72.32,0.26,13.73,Stationery,In-store,Not Returned,Low,1301.7599999999998,VIP
148544,Headphones,30,2022-11-12 10:00,44.7,0.48,10.76,Stationery,Online,Not Returned,Low,1341.0,VIP
903111,T-shirt,21,2022-11-12 16:00,82.79,0.01,15.39,Stationery,Online,Returned,Medium,1738.59,VIP
880788,Office Chair,38,2022-11-12 17:00,50.36,0.25,18.18,Stationery,Online,Not Returned,Low,1913.68,VIP
625087,T-shirt,18,2022-11-12 19:00,98.46,0.48,24.9,Stationery,In-store,Not Returned,Medium,1772.28,VIP
419702,Desk Lamp,49,2022-11-12 22:00,75.71,0.32,11.54,Stationery,Online,Not Returned,Low,3709.79,VIP
503125,Office Chair,47,2022-11-13 02:00,59.56,0.03,11.95,Stationery,In-store,Not Returned,Low,2799.32,VIP
997151,Backpack,19,2022-11-13 04:00,89.55,0.04,7.89,Stationery,In-store,Not Returned,Medium,1701.45,VIP
913758,Headphones,40,2022-11-13 17:00,70.62,0.16,20.26,Stationery,In-store,Not Returned,Low,2824.8,VIP
637889,T-shirt,33,2022-11-13 18:00,34.4,0.25,15.61,Stationery,Online,Not Returned,Medium,1135.2,VIP
249703,Blue Pen,16,2022-11-14 00:00,78.26,0.02,25.79,Stationery,Online,Not Returned,Low,1252.16,VIP
827444,T-shirt,48,2022-11-14 01:00,77.08,0.37,13.02,Stationery,In-store,Not Returned,Medium,3699.84,VIP
727108,Blue Pen,40,2022-11-14 02:00,29.4,0.29,9.87,Stationery,In-store,Returned,Low,1176.0,VIP
901088,T-shirt,49,2022-11-15 03:00,27.06,0.4,5.91,Stationery,In-store,Returned,Medium,1325.9399999999998,VIP
726633,Wireless Mouse,16,2022-11-15 10:00,90.42,0.36,27.54,Stationery,Online,Not Returned,Medium,1446.72,VIP
485891,USB Cable,39,2022-11-15 14:00,75.05,0.46,19.25,Stationery,Online,Not Returned,Low,2926.95,VIP
848777,White Mug,25,2022-11-15 20:00,61.24,0.34,8.42,Stationery,Online,Not Returned,Low,1531.0,VIP
244121,Wireless Mouse,46,2022-11-16 13:00,90.38,0.49,5.07,Stationery,In-store,Not Returned,High,4157.48,VIP
275931,USB Cable,13,2022-11-17 00:00,99.58,0.38,28.64,Stationery,In-store,Returned,Medium,1294.54,VIP
489347,Blue Pen,30,2022-11-17 01:00,89.99,0.04,29.24,Stationery,In-store,Not Returned,Medium,2699.7,VIP
200290,Backpack,38,2022-11-17 11:00,29.68,0.44,25.26,Stationery,In-store,Not Returned,High,1127.84,VIP
590424,USB Cable,28,2022-11-18 07:00,65.48,0.5,24.6,Stationery,In-store,Not Returned,High,1833.44,VIP
416785,Wall Clock,34,2022-11-19 19:00,65.14,0.35,27.69,Stationery,Online,Returned,High,2214.76,VIP
770392,T-shirt,43,2022-11-20 01:00,89.27,0.1,27.35,Stationery,Online,Returned,High,3838.61,VIP
322574,Wall Clock,35,2022-11-20 23:00,67.81,0.37,18.92,Stationery,Online,Not Returned,High,2373.35,VIP
452195,Blue Pen,40,2022-11-21 14:00,40.24,0.46,21.06,Stationery,In-store,Not Returned,Low,1609.6,VIP
934175,White Mug,40,2022-11-21 16:00,88.63,0.14,12.64,Stationery,Online,Not Returned,High,3545.2,VIP
756307,T-shirt,14,2022-11-22 06:00,89.8,0.24,13.53,Stationery,Online,Not Returned,Medium,1257.2,VIP
645702,Wall Clock,32,2022-11-22 09:00,80.27,0.15,25.76,Stationery,In-store,Not Returned,Medium,2568.64,VIP
304390,USB Cable,39,2022-11-22 17:00,78.3,0.43,28.12,Stationery,Online,Not Returned,Medium,3053.7,VIP
301926,Blue Pen,39,2022-11-22 22:00,98.23,0.08,26.18,Stationery,Online,Not Returned,High,3830.97,VIP
152763,Office Chair,39,2022-11-23 04:00,34.97,0.48,7.17,Stationery,In-store,Not Returned,Low,1363.83,VIP
251628,Backpack,35,2022-11-23 11:00,56.71,0.41,27.8,Stationery,Online,Not Returned,Medium,1984.85,VIP
424437,Wireless Mouse,33,2022-11-23 22:00,76.97,0.34,25.32,Stationery,In-store,Returned,Medium,2540.01,VIP
340324,Office Chair,42,2022-11-24 03:00,45.87,0.16,6.12,Stationery,In-store,Not Returned,Medium,1926.54,VIP
972719,White Mug,25,2022-11-24 17:00,76.46,0.02,12.61,Stationery,Online,Not Returned,High,1911.5,VIP
453082,Notebook,39,2022-11-25 01:00,42.95,0.2,15.35,Stationery,In-store,Not Returned,Low,1675.0500000000002,VIP
909229,Notebook,31,2022-11-25 17:00,88.98,0.25,22.31,Stationery,In-store,Not Returned,Medium,2758.38,VIP
833350,White Mug,22,2022-11-26 00:00,46.88,0.25,18.71,Stationery,Online,Not Returned,Medium,1031.36,VIP
626491,Notebook,42,2022-11-26 08:00,47.6,0.14,11.84,Stationery,In-store,Not Returned,Medium,1999.2,VIP
374357,T-shirt,48,2022-11-26 16:00,50.21,0.07,27.04,Stationery,In-store,Not Returned,Low,2410.08,VIP
622389,T-shirt,34,2022-11-27 01:00,81.61,0.03,26.08,Stationery,Online,Not Returned,Low,2774.74,VIP
238426,Office Chair,24,2022-11-27 21:00,99.58,0.21,10.53,Stationery,Online,Not Returned,High,2389.92,VIP
932961,Wireless Mouse,27,2022-11-27 22:00,73.61,0.46,14.91,Stationery,In-store,Not Returned,Medium,1987.47,VIP
224750,Notebook,44,2022-11-28 02:00,94.25,0.03,15.37,Stationery,In-store,Not Returned,Medium,4147.0,VIP
368821,Wall Clock,49,2022-11-28 23:00,63.61,0.39,21.39,Stationery,In-store,Not Returned,Low,3116.89,VIP
253877,Backpack,49,2022-11-29 12:00,56.35,0.15,21.09,Stationery,In-store,Not Returned,Low,2761.15,VIP
638908,Notebook,17,2022-11-30 14:00,80.39,0.4,16.34,Stationery,In-store,Not Returned,Medium,1366.63,VIP
167703,T-shirt,45,2022-11-30 20:00,30.16,0.21,13.07,Stationery,Online,Not Returned,Medium,1357.2,VIP
197052,Wireless Mouse,33,2022-12-03 05:00,84.21,0.34,29.2,Stationery,In-store,Not Returned,Medium,2778.93,VIP
998122,T-shirt,20,2022-12-04 11:00,65.38,0.37,8.63,Stationery,Online,Returned,High,1307.6,VIP
209119,White Mug,13,2022-12-05 08:00,94.52,0.18,10.58,Stationery,In-store,Not Returned,Low,1228.76,VIP
444302,USB Cable,23,2022-12-05 11:00,93.97,0.23,6.96,Stationery,In-store,Not Returned,High,2161.31,VIP
840158,Wireless Mouse,17,2022-12-06 02:00,79.59,0.34,7.93,Stationery,In-store,Not Returned,High,1353.03,VIP
370871,Desk Lamp,25,2022-12-06 06:00,88.34,0.39,11.22,Stationery,In-store,Not Returned,Low,2208.5,VIP
147830,Wall Clock,28,2022-12-07 01:00,58.68,0.43,6.34,Stationery,Online,Not Returned,Medium,1643.04,VIP
915530,Wall Clock,49,2022-12-07 05:00,20.65,0.5,23.88,Stationery,In-store,Not Returned,Low,1011.85,VIP
870376,Wireless Mouse,22,2022-12-08 11:00,72.97,0.02,13.44,Stationery,Online,Not Returned,Low,1605.34,VIP
251170,Headphones,40,2022-12-08 20:00,88.09,0.41,28.49,Stationery,In-store,Not Returned,Medium,3523.6000000000004,VIP
585731,USB Cable,28,2022-12-09 14:00,82.18,0.07,27.94,Stationery,Online,Not Returned,Medium,2301.04,VIP
243274,White Mug,17,2022-12-09 17:00,93.43,0.02,24.12,Stationery,In-store,Not Returned,High,1588.3100000000002,VIP
619071,Wall Clock,38,2022-12-09 20:00,85.95,0.25,24.27,Stationery,Online,Not Returned,High,3266.1,VIP
467758,Blue Pen,-49,2022-12-10 11:00,-76.79,0.08,,Stationery,In-store,Returned,High,3762.710000000001,VIP
778627,Desk Lamp,38,2022-12-10 12:00,57.64,0.14,6.1,Stationery,In-store,Not Returned,Medium,2190.32,VIP
721642,Wireless Mouse,34,2022-12-10 17:00,75.29,0.2,21.8,Stationery,In-store,Not Returned,Low,2559.86,VIP
450161,Notebook,-28,2022-12-11 03:00,-43.73,1.7560513742626909,,Stationery,In-store,Not Returned,High,1224.4399999999998,VIP
443264,White Mug,27,2022-12-12 00:00,51.14,0.12,19.51,Stationery,Online,Not Returned,High,1380.78,VIP
896282,White Mug,47,2022-12-12 01:00,70.8,0.42,13.61,Stationery,Online,Not Returned,Low,3327.6,VIP
952128,Wall Clock,13,2022-12-12 07:00,82.36,0.22,16.88,Stationery,Online,Not Returned,Low,1070.68,VIP
339990,USB Cable,23,2022-12-13 01:00,81.26,0.37,9.53,Stationery,Online,Not Returned,High,1868.98,VIP
206747,Wireless Mouse,21,2022-12-13 04:00,94.22,0.42,24.64,Stationery,In-store,Not Returned,Low,1978.62,VIP
840781,Headphones,37,2022-12-13 07:00,95.02,0.31,5.02,Stationery,Online,Not Returned,Low,3515.74,VIP
674342,Desk Lamp,36,2022-12-13 19:00,53.17,0.21,18.34,Stationery,Online,Not Returned,Low,1914.12,VIP
129030,White Mug,49,2022-12-14 19:00,79.16,0.26,14.6,Stationery,Online,Not Returned,Medium,3878.84,VIP
556419,Wireless Mouse,44,2022-12-15 15:00,45.39,0.19,23.8,Stationery,In-store,Not Returned,Low,1997.16,VIP
486582,T-shirt,38,2022-12-16 19:00,30.29,0.33,16.34,Stationery,In-store,Not Returned,High,1151.02,VIP
629034,Backpack,27,2022-12-17 04:00,95.8,0.12,7.01,Stationery,Online,Not Returned,High,2586.6,VIP
748053,Headphones,30,2022-12-17 06:00,53.22,0.18,5.02,Stationery,In-store,Not Returned,Low,1596.6,VIP
541289,Blue Pen,23,2022-12-17 18:00,98.58,0.43,19.23,Stationery,In-store,Not Returned,Medium,2267.34,VIP
227240,White Mug,43,2022-12-17 21:00,26.1,0.12,26.51,Stationery,In-store,Not Returned,High,1122.3,VIP
363380,Blue Pen,44,2022-12-17 23:00,47.03,0.26,14.08,Stationery,In-store,Not Returned,High,2069.32,VIP
954348,White Mug,27,2022-12-18 00:00,47.37,0.13,6.74,Stationery,In-store,Not Returned,High,1278.99,VIP
376682,Desk Lamp,30,2022-12-18 03:00,84.88,0.4,17.59,Stationery,In-store,Not Returned,High,2546.4,VIP
990797,Wall Clock,28,2022-12-18 21:00,38.08,0.31,25.0,Stationery,In-store,Not Returned,High,1066.24,VIP
543445,T-shirt,44,2022-12-19 03:00,62.18,0.23,19.4,Stationery,Online,Not Returned,High,2735.92,VIP
474160,White Mug,30,2022-12-19 14:00,87.67,0.1,5.55,Stationery,Online,Not Returned,Low,2630.1,VIP
870893,Desk Lamp,45,2022-12-19 15:00,82.32,0.19,10.59,Stationery,In-store,Not Returned,Low,3704.4,VIP
640638,Notebook,46,2022-12-20 03:00,98.53,0.43,27.57,Stationery,In-store,Not Returned,Low,4532.38,VIP
758304,Blue Pen,28,2022-12-20 16:00,66.61,0.16,12.53,Stationery,Online,Not Returned,Medium,1865.08,VIP
226892,Backpack,27,2022-12-21 08:00,92.59,0.05,16.42,Stationery,In-store,Not Returned,Low,2499.9300000000003,VIP
342303,Headphones,28,2022-12-21 19:00,84.85,0.26,25.57,Stationery,In-store,Not Returned,Medium,2375.8,VIP
171918,White Mug,22,2022-12-22 02:00,75.07,0.33,5.4,Stationery,Online,Not Returned,Medium,1651.54,VIP
556102,Wireless Mouse,46,2022-12-22 18:00,60.32,0.43,16.35,Stationery,Online,Not Returned,Medium,2774.72,VIP
783284,Notebook,26,2022-12-23 03:00,65.09,0.41,19.81,Stationery,In-store,Not Returned,High,1692.34,VIP
756335,Blue Pen,23,2022-12-24 22:00,67.02,0.04,16.1,Stationery,In-store,Not Returned,Medium,1541.4599999999998,VIP
176377,USB Cable,24,2022-12-25 13:00,99.35,0.34,8.99,Stationery,In-store,Not Returned,High,2384.4,VIP
595379,T-shirt,48,2022-12-26 05:00,30.18,0.38,8.06,Stationery,Online,Not Returned,High,1448.64,VIP
220019,Headphones,38,2022-12-26 08:00,56.7,0.45,16.01,Stationery,In-store,Not Returned,High,2154.6,VIP
379567,Notebook,25,2022-12-26 17:00,62.49,0.09,11.79,Stationery,Online,Not Returned,Medium,1562.25,VIP
568741,Backpack,40,2022-12-26 23:00,46.43,0.41,20.62,Stationery,Online,Not Returned,High,1857.2,VIP
599972,Backpack,45,2022-12-27 06:00,62.46,0.13,28.92,Stationery,Online,Returned,Low,2810.7,VIP
310926,Office Chair,35,2022-12-27 13:00,95.07,0.36,21.18,Stationery,Online,Returned,Medium,3327.45,VIP
317267,Desk Lamp,21,2022-12-27 14:00,70.49,0.06,11.08,Stationery,Online,Not Returned,Medium,1480.29,VIP
952835,Desk Lamp,34,2022-12-28 09:00,92.86,0.21,19.45,Stationery,In-store,Not Returned,High,3157.24,VIP
521645,Desk Lamp,47,2022-12-28 20:00,65.7,0.09,8.21,Stationery,In-store,Not Returned,Low,3087.9,VIP
930821,White Mug,36,2022-12-29 01:00,67.39,0.11,12.56,Stationery,In-store,Not Returned,Medium,2426.04,VIP
478958,Desk Lamp,24,2022-12-29 06:00,47.77,0.45,24.42,Stationery,In-store,Not Returned,Medium,1146.48,VIP
297271,Desk Lamp,38,2022-12-29 11:00,49.75,0.23,5.12,Stationery,In-store,Not Returned,Low,1890.5,VIP
196342,White Mug,38,2022-12-30 12:00,53.97,0.01,16.21,Stationery,Online,Not Returned,Medium,2050.86,VIP
965011,Blue Pen,14,2022-12-30 23:00,79.13,0.09,9.59,Stationery,In-store,Not Returned,Medium,1107.82,VIP
317412,Office Chair,44,2022-12-31 02:00,68.06,0.48,16.21,Stationery,In-store,Returned,High,2994.6400000000003,VIP
585998,Wireless Mouse,18,2022-12-31 04:00,91.72,0.49,28.76,Stationery,In-store,Not Returned,High,1650.96,VIP
293198,Headphones,29,2022-12-31 05:00,37.97,0.0,6.7,Stationery,Online,Not Returned,High,1101.13,VIP
794212,T-shirt,16,2022-12-31 16:00,77.38,0.12,19.85,Stationery,Online,Not Returned,High,1238.08,VIP
773641,Headphones,-39,2023-01-01 06:00,-56.87,1.565841776062522,,Stationery,Online,Not Returned,High,2217.93,VIP
610462,White Mug,13,2023-01-02 08:00,82.8,0.28,8.64,Stationery,Online,Not Returned,Medium,1076.4,VIP
209537,Office Chair,45,2023-01-02 10:00,26.25,0.44,19.73,Stationery,Online,Not Returned,High,1181.25,VIP
126576,Wall Clock,40,2023-01-02 12:00,51.0,0.37,11.83,Stationery,Online,Not Returned,High,2040.0,VIP
545581,Notebook,39,2023-01-03 11:00,64.98,0.43,8.05,Stationery,In-store,Not Returned,High,2534.2200000000003,VIP
287031,T-shirt,40,2023-01-04 03:00,88.91,0.46,11.38,Stationery,In-store,Not Returned,High,3556.4,VIP
270134,Wireless Mouse,36,2023-01-04 08:00,91.26,0.27,11.8,Stationery,Online,Not Returned,Low,3285.36,VIP
869275,White Mug,22,2023-01-04 12:00,55.39,0.19,29.53,Stationery,In-store,Not Returned,Medium,1218.58,VIP
611213,Office Chair,40,2023-01-05 04:00,40.78,0.28,29.01,Stationery,Online,Not Returned,Low,1631.2,VIP
670833,T-shirt,49,2023-01-05 10:00,90.66,0.39,26.85,Stationery,In-store,Not Returned,High,4442.34,VIP
363648,Office Chair,47,2023-01-05 17:00,49.07,0.0,28.19,Stationery,In-store,Not Returned,Medium,2306.29,VIP
113898,Wireless Mouse,48,2023-01-05 23:00,39.56,0.16,18.74,Stationery,In-store,Not Returned,Low,1898.88,VIP
272391,USB Cable,43,2023-01-06 11:00,31.07,0.23,12.32,Stationery,Online,Not Returned,Medium,1336.01,VIP
551758,Wireless Mouse,31,2023-01-06 20:00,80.47,0.39,21.86,Stationery,In-store,Not Returned,High,2494.57,VIP
239337,Wireless Mouse,43,2023-01-07 01:00,37.19,0.27,10.95,Stationery,In-store,Not Returned,Low,1599.1699999999998,VIP
213846,Wireless Mouse,49,2023-01-07 07:00,28.72,0.47,27.69,Stationery,In-store,Not Returned,High,1407.28,VIP
758166,Headphones,21,2023-01-07 13:00,51.07,0.01,7.38,Stationery,Online,Not Returned,Low,1072.47,VIP
456512,White Mug,27,2023-01-07 14:00,59.07,0.07,26.61,Stationery,Online,Not Returned,High,1594.89,VIP
718725,USB Cable,37,2023-01-08 15:00,46.32,0.1,7.6,Stationery,In-store,Not Returned,Medium,1713.84,VIP
297937,Desk Lamp,41,2023-01-08 18:00,41.24,0.38,5.3,Stationery,In-store,Not Returned,Medium,1690.84,VIP
465271,Desk Lamp,29,2023-01-09 03:00,94.71,0.43,23.13,Stationery,Online,Not Returned,Low,2746.59,VIP
936081,USB Cable,43,2023-01-09 05:00,27.67,0.31,8.11,Stationery,In-store,Not Returned,Low,1189.8100000000002,VIP
787887,Office Chair,48,2023-01-09 17:00,72.98,0.19,10.79,Stationery,Online,Not Returned,Medium,3503.04,VIP
810093,Notebook,43,2023-01-10 01:00,32.68,0.37,21.39,Stationery,Online,Not Returned,High,1405.24,VIP
502112,Wall Clock,41,2023-01-11 13:00,47.2,0.47,28.56,Stationery,Online,Not Returned,Low,1935.2,VIP
382294,Wireless Mouse,39,2023-01-11 20:00,31.72,0.38,13.82,Stationery,In-store,Not Returned,Medium,1237.08,VIP
830377,USB Cable,32,2023-01-12 05:00,54.63,0.23,24.08,Stationery,Online,Not Returned,Low,1748.16,VIP
909033,Wall Clock,49,2023-01-12 10:00,79.12,0.36,21.3,Stationery,In-store,Not Returned,Medium,3876.88,VIP
225451,Wall Clock,22,2023-01-12 21:00,72.02,0.04,5.26,Stationery,In-store,Not Returned,Medium,1584.4399999999998,VIP
575890,Wireless Mouse,35,2023-01-13 13:00,57.49,0.25,25.21,Stationery,In-store,Not Returned,Medium,2012.15,VIP
648190,Wall Clock,44,2023-01-14 02:00,63.02,0.23,18.06,Stationery,Online,Not Returned,Low,2772.88,VIP
967636,Office Chair,43,2023-01-14 06:00,93.91,0.12,19.86,Stationery,In-store,Not Returned,High,4038.13,VIP
751088,White Mug,21,2023-01-14 09:00,90.6,0.39,23.19,Stationery,In-store,Returned,High,1902.6,VIP
574514,Wall Clock,42,2023-01-14 12:00,31.94,0.23,9.45,Stationery,Online,Not Returned,Low,1341.48,VIP
902236,White Mug,40,2023-01-17 07:00,95.48,0.06,11.99,Stationery,In-store,Not Returned,Low,3819.2,VIP
439720,T-shirt,49,2023-01-17 15:00,98.67,0.25,12.05,Stationery,Online,Not Returned,Low,4834.83,VIP
330582,Desk Lamp,36,2023-01-17 23:00,83.53,0.45,5.78,Stationery,Online,Not Returned,High,3007.08,VIP
948268,Wireless Mouse,15,2023-01-18 00:00,87.85,0.16,28.6,Stationery,Online,Not Returned,High,1317.75,VIP
557094,Desk Lamp,32,2023-01-18 12:00,92.34,0.09,19.33,Stationery,In-store,Not Returned,Medium,2954.88,VIP
976492,Desk Lamp,46,2023-01-18 14:00,40.94,0.19,16.92,Stationery,Online,Not Returned,High,1883.24,VIP
604373,Office Chair,46,2023-01-18 21:00,85.42,0.11,10.79,Stationery,Online,Not Returned,Medium,3929.32,VIP
634228,T-shirt,14,2023-01-20 13:00,98.03,0.45,14.8,Stationery,In-store,Not Returned,Medium,1372.42,VIP
909454,White Mug,47,2023-01-21 02:00,88.2,0.25,6.95,Stationery,Online,Not Returned,High,4145.400000000001,VIP
271003,Desk Lamp,28,2023-01-22 07:00,60.42,0.24,13.72,Stationery,In-store,Not Returned,Medium,1691.76,VIP
217296,Wall Clock,41,2023-01-22 15:00,25.84,0.01,20.75,Stationery,Online,Returned,High,1059.44,VIP
825705,Headphones,42,2023-01-22 21:00,38.35,0.4,14.02,Stationery,Online,Not Returned,High,1610.7,VIP
736984,Desk Lamp,32,2023-01-22 23:00,85.7,0.33,24.68,Stationery,In-store,Not Returned,High,2742.4,VIP
222636,Headphones,15,2023-01-23 09:00,70.17,0.48,10.61,Stationery,Online,Not Returned,Medium,1052.55,VIP
529111,Wall Clock,43,2023-01-23 14:00,30.94,0.11,13.34,Stationery,In-store,Returned,High,1330.42,VIP
272596,Notebook,48,2023-01-24 22:00,96.0,0.25,25.97,Stationery,Online,Returned,Low,4608.0,VIP
998880,USB Cable,39,2023-01-25 01:00,67.49,0.32,19.8,Stationery,Online,Not Returned,High,2632.11,VIP
561696,Notebook,43,2023-01-25 16:00,91.22,0.13,29.98,Stationery,In-store,Not Returned,Medium,3922.46,VIP
974479,Blue Pen,32,2023-01-27 02:00,95.68,0.4,19.0,Stationery,In-store,Not Returned,High,3061.76,VIP
462022,T-shirt,15,2023-01-27 09:00,73.35,0.46,24.47,Stationery,Online,Not Returned,High,1100.25,VIP
508890,Headphones,39,2023-01-27 12:00,80.21,0.27,28.9,Stationery,In-store,Not Returned,Low,3128.19,VIP
320712,Headphones,35,2023-01-27 14:00,94.52,0.33,24.33,Stationery,Online,Not Returned,Low,3308.2,VIP
976265,Backpack,34,2023-01-27 22:00,90.28,0.19,5.84,Stationery,In-store,Not Returned,Medium,3069.52,VIP
529498,Blue Pen,49,2023-01-28 09:00,67.71,0.33,8.59,Stationery,In-store,Returned,Medium,3317.7899999999995,VIP
889649,Wireless Mouse,46,2023-01-28 17:00,43.91,0.3,19.18,Stationery,In-store,Returned,High,2019.86,VIP
384501,T-shirt,41,2023-01-28 22:00,24.97,0.08,21.76,Stationery,Online,Not Returned,Medium,1023.77,VIP
963367,Wireless Mouse,19,2023-01-29 12:00,59.13,0.22,21.83,Stationery,Online,Not Returned,Low,1123.47,VIP
766128,T-shirt,19,2023-01-29 15:00,59.39,0.03,21.89,Stationery,Online,Not Returned,High,1128.41,VIP
441293,Desk Lamp,35,2023-01-30 13:00,71.82,0.4,28.09,Stationery,Online,Not Returned,Low,2513.7,VIP
909818,Blue Pen,43,2023-01-30 22:00,32.92,0.13,26.56,Stationery,In-store,Returned,Medium,1415.5600000000002,VIP
492270,Headphones,32,2023-01-31 02:00,77.27,0.49,21.63,Stationery,In-store,Not Returned,Medium,2472.64,VIP
569053,T-shirt,49,2023-01-31 12:00,22.15,0.25,19.76,Stationery,Online,Not Returned,Medium,1085.35,VIP
355117,Backpack,24,2023-01-31 13:00,53.77,0.16,13.22,Stationery,Online,Returned,Medium,1290.48,VIP
372659,USB Cable,34,2023-02-01 01:00,90.03,0.48,8.32,Stationery,Online,Not Returned,Low,3061.02,VIP
488370,Notebook,48,2023-02-01 13:00,21.96,0.06,14.24,Stationery,In-store,Not Returned,Medium,1054.08,VIP
598109,Office Chair,38,2023-02-02 03:00,47.34,0.1,10.85,Stationery,In-store,Not Returned,Low,1798.92,VIP
210406,USB Cable,46,2023-02-03 09:00,56.47,0.13,29.75,Stationery,In-store,Not Returned,Medium,2597.62,VIP
993595,Notebook,34,2023-02-03 22:00,58.15,0.47,29.02,Stationery,Online,Not Returned,High,1977.1,VIP
348134,Headphones,35,2023-02-04 00:00,56.04,0.32,14.13,Stationery,In-store,Not Returned,Medium,1961.4,VIP
233206,Office Chair,29,2023-02-04 05:00,36.17,0.24,22.52,Stationery,In-store,Not Returned,Low,1048.93,VIP
761765,Office Chair,34,2023-02-05 03:00,35.47,0.3,17.12,Stationery,In-store,Not Returned,High,1205.98,VIP
215742,Notebook,28,2023-02-05 06:00,76.92,0.15,21.72,Stationery,Online,Not Returned,Low,2153.76,VIP
659990,White Mug,32,2023-02-05 08:00,61.23,0.23,12.19,Stationery,In-store,Not Returned,Medium,1959.36,VIP
408623,USB Cable,30,2023-02-05 11:00,61.89,0.05,8.92,Stationery,Online,Not Returned,Low,1856.7,VIP
376570,Headphones,19,2023-02-05 14:00,89.93,0.07,5.98,Stationery,In-store,Returned,Low,1708.67,VIP
671692,Blue Pen,-17,2023-02-05 18:00,-63.42,1.3370377054904674,,Stationery,Online,Not Returned,High,1078.14,VIP
715534,Notebook,43,2023-02-05 19:00,33.56,0.38,10.0,Stationery,Online,Not Returned,High,1443.0800000000002,VIP
757362,USB Cable,18,2023-02-06 06:00,64.86,0.2,27.43,Stationery,Online,Not Returned,Low,1167.48,VIP
226530,USB Cable,26,2023-02-07 07:00,42.02,0.3,7.97,Stationery,In-store,Not Returned,High,1092.52,VIP
538894,Desk Lamp,22,2023-02-07 08:00,84.22,0.33,13.53,Stationery,Online,Not Returned,High,1852.84,VIP
573468,Blue Pen,22,2023-02-07 10:00,80.56,0.28,5.65,Stationery,Online,Not Returned,High,1772.3200000000002,VIP
608594,Notebook,15,2023-02-07 15:00,92.22,0.37,24.87,Stationery,Online,Not Returned,High,1383.3,VIP
288307,White Mug,38,2023-02-07 16:00,68.89,0.14,10.25,Stationery,Online,Not Returned,High,2617.82,VIP
802871,White Mug,45,2023-02-07 21:00,77.29,0.09,13.81,Stationery,Online,Not Returned,High,3478.05,VIP
177185,Backpack,22,2023-02-08 11:00,87.93,0.19,24.57,Stationery,In-store,Not Returned,High,1934.46,VIP
695144,Backpack,48,2023-02-08 20:00,30.43,0.14,7.56,Stationery,In-store,Not Returned,Low,1460.64,VIP
892067,Wireless Mouse,44,2023-02-09 07:00,54.36,0.44,16.7,Stationery,In-store,Returned,High,2391.84,VIP
721849,Notebook,17,2023-02-10 07:00,90.64,0.27,5.72,Stationery,Online,Not Returned,Medium,1540.88,VIP
461116,Backpack,42,2023-02-10 20:00,24.24,0.1,19.15,Stationery,In-store,Not Returned,High,1018.08,VIP
689409,Wall Clock,36,2023-02-11 17:00,54.53,0.13,21.01,Stationery,Online,Not Returned,Medium,1963.08,VIP
204249,USB Cable,33,2023-02-12 09:00,64.74,0.2,18.22,Stationery,Online,Not Returned,Low,2136.42,VIP
912081,Headphones,46,2023-02-12 20:00,24.26,0.01,10.29,Stationery,Online,Not Returned,Low,1115.96,VIP
738451,Notebook,48,2023-02-13 01:00,31.2,0.45,22.09,Stationery,In-store,Not Returned,Low,1497.6,VIP
793540,T-shirt,31,2023-02-13 14:00,54.26,0.47,10.9,Stationery,In-store,Not Returned,High,1682.06,VIP
399615,Backpack,47,2023-02-14 06:00,88.52,0.16,17.94,Stationery,Online,Not Returned,High,4160.44,VIP
242675,USB Cable,48,2023-02-14 17:00,85.9,0.21,15.98,Stationery,Online,Not Returned,Medium,4123.200000000001,VIP
326274,T-shirt,42,2023-02-15 00:00,44.27,0.05,29.94,Stationery,In-store,Not Returned,Low,1859.34,VIP
160692,Headphones,34,2023-02-15 02:00,45.57,0.14,23.7,Stationery,In-store,Not Returned,Low,1549.38,VIP
768130,Wall Clock,29,2023-02-15 03:00,50.13,0.27,7.6,Stationery,In-store,Not Returned,Low,1453.77,VIP
899129,White Mug,34,2023-02-15 23:00,53.25,0.17,14.3,Stationery,In-store,Not Returned,Low,1810.5,VIP
103841,USB Cable,31,2023-02-16 21:00,96.4,0.29,9.66,Stationery,In-store,Not Returned,Medium,2988.4,VIP
307382,USB Cable,40,2023-02-17 09:00,27.64,0.11,6.75,Stationery,In-store,Returned,Medium,1105.6,VIP
790690,Wireless Mouse,43,2023-02-18 22:00,45.96,0.31,7.27,Stationery,In-store,Not Returned,Medium,1976.28,VIP
257182,Blue Pen,49,2023-02-20 16:00,90.64,0.42,5.35,Stationery,In-store,Not Returned,High,4441.36,VIP
666879,USB Cable,33,2023-02-20 21:00,82.93,0.37,13.68,Stationery,Online,Not Returned,Medium,2736.69,VIP
493273,T-shirt,28,2023-02-20 22:00,76.13,0.04,21.06,Stationery,In-store,Not Returned,High,2131.64,VIP
455973,Backpack,40,2023-02-20 23:00,96.05,0.19,14.62,Stationery,In-store,Not Returned,Low,3842.0,VIP
602895,Headphones,-30,2023-02-21 09:00,-38.05,1.199225434358085,,Stationery,In-store,Not Returned,Medium,1141.5,VIP
787843,Wall Clock,45,2023-02-21 17:00,23.75,0.37,16.9,Stationery,In-store,Returned,Medium,1068.75,VIP
880136,Wall Clock,48,2023-02-22 06:00,76.1,0.23,29.24,Stationery,Online,Not Returned,Medium,3652.8,VIP
112636,Office Chair,42,2023-02-22 07:00,85.64,0.28,7.97,Stationery,Online,Not Returned,Low,3596.88,VIP
756444,Wall Clock,33,2023-02-23 22:00,70.05,0.4,18.48,Stationery,Online,Not Returned,Medium,2311.65,VIP
685422,Wireless Mouse,40,2023-02-24 10:00,69.39,0.31,6.22,Stationery,In-store,Not Returned,Low,2775.6,VIP
974187,Desk Lamp,32,2023-02-24 12:00,44.04,0.23,28.58,Stationery,In-store,Returned,High,1409.28,VIP
123178,Wall Clock,39,2023-02-24 16:00,43.5,0.14,18.78,Stationery,In-store,Not Returned,High,1696.5,VIP
521841,Blue Pen,23,2023-02-25 16:00,63.48,0.24,16.9,Stationery,In-store,Returned,High,1460.04,VIP
596372,USB Cable,20,2023-02-27 21:00,51.41,0.14,8.26,Stationery,In-store,Not Returned,High,1028.1999999999998,VIP
508632,Desk Lamp,33,2023-02-28 04:00,67.76,0.06,22.67,Stationery,In-store,Not Returned,Medium,2236.0800000000004,VIP
274847,USB Cable,44,2023-02-28 09:00,73.71,0.47,24.77,Stationery,In-store,Not Returned,Medium,3243.24,VIP
374371,Blue Pen,32,2023-02-28 13:00,59.03,0.5,29.81,Stationery,Online,Not Returned,Medium,1888.96,VIP
735136,USB Cable,41,2023-02-28 18:00,39.42,0.35,21.89,Stationery,Online,Not Returned,Low,1616.22,VIP
524286,USB Cable,39,2023-03-01 09:00,58.0,0.34,16.86,Stationery,In-store,Not Returned,Low,2262.0,VIP
777769,Blue Pen,31,2023-03-01 11:00,75.3,0.08,7.85,Stationery,In-store,Not Returned,High,2334.3,VIP
653943,USB Cable,48,2023-03-01 15:00,23.21,0.32,15.52,Stationery,In-store,Not Returned,Low,1114.08,VIP
756334,Backpack,23,2023-03-02 00:00,44.1,0.42,26.82,Stationery,In-store,Not Returned,Medium,1014.3,VIP
127429,Headphones,45,2023-03-02 03:00,62.57,0.15,29.7,Stationery,Online,Not Returned,Medium,2815.65,VIP
130365,Wireless Mouse,46,2023-03-02 06:00,23.29,0.13,21.72,Stationery,Online,Not Returned,Medium,1071.34,VIP
313869,Office Chair,36,2023-03-03 07:00,76.6,0.24,11.95,Stationery,In-store,Not Returned,Medium,2757.6,VIP
641055,Wireless Mouse,37,2023-03-03 22:00,36.19,0.42,26.03,Stationery,In-store,Not Returned,High,1339.03,VIP
576948,Blue Pen,29,2023-03-04 00:00,92.01,0.18,21.56,Stationery,Online,Not Returned,High,2668.29,VIP
184244,Wall Clock,40,2023-03-04 01:00,40.39,0.23,21.64,Stationery,Online,Not Returned,High,1615.6,VIP
112402,Wall Clock,-42,2023-03-05 17:00,-64.82,1.410815552432013,,Stationery,In-store,Not Returned,High,2722.44,VIP
143815,Notebook,34,2023-03-06 11:00,74.36,0.46,8.17,Stationery,Online,Not Returned,Low,2528.24,VIP
146573,Notebook,41,2023-03-06 17:00,32.21,0.41,22.67,Stationery,In-store,Not Returned,High,1320.61,VIP
607483,USB Cable,42,2023-03-08 07:00,31.81,0.23,23.76,Stationery,Online,Not Returned,High,1336.02,VIP
759763,Wall Clock,48,2023-03-08 16:00,91.5,0.36,23.54,Stationery,In-store,Not Returned,Medium,4392.0,VIP
105017,Wireless Mouse,42,2023-03-08 18:00,30.07,0.48,13.8,Stationery,In-store,Not Returned,Medium,1262.94,VIP
621627,Desk Lamp,42,2023-03-09 18:00,72.34,0.38,23.95,Stationery,Online,Not Returned,High,3038.28,VIP
223307,Desk Lamp,18,2023-03-11 22:00,67.87,0.15,28.13,Stationery,Online,Not Returned,Medium,1221.66,VIP
969221,Wall Clock,20,2023-03-12 03:00,99.86,0.32,20.53,Stationery,Online,Not Returned,Medium,1997.2,VIP
439771,Office Chair,27,2023-03-12 19:00,61.31,0.5,28.51,Stationery,In-store,Not Returned,High,1655.37,VIP
587043,White Mug,44,2023-03-13 00:00,76.57,0.38,10.82,Stationery,Online,Not Returned,Medium,3369.08,VIP
601670,Wall Clock,31,2023-03-14 04:00,42.65,0.31,15.57,Stationery,Online,Not Returned,High,1322.15,VIP
582877,Backpack,36,2023-03-14 10:00,48.11,0.11,8.7,Stationery,Online,Not Returned,Low,1731.96,VIP
517236,Desk Lamp,33,2023-03-14 11:00,86.79,0.2,23.54,Stationery,Online,Not Returned,Low,2864.07,VIP
840999,Notebook,47,2023-03-15 02:00,66.3,0.38,7.33,Stationery,In-store,Not Returned,High,3116.1,VIP
157564,Headphones,35,2023-03-15 03:00,82.27,0.22,9.15,Stationery,Online,Not Returned,High,2879.45,VIP
769462,Office Chair,22,2023-03-15 04:00,56.77,0.39,5.25,Stationery,Online,Not Returned,Medium,1248.94,VIP
405718,Notebook,25,2023-03-15 06:00,90.43,0.31,10.43,Stationery,Online,Not Returned,High,2260.75,VIP
422191,Office Chair,41,2023-03-16 01:00,93.33,0.43,6.77,Stationery,Online,Not Returned,High,3826.53,VIP
314589,White Mug,44,2023-03-16 15:00,50.9,0.41,19.22,Stationery,Online,Not Returned,Low,2239.6,VIP
203376,White Mug,45,2023-03-17 07:00,59.98,0.03,25.54,Stationery,Online,Not Returned,Low,2699.1,VIP
374857,T-shirt,-31,2023-03-17 13:00,-76.81,1.560572906474607,,Stationery,Online,Not Returned,High,2381.11,VIP
506557,Wall Clock,-24,2023-03-17 21:00,-63.36,1.6424284334426351,,Stationery,In-store,Not Returned,Low,1520.64,VIP
541653,Headphones,27,2023-03-18 07:00,45.37,0.0,26.59,Stationery,Online,Not Returned,Low,1224.99,VIP
420051,T-shirt,14,2023-03-18 09:00,88.15,0.36,5.54,Stationery,Online,Not Returned,High,1234.1,VIP
664109,Notebook,25,2023-03-19 07:00,71.8,0.42,29.45,Stationery,In-store,Not Returned,Low,1795.0,VIP
614618,Wireless Mouse,46,2023-03-19 09:00,29.39,0.12,23.68,Stationery,In-store,Not Returned,High,1351.94,VIP
697684,USB Cable,-50,2023-03-20 01:00,-90.02,1.581375656175219,,Stationery,In-store,Returned,Low,4501.0,VIP
504067,T-shirt,-36,2023-03-20 10:00,-95.01,0.3,,Stationery,In-store,Not Returned,High,3420.36,VIP
802183,Desk Lamp,20,2023-03-21 00:00,93.64,0.3,11.22,Stationery,In-store,Not Returned,High,1872.8,VIP
576814,Headphones,47,2023-03-21 08:00,91.98,0.11,11.78,Stationery,Online,Not Returned,High,4323.06,VIP
304581,Headphones,24,2023-03-21 17:00,73.43,0.5,10.07,Stationery,In-store,Not Returned,Low,1762.3200000000002,VIP
312991,Blue Pen,49,2023-03-21 20:00,74.33,0.16,12.21,Stationery,Online,Not Returned,Low,3642.17,VIP
513997,Desk Lamp,28,2023-03-22 06:00,92.96,0.04,24.01,Stationery,Online,Not Returned,Medium,2602.88,VIP
436243,Blue Pen,14,2023-03-23 05:00,80.52,0.47,11.6,Stationery,Online,Returned,High,1127.28,VIP
584006,Headphones,43,2023-03-23 06:00,44.86,0.3,19.66,Stationery,Online,Not Returned,Medium,1928.98,VIP
753257,USB Cable,22,2023-03-23 08:00,62.69,0.41,5.02,Stationery,In-store,Not Returned,High,1379.1799999999998,VIP
901204,Office Chair,27,2023-03-23 12:00,91.62,0.4,16.67,Stationery,In-store,Not Returned,Medium,2473.74,VIP
773298,Headphones,22,2023-03-23 21:00,61.78,0.0,7.63,Stationery,Online,Not Returned,High,1359.16,VIP
190341,Blue Pen,17,2023-03-24 00:00,61.62,0.36,5.62,Stationery,In-store,Not Returned,Medium,1047.54,VIP
160896,Blue Pen,40,2023-03-24 01:00,80.52,0.38,24.9,Stationery,In-store,Not Returned,Low,3220.8,VIP
260066,USB Cable,48,2023-03-24 15:00,89.6,0.03,20.68,Stationery,In-store,Not Returned,Low,4300.799999999999,VIP
293766,Notebook,42,2023-03-25 01:00,93.03,0.23,15.75,Stationery,Online,Not Returned,High,3907.26,VIP
867494,Blue Pen,23,2023-03-25 13:00,64.9,0.49,11.71,Stationery,In-store,Not Returned,Low,1492.7,VIP
925017,Desk Lamp,43,2023-03-25 18:00,78.42,0.14,18.83,Stationery,In-store,Not Returned,Low,3372.06,VIP
831586,Office Chair,49,2023-03-25 22:00,84.5,0.3,28.67,Stationery,In-store,Not Returned,Medium,4140.5,VIP
359258,Notebook,34,2023-03-26 01:00,75.45,0.43,6.46,Stationery,Online,Not Returned,Low,2565.3,VIP
607731,Blue Pen,43,2023-03-27 21:00,65.49,0.2,7.79,Stationery,Online,Not Returned,High,2816.07,VIP
384307,Wireless Mouse,25,2023-03-27 23:00,94.83,0.06,9.0,Stationery,In-store,Not Returned,High,2370.75,VIP
481760,Desk Lamp,18,2023-03-28 02:00,62.98,0.03,19.86,Stationery,Online,Not Returned,Low,1133.64,VIP
132934,Wall Clock,36,2023-03-28 05:00,58.84,0.39,12.77,Stationery,Online,Not Returned,High,2118.24,VIP
415302,T-shirt,34,2023-03-28 14:00,71.92,0.35,19.07,Stationery,In-store,Not Returned,High,2445.28,VIP
157940,Backpack,22,2023-03-29 00:00,86.53,0.38,28.28,Stationery,Online,Not Returned,Medium,1903.66,VIP
778442,T-shirt,31,2023-03-29 02:00,71.06,0.29,19.64,Stationery,Online,Returned,Medium,2202.86,VIP
206566,Wall Clock,22,2023-03-29 04:00,92.66,0.26,24.33,Stationery,Online,Not Returned,High,2038.52,VIP
505219,Wall Clock,45,2023-03-29 19:00,49.24,0.15,11.07,Stationery,Online,Not Returned,Low,2215.8,VIP
567741,Headphones,27,2023-03-30 20:00,63.57,0.4,6.38,Stationery,In-store,Not Returned,High,1716.39,VIP
588287,USB Cable,48,2023-03-30 23:00,81.34,0.23,21.74,Stationery,In-store,Not Returned,Medium,3904.32,VIP
853020,Backpack,35,2023-03-31 00:00,51.97,0.42,15.32,Stationery,In-store,Not Returned,Low,1818.95,VIP
839378,USB Cable,45,2023-03-31 15:00,39.51,0.38,17.12,Stationery,Online,Not Returned,Medium,1777.9499999999998,VIP
365928,Wireless Mouse,24,2023-03-31 19:00,57.33,0.41,27.35,Stationery,Online,Not Returned,High,1375.92,VIP
762943,USB Cable,40,2023-04-01 12:00,95.29,0.26,29.14,Stationery,Online,Not Returned,Low,3811.6,VIP
212024,Wall Clock,49,2023-04-01 21:00,87.13,0.19,21.1,Stationery,In-store,Not Returned,Medium,4269.37,VIP
751718,White Mug,30,2023-04-02 03:00,90.72,0.3,12.52,Stationery,In-store,Not Returned,High,2721.6,VIP
232321,Wall Clock,-48,2023-04-02 15:00,-52.41,0.44,,Stationery,Online,Not Returned,Low,2515.68,VIP
419139,Blue Pen,45,2023-04-02 18:00,80.99,0.14,18.41,Stationery,Online,Not Returned,High,3644.55,VIP
825840,Blue Pen,39,2023-04-02 23:00,42.48,0.41,22.03,Stationery,Online,Not Returned,High,1656.7199999999998,VIP
330324,Desk Lamp,24,2023-04-03 00:00,90.1,0.3,17.82,Stationery,Online,Not Returned,Low,2162.4,VIP
884419,Office Chair,48,2023-04-03 04:00,67.31,0.05,29.7,Stationery,In-store,Not Returned,High,3230.88,VIP
904348,Office Chair,25,2023-04-03 15:00,59.21,0.32,18.54,Stationery,Online,Not Returned,Low,1480.25,VIP
820406,Wall Clock,19,2023-04-03 19:00,79.13,0.39,20.67,Stationery,In-store,Not Returned,Low,1503.4699999999998,VIP
812506,Office Chair,36,2023-04-04 05:00,44.94,0.26,14.73,Stationery,Online,Not Returned,Medium,1617.84,VIP
937560,Wall Clock,28,2023-04-04 17:00,52.4,0.34,12.61,Stationery,Online,Not Returned,Medium,1467.2,VIP
980872,T-shirt,31,2023-04-05 01:00,34.32,0.13,6.62,Stationery,In-store,Not Returned,High,1063.92,VIP
406732,USB Cable,42,2023-04-05 09:00,41.91,0.19,5.64,Stationery,Online,Not Returned,Low,1760.2199999999998,VIP
504982,T-shirt,17,2023-04-05 10:00,87.02,0.49,13.94,Stationery,In-store,Not Returned,Medium,1479.34,VIP
804039,Wireless Mouse,47,2023-04-05 14:00,73.78,0.09,19.54,Stationery,Online,Not Returned,High,3467.66,VIP
232645,Desk Lamp,37,2023-04-05 20:00,35.16,0.44,23.63,Stationery,In-store,Not Returned,Low,1300.9199999999998,VIP
837699,Blue Pen,36,2023-04-05 22:00,39.67,0.16,24.53,Stationery,In-store,Not Returned,Low,1428.12,VIP
844401,USB Cable,22,2023-04-06 13:00,64.31,0.07,17.53,Stationery,In-store,Not Returned,High,1414.8200000000002,VIP
802101,Blue Pen,37,2023-04-06 23:00,45.0,0.4,19.91,Stationery,In-store,Not Returned,Low,1665.0,VIP
963669,Wireless Mouse,33,2023-04-07 04:00,84.0,0.17,16.07,Stationery,In-store,Not Returned,Low,2772.0,VIP
826376,Wall Clock,47,2023-04-08 02:00,99.28,0.35,29.44,Stationery,Online,Not Returned,Low,4666.16,VIP
813297,Notebook,22,2023-04-09 02:00,81.23,0.38,18.12,Stationery,In-store,Not Returned,High,1787.0600000000002,VIP
371969,Wireless Mouse,30,2023-04-09 12:00,48.33,0.11,10.65,Stationery,Online,Not Returned,Medium,1449.9,VIP
469215,Desk Lamp,42,2023-04-09 18:00,38.51,0.2,7.17,Stationery,Online,Not Returned,Low,1617.4199999999998,VIP
331059,Notebook,31,2023-04-10 02:00,56.46,0.27,19.82,Stationery,Online,Not Returned,Medium,1750.26,VIP
260636,Blue Pen,32,2023-04-10 23:00,84.17,0.44,26.77,Stationery,In-store,Not Returned,Low,2693.44,VIP
361085,Notebook,41,2023-04-11 12:00,71.6,0.28,5.67,Stationery,In-store,Returned,Medium,2935.6,VIP
549423,White Mug,41,2023-04-11 14:00,47.71,0.36,26.25,Stationery,In-store,Not Returned,Low,1956.11,VIP
875519,Headphones,-43,2023-04-12 07:00,-31.09,1.3674683730062205,,Stationery,Online,Not Returned,Low,1336.87,VIP
887564,USB Cable,46,2023-04-13 08:00,38.03,0.49,26.31,Stationery,Online,Not Returned,Medium,1749.38,VIP
335114,T-shirt,15,2023-04-13 23:00,69.57,0.09,9.96,Stationery,Online,Not Returned,Low,1043.55,VIP
903055,Desk Lamp,14,2023-04-14 06:00,81.28,0.15,16.39,Stationery,In-store,Not Returned,Medium,1137.92,VIP
936073,White Mug,49,2023-04-14 07:00,54.83,0.01,27.22,Stationery,In-store,Not Returned,Low,2686.67,VIP
374187,Office Chair,41,2023-04-14 08:00,50.43,0.4,22.71,Stationery,Online,Not Returned,Low,2067.63,VIP
113882,Desk Lamp,46,2023-04-16 00:00,27.54,0.13,5.88,Stationery,Online,Not Returned,Medium,1266.84,VIP
274504,Headphones,27,2023-04-16 03:00,41.79,0.28,13.66,Stationery,Online,Not Returned,High,1128.33,VIP
824605,White Mug,29,2023-04-16 09:00,60.17,0.37,13.42,Stationery,Online,Not Returned,Medium,1744.93,VIP
857939,Headphones,18,2023-04-16 13:00,72.85,0.06,7.5,Stationery,Online,Not Returned,High,1311.3,VIP
187193,T-shirt,32,2023-04-16 21:00,98.77,0.5,24.21,Stationery,In-store,Not Returned,Low,3160.64,VIP
402728,Blue Pen,39,2023-04-17 05:00,89.26,0.14,23.78,Stationery,Online,Not Returned,High,3481.1400000000003,VIP
731395,White Mug,25,2023-04-17 12:00,94.26,0.37,25.55,Stationery,In-store,Not Returned,Medium,2356.5,VIP
308358,T-shirt,37,2023-04-17 21:00,28.7,0.06,23.36,Stationery,Online,Not Returned,Low,1061.9,VIP
771999,Backpack,30,2023-04-17 23:00,43.08,0.42,12.85,Stationery,In-store,Not Returned,Medium,1292.4,VIP
556237,Backpack,33,2023-04-18 11:00,41.59,0.08,11.44,Stationery,Online,Not Returned,High,1372.47,VIP
655748,T-shirt,39,2023-04-19 04:00,34.09,0.26,18.74,Stationery,Online,Not Returned,High,1329.5100000000002,VIP
524446,Office Chair,20,2023-04-20 12:00,53.4,0.36,17.76,Stationery,In-store,Returned,High,1068.0,VIP
840904,Blue Pen,36,2023-04-20 21:00,55.55,0.23,21.52,Stationery,In-store,Returned,High,1999.8,VIP
672772,USB Cable,34,2023-04-21 01:00,71.23,0.21,10.75,Stationery,Online,Not Returned,Medium,2421.82,VIP
927600,Backpack,44,2023-04-21 22:00,58.81,0.23,16.14,Stationery,In-store,Not Returned,Low,2587.6400000000003,VIP
642040,Office Chair,23,2023-04-22 05:00,78.82,0.25,7.3,Stationery,Online,Not Returned,Low,1812.86,VIP
523270,Backpack,-44,2023-04-22 08:00,-55.62,0.04,,Stationery,In-store,Not Returned,Low,2447.28,VIP
292888,USB Cable,39,2023-04-22 09:00,72.53,0.03,27.54,Stationery,Online,Not Returned,Medium,2828.67,VIP
173541,White Mug,11,2023-04-22 16:00,95.71,0.41,18.16,Stationery,In-store,Not Returned,High,1052.81,VIP
227899,Office Chair,38,2023-04-23 20:00,46.3,0.42,12.31,Stationery,In-store,Not Returned,High,1759.4,VIP
325366,Headphones,34,2023-04-24 16:00,38.61,0.36,12.6,Stationery,Online,Not Returned,Medium,1312.74,VIP
375850,Headphones,31,2023-04-25 18:00,49.93,0.47,5.67,Stationery,Online,Returned,High,1547.83,VIP
640209,Blue Pen,24,2023-04-25 22:00,90.04,0.2,27.71,Stationery,In-store,Not Returned,Medium,2160.96,VIP
447295,Office Chair,42,2023-04-26 11:00,89.63,0.03,21.21,Stationery,In-store,Returned,Medium,3764.46,VIP
266746,Wireless Mouse,17,2023-04-26 12:00,65.91,0.17,28.29,Stationery,Online,Not Returned,High,1120.47,VIP
785691,Headphones,31,2023-04-27 23:00,70.05,0.23,18.7,Stationery,In-store,Not Returned,Medium,2171.55,VIP
385251,Office Chair,35,2023-04-28 10:00,63.09,0.06,15.5,Stationery,Online,Not Returned,Medium,2208.15,VIP
475950,Desk Lamp,49,2023-04-29 22:00,49.7,0.28,5.69,Stationery,In-store,Not Returned,High,2435.3,VIP
894171,Headphones,15,2023-04-30 06:00,73.02,0.01,8.04,Stationery,In-store,Not Returned,High,1095.3,VIP
970322,Blue Pen,45,2023-04-30 13:00,98.15,0.34,27.13,Stationery,Online,Not Returned,High,4416.75,VIP
183162,Wall Clock,39,2023-04-30 21:00,26.01,0.28,22.18,Stationery,In-store,Returned,Medium,1014.39,VIP
174363,Desk Lamp,22,2023-05-01 10:00,88.89,0.23,18.37,Stationery,Online,Not Returned,Medium,1955.58,VIP
624645,Blue Pen,35,2023-05-01 19:00,81.33,0.32,14.21,Stationery,Online,Not Returned,High,2846.55,VIP
409345,White Mug,29,2023-05-01 21:00,88.31,0.06,16.35,Stationery,In-store,Not Returned,High,2560.99,VIP
456320,Backpack,26,2023-05-02 02:00,97.53,0.44,26.19,Stationery,In-store,Not Returned,Medium,2535.78,VIP
693684,T-shirt,25,2023-05-02 06:00,77.81,0.09,8.26,Stationery,Online,Not Returned,High,1945.25,VIP
557295,Blue Pen,14,2023-05-02 10:00,88.81,0.46,5.68,Stationery,In-store,Not Returned,High,1243.34,VIP
261334,Backpack,48,2023-05-03 00:00,81.86,0.0,25.31,Stationery,Online,Not Returned,Medium,3929.28,VIP
180312,Office Chair,14,2023-05-03 15:00,85.39,0.21,5.6,Stationery,Online,Not Returned,High,1195.46,VIP
377264,USB Cable,49,2023-05-04 05:00,52.56,0.19,20.23,Stationery,In-store,Not Returned,High,2575.44,VIP
820841,Blue Pen,-21,2023-05-04 20:00,-73.57,0.22,,Stationery,Online,Not Returned,Low,1544.9699999999998,VIP
974325,Wireless Mouse,20,2023-05-05 04:00,62.59,0.41,23.27,Stationery,In-store,Not Returned,High,1251.8000000000002,VIP
582505,White Mug,15,2023-05-07 03:00,78.73,0.33,27.68,Stationery,Online,Not Returned,Medium,1180.95,VIP
912026,Wireless Mouse,48,2023-05-07 15:00,55.89,0.41,26.7,Stationery,In-store,Not Returned,High,2682.7200000000003,VIP
462793,Wall Clock,22,2023-05-08 11:00,82.2,0.44,22.91,Stationery,Online,Not Returned,Medium,1808.4,VIP
835043,White Mug,30,2023-05-08 20:00,39.7,0.36,28.04,Stationery,In-store,Not Returned,Medium,1191.0,VIP
475442,White Mug,29,2023-05-09 05:00,61.25,0.04,6.83,Stationery,Online,Not Returned,Medium,1776.25,VIP
824764,Wireless Mouse,32,2023-05-09 19:00,75.2,0.02,17.88,Stationery,In-store,Not Returned,High,2406.4,VIP
107799,White Mug,25,2023-05-10 00:00,63.07,0.22,12.78,Stationery,Online,Not Returned,High,1576.75,VIP
884492,Wall Clock,14,2023-05-10 01:00,88.55,0.21,9.84,Stationery,Online,Not Returned,High,1239.7,VIP
882703,Notebook,28,2023-05-10 04:00,36.46,0.16,9.03,Stationery,In-store,Not Returned,High,1020.88,VIP
441161,T-shirt,30,2023-05-10 17:00,98.53,0.11,27.69,Stationery,In-store,Not Returned,Medium,2955.9,VIP
409042,Wireless Mouse,44,2023-05-10 18:00,59.71,0.45,11.63,Stationery,In-store,Not Returned,Low,2627.24,VIP
534781,Notebook,33,2023-05-11 03:00,74.55,0.03,17.35,Stationery,In-store,Not Returned,Low,2460.15,VIP
700898,USB Cable,18,2023-05-11 08:00,94.75,0.36,7.45,Stationery,Online,Not Returned,Medium,1705.5,VIP
559187,Headphones,11,2023-05-11 16:00,94.97,0.39,20.05,Stationery,In-store,Not Returned,High,1044.67,VIP
587242,Notebook,20,2023-05-11 21:00,94.9,0.13,11.81,Stationery,In-store,Not Returned,Medium,1898.0,VIP
431095,Wall Clock,46,2023-05-12 05:00,62.06,0.23,29.64,Stationery,Online,Not Returned,Low,2854.76,VIP
843781,Blue Pen,46,2023-05-13 08:00,65.87,0.28,9.07,Stationery,In-store,Not Returned,Medium,3030.0200000000004,VIP
391494,Backpack,25,2023-05-13 19:00,68.94,0.18,15.25,Stationery,Online,Not Returned,Low,1723.5,VIP
723181,T-shirt,21,2023-05-14 02:00,85.68,0.16,23.63,Stationery,In-store,Not Returned,Medium,1799.2800000000002,VIP
490014,Desk Lamp,16,2023-05-14 14:00,77.71,0.25,25.09,Stationery,Online,Not Returned,Medium,1243.36,VIP
118277,Blue Pen,28,2023-05-14 16:00,90.61,0.23,13.47,Stationery,Online,Not Returned,Low,2537.08,VIP
104015,Wireless Mouse,31,2023-05-15 05:00,75.9,0.06,21.42,Stationery,In-store,Not Returned,Medium,2352.9,VIP
653336,Backpack,49,2023-05-15 11:00,29.91,0.32,29.45,Stationery,In-store,Not Returned,High,1465.59,VIP
119941,Office Chair,28,2023-05-15 12:00,83.76,0.15,9.19,Stationery,Online,Not Returned,High,2345.28,VIP
823163,Blue Pen,41,2023-05-15 22:00,65.68,0.46,8.94,Stationery,Online,Not Returned,Medium,2692.88,VIP
520349,Headphones,28,2023-05-17 12:00,92.42,0.25,20.4,Stationery,In-store,Not Returned,Medium,2587.76,VIP
130976,Office Chair,45,2023-05-17 15:00,63.33,0.29,29.59,Stationery,Online,Not Returned,Medium,2849.85,VIP
895965,T-shirt,37,2023-05-18 08:00,86.09,0.05,15.91,Stationery,Online,Not Returned,Low,3185.33,VIP
488034,Backpack,25,2023-05-18 09:00,87.98,0.11,19.48,Stationery,Online,Returned,High,2199.5,VIP
841738,White Mug,40,2023-05-19 02:00,32.86,0.14,17.66,Stationery,Online,Returned,Low,1314.4,VIP
696364,Wall Clock,36,2023-05-19 06:00,72.27,0.46,12.01,Stationery,In-store,Returned,High,2601.72,VIP
886070,Backpack,40,2023-05-19 14:00,49.78,0.4,29.83,Stationery,Online,Not Returned,Low,1991.2,VIP
271811,Office Chair,49,2023-05-19 15:00,48.4,0.19,26.36,Stationery,In-store,Not Returned,Low,2371.6,VIP
861380,Backpack,32,2023-05-20 10:00,73.05,0.19,17.21,Stationery,In-store,Not Returned,Medium,2337.6,VIP
772298,Backpack,25,2023-05-21 00:00,75.26,0.46,9.38,Stationery,Online,Not Returned,Low,1881.5,VIP
808599,Desk Lamp,25,2023-05-22 02:00,79.11,0.44,23.71,Stationery,In-store,Returned,Medium,1977.75,VIP
818131,Wireless Mouse,49,2023-05-22 05:00,86.9,0.43,25.53,Stationery,Online,Not Returned,High,4258.1,VIP
958753,Backpack,31,2023-05-22 08:00,43.27,0.26,25.99,Stationery,In-store,Not Returned,High,1341.37,VIP
746142,Desk Lamp,31,2023-05-22 10:00,55.96,0.03,27.13,Stationery,Online,Not Returned,Low,1734.76,VIP
159207,White Mug,38,2023-05-23 14:00,31.34,0.24,5.18,Stationery,Online,Not Returned,Low,1190.92,VIP
473905,Blue Pen,33,2023-05-23 18:00,87.1,0.02,5.36,Stationery,Online,Not Returned,Low,2874.3,VIP
329905,Blue Pen,43,2023-05-23 19:00,42.9,0.22,27.54,Stationery,In-store,Not Returned,High,1844.7,VIP
467401,Desk Lamp,32,2023-05-24 05:00,76.33,0.0,18.1,Stationery,In-store,Not Returned,Low,2442.56,VIP
516219,Blue Pen,43,2023-05-24 15:00,92.87,0.49,18.72,Stationery,Online,Not Returned,Medium,3993.41,VIP
749054,T-shirt,44,2023-05-26 18:00,34.41,0.04,26.69,Stationery,Online,Not Returned,High,1514.04,VIP
360637,Backpack,48,2023-05-26 20:00,48.65,0.39,27.97,Stationery,In-store,Not Returned,Low,2335.2,VIP
848112,Notebook,21,2023-05-28 02:00,97.4,0.23,14.31,Stationery,Online,Not Returned,High,2045.4,VIP
435108,Desk Lamp,45,2023-05-28 13:00,95.65,0.15,8.56,Stationery,In-store,Returned,Low,4304.25,VIP
446592,Wireless Mouse,13,2023-05-28 17:00,98.71,0.01,29.11,Stationery,In-store,Not Returned,Low,1283.23,VIP
224826,Wireless Mouse,21,2023-05-28 22:00,69.27,0.04,28.31,Stationery,In-store,Not Returned,Low,1454.6699999999998,VIP
591747,Headphones,20,2023-05-29 05:00,86.7,0.5,28.26,Stationery,In-store,Not Returned,Medium,1734.0,VIP
981563,White Mug,42,2023-05-30 00:00,71.54,0.19,8.2,Stationery,In-store,Not Returned,Low,3004.6800000000003,VIP
667670,USB Cable,17,2023-05-30 02:00,83.73,0.22,19.59,Stationery,Online,Not Returned,High,1423.41,VIP
144221,White Mug,24,2023-05-31 22:00,82.23,0.17,20.84,Stationery,In-store,Not Returned,Medium,1973.52,VIP
157782,Wall Clock,21,2023-06-01 16:00,60.16,0.04,26.58,Stationery,Online,Not Returned,Medium,1263.36,VIP
860427,Headphones,23,2023-06-02 12:00,95.58,0.44,29.96,Stationery,Online,Not Returned,Medium,2198.34,VIP
511344,T-shirt,27,2023-06-03 08:00,46.14,0.37,19.43,Stationery,In-store,Not Returned,High,1245.78,VIP
103857,Headphones,39,2023-06-03 11:00,64.54,0.02,28.36,Stationery,In-store,Not Returned,Low,2517.0600000000004,VIP
374879,Wireless Mouse,19,2023-06-03 16:00,90.67,0.18,24.15,Stationery,In-store,Not Returned,Medium,1722.73,VIP
759254,Headphones,13,2023-06-04 00:00,90.64,0.41,13.55,Stationery,In-store,Not Returned,Medium,1178.32,VIP
787668,White Mug,22,2023-06-04 12:00,70.49,0.08,11.11,Stationery,In-store,Not Returned,Low,1550.78,VIP
958886,Wireless Mouse,18,2023-06-05 02:00,81.49,0.32,14.5,Stationery,In-store,Not Returned,Low,1466.82,VIP
683439,Backpack,49,2023-06-06 15:00,64.29,0.06,16.36,Stationery,In-store,Not Returned,High,3150.2100000000005,VIP
999891,Backpack,15,2023-06-06 21:00,98.99,0.41,26.88,Stationery,Online,Not Returned,High,1484.85,VIP
157942,Wireless Mouse,35,2023-06-07 01:00,40.08,0.1,27.71,Stationery,Online,Not Returned,Low,1402.8,VIP
509189,Headphones,42,2023-06-07 07:00,80.43,0.26,9.86,Stationery,Online,Not Returned,Medium,3378.0600000000004,VIP
402079,Notebook,49,2023-06-07 15:00,99.78,0.08,10.37,Stationery,Online,Not Returned,Medium,4889.22,VIP
944785,T-shirt,33,2023-06-08 22:00,31.81,0.27,20.44,Stationery,Online,Not Returned,Medium,1049.73,VIP
810193,Notebook,34,2023-06-09 04:00,38.61,0.04,23.05,Stationery,In-store,Not Returned,Low,1312.74,VIP
380400,Blue Pen,40,2023-06-09 17:00,56.11,0.45,7.42,Stationery,Online,Not Returned,High,2244.4,VIP
271503,Wireless Mouse,47,2023-06-10 09:00,59.19,0.23,15.21,Stationery,Online,Not Returned,High,2781.93,VIP
101083,Wall Clock,36,2023-06-10 21:00,77.86,0.11,5.39,Stationery,Online,Not Returned,Low,2802.96,VIP
813136,Desk Lamp,24,2023-06-11 10:00,52.17,0.17,23.42,Stationery,In-store,Not Returned,Medium,1252.08,VIP
854056,Office Chair,46,2023-06-12 23:00,28.57,0.1,29.98,Stationery,Online,Not Returned,High,1314.22,VIP
786066,Notebook,49,2023-06-13 01:00,58.9,0.24,8.71,Stationery,In-store,Not Returned,Medium,2886.1,VIP
114987,Office Chair,34,2023-06-13 04:00,61.8,0.16,22.51,Stationery,Online,Not Returned,Medium,2101.2,VIP
112366,White Mug,27,2023-06-13 13:00,64.78,0.02,23.49,Stationery,In-store,Not Returned,Low,1749.06,VIP
615214,Office Chair,38,2023-06-13 21:00,51.9,0.43,15.44,Stationery,In-store,Not Returned,Medium,1972.2,VIP
813839,Desk Lamp,43,2023-06-14 07:00,54.05,0.14,21.23,Stationery,In-store,Not Returned,Low,2324.15,VIP
684944,Wall Clock,46,2023-06-15 21:00,62.05,0.12,15.12,Stationery,Online,Not Returned,Medium,2854.3,VIP
954399,White Mug,45,2023-06-16 09:00,63.25,0.13,28.07,Stationery,In-store,Not Returned,Medium,2846.25,VIP
425689,USB Cable,33,2023-06-17 00:00,93.11,0.06,5.92,Stationery,Online,Returned,Medium,3072.63,VIP
976836,Desk Lamp,41,2023-06-17 20:00,31.47,0.33,14.41,Stationery,Online,Not Returned,High,1290.27,VIP
820687,Wireless Mouse,15,2023-06-18 10:00,85.86,0.09,10.16,Stationery,Online,Not Returned,High,1287.9,VIP
703546,Backpack,20,2023-06-18 12:00,70.69,0.07,7.94,Stationery,Online,Not Returned,High,1413.8,VIP
754676,Notebook,41,2023-06-18 13:00,42.61,0.29,11.85,Stationery,Online,Not Returned,High,1747.01,VIP
804259,White Mug,18,2023-06-19 00:00,94.71,0.38,29.06,Stationery,In-store,Not Returned,Low,1704.78,VIP
395761,Wireless Mouse,46,2023-06-19 12:00,26.21,0.1,14.5,Stationery,Online,Not Returned,Medium,1205.66,VIP
496490,USB Cable,34,2023-06-19 19:00,41.4,0.09,26.41,Stationery,Online,Not Returned,High,1407.6,VIP
405383,Blue Pen,37,2023-06-22 00:00,27.99,0.1,16.48,Stationery,In-store,Not Returned,High,1035.63,VIP
541856,Blue Pen,15,2023-06-22 15:00,86.87,0.35,15.33,Stationery,In-store,Not Returned,Low,1303.0500000000002,VIP
604254,Notebook,49,2023-06-22 20:00,34.1,0.37,26.33,Stationery,In-store,Returned,Low,1670.9,VIP
485198,Notebook,33,2023-06-24 04:00,81.0,0.45,10.09,Stationery,Online,Not Returned,High,2673.0,VIP
985209,Desk Lamp,34,2023-06-24 06:00,38.36,0.26,11.37,Stationery,In-store,Not Returned,Low,1304.24,VIP
157477,USB Cable,47,2023-06-24 19:00,55.19,0.3,18.01,Stationery,Online,Not Returned,Low,2593.93,VIP
428520,Notebook,18,2023-06-25 04:00,64.03,0.05,16.57,Stationery,In-store,Returned,High,1152.54,VIP
463920,Office Chair,33,2023-06-25 10:00,98.89,0.41,7.32,Stationery,In-store,Returned,High,3263.37,VIP
647835,Blue Pen,32,2023-06-25 12:00,83.6,0.34,15.9,Stationery,Online,Not Returned,Low,2675.2,VIP
187942,T-shirt,38,2023-06-25 20:00,98.87,0.16,22.45,Stationery,In-store,Not Returned,High,3757.06,VIP
999997,USB Cable,28,2023-06-26 20:00,89.59,0.26,17.67,Stationery,Online,Not Returned,High,2508.52,VIP
485453,Backpack,29,2023-06-26 23:00,56.19,0.13,22.25,Stationery,In-store,Not Returned,Medium,1629.51,VIP
619892,Blue Pen,29,2023-06-27 01:00,79.02,0.16,8.61,Stationery,In-store,Not Returned,High,2291.58,VIP
964384,T-shirt,-25,2023-06-27 19:00,-70.84,1.23362791255333,,Stationery,Online,Not Returned,High,1771.0,VIP
244973,Wall Clock,33,2023-06-28 11:00,36.03,0.42,11.78,Stationery,In-store,Not Returned,Medium,1188.99,VIP
225074,Blue Pen,14,2023-06-28 18:00,86.73,0.44,25.17,Stationery,In-store,Not Returned,Low,1214.22,VIP
956702,Backpack,45,2023-06-29 06:00,81.85,0.14,20.41,Stationery,Online,Not Returned,High,3683.25,VIP
668615,USB Cable,45,2023-06-29 10:00,28.64,0.18,14.38,Stationery,In-store,Not Returned,High,1288.8,VIP
976902,Backpack,48,2023-07-01 02:00,48.83,0.16,29.97,Stationery,In-store,Not Returned,High,2343.84,VIP
991417,Wireless Mouse,17,2023-07-01 11:00,79.84,0.49,18.34,Stationery,Online,Not Returned,High,1357.28,VIP
470570,Headphones,32,2023-07-01 14:00,34.77,0.17,22.01,Stationery,In-store,Returned,High,1112.64,VIP
362865,Headphones,30,2023-07-02 01:00,44.5,0.3,25.52,Stationery,In-store,Not Returned,Medium,1335.0,VIP
545185,Wireless Mouse,35,2023-07-02 03:00,52.64,0.09,10.97,Stationery,In-store,Not Returned,High,1842.4,VIP
539991,Headphones,40,2023-07-02 06:00,39.05,0.33,29.05,Stationery,Online,Not Returned,High,1562.0,VIP
251944,Backpack,35,2023-07-02 11:00,67.68,0.13,6.87,Stationery,Online,Not Returned,Low,2368.8,VIP
748207,T-shirt,31,2023-07-02 14:00,79.57,0.1,17.96,Stationery,In-store,Not Returned,Medium,2466.67,VIP
448112,White Mug,19,2023-07-02 15:00,55.99,0.48,28.19,Stationery,In-store,Not Returned,Low,1063.81,VIP
785791,White Mug,46,2023-07-03 08:00,52.98,0.42,13.53,Stationery,In-store,Returned,High,2437.08,VIP
220354,Wall Clock,28,2023-07-03 20:00,53.24,0.29,23.81,Stationery,Online,Returned,High,1490.72,VIP
361372,Blue Pen,44,2023-07-04 09:00,31.63,0.31,28.75,Stationery,In-store,Not Returned,Medium,1391.72,VIP
175614,Backpack,48,2023-07-04 18:00,98.75,0.03,14.67,Stationery,Online,Not Returned,Low,4740.0,VIP
299387,Wall Clock,46,2023-07-05 04:00,95.4,0.03,14.47,Stationery,Online,Not Returned,Medium,4388.400000000001,VIP
294549,Notebook,37,2023-07-06 06:00,53.16,0.31,17.72,Stationery,In-store,Returned,Low,1966.92,VIP
381781,USB Cable,31,2023-07-06 10:00,88.69,0.03,19.95,Stationery,In-store,Not Returned,High,2749.39,VIP
165355,Backpack,42,2023-07-07 02:00,82.79,0.04,27.31,Stationery,In-store,Not Returned,High,3477.1800000000003,VIP
817479,Backpack,35,2023-07-07 03:00,87.12,0.48,12.82,Stationery,In-store,Not Returned,High,3049.2000000000003,VIP
582312,Office Chair,22,2023-07-07 04:00,88.84,0.36,12.34,Stationery,In-store,Not Returned,High,1954.48,VIP
367766,T-shirt,37,2023-07-07 21:00,95.81,0.24,25.67,Stationery,Online,Not Returned,Low,3544.9700000000003,VIP
289065,Backpack,29,2023-07-08 05:00,70.72,0.13,29.69,Stationery,In-store,Not Returned,High,2050.88,VIP
384009,Blue Pen,31,2023-07-08 07:00,72.47,0.24,29.05,Stationery,Online,Not Returned,High,2246.57,VIP
782226,USB Cable,33,2023-07-08 13:00,79.31,0.49,12.51,Stationery,Online,Not Returned,Medium,2617.23,VIP
125775,Headphones,40,2023-07-08 15:00,34.38,0.31,29.61,Stationery,In-store,Returned,Medium,1375.2,VIP
446819,Blue Pen,13,2023-07-09 05:00,89.01,0.4,12.75,Stationery,Online,Not Returned,High,1157.13,VIP
902689,Desk Lamp,17,2023-07-10 06:00,84.98,0.18,27.84,Stationery,In-store,Not Returned,Low,1444.66,VIP
455694,USB Cable,30,2023-07-10 11:00,43.76,0.44,15.13,Stationery,In-store,Not Returned,High,1312.8,VIP
659107,Wireless Mouse,36,2023-07-10 18:00,60.96,0.11,17.39,Stationery,Online,Not Returned,High,2194.56,VIP
946811,USB Cable,28,2023-07-11 00:00,61.53,0.11,10.23,Stationery,In-store,Not Returned,High,1722.84,VIP
982894,Notebook,23,2023-07-11 06:00,91.18,0.38,10.6,Stationery,In-store,Not Returned,Medium,2097.1400000000003,VIP
175927,Wireless Mouse,17,2023-07-11 21:00,71.53,0.13,5.83,Stationery,In-store,Returned,Medium,1216.01,VIP
651834,White Mug,33,2023-07-12 06:00,51.77,0.47,18.41,Stationery,In-store,Not Returned,Low,1708.41,VIP
948928,Office Chair,35,2023-07-12 10:00,91.91,0.23,5.1,Stationery,In-store,Not Returned,Low,3216.85,VIP
650008,Desk Lamp,48,2023-07-12 14:00,61.64,0.31,24.03,Stationery,Online,Returned,Medium,2958.7200000000003,VIP
167082,T-shirt,16,2023-07-12 17:00,91.89,0.27,18.66,Stationery,Online,Not Returned,Low,1470.24,VIP
388708,Wall Clock,27,2023-07-13 19:00,83.62,0.46,16.92,Stationery,Online,Not Returned,High,2257.74,VIP
128941,T-shirt,19,2023-07-13 23:00,79.62,0.28,10.04,Stationery,Online,Not Returned,Medium,1512.7800000000002,VIP
682708,White Mug,28,2023-07-14 04:00,84.95,0.5,25.15,Stationery,In-store,Not Returned,Low,2378.6,VIP
505770,Wall Clock,34,2023-07-14 14:00,72.08,0.33,25.68,Stationery,Online,Not Returned,High,2450.72,VIP
726618,T-shirt,30,2023-07-14 17:00,84.62,0.49,6.25,Stationery,In-store,Not Returned,Medium,2538.6000000000004,VIP
423420,USB Cable,46,2023-07-14 23:00,22.49,0.02,11.12,Stationery,Online,Not Returned,Medium,1034.54,VIP
771577,Office Chair,48,2023-07-15 04:00,23.9,0.49,20.67,Stationery,Online,Not Returned,Medium,1147.1999999999998,VIP
882842,Desk Lamp,38,2023-07-15 07:00,97.78,0.2,9.98,Stationery,In-store,Not Returned,Low,3715.64,VIP
341209,Headphones,17,2023-07-16 06:00,87.28,0.32,19.39,Stationery,In-store,Returned,Low,1483.76,VIP
291506,USB Cable,31,2023-07-16 08:00,98.77,0.49,25.29,Stationery,In-store,Not Returned,Low,3061.87,VIP
397555,T-shirt,18,2023-07-16 17:00,98.48,0.06,29.9,Stationery,In-store,Not Returned,High,1772.64,VIP
899170,USB Cable,31,2023-07-17 09:00,36.2,0.28,13.56,Stationery,Online,Not Returned,Low,1122.2,VIP
902204,Blue Pen,-34,2023-07-17 11:00,-78.71,1.5899154656927608,,Stationery,Online,Not Returned,Low,2676.14,VIP
872528,Notebook,36,2023-07-17 14:00,93.04,0.34,28.27,Stationery,In-store,Not Returned,Low,3349.44,VIP
753077,Backpack,36,2023-07-18 04:00,63.7,0.15,6.27,Stationery,Online,Not Returned,Low,2293.2000000000003,VIP
877939,Desk Lamp,26,2023-07-18 06:00,50.66,0.48,7.1,Stationery,In-store,Not Returned,High,1317.16,VIP
776196,White Mug,40,2023-07-20 03:00,36.37,0.33,14.61,Stationery,Online,Not Returned,Medium,1454.8,VIP
252721,Wall Clock,17,2023-07-20 15:00,59.73,0.14,25.34,Stationery,Online,Not Returned,Medium,1015.41,VIP
254898,Office Chair,18,2023-07-20 22:00,84.64,0.08,11.37,Stationery,In-store,Not Returned,Medium,1523.52,VIP
525569,Office Chair,46,2023-07-21 04:00,38.42,0.47,17.7,Stationery,In-store,Not Returned,Medium,1767.3200000000002,VIP
357583,USB Cable,23,2023-07-21 07:00,52.9,0.08,15.73,Stationery,Online,Not Returned,High,1216.7,VIP
899848,Headphones,33,2023-07-21 18:00,55.34,0.49,7.75,Stationery,Online,Not Returned,Low,1826.22,VIP
477181,Notebook,30,2023-07-21 20:00,62.38,0.28,15.33,Stationery,Online,Not Returned,Medium,1871.4,VIP
111227,White Mug,24,2023-07-22 05:00,58.56,0.46,6.67,Stationery,In-store,Not Returned,High,1405.44,VIP
139587,Office Chair,28,2023-07-22 06:00,60.45,0.49,17.62,Stationery,Online,Not Returned,High,1692.6,VIP
748226,Desk Lamp,-44,2023-07-22 16:00,-54.28,0.25,,Stationery,Online,Not Returned,Medium,2388.32,VIP
943732,USB Cable,-27,2023-07-22 20:00,-69.7,1.2701145055233936,,Stationery,In-store,Not Returned,Low,1881.9,VIP
821580,Notebook,45,2023-07-23 12:00,53.41,0.44,7.2,Stationery,Online,Returned,Medium,2403.45,VIP
229079,Wireless Mouse,17,2023-07-23 15:00,89.19,0.12,29.78,Stationery,In-store,Not Returned,High,1516.23,VIP
174548,Desk Lamp,17,2023-07-24 08:00,85.89,0.12,23.18,Stationery,In-store,Not Returned,High,1460.13,VIP
136326,USB Cable,40,2023-07-25 19:00,95.53,0.11,25.57,Stationery,In-store,Not Returned,High,3821.2,VIP
955150,T-shirt,49,2023-07-26 06:00,27.62,0.17,17.12,Stationery,Online,Not Returned,High,1353.38,VIP
545990,Blue Pen,16,2023-07-26 14:00,75.23,0.47,11.46,Stationery,In-store,Not Returned,High,1203.68,VIP
498009,Office Chair,40,2023-07-26 18:00,31.3,0.38,18.62,Stationery,Online,Not Returned,Low,1252.0,VIP
769842,Backpack,15,2023-07-27 09:00,73.25,0.34,15.06,Stationery,In-store,Not Returned,High,1098.75,VIP
616952,Wireless Mouse,46,2023-07-27 19:00,27.04,0.23,17.66,Stationery,Online,Not Returned,Medium,1243.84,VIP
384380,Wall Clock,21,2023-07-28 00:00,56.21,0.11,12.23,Stationery,In-store,Not Returned,High,1180.41,VIP
165364,White Mug,49,2023-07-28 19:00,44.62,0.2,26.03,Stationery,Online,Not Returned,Low,2186.38,VIP
506373,Wall Clock,25,2023-07-28 20:00,94.25,0.44,28.76,Stationery,Online,Not Returned,Low,2356.25,VIP
865176,Office Chair,42,2023-07-29 02:00,90.48,0.43,11.45,Stationery,In-store,Not Returned,Low,3800.16,VIP
304950,White Mug,26,2023-07-29 22:00,80.83,0.43,23.43,Stationery,In-store,Not Returned,Low,2101.58,VIP
110300,Backpack,18,2023-07-30 02:00,58.65,0.41,15.7,Stationery,In-store,Not Returned,High,1055.7,VIP
920995,Desk Lamp,13,2023-07-30 04:00,95.11,0.1,19.25,Stationery,In-store,Not Returned,Medium,1236.43,VIP
783450,Wall Clock,28,2023-07-30 09:00,50.8,0.3,28.15,Stationery,In-store,Not Returned,Low,1422.4,VIP
761574,Headphones,49,2023-07-30 13:00,84.54,0.41,28.99,Stationery,In-store,Not Returned,Medium,4142.46,VIP
288812,Office Chair,27,2023-07-30 14:00,54.78,0.14,9.9,Stationery,In-store,Not Returned,High,1479.06,VIP
642898,Office Chair,40,2023-07-30 18:00,89.88,0.33,6.47,Stationery,In-store,Not Returned,Medium,3595.2,VIP
159633,T-shirt,42,2023-07-31 09:00,63.61,0.46,20.08,Stationery,Online,Not Returned,High,2671.62,VIP
966236,Blue Pen,18,2023-07-31 11:00,71.61,0.25,7.53,Stationery,In-store,Not Returned,Low,1288.98,VIP
813962,Wall Clock,38,2023-07-31 15:00,67.13,0.18,28.49,Stationery,Online,Not Returned,Medium,2550.94,VIP
504243,Wall Clock,31,2023-08-01 04:00,49.51,0.08,6.8,Stationery,Online,Not Returned,Medium,1534.81,VIP
437774,Wall Clock,25,2023-08-01 06:00,47.49,0.35,18.05,Stationery,In-store,Not Returned,Low,1187.25,VIP
767527,Backpack,34,2023-08-01 08:00,58.39,0.09,25.87,Stationery,In-store,Not Returned,Medium,1985.26,VIP
233154,Blue Pen,16,2023-08-02 12:00,79.53,0.33,21.92,Stationery,In-store,Not Returned,High,1272.48,VIP
853924,Notebook,17,2023-08-02 19:00,69.81,0.23,18.31,Stationery,Online,Not Returned,Medium,1186.77,VIP
814758,Notebook,29,2023-08-03 05:00,41.55,0.27,12.25,Stationery,Online,Not Returned,High,1204.9499999999998,VIP
746640,Headphones,-48,2023-08-03 06:00,-28.1,1.160256831278115,,Stationery,In-store,Not Returned,Medium,1348.8000000000002,VIP
745111,White Mug,19,2023-08-03 13:00,55.24,0.02,25.21,Stationery,Online,Not Returned,High,1049.56,VIP
220469,Headphones,24,2023-08-03 15:00,44.79,0.27,12.16,Stationery,In-store,Not Returned,Medium,1074.96,VIP
433018,T-shirt,37,2023-08-03 18:00,39.89,0.39,9.69,Stationery,Online,Returned,Low,1475.93,VIP
173836,Wireless Mouse,15,2023-08-03 20:00,96.23,0.44,17.09,Stationery,In-store,Not Returned,Low,1443.45,VIP
213398,White Mug,23,2023-08-04 05:00,82.04,0.31,26.97,Stationery,In-store,Not Returned,High,1886.92,VIP
538598,T-shirt,24,2023-08-04 07:00,77.83,0.06,5.74,Stationery,In-store,Not Returned,Medium,1867.92,VIP
369156,USB Cable,48,2023-08-05 02:00,73.61,0.49,19.75,Stationery,In-store,Not Returned,Low,3533.28,VIP
246284,Blue Pen,23,2023-08-05 04:00,54.6,0.04,14.62,Stationery,In-store,Returned,Medium,1255.8,VIP
251265,Headphones,24,2023-08-05 13:00,53.78,0.27,15.27,Stationery,Online,Returned,High,1290.72,VIP
298739,Backpack,48,2023-08-05 14:00,70.0,0.41,25.49,Stationery,Online,Not Returned,Low,3360.0,VIP
580575,Blue Pen,20,2023-08-05 18:00,84.74,0.02,27.77,Stationery,Online,Not Returned,High,1694.8,VIP
234288,Headphones,16,2023-08-06 00:00,76.53,0.18,13.34,Stationery,In-store,Not Returned,High,1224.48,VIP
441030,Headphones,33,2023-08-06 05:00,53.9,0.19,8.58,Stationery,Online,Not Returned,Low,1778.7,VIP
521788,Office Chair,45,2023-08-06 10:00,61.85,0.42,6.27,Stationery,Online,Not Returned,High,2783.25,VIP
676335,Headphones,34,2023-08-06 14:00,35.8,0.05,14.32,Stationery,In-store,Not Returned,Medium,1217.1999999999998,VIP
661557,Desk Lamp,28,2023-08-07 04:00,98.84,0.34,27.26,Stationery,In-store,Not Returned,Medium,2767.52,VIP
167958,Office Chair,43,2023-08-10 00:00,69.61,0.12,28.37,Stationery,Online,Not Returned,Low,2993.23,VIP
652303,Desk Lamp,24,2023-08-10 07:00,47.63,0.03,9.23,Stationery,Online,Not Returned,Medium,1143.12,VIP
411721,Office Chair,23,2023-08-10 15:00,82.32,0.01,11.19,Stationery,Online,Not Returned,Medium,1893.36,VIP
586796,USB Cable,26,2023-08-11 06:00,84.65,0.26,14.81,Stationery,In-store,Not Returned,Low,2200.9,VIP
652587,Headphones,26,2023-08-12 02:00,94.8,0.42,8.68,Stationery,Online,Not Returned,Medium,2464.8,VIP
346935,Wireless Mouse,43,2023-08-12 10:00,25.38,0.45,12.75,Stationery,In-store,Returned,High,1091.34,VIP
126209,Notebook,16,2023-08-13 01:00,72.88,0.42,9.47,Stationery,Online,Not Returned,Medium,1166.08,VIP
704288,Desk Lamp,41,2023-08-13 11:00,46.41,0.5,25.62,Stationery,Online,Not Returned,Low,1902.81,VIP
761818,Desk Lamp,16,2023-08-13 14:00,63.09,0.11,6.72,Stationery,Online,Not Returned,Low,1009.44,VIP
333542,Headphones,34,2023-08-13 17:00,58.45,0.24,25.81,Stationery,Online,Not Returned,Medium,1987.3,VIP
434168,White Mug,28,2023-08-13 18:00,76.15,0.31,15.64,Stationery,Online,Returned,Medium,2132.2000000000003,VIP
190254,Backpack,32,2023-08-14 02:00,96.77,0.38,16.41,Stationery,Online,Not Returned,High,3096.64,VIP
824331,Notebook,18,2023-08-14 13:00,69.5,0.06,7.98,Stationery,In-store,Not Returned,Medium,1251.0,VIP
169468,Wireless Mouse,28,2023-08-15 08:00,53.34,0.27,13.06,Stationery,Online,Not Returned,Low,1493.52,VIP
650343,Wall Clock,46,2023-08-15 09:00,83.13,0.14,22.52,Stationery,Online,Returned,High,3823.98,VIP
269640,Blue Pen,42,2023-08-15 16:00,96.08,0.36,26.18,Stationery,Online,Not Returned,High,4035.36,VIP
444568,Wireless Mouse,38,2023-08-16 03:00,67.36,0.07,12.28,Stationery,Online,Not Returned,High,2559.68,VIP
920959,Backpack,13,2023-08-16 06:00,91.95,0.04,24.65,Stationery,In-store,Not Returned,High,1195.35,VIP
599663,Office Chair,48,2023-08-17 21:00,73.23,0.3,19.69,Stationery,In-store,Not Returned,Medium,3515.04,VIP
454832,Blue Pen,13,2023-08-18 07:00,79.49,0.08,6.07,Stationery,Online,Not Returned,Low,1033.37,VIP
386736,T-shirt,29,2023-08-18 19:00,60.38,0.43,20.85,Stationery,Online,Not Returned,Medium,1751.02,VIP
732381,Blue Pen,46,2023-08-18 20:00,71.39,0.19,27.11,Stationery,In-store,Not Returned,High,3283.94,VIP
380787,Blue Pen,20,2023-08-19 01:00,87.93,0.17,8.52,Stationery,Online,Not Returned,High,1758.6,VIP
331626,USB Cable,38,2023-08-19 02:00,29.19,0.18,11.24,Stationery,Online,Not Returned,Medium,1109.22,VIP
736045,White Mug,30,2023-08-20 02:00,54.56,0.44,8.73,Stationery,Online,Returned,High,1636.8000000000002,VIP
754258,T-shirt,23,2023-08-20 12:00,81.32,0.46,23.15,Stationery,In-store,Not Returned,Low,1870.36,VIP
877671,Desk Lamp,-25,2023-08-20 15:00,-52.28,1.047363354460901,,Stationery,Online,Not Returned,High,1307.0,VIP
906135,Desk Lamp,30,2023-08-20 16:00,66.64,0.12,28.9,Stationery,Online,Not Returned,High,1999.2,VIP
785025,White Mug,40,2023-08-21 02:00,67.96,0.44,19.98,Stationery,In-store,Not Returned,Medium,2718.4,VIP
562745,White Mug,41,2023-08-21 11:00,52.91,0.35,13.08,Stationery,Online,Not Returned,High,2169.31,VIP
680483,Wall Clock,49,2023-08-22 18:00,23.24,0.44,28.31,Stationery,Online,Not Returned,Medium,1138.76,VIP
464385,USB Cable,-22,2023-08-22 21:00,-47.35,0.22,,Stationery,In-store,Not Returned,Low,1041.7,VIP
411509,Notebook,43,2023-08-23 07:00,34.87,0.13,18.25,Stationery,In-store,Not Returned,High,1499.41,VIP
426264,Notebook,26,2023-08-23 13:00,94.21,0.07,20.5,Stationery,Online,Not Returned,High,2449.46,VIP
676035,Notebook,43,2023-08-23 21:00,57.43,0.48,19.18,Stationery,In-store,Not Returned,Medium,2469.49,VIP
769419,USB Cable,48,2023-08-24 10:00,29.68,0.37,22.05,Stationery,Online,Not Returned,High,1424.64,VIP
740143,Wall Clock,30,2023-08-24 12:00,41.53,0.49,16.21,Stationery,Online,Not Returned,Low,1245.9,VIP
993126,Headphones,17,2023-08-24 14:00,77.52,0.07,7.48,Stationery,In-store,Not Returned,Medium,1317.84,VIP
166038,Wall Clock,39,2023-08-25 01:00,62.13,0.27,16.61,Stationery,Online,Not Returned,High,2423.07,VIP
505972,Notebook,43,2023-08-25 02:00,69.33,0.13,13.69,Stationery,Online,Not Returned,High,2981.19,VIP
607661,Notebook,44,2023-08-25 05:00,92.48,0.28,16.0,Stationery,In-store,Not Returned,High,4069.12,VIP
730340,White Mug,24,2023-08-25 11:00,70.29,0.16,29.55,Stationery,In-store,Not Returned,Low,1686.96,VIP
446872,Blue Pen,32,2023-08-26 21:00,74.29,0.04,23.65,Stationery,Online,Not Returned,Medium,2377.28,VIP
560957,T-shirt,41,2023-08-27 10:00,32.04,0.04,26.78,Stationery,Online,Not Returned,Low,1313.64,VIP
479949,White Mug,42,2023-08-28 00:00,71.63,0.23,26.88,Stationery,In-store,Not Returned,Low,3008.46,VIP
702531,USB Cable,34,2023-08-28 05:00,87.92,0.38,28.83,Stationery,In-store,Not Returned,High,2989.28,VIP
572999,Wireless Mouse,38,2023-08-28 08:00,72.76,0.47,18.72,Stationery,In-store,Not Returned,Medium,2764.88,VIP
511193,Wall Clock,24,2023-08-29 10:00,69.44,0.34,27.67,Stationery,In-store,Not Returned,Medium,1666.56,VIP
247712,Wall Clock,23,2023-08-29 16:00,88.84,0.08,13.52,Stationery,In-store,Returned,High,2043.32,VIP
129553,White Mug,24,2023-08-30 00:00,94.59,0.41,22.24,Stationery,In-store,Not Returned,High,2270.16,VIP
335328,Wall Clock,29,2023-08-30 21:00,64.19,0.15,27.48,Stationery,Online,Not Returned,Medium,1861.51,VIP
623548,Notebook,32,2023-08-31 01:00,60.33,0.3,28.35,Stationery,In-store,Not Returned,Low,1930.56,VIP
371686,Headphones,17,2023-08-31 18:00,86.43,0.09,15.65,Stationery,Online,Not Returned,Low,1469.3100000000002,VIP
719840,Wall Clock,42,2023-09-01 05:00,52.32,0.43,26.17,Stationery,Online,Not Returned,Low,2197.44,VIP
907093,Wireless Mouse,23,2023-09-01 22:00,48.02,0.24,6.03,Stationery,Online,Not Returned,Medium,1104.46,VIP
476304,White Mug,33,2023-09-02 06:00,39.05,0.33,7.59,Stationery,Online,Not Returned,High,1288.65,VIP
634214,Wireless Mouse,12,2023-09-02 15:00,87.67,0.17,17.4,Stationery,Online,Not Returned,Low,1052.04,VIP
947923,Desk Lamp,40,2023-09-03 17:00,86.61,0.13,11.73,Stationery,Online,Not Returned,Low,3464.4,VIP
757782,White Mug,25,2023-09-04 03:00,96.83,0.35,16.98,Stationery,In-store,Not Returned,High,2420.75,VIP
416695,Office Chair,19,2023-09-04 22:00,81.28,0.34,11.36,Stationery,In-store,Not Returned,Low,1544.32,VIP
831951,USB Cable,-36,2023-09-05 16:00,-93.05,0.15,,Stationery,Online,Not Returned,Medium,3349.8,VIP
543838,Backpack,11,2023-09-06 23:00,92.89,0.34,6.94,Stationery,In-store,Not Returned,High,1021.79,VIP
270954,Wall Clock,48,2023-09-07 07:00,30.84,0.24,11.32,Stationery,In-store,Not Returned,High,1480.32,VIP
452160,Wireless Mouse,20,2023-09-07 14:00,69.67,0.4,12.8,Stationery,In-store,Not Returned,Low,1393.4,VIP
454449,White Mug,44,2023-09-08 05:00,68.06,0.3,5.68,Stationery,In-store,Not Returned,High,2994.6400000000003,VIP
258456,Notebook,38,2023-09-08 06:00,77.93,0.31,6.69,Stationery,Online,Not Returned,High,2961.34,VIP
315754,Desk Lamp,28,2023-09-08 16:00,90.93,0.47,22.56,Stationery,Online,Not Returned,High,2546.04,VIP
584260,Office Chair,23,2023-09-09 01:00,75.44,0.26,25.65,Stationery,Online,Not Returned,Medium,1735.12,VIP
147611,Headphones,27,2023-09-09 15:00,62.21,0.09,29.63,Stationery,Online,Not Returned,High,1679.67,VIP
931872,Wall Clock,28,2023-09-09 20:00,48.18,0.11,28.73,Stationery,Online,Returned,Low,1349.04,VIP
314463,Backpack,30,2023-09-09 22:00,56.31,0.28,16.41,Stationery,Online,Not Returned,Medium,1689.3000000000002,VIP
445961,Notebook,37,2023-09-10 09:00,58.74,0.24,17.86,Stationery,Online,Not Returned,High,2173.38,VIP
319526,USB Cable,42,2023-09-11 02:00,68.97,0.03,6.4,Stationery,Online,Not Returned,Low,2896.74,VIP
690633,Wireless Mouse,37,2023-09-12 00:00,66.92,0.49,17.73,Stationery,Online,Not Returned,Medium,2476.04,VIP
573789,T-shirt,42,2023-09-12 15:00,28.77,0.29,26.04,Stationery,In-store,Not Returned,High,1208.34,VIP
114017,Wall Clock,36,2023-09-12 17:00,73.4,0.04,23.8,Stationery,In-store,Not Returned,Low,2642.4,VIP
182151,USB Cable,30,2023-09-13 04:00,54.85,0.19,7.9,Stationery,Online,Not Returned,Medium,1645.5,VIP
423054,Backpack,25,2023-09-13 14:00,63.32,0.06,6.29,Stationery,In-store,Not Returned,Medium,1583.0,VIP
929017,White Mug,27,2023-09-14 21:00,56.43,0.26,26.67,Stationery,Online,Not Returned,Medium,1523.61,VIP
112521,Backpack,24,2023-09-15 01:00,57.29,0.03,27.8,Stationery,In-store,Not Returned,Low,1374.96,VIP
457819,Wireless Mouse,44,2023-09-15 10:00,89.72,0.23,24.8,Stationery,Online,Not Returned,Medium,3947.68,VIP
493166,Blue Pen,45,2023-09-16 00:00,79.85,0.0,24.96,Stationery,In-store,Not Returned,Medium,3593.2499999999995,VIP
854880,USB Cable,38,2023-09-16 10:00,59.92,0.4,6.9,Stationery,Online,Returned,High,2276.96,VIP
680333,Blue Pen,38,2023-09-16 13:00,34.47,0.24,9.22,Stationery,In-store,Not Returned,Medium,1309.86,VIP
108434,Wall Clock,49,2023-09-16 22:00,37.31,0.45,9.58,Stationery,In-store,Not Returned,Medium,1828.19,VIP
145485,Headphones,-16,2023-09-17 05:00,-70.8,1.1781638525523077,,Stationery,In-store,Not Returned,High,1132.8,VIP
722604,USB Cable,41,2023-09-17 08:00,47.36,0.09,26.6,Stationery,Online,Not Returned,Low,1941.76,VIP
172928,USB Cable,43,2023-09-17 10:00,61.49,0.42,11.72,Stationery,In-store,Returned,Medium,2644.07,VIP
636054,USB Cable,27,2023-09-17 16:00,95.48,0.14,25.22,Stationery,In-store,Not Returned,Medium,2577.96,VIP
659347,Blue Pen,43,2023-09-18 05:00,69.17,0.08,14.08,Stationery,In-store,Not Returned,Low,2974.31,VIP
235938,Backpack,25,2023-09-18 07:00,79.18,0.19,8.06,Stationery,In-store,Not Returned,High,1979.5,VIP
974805,T-shirt,42,2023-09-18 12:00,94.46,0.36,25.13,Stationery,Online,Not Returned,Low,3967.32,VIP
719657,Notebook,15,2023-09-19 04:00,92.51,0.37,28.19,Stationery,In-store,Not Returned,High,1387.65,VIP
989109,Notebook,34,2023-09-19 11:00,68.82,0.46,11.91,Stationery,In-store,Not Returned,High,2339.88,VIP
684791,Wireless Mouse,25,2023-09-19 23:00,87.14,0.08,16.3,Stationery,In-store,Not Returned,High,2178.5,VIP
629809,Office Chair,46,2023-09-21 04:00,46.56,0.5,8.45,Stationery,Online,Not Returned,Medium,2141.76,VIP
899323,White Mug,43,2023-09-21 05:00,85.99,0.31,8.82,Stationery,In-store,Not Returned,Low,3697.57,VIP
400196,Headphones,28,2023-09-22 04:00,90.58,0.1,25.21,Stationery,In-store,Not Returned,Low,2536.24,VIP
933211,Notebook,35,2023-09-23 12:00,87.37,0.36,23.95,Stationery,In-store,Not Returned,High,3057.9500000000003,VIP
628425,Desk Lamp,32,2023-09-24 14:00,94.54,0.01,19.24,Stationery,In-store,Not Returned,Medium,3025.28,VIP
278124,Headphones,25,2023-09-25 09:00,82.56,0.29,24.15,Stationery,In-store,Not Returned,High,2064.0,VIP
366027,T-shirt,36,2023-09-25 14:00,53.66,0.29,29.95,Stationery,In-store,Not Returned,Medium,1931.76,VIP
350736,USB Cable,47,2023-09-26 05:00,94.95,0.26,11.25,Stationery,In-store,Not Returned,High,4462.650000000001,VIP
894370,Office Chair,19,2023-09-27 03:00,59.93,0.07,18.19,Stationery,Online,Not Returned,Low,1138.67,VIP
459348,Blue Pen,43,2023-09-27 13:00,68.22,0.05,8.6,Stationery,Online,Not Returned,Low,2933.46,VIP
907919,Headphones,40,2023-09-27 14:00,83.43,0.42,5.59,Stationery,Online,Not Returned,Low,3337.2000000000003,VIP
284391,T-shirt,12,2023-09-27 15:00,96.09,0.4,28.55,Stationery,In-store,Not Returned,Low,1153.08,VIP
811658,Wireless Mouse,26,2023-09-27 20:00,55.84,0.23,11.98,Stationery,Online,Not Returned,High,1451.84,VIP
240642,Office Chair,32,2023-09-28 02:00,72.35,0.19,9.96,Stationery,In-store,Not Returned,High,2315.2,VIP
179449,White Mug,41,2023-09-29 03:00,40.88,0.42,12.49,Stationery,In-store,Not Returned,High,1676.0800000000002,VIP
733194,USB Cable,20,2023-09-29 14:00,63.92,0.39,22.53,Stationery,Online,Not Returned,High,1278.4,VIP
437621,Desk Lamp,30,2023-09-30 13:00,60.29,0.35,29.26,Stationery,In-store,Not Returned,Low,1808.7,VIP
349126,USB Cable,37,2023-09-30 22:00,40.7,0.34,24.35,Stationery,In-store,Not Returned,High,1505.9,VIP
291745,Desk Lamp,28,2023-10-01 03:00,82.96,0.5,14.12,Stationery,In-store,Not Returned,High,2322.88,VIP
132835,Desk Lamp,30,2023-10-01 21:00,90.76,0.31,7.05,Stationery,In-store,Not Returned,High,2722.8,VIP
784905,Backpack,35,2023-10-02 00:00,41.7,0.19,23.26,Stationery,In-store,Not Returned,Low,1459.5,VIP
567046,Wireless Mouse,36,2023-10-03 00:00,93.01,0.26,20.34,Stationery,In-store,Not Returned,Low,3348.36,VIP
213056,White Mug,46,2023-10-03 02:00,92.84,0.09,23.74,Stationery,Online,Not Returned,Low,4270.64,VIP
377619,White Mug,20,2023-10-03 03:00,72.75,0.27,18.85,Stationery,In-store,Returned,Medium,1455.0,VIP
223836,Wireless Mouse,28,2023-10-03 07:00,68.38,0.13,8.17,Stationery,In-store,Not Returned,High,1914.64,VIP
687848,Wireless Mouse,27,2023-10-04 04:00,83.27,0.47,27.14,Stationery,Online,Not Returned,Medium,2248.29,VIP
713898,Backpack,33,2023-10-04 06:00,86.25,0.25,27.53,Stationery,In-store,Not Returned,Medium,2846.25,VIP
783570,USB Cable,19,2023-10-04 12:00,94.95,0.18,5.81,Stationery,In-store,Not Returned,High,1804.05,VIP
244210,Wireless Mouse,33,2023-10-06 12:00,84.34,0.27,10.97,Stationery,In-store,Not Returned,High,2783.2200000000003,VIP
648774,Backpack,27,2023-10-06 20:00,72.74,0.2,13.26,Stationery,Online,Returned,High,1963.98,VIP
631878,USB Cable,16,2023-10-07 16:00,85.07,0.07,14.41,Stationery,In-store,Not Returned,High,1361.12,VIP
505350,White Mug,16,2023-10-07 18:00,78.12,0.34,29.78,Stationery,In-store,Not Returned,Medium,1249.92,VIP
179837,USB Cable,48,2023-10-07 22:00,79.87,0.42,24.41,Stationery,Online,Not Returned,Low,3833.76,VIP
890404,Notebook,43,2023-10-08 08:00,77.56,0.24,15.08,Stationery,Online,Not Returned,Low,3335.08,VIP
348271,Headphones,14,2023-10-08 20:00,84.05,0.11,16.86,Stationery,Online,Not Returned,High,1176.7,VIP
105720,Wall Clock,31,2023-10-08 21:00,75.6,0.41,23.52,Stationery,In-store,Not Returned,High,2343.6,VIP
945547,Wall Clock,26,2023-10-08 22:00,84.1,0.03,18.81,Stationery,In-store,Not Returned,Low,2186.6,VIP
762331,Wall Clock,21,2023-10-09 10:00,74.54,0.31,27.67,Stationery,In-store,Not Returned,Low,1565.34,VIP
755291,Backpack,24,2023-10-09 14:00,88.37,0.43,5.81,Stationery,Online,Not Returned,High,2120.88,VIP
228491,Desk Lamp,31,2023-10-09 20:00,44.12,0.5,25.56,Stationery,Online,Not Returned,Medium,1367.72,VIP
394534,Backpack,29,2023-10-10 06:00,57.7,0.16,13.07,Stationery,Online,Not Returned,High,1673.3000000000002,VIP
208712,Blue Pen,31,2023-10-10 08:00,60.68,0.24,24.55,Stationery,Online,Not Returned,Medium,1881.08,VIP
853467,Wireless Mouse,47,2023-10-10 21:00,76.08,0.15,6.96,Stationery,Online,Not Returned,High,3575.76,VIP
980658,Office Chair,48,2023-10-11 18:00,78.68,0.07,9.54,Stationery,In-store,Returned,High,3776.64,VIP
798735,Headphones,42,2023-10-11 21:00,64.47,0.13,11.42,Stationery,In-store,Not Returned,Medium,2707.74,VIP
834031,T-shirt,25,2023-10-12 06:00,72.59,0.13,18.21,Stationery,In-store,Not Returned,High,1814.75,VIP
736190,Office Chair,19,2023-10-12 13:00,68.95,0.11,18.44,Stationery,In-store,Not Returned,High,1310.05,VIP
782501,Headphones,22,2023-10-12 16:00,67.46,0.04,16.32,Stationery,Online,Not Returned,Medium,1484.12,VIP
196538,Headphones,45,2023-10-13 06:00,66.32,0.34,23.57,Stationery,Online,Not Returned,High,2984.4,VIP
835580,Headphones,35,2023-10-13 10:00,44.14,0.33,10.54,Stationery,Online,Not Returned,High,1544.9,VIP
824918,USB Cable,47,2023-10-13 18:00,34.48,0.47,13.73,Stationery,Online,Not Returned,High,1620.56,VIP
848041,Headphones,25,2023-10-13 22:00,49.77,0.16,11.11,Stationery,Online,Not Returned,High,1244.25,VIP
247863,Backpack,33,2023-10-15 02:00,95.44,0.32,11.01,Stationery,In-store,Returned,Low,3149.52,VIP
344985,Notebook,31,2023-10-15 08:00,37.54,0.34,21.58,Stationery,Online,Not Returned,Medium,1163.74,VIP
673933,White Mug,31,2023-10-15 13:00,45.54,0.33,27.82,Stationery,Online,Not Returned,Medium,1411.74,VIP
492435,Desk Lamp,40,2023-10-15 14:00,34.04,0.22,25.42,Stationery,Online,Not Returned,Medium,1361.6,VIP
867859,T-shirt,38,2023-10-16 09:00,28.59,0.44,25.65,Stationery,Online,Not Returned,High,1086.42,VIP
451590,Desk Lamp,42,2023-10-16 14:00,83.12,0.14,11.77,Stationery,In-store,Returned,High,3491.04,VIP
736901,T-shirt,45,2023-10-16 15:00,31.32,0.27,6.09,Stationery,Online,Not Returned,Medium,1409.4,VIP
581156,Notebook,48,2023-10-16 16:00,57.27,0.13,13.71,Stationery,In-store,Returned,High,2748.96,VIP
269271,Notebook,35,2023-10-17 09:00,63.88,0.14,23.43,Stationery,In-store,Not Returned,Low,2235.8,VIP
846204,Desk Lamp,41,2023-10-18 09:00,80.87,0.41,17.71,Stationery,In-store,Not Returned,Low,3315.67,VIP
802583,White Mug,36,2023-10-18 18:00,86.87,0.5,19.99,Stationery,In-store,Not Returned,Medium,3127.32,VIP
256319,Desk Lamp,40,2023-10-18 22:00,72.8,0.02,28.56,Stationery,Online,Not Returned,Medium,2912.0,VIP
322445,Backpack,32,2023-10-19 02:00,69.43,0.26,7.96,Stationery,In-store,Not Returned,Medium,2221.76,VIP
694747,Office Chair,46,2023-10-19 06:00,81.78,0.26,8.77,Stationery,In-store,Not Returned,Medium,3761.88,VIP
945864,Backpack,35,2023-10-19 16:00,44.74,0.05,23.65,Stationery,Online,Not Returned,Low,1565.9,VIP
167696,White Mug,28,2023-10-19 17:00,69.27,0.22,23.2,Stationery,Online,Not Returned,High,1939.56,VIP
237293,Headphones,49,2023-10-19 21:00,95.04,0.07,18.5,Stationery,Online,Not Returned,Medium,4656.96,VIP
733717,Headphones,39,2023-10-20 04:00,79.1,0.47,5.7,Stationery,Online,Not Returned,Low,3084.9,VIP
541385,Wireless Mouse,26,2023-10-20 06:00,45.69,0.02,16.25,Stationery,Online,Returned,Medium,1187.94,VIP
187420,Backpack,42,2023-10-23 16:00,57.4,0.19,28.86,Stationery,In-store,Not Returned,High,2410.8,VIP
754459,Office Chair,38,2023-10-23 19:00,87.22,0.26,19.5,Stationery,In-store,Not Returned,High,3314.36,VIP
295619,Desk Lamp,36,2023-10-24 03:00,66.52,0.03,28.86,Stationery,In-store,Not Returned,Medium,2394.72,VIP
361697,Headphones,19,2023-10-24 12:00,78.01,0.13,23.49,Stationery,In-store,Returned,High,1482.19,VIP
540194,Headphones,11,2023-10-24 14:00,91.86,0.3,24.76,Stationery,Online,Not Returned,High,1010.46,VIP
683147,T-shirt,34,2023-10-24 19:00,82.67,0.27,8.27,Stationery,Online,Not Returned,High,2810.78,VIP
101076,Backpack,40,2023-10-24 23:00,71.88,0.29,21.78,Stationery,Online,Not Returned,Low,2875.2,VIP
268774,Wall Clock,33,2023-10-25 03:00,60.99,0.09,27.2,Stationery,Online,Not Returned,Low,2012.67,VIP
886329,Blue Pen,37,2023-10-25 04:00,89.55,0.32,21.3,Stationery,Online,Returned,High,3313.35,VIP
477014,Blue Pen,23,2023-10-25 09:00,97.15,0.37,9.77,Stationery,In-store,Not Returned,High,2234.4500000000003,VIP
465944,T-shirt,31,2023-10-25 13:00,70.13,0.32,26.63,Stationery,Online,Not Returned,High,2174.03,VIP
769312,Office Chair,20,2023-10-25 23:00,91.81,0.12,25.08,Stationery,In-store,Not Returned,High,1836.2,VIP
100318,USB Cable,38,2023-10-26 01:00,55.77,0.34,15.22,Stationery,In-store,Not Returned,Low,2119.26,VIP
966938,Office Chair,38,2023-10-26 13:00,77.22,0.34,15.29,Stationery,In-store,Not Returned,Low,2934.36,VIP
693593,Office Chair,42,2023-10-27 10:00,60.51,0.39,8.28,Stationery,Online,Not Returned,Low,2541.42,VIP
102479,T-shirt,37,2023-10-27 11:00,58.34,0.11,28.3,Stationery,In-store,Not Returned,High,2158.58,VIP
856836,White Mug,48,2023-10-27 17:00,90.35,0.0,12.55,Stationery,In-store,Not Returned,Low,4336.799999999999,VIP
257400,White Mug,36,2023-10-29 02:00,43.19,0.45,25.85,Stationery,Online,Not Returned,Low,1554.84,VIP
299939,Notebook,18,2023-10-29 09:00,74.44,0.01,20.07,Stationery,In-store,Not Returned,High,1339.92,VIP
842818,Backpack,21,2023-10-29 17:00,91.67,0.33,26.35,Stationery,Online,Not Returned,High,1925.07,VIP
975662,Backpack,45,2023-10-29 18:00,85.09,0.45,17.49,Stationery,In-store,Returned,High,3829.05,VIP
251882,Headphones,24,2023-10-30 02:00,53.36,0.19,10.26,Stationery,In-store,Not Returned,Low,1280.64,VIP
832084,Wireless Mouse,40,2023-10-30 04:00,61.34,0.5,25.89,Stationery,Online,Not Returned,High,2453.6000000000004,VIP
624535,Backpack,37,2023-10-30 05:00,77.54,0.33,11.23,Stationery,In-store,Not Returned,High,2868.98,VIP
998334,Desk Lamp,29,2023-10-30 06:00,60.01,0.38,12.78,Stationery,In-store,Not Returned,High,1740.29,VIP
412178,T-shirt,46,2023-10-30 23:00,75.78,0.05,10.61,Stationery,Online,Not Returned,Low,3485.88,VIP
561491,Desk Lamp,48,2023-10-31 01:00,46.09,0.23,6.59,Stationery,Online,Not Returned,Medium,2212.32,VIP
153565,Backpack,30,2023-10-31 04:00,79.68,0.26,28.76,Stationery,Online,Not Returned,High,2390.4,VIP
669890,Desk Lamp,17,2023-11-01 04:00,83.99,0.21,21.18,Stationery,Online,Not Returned,Medium,1427.83,VIP
248010,USB Cable,29,2023-11-01 07:00,86.65,0.04,11.38,Stationery,Online,Not Returned,Medium,2512.8500000000004,VIP
846415,Wall Clock,49,2023-11-01 16:00,70.44,0.14,25.82,Stationery,In-store,Not Returned,Low,3451.56,VIP
146642,Notebook,42,2023-11-01 18:00,91.57,0.11,14.42,Stationery,Online,Not Returned,Medium,3845.94,VIP
633473,White Mug,16,2023-11-01 19:00,68.61,0.18,27.38,Stationery,In-store,Not Returned,High,1097.76,VIP
292023,Backpack,31,2023-11-02 20:00,85.84,0.25,25.11,Stationery,Online,Not Returned,Low,2661.04,VIP
531476,Desk Lamp,23,2023-11-02 21:00,63.4,0.09,14.79,Stationery,In-store,Not Returned,Low,1458.2,VIP
140459,Backpack,41,2023-11-05 04:00,59.66,0.02,11.09,Stationery,Online,Not Returned,Medium,2446.06,VIP
605193,Notebook,16,2023-11-05 06:00,71.21,0.05,29.78,Stationery,In-store,Not Returned,Low,1139.36,VIP
996878,White Mug,42,2023-11-05 18:00,36.4,0.33,25.25,Stationery,In-store,Not Returned,Medium,1528.8,VIP
692251,Backpack,31,2023-11-05 22:00,86.98,0.27,5.15,Stationery,In-store,Not Returned,Medium,2696.38,VIP
328749,Wall Clock,48,2023-11-06 23:00,81.35,0.05,29.94,Stationery,Online,Not Returned,High,3904.8,VIP
862380,White Mug,39,2023-11-07 00:00,37.15,0.49,15.16,Stationery,In-store,Not Returned,High,1448.85,VIP
888910,USB Cable,32,2023-11-07 17:00,35.22,0.28,29.5,Stationery,In-store,Not Returned,High,1127.04,VIP
974805,Office Chair,39,2023-11-07 22:00,92.06,0.16,5.57,Stationery,Online,Not Returned,Low,3590.34,VIP
208747,Headphones,28,2023-11-08 06:00,65.7,0.36,23.23,Stationery,In-store,Not Returned,High,1839.6,VIP
293381,Wireless Mouse,35,2023-11-09 09:00,47.87,0.4,15.86,Stationery,In-store,Not Returned,Low,1675.4499999999998,VIP
994971,T-shirt,40,2023-11-10 08:00,73.37,0.24,11.38,Stationery,In-store,Not Returned,Low,2934.8,VIP
804003,Wall Clock,47,2023-11-10 16:00,28.51,0.12,7.05,Stationery,Online,Not Returned,Medium,1339.97,VIP
429644,Notebook,42,2023-11-11 00:00,45.74,0.34,7.13,Stationery,Online,Not Returned,High,1921.08,VIP
394481,Wireless Mouse,13,2023-11-11 04:00,99.27,0.37,29.83,Stationery,In-store,Not Returned,Low,1290.51,VIP
768182,T-shirt,31,2023-11-11 19:00,84.95,0.15,13.2,Stationery,Online,Not Returned,Medium,2633.4500000000003,VIP
893567,Office Chair,47,2023-11-11 23:00,37.99,0.12,16.47,Stationery,Online,Returned,Medium,1785.5300000000002,VIP
461237,Wireless Mouse,37,2023-11-12 01:00,72.84,0.01,17.49,Stationery,In-store,Returned,High,2695.08,VIP
609467,Wireless Mouse,49,2023-11-12 02:00,25.22,0.16,20.07,Stationery,In-store,Not Returned,High,1235.78,VIP
342763,Office Chair,34,2023-11-12 04:00,40.58,0.29,5.95,Stationery,In-store,Not Returned,High,1379.72,VIP
616614,T-shirt,42,2023-11-12 15:00,51.21,0.15,6.25,Stationery,In-store,Returned,Medium,2150.82,VIP
951539,Backpack,18,2023-11-13 03:00,60.98,0.14,24.65,Stationery,In-store,Not Returned,Medium,1097.64,VIP
760763,USB Cable,31,2023-11-14 09:00,47.11,0.14,9.16,Stationery,Online,Returned,High,1460.41,VIP
373132,Notebook,44,2023-11-14 20:00,62.17,0.24,6.52,Stationery,In-store,Not Returned,High,2735.48,VIP
739425,Desk Lamp,-39,2023-11-14 23:00,-68.09,1.9383092435349427,,Stationery,In-store,Not Returned,High,2655.51,VIP
345131,Backpack,48,2023-11-15 08:00,86.78,0.1,13.0,Stationery,Online,Not Returned,Medium,4165.4400000000005,VIP
878711,Desk Lamp,30,2023-11-16 03:00,76.4,0.03,26.44,Stationery,Online,Not Returned,High,2292.0,VIP
885409,White Mug,45,2023-11-16 12:00,36.46,0.48,18.34,Stationery,Online,Not Returned,Low,1640.7,VIP
343533,Backpack,48,2023-11-17 01:00,82.63,0.19,15.65,Stationery,Online,Not Returned,Low,3966.24,VIP
188499,USB Cable,-26,2023-11-17 08:00,-69.18,1.8099846062173464,,Stationery,Online,Not Returned,High,1798.6800000000003,VIP
918699,White Mug,37,2023-11-17 15:00,33.87,0.41,8.84,Stationery,In-store,Not Returned,Medium,1253.1899999999998,VIP
310994,Desk Lamp,38,2023-11-18 01:00,85.88,0.05,20.74,Stationery,Online,Not Returned,Medium,3263.44,VIP
701091,T-shirt,13,2023-11-18 13:00,78.64,0.27,23.28,Stationery,Online,Not Returned,High,1022.32,VIP
511858,Wall Clock,17,2023-11-19 04:00,94.77,0.09,28.47,Stationery,In-store,Not Returned,High,1611.09,VIP
468692,Desk Lamp,23,2023-11-20 03:00,72.28,0.0,5.45,Stationery,Online,Not Returned,High,1662.44,VIP
370796,Desk Lamp,45,2023-11-20 07:00,39.5,0.18,8.09,Stationery,In-store,Not Returned,Medium,1777.5,VIP
608678,USB Cable,33,2023-11-20 08:00,69.34,0.17,21.85,Stationery,In-store,Not Returned,Medium,2288.2200000000003,VIP
426802,Blue Pen,24,2023-11-20 17:00,58.38,0.14,23.91,Stationery,In-store,Not Returned,Medium,1401.12,VIP
517206,White Mug,40,2023-11-21 01:00,59.65,0.34,26.8,Stationery,In-store,Not Returned,Low,2386.0,VIP
490478,Office Chair,25,2023-11-21 09:00,99.65,0.25,9.85,Stationery,Online,Returned,High,2491.25,VIP
670108,Office Chair,41,2023-11-21 22:00,80.66,0.42,29.24,Stationery,In-store,Returned,Medium,3307.06,VIP
993450,Headphones,28,2023-11-23 11:00,46.37,0.05,27.56,Stationery,Online,Not Returned,High,1298.36,VIP
825992,Office Chair,42,2023-11-23 22:00,33.37,0.23,19.78,Stationery,In-store,Not Returned,Medium,1401.54,VIP
167278,Wireless Mouse,33,2023-11-24 03:00,66.44,0.1,11.82,Stationery,In-store,Not Returned,Low,2192.52,VIP
816932,Headphones,33,2023-11-24 22:00,55.04,0.32,24.44,Stationery,In-store,Not Returned,Medium,1816.32,VIP
832724,White Mug,37,2023-11-25 06:00,73.98,0.04,13.52,Stationery,Online,Not Returned,Low,2737.26,VIP
613986,Blue Pen,49,2023-11-26 04:00,33.81,0.11,21.02,Stationery,Online,Returned,Low,1656.69,VIP
247139,Blue Pen,24,2023-11-26 19:00,74.25,0.32,27.03,Stationery,In-store,Not Returned,High,1782.0,VIP
379552,Wireless Mouse,28,2023-11-26 23:00,67.69,0.36,10.15,Stationery,In-store,Not Returned,Medium,1895.32,VIP
321070,Wireless Mouse,43,2023-11-27 16:00,55.15,0.15,8.38,Stationery,In-store,Not Returned,Low,2371.45,VIP
555173,Desk Lamp,43,2023-11-27 22:00,60.46,0.13,16.32,Stationery,In-store,Not Returned,High,2599.78,VIP
498672,Backpack,17,2023-11-28 03:00,70.52,0.2,15.04,Stationery,Online,Not Returned,Medium,1198.84,VIP
484509,Desk Lamp,20,2023-11-28 04:00,85.8,0.17,19.62,Stationery,Online,Not Returned,High,1716.0,VIP
486160,USB Cable,15,2023-11-29 09:00,83.0,0.15,24.5,Stationery,In-store,Not Returned,Low,1245.0,VIP
599989,Headphones,32,2023-11-29 21:00,72.12,0.07,22.94,Stationery,Online,Not Returned,High,2307.84,VIP
328802,USB Cable,46,2023-11-30 14:00,63.15,0.33,15.46,Stationery,Online,Not Returned,Low,2904.9,VIP
890668,Wall Clock,28,2023-12-02 00:00,96.07,0.41,12.95,Stationery,Online,Not Returned,High,2689.96,VIP
958802,Desk Lamp,41,2023-12-03 05:00,75.27,0.37,27.32,Stationery,In-store,Not Returned,Low,3086.07,VIP
586080,Headphones,29,2023-12-04 01:00,65.12,0.31,25.59,Stationery,In-store,Not Returned,Low,1888.48,VIP
592904,Desk Lamp,44,2023-12-06 03:00,51.62,0.3,20.21,Stationery,In-store,Not Returned,Low,2271.28,VIP
508092,T-shirt,18,2023-12-08 21:00,62.35,0.27,13.0,Stationery,In-store,Returned,Medium,1122.3,VIP
202409,Headphones,45,2023-12-09 01:00,71.43,0.26,14.44,Stationery,In-store,Not Returned,Low,3214.3500000000004,VIP
588707,White Mug,49,2023-12-09 04:00,46.42,0.39,10.25,Stationery,Online,Not Returned,Low,2274.58,VIP
521601,Wall Clock,40,2023-12-09 06:00,39.79,0.22,24.62,Stationery,Online,Returned,High,1591.6,VIP
717307,Backpack,35,2023-12-09 10:00,75.29,0.42,17.69,Stationery,Online,Not Returned,Low,2635.15,VIP
520869,White Mug,27,2023-12-09 11:00,84.59,0.29,25.34,Stationery,In-store,Not Returned,Medium,2283.9300000000003,VIP
275862,USB Cable,26,2023-12-09 13:00,57.24,0.3,26.66,Stationery,In-store,Returned,Medium,1488.24,VIP
873657,Wall Clock,49,2023-12-10 08:00,48.91,0.0,11.77,Stationery,In-store,Not Returned,High,2396.59,VIP
201688,Backpack,43,2023-12-10 10:00,94.51,0.19,17.29,Stationery,In-store,Not Returned,Medium,4063.93,VIP
756157,T-shirt,34,2023-12-10 13:00,29.88,0.23,25.03,Stationery,Online,Not Returned,Low,1015.92,VIP
153639,Blue Pen,36,2023-12-10 19:00,62.04,0.44,12.87,Stationery,In-store,Not Returned,Low,2233.44,VIP
219123,Office Chair,48,2023-12-11 08:00,40.9,0.18,25.11,Stationery,Online,Not Returned,High,1963.2,VIP
490958,T-shirt,45,2023-12-11 10:00,26.63,0.07,14.59,Stationery,Online,Not Returned,Medium,1198.35,VIP
352565,Notebook,20,2023-12-11 14:00,82.77,0.19,16.07,Stationery,Online,Not Returned,Medium,1655.4,VIP
905336,Blue Pen,19,2023-12-12 09:00,62.71,0.35,7.57,Stationery,In-store,Not Returned,Medium,1191.49,VIP
747862,Office Chair,43,2023-12-12 18:00,94.17,0.17,16.36,Stationery,Online,Not Returned,Medium,4049.31,VIP
176752,Backpack,44,2023-12-12 22:00,58.85,0.43,21.11,Stationery,Online,Not Returned,Low,2589.4,VIP
682093,Wall Clock,19,2023-12-13 05:00,86.9,0.0,16.3,Stationery,In-store,Not Returned,Medium,1651.1,VIP
339185,Blue Pen,19,2023-12-13 07:00,93.77,0.11,14.84,Stationery,In-store,Not Returned,Medium,1781.63,VIP
666994,Desk Lamp,39,2023-12-13 18:00,75.14,0.26,16.51,Stationery,In-store,Not Returned,Low,2930.46,VIP
589660,White Mug,46,2023-12-13 21:00,91.07,0.42,18.7,Stationery,Online,Not Returned,High,4189.219999999999,VIP
196849,T-shirt,16,2023-12-14 05:00,67.76,0.48,10.12,Stationery,Online,Not Returned,Medium,1084.16,VIP
372047,Headphones,38,2023-12-14 08:00,78.25,0.01,11.45,Stationery,In-store,Not Returned,Low,2973.5,VIP
880765,Wireless Mouse,44,2023-12-14 11:00,31.35,0.01,16.66,Stationery,Online,Returned,High,1379.4,VIP
885254,White Mug,-42,2023-12-15 10:00,-55.04,1.6951715368996556,,Stationery,In-store,Not Returned,Medium,2311.68,VIP
549582,White Mug,37,2023-12-15 11:00,87.75,0.03,6.03,Stationery,In-store,Not Returned,High,3246.75,VIP
207399,Desk Lamp,-25,2023-12-15 17:00,-76.05,1.072973665152351,,Stationery,Online,Not Returned,Medium,1901.25,VIP
445519,Office Chair,26,2023-12-15 19:00,67.02,0.22,26.68,Stationery,Online,Not Returned,High,1742.52,VIP
303643,Notebook,18,2023-12-15 22:00,76.22,0.22,12.88,Stationery,Online,Not Returned,Medium,1371.96,VIP
574882,White Mug,32,2023-12-16 05:00,34.58,0.07,13.64,Stationery,In-store,Not Returned,Low,1106.56,VIP
142281,Blue Pen,45,2023-12-16 07:00,23.15,0.02,28.02,Stationery,In-store,Not Returned,Low,1041.75,VIP
101722,Notebook,34,2023-12-17 17:00,59.81,0.39,17.84,Stationery,In-store,Not Returned,Low,2033.54,VIP
885057,Office Chair,20,2023-12-17 19:00,81.9,0.09,28.28,Stationery,In-store,Not Returned,Low,1638.0,VIP
510043,Desk Lamp,34,2023-12-18 06:00,91.99,0.41,25.25,Stationery,Online,Not Returned,Medium,3127.66,VIP
768229,Blue Pen,47,2023-12-18 11:00,81.08,0.01,12.87,Stationery,Online,Not Returned,High,3810.76,VIP
493931,Desk Lamp,47,2023-12-18 20:00,57.78,0.42,24.99,Stationery,In-store,Not Returned,Low,2715.66,VIP
567829,Backpack,40,2023-12-19 10:00,83.16,0.5,12.85,Stationery,In-store,Not Returned,High,3326.4,VIP
776803,T-shirt,31,2023-12-19 12:00,57.54,0.34,16.98,Stationery,Online,Returned,Medium,1783.74,VIP
284622,Desk Lamp,40,2023-12-19 13:00,96.38,0.14,28.87,Stationery,Online,Not Returned,Low,3855.2,VIP
561182,Notebook,32,2023-12-20 02:00,76.74,0.05,28.66,Stationery,Online,Not Returned,Medium,2455.68,VIP
663672,Desk Lamp,45,2023-12-20 12:00,42.45,0.43,12.19,Stationery,Online,Not Returned,High,1910.25,VIP
613060,Backpack,38,2023-12-20 20:00,97.45,0.14,20.66,Stationery,In-store,Not Returned,Medium,3703.1,VIP
290586,Headphones,29,2023-12-21 10:00,74.36,0.32,15.97,Stationery,In-store,Not Returned,Medium,2156.44,VIP
566204,Headphones,48,2023-12-21 11:00,91.75,0.26,29.03,Stationery,Online,Not Returned,Medium,4404.0,VIP
366104,Backpack,32,2023-12-21 13:00,58.58,0.08,11.14,Stationery,Online,Not Returned,Low,1874.56,VIP
686623,Backpack,44,2023-12-21 21:00,83.68,0.09,26.08,Stationery,In-store,Returned,Low,3681.92,VIP
266826,USB Cable,35,2023-12-22 06:00,89.98,0.05,21.04,Stationery,In-store,Not Returned,Medium,3149.3,VIP
735257,White Mug,31,2023-12-22 15:00,33.57,0.37,6.66,Stationery,Online,Not Returned,Low,1040.67,VIP
812788,White Mug,-31,2023-12-23 07:00,-60.23,0.22,,Stationery,In-store,Not Returned,Medium,1867.13,VIP
928298,Wall Clock,29,2023-12-23 09:00,55.14,0.32,12.68,Stationery,In-store,Not Returned,Medium,1599.06,VIP
864452,Blue Pen,17,2023-12-23 16:00,92.84,0.31,10.72,Stationery,Online,Not Returned,Low,1578.28,VIP
501931,Notebook,30,2023-12-23 19:00,99.76,0.26,9.26,Stationery,In-store,Not Returned,High,2992.8,VIP
294742,Wall Clock,41,2023-12-26 03:00,82.3,0.36,26.07,Stationery,Online,Not Returned,Low,3374.3,VIP
419080,Backpack,20,2023-12-26 22:00,76.23,0.45,16.0,Stationery,In-store,Not Returned,Medium,1524.6,VIP
285534,Backpack,33,2023-12-27 01:00,32.48,0.33,20.27,Stationery,In-store,Not Returned,Medium,1071.84,VIP
782673,Backpack,46,2023-12-27 02:00,78.67,0.25,11.37,Stationery,In-store,Not Returned,Medium,3618.82,VIP
947981,Desk Lamp,16,2023-12-27 05:00,73.94,0.36,25.92,Stationery,In-store,Not Returned,High,1183.04,VIP
748255,White Mug,31,2023-12-27 08:00,62.44,0.26,14.34,Stationery,Online,Not Returned,Low,1935.64,VIP
355972,Headphones,23,2023-12-28 05:00,74.64,0.46,12.69,Stationery,Online,Not Returned,Low,1716.72,VIP
251322,White Mug,22,2023-12-29 12:00,91.52,0.18,10.59,Stationery,In-store,Not Returned,Medium,2013.44,VIP
329939,Wall Clock,31,2023-12-29 15:00,44.32,0.07,28.0,Stationery,In-store,Not Returned,Medium,1373.92,VIP
283434,Backpack,30,2023-12-29 23:00,42.69,0.11,26.75,Stationery,Online,Returned,Low,1280.6999999999998,VIP
363790,Headphones,26,2023-12-31 02:00,72.38,0.32,27.95,Stationery,Online,Not Returned,Low,1881.88,VIP
527731,Wireless Mouse,26,2023-12-31 08:00,84.81,0.49,19.59,Stationery,Online,Not Returned,Low,2205.06,VIP
832827,Blue Pen,28,2023-12-31 17:00,66.45,0.16,5.54,Stationery,Online,Not Returned,Low,1860.6,VIP
946572,Wall Clock,29,2024-01-02 15:00,43.49,0.02,17.04,Stationery,Online,Not Returned,High,1261.21,VIP
239082,Wall Clock,24,2024-01-03 06:00,58.94,0.09,17.23,Stationery,Online,Not Returned,High,1414.56,VIP
728833,Desk Lamp,26,2024-01-03 11:00,98.54,0.48,10.03,Stationery,In-store,Not Returned,Low,2562.04,VIP
169513,Blue Pen,35,2024-01-03 19:00,84.41,0.42,20.0,Stationery,In-store,Not Returned,Medium,2954.35,VIP
800408,Wall Clock,37,2024-01-04 05:00,92.38,0.5,16.89,Stationery,Online,Not Returned,High,3418.06,VIP
315611,Wireless Mouse,26,2024-01-06 03:00,79.99,0.18,27.7,Stationery,In-store,Not Returned,Medium,2079.74,VIP
441576,Headphones,37,2024-01-06 13:00,51.32,0.45,18.85,Stationery,Online,Not Returned,Low,1898.84,VIP
927957,Wall Clock,47,2024-01-06 14:00,74.55,0.28,5.9,Stationery,In-store,Not Returned,Medium,3503.85,VIP
356840,Notebook,36,2024-01-07 01:00,63.43,0.44,28.72,Stationery,In-store,Not Returned,High,2283.48,VIP
355519,Blue Pen,32,2024-01-07 04:00,86.57,0.1,28.21,Stationery,Online,Not Returned,High,2770.24,VIP
985752,White Mug,38,2024-01-08 04:00,56.53,0.19,29.67,Stationery,Online,Not Returned,Medium,2148.14,VIP
133208,Office Chair,40,2024-01-08 09:00,64.47,0.15,24.88,Stationery,In-store,Not Returned,High,2578.8,VIP
335479,Blue Pen,23,2024-01-08 23:00,59.51,0.37,27.8,Stationery,Online,Not Returned,Low,1368.73,VIP
895441,Notebook,20,2024-01-09 05:00,93.45,0.24,29.46,Stationery,In-store,Not Returned,Low,1869.0,VIP
735135,Wall Clock,45,2024-01-09 07:00,70.78,0.49,22.97,Stationery,Online,Not Returned,Low,3185.1,VIP
742537,USB Cable,36,2024-01-10 16:00,74.73,0.25,12.99,Stationery,Online,Not Returned,High,2690.28,VIP
357969,Desk Lamp,43,2024-01-10 20:00,53.68,0.38,13.86,Stationery,In-store,Not Returned,Low,2308.24,VIP
571563,Blue Pen,32,2024-01-11 02:00,63.31,0.42,24.83,Stationery,Online,Not Returned,Low,2025.92,VIP
115958,Desk Lamp,42,2024-01-11 15:00,45.72,0.23,22.19,Stationery,Online,Not Returned,High,1920.24,VIP
691290,T-shirt,18,2024-01-11 20:00,71.37,0.12,15.07,Stationery,In-store,Not Returned,High,1284.66,VIP
764183,White Mug,38,2024-01-12 18:00,73.42,0.37,7.86,Stationery,In-store,Not Returned,Medium,2789.96,VIP
133397,Headphones,42,2024-01-13 02:00,42.56,0.12,14.39,Stationery,In-store,Returned,Medium,1787.52,VIP
766634,White Mug,24,2024-01-13 11:00,78.44,0.19,13.75,Stationery,Online,Not Returned,High,1882.56,VIP
826480,Headphones,49,2024-01-14 07:00,89.12,0.31,15.76,Stationery,Online,Not Returned,High,4366.88,VIP
776825,Desk Lamp,23,2024-01-14 10:00,44.98,0.16,11.11,Stationery,In-store,Not Returned,Medium,1034.54,VIP
666408,Backpack,37,2024-01-14 11:00,35.39,0.34,12.67,Stationery,Online,Not Returned,Low,1309.43,VIP
877508,Office Chair,34,2024-01-15 00:00,50.44,0.06,6.5,Stationery,In-store,Not Returned,Medium,1714.96,VIP
757950,White Mug,28,2024-01-15 16:00,73.73,0.22,23.75,Stationery,In-store,Not Returned,High,2064.44,VIP
342220,T-shirt,39,2024-01-16 15:00,41.34,0.46,6.73,Stationery,Online,Not Returned,Medium,1612.2600000000002,VIP
645224,Office Chair,23,2024-01-16 20:00,58.38,0.37,11.95,Stationery,Online,Not Returned,Low,1342.74,VIP
239355,Wall Clock,40,2024-01-17 05:00,85.13,0.19,24.47,Stationery,Online,Not Returned,High,3405.2,VIP
201266,Backpack,32,2024-01-17 19:00,95.32,0.36,24.73,Stationery,Online,Returned,High,3050.24,VIP
141583,Office Chair,24,2024-01-18 06:00,82.09,0.09,17.93,Stationery,In-store,Not Returned,High,1970.16,VIP
147259,White Mug,42,2024-01-19 02:00,65.17,0.41,26.52,Stationery,Online,Not Returned,High,2737.14,VIP
897721,Headphones,18,2024-01-20 04:00,57.98,0.46,11.67,Stationery,In-store,Not Returned,Low,1043.64,VIP
692771,USB Cable,30,2024-01-20 15:00,55.6,0.47,21.2,Stationery,Online,Not Returned,High,1668.0,VIP
199423,Wireless Mouse,34,2024-01-21 21:00,62.67,0.16,13.39,Stationery,In-store,Returned,Medium,2130.78,VIP
823110,Notebook,44,2024-01-21 22:00,24.52,0.18,9.45,Stationery,Online,Not Returned,High,1078.88,VIP
555279,White Mug,44,2024-01-22 04:00,42.2,0.49,27.96,Stationery,In-store,Not Returned,High,1856.8,VIP
669340,Office Chair,11,2024-01-23 01:00,95.17,0.05,13.17,Stationery,Online,Not Returned,Medium,1046.87,VIP
754879,T-shirt,19,2024-01-23 06:00,74.77,0.25,10.58,Stationery,Online,Not Returned,Medium,1420.63,VIP
284236,Notebook,28,2024-01-23 07:00,51.83,0.32,27.01,Stationery,In-store,Not Returned,Medium,1451.24,VIP
437429,Headphones,22,2024-01-23 13:00,96.44,0.14,11.18,Stationery,In-store,Not Returned,Medium,2121.68,VIP
196931,T-shirt,40,2024-01-25 17:00,45.48,0.23,24.06,Stationery,Online,Returned,High,1819.2,VIP
814242,Office Chair,27,2024-01-26 09:00,68.55,0.09,11.74,Stationery,Online,Returned,High,1850.85,VIP
673174,Wall Clock,-29,2024-01-26 20:00,-70.41,1.807576658024333,,Stationery,Online,Not Returned,Medium,2041.89,VIP
293607,Notebook,42,2024-01-27 04:00,99.89,0.39,18.04,Stationery,Online,Not Returned,High,4195.38,VIP
689488,Wall Clock,23,2024-01-27 06:00,78.95,0.27,28.62,Stationery,Online,Not Returned,Low,1815.85,VIP
706824,Blue Pen,22,2024-01-27 10:00,97.09,0.24,27.86,Stationery,In-store,Not Returned,Medium,2135.98,VIP
318183,Notebook,44,2024-01-27 12:00,42.23,0.24,12.38,Stationery,In-store,Not Returned,Medium,1858.12,VIP
669464,White Mug,42,2024-01-27 22:00,50.23,0.45,16.71,Stationery,In-store,Not Returned,High,2109.66,VIP
159278,Backpack,35,2024-01-28 09:00,31.21,0.4,9.88,Stationery,Online,Not Returned,High,1092.35,VIP
471223,USB Cable,23,2024-01-29 03:00,97.01,0.45,19.08,Stationery,Online,Not Returned,Medium,2231.23,VIP
119301,White Mug,15,2024-01-29 11:00,85.57,0.31,17.56,Stationery,Online,Returned,Low,1283.55,VIP
895600,Wireless Mouse,40,2024-01-29 14:00,71.35,0.34,26.67,Stationery,Online,Returned,Low,2854.0,VIP
884512,Wall Clock,35,2024-01-30 07:00,88.79,0.43,5.14,Stationery,Online,Not Returned,Medium,3107.65,VIP
651130,Backpack,20,2024-01-30 09:00,69.47,0.18,9.71,Stationery,Online,Not Returned,Medium,1389.4,VIP
595571,White Mug,27,2024-01-30 11:00,39.14,0.16,18.63,Stationery,In-store,Not Returned,Medium,1056.78,VIP
785601,Office Chair,46,2024-01-31 11:00,98.7,0.34,20.2,Stationery,In-store,Not Returned,Medium,4540.2,VIP
762942,Desk Lamp,-45,2024-02-01 04:00,-53.51,0.39,,Stationery,Online,Not Returned,Low,2407.95,VIP
498723,Backpack,38,2024-02-01 08:00,76.83,0.1,7.45,Stationery,Online,Not Returned,Medium,2919.54,VIP
580704,Office Chair,31,2024-02-01 11:00,75.52,0.19,19.39,Stationery,Online,Not Returned,Medium,2341.12,VIP
366542,Wireless Mouse,40,2024-02-01 13:00,91.82,0.01,6.88,Stationery,Online,Not Returned,Medium,3672.8,VIP
802505,White Mug,28,2024-02-01 16:00,90.12,0.41,20.17,Stationery,Online,Returned,Medium,2523.36,VIP
638225,USB Cable,32,2024-02-02 01:00,92.43,0.07,18.62,Stationery,Online,Not Returned,Low,2957.76,VIP
146803,Desk Lamp,28,2024-02-02 06:00,69.17,0.23,19.84,Stationery,Online,Returned,Medium,1936.76,VIP
422081,Wireless Mouse,40,2024-02-02 08:00,43.48,0.27,5.79,Stationery,In-store,Not Returned,Low,1739.1999999999998,VIP
842064,Backpack,47,2024-02-02 18:00,32.31,0.42,25.72,Stationery,Online,Not Returned,Low,1518.5700000000002,VIP
661051,Office Chair,35,2024-02-02 21:00,38.31,0.45,23.35,Stationery,Online,Not Returned,Low,1340.85,VIP
654999,USB Cable,-46,2024-02-03 02:00,-47.36,1.3376156712260974,,Stationery,In-store,Not Returned,Low,2178.56,VIP
277042,Desk Lamp,49,2024-02-03 04:00,97.47,0.14,24.51,Stationery,Online,Not Returned,High,4776.03,VIP
568648,T-shirt,23,2024-02-03 14:00,51.44,0.4,26.75,Stationery,In-store,Not Returned,Low,1183.12,VIP
340143,Notebook,36,2024-02-04 20:00,52.21,0.2,21.58,Stationery,Online,Not Returned,Medium,1879.56,VIP
418347,USB Cable,44,2024-02-05 08:00,51.4,0.2,17.44,Stationery,Online,Not Returned,Medium,2261.6,VIP
364234,Blue Pen,43,2024-02-05 12:00,89.92,0.07,15.65,Stationery,Online,Not Returned,High,3866.56,VIP
878473,Office Chair,38,2024-02-05 16:00,93.64,0.46,26.14,Stationery,Online,Not Returned,High,3558.32,VIP
494272,Wall Clock,36,2024-02-06 13:00,39.22,0.06,22.42,Stationery,Online,Not Returned,High,1411.92,VIP
306690,Desk Lamp,19,2024-02-06 21:00,53.95,0.43,23.56,Stationery,Online,Not Returned,Medium,1025.05,VIP
267990,White Mug,14,2024-02-07 05:00,93.35,0.09,25.03,Stationery,In-store,Not Returned,Medium,1306.9,VIP
485537,Blue Pen,16,2024-02-07 18:00,73.87,0.38,11.14,Stationery,Online,Not Returned,Low,1181.92,VIP
498169,Notebook,38,2024-02-08 04:00,73.21,0.4,21.44,Stationery,In-store,Not Returned,Low,2781.98,VIP
613955,White Mug,48,2024-02-08 21:00,57.51,0.31,15.4,Stationery,Online,Not Returned,Medium,2760.48,VIP
695241,Blue Pen,36,2024-02-09 05:00,71.0,0.39,22.03,Stationery,In-store,Returned,Low,2556.0,VIP
163327,Backpack,47,2024-02-09 18:00,55.14,0.21,9.47,Stationery,In-store,Not Returned,Medium,2591.58,VIP
375634,Desk Lamp,49,2024-02-10 01:00,27.69,0.28,11.75,Stationery,Online,Not Returned,Low,1356.8100000000002,VIP
462163,Notebook,44,2024-02-10 18:00,49.32,0.48,9.03,Stationery,Online,Not Returned,High,2170.08,VIP
353390,Wall Clock,24,2024-02-11 14:00,68.69,0.49,16.18,Stationery,In-store,Not Returned,Medium,1648.56,VIP
276221,Wireless Mouse,39,2024-02-11 17:00,47.32,0.42,20.36,Stationery,In-store,Not Returned,Low,1845.48,VIP
194265,T-shirt,44,2024-02-11 23:00,54.62,0.12,12.81,Stationery,Online,Not Returned,Medium,2403.28,VIP
563890,Office Chair,33,2024-02-12 04:00,86.65,0.48,17.68,Stationery,Online,Not Returned,Medium,2859.4500000000003,VIP
356738,T-shirt,41,2024-02-12 21:00,89.67,0.31,10.68,Stationery,Online,Not Returned,Medium,3676.47,VIP
258539,Notebook,27,2024-02-13 13:00,41.29,0.3,23.6,Stationery,Online,Not Returned,Low,1114.83,VIP
627016,White Mug,24,2024-02-13 21:00,86.49,0.49,19.99,Stationery,In-store,Not Returned,High,2075.76,VIP
541926,Desk Lamp,43,2024-02-15 02:00,79.05,0.2,20.73,Stationery,In-store,Not Returned,High,3399.15,VIP
727499,T-shirt,42,2024-02-15 17:00,70.11,0.29,10.61,Stationery,In-store,Returned,Low,2944.62,VIP
187599,USB Cable,-39,2024-02-16 11:00,-29.91,0.34,,Stationery,In-store,Not Returned,High,1166.49,VIP
777159,Blue Pen,32,2024-02-16 14:00,98.86,0.06,16.56,Stationery,In-store,Not Returned,Medium,3163.52,VIP
994932,Headphones,43,2024-02-16 22:00,38.85,0.03,5.09,Stationery,Online,Not Returned,Low,1670.55,VIP
363772,Headphones,45,2024-02-18 04:00,63.74,0.03,6.02,Stationery,In-store,Not Returned,Medium,2868.3,VIP
699345,Wireless Mouse,17,2024-02-18 06:00,67.6,0.43,10.17,Stationery,In-store,Returned,Medium,1149.1999999999998,VIP
464188,Backpack,26,2024-02-19 08:00,67.85,0.23,29.17,Stationery,Online,Not Returned,High,1764.1,VIP
506798,Notebook,42,2024-02-19 16:00,96.69,0.11,26.55,Stationery,In-store,Not Returned,Medium,4060.98,VIP
796974,Wireless Mouse,41,2024-02-19 23:00,31.88,0.13,12.88,Stationery,Online,Not Returned,High,1307.08,VIP
520506,Wall Clock,44,2024-02-20 06:00,94.52,0.33,28.5,Stationery,Online,Returned,Medium,4158.88,VIP
902843,Notebook,40,2024-02-20 20:00,96.22,0.24,9.82,Stationery,In-store,Not Returned,Medium,3848.8,VIP
868396,White Mug,41,2024-02-20 23:00,87.25,0.04,23.88,Stationery,Online,Not Returned,High,3577.25,VIP
710884,Headphones,45,2024-02-21 05:00,80.39,0.29,8.05,Stationery,In-store,Not Returned,Medium,3617.55,VIP
107988,Desk Lamp,21,2024-02-22 17:00,75.19,0.12,28.85,Stationery,In-store,Not Returned,Low,1578.99,VIP
132070,Backpack,41,2024-02-22 18:00,26.27,0.28,25.7,Stationery,Online,Not Returned,High,1077.07,VIP
690230,Backpack,27,2024-02-23 16:00,60.79,0.03,17.16,Stationery,Online,Not Returned,Low,1641.33,VIP
700257,Office Chair,41,2024-02-24 00:00,37.33,0.45,10.78,Stationery,Online,Not Returned,Low,1530.53,VIP
672769,White Mug,33,2024-02-24 03:00,94.43,0.31,29.46,Stationery,In-store,Not Returned,High,3116.19,VIP
187743,Backpack,25,2024-02-24 06:00,91.93,0.36,25.79,Stationery,In-store,Not Returned,High,2298.25,VIP
379708,White Mug,24,2024-02-24 07:00,92.03,0.03,23.66,Stationery,In-store,Not Returned,Low,2208.7200000000003,VIP
883079,Desk Lamp,17,2024-02-24 14:00,86.27,0.47,26.6,Stationery,In-store,Not Returned,High,1466.59,VIP
274130,USB Cable,39,2024-02-24 23:00,55.86,0.39,11.39,Stationery,In-store,Returned,High,2178.54,VIP
171343,Desk Lamp,14,2024-02-25 02:00,71.56,0.2,5.54,Stationery,In-store,Not Returned,High,1001.84,VIP
345258,Wall Clock,34,2024-02-25 03:00,92.11,0.22,17.36,Stationery,Online,Not Returned,Medium,3131.74,VIP
307687,White Mug,12,2024-02-25 09:00,97.75,0.43,14.72,Stationery,In-store,Returned,Low,1173.0,VIP
593467,Headphones,22,2024-02-25 15:00,71.5,0.36,28.04,Stationery,In-store,Not Returned,Medium,1573.0,VIP
823138,USB Cable,36,2024-02-25 16:00,57.01,0.46,12.66,Stationery,In-store,Not Returned,Low,2052.36,VIP
529932,Backpack,29,2024-02-26 07:00,36.68,0.13,11.45,Stationery,In-store,Not Returned,Low,1063.72,VIP
420882,Office Chair,37,2024-02-26 08:00,50.15,0.04,16.18,Stationery,In-store,Not Returned,High,1855.55,VIP
387802,Blue Pen,32,2024-02-27 09:00,72.12,0.19,11.41,Stationery,Online,Not Returned,Medium,2307.84,VIP
113409,Headphones,31,2024-02-28 22:00,68.81,0.39,29.02,Stationery,In-store,Not Returned,High,2133.11,VIP
158022,Notebook,46,2024-02-29 01:00,77.52,0.42,28.77,Stationery,Online,Not Returned,High,3565.92,VIP
987673,Office Chair,31,2024-02-29 07:00,37.95,0.5,9.26,Stationery,In-store,Not Returned,Low,1176.45,VIP
465589,Notebook,23,2024-02-29 10:00,66.65,0.14,25.79,Stationery,In-store,Not Returned,High,1532.95,VIP
509320,Notebook,-26,2024-02-29 19:00,-43.29,1.6288261501250747,,Stationery,In-store,Not Returned,Medium,1125.54,VIP
282600,Blue Pen,36,2024-03-01 02:00,66.33,0.05,26.52,Stationery,In-store,Not Returned,Low,2387.88,VIP
719259,Blue Pen,27,2024-03-01 05:00,94.12,0.12,11.18,Stationery,In-store,Not Returned,Medium,2541.24,VIP
349307,Blue Pen,47,2024-03-01 07:00,43.89,0.46,9.53,Stationery,Online,Returned,High,2062.83,VIP
221411,T-shirt,32,2024-03-01 17:00,72.68,0.28,13.8,Stationery,Online,Not Returned,Low,2325.76,VIP
678253,Office Chair,49,2024-03-01 18:00,71.38,0.44,10.23,Stationery,In-store,Not Returned,High,3497.62,VIP
955610,Desk Lamp,-15,2024-03-01 20:00,-77.01,1.87673700933671,,Stationery,Online,Not Returned,High,1155.15,VIP
344636,T-shirt,28,2024-03-02 05:00,47.86,0.24,23.99,Stationery,In-store,Not Returned,High,1340.08,VIP
447466,Wall Clock,45,2024-03-02 12:00,22.59,0.18,17.76,Stationery,Online,Not Returned,High,1016.55,VIP
805983,Wireless Mouse,33,2024-03-04 19:00,71.25,0.27,9.23,Stationery,In-store,Not Returned,Low,2351.25,VIP
558825,Backpack,29,2024-03-04 22:00,81.75,0.2,13.17,Stationery,Online,Not Returned,Medium,2370.75,VIP
214938,Desk Lamp,18,2024-03-04 23:00,88.64,0.15,5.84,Stationery,In-store,Not Returned,High,1595.52,VIP
522793,USB Cable,24,2024-03-05 01:00,71.33,0.37,11.63,Stationery,In-store,Not Returned,Low,1711.92,VIP
552962,Wall Clock,34,2024-03-05 02:00,70.92,0.22,24.26,Stationery,In-store,Not Returned,High,2411.28,VIP
981991,Wall Clock,34,2024-03-05 05:00,54.05,0.16,17.92,Stationery,Online,Not Returned,High,1837.7,VIP
354536,USB Cable,31,2024-03-05 09:00,82.02,0.42,29.52,Stationery,In-store,Not Returned,High,2542.62,VIP
360227,Notebook,39,2024-03-05 13:00,99.33,0.01,19.68,Stationery,In-store,Returned,High,3873.87,VIP
810135,Notebook,34,2024-03-05 23:00,95.03,0.42,7.91,Stationery,In-store,Not Returned,Medium,3231.02,VIP
809460,White Mug,41,2024-03-06 01:00,64.73,0.22,23.33,Stationery,In-store,Not Returned,Medium,2653.9300000000003,VIP
796012,Office Chair,49,2024-03-06 05:00,98.44,0.38,8.7,Stationery,In-store,Not Returned,Medium,4823.56,VIP
881923,Desk Lamp,37,2024-03-06 09:00,81.94,0.48,25.41,Stationery,Online,Not Returned,High,3031.78,VIP
555592,Desk Lamp,13,2024-03-06 19:00,87.2,0.05,20.95,Stationery,In-store,Not Returned,Medium,1133.6,VIP
211683,USB Cable,44,2024-03-07 05:00,84.73,0.39,23.4,Stationery,Online,Not Returned,High,3728.12,VIP
719220,Backpack,26,2024-03-07 22:00,82.29,0.09,5.83,Stationery,In-store,Not Returned,Low,2139.54,VIP
389340,White Mug,40,2024-03-08 07:00,61.58,0.36,18.94,Stationery,In-store,Not Returned,Medium,2463.2,VIP
270100,Desk Lamp,21,2024-03-08 15:00,89.16,0.39,8.52,Stationery,In-store,Not Returned,Low,1872.36,VIP
138877,Wireless Mouse,45,2024-03-08 18:00,44.23,0.1,29.68,Stationery,Online,Returned,Low,1990.35,VIP
778185,Wall Clock,27,2024-03-08 19:00,56.04,0.27,18.52,Stationery,Online,Not Returned,Medium,1513.08,VIP
648136,Wireless Mouse,39,2024-03-08 21:00,32.64,0.03,6.75,Stationery,In-store,Not Returned,High,1272.96,VIP
116552,Notebook,49,2024-03-09 05:00,20.99,0.47,14.04,Stationery,Online,Returned,High,1028.51,VIP
138182,Office Chair,23,2024-03-09 23:00,90.33,0.49,12.71,Stationery,In-store,Not Returned,High,2077.59,VIP
293180,USB Cable,37,2024-03-10 08:00,37.49,0.33,12.01,Stationery,Online,Not Returned,Low,1387.13,VIP
150324,Headphones,49,2024-03-10 20:00,83.58,0.38,18.36,Stationery,Online,Not Returned,Low,4095.42,VIP
481317,Wireless Mouse,33,2024-03-12 11:00,35.71,0.41,12.55,Stationery,In-store,Not Returned,Low,1178.43,VIP
572124,Backpack,13,2024-03-13 06:00,79.02,0.37,29.94,Stationery,In-store,Not Returned,High,1027.26,VIP
186126,Desk Lamp,45,2024-03-13 08:00,58.67,0.28,19.78,Stationery,In-store,Not Returned,Medium,2640.15,VIP
615102,Wall Clock,21,2024-03-13 16:00,60.49,0.3,10.24,Stationery,Online,Returned,Medium,1270.29,VIP
220247,Backpack,40,2024-03-14 20:00,37.87,0.01,24.38,Stationery,Online,Not Returned,Medium,1514.8,VIP
860615,USB Cable,16,2024-03-15 05:00,81.16,0.02,28.21,Stationery,Online,Not Returned,High,1298.56,VIP
512854,Wall Clock,-38,2024-03-15 21:00,-39.98,0.39,,Stationery,Online,Not Returned,Low,1519.2399999999998,VIP
677808,Blue Pen,42,2024-03-16 00:00,35.47,0.32,15.17,Stationery,Online,Not Returned,Low,1489.74,VIP
326972,USB Cable,35,2024-03-16 01:00,31.13,0.02,16.01,Stationery,Online,Not Returned,Low,1089.55,VIP
558026,Headphones,18,2024-03-16 06:00,89.32,0.31,29.97,Stationery,Online,Returned,High,1607.7599999999998,VIP
574699,Blue Pen,30,2024-03-16 08:00,36.57,0.42,10.69,Stationery,Online,Not Returned,High,1097.1,VIP
370280,Notebook,37,2024-03-16 14:00,84.31,0.25,18.24,Stationery,In-store,Not Returned,Medium,3119.4700000000003,VIP
929431,USB Cable,15,2024-03-16 17:00,88.21,0.22,12.95,Stationery,In-store,Not Returned,Low,1323.15,VIP
813037,Wall Clock,32,2024-03-16 22:00,51.68,0.37,14.98,Stationery,Online,Not Returned,Low,1653.76,VIP
506051,Wall Clock,46,2024-03-18 09:00,57.79,0.49,10.54,Stationery,In-store,Not Returned,High,2658.34,VIP
993981,Wireless Mouse,-45,2024-03-18 13:00,-92.46,1.88091423656899,,Stationery,Online,Not Returned,High,4160.7,VIP
332144,Office Chair,33,2024-03-19 00:00,40.03,0.3,19.09,Stationery,In-store,Not Returned,Low,1320.99,VIP
968225,Headphones,44,2024-03-19 09:00,89.25,0.07,17.99,Stationery,In-store,Not Returned,Low,3927.0,VIP
229205,Wall Clock,37,2024-03-20 11:00,81.96,0.16,20.0,Stationery,In-store,Not Returned,High,3032.52,VIP
274830,Desk Lamp,35,2024-03-20 15:00,63.41,0.33,17.45,Stationery,In-store,Not Returned,High,2219.35,VIP
708347,Backpack,28,2024-03-20 22:00,48.86,0.4,7.6,Stationery,Online,Not Returned,Medium,1368.08,VIP
382218,White Mug,34,2024-03-21 14:00,76.74,0.07,7.51,Stationery,In-store,Not Returned,Low,2609.16,VIP
171509,Headphones,49,2024-03-22 04:00,56.5,0.26,21.3,Stationery,Online,Not Returned,Low,2768.5,VIP
315078,Wall Clock,26,2024-03-22 07:00,39.51,0.11,12.24,Stationery,Online,Not Returned,High,1027.26,VIP
156436,T-shirt,26,2024-03-22 13:00,47.21,0.37,12.43,Stationery,Online,Not Returned,Low,1227.46,VIP
655084,Office Chair,-22,2024-03-23 22:00,-95.18,1.7164394058541208,,Stationery,In-store,Not Returned,Low,2093.96,VIP
203146,Wireless Mouse,19,2024-03-25 00:00,91.79,0.04,23.44,Stationery,In-store,Not Returned,Medium,1744.0100000000002,VIP
326610,Office Chair,33,2024-03-25 01:00,73.69,0.06,20.77,Stationery,In-store,Not Returned,High,2431.77,VIP
296868,Notebook,45,2024-03-25 04:00,79.09,0.46,20.68,Stationery,In-store,Not Returned,Medium,3559.05,VIP
911512,USB Cable,16,2024-03-26 07:00,84.89,0.23,28.98,Stationery,Online,Returned,High,1358.24,VIP
608180,Notebook,40,2024-03-26 19:00,81.26,0.2,9.2,Stationery,Online,Not Returned,High,3250.4,VIP
150123,Wireless Mouse,35,2024-03-27 18:00,52.99,0.29,19.44,Stationery,Online,Not Returned,Medium,1854.65,VIP
357058,T-shirt,37,2024-03-28 00:00,31.56,0.23,23.08,Stationery,In-store,Not Returned,High,1167.72,VIP
457138,Desk Lamp,29,2024-03-28 11:00,79.14,0.14,29.22,Stationery,In-store,Not Returned,Low,2295.06,VIP
685369,T-shirt,23,2024-03-28 16:00,73.21,0.23,27.36,Stationery,In-store,Not Returned,Low,1683.83,VIP
628409,Wireless Mouse,31,2024-03-29 01:00,60.81,0.11,11.47,Stationery,Online,Not Returned,Medium,1885.11,VIP
516697,White Mug,23,2024-03-29 11:00,89.17,0.46,17.14,Stationery,In-store,Not Returned,Medium,2050.91,VIP
597106,Wireless Mouse,22,2024-03-29 13:00,92.54,0.06,16.31,Stationery,In-store,Not Returned,High,2035.88,VIP
510299,Notebook,40,2024-03-31 04:00,58.68,0.23,23.77,Stationery,In-store,Not Returned,Medium,2347.2,VIP
500419,Headphones,24,2024-03-31 13:00,47.66,0.38,26.53,Stationery,In-store,Not Returned,High,1143.84,VIP
523133,Headphones,20,2024-04-01 01:00,69.14,0.27,8.22,Stationery,In-store,Not Returned,High,1382.8,VIP
844152,White Mug,47,2024-04-01 07:00,62.67,0.17,21.36,Stationery,Online,Not Returned,Medium,2945.49,VIP
870452,T-shirt,16,2024-04-01 18:00,71.41,0.44,15.06,Stationery,In-store,Not Returned,Low,1142.56,VIP
206172,T-shirt,43,2024-04-01 21:00,69.39,0.08,11.9,Stationery,Online,Not Returned,Low,2983.77,VIP
107564,USB Cable,31,2024-04-02 04:00,33.38,0.31,16.37,Stationery,Online,Not Returned,Medium,1034.78,VIP
330953,Backpack,18,2024-04-02 10:00,74.32,0.43,6.99,Stationery,In-store,Not Returned,Low,1337.7599999999998,VIP
812284,Blue Pen,28,2024-04-02 11:00,91.42,0.5,22.07,Stationery,In-store,Not Returned,Medium,2559.76,VIP
907340,Desk Lamp,38,2024-04-02 21:00,53.96,0.43,23.88,Stationery,Online,Not Returned,Medium,2050.48,VIP
439460,Wall Clock,38,2024-04-03 06:00,79.63,0.22,11.2,Stationery,In-store,Not Returned,Low,3025.94,VIP
217982,Headphones,38,2024-04-03 14:00,69.01,0.47,14.73,Stationery,Online,Not Returned,Medium,2622.38,VIP
359463,Backpack,40,2024-04-03 21:00,85.87,0.21,22.79,Stationery,In-store,Returned,High,3434.8,VIP
198834,Wireless Mouse,43,2024-04-04 10:00,56.65,0.27,19.49,Stationery,In-store,Not Returned,Medium,2435.95,VIP
181085,Headphones,34,2024-04-05 07:00,63.78,0.09,5.02,Stationery,In-store,Not Returned,Medium,2168.52,VIP
535952,Office Chair,23,2024-04-05 20:00,73.53,0.27,12.42,Stationery,In-store,Not Returned,High,1691.19,VIP
757880,Notebook,23,2024-04-06 02:00,62.49,0.12,10.57,Stationery,In-store,Not Returned,Low,1437.27,VIP
247818,Office Chair,24,2024-04-06 15:00,62.37,0.45,24.46,Stationery,Online,Not Returned,Low,1496.88,VIP
781071,Desk Lamp,46,2024-04-06 21:00,25.36,0.0,22.92,Stationery,In-store,Not Returned,High,1166.56,VIP
326805,Wall Clock,35,2024-04-07 14:00,47.1,0.08,21.99,Stationery,In-store,Returned,Medium,1648.5,VIP
541624,USB Cable,49,2024-04-08 00:00,30.72,0.49,8.2,Stationery,In-store,Not Returned,Medium,1505.28,VIP
260024,Wireless Mouse,33,2024-04-08 09:00,45.16,0.34,14.25,Stationery,In-store,Not Returned,Low,1490.28,VIP
572320,Wireless Mouse,28,2024-04-08 11:00,87.51,0.39,24.38,Stationery,In-store,Returned,High,2450.28,VIP
845795,Wall Clock,33,2024-04-08 13:00,59.83,0.06,24.22,Stationery,Online,Not Returned,Low,1974.39,VIP
838965,Blue Pen,32,2024-04-08 16:00,89.05,0.06,15.1,Stationery,Online,Returned,High,2849.6,VIP
693536,Headphones,30,2024-04-08 19:00,58.44,0.33,27.83,Stationery,Online,Not Returned,Medium,1753.1999999999998,VIP
408357,Wireless Mouse,45,2024-04-09 06:00,49.7,0.36,12.33,Stationery,Online,Not Returned,High,2236.5,VIP
252611,Office Chair,34,2024-04-09 22:00,71.47,0.31,18.62,Stationery,Online,Not Returned,Low,2429.98,VIP
685142,Blue Pen,33,2024-04-11 07:00,78.21,0.32,29.17,Stationery,Online,Not Returned,Low,2580.93,VIP
276549,Wall Clock,46,2024-04-11 13:00,26.26,0.44,16.82,Stationery,In-store,Returned,Low,1207.96,VIP
577906,White Mug,40,2024-04-11 19:00,41.14,0.16,7.0,Stationery,In-store,Not Returned,High,1645.6,VIP
972827,Wall Clock,37,2024-04-11 22:00,42.87,0.22,15.92,Stationery,Online,Not Returned,Medium,1586.1899999999998,VIP
970868,Headphones,15,2024-04-12 05:00,66.68,0.33,28.26,Stationery,In-store,Not Returned,Medium,1000.2,VIP
941188,Headphones,28,2024-04-12 13:00,73.94,0.18,17.11,Stationery,Online,Not Returned,High,2070.32,VIP
172884,Wireless Mouse,46,2024-04-12 19:00,32.9,0.14,17.15,Stationery,In-store,Not Returned,Medium,1513.4,VIP
712231,Blue Pen,40,2024-04-13 04:00,79.56,0.43,25.91,Stationery,In-store,Not Returned,Low,3182.4,VIP
533963,Desk Lamp,44,2024-04-13 08:00,73.21,0.3,8.48,Stationery,In-store,Not Returned,Medium,3221.24,VIP
403204,Wireless Mouse,39,2024-04-14 03:00,86.91,0.45,27.08,Stationery,In-store,Returned,Low,3389.49,VIP
624966,Notebook,44,2024-04-14 19:00,97.78,0.26,23.29,Stationery,In-store,Not Returned,Medium,4302.32,VIP
617379,Wall Clock,34,2024-04-14 20:00,95.64,0.25,12.41,Stationery,Online,Not Returned,Medium,3251.76,VIP
932229,USB Cable,41,2024-04-14 22:00,98.93,0.15,23.1,Stationery,Online,Not Returned,Medium,4056.13,VIP
401038,Headphones,38,2024-04-15 01:00,42.66,0.17,25.99,Stationery,In-store,Not Returned,Low,1621.08,VIP
586431,Blue Pen,36,2024-04-15 02:00,79.66,0.13,18.92,Stationery,Online,Not Returned,Medium,2867.76,VIP
482762,Backpack,39,2024-04-15 11:00,51.83,0.2,15.25,Stationery,In-store,Not Returned,Medium,2021.37,VIP
766196,Blue Pen,23,2024-04-15 16:00,78.15,0.25,20.82,Stationery,In-store,Not Returned,Medium,1797.45,VIP
534136,Backpack,27,2024-04-15 23:00,79.62,0.43,25.42,Stationery,Online,Not Returned,High,2149.74,VIP
618372,Blue Pen,34,2024-04-17 07:00,52.9,0.25,14.93,Stationery,In-store,Returned,Medium,1798.6,VIP
683946,White Mug,-46,2024-04-17 14:00,-41.56,1.0465070799380451,,Stationery,In-store,Not Returned,Medium,1911.76,VIP
228081,Office Chair,18,2024-04-17 17:00,56.39,0.09,19.63,Stationery,In-store,Not Returned,High,1015.02,VIP
546330,Blue Pen,42,2024-04-18 07:00,69.27,0.02,24.11,Stationery,In-store,Not Returned,Medium,2909.34,VIP
401586,White Mug,41,2024-04-18 08:00,84.02,0.3,17.44,Stationery,Online,Not Returned,Medium,3444.82,VIP
382278,T-shirt,45,2024-04-18 14:00,45.27,0.21,5.37,Stationery,In-store,Not Returned,High,2037.15,VIP
468499,White Mug,-29,2024-04-19 13:00,-36.43,0.13,,Stationery,Online,Not Returned,Low,1056.47,VIP
546620,T-shirt,16,2024-04-19 16:00,85.22,0.05,12.82,Stationery,In-store,Returned,Low,1363.52,VIP
898951,Office Chair,25,2024-04-19 23:00,52.13,0.11,27.4,Stationery,Online,Not Returned,High,1303.25,VIP
331181,Wall Clock,38,2024-04-20 13:00,61.66,0.16,6.79,Stationery,In-store,Not Returned,Medium,2343.08,VIP
932822,Backpack,38,2024-04-22 15:00,53.82,0.27,11.93,Stationery,Online,Not Returned,High,2045.16,VIP
660725,White Mug,37,2024-04-23 05:00,65.9,0.22,24.91,Stationery,Online,Returned,Medium,2438.3,VIP
575710,Office Chair,25,2024-04-23 23:00,82.5,0.01,21.44,Stationery,Online,Not Returned,Medium,2062.5,VIP
518070,Blue Pen,13,2024-04-24 18:00,89.6,0.31,21.63,Stationery,In-store,Not Returned,High,1164.8,VIP
738457,Blue Pen,41,2024-04-25 01:00,88.08,0.16,17.89,Stationery,Online,Not Returned,Low,3611.28,VIP
498754,Wireless Mouse,19,2024-04-25 06:00,56.71,0.31,24.02,Stationery,In-store,Not Returned,Low,1077.49,VIP
478809,USB Cable,33,2024-04-26 01:00,83.27,0.05,24.23,Stationery,In-store,Not Returned,Low,2747.91,VIP
571993,Office Chair,35,2024-04-27 01:00,65.52,0.15,12.73,Stationery,In-store,Not Returned,High,2293.2,VIP
245219,Notebook,40,2024-04-27 02:00,31.44,0.46,6.71,Stationery,Online,Not Returned,Medium,1257.6,VIP
346522,Wireless Mouse,20,2024-04-27 04:00,51.95,0.13,29.61,Stationery,In-store,Not Returned,Low,1039.0,VIP
895066,Backpack,23,2024-04-27 07:00,57.78,0.26,21.0,Stationery,In-store,Not Returned,High,1328.94,VIP
403565,Blue Pen,40,2024-04-27 14:00,89.77,0.5,5.39,Stationery,Online,Not Returned,High,3590.8,VIP
709760,Blue Pen,18,2024-04-27 15:00,96.04,0.21,8.72,Stationery,Online,Not Returned,Low,1728.72,VIP
668978,Blue Pen,43,2024-04-28 09:00,74.98,0.3,28.72,Stationery,In-store,Not Returned,Low,3224.1400000000003,VIP
331366,Desk Lamp,19,2024-04-28 13:00,66.33,0.47,10.01,Stationery,In-store,Returned,High,1260.27,VIP
446473,Wall Clock,25,2024-04-29 00:00,56.44,0.41,10.31,Stationery,Online,Not Returned,High,1411.0,VIP
456105,Notebook,32,2024-04-29 02:00,68.78,0.5,10.61,Stationery,In-store,Not Returned,Low,2200.96,VIP
237213,T-shirt,-45,2024-04-29 17:00,-79.1,1.5473475657853988,,Stationery,In-store,Not Returned,Medium,3559.4999999999995,VIP
191477,Blue Pen,15,2024-04-29 23:00,74.8,0.19,28.28,Stationery,In-store,Not Returned,Low,1122.0,VIP
965976,Notebook,19,2024-04-30 04:00,86.87,0.29,6.1,Stationery,Online,Not Returned,High,1650.5300000000002,VIP
992729,White Mug,45,2024-04-30 08:00,95.71,0.25,20.17,Stationery,In-store,Not Returned,Low,4306.95,VIP
298812,Desk Lamp,41,2024-04-30 13:00,47.43,0.27,18.02,Stationery,In-store,Not Returned,High,1944.63,VIP
701518,Headphones,27,2024-04-30 14:00,63.42,0.39,17.1,Stationery,In-store,Returned,Low,1712.34,VIP
502589,Office Chair,31,2024-04-30 17:00,47.37,0.4,25.95,Stationery,Online,Not Returned,High,1468.47,VIP
296119,Backpack,26,2024-04-30 21:00,84.24,0.26,12.88,Stationery,Online,Not Returned,Medium,2190.24,VIP
776488,T-shirt,20,2024-05-02 03:00,59.65,0.32,6.56,Stationery,Online,Not Returned,High,1193.0,VIP
882581,White Mug,18,2024-05-02 13:00,89.78,0.42,20.59,Stationery,Online,Not Returned,Medium,1616.04,VIP
208502,Blue Pen,48,2024-05-03 01:00,96.16,0.49,20.23,Stationery,In-store,Not Returned,High,4615.68,VIP
628252,White Mug,32,2024-05-03 07:00,35.03,0.14,8.52,Stationery,Online,Not Returned,Low,1120.96,VIP
380202,White Mug,21,2024-05-03 10:00,70.68,0.2,19.39,Stationery,In-store,Not Returned,High,1484.2800000000002,VIP
342706,Wall Clock,30,2024-05-03 12:00,89.36,0.28,24.89,Stationery,In-store,Not Returned,Medium,2680.8,VIP
766244,Blue Pen,22,2024-05-03 19:00,59.76,0.11,28.78,Stationery,Online,Not Returned,Low,1314.72,VIP
445891,Desk Lamp,36,2024-05-03 22:00,94.38,0.15,28.59,Stationery,In-store,Not Returned,Medium,3397.68,VIP
873405,Wireless Mouse,43,2024-05-04 07:00,77.24,0.01,15.22,Stationery,Online,Not Returned,High,3321.32,VIP
338875,Office Chair,21,2024-05-04 08:00,96.81,0.33,17.97,Stationery,In-store,Not Returned,Medium,2033.01,VIP
108157,Notebook,40,2024-05-04 16:00,98.37,0.08,10.36,Stationery,In-store,Not Returned,High,3934.8,VIP
388372,USB Cable,14,2024-05-04 20:00,83.25,0.01,18.75,Stationery,In-store,Not Returned,Low,1165.5,VIP
720767,T-shirt,30,2024-05-05 06:00,96.34,0.02,13.92,Stationery,In-store,Not Returned,Low,2890.2000000000003,VIP
846970,Wall Clock,21,2024-05-05 17:00,47.77,0.28,9.86,Stationery,Online,Not Returned,Low,1003.17,VIP
475915,Backpack,35,2024-05-06 21:00,76.62,0.13,16.5,Stationery,Online,Not Returned,Medium,2681.7000000000003,VIP
715114,Blue Pen,33,2024-05-07 02:00,92.89,0.36,14.5,Stationery,In-store,Not Returned,Low,3065.37,VIP
684782,Wall Clock,48,2024-05-07 03:00,70.94,0.49,5.24,Stationery,In-store,Not Returned,High,3405.12,VIP
559758,Wall Clock,38,2024-05-07 13:00,84.89,0.39,19.63,Stationery,Online,Not Returned,Low,3225.82,VIP
341687,Notebook,46,2024-05-07 18:00,82.82,0.04,23.11,Stationery,In-store,Not Returned,High,3809.72,VIP
101980,Backpack,25,2024-05-08 00:00,86.95,0.29,13.81,Stationery,Online,Returned,High,2173.75,VIP
141988,Headphones,36,2024-05-08 12:00,51.62,0.03,26.3,Stationery,Online,Not Returned,Low,1858.32,VIP
494902,Blue Pen,33,2024-05-08 16:00,71.84,0.34,26.39,Stationery,In-store,Returned,Low,2370.7200000000003,VIP
208336,Office Chair,33,2024-05-08 19:00,80.21,0.08,11.93,Stationery,Online,Returned,Medium,2646.93,VIP
485718,USB Cable,14,2024-05-08 21:00,99.89,0.09,19.21,Stationery,In-store,Not Returned,Low,1398.46,VIP
421893,Desk Lamp,28,2024-05-09 14:00,83.19,0.35,23.28,Stationery,In-store,Not Returned,High,2329.32,VIP
964038,White Mug,-44,2024-05-10 00:00,-69.19,0.12,,Stationery,Online,Not Returned,High,3044.36,VIP
249232,Backpack,20,2024-05-10 16:00,80.6,0.04,27.66,Stationery,In-store,Not Returned,Low,1612.0,VIP
161444,Wall Clock,-25,2024-05-11 15:00,-41.63,1.303596711192681,,Stationery,In-store,Not Returned,High,1040.75,VIP
788484,Wireless Mouse,46,2024-05-11 16:00,47.35,0.48,19.36,Stationery,Online,Not Returned,Low,2178.1,VIP
100203,Office Chair,26,2024-05-11 18:00,66.45,0.2,12.58,Stationery,In-store,Not Returned,Low,1727.7,VIP
788624,Office Chair,49,2024-05-11 23:00,22.45,0.06,22.03,Stationery,Online,Not Returned,Medium,1100.05,VIP
386161,Backpack,36,2024-05-12 18:00,57.88,0.16,25.64,Stationery,In-store,Not Returned,Low,2083.6800000000003,VIP
565765,Notebook,32,2024-05-13 16:00,83.89,0.17,14.81,Stationery,In-store,Not Returned,Medium,2684.48,VIP
287922,Notebook,45,2024-05-14 12:00,59.59,0.35,23.12,Stationery,In-store,Not Returned,Low,2681.55,VIP
500722,Notebook,16,2024-05-14 20:00,69.9,0.25,25.48,Stationery,In-store,Not Returned,High,1118.4,VIP
280023,USB Cable,18,2024-05-14 23:00,70.18,0.04,22.9,Stationery,Online,Not Returned,Low,1263.2400000000002,VIP
982193,USB Cable,41,2024-05-15 00:00,39.55,0.21,22.2,Stationery,Online,Not Returned,High,1621.55,VIP
748560,Headphones,46,2024-05-15 01:00,73.14,0.08,13.25,Stationery,In-store,Not Returned,Low,3364.44,VIP
896325,T-shirt,26,2024-05-15 06:00,99.17,0.36,8.99,Stationery,Online,Not Returned,Medium,2578.42,VIP
256226,Desk Lamp,29,2024-05-15 07:00,92.48,0.02,25.86,Stationery,Online,Not Returned,Low,2681.92,VIP
543973,Notebook,31,2024-05-15 09:00,40.35,0.28,26.93,Stationery,In-store,Not Returned,Medium,1250.85,VIP
647919,USB Cable,40,2024-05-15 18:00,93.67,0.4,26.49,Stationery,In-store,Not Returned,Medium,3746.8,VIP
507443,Wireless Mouse,-47,2024-05-16 06:00,-49.75,1.6672032836826705,,Stationery,Online,Not Returned,Low,2338.25,VIP
779872,Headphones,35,2024-05-16 20:00,38.97,0.23,19.52,Stationery,In-store,Not Returned,High,1363.95,VIP
757816,Blue Pen,44,2024-05-17 07:00,79.28,0.16,12.58,Stationery,Online,Not Returned,High,3488.32,VIP
509806,Desk Lamp,31,2024-05-17 08:00,52.54,0.42,27.76,Stationery,Online,Not Returned,High,1628.74,VIP
828052,T-shirt,27,2024-05-17 14:00,48.12,0.36,16.44,Stationery,In-store,Not Returned,Low,1299.24,VIP
849497,Headphones,45,2024-05-18 11:00,47.53,0.05,10.65,Stationery,Online,Not Returned,Low,2138.85,VIP
385095,White Mug,49,2024-05-19 00:00,89.01,0.39,27.79,Stationery,Online,Not Returned,Low,4361.490000000001,VIP
638953,Wall Clock,29,2024-05-19 07:00,97.39,0.23,16.85,Stationery,In-store,Not Returned,High,2824.31,VIP
638848,Office Chair,17,2024-05-19 08:00,93.52,0.06,5.23,Stationery,Online,Not Returned,High,1589.84,VIP
254957,USB Cable,14,2024-05-20 08:00,81.57,0.3,10.16,Stationery,Online,Not Returned,Low,1141.98,VIP
246528,T-shirt,33,2024-05-20 14:00,41.59,0.39,15.11,Stationery,Online,Not Returned,High,1372.47,VIP
462665,Office Chair,36,2024-05-21 02:00,34.83,0.23,23.15,Stationery,Online,Not Returned,High,1253.88,VIP
272827,Headphones,14,2024-05-21 07:00,95.26,0.01,20.94,Stationery,Online,Not Returned,Medium,1333.64,VIP
271858,Notebook,44,2024-05-21 18:00,65.45,0.4,26.68,Stationery,In-store,Returned,High,2879.8,VIP
700884,T-shirt,31,2024-05-22 23:00,54.75,0.3,29.97,Stationery,Online,Not Returned,Medium,1697.25,VIP
578403,Backpack,41,2024-05-23 11:00,27.96,0.4,21.14,Stationery,In-store,Not Returned,High,1146.36,VIP
806098,Wall Clock,16,2024-05-23 15:00,63.68,0.25,27.58,Stationery,In-store,Not Returned,High,1018.88,VIP
733453,Wall Clock,47,2024-05-23 21:00,56.2,0.25,5.38,Stationery,Online,Not Returned,Medium,2641.4,VIP
651688,Wall Clock,48,2024-05-24 13:00,72.89,0.41,5.18,Stationery,In-store,Returned,Medium,3498.7200000000003,VIP
292958,Wall Clock,25,2024-05-24 17:00,82.27,0.47,27.58,Stationery,Online,Not Returned,Medium,2056.75,VIP
823397,White Mug,42,2024-05-25 02:00,90.73,0.3,28.89,Stationery,Online,Not Returned,Medium,3810.66,VIP
215625,White Mug,37,2024-05-25 03:00,80.98,0.28,16.56,Stationery,In-store,Not Returned,High,2996.26,VIP
273033,Office Chair,29,2024-05-26 00:00,40.21,0.22,14.4,Stationery,In-store,Not Returned,Low,1166.09,VIP
240435,White Mug,23,2024-05-27 05:00,71.36,0.22,25.85,Stationery,In-store,Returned,High,1641.28,VIP
173960,T-shirt,22,2024-05-27 07:00,73.61,0.39,13.05,Stationery,Online,Not Returned,Medium,1619.42,VIP
317670,White Mug,39,2024-05-27 20:00,27.18,0.27,11.96,Stationery,Online,Not Returned,Medium,1060.02,VIP
809157,White Mug,42,2024-05-27 22:00,84.86,0.29,19.72,Stationery,In-store,Returned,Low,3564.12,VIP
804952,Wall Clock,20,2024-05-28 02:00,67.49,0.09,13.24,Stationery,Online,Returned,High,1349.8,VIP
113269,T-shirt,42,2024-05-28 10:00,89.13,0.27,22.6,Stationery,In-store,Not Returned,High,3743.46,VIP
620542,Office Chair,48,2024-05-28 17:00,27.23,0.46,19.84,Stationery,In-store,Returned,Medium,1307.04,VIP
464036,Wireless Mouse,43,2024-05-28 20:00,30.7,0.08,20.98,Stationery,Online,Returned,Low,1320.1,VIP
507881,White Mug,-50,2024-05-29 22:00,-54.76,1.988729144443392,,Stationery,Online,Not Returned,Medium,2738.0,VIP
954706,Backpack,19,2024-05-30 13:00,59.06,0.44,18.58,Stationery,In-store,Not Returned,High,1122.14,VIP
720684,White Mug,26,2024-05-30 21:00,73.49,0.46,6.42,Stationery,In-store,Not Returned,High,1910.74,VIP
583069,Desk Lamp,37,2024-05-31 23:00,58.66,0.37,27.09,Stationery,In-store,Not Returned,Medium,2170.42,VIP
588830,Headphones,47,2024-06-01 12:00,98.01,0.23,22.62,Stationery,Online,Not Returned,High,4606.47,VIP
304819,Notebook,18,2024-06-02 06:00,65.22,0.03,20.78,Stationery,In-store,Returned,Low,1173.96,VIP
637803,Wireless Mouse,33,2024-06-02 07:00,40.67,0.09,28.7,Stationery,In-store,Not Returned,Medium,1342.11,VIP
364319,Blue Pen,-50,2024-06-02 11:00,-86.34,0.43,,Stationery,Online,Not Returned,Medium,4317.0,VIP
518235,USB Cable,-21,2024-06-03 00:00,-58.73,1.6788157553521454,,Stationery,Online,Not Returned,Low,1233.33,VIP
297386,Wireless Mouse,31,2024-06-03 05:00,66.29,0.43,17.36,Stationery,In-store,Not Returned,High,2054.99,VIP
367294,Blue Pen,43,2024-06-03 10:00,34.52,0.28,21.39,Stationery,Online,Returned,High,1484.36,VIP
985226,Wireless Mouse,22,2024-06-04 00:00,47.88,0.38,7.46,Stationery,Online,Not Returned,High,1053.36,VIP
989725,Wall Clock,20,2024-06-04 14:00,52.75,0.41,26.88,Stationery,Online,Returned,Low,1055.0,VIP
946757,Office Chair,30,2024-06-04 21:00,72.78,0.35,12.26,Stationery,Online,Not Returned,Medium,2183.4,VIP
101676,Backpack,40,2024-06-04 23:00,41.47,0.41,11.19,Stationery,In-store,Returned,High,1658.8,VIP
292375,Blue Pen,30,2024-06-05 04:00,77.63,0.07,10.67,Stationery,In-store,Not Returned,Low,2328.9,VIP
727844,Blue Pen,-40,2024-06-05 13:00,-73.71,0.17,,Stationery,Online,Not Returned,Low,2948.4,VIP
917025,Office Chair,17,2024-06-06 02:00,65.91,0.06,12.91,Stationery,Online,Not Returned,Medium,1120.47,VIP
930833,Wall Clock,39,2024-06-06 08:00,36.37,0.33,29.59,Stationery,Online,Not Returned,Low,1418.4299999999998,VIP
237679,Office Chair,19,2024-06-07 04:00,73.86,0.4,10.3,Stationery,In-store,Returned,Low,1403.34,VIP
703872,Notebook,48,2024-06-07 13:00,53.49,0.24,21.72,Stationery,In-store,Not Returned,Medium,2567.52,VIP
391734,Wireless Mouse,21,2024-06-08 22:00,98.08,0.22,28.46,Stationery,In-store,Not Returned,Medium,2059.68,VIP
519154,Notebook,20,2024-06-09 07:00,70.01,0.11,23.43,Stationery,Online,Not Returned,High,1400.2,VIP
175475,USB Cable,30,2024-06-09 19:00,95.24,0.34,23.35,Stationery,In-store,Not Returned,Low,2857.2,VIP
186356,Blue Pen,35,2024-06-10 01:00,82.83,0.42,15.72,Stationery,In-store,Not Returned,Medium,2899.05,VIP
796438,Blue Pen,35,2024-06-11 12:00,65.68,0.19,6.25,Stationery,Online,Not Returned,Low,2298.8,VIP
856567,Wireless Mouse,39,2024-06-11 13:00,96.83,0.28,6.05,Stationery,Online,Returned,Low,3776.37,VIP
961933,Office Chair,43,2024-06-11 21:00,31.65,0.2,7.03,Stationery,Online,Not Returned,Medium,1360.95,VIP
352673,Wall Clock,45,2024-06-12 05:00,73.27,0.08,15.26,Stationery,Online,Not Returned,High,3297.15,VIP
622582,Notebook,18,2024-06-12 11:00,86.15,0.26,24.2,Stationery,Online,Not Returned,High,1550.7,VIP
311519,Wall Clock,49,2024-06-12 16:00,35.47,0.16,13.61,Stationery,In-store,Not Returned,High,1738.03,VIP
928296,Notebook,-27,2024-06-12 19:00,-59.88,1.9552915697807147,,Stationery,Online,Not Returned,High,1616.76,VIP
841277,USB Cable,48,2024-06-12 23:00,90.3,0.12,25.75,Stationery,In-store,Not Returned,Low,4334.4,VIP
122970,Office Chair,49,2024-06-13 02:00,46.3,0.3,10.42,Stationery,Online,Not Returned,Medium,2268.7,VIP
464474,Backpack,22,2024-06-13 13:00,89.85,0.07,21.59,Stationery,Online,Returned,Low,1976.7,VIP
405783,Wireless Mouse,19,2024-06-13 17:00,92.67,0.04,19.12,Stationery,In-store,Not Returned,Low,1760.73,VIP
955184,Wireless Mouse,18,2024-06-14 01:00,60.09,0.31,9.13,Stationery,Online,Not Returned,Medium,1081.62,VIP
122687,Backpack,15,2024-06-14 12:00,96.79,0.03,23.26,Stationery,In-store,Not Returned,Medium,1451.85,VIP
898053,Backpack,48,2024-06-15 19:00,53.59,0.41,20.29,Stationery,Online,Not Returned,Medium,2572.32,VIP
142369,Wall Clock,41,2024-06-15 20:00,80.37,0.12,26.22,Stationery,Online,Not Returned,High,3295.17,VIP
394820,Wall Clock,35,2024-06-16 01:00,88.86,0.26,16.43,Stationery,In-store,Not Returned,Low,3110.1,VIP
559012,Backpack,24,2024-06-16 03:00,52.51,0.47,14.49,Stationery,In-store,Not Returned,Medium,1260.24,VIP
283576,Backpack,48,2024-06-16 04:00,43.28,0.05,8.75,Stationery,Online,Not Returned,Medium,2077.44,VIP
566761,T-shirt,41,2024-06-16 20:00,93.67,0.29,22.52,Stationery,Online,Returned,Medium,3840.47,VIP
935737,Office Chair,49,2024-06-18 06:00,55.16,0.13,17.79,Stationery,In-store,Returned,Low,2702.84,VIP
976021,Desk Lamp,37,2024-06-18 20:00,78.55,0.3,20.44,Stationery,Online,Not Returned,High,2906.35,VIP
122053,Backpack,28,2024-06-19 07:00,80.8,0.09,13.6,Stationery,Online,Not Returned,High,2262.4,VIP
944882,Office Chair,40,2024-06-19 11:00,97.51,0.49,27.33,Stationery,Online,Not Returned,Medium,3900.4,VIP
226385,Backpack,26,2024-06-19 12:00,67.31,0.41,25.68,Stationery,Online,Not Returned,High,1750.06,VIP
475691,T-shirt,18,2024-06-19 16:00,67.34,0.24,12.81,Stationery,In-store,Not Returned,Medium,1212.12,VIP
468486,Notebook,41,2024-06-20 10:00,70.38,0.09,23.13,Stationery,In-store,Not Returned,High,2885.58,VIP
856553,Backpack,16,2024-06-21 15:00,67.11,0.47,26.04,Stationery,In-store,Not Returned,High,1073.76,VIP
155103,Backpack,24,2024-06-21 19:00,45.45,0.39,12.67,Stationery,In-store,Not Returned,Low,1090.8000000000002,VIP
955056,Office Chair,46,2024-06-21 22:00,53.7,0.02,14.28,Stationery,In-store,Not Returned,High,2470.2000000000003,VIP
141456,Blue Pen,42,2024-06-21 23:00,26.86,0.45,28.38,Stationery,Online,Not Returned,High,1128.12,VIP
732672,Wireless Mouse,44,2024-06-22 02:00,95.9,0.26,12.94,Stationery,Online,Not Returned,Low,4219.6,VIP
428840,Desk Lamp,47,2024-06-22 05:00,43.77,0.01,11.52,Stationery,Online,Not Returned,High,2057.19,VIP
366456,Desk Lamp,43,2024-06-22 07:00,73.64,0.49,9.26,Stationery,Online,Not Returned,Low,3166.52,VIP
660552,Office Chair,23,2024-06-22 19:00,80.69,0.47,22.18,Stationery,In-store,Not Returned,Medium,1855.87,VIP
299079,T-shirt,15,2024-06-23 10:00,92.49,0.44,25.06,Stationery,Online,Not Returned,High,1387.35,VIP
995246,Office Chair,36,2024-06-24 14:00,82.62,0.34,11.84,Stationery,In-store,Not Returned,High,2974.32,VIP
983327,Notebook,28,2024-06-25 05:00,43.63,0.07,8.61,Stationery,Online,Not Returned,Medium,1221.64,VIP
410688,Wireless Mouse,18,2024-06-27 04:00,69.47,0.15,25.98,Stationery,Online,Not Returned,Low,1250.46,VIP
898352,USB Cable,37,2024-06-27 08:00,51.82,0.22,20.99,Stationery,In-store,Not Returned,Medium,1917.34,VIP
385395,T-shirt,33,2024-06-27 13:00,68.79,0.42,24.66,Stationery,Online,Not Returned,Low,2270.07,VIP
206371,Blue Pen,34,2024-06-27 21:00,84.78,0.05,15.45,Stationery,Online,Not Returned,Low,2882.52,VIP
880157,USB Cable,19,2024-06-28 00:00,88.79,0.04,26.3,Stationery,Online,Not Returned,Low,1687.0100000000002,VIP
315750,Office Chair,37,2024-07-01 02:00,65.07,0.45,11.49,Stationery,In-store,Not Returned,High,2407.59,VIP
604120,Backpack,-47,2024-07-02 07:00,-44.95,1.9333701048341008,,Stationery,In-store,Not Returned,High,2112.65,VIP
377883,Backpack,30,2024-07-02 13:00,51.05,0.08,10.09,Stationery,Online,Not Returned,High,1531.5,VIP
959444,Headphones,48,2024-07-02 14:00,83.62,0.15,14.96,Stationery,Online,Not Returned,Low,4013.76,VIP
923818,Office Chair,-34,2024-07-03 13:00,-51.59,0.36,,Stationery,In-store,Returned,High,1754.0600000000002,VIP
385087,Wall Clock,29,2024-07-04 00:00,91.97,0.27,20.32,Stationery,Online,Not Returned,Medium,2667.13,VIP
187051,White Mug,20,2024-07-04 01:00,69.34,0.46,15.27,Stationery,Online,Not Returned,Medium,1386.8000000000002,VIP
527189,Backpack,30,2024-07-04 10:00,90.89,0.32,16.07,Stationery,Online,Not Returned,Medium,2726.7,VIP
530283,Backpack,40,2024-07-05 01:00,41.06,0.41,26.23,Stationery,In-store,Returned,Medium,1642.4,VIP
324094,Notebook,35,2024-07-05 18:00,83.38,0.17,5.13,Stationery,Online,Not Returned,Medium,2918.3,VIP
623663,Backpack,37,2024-07-05 20:00,92.23,0.24,7.16,Stationery,Online,Not Returned,Low,3412.51,VIP
234802,Wireless Mouse,44,2024-07-06 01:00,29.21,0.12,15.42,Stationery,Online,Not Returned,Low,1285.24,VIP
265635,White Mug,30,2024-07-06 05:00,98.58,0.49,6.71,Stationery,In-store,Not Returned,Medium,2957.4,VIP
329635,USB Cable,35,2024-07-06 15:00,59.48,0.1,21.85,Stationery,Online,Not Returned,Medium,2081.8,VIP
941361,Wireless Mouse,39,2024-07-06 18:00,58.78,0.14,27.68,Stationery,Online,Not Returned,High,2292.42,VIP
305908,T-shirt,33,2024-07-07 03:00,40.92,0.14,20.97,Stationery,Online,Not Returned,Medium,1350.36,VIP
304228,Wireless Mouse,43,2024-07-07 19:00,65.01,0.15,14.03,Stationery,Online,Not Returned,Medium,2795.4300000000003,VIP
357589,Wall Clock,44,2024-07-08 00:00,38.92,0.04,6.21,Stationery,In-store,Not Returned,Medium,1712.48,VIP
489585,Headphones,23,2024-07-08 02:00,74.52,0.19,22.42,Stationery,Online,Not Returned,Low,1713.9599999999998,VIP
995823,Wall Clock,37,2024-07-11 00:00,98.28,0.14,18.2,Stationery,In-store,Returned,Medium,3636.36,VIP
769165,Wireless Mouse,34,2024-07-11 05:00,92.37,0.32,11.39,Stationery,In-store,Not Returned,Low,3140.58,VIP
959543,White Mug,42,2024-07-11 11:00,97.48,0.03,20.89,Stationery,In-store,Not Returned,Medium,4094.16,VIP
326062,Backpack,22,2024-07-11 17:00,76.76,0.43,12.88,Stationery,Online,Not Returned,High,1688.72,VIP
777424,Headphones,20,2024-07-11 20:00,90.32,0.37,19.37,Stationery,In-store,Not Returned,High,1806.4,VIP
216700,Headphones,33,2024-07-12 05:00,91.39,0.0,19.06,Stationery,Online,Not Returned,High,3015.87,VIP
784182,Office Chair,31,2024-07-12 07:00,37.72,0.4,23.38,Stationery,Online,Returned,Low,1169.32,VIP
896059,Backpack,49,2024-07-13 02:00,63.78,0.44,23.1,Stationery,Online,Not Returned,Low,3125.2200000000003,VIP
641025,Headphones,21,2024-07-13 06:00,52.67,0.21,17.56,Stationery,Online,Not Returned,High,1106.07,VIP
884108,Backpack,42,2024-07-13 20:00,68.03,0.04,23.4,Stationery,In-store,Returned,High,2857.26,VIP
268923,Notebook,38,2024-07-15 14:00,65.55,0.11,21.51,Stationery,In-store,Not Returned,Medium,2490.9,VIP
319077,USB Cable,46,2024-07-17 15:00,78.83,0.4,20.01,Stationery,In-store,Not Returned,High,3626.18,VIP
412058,Office Chair,28,2024-07-17 18:00,75.77,0.02,6.82,Stationery,Online,Not Returned,Medium,2121.56,VIP
432408,White Mug,32,2024-07-18 01:00,99.77,0.18,10.39,Stationery,In-store,Not Returned,Low,3192.64,VIP
838356,Wall Clock,18,2024-07-18 05:00,95.37,0.03,16.82,Stationery,Online,Not Returned,Medium,1716.66,VIP
411844,Desk Lamp,45,2024-07-18 09:00,31.85,0.15,27.9,Stationery,Online,Not Returned,Low,1433.25,VIP
638720,Wall Clock,21,2024-07-18 11:00,48.46,0.01,20.57,Stationery,In-store,Not Returned,Low,1017.66,VIP
856120,Desk Lamp,21,2024-07-19 07:00,58.0,0.32,25.41,Stationery,In-store,Not Returned,Medium,1218.0,VIP
197196,Desk Lamp,36,2024-07-20 05:00,50.79,0.5,9.15,Stationery,Online,Not Returned,Medium,1828.44,VIP
499993,Wall Clock,31,2024-07-20 10:00,42.84,0.36,14.97,Stationery,Online,Not Returned,High,1328.0400000000002,VIP
758770,Headphones,17,2024-07-20 14:00,85.95,0.32,5.32,Stationery,In-store,Not Returned,Low,1461.15,VIP
699060,White Mug,46,2024-07-20 15:00,67.0,0.2,19.18,Stationery,In-store,Not Returned,High,3082.0,VIP
700983,T-shirt,24,2024-07-20 19:00,69.15,0.44,8.11,Stationery,Online,Not Returned,Medium,1659.6,VIP
721931,Backpack,38,2024-07-20 22:00,49.66,0.29,11.91,Stationery,Online,Not Returned,High,1887.08,VIP
263249,Notebook,48,2024-07-21 08:00,81.54,0.45,17.15,Stationery,In-store,Returned,Low,3913.92,VIP
152754,Wall Clock,29,2024-07-21 16:00,64.4,0.01,18.68,Stationery,In-store,Returned,Low,1867.6,VIP
652856,Desk Lamp,48,2024-07-21 23:00,67.68,0.33,23.81,Stationery,Online,Not Returned,High,3248.6400000000003,VIP
425051,Headphones,25,2024-07-22 01:00,81.65,0.15,27.18,Stationery,In-store,Not Returned,Medium,2041.25,VIP
315592,Headphones,49,2024-07-23 09:00,45.11,0.25,11.06,Stationery,Online,Not Returned,High,2210.39,VIP
675593,Headphones,48,2024-07-23 10:00,76.67,0.04,12.95,Stationery,Online,Not Returned,Medium,3680.16,VIP
689325,Notebook,35,2024-07-24 00:00,89.14,0.42,28.6,Stationery,Online,Not Returned,Medium,3119.9,VIP
777385,White Mug,48,2024-07-24 06:00,73.19,0.47,23.12,Stationery,Online,Not Returned,Medium,3513.12,VIP
727021,Wall Clock,45,2024-07-24 23:00,59.3,0.1,9.88,Stationery,Online,Not Returned,High,2668.5,VIP
216909,White Mug,29,2024-07-25 05:00,77.82,0.13,24.75,Stationery,Online,Returned,Medium,2256.78,VIP
704275,Headphones,23,2024-07-25 06:00,63.91,0.11,8.76,Stationery,Online,Not Returned,Low,1469.9299999999998,VIP
253960,USB Cable,23,2024-07-25 08:00,72.26,0.27,24.55,Stationery,Online,Not Returned,Medium,1661.98,VIP
448062,Headphones,34,2024-07-25 13:00,49.19,0.11,16.18,Stationery,In-store,Returned,High,1672.46,VIP
246649,Office Chair,18,2024-07-25 18:00,77.23,0.16,22.94,Stationery,In-store,Not Returned,High,1390.14,VIP
868669,T-shirt,15,2024-07-26 00:00,76.6,0.18,17.82,Stationery,In-store,Returned,Low,1149.0,VIP
979639,Backpack,40,2024-07-26 04:00,75.56,0.35,24.81,Stationery,Online,Returned,High,3022.4,VIP
431195,Wireless Mouse,28,2024-07-26 07:00,98.97,0.47,14.81,Stationery,In-store,Not Returned,Medium,2771.16,VIP
168866,USB Cable,37,2024-07-26 09:00,96.85,0.1,20.15,Stationery,In-store,Not Returned,Low,3583.45,VIP
174514,Wall Clock,18,2024-07-26 12:00,96.31,0.01,29.32,Stationery,In-store,Not Returned,High,1733.58,VIP
830224,Backpack,24,2024-07-27 14:00,53.62,0.34,18.9,Stationery,Online,Returned,Medium,1286.88,VIP
559450,Wireless Mouse,18,2024-07-28 00:00,65.18,0.36,10.93,Stationery,In-store,Not Returned,Low,1173.2400000000002,VIP
426334,Blue Pen,48,2024-07-28 18:00,67.53,0.19,13.51,Stationery,Online,Not Returned,Low,3241.44,VIP
549035,Desk Lamp,45,2024-07-29 07:00,63.14,0.06,15.95,Stationery,Online,Not Returned,Low,2841.3,VIP
748314,Wall Clock,35,2024-07-29 21:00,30.85,0.43,18.33,Stationery,In-store,Not Returned,Medium,1079.75,VIP
733138,Headphones,19,2024-07-30 16:00,92.14,0.21,18.74,Stationery,In-store,Not Returned,Low,1750.66,VIP
160159,USB Cable,37,2024-07-31 09:00,53.53,0.42,24.85,Stationery,In-store,Not Returned,Medium,1980.61,VIP
443833,Office Chair,24,2024-07-31 12:00,98.53,0.04,11.89,Stationery,Online,Not Returned,High,2364.7200000000003,VIP
292752,Notebook,28,2024-07-31 15:00,64.48,0.39,9.26,Stationery,Online,Not Returned,Low,1805.44,VIP
843138,Office Chair,38,2024-07-31 20:00,75.47,0.42,21.33,Stationery,Online,Not Returned,Medium,2867.86,VIP
983003,Desk Lamp,21,2024-08-01 01:00,91.4,0.23,17.3,Stationery,Online,Not Returned,Low,1919.4,VIP
283699,Wireless Mouse,29,2024-08-01 04:00,69.54,0.27,17.3,Stationery,Online,Not Returned,Low,2016.66,VIP
637127,Wireless Mouse,45,2024-08-01 19:00,69.12,0.24,10.16,Stationery,In-store,Not Returned,Low,3110.4,VIP
773841,Headphones,45,2024-08-02 00:00,29.96,0.5,22.02,Stationery,In-store,Not Returned,High,1348.2,VIP
459433,Office Chair,16,2024-08-02 01:00,75.08,0.29,11.73,Stationery,Online,Not Returned,Low,1201.28,VIP
643846,Wall Clock,25,2024-08-02 02:00,51.41,0.39,15.14,Stationery,Online,Returned,High,1285.25,VIP
668708,Notebook,35,2024-08-02 08:00,34.49,0.24,27.96,Stationery,In-store,Not Returned,Low,1207.15,VIP
432737,Blue Pen,44,2024-08-02 13:00,50.96,0.45,25.89,Stationery,In-store,Returned,Medium,2242.24,VIP
275245,Backpack,32,2024-08-02 15:00,85.82,0.32,7.2,Stationery,In-store,Not Returned,Low,2746.24,VIP
965649,USB Cable,49,2024-08-03 03:00,58.98,0.45,12.19,Stationery,Online,Not Returned,High,2890.02,VIP
149411,White Mug,39,2024-08-03 16:00,72.67,0.3,27.83,Stationery,In-store,Not Returned,Low,2834.13,VIP
702754,USB Cable,39,2024-08-03 20:00,83.3,0.48,5.5,Stationery,Online,Returned,Medium,3248.7,VIP
779049,Backpack,32,2024-08-04 07:00,41.07,0.33,25.8,Stationery,Online,Not Returned,Medium,1314.24,VIP
950374,Desk Lamp,30,2024-08-04 08:00,33.56,0.13,11.2,Stationery,Online,Returned,Low,1006.8,VIP
848328,USB Cable,18,2024-08-06 05:00,64.47,0.43,26.35,Stationery,In-store,Not Returned,Medium,1160.46,VIP
647449,Office Chair,22,2024-08-06 11:00,47.11,0.38,24.12,Stationery,In-store,Not Returned,Low,1036.42,VIP
335823,Desk Lamp,26,2024-08-07 08:00,45.13,0.31,6.61,Stationery,In-store,Not Returned,Low,1173.38,VIP
674017,Desk Lamp,39,2024-08-08 02:00,91.78,0.04,7.5,Stationery,In-store,Not Returned,Low,3579.42,VIP
477356,Wall Clock,32,2024-08-08 16:00,43.31,0.09,21.2,Stationery,In-store,Not Returned,Low,1385.92,VIP
220347,Wireless Mouse,-17,2024-08-08 18:00,-69.33,1.5949001780514207,,Stationery,In-store,Not Returned,Low,1178.61,VIP
746443,Backpack,42,2024-08-09 01:00,28.31,0.46,26.67,Stationery,Online,Not Returned,Medium,1189.02,VIP
350649,USB Cable,48,2024-08-11 18:00,68.19,0.38,12.98,Stationery,Online,Not Returned,Low,3273.12,VIP
471230,Wall Clock,43,2024-08-11 20:00,71.67,0.49,14.78,Stationery,Online,Not Returned,Medium,3081.81,VIP
710518,Wall Clock,46,2024-08-14 12:00,71.43,0.34,18.31,Stationery,In-store,Not Returned,Low,3285.78,VIP
704708,USB Cable,24,2024-08-14 17:00,84.1,0.23,13.94,Stationery,In-store,Not Returned,Medium,2018.4,VIP
954844,USB Cable,-44,2024-08-14 18:00,-33.4,0.48,,Stationery,Online,Not Returned,Low,1469.6,VIP
580556,Notebook,39,2024-08-15 12:00,89.85,0.06,8.62,Stationery,In-store,Not Returned,Medium,3504.15,VIP
793613,Desk Lamp,46,2024-08-15 18:00,73.92,0.03,15.27,Stationery,In-store,Not Returned,High,3400.32,VIP
313765,Headphones,28,2024-08-15 20:00,57.78,0.44,13.11,Stationery,Online,Not Returned,Medium,1617.84,VIP
606399,Notebook,45,2024-08-16 04:00,74.0,0.49,13.19,Stationery,Online,Not Returned,Low,3330.0,VIP
439112,Blue Pen,-28,2024-08-16 21:00,-74.26,1.376966704585462,,Stationery,Online,Returned,High,2079.28,VIP
907453,Blue Pen,44,2024-08-17 06:00,56.48,0.23,11.51,Stationery,In-store,Not Returned,Medium,2485.12,VIP
578315,Headphones,43,2024-08-18 22:00,94.55,0.09,28.65,Stationery,Online,Not Returned,Low,4065.65,VIP
651356,Blue Pen,23,2024-08-19 00:00,93.61,0.36,11.6,Stationery,In-store,Not Returned,Medium,2153.03,VIP
579445,Backpack,33,2024-08-19 08:00,74.68,0.24,22.94,Stationery,Online,Not Returned,Medium,2464.44,VIP
460694,Desk Lamp,26,2024-08-19 09:00,59.68,0.15,22.74,Stationery,Online,Returned,Medium,1551.68,VIP
160108,Wireless Mouse,22,2024-08-19 16:00,80.44,0.38,15.42,Stationery,Online,Not Returned,High,1769.6799999999998,VIP
810431,Wireless Mouse,34,2024-08-20 20:00,59.22,0.25,19.31,Stationery,In-store,Not Returned,Low,2013.48,VIP
511916,Wall Clock,26,2024-08-21 12:00,98.81,0.37,21.65,Stationery,In-store,Not Returned,Medium,2569.06,VIP
195964,White Mug,46,2024-08-21 15:00,80.4,0.4,19.76,Stationery,Online,Not Returned,Medium,3698.4,VIP
812421,Office Chair,37,2024-08-21 16:00,86.24,0.19,16.74,Stationery,In-store,Not Returned,Medium,3190.88,VIP
562561,White Mug,44,2024-08-21 23:00,40.04,0.49,9.81,Stationery,Online,Not Returned,High,1761.76,VIP
567876,USB Cable,-35,2024-08-23 01:00,-88.97,0.11,,Stationery,Online,Not Returned,Low,3113.95,VIP
643268,Wall Clock,29,2024-08-23 12:00,69.13,0.03,27.02,Stationery,Online,Not Returned,Medium,2004.77,VIP
369265,Backpack,45,2024-08-23 14:00,84.32,0.16,22.04,Stationery,Online,Not Returned,Medium,3794.4,VIP
304562,USB Cable,34,2024-08-23 15:00,91.42,0.39,7.92,Stationery,Online,Not Returned,High,3108.28,VIP
352703,Office Chair,34,2024-08-23 16:00,59.75,0.37,13.33,Stationery,Online,Not Returned,High,2031.5,VIP
447717,USB Cable,17,2024-08-24 02:00,63.24,0.35,29.86,Stationery,In-store,Not Returned,Low,1075.08,VIP
487344,Desk Lamp,32,2024-08-24 15:00,81.77,0.29,17.66,Stationery,In-store,Not Returned,Low,2616.64,VIP
427467,T-shirt,49,2024-08-25 11:00,88.92,0.32,24.26,Stationery,In-store,Not Returned,High,4357.08,VIP
930166,T-shirt,40,2024-08-26 04:00,79.54,0.3,5.41,Stationery,In-store,Not Returned,High,3181.6000000000004,VIP
489683,White Mug,17,2024-08-26 07:00,96.57,0.28,13.92,Stationery,Online,Not Returned,High,1641.6899999999998,VIP
819801,White Mug,39,2024-08-26 11:00,84.54,0.42,28.91,Stationery,Online,Not Returned,Low,3297.0600000000004,VIP
690531,White Mug,24,2024-08-26 19:00,85.51,0.03,28.37,Stationery,In-store,Returned,Medium,2052.24,VIP
419845,Notebook,14,2024-08-27 03:00,75.99,0.16,10.08,Stationery,In-store,Not Returned,Medium,1063.86,VIP
497393,Office Chair,44,2024-08-28 18:00,29.27,0.41,6.71,Stationery,In-store,Not Returned,High,1287.88,VIP
754247,Office Chair,33,2024-08-29 03:00,73.61,0.37,6.62,Stationery,Online,Not Returned,Low,2429.13,VIP
284405,T-shirt,36,2024-08-29 09:00,33.26,0.46,10.15,Stationery,In-store,Not Returned,High,1197.36,VIP
958514,Office Chair,49,2024-08-29 15:00,60.01,0.36,11.6,Stationery,Online,Not Returned,High,2940.49,VIP
354962,Headphones,48,2024-08-30 05:00,36.84,0.13,19.47,Stationery,In-store,Not Returned,High,1768.3200000000002,VIP
343180,T-shirt,38,2024-08-30 08:00,61.67,0.37,9.06,Stationery,Online,Not Returned,Low,2343.46,VIP
896259,Headphones,27,2024-08-30 12:00,85.66,0.23,16.52,Stationery,In-store,Not Returned,Low,2312.82,VIP
503757,USB Cable,12,2024-08-30 19:00,96.22,0.4,6.33,Stationery,In-store,Not Returned,Low,1154.64,VIP
367571,Blue Pen,13,2024-08-30 20:00,85.59,0.06,11.3,Stationery,In-store,Not Returned,High,1112.67,VIP
705444,Office Chair,46,2024-08-30 22:00,80.2,0.19,17.12,Stationery,Online,Returned,Low,3689.2,VIP
736746,Wall Clock,40,2024-08-31 02:00,41.53,0.1,19.69,Stationery,In-store,Not Returned,Medium,1661.2,VIP
804464,Wall Clock,44,2024-08-31 03:00,77.32,0.13,8.63,Stationery,Online,Not Returned,High,3402.08,VIP
287265,Desk Lamp,22,2024-08-31 08:00,91.22,0.42,19.62,Stationery,In-store,Not Returned,Medium,2006.84,VIP
354031,White Mug,35,2024-08-31 11:00,56.02,0.36,23.6,Stationery,In-store,Not Returned,Medium,1960.7,VIP
674757,Desk Lamp,23,2024-09-02 20:00,80.21,0.36,17.37,Stationery,Online,Not Returned,Medium,1844.83,VIP
804559,USB Cable,25,2024-09-03 01:00,52.33,0.1,29.28,Stationery,Online,Not Returned,High,1308.25,VIP
611163,Desk Lamp,45,2024-09-03 06:00,38.58,0.08,6.65,Stationery,Online,Not Returned,High,1736.1,VIP
518359,Wireless Mouse,31,2024-09-03 13:00,47.27,0.03,16.03,Stationery,In-store,Not Returned,Low,1465.37,VIP
669574,USB Cable,35,2024-09-03 19:00,86.03,0.35,7.32,Stationery,In-store,Not Returned,Low,3011.05,VIP
176639,White Mug,49,2024-09-04 01:00,61.6,0.35,13.6,Stationery,Online,Not Returned,Medium,3018.4,VIP
734545,Desk Lamp,46,2024-09-04 04:00,81.82,0.39,29.25,Stationery,In-store,Not Returned,High,3763.72,VIP
943542,Wall Clock,47,2024-09-04 10:00,83.12,0.48,11.0,Stationery,Online,Not Returned,Low,3906.64,VIP
322167,Wall Clock,41,2024-09-04 19:00,87.51,0.37,23.1,Stationery,In-store,Not Returned,Medium,3587.9100000000003,VIP
348662,Notebook,28,2024-09-06 19:00,82.9,0.32,29.8,Stationery,Online,Returned,High,2321.2000000000003,VIP
598875,Backpack,49,2024-09-07 06:00,80.47,0.24,12.3,Stationery,Online,Not Returned,Medium,3943.03,VIP
995321,Notebook,47,2024-09-07 07:00,52.11,0.15,12.09,Stationery,In-store,Not Returned,Medium,2449.17,VIP
512314,USB Cable,29,2024-09-08 03:00,44.68,0.41,8.1,Stationery,Online,Not Returned,High,1295.72,VIP
972622,Wireless Mouse,32,2024-09-08 11:00,92.14,0.31,26.27,Stationery,Online,Returned,Low,2948.48,VIP
992469,Headphones,22,2024-09-08 15:00,81.7,0.4,14.71,Stationery,In-store,Not Returned,High,1797.4,VIP
335953,T-shirt,32,2024-09-09 07:00,96.71,0.45,23.86,Stationery,Online,Not Returned,High,3094.72,VIP
781425,Backpack,49,2024-09-09 13:00,44.15,0.4,21.6,Stationery,Online,Not Returned,Low,2163.35,VIP
413182,Notebook,48,2024-09-09 16:00,25.47,0.5,11.25,Stationery,Online,Not Returned,Medium,1222.56,VIP
885488,Blue Pen,40,2024-09-10 10:00,74.1,0.46,22.05,Stationery,Online,Not Returned,Low,2964.0,VIP
539381,T-shirt,15,2024-09-11 16:00,68.09,0.09,7.68,Stationery,Online,Not Returned,Low,1021.35,VIP
138503,Wireless Mouse,25,2024-09-12 16:00,73.81,0.27,8.03,Stationery,In-store,Not Returned,High,1845.25,VIP
743043,Office Chair,33,2024-09-13 02:00,89.08,0.28,22.4,Stationery,In-store,Not Returned,High,2939.64,VIP
227661,T-shirt,27,2024-09-13 13:00,70.17,0.35,20.85,Stationery,Online,Not Returned,Medium,1894.59,VIP
831830,Headphones,-24,2024-09-14 04:00,-55.0,1.9149603443712184,,Stationery,Online,Not Returned,Medium,1320.0,VIP
908324,Headphones,43,2024-09-14 10:00,44.02,0.35,28.44,Stationery,In-store,Not Returned,High,1892.86,VIP
310975,Office Chair,37,2024-09-15 20:00,68.15,0.24,17.27,Stationery,In-store,Not Returned,High,2521.55,VIP
821693,White Mug,44,2024-09-16 09:00,46.99,0.27,7.58,Stationery,In-store,Not Returned,Low,2067.56,VIP
994555,Wall Clock,45,2024-09-16 17:00,91.97,0.46,14.78,Stationery,In-store,Not Returned,Low,4138.65,VIP
563064,USB Cable,35,2024-09-16 18:00,79.07,0.06,26.16,Stationery,In-store,Not Returned,Medium,2767.45,VIP
642728,Desk Lamp,47,2024-09-16 23:00,87.42,0.42,20.89,Stationery,Online,Not Returned,Medium,4108.74,VIP
608418,Wall Clock,39,2024-09-17 11:00,91.14,0.39,20.86,Stationery,Online,Not Returned,High,3554.46,VIP
441507,Backpack,34,2024-09-17 17:00,89.24,0.44,10.54,Stationery,In-store,Not Returned,Medium,3034.16,VIP
721473,Office Chair,24,2024-09-18 21:00,69.47,0.08,25.77,Stationery,Online,Not Returned,Medium,1667.28,VIP
595728,USB Cable,30,2024-09-18 23:00,37.32,0.18,11.4,Stationery,Online,Returned,Medium,1119.6,VIP
403370,Blue Pen,22,2024-09-19 20:00,78.89,0.5,18.02,Stationery,Online,Not Returned,Low,1735.58,VIP
957060,White Mug,38,2024-09-19 22:00,76.28,0.29,26.41,Stationery,In-store,Not Returned,Medium,2898.64,VIP
175315,Headphones,38,2024-09-20 03:00,56.26,0.08,16.14,Stationery,In-store,Not Returned,Medium,2137.88,VIP
121735,USB Cable,22,2024-09-20 13:00,69.18,0.29,15.16,Stationery,In-store,Not Returned,High,1521.96,VIP
717461,Desk Lamp,26,2024-09-20 16:00,59.21,0.05,13.41,Stationery,In-store,Not Returned,High,1539.46,VIP
392042,Wall Clock,23,2024-09-20 20:00,52.93,0.46,18.59,Stationery,In-store,Not Returned,High,1217.39,VIP
769772,Office Chair,28,2024-09-21 04:00,48.08,0.47,13.03,Stationery,In-store,Not Returned,Low,1346.24,VIP
209470,Backpack,14,2024-09-21 16:00,88.67,0.26,14.15,Stationery,Online,Not Returned,High,1241.38,VIP
302048,T-shirt,28,2024-09-21 21:00,84.12,0.42,7.69,Stationery,In-store,Not Returned,Low,2355.36,VIP
542543,Wireless Mouse,38,2024-09-22 10:00,82.92,0.15,16.43,Stationery,Online,Not Returned,Low,3150.96,VIP
579741,USB Cable,32,2024-09-22 11:00,37.81,0.04,5.34,Stationery,Online,Not Returned,High,1209.92,VIP
718298,T-shirt,26,2024-09-22 18:00,90.62,0.47,26.6,Stationery,Online,Not Returned,Medium,2356.12,VIP
727798,Notebook,20,2024-09-23 03:00,52.67,0.32,23.78,Stationery,Online,Not Returned,Medium,1053.4,VIP
137448,T-shirt,47,2024-09-23 09:00,63.31,0.06,7.14,Stationery,Online,Not Returned,Medium,2975.57,VIP
239384,Wall Clock,14,2024-09-23 17:00,79.26,0.16,6.49,Stationery,In-store,Not Returned,High,1109.64,VIP
417138,Desk Lamp,48,2024-09-23 19:00,71.66,0.35,25.72,Stationery,Online,Not Returned,High,3439.68,VIP
644810,USB Cable,36,2024-09-23 23:00,32.99,0.29,13.98,Stationery,Online,Not Returned,Medium,1187.64,VIP
266885,USB Cable,37,2024-09-24 07:00,36.55,0.02,25.73,Stationery,Online,Not Returned,Low,1352.35,VIP
404399,Blue Pen,-44,2024-09-24 11:00,-73.5,1.7158998864813473,,Stationery,In-store,Not Returned,Low,3234.0,VIP
410027,Blue Pen,49,2024-09-24 16:00,55.7,0.4,22.15,Stationery,Online,Not Returned,Low,2729.3,VIP
126862,T-shirt,38,2024-09-24 22:00,92.57,0.03,16.15,Stationery,Online,Not Returned,Low,3517.66,VIP
589905,Wall Clock,45,2024-09-24 23:00,43.19,0.19,5.03,Stationery,In-store,Not Returned,High,1943.55,VIP
822098,White Mug,22,2024-09-25 06:00,59.82,0.09,7.34,Stationery,In-store,Not Returned,Medium,1316.04,VIP
441239,Blue Pen,44,2024-09-26 01:00,58.79,0.22,24.19,Stationery,In-store,Not Returned,High,2586.76,VIP
668803,Desk Lamp,23,2024-09-26 08:00,77.27,0.39,15.07,Stationery,In-store,Not Returned,Low,1777.2099999999998,VIP
891153,Desk Lamp,14,2024-09-27 10:00,93.02,0.46,16.81,Stationery,In-store,Not Returned,High,1302.28,VIP
780175,T-shirt,16,2024-09-27 21:00,95.61,0.27,21.28,Stationery,Online,Not Returned,Medium,1529.76,VIP
633635,Wireless Mouse,-29,2024-09-28 12:00,-82.84,1.2307814671750674,,Stationery,Online,Not Returned,High,2402.36,VIP
174266,Wireless Mouse,34,2024-09-29 01:00,60.57,0.37,11.51,Stationery,In-store,Not Returned,Low,2059.38,VIP
915546,Blue Pen,37,2024-09-29 06:00,66.63,0.29,18.0,Stationery,Online,Not Returned,Low,2465.31,VIP
201467,Notebook,40,2024-09-29 14:00,43.03,0.39,15.92,Stationery,In-store,Not Returned,High,1721.2,VIP
245130,Notebook,36,2024-09-29 18:00,51.02,0.44,9.84,Stationery,In-store,Not Returned,Low,1836.72,VIP
792879,Backpack,13,2024-09-29 20:00,99.89,0.18,23.55,Stationery,Online,Not Returned,High,1298.57,VIP
274703,USB Cable,45,2024-09-30 11:00,50.61,0.46,17.02,Stationery,Online,Not Returned,Low,2277.45,VIP
562073,Headphones,-48,2024-09-30 18:00,-43.06,0.29,,Stationery,Online,Not Returned,High,2066.88,VIP
735838,T-shirt,44,2024-10-01 19:00,24.3,0.31,7.37,Stationery,Online,Not Returned,Medium,1069.2,VIP
454109,Office Chair,13,2024-10-01 20:00,78.61,0.16,7.4,Stationery,In-store,Not Returned,High,1021.93,VIP
696910,Desk Lamp,39,2024-10-02 10:00,93.33,0.3,12.55,Stationery,Online,Not Returned,Low,3639.87,VIP
529234,Backpack,25,2024-10-02 16:00,56.33,0.41,14.31,Stationery,In-store,Not Returned,Low,1408.25,VIP
883802,Desk Lamp,19,2024-10-02 21:00,60.84,0.2,14.19,Stationery,Online,Not Returned,Medium,1155.96,VIP
422453,White Mug,49,2024-10-02 23:00,72.65,0.26,25.84,Stationery,Online,Not Returned,Low,3559.8500000000004,VIP
218818,Headphones,16,2024-10-03 19:00,72.48,0.37,16.13,Stationery,Online,Not Returned,Medium,1159.68,VIP
185504,Notebook,47,2024-10-03 23:00,69.07,0.06,28.32,Stationery,In-store,Not Returned,Medium,3246.2899999999995,VIP
806406,Headphones,49,2024-10-04 03:00,97.29,0.36,24.89,Stationery,In-store,Not Returned,High,4767.21,VIP
209502,USB Cable,48,2024-10-04 04:00,38.28,0.21,17.79,Stationery,In-store,Not Returned,Medium,1837.44,VIP
304396,Backpack,16,2024-10-04 08:00,78.44,0.27,20.14,Stationery,Online,Not Returned,Low,1255.04,VIP
351770,Backpack,45,2024-10-04 15:00,47.18,0.03,21.55,Stationery,In-store,Not Returned,High,2123.1,VIP
673853,Notebook,33,2024-10-04 17:00,55.05,0.24,18.02,Stationery,In-store,Not Returned,High,1816.65,VIP
839999,Backpack,20,2024-10-05 07:00,59.02,0.02,11.67,Stationery,In-store,Not Returned,High,1180.4,VIP
590607,Wall Clock,32,2024-10-07 03:00,85.44,0.01,29.9,Stationery,Online,Not Returned,High,2734.08,VIP
898584,White Mug,35,2024-10-07 15:00,84.5,0.43,20.65,Stationery,Online,Not Returned,Low,2957.5,VIP
907500,Blue Pen,30,2024-10-07 20:00,76.1,0.31,24.57,Stationery,Online,Not Returned,Medium,2283.0,VIP
578216,Desk Lamp,21,2024-10-08 10:00,55.54,0.13,26.76,Stationery,Online,Not Returned,Medium,1166.34,VIP
180729,Desk Lamp,29,2024-10-08 23:00,52.06,0.43,29.95,Stationery,In-store,Not Returned,High,1509.74,VIP
411044,Wall Clock,36,2024-10-09 03:00,37.87,0.48,7.59,Stationery,Online,Not Returned,Medium,1363.32,VIP
180085,White Mug,41,2024-10-09 07:00,68.86,0.08,25.84,Stationery,Online,Not Returned,Medium,2823.26,VIP
301651,Wireless Mouse,40,2024-10-09 14:00,98.97,0.39,15.15,Stationery,In-store,Not Returned,High,3958.8,VIP
545861,Blue Pen,46,2024-10-09 19:00,49.53,0.39,9.42,Stationery,In-store,Not Returned,Low,2278.38,VIP
899061,Headphones,30,2024-10-09 23:00,62.4,0.3,29.1,Stationery,Online,Not Returned,Low,1872.0,VIP
454283,Office Chair,43,2024-10-11 09:00,46.03,0.28,21.57,Stationery,In-store,Returned,Low,1979.29,VIP
165658,Wireless Mouse,49,2024-10-12 18:00,81.84,0.26,19.53,Stationery,In-store,Not Returned,High,4010.16,VIP
109443,White Mug,36,2024-10-12 22:00,92.01,0.4,10.66,Stationery,Online,Not Returned,Low,3312.36,VIP
618416,Headphones,23,2024-10-13 01:00,50.46,0.08,29.69,Stationery,In-store,Not Returned,Low,1160.58,VIP
506138,Wireless Mouse,43,2024-10-13 16:00,47.5,0.37,11.25,Stationery,Online,Not Returned,Low,2042.5,VIP
323687,Desk Lamp,26,2024-10-13 17:00,91.92,0.36,22.71,Stationery,Online,Not Returned,Low,2389.92,VIP
390378,Wall Clock,14,2024-10-14 01:00,87.38,0.46,12.92,Stationery,Online,Not Returned,High,1223.32,VIP
692921,White Mug,19,2024-10-14 03:00,55.72,0.43,19.38,Stationery,Online,Not Returned,Medium,1058.68,VIP
121625,Notebook,48,2024-10-15 05:00,82.22,0.35,11.8,Stationery,In-store,Not Returned,High,3946.56,VIP
279718,T-shirt,35,2024-10-15 10:00,55.52,0.09,28.25,Stationery,Online,Not Returned,Low,1943.2,VIP
660488,Backpack,23,2024-10-15 12:00,90.31,0.4,14.67,Stationery,Online,Not Returned,Low,2077.13,VIP
446448,Office Chair,31,2024-10-15 15:00,85.43,0.14,5.49,Stationery,Online,Not Returned,Medium,2648.3300000000004,VIP
398591,T-shirt,39,2024-10-15 16:00,65.02,0.11,11.59,Stationery,In-store,Not Returned,High,2535.78,VIP
330651,Office Chair,42,2024-10-17 10:00,90.73,0.11,9.92,Stationery,Online,Not Returned,Medium,3810.66,VIP
960675,Desk Lamp,37,2024-10-17 15:00,31.87,0.05,11.28,Stationery,In-store,Not Returned,Medium,1179.19,VIP
448847,Headphones,20,2024-10-17 16:00,80.18,0.46,17.15,Stationery,Online,Not Returned,Medium,1603.6,VIP
652435,Desk Lamp,46,2024-10-18 12:00,86.52,0.2,7.26,Stationery,In-store,Not Returned,High,3979.92,VIP
109525,Wall Clock,26,2024-10-19 00:00,62.38,0.19,23.65,Stationery,Online,Not Returned,High,1621.88,VIP
856600,White Mug,45,2024-10-19 06:00,74.99,0.31,22.77,Stationery,In-store,Not Returned,High,3374.55,VIP
467952,USB Cable,42,2024-10-19 11:00,28.51,0.43,11.8,Stationery,In-store,Not Returned,Medium,1197.42,VIP
728424,Desk Lamp,21,2024-10-19 20:00,93.14,0.41,19.85,Stationery,In-store,Not Returned,Low,1955.94,VIP
882795,Blue Pen,-37,2024-10-19 21:00,-97.25,0.39,,Stationery,Online,Returned,Medium,3598.25,VIP
678507,Wall Clock,-35,2024-10-20 16:00,-53.28,0.38,,Stationery,Online,Not Returned,Low,1864.8,VIP
564283,Wireless Mouse,36,2024-10-21 18:00,38.88,0.16,17.79,Stationery,Online,Not Returned,Low,1399.68,VIP
263590,Blue Pen,46,2024-10-22 21:00,52.39,0.15,12.63,Stationery,Online,Not Returned,Low,2409.94,VIP
568486,USB Cable,31,2024-10-23 05:00,38.72,0.31,9.91,Stationery,In-store,Not Returned,Low,1200.32,VIP
151746,Wall Clock,38,2024-10-24 09:00,76.52,0.26,24.42,Stationery,In-store,Not Returned,High,2907.76,VIP
663909,Notebook,44,2024-10-24 21:00,26.49,0.03,18.86,Stationery,In-store,Returned,Medium,1165.56,VIP
872948,Office Chair,32,2024-10-24 22:00,71.74,0.47,15.68,Stationery,Online,Not Returned,High,2295.68,VIP
241118,Blue Pen,24,2024-10-25 13:00,58.72,0.02,18.29,Stationery,In-store,Not Returned,Low,1409.28,VIP
643964,Wall Clock,47,2024-10-26 12:00,99.76,0.15,22.74,Stationery,Online,Not Returned,High,4688.72,VIP
482170,Backpack,18,2024-10-26 15:00,55.75,0.14,9.69,Stationery,Online,Not Returned,Medium,1003.5,VIP
376363,Notebook,25,2024-10-26 19:00,44.57,0.04,12.48,Stationery,In-store,Not Returned,Low,1114.25,VIP
809654,Backpack,41,2024-10-27 00:00,42.29,0.07,11.76,Stationery,In-store,Not Returned,Medium,1733.89,VIP
291638,Notebook,32,2024-10-27 08:00,59.99,0.15,23.13,Stationery,Online,Not Returned,Low,1919.68,VIP
627966,Backpack,41,2024-10-27 11:00,83.68,0.09,21.93,Stationery,In-store,Not Returned,Low,3430.88,VIP
622845,T-shirt,41,2024-10-28 15:00,65.18,0.46,24.36,Stationery,Online,Not Returned,Low,2672.38,VIP
806466,Wireless Mouse,41,2024-10-30 00:00,36.43,0.2,21.71,Stationery,In-store,Not Returned,Low,1493.63,VIP
883954,White Mug,22,2024-10-30 05:00,96.41,0.48,29.97,Stationery,In-store,Not Returned,High,2121.02,VIP
869208,Office Chair,36,2024-10-30 23:00,70.46,0.03,25.54,Stationery,Online,Not Returned,Medium,2536.56,VIP
749488,White Mug,42,2024-10-31 01:00,77.76,0.12,8.16,Stationery,Online,Returned,Low,3265.92,VIP
716974,White Mug,27,2024-10-31 04:00,50.54,0.22,18.9,Stationery,In-store,Not Returned,Medium,1364.58,VIP
698225,Blue Pen,32,2024-10-31 06:00,54.94,0.41,14.92,Stationery,In-store,Not Returned,High,1758.08,VIP
590614,Office Chair,29,2024-10-31 13:00,86.01,0.18,15.34,Stationery,Online,Not Returned,Low,2494.29,VIP
510360,T-shirt,30,2024-10-31 16:00,58.89,0.3,13.52,Stationery,Online,Not Returned,Medium,1766.7,VIP
724902,Notebook,45,2024-11-01 07:00,56.71,0.09,14.06,Stationery,In-store,Not Returned,High,2551.95,VIP
846294,Blue Pen,47,2024-11-01 14:00,56.77,0.43,29.96,Stationery,Online,Not Returned,Medium,2668.19,VIP
426921,Notebook,24,2024-11-02 11:00,47.56,0.34,6.92,Stationery,Online,Not Returned,Low,1141.44,VIP
177710,Backpack,47,2024-11-03 02:00,69.76,0.24,14.75,Stationery,Online,Not Returned,Low,3278.7200000000003,VIP
241221,Wall Clock,41,2024-11-04 05:00,78.67,0.13,15.49,Stationery,Online,Not Returned,High,3225.4700000000003,VIP
679302,Backpack,49,2024-11-04 06:00,87.23,0.13,14.74,Stationery,In-store,Not Returned,Low,4274.27,VIP
234928,Wall Clock,26,2024-11-04 16:00,88.77,0.18,5.39,Stationery,In-store,Not Returned,High,2308.02,VIP
794385,Office Chair,40,2024-11-06 02:00,51.36,0.48,6.9,Stationery,In-store,Not Returned,Medium,2054.4,VIP
307978,White Mug,30,2024-11-06 06:00,76.11,0.1,24.67,Stationery,Online,Not Returned,Medium,2283.3,VIP
160555,Backpack,43,2024-11-06 14:00,38.95,0.49,18.44,Stationery,Online,Not Returned,High,1674.85,VIP
125976,T-shirt,21,2024-11-06 18:00,91.23,0.22,10.95,Stationery,In-store,Returned,Low,1915.83,VIP
141969,Notebook,41,2024-11-06 19:00,56.81,0.27,18.74,Stationery,Online,Not Returned,Medium,2329.21,VIP
173663,Notebook,49,2024-11-07 01:00,23.47,0.29,15.61,Stationery,In-store,Not Returned,Medium,1150.03,VIP
159485,Notebook,26,2024-11-07 13:00,54.8,0.17,9.71,Stationery,In-store,Not Returned,Medium,1424.8,VIP
979695,Blue Pen,44,2024-11-08 01:00,80.19,0.42,6.93,Stationery,In-store,Not Returned,Medium,3528.36,VIP
164314,Notebook,48,2024-11-09 08:00,75.67,0.28,23.62,Stationery,Online,Not Returned,High,3632.16,VIP
648497,Office Chair,46,2024-11-09 20:00,82.32,0.26,5.36,Stationery,Online,Not Returned,Medium,3786.72,VIP
866702,Office Chair,32,2024-11-09 23:00,71.39,0.36,29.43,Stationery,In-store,Not Returned,Medium,2284.48,VIP
666208,Blue Pen,40,2024-11-10 05:00,99.51,0.45,17.64,Stationery,Online,Not Returned,High,3980.4,VIP
487678,Blue Pen,47,2024-11-10 09:00,47.62,0.09,6.18,Stationery,In-store,Not Returned,Low,2238.14,VIP
999390,Desk Lamp,43,2024-11-10 14:00,29.75,0.44,16.71,Stationery,In-store,Not Returned,Medium,1279.25,VIP
162423,USB Cable,34,2024-11-11 03:00,34.27,0.31,20.75,Stationery,Online,Not Returned,Low,1165.18,VIP
218268,Backpack,49,2024-11-11 05:00,48.67,0.44,18.96,Stationery,In-store,Not Returned,Low,2384.83,VIP
440813,Blue Pen,39,2024-11-11 19:00,73.2,0.32,17.08,Stationery,Online,Not Returned,Low,2854.8,VIP
769068,Backpack,42,2024-11-11 21:00,38.35,0.44,5.57,Stationery,In-store,Not Returned,Low,1610.7,VIP
180928,White Mug,16,2024-11-12 04:00,68.09,0.15,15.43,Stationery,Online,Not Returned,Medium,1089.44,VIP
536968,White Mug,25,2024-11-12 05:00,93.45,0.4,17.25,Stationery,Online,Not Returned,Low,2336.25,VIP
539815,Wall Clock,34,2024-11-12 23:00,43.46,0.25,22.88,Stationery,In-store,Not Returned,Low,1477.64,VIP
110200,White Mug,15,2024-11-13 01:00,74.64,0.44,25.77,Stationery,In-store,Not Returned,Low,1119.6,VIP
850214,Blue Pen,23,2024-11-13 02:00,50.64,0.25,29.72,Stationery,In-store,Not Returned,Low,1164.72,VIP
147897,Headphones,48,2024-11-13 11:00,62.05,0.17,11.26,Stationery,In-store,Not Returned,Medium,2978.4,VIP
491692,White Mug,27,2024-11-13 22:00,76.3,0.36,9.72,Stationery,Online,Not Returned,Low,2060.1,VIP
548467,Headphones,37,2024-11-13 23:00,53.2,0.12,12.46,Stationery,Online,Not Returned,High,1968.4,VIP
894992,USB Cable,29,2024-11-14 05:00,78.24,0.32,24.06,Stationery,In-store,Not Returned,Low,2268.96,VIP
293447,Blue Pen,34,2024-11-14 06:00,92.28,0.27,12.69,Stationery,Online,Not Returned,High,3137.52,VIP
502382,White Mug,49,2024-11-15 17:00,46.16,0.31,17.59,Stationery,Online,Returned,Medium,2261.84,VIP
243041,Headphones,44,2024-11-15 22:00,62.63,0.47,5.92,Stationery,Online,Returned,Low,2755.7200000000003,VIP
807240,Blue Pen,22,2024-11-15 23:00,91.37,0.31,20.79,Stationery,Online,Not Returned,High,2010.14,VIP
872701,Blue Pen,20,2024-11-16 17:00,68.89,0.42,22.26,Stationery,In-store,Not Returned,High,1377.8,VIP
540952,Desk Lamp,47,2024-11-17 20:00,39.93,0.23,14.91,Stationery,Online,Not Returned,Low,1876.71,VIP
414888,Backpack,36,2024-11-19 04:00,79.34,0.36,12.2,Stationery,In-store,Not Returned,Medium,2856.24,VIP
145911,Blue Pen,42,2024-11-19 09:00,53.41,0.2,21.08,Stationery,Online,Not Returned,Medium,2243.22,VIP
143013,White Mug,19,2024-11-19 10:00,64.68,0.45,23.9,Stationery,In-store,Not Returned,High,1228.92,VIP
259966,Notebook,29,2024-11-19 14:00,45.39,0.42,12.88,Stationery,In-store,Not Returned,Low,1316.31,VIP
856292,White Mug,17,2024-11-19 21:00,74.72,0.21,29.06,Stationery,Online,Not Returned,Medium,1270.24,VIP
504223,Notebook,39,2024-11-20 03:00,96.64,0.36,29.01,Stationery,In-store,Not Returned,Low,3768.96,VIP
971079,USB Cable,15,2024-11-20 14:00,67.54,0.25,27.31,Stationery,In-store,Not Returned,Medium,1013.1,VIP
157804,USB Cable,49,2024-11-20 17:00,56.68,0.35,20.88,Stationery,In-store,Not Returned,High,2777.32,VIP
611971,White Mug,18,2024-11-20 21:00,70.68,0.05,8.81,Stationery,Online,Returned,Medium,1272.2400000000002,VIP
754616,White Mug,49,2024-11-21 03:00,79.67,0.35,29.05,Stationery,Online,Not Returned,Low,3903.83,VIP
809852,Notebook,23,2024-11-21 19:00,84.04,0.15,8.18,Stationery,In-store,Returned,Medium,1932.92,VIP
997422,Notebook,18,2024-11-21 22:00,61.46,0.17,16.48,Stationery,In-store,Not Returned,Medium,1106.28,VIP
152318,Headphones,46,2024-11-22 01:00,72.05,0.24,19.77,Stationery,In-store,Not Returned,Medium,3314.3,VIP
101147,Backpack,31,2024-11-22 07:00,41.59,0.01,23.67,Stationery,Online,Not Returned,Medium,1289.2900000000002,VIP
379854,Blue Pen,41,2024-11-22 17:00,32.77,0.31,8.28,Stationery,Online,Not Returned,Low,1343.5700000000002,VIP
644943,Wireless Mouse,31,2024-11-23 00:00,42.28,0.46,18.74,Stationery,In-store,Not Returned,High,1310.68,VIP
140094,Backpack,29,2024-11-23 02:00,82.54,0.32,22.87,Stationery,Online,Not Returned,Low,2393.6600000000003,VIP
272522,Headphones,42,2024-11-23 03:00,48.54,0.48,21.75,Stationery,In-store,Not Returned,High,2038.68,VIP
872856,White Mug,-50,2024-11-23 04:00,-97.3,1.9184513968394847,,Stationery,In-store,Not Returned,Low,4865.0,VIP
925186,Blue Pen,26,2024-11-23 12:00,54.84,0.08,21.95,Stationery,In-store,Not Returned,Medium,1425.84,VIP
489684,Wall Clock,35,2024-11-23 21:00,72.9,0.32,21.36,Stationery,In-store,Returned,High,2551.5,VIP
843540,Office Chair,47,2024-11-24 11:00,70.12,0.5,7.19,Stationery,In-store,Not Returned,High,3295.6400000000003,VIP
349296,Wireless Mouse,45,2024-11-25 06:00,78.25,0.32,26.98,Stationery,Online,Not Returned,Low,3521.25,VIP
213823,USB Cable,47,2024-11-25 09:00,24.17,0.29,14.96,Stationery,Online,Not Returned,Medium,1135.99,VIP
458127,USB Cable,36,2024-11-25 11:00,53.9,0.5,26.17,Stationery,In-store,Not Returned,Low,1940.4,VIP
505582,Desk Lamp,38,2024-11-25 13:00,81.53,0.44,28.52,Stationery,In-store,Not Returned,Medium,3098.14,VIP
740704,Headphones,35,2024-11-26 12:00,90.8,0.47,8.01,Stationery,In-store,Not Returned,High,3178.0,VIP
482173,Wireless Mouse,13,2024-11-27 04:00,95.46,0.22,22.1,Stationery,In-store,Not Returned,High,1240.98,VIP
679625,USB Cable,32,2024-11-27 20:00,87.83,0.1,27.31,Stationery,Online,Not Returned,High,2810.56,VIP
804724,USB Cable,18,2024-11-28 03:00,99.37,0.15,26.16,Stationery,In-store,Not Returned,Medium,1788.66,VIP
853353,Blue Pen,30,2024-11-28 05:00,67.75,0.39,19.78,Stationery,Online,Not Returned,Medium,2032.5,VIP
672402,Desk Lamp,33,2024-11-28 09:00,73.95,0.4,25.12,Stationery,Online,Not Returned,High,2440.35,VIP
188377,Headphones,-50,2024-11-29 14:00,-34.13,1.8000073086651391,,Stationery,In-store,Not Returned,Medium,1706.5000000000002,VIP
428658,Desk Lamp,37,2024-11-30 00:00,81.04,0.12,15.95,Stationery,Online,Not Returned,Low,2998.48,VIP
602599,Office Chair,14,2024-12-01 23:00,93.01,0.38,17.2,Stationery,In-store,Not Returned,High,1302.14,VIP
576718,Notebook,41,2024-12-02 10:00,40.31,0.39,26.16,Stationery,Online,Not Returned,Medium,1652.71,VIP
767143,Wireless Mouse,20,2024-12-02 12:00,62.69,0.4,16.29,Stationery,Online,Not Returned,Medium,1253.8,VIP
777079,USB Cable,41,2024-12-03 07:00,62.82,0.09,13.38,Stationery,In-store,Not Returned,Low,2575.62,VIP
939244,White Mug,38,2024-12-03 13:00,39.98,0.25,28.61,Stationery,In-store,Not Returned,Low,1519.2399999999998,VIP
695708,Backpack,45,2024-12-04 13:00,89.78,0.12,7.25,Stationery,Online,Not Returned,Medium,4040.1,VIP
177848,White Mug,14,2024-12-04 14:00,88.39,0.36,14.0,Stationery,In-store,Not Returned,Low,1237.46,VIP
210629,Backpack,16,2024-12-04 19:00,70.12,0.09,13.16,Stationery,In-store,Not Returned,Medium,1121.92,VIP
684249,Desk Lamp,32,2024-12-04 21:00,45.73,0.47,27.7,Stationery,In-store,Not Returned,High,1463.36,VIP
304239,Desk Lamp,22,2024-12-06 00:00,94.2,0.17,12.87,Stationery,In-store,Not Returned,Medium,2072.4,VIP
751222,Office Chair,32,2024-12-06 06:00,73.71,0.19,7.76,Stationery,In-store,Not Returned,High,2358.72,VIP
333720,Wireless Mouse,43,2024-12-07 02:00,59.34,0.25,28.67,Stationery,Online,Not Returned,Low,2551.6200000000003,VIP
277422,T-shirt,30,2024-12-07 04:00,89.22,0.02,24.29,Stationery,In-store,Not Returned,High,2676.6,VIP
830536,Wireless Mouse,35,2024-12-07 15:00,53.57,0.02,10.39,Stationery,Online,Not Returned,Medium,1874.95,VIP
898540,Headphones,41,2024-12-08 07:00,61.72,0.22,23.26,Stationery,Online,Not Returned,Medium,2530.52,VIP
906458,T-shirt,40,2024-12-08 12:00,86.62,0.47,16.72,Stationery,Online,Not Returned,Medium,3464.8,VIP
200319,USB Cable,44,2024-12-08 21:00,73.41,0.18,17.31,Stationery,In-store,Not Returned,High,3230.04,VIP
114248,USB Cable,30,2024-12-09 06:00,35.22,0.02,24.54,Stationery,In-store,Not Returned,Medium,1056.6,VIP
882475,Headphones,-25,2024-12-09 22:00,-71.09,1.1262444307852162,,Stationery,Online,Not Returned,High,1777.25,VIP
528291,Notebook,43,2024-12-10 17:00,43.94,0.07,21.06,Stationery,Online,Not Returned,High,1889.42,VIP
152338,Wireless Mouse,35,2024-12-12 13:00,61.04,0.12,18.38,Stationery,In-store,Not Returned,Low,2136.4,VIP
528753,Headphones,27,2024-12-12 14:00,78.25,0.17,9.51,Stationery,In-store,Not Returned,Low,2112.75,VIP
906112,T-shirt,38,2024-12-13 09:00,71.61,0.3,13.75,Stationery,In-store,Not Returned,High,2721.18,VIP
116036,Notebook,45,2024-12-13 19:00,58.5,0.19,10.16,Stationery,In-store,Not Returned,Low,2632.5,VIP
631014,Notebook,29,2024-12-13 20:00,65.18,0.36,6.26,Stationery,Online,Not Returned,Low,1890.2200000000005,VIP
940550,USB Cable,49,2024-12-14 10:00,36.56,0.23,5.51,Stationery,Online,Not Returned,High,1791.44,VIP
842879,Notebook,13,2024-12-14 19:00,98.64,0.5,17.81,Stationery,In-store,Not Returned,Low,1282.32,VIP
439726,Wall Clock,29,2024-12-14 21:00,89.24,0.17,17.44,Stationery,In-store,Not Returned,High,2587.96,VIP
842191,Backpack,29,2024-12-15 06:00,90.56,0.25,5.13,Stationery,Online,Not Returned,Medium,2626.24,VIP
872703,Desk Lamp,34,2024-12-15 18:00,37.93,0.11,12.0,Stationery,Online,Not Returned,Medium,1289.62,VIP
152175,Desk Lamp,25,2024-12-16 08:00,97.84,0.48,11.58,Stationery,Online,Not Returned,Low,2446.0,VIP
735275,USB Cable,28,2024-12-16 10:00,67.57,0.44,7.59,Stationery,In-store,Not Returned,High,1891.96,VIP
976643,Desk Lamp,24,2024-12-16 15:00,59.68,0.29,10.1,Stationery,Online,Not Returned,Medium,1432.32,VIP
751244,Notebook,23,2024-12-16 19:00,87.48,0.14,23.54,Stationery,Online,Not Returned,High,2012.04,VIP
844543,USB Cable,20,2024-12-16 22:00,86.35,0.29,28.52,Stationery,Online,Not Returned,High,1727.0,VIP
456014,Desk Lamp,-25,2024-12-17 06:00,-51.37,1.3639473739538177,,Stationery,In-store,Not Returned,Low,1284.25,VIP
170223,Wall Clock,40,2024-12-18 00:00,46.83,0.41,13.57,Stationery,Online,Returned,Medium,1873.2,VIP
998210,Wall Clock,47,2024-12-18 01:00,57.15,0.14,19.1,Stationery,In-store,Not Returned,Low,2686.05,VIP
370200,Desk Lamp,36,2024-12-18 05:00,58.46,0.4,27.07,Stationery,In-store,Not Returned,Medium,2104.56,VIP
326140,Office Chair,36,2024-12-18 09:00,30.07,0.38,21.35,Stationery,In-store,Not Returned,High,1082.52,VIP
596885,USB Cable,23,2024-12-18 10:00,97.78,0.41,23.74,Stationery,In-store,Not Returned,High,2248.94,VIP
334284,White Mug,29,2024-12-19 00:00,48.2,0.08,10.9,Stationery,Online,Not Returned,Medium,1397.8000000000002,VIP
963294,Desk Lamp,34,2024-12-19 01:00,99.07,0.27,29.39,Stationery,In-store,Not Returned,Medium,3368.38,VIP
257597,USB Cable,29,2024-12-19 13:00,79.8,0.05,18.19,Stationery,Online,Not Returned,High,2314.2,VIP
138394,Headphones,14,2024-12-19 14:00,85.02,0.19,15.21,Stationery,Online,Not Returned,High,1190.28,VIP
471902,Wireless Mouse,12,2024-12-19 21:00,98.09,0.33,21.34,Stationery,Online,Returned,Medium,1177.08,VIP
472132,Headphones,21,2024-12-20 13:00,89.07,0.32,13.91,Stationery,In-store,Not Returned,High,1870.47,VIP
790939,Desk Lamp,48,2024-12-21 16:00,58.95,0.07,5.6,Stationery,Online,Not Returned,Low,2829.6000000000004,VIP
939838,Notebook,28,2024-12-22 01:00,61.75,0.01,19.5,Stationery,Online,Not Returned,Low,1729.0,VIP
110015,Desk Lamp,45,2024-12-22 07:00,95.12,0.46,28.48,Stationery,Online,Not Returned,High,4280.400000000001,VIP
369262,Headphones,45,2024-12-22 15:00,63.96,0.37,20.55,Stationery,Online,Not Returned,Low,2878.2,VIP
928955,Backpack,30,2024-12-23 00:00,61.17,0.16,9.19,Stationery,In-store,Not Returned,Medium,1835.1,VIP
306185,Wireless Mouse,16,2024-12-23 15:00,76.64,0.03,15.35,Stationery,In-store,Returned,Low,1226.24,VIP
655125,Notebook,33,2024-12-26 01:00,55.65,0.25,11.37,Stationery,In-store,Not Returned,Low,1836.45,VIP
267814,Notebook,31,2024-12-26 22:00,58.31,0.37,7.79,Stationery,Online,Not Returned,Medium,1807.61,VIP
172195,Office Chair,38,2024-12-27 00:00,65.81,0.11,7.47,Stationery,In-store,Not Returned,Low,2500.78,VIP
418021,T-shirt,36,2024-12-27 08:00,58.16,0.48,24.13,Stationery,In-store,Not Returned,High,2093.76,VIP
628057,Wall Clock,47,2024-12-27 12:00,54.52,0.28,14.27,Stationery,In-store,Not Returned,Low,2562.44,VIP
971983,Desk Lamp,34,2024-12-27 14:00,35.69,0.26,17.18,Stationery,In-store,Not Returned,Low,1213.46,VIP
952316,Backpack,29,2024-12-28 04:00,62.35,0.47,10.57,Stationery,Online,Not Returned,High,1808.15,VIP
544876,Office Chair,25,2024-12-28 15:00,63.74,0.13,22.64,Stationery,Online,Not Returned,Low,1593.5,VIP
161939,Desk Lamp,24,2024-12-28 23:00,74.1,0.11,7.98,Stationery,Online,Not Returned,High,1778.4,VIP
308569,Blue Pen,25,2024-12-29 01:00,69.47,0.02,25.61,Stationery,Online,Not Returned,Medium,1736.75,VIP
204894,Blue Pen,28,2024-12-29 05:00,59.07,0.1,24.89,Stationery,In-store,Not Returned,High,1653.96,VIP
914220,T-shirt,43,2024-12-30 03:00,36.3,0.18,9.9,Stationery,Online,Not Returned,Medium,1560.9,VIP
528435,T-shirt,42,2024-12-30 06:00,24.85,0.23,24.82,Stationery,In-store,Not Returned,Low,1043.7,VIP
774165,Office Chair,18,2025-01-01 03:00,67.85,0.36,16.41,Stationery,Online,Not Returned,Medium,1221.3,VIP
899405,Backpack,31,2025-01-01 10:00,83.26,0.07,29.58,Stationery,Online,Not Returned,Low,2581.06,VIP
226566,Headphones,-25,2025-01-01 17:00,-74.52,0.3,,Stationery,Online,Not Returned,Low,1863.0,VIP
713904,Wall Clock,20,2025-01-01 21:00,90.56,0.25,21.26,Stationery,Online,Not Returned,High,1811.2,VIP
661577,Wireless Mouse,13,2025-01-02 09:00,89.71,0.46,21.88,Stationery,Online,Not Returned,High,1166.23,VIP
293782,Desk Lamp,43,2025-01-02 10:00,64.05,0.01,7.65,Stationery,Online,Not Returned,Medium,2754.15,VIP
448675,Wireless Mouse,45,2025-01-03 17:00,89.64,0.26,20.82,Stationery,In-store,Not Returned,Low,4033.8,VIP
235319,Office Chair,24,2025-01-03 22:00,93.72,0.41,7.66,Stationery,Online,Not Returned,Medium,2249.28,VIP
497857,Wireless Mouse,49,2025-01-04 12:00,37.18,0.11,12.06,Stationery,Online,Not Returned,Medium,1821.82,VIP
397224,Backpack,20,2025-01-05 00:00,68.57,0.26,16.53,Stationery,Online,Not Returned,High,1371.4,VIP
801125,White Mug,33,2025-01-05 06:00,70.89,0.09,18.09,Stationery,Online,Not Returned,Low,2339.37,VIP
881550,USB Cable,16,2025-01-05 07:00,78.33,0.2,10.8,Stationery,Online,Not Returned,Low,1253.28,VIP
966541,Notebook,21,2025-01-06 10:00,77.22,0.03,13.56,Stationery,In-store,Not Returned,Medium,1621.62,VIP
526993,Headphones,29,2025-01-06 13:00,63.02,0.08,16.03,Stationery,In-store,Not Returned,Low,1827.58,VIP
117621,T-shirt,43,2025-01-07 02:00,48.72,0.05,12.54,Stationery,Online,Not Returned,High,2094.96,VIP
957677,Backpack,43,2025-01-07 03:00,61.11,0.25,13.76,Stationery,In-store,Not Returned,High,2627.73,VIP
224604,USB Cable,29,2025-01-07 04:00,87.78,0.48,23.34,Stationery,Online,Not Returned,Medium,2545.62,VIP
473980,Backpack,27,2025-01-07 17:00,92.0,0.19,24.66,Stationery,Online,Not Returned,High,2484.0,VIP
319866,T-shirt,19,2025-01-08 01:00,95.06,0.08,25.16,Stationery,Online,Not Returned,Medium,1806.14,VIP
215154,Wireless Mouse,37,2025-01-08 07:00,92.79,0.25,26.1,Stationery,In-store,Not Returned,Medium,3433.23,VIP
385160,Wall Clock,49,2025-01-08 12:00,85.24,0.37,9.72,Stationery,In-store,Not Returned,Medium,4176.759999999999,VIP
830107,Headphones,39,2025-01-08 13:00,78.15,0.17,26.01,Stationery,In-store,Not Returned,High,3047.8500000000004,VIP
434591,Desk Lamp,22,2025-01-09 14:00,53.46,0.15,7.23,Stationery,In-store,Not Returned,Medium,1176.12,VIP
825748,Wall Clock,26,2025-01-10 04:00,75.2,0.36,6.97,Stationery,Online,Not Returned,Medium,1955.2,VIP
573033,Office Chair,14,2025-01-10 07:00,85.1,0.42,5.01,Stationery,In-store,Not Returned,Low,1191.4,VIP
647590,Blue Pen,26,2025-01-10 13:00,91.26,0.14,29.19,Stationery,In-store,Not Returned,Medium,2372.76,VIP
355450,T-shirt,38,2025-01-10 17:00,38.08,0.23,26.32,Stationery,Online,Not Returned,Medium,1447.04,VIP
303623,White Mug,47,2025-01-10 21:00,45.76,0.47,9.22,Stationery,Online,Not Returned,High,2150.72,VIP
621404,Wall Clock,42,2025-01-11 01:00,34.7,0.33,27.53,Stationery,Online,Not Returned,Medium,1457.4,VIP
781595,Wireless Mouse,49,2025-01-11 05:00,44.12,0.22,7.46,Stationery,Online,Returned,Low,2161.88,VIP
825458,T-shirt,15,2025-01-11 18:00,79.27,0.44,22.39,Stationery,Online,Not Returned,Low,1189.05,VIP
102075,White Mug,34,2025-01-12 01:00,55.73,0.17,6.48,Stationery,Online,Not Returned,High,1894.82,VIP
526766,Wireless Mouse,16,2025-01-12 02:00,96.77,0.38,10.58,Stationery,Online,Not Returned,High,1548.32,VIP
443667,T-shirt,38,2025-01-12 20:00,50.54,0.48,23.56,Stationery,Online,Not Returned,High,1920.52,VIP
842658,Headphones,40,2025-01-13 12:00,33.98,0.21,13.95,Stationery,In-store,Not Returned,Medium,1359.1999999999998,VIP
967955,USB Cable,36,2025-01-14 02:00,52.11,0.33,21.56,Stationery,Online,Not Returned,Low,1875.96,VIP
363032,Blue Pen,37,2025-01-14 12:00,92.4,0.39,25.77,Stationery,In-store,Returned,Medium,3418.8,VIP
185509,Blue Pen,47,2025-01-14 15:00,80.9,0.4,15.75,Stationery,In-store,Not Returned,High,3802.3,VIP
118614,USB Cable,37,2025-01-14 21:00,83.84,0.03,15.34,Stationery,In-store,Not Returned,High,3102.08,VIP
994740,Notebook,34,2025-01-15 03:00,57.33,0.44,11.58,Stationery,Online,Not Returned,Medium,1949.22,VIP
142956,Office Chair,47,2025-01-16 00:00,49.95,0.06,27.99,Stationery,In-store,Not Returned,High,2347.65,VIP
978033,USB Cable,44,2025-01-16 02:00,72.0,0.29,16.64,Stationery,In-store,Not Returned,Medium,3168.0,VIP
227974,Blue Pen,47,2025-01-16 08:00,87.47,0.45,20.82,Stationery,Online,Not Returned,Low,4111.09,VIP
284175,USB Cable,20,2025-01-16 15:00,91.39,0.43,23.32,Stationery,In-store,Not Returned,High,1827.8,VIP
732041,Wall Clock,29,2025-01-17 02:00,36.27,0.14,26.22,Stationery,Online,Not Returned,High,1051.8300000000002,VIP
529810,T-shirt,42,2025-01-17 10:00,56.96,0.37,13.94,Stationery,In-store,Returned,High,2392.32,VIP
309175,Notebook,42,2025-01-17 12:00,81.58,0.41,23.73,Stationery,Online,Not Returned,Medium,3426.36,VIP
974641,Office Chair,48,2025-01-17 14:00,30.52,0.26,28.58,Stationery,In-store,Not Returned,Medium,1464.96,VIP
128788,Backpack,49,2025-01-17 20:00,99.06,0.07,28.58,Stationery,In-store,Not Returned,Medium,4853.9400000000005,VIP
259506,USB Cable,21,2025-01-19 05:00,96.69,0.1,5.32,Stationery,Online,Not Returned,Medium,2030.49,VIP
644808,Notebook,49,2025-01-19 07:00,26.86,0.27,29.35,Stationery,In-store,Not Returned,Low,1316.14,VIP
357701,Blue Pen,49,2025-01-19 14:00,51.85,0.39,29.14,Stationery,Online,Not Returned,Low,2540.65,VIP
663779,Notebook,42,2025-01-20 13:00,61.64,0.24,14.45,Stationery,Online,Not Returned,Low,2588.88,VIP
960470,Office Chair,14,2025-01-21 11:00,80.05,0.06,7.42,Stationery,Online,Not Returned,Medium,1120.7,VIP
763650,Blue Pen,41,2025-01-23 12:00,37.1,0.08,22.46,Stationery,In-store,Not Returned,High,1521.1,VIP
186298,Wall Clock,14,2025-01-24 08:00,91.74,0.4,24.53,Stationery,Online,Not Returned,Low,1284.36,VIP
565463,USB Cable,32,2025-01-24 12:00,44.47,0.42,29.77,Stationery,In-store,Not Returned,Low,1423.04,VIP
124997,T-shirt,45,2025-01-24 17:00,47.57,0.03,17.06,Stationery,Online,Not Returned,High,2140.65,VIP
439121,Office Chair,38,2025-01-25 00:00,87.67,0.19,28.05,Stationery,In-store,Not Returned,High,3331.46,VIP
473435,Wireless Mouse,41,2025-01-27 07:00,65.09,0.12,27.93,Stationery,In-store,Not Returned,Medium,2668.69,VIP
757197,Desk Lamp,38,2025-01-27 21:00,73.46,0.36,10.69,Stationery,Online,Not Returned,Low,2791.48,VIP
686858,USB Cable,27,2025-01-28 11:00,66.6,0.48,21.49,Stationery,In-store,Not Returned,Low,1798.1999999999998,VIP
778414,Office Chair,28,2025-01-28 17:00,63.09,0.28,8.83,Stationery,In-store,Not Returned,Medium,1766.52,VIP
361137,Notebook,22,2025-01-29 03:00,80.38,0.08,6.84,Stationery,Online,Not Returned,Low,1768.36,VIP
655340,Headphones,38,2025-01-29 08:00,81.01,0.14,25.2,Stationery,Online,Not Returned,Low,3078.38,VIP
111981,Blue Pen,49,2025-01-29 14:00,49.05,0.29,18.47,Stationery,In-store,Not Returned,High,2403.45,VIP
692580,White Mug,23,2025-01-29 16:00,64.84,0.49,14.39,Stationery,In-store,Not Returned,Low,1491.3200000000002,VIP
236718,Office Chair,49,2025-01-29 22:00,34.47,0.42,8.05,Stationery,Online,Not Returned,Medium,1689.03,VIP
508148,Office Chair,42,2025-01-30 09:00,37.64,0.37,23.83,Stationery,In-store,Returned,Low,1580.88,VIP
485602,Blue Pen,23,2025-01-30 12:00,70.55,0.32,27.54,Stationery,In-store,Not Returned,Low,1622.65,VIP
824625,Wall Clock,26,2025-01-31 09:00,54.36,0.01,9.61,Stationery,Online,Not Returned,High,1413.36,VIP
285285,Headphones,42,2025-02-01 07:00,55.62,0.12,9.29,Stationery,In-store,Not Returned,High,2336.04,VIP
805734,Wireless Mouse,48,2025-02-01 09:00,53.96,0.25,26.89,Stationery,Online,Not Returned,Medium,2590.08,VIP
925572,T-shirt,43,2025-02-02 06:00,71.9,0.01,9.68,Stationery,In-store,Not Returned,Medium,3091.7000000000003,VIP
352660,Notebook,30,2025-02-02 23:00,94.84,0.14,11.13,Stationery,In-store,Not Returned,Medium,2845.2000000000003,VIP
359534,Blue Pen,45,2025-02-04 01:00,97.53,0.18,5.65,Stationery,In-store,Not Returned,High,4388.85,VIP
918347,USB Cable,19,2025-02-05 08:00,89.18,0.07,8.95,Stationery,In-store,Not Returned,High,1694.42,VIP
342030,Wireless Mouse,35,2025-02-05 17:00,89.87,0.34,28.76,Stationery,In-store,Not Returned,Low,3145.4500000000003,VIP
324716,USB Cable,24,2025-02-06 01:00,61.03,0.09,27.14,Stationery,In-store,Not Returned,Low,1464.72,VIP
573459,Office Chair,39,2025-02-06 11:00,60.61,0.26,10.3,Stationery,In-store,Not Returned,Low,2363.79,VIP
629231,White Mug,39,2025-02-07 01:00,38.45,0.04,26.38,Stationery,Online,Not Returned,High,1499.5500000000002,VIP
783610,T-shirt,28,2025-02-07 09:00,82.63,0.06,25.15,Stationery,Online,Not Returned,Medium,2313.64,VIP
575255,Notebook,18,2025-02-07 13:00,77.65,0.43,26.19,Stationery,Online,Not Returned,Low,1397.7,VIP
284992,USB Cable,23,2025-02-07 14:00,60.94,0.16,8.55,Stationery,In-store,Not Returned,Low,1401.62,VIP
941882,Wall Clock,24,2025-02-07 19:00,73.61,0.28,11.41,Stationery,Online,Not Returned,High,1766.64,VIP
817112,USB Cable,48,2025-02-08 02:00,97.14,0.26,28.17,Stationery,Online,Not Returned,High,4662.72,VIP
889660,Office Chair,25,2025-02-08 05:00,52.02,0.17,29.18,Stationery,Online,Not Returned,Medium,1300.5,VIP
618960,Office Chair,25,2025-02-08 22:00,81.09,0.49,23.79,Stationery,In-store,Not Returned,High,2027.25,VIP
963584,Office Chair,20,2025-02-09 21:00,54.64,0.48,18.81,Stationery,Online,Not Returned,High,1092.8,VIP
382724,Headphones,30,2025-02-09 22:00,42.42,0.42,24.17,Stationery,Online,Not Returned,High,1272.6,VIP
389118,Blue Pen,25,2025-02-10 00:00,92.84,0.15,29.33,Stationery,Online,Not Returned,Medium,2321.0,VIP
475406,USB Cable,49,2025-02-10 03:00,23.01,0.21,7.61,Stationery,In-store,Returned,Low,1127.49,VIP
409128,Backpack,19,2025-02-11 00:00,76.35,0.04,8.12,Stationery,In-store,Not Returned,Medium,1450.65,VIP
621904,White Mug,46,2025-02-11 03:00,24.32,0.46,8.76,Stationery,In-store,Not Returned,High,1118.72,VIP
333756,Office Chair,47,2025-02-11 08:00,42.18,0.33,25.87,Stationery,In-store,Not Returned,Low,1982.46,VIP
805009,Blue Pen,24,2025-02-12 11:00,85.51,0.33,28.3,Stationery,In-store,Not Returned,High,2052.24,VIP
478541,USB Cable,43,2025-02-13 02:00,56.9,0.09,12.43,Stationery,Online,Not Returned,Low,2446.7,VIP
112754,T-shirt,46,2025-02-13 22:00,83.44,0.24,21.49,Stationery,In-store,Returned,Low,3838.24,VIP
567082,Office Chair,22,2025-02-14 00:00,57.2,0.07,18.4,Stationery,In-store,Not Returned,Low,1258.4,VIP
706290,Office Chair,39,2025-02-15 04:00,99.14,0.46,8.3,Stationery,Online,Not Returned,Medium,3866.46,VIP
574840,Desk Lamp,47,2025-02-15 20:00,57.27,0.38,23.4,Stationery,Online,Not Returned,High,2691.69,VIP
528062,Office Chair,28,2025-02-16 02:00,52.44,0.48,10.52,Stationery,In-store,Not Returned,Low,1468.32,VIP
812839,Desk Lamp,28,2025-02-16 16:00,69.65,0.41,18.6,Stationery,In-store,Not Returned,High,1950.2000000000005,VIP
397310,T-shirt,28,2025-02-16 21:00,82.34,0.15,22.64,Stationery,In-store,Not Returned,Medium,2305.52,VIP
677552,Backpack,39,2025-02-16 22:00,95.75,0.04,11.43,Stationery,Online,Not Returned,Medium,3734.25,VIP
689414,Office Chair,49,2025-02-17 08:00,54.71,0.48,14.31,Stationery,In-store,Not Returned,High,2680.79,VIP
875533,USB Cable,30,2025-02-18 11:00,39.97,0.38,17.03,Stationery,Online,Not Returned,Medium,1199.1,VIP
766750,Office Chair,48,2025-02-18 12:00,38.47,0.3,6.98,Stationery,In-store,Not Returned,Low,1846.56,VIP
156627,White Mug,45,2025-02-18 13:00,87.15,0.01,23.17,Stationery,Online,Not Returned,Low,3921.750000000001,VIP
220325,Backpack,31,2025-02-20 03:00,91.14,0.17,10.08,Stationery,In-store,Not Returned,Medium,2825.34,VIP
539499,White Mug,25,2025-02-20 11:00,40.11,0.22,18.95,Stationery,Online,Not Returned,High,1002.75,VIP
615925,Backpack,35,2025-02-21 03:00,73.55,0.28,25.66,Stationery,In-store,Not Returned,Low,2574.25,VIP
394903,Office Chair,38,2025-02-21 08:00,82.21,0.49,6.14,Stationery,Online,Returned,Low,3123.98,VIP
281793,Blue Pen,15,2025-02-21 20:00,68.26,0.35,21.44,Stationery,Online,Returned,Medium,1023.9,VIP
684920,T-shirt,26,2025-02-22 10:00,40.28,0.41,21.02,Stationery,Online,Not Returned,High,1047.28,VIP
981253,Desk Lamp,27,2025-02-22 18:00,92.38,0.08,21.68,Stationery,Online,Not Returned,Medium,2494.26,VIP
105041,Backpack,48,2025-02-23 06:00,24.25,0.36,18.34,Stationery,Online,Not Returned,High,1164.0,VIP
287437,Office Chair,47,2025-02-23 09:00,36.57,0.16,24.07,Stationery,Online,Not Returned,Medium,1718.79,VIP
398942,Notebook,-39,2025-02-23 16:00,-50.28,0.47,,Stationery,Online,Not Returned,High,1960.92,VIP
846834,Office Chair,42,2025-02-23 22:00,26.16,0.01,23.84,Stationery,In-store,Not Returned,High,1098.72,VIP
124193,Wall Clock,22,2025-02-24 10:00,94.71,0.04,14.85,Stationery,Online,Not Returned,Medium,2083.62,VIP
500635,White Mug,34,2025-02-24 13:00,40.51,0.09,11.14,Stationery,In-store,Not Returned,Low,1377.34,VIP
957646,Blue Pen,35,2025-02-25 00:00,79.35,0.09,21.84,Stationery,Online,Not Returned,Low,2777.25,VIP
305680,USB Cable,23,2025-02-25 11:00,77.98,0.02,18.39,Stationery,In-store,Not Returned,Medium,1793.5400000000002,VIP
111593,Blue Pen,24,2025-02-28 01:00,56.71,0.19,26.83,Stationery,In-store,Not Returned,High,1361.04,VIP
852412,Blue Pen,14,2025-02-28 16:00,83.36,0.44,23.61,Stationery,In-store,Not Returned,High,1167.04,VIP
122523,Desk Lamp,30,2025-02-28 22:00,85.34,0.3,20.29,Stationery,Online,Not Returned,High,2560.2000000000003,VIP
769460,White Mug,31,2025-03-01 05:00,36.0,0.45,26.66,Stationery,In-store,Returned,High,1116.0,VIP
422866,USB Cable,29,2025-03-01 07:00,76.15,0.24,16.92,Stationery,Online,Not Returned,Medium,2208.3500000000004,VIP
119560,Backpack,44,2025-03-01 17:00,58.76,0.33,10.22,Stationery,Online,Not Returned,Low,2585.44,VIP
653867,Office Chair,37,2025-03-01 22:00,29.32,0.29,18.33,Stationery,Online,Not Returned,Medium,1084.84,VIP
266811,T-shirt,12,2025-03-02 16:00,83.46,0.34,7.62,Stationery,Online,Not Returned,High,1001.52,VIP
150933,Office Chair,12,2025-03-03 09:00,93.12,0.06,7.07,Stationery,In-store,Not Returned,Low,1117.44,VIP
684763,Desk Lamp,15,2025-03-03 11:00,86.76,0.34,11.14,Stationery,Online,Not Returned,Medium,1301.4,VIP
272588,Blue Pen,46,2025-03-03 17:00,49.2,0.44,9.17,Stationery,Online,Returned,High,2263.2000000000003,VIP
905060,Wall Clock,44,2025-03-03 18:00,91.76,0.45,11.29,Stationery,Online,Not Returned,High,4037.44,VIP
768385,Backpack,20,2025-03-03 23:00,62.83,0.08,11.84,Stationery,Online,Not Returned,Low,1256.6,VIP
170762,Wall Clock,31,2025-03-04 03:00,35.53,0.07,6.11,Stationery,In-store,Returned,High,1101.43,VIP
904446,White Mug,49,2025-03-04 08:00,90.24,0.24,14.75,Stationery,In-store,Not Returned,Low,4421.759999999999,VIP
389199,Desk Lamp,41,2025-03-04 12:00,99.38,0.13,17.94,Stationery,Online,Not Returned,Low,4074.58,VIP
646284,Wireless Mouse,45,2025-03-05 00:00,37.08,0.45,7.61,Stationery,Online,Not Returned,Medium,1668.6,VIP
517242,T-shirt,21,2025-03-09 03:00,68.93,0.12,10.6,Stationery,Online,Not Returned,High,1447.5300000000002,VIP
888162,Wireless Mouse,17,2025-03-09 04:00,59.28,0.34,13.31,Stationery,In-store,Not Returned,Medium,1007.76,VIP
506033,Blue Pen,25,2025-03-09 23:00,65.32,0.13,12.63,Stationery,In-store,Not Returned,Low,1632.9999999999998,VIP
181119,T-shirt,39,2025-03-10 13:00,35.55,0.16,5.35,Stationery,Online,Not Returned,Medium,1386.4499999999998,VIP
592033,T-shirt,19,2025-03-11 23:00,77.62,0.42,28.18,Stationery,In-store,Returned,Medium,1474.7800000000002,VIP
157155,Wireless Mouse,31,2025-03-12 08:00,83.65,0.42,14.35,Stationery,Online,Not Returned,Medium,2593.15,VIP
772081,Headphones,36,2025-03-12 09:00,45.28,0.3,15.67,Stationery,Online,Not Returned,Low,1630.08,VIP
430072,Headphones,32,2025-03-12 14:00,95.28,0.34,9.85,Stationery,In-store,Not Returned,High,3048.96,VIP
264816,Office Chair,24,2025-03-12 16:00,66.39,0.36,25.12,Stationery,In-store,Not Returned,High,1593.36,VIP
537683,Desk Lamp,38,2025-03-13 03:00,58.06,0.31,24.37,Stationery,Online,Not Returned,High,2206.28,VIP
364673,Office Chair,27,2025-03-13 05:00,47.52,0.37,8.78,Stationery,In-store,Returned,High,1283.0400000000002,VIP
700824,Backpack,14,2025-03-13 12:00,74.77,0.19,16.44,Stationery,In-store,Not Returned,Medium,1046.78,VIP
274031,Desk Lamp,33,2025-03-13 13:00,66.05,0.42,22.81,Stationery,Online,Returned,Medium,2179.65,VIP
422555,Backpack,31,2025-03-14 15:00,55.27,0.49,14.03,Stationery,In-store,Not Returned,Medium,1713.37,VIP
666529,Notebook,33,2025-03-14 22:00,71.82,0.1,9.24,Stationery,In-store,Not Returned,Medium,2370.06,VIP
851149,Desk Lamp,18,2025-03-14 23:00,88.22,0.19,11.34,Stationery,In-store,Not Returned,Medium,1587.96,VIP
316577,Office Chair,30,2025-03-15 00:00,99.19,0.11,6.53,Stationery,Online,Not Returned,High,2975.7,VIP
495025,Headphones,43,2025-03-16 16:00,24.26,0.01,22.82,Stationery,In-store,Not Returned,Low,1043.18,VIP
883185,Notebook,31,2025-03-16 17:00,80.23,0.11,23.88,Stationery,Online,Not Returned,Medium,2487.13,VIP
231057,Desk Lamp,47,2025-03-16 22:00,66.83,0.22,21.9,Stationery,Online,Not Returned,High,3141.01,VIP
946952,White Mug,42,2025-03-17 04:00,25.02,0.49,14.05,Stationery,Online,Not Returned,High,1050.84,VIP
286737,Office Chair,26,2025-03-17 05:00,66.34,0.3,11.45,Stationery,Online,Not Returned,Low,1724.84,VIP
713956,Wireless Mouse,33,2025-03-17 07:00,70.94,0.18,7.52,Stationery,Online,Not Returned,Medium,2341.02,VIP
604407,USB Cable,45,2025-03-17 13:00,48.53,0.38,17.78,Stationery,In-store,Not Returned,High,2183.85,VIP
462632,Desk Lamp,41,2025-03-18 07:00,39.33,0.31,11.96,Stationery,Online,Not Returned,Medium,1612.53,VIP
285545,USB Cable,15,2025-03-18 12:00,89.2,0.18,20.3,Stationery,Online,Not Returned,Medium,1338.0,VIP
704903,Backpack,43,2025-03-18 14:00,90.92,0.24,21.07,Stationery,Online,Not Returned,High,3909.56,VIP
651442,Headphones,46,2025-03-18 15:00,76.87,0.07,11.14,Stationery,Online,Not Returned,Low,3536.0200000000004,VIP
937608,Backpack,35,2025-03-18 20:00,32.96,0.39,14.15,Stationery,Online,Not Returned,Low,1153.6,VIP
664272,Blue Pen,22,2025-03-19 08:00,71.01,0.2,28.92,Stationery,In-store,Returned,High,1562.22,VIP
579009,Wall Clock,35,2025-03-19 14:00,58.35,0.01,22.76,Stationery,Online,Not Returned,High,2042.25,VIP
191588,Headphones,29,2025-03-19 17:00,91.25,0.03,10.72,Stationery,Online,Not Returned,Low,2646.25,VIP
967441,Headphones,48,2025-03-20 02:00,25.69,0.49,24.93,Stationery,Online,Not Returned,Low,1233.12,VIP
482230,Wireless Mouse,23,2025-03-20 10:00,66.22,0.13,7.23,Stationery,Online,Not Returned,High,1523.06,VIP
584623,Notebook,20,2025-03-20 21:00,80.06,0.37,8.27,Stationery,Online,Not Returned,Low,1601.2,VIP
243068,Wall Clock,33,2025-03-21 00:00,67.88,0.08,28.37,Stationery,Online,Not Returned,Medium,2240.04,VIP
193335,Headphones,36,2025-03-22 12:00,75.08,0.36,19.05,Stationery,In-store,Not Returned,Medium,2702.88,VIP
640313,Notebook,42,2025-03-23 22:00,64.5,0.28,9.51,Stationery,In-store,Not Returned,Low,2709.0,VIP
191551,Office Chair,14,2025-03-23 23:00,78.94,0.06,12.73,Stationery,In-store,Not Returned,Medium,1105.16,VIP
478652,T-shirt,14,2025-03-24 05:00,83.89,0.18,21.79,Stationery,In-store,Not Returned,Medium,1174.46,VIP
524208,Desk Lamp,29,2025-03-24 06:00,47.47,0.03,12.21,Stationery,Online,Not Returned,Medium,1376.63,VIP
558407,White Mug,41,2025-03-24 07:00,79.54,0.22,14.55,Stationery,Online,Not Returned,Medium,3261.1400000000003,VIP
780231,White Mug,28,2025-03-25 02:00,47.97,0.32,16.0,Stationery,In-store,Not Returned,Medium,1343.16,VIP
413990,Blue Pen,13,2025-03-25 03:00,88.0,0.32,10.09,Stationery,In-store,Not Returned,High,1144.0,VIP
821688,Office Chair,39,2025-03-25 16:00,35.18,0.14,5.39,Stationery,Online,Not Returned,Low,1372.02,VIP
676220,Wall Clock,32,2025-03-25 22:00,80.94,0.06,11.42,Stationery,In-store,Not Returned,Low,2590.08,VIP
291656,Notebook,43,2025-03-26 08:00,90.52,0.36,13.71,Stationery,Online,Not Returned,Low,3892.36,VIP
243603,USB Cable,30,2025-03-27 02:00,47.4,0.45,22.04,Stationery,In-store,Not Returned,High,1422.0,VIP
624447,Wall Clock,18,2025-03-27 12:00,64.78,0.14,25.23,Stationery,Online,Not Returned,High,1166.04,VIP
315221,T-shirt,38,2025-03-27 17:00,44.89,0.29,9.08,Stationery,Online,Not Returned,High,1705.82,VIP
160715,Headphones,28,2025-03-28 02:00,78.37,0.16,9.41,Stationery,In-store,Not Returned,Medium,2194.36,VIP
179569,Backpack,36,2025-03-28 07:00,78.45,0.43,17.43,Stationery,Online,Not Returned,High,2824.2000000000003,VIP
855083,Desk Lamp,38,2025-03-28 11:00,84.22,0.16,27.7,Stationery,Online,Not Returned,Medium,3200.36,VIP
103917,Notebook,22,2025-03-28 12:00,70.72,0.42,23.78,Stationery,Online,Not Returned,High,1555.84,VIP
141750,Wall Clock,34,2025-03-30 04:00,99.71,0.35,5.66,Stationery,In-store,Not Returned,Low,3390.14,VIP
495793,Wall Clock,35,2025-03-30 16:00,50.27,0.45,7.45,Stationery,Online,Not Returned,Medium,1759.45,VIP
568836,Wireless Mouse,33,2025-03-31 02:00,98.1,0.25,12.52,Stationery,Online,Not Returned,Medium,3237.3,VIP
959440,Wall Clock,45,2025-03-31 03:00,46.79,0.1,12.27,Stationery,Online,Not Returned,Low,2105.55,VIP
818548,White Mug,25,2025-03-31 05:00,63.5,0.44,28.52,Stationery,Online,Not Returned,Medium,1587.5,VIP
495752,Backpack,23,2025-03-31 16:00,87.12,0.44,25.62,Stationery,Online,Not Returned,High,2003.76,VIP
381752,Blue Pen,35,2025-04-01 03:00,29.38,0.16,28.25,Stationery,In-store,Not Returned,Low,1028.3,VIP
707796,USB Cable,28,2025-04-01 13:00,69.85,0.05,23.76,Stationery,In-store,Not Returned,Low,1955.8,VIP
350758,USB Cable,37,2025-04-01 16:00,87.17,0.31,27.77,Stationery,In-store,Not Returned,Low,3225.29,VIP
439609,Headphones,19,2025-04-02 04:00,62.56,0.2,27.63,Stationery,In-store,Not Returned,Medium,1188.64,VIP
733381,Desk Lamp,24,2025-04-02 06:00,96.85,0.31,11.26,Stationery,Online,Not Returned,Low,2324.4,VIP
449370,Wireless Mouse,17,2025-04-02 09:00,61.5,0.24,11.5,Stationery,Online,Not Returned,Low,1045.5,VIP
124771,Wall Clock,35,2025-04-03 04:00,71.76,0.4,18.73,Stationery,Online,Not Returned,Low,2511.6000000000004,VIP
368966,Blue Pen,34,2025-04-03 23:00,61.81,0.04,10.31,Stationery,Online,Not Returned,High,2101.54,VIP
743918,Office Chair,18,2025-04-05 17:00,64.0,0.37,29.87,Stationery,Online,Not Returned,High,1152.0,VIP
167050,T-shirt,40,2025-04-07 07:00,72.04,0.02,15.42,Stationery,In-store,Not Returned,Medium,2881.6000000000004,VIP
545126,Backpack,35,2025-04-07 14:00,87.07,0.43,5.87,Stationery,In-store,Not Returned,Low,3047.45,VIP
560773,Wall Clock,37,2025-04-08 06:00,71.41,0.39,17.05,Stationery,Online,Not Returned,Medium,2642.17,VIP
555446,Office Chair,31,2025-04-09 03:00,61.95,0.44,21.49,Stationery,In-store,Not Returned,Low,1920.45,VIP
111551,Backpack,28,2025-04-09 04:00,57.33,0.46,11.4,Stationery,Online,Not Returned,Medium,1605.24,VIP
240854,Wireless Mouse,34,2025-04-09 21:00,98.68,0.47,25.0,Stationery,In-store,Not Returned,High,3355.1200000000003,VIP
594065,USB Cable,37,2025-04-10 03:00,81.12,0.32,6.24,Stationery,Online,Not Returned,Low,3001.44,VIP
981697,Backpack,46,2025-04-11 15:00,24.89,0.02,8.68,Stationery,Online,Not Returned,Medium,1144.94,VIP
903717,Headphones,38,2025-04-11 18:00,94.72,0.11,20.39,Stationery,Online,Not Returned,Medium,3599.36,VIP
419858,Wall Clock,34,2025-04-12 03:00,38.64,0.08,10.27,Stationery,In-store,Not Returned,Low,1313.76,VIP
290104,USB Cable,33,2025-04-12 10:00,40.7,0.1,21.17,Stationery,Online,Not Returned,High,1343.1,VIP
526222,Backpack,40,2025-04-13 00:00,55.97,0.18,7.9,Stationery,Online,Not Returned,Medium,2238.8,VIP
517076,Office Chair,43,2025-04-16 00:00,35.62,0.12,16.69,Stationery,In-store,Not Returned,Medium,1531.66,VIP
788688,Wall Clock,40,2025-04-16 01:00,38.7,0.25,27.2,Stationery,In-store,Not Returned,High,1548.0,VIP
473277,White Mug,42,2025-04-16 07:00,95.8,0.33,26.47,Stationery,Online,Returned,Medium,4023.6,VIP
986084,Blue Pen,38,2025-04-16 15:00,50.5,0.49,9.79,Stationery,Online,Not Returned,High,1919.0,VIP
437370,Backpack,45,2025-04-16 20:00,71.1,0.45,10.76,Stationery,Online,Not Returned,Low,3199.4999999999995,VIP
116049,Wireless Mouse,31,2025-04-17 06:00,70.25,0.36,11.89,Stationery,In-store,Not Returned,High,2177.75,VIP
257079,Blue Pen,40,2025-04-17 14:00,37.74,0.44,11.58,Stationery,Online,Not Returned,Medium,1509.6,VIP
280561,Desk Lamp,24,2025-04-17 20:00,70.08,0.22,23.98,Stationery,Online,Not Returned,Low,1681.92,VIP
460146,Wall Clock,42,2025-04-18 02:00,67.11,0.22,29.94,Stationery,Online,Not Returned,High,2818.62,VIP
516925,T-shirt,17,2025-04-18 22:00,65.0,0.14,24.16,Stationery,In-store,Not Returned,Medium,1105.0,VIP
510420,Notebook,48,2025-04-19 02:00,26.58,0.37,12.22,Stationery,In-store,Returned,High,1275.84,VIP
645336,USB Cable,18,2025-04-19 06:00,78.54,0.28,5.48,Stationery,In-store,Not Returned,High,1413.72,VIP
797527,Blue Pen,31,2025-04-19 12:00,56.37,0.49,27.76,Stationery,In-store,Not Returned,High,1747.47,VIP
790434,USB Cable,23,2025-04-19 20:00,64.58,0.28,28.67,Stationery,Online,Not Returned,Low,1485.34,VIP
605750,Headphones,40,2025-04-19 21:00,29.74,0.13,24.51,Stationery,In-store,Not Returned,Low,1189.6,VIP
591018,Blue Pen,38,2025-04-20 17:00,33.34,0.33,14.36,Stationery,In-store,Not Returned,Low,1266.92,VIP
418950,USB Cable,47,2025-04-21 03:00,67.81,0.23,15.9,Stationery,In-store,Returned,High,3187.07,VIP
355965,Blue Pen,36,2025-04-21 07:00,47.97,0.41,25.81,Stationery,Online,Not Returned,Medium,1726.92,VIP
515734,Headphones,21,2025-04-21 10:00,80.29,0.32,13.86,Stationery,In-store,Not Returned,Low,1686.09,VIP
326468,Wall Clock,47,2025-04-21 12:00,51.44,0.37,18.02,Stationery,Online,Not Returned,Low,2417.68,VIP
322580,Desk Lamp,34,2025-04-22 09:00,48.11,0.43,23.43,Stationery,In-store,Not Returned,High,1635.74,VIP
774276,Blue Pen,27,2025-04-22 23:00,56.17,0.19,14.04,Stationery,Online,Not Returned,Medium,1516.59,VIP
345371,Desk Lamp,-22,2025-04-23 21:00,-47.52,1.432016938704192,,Stationery,In-store,Returned,High,1045.44,VIP
327593,White Mug,20,2025-04-26 03:00,71.46,0.03,22.78,Stationery,In-store,Not Returned,Low,1429.1999999999998,VIP
304383,T-shirt,42,2025-04-26 12:00,61.57,0.43,9.31,Stationery,In-store,Not Returned,Low,2585.94,VIP
321600,Notebook,19,2025-04-26 21:00,94.34,0.02,22.83,Stationery,In-store,Not Returned,High,1792.46,VIP
919537,Wireless Mouse,39,2025-04-27 07:00,47.78,0.38,13.32,Stationery,In-store,Returned,Medium,1863.42,VIP
598511,Headphones,25,2025-04-27 08:00,83.29,0.43,13.18,Stationery,In-store,Not Returned,Low,2082.25,VIP
316965,White Mug,14,2025-04-27 17:00,99.64,0.06,20.19,Stationery,Online,Not Returned,Medium,1394.96,VIP
417072,Notebook,44,2025-04-28 10:00,73.19,0.17,15.02,Stationery,Online,Not Returned,Low,3220.36,VIP
118211,Office Chair,35,2025-04-28 19:00,37.86,0.16,15.15,Stationery,Online,Not Returned,High,1325.1,VIP
998202,Wall Clock,-28,2025-04-29 04:00,-98.78,1.88134225385115,,Stationery,In-store,Not Returned,High,2765.84,VIP
228013,Headphones,40,2025-04-29 08:00,36.67,0.47,14.39,Stationery,Online,Not Returned,Medium,1466.8000000000002,VIP
899323,Notebook,-35,2025-04-29 12:00,-40.57,1.1071932465549,,Stationery,Online,Not Returned,Medium,1419.95,VIP
929871,Notebook,31,2025-04-30 04:00,49.48,0.47,27.64,Stationery,In-store,Not Returned,High,1533.88,VIP
371860,USB Cable,38,2025-04-30 20:00,61.56,0.16,8.66,Stationery,Online,Returned,Low,2339.28,VIP
482617,Wireless Mouse,29,2025-05-01 06:00,46.38,0.5,25.48,Stationery,Online,Not Returned,High,1345.02,VIP
960022,Wall Clock,18,2025-05-02 07:00,76.43,0.01,12.34,Stationery,In-store,Not Returned,High,1375.7400000000002,VIP
205312,T-shirt,43,2025-05-04 06:00,92.83,0.24,16.3,Stationery,Online,Not Returned,Low,3991.69,VIP
518144,Wall Clock,45,2025-05-04 10:00,77.34,0.31,26.89,Stationery,In-store,Not Returned,Medium,3480.3,VIP
467985,Office Chair,43,2025-05-04 18:00,36.92,0.01,11.56,Stationery,Online,Not Returned,Low,1587.5600000000002,VIP
464478,T-shirt,31,2025-05-04 19:00,52.43,0.36,27.45,Stationery,Online,Not Returned,Medium,1625.33,VIP
188950,Backpack,46,2025-05-05 06:00,93.81,0.31,12.8,Stationery,In-store,Not Returned,High,4315.26,VIP
710546,T-shirt,46,2025-05-05 07:00,31.55,0.3,16.15,Stationery,In-store,Not Returned,Medium,1451.3,VIP
409589,Wall Clock,32,2025-05-05 08:00,62.94,0.17,7.04,Stationery,Online,Not Returned,Low,2014.08,VIP
714229,T-shirt,23,2025-05-05 09:00,93.67,0.21,10.49,Stationery,In-store,Not Returned,Medium,2154.41,VIP
745222,White Mug,39,2025-05-05 14:00,95.06,0.35,13.31,Stationery,In-store,Not Returned,Medium,3707.34,VIP
258024,Desk Lamp,17,2025-05-06 01:00,81.47,0.39,8.05,Stationery,Online,Not Returned,High,1384.99,VIP
224717,T-shirt,-46,2025-05-06 07:00,-68.27,1.2007328734311074,,Stationery,Online,Not Returned,Low,3140.42,VIP
688108,Office Chair,46,2025-05-06 18:00,46.28,0.04,26.51,Stationery,In-store,Not Returned,Low,2128.88,VIP
157593,Desk Lamp,35,2025-05-07 08:00,98.18,0.02,12.28,Stationery,Online,Not Returned,High,3436.3,VIP
214153,Blue Pen,22,2025-05-07 16:00,90.1,0.05,9.65,Stationery,Online,Not Returned,High,1982.2,VIP
791343,Blue Pen,13,2025-05-07 21:00,81.51,0.11,25.82,Stationery,Online,Not Returned,High,1059.63,VIP
872904,USB Cable,27,2025-05-08 02:00,71.57,0.33,6.59,Stationery,Online,Not Returned,Low,1932.39,VIP
516534,USB Cable,23,2025-05-09 04:00,70.05,0.11,12.58,Stationery,Online,Not Returned,Medium,1611.15,VIP
837200,Office Chair,47,2025-05-09 15:00,28.4,0.07,21.09,Stationery,Online,Not Returned,Medium,1334.8,VIP
478945,Notebook,25,2025-05-10 05:00,94.93,0.03,5.74,Stationery,In-store,Not Returned,High,2373.25,VIP
609944,Blue Pen,43,2025-05-11 12:00,95.45,0.33,6.96,Stationery,Online,Not Returned,High,4104.35,VIP
289923,Notebook,32,2025-05-14 00:00,72.27,0.41,22.04,Stationery,In-store,Not Returned,Medium,2312.64,VIP
925995,Blue Pen,33,2025-05-14 22:00,95.01,0.33,8.57,Stationery,In-store,Not Returned,High,3135.3300000000004,VIP
338995,Headphones,43,2025-05-15 05:00,48.81,0.3,20.4,Stationery,In-store,Not Returned,Low,2098.83,VIP
836425,Backpack,29,2025-05-15 15:00,61.27,0.25,27.52,Stationery,In-store,Not Returned,Medium,1776.8300000000002,VIP
941592,Desk Lamp,15,2025-05-17 12:00,94.84,0.07,15.75,Stationery,In-store,Not Returned,Medium,1422.6,VIP
842416,Wireless Mouse,26,2025-05-17 16:00,99.77,0.06,14.25,Stationery,Online,Not Returned,Low,2594.02,VIP
976821,Wireless Mouse,28,2025-05-17 21:00,79.28,0.34,21.78,Stationery,In-store,Not Returned,High,2219.84,VIP
235032,Notebook,33,2025-05-18 14:00,51.81,0.2,18.9,Stationery,Online,Not Returned,High,1709.73,VIP
809608,Wireless Mouse,-22,2025-05-18 16:00,-56.78,1.0700887262867909,,Stationery,Online,Not Returned,High,1249.16,VIP
516975,Blue Pen,36,2025-05-18 17:00,31.71,0.4,22.68,Stationery,Online,Not Returned,High,1141.56,VIP
511337,T-shirt,46,2025-05-18 18:00,76.06,0.23,28.06,Stationery,Online,Not Returned,Medium,3498.76,VIP
276201,Headphones,23,2025-05-18 19:00,86.97,0.12,9.24,Stationery,In-store,Not Returned,High,2000.31,VIP
476291,Office Chair,23,2025-05-18 20:00,74.88,0.27,15.35,Stationery,Online,Not Returned,Medium,1722.2399999999998,VIP
130961,Desk Lamp,25,2025-05-19 05:00,45.75,0.28,28.16,Stationery,In-store,Not Returned,Medium,1143.75,VIP
797924,Wireless Mouse,26,2025-05-19 17:00,95.13,0.15,5.97,Stationery,In-store,Not Returned,High,2473.38,VIP
114702,Headphones,46,2025-05-20 05:00,58.62,0.43,27.38,Stationery,Online,Not Returned,Low,2696.52,VIP
761384,Headphones,35,2025-05-21 06:00,66.06,0.17,5.77,Stationery,Online,Not Returned,Low,2312.1,VIP
338074,Wireless Mouse,14,2025-05-21 13:00,93.13,0.3,23.44,Stationery,Online,Not Returned,Medium,1303.82,VIP
329819,Backpack,47,2025-05-21 19:00,45.04,0.38,21.87,Stationery,Online,Not Returned,High,2116.88,VIP
733721,Backpack,29,2025-05-22 17:00,46.96,0.36,28.63,Stationery,In-store,Not Returned,Low,1361.84,VIP
998314,Backpack,20,2025-05-22 23:00,88.08,0.1,20.47,Stationery,In-store,Not Returned,Low,1761.6,VIP
695007,Headphones,29,2025-05-23 01:00,37.91,0.43,29.34,Stationery,Online,Returned,High,1099.39,VIP
513679,White Mug,16,2025-05-23 03:00,75.96,0.22,25.19,Stationery,In-store,Not Returned,High,1215.36,VIP
384024,USB Cable,44,2025-05-23 11:00,53.85,0.28,24.74,Stationery,Online,Not Returned,Low,2369.4,VIP
732349,Wall Clock,39,2025-05-23 12:00,35.85,0.4,27.39,Stationery,In-store,Not Returned,Low,1398.15,VIP
788526,Wireless Mouse,24,2025-05-23 16:00,79.83,0.13,9.71,Stationery,Online,Not Returned,Low,1915.92,VIP
517519,Wireless Mouse,19,2025-05-24 05:00,60.04,0.01,24.74,Stationery,Online,Not Returned,Low,1140.76,VIP
870444,Wall Clock,36,2025-05-24 21:00,82.86,0.0,15.77,Stationery,Online,Not Returned,Medium,2982.96,VIP
254737,Wall Clock,42,2025-05-24 23:00,54.82,0.29,20.88,Stationery,In-store,Not Returned,Low,2302.44,VIP
391349,Office Chair,25,2025-05-25 00:00,85.93,0.2,19.67,Stationery,In-store,Not Returned,High,2148.25,VIP
724447,Office Chair,41,2025-05-25 13:00,56.33,0.29,10.03,Stationery,In-store,Not Returned,High,2309.53,VIP
309494,T-shirt,27,2025-05-26 01:00,82.8,0.43,24.97,Stationery,Online,Not Returned,Medium,2235.6,VIP
885562,Wireless Mouse,29,2025-05-26 08:00,85.16,0.19,19.46,Stationery,In-store,Not Returned,High,2469.64,VIP
519040,Wireless Mouse,39,2025-05-26 15:00,90.96,0.08,28.52,Stationery,In-store,Not Returned,Low,3547.44,VIP
410605,Wireless Mouse,33,2025-05-26 18:00,64.52,0.49,12.67,Stationery,In-store,Not Returned,Low,2129.16,VIP
499568,Wall Clock,25,2025-05-27 05:00,69.51,0.14,29.4,Stationery,In-store,Returned,Low,1737.7500000000002,VIP
666035,Desk Lamp,21,2025-05-27 09:00,73.37,0.49,21.55,Stationery,Online,Not Returned,High,1540.77,VIP
117716,Backpack,11,2025-05-27 12:00,96.25,0.29,12.79,Stationery,Online,Not Returned,Low,1058.75,VIP
169981,T-shirt,41,2025-05-28 16:00,42.02,0.28,25.92,Stationery,In-store,Not Returned,High,1722.8200000000002,VIP
569528,Wall Clock,46,2025-05-28 19:00,43.32,0.45,8.8,Stationery,Online,Not Returned,Medium,1992.72,VIP
652586,Headphones,29,2025-05-29 02:00,77.14,0.28,27.77,Stationery,In-store,Not Returned,Medium,2237.06,VIP
948398,White Mug,49,2025-05-29 08:00,79.06,0.14,27.42,Stationery,Online,Not Returned,Medium,3873.94,VIP
333988,White Mug,41,2025-05-30 19:00,66.65,0.0,18.99,Stationery,In-store,Not Returned,Low,2732.65,VIP
510223,Backpack,31,2025-05-31 16:00,37.89,0.3,12.64,Stationery,Online,Not Returned,Low,1174.59,VIP
855735,Backpack,43,2025-06-01 12:00,49.28,0.05,21.12,Stationery,In-store,Not Returned,Low,2119.04,VIP
352790,Backpack,48,2025-06-01 14:00,59.09,0.18,5.09,Stationery,In-store,Not Returned,Medium,2836.32,VIP
554150,White Mug,44,2025-06-01 19:00,40.87,0.4,9.15,Stationery,In-store,Not Returned,Medium,1798.28,VIP
691413,Headphones,-28,2025-06-02 02:00,-46.25,0.34,,Stationery,Online,Not Returned,High,1295.0,VIP
826548,Office Chair,35,2025-06-03 08:00,76.26,0.26,22.25,Stationery,In-store,Not Returned,Low,2669.1000000000004,VIP
207560,T-shirt,44,2025-06-05 13:00,63.0,0.17,18.5,Stationery,In-store,Not Returned,High,2772.0,VIP
220201,Headphones,45,2025-06-05 20:00,51.98,0.29,18.81,Stationery,Online,Returned,Medium,2339.1,VIP
937783,Desk Lamp,36,2025-06-06 02:00,33.62,0.05,13.35,Stationery,In-store,Not Returned,High,1210.32,VIP
531369,Notebook,45,2025-06-06 09:00,35.39,0.02,5.74,Stationery,Online,Not Returned,Low,1592.55,VIP
544854,Wireless Mouse,49,2025-06-06 11:00,71.48,0.1,29.09,Stationery,Online,Not Returned,Low,3502.52,VIP
281201,White Mug,22,2025-06-06 14:00,90.11,0.38,27.81,Stationery,Online,Not Returned,Medium,1982.42,VIP
582217,Wireless Mouse,35,2025-06-06 23:00,60.97,0.37,17.44,Stationery,In-store,Not Returned,Medium,2133.95,VIP
465937,Office Chair,35,2025-06-07 23:00,90.35,0.44,26.9,Stationery,Online,Not Returned,High,3162.25,VIP
971448,T-shirt,14,2025-06-08 13:00,97.24,0.04,20.36,Stationery,In-store,Not Returned,Medium,1361.36,VIP
329565,Desk Lamp,16,2025-06-08 14:00,64.75,0.18,9.53,Stationery,Online,Not Returned,Low,1036.0,VIP
632640,White Mug,48,2025-06-11 11:00,49.92,0.3,29.05,Stationery,In-store,Not Returned,High,2396.16,VIP
934756,White Mug,45,2025-06-11 15:00,25.36,0.29,25.83,Stationery,Online,Not Returned,Low,1141.2,VIP
538003,USB Cable,27,2025-06-12 02:00,91.15,0.34,18.01,Stationery,In-store,Not Returned,Medium,2461.05,VIP
996408,USB Cable,23,2025-06-12 03:00,90.79,0.42,23.38,Stationery,In-store,Not Returned,Low,2088.17,VIP
609098,Blue Pen,29,2025-06-12 23:00,94.05,0.34,27.04,Stationery,Online,Not Returned,Medium,2727.45,VIP
509056,Office Chair,24,2025-06-14 05:00,68.39,0.0,18.14,Stationery,Online,Not Returned,Medium,1641.36,VIP
155509,Notebook,21,2025-06-14 15:00,55.92,0.02,9.12,Stationery,In-store,Not Returned,Medium,1174.32,VIP
682149,Wall Clock,18,2025-06-15 08:00,62.4,0.34,9.15,Stationery,In-store,Not Returned,Low,1123.2,VIP
159737,Office Chair,48,2025-06-16 02:00,25.58,0.1,19.95,Stationery,In-store,Not Returned,Medium,1227.84,VIP
697276,Headphones,43,2025-06-16 16:00,60.05,0.13,9.17,Stationery,In-store,Not Returned,Low,2582.15,VIP
437060,Blue Pen,19,2025-06-17 03:00,53.11,0.39,8.85,Stationery,Online,Not Returned,Medium,1009.09,VIP
509978,USB Cable,17,2025-06-17 14:00,86.42,0.41,13.68,Stationery,In-store,Not Returned,High,1469.14,VIP
388100,Headphones,28,2025-06-18 11:00,47.56,0.09,11.92,Stationery,Online,Not Returned,Low,1331.68,VIP
860762,T-shirt,35,2025-06-19 08:00,62.27,0.36,26.2,Stationery,In-store,Not Returned,Medium,2179.4500000000003,VIP
324537,Headphones,49,2025-06-19 12:00,85.67,0.07,17.37,Stationery,In-store,Not Returned,Low,4197.83,VIP
133217,Backpack,29,2025-06-19 20:00,36.85,0.02,22.5,Stationery,In-store,Not Returned,Low,1068.65,VIP
868819,Notebook,-25,2025-06-20 21:00,-48.87,1.1593937089594006,,Stationery,Online,Not Returned,Low,1221.75,VIP
168748,USB Cable,-25,2025-06-21 05:00,-74.81,1.727310986852925,,Stationery,Online,Returned,High,1870.25,VIP
452328,Wall Clock,17,2025-06-21 18:00,89.55,0.15,6.81,Stationery,In-store,Not Returned,Medium,1522.35,VIP
354170,White Mug,35,2025-06-21 23:00,86.12,0.03,26.66,Stationery,In-store,Not Returned,Low,3014.2000000000003,VIP
476455,Blue Pen,28,2025-06-22 00:00,97.82,0.36,22.09,Stationery,Online,Not Returned,Medium,2738.96,VIP
772485,USB Cable,38,2025-06-23 02:00,38.67,0.48,12.06,Stationery,In-store,Not Returned,Low,1469.46,VIP
468694,Backpack,33,2025-06-24 05:00,70.31,0.32,22.38,Stationery,In-store,Not Returned,High,2320.23,VIP
578057,Desk Lamp,44,2025-06-24 22:00,84.36,0.3,29.04,Stationery,In-store,Not Returned,Low,3711.84,VIP
922125,Backpack,33,2025-06-25 12:00,91.82,0.12,16.29,Stationery,In-store,Not Returned,Low,3030.06,VIP
363053,Headphones,21,2025-06-25 14:00,94.08,0.17,24.77,Stationery,In-store,Not Returned,Medium,1975.68,VIP
442185,USB Cable,30,2025-06-25 15:00,73.91,0.17,23.91,Stationery,Online,Not Returned,Medium,2217.3,VIP
595236,Wireless Mouse,27,2025-06-26 13:00,42.48,0.04,23.95,Stationery,In-store,Not Returned,Medium,1146.9599999999998,VIP
876802,Desk Lamp,39,2025-06-26 14:00,44.85,0.03,25.12,Stationery,In-store,Not Returned,High,1749.15,VIP
465612,Backpack,39,2025-06-27 23:00,81.62,0.06,14.23,Stationery,In-store,Not Returned,Low,3183.1800000000003,VIP
460363,Desk Lamp,20,2025-06-28 20:00,79.51,0.43,21.0,Stationery,Online,Not Returned,High,1590.2,VIP
963302,Notebook,30,2025-06-29 09:00,85.47,0.4,10.47,Stationery,In-store,Not Returned,Medium,2564.1,VIP
617144,Wireless Mouse,45,2025-06-29 15:00,43.0,0.38,7.09,Stationery,Online,Not Returned,Low,1935.0,VIP
312130,USB Cable,31,2025-06-30 10:00,51.36,0.09,29.53,Stationery,In-store,Not Returned,Medium,1592.16,VIP
186117,Notebook,24,2025-06-30 20:00,77.65,0.03,16.53,Stationery,Online,Not Returned,High,1863.6,VIP
644131,Office Chair,37,2025-06-30 22:00,87.78,0.35,7.47,Stationery,Online,Not Returned,High,3247.86,VIP
100157,T-shirt,17,2025-07-01 15:00,84.9,0.01,7.4,Stationery,Online,Not Returned,High,1443.3000000000002,VIP
194499,White Mug,29,2025-07-02 11:00,82.7,0.47,23.73,Stationery,In-store,Not Returned,Low,2398.3,VIP
779595,Headphones,-30,2025-07-02 13:00,-38.5,1.4978139764600746,,Stationery,In-store,Not Returned,Medium,1155.0,VIP
821815,Notebook,40,2025-07-02 22:00,67.45,0.16,9.04,Stationery,In-store,Not Returned,Medium,2698.0,VIP
349159,Desk Lamp,22,2025-07-03 12:00,62.11,0.21,22.88,Stationery,Online,Not Returned,High,1366.42,VIP
984336,Blue Pen,43,2025-07-05 00:00,63.72,0.0,23.54,Stationery,In-store,Returned,Medium,2739.96,VIP
374170,T-shirt,30,2025-07-06 11:00,97.28,0.13,20.2,Stationery,Online,Not Returned,Low,2918.4,VIP
309330,Desk Lamp,45,2025-07-07 11:00,91.18,0.39,11.92,Stationery,In-store,Not Returned,High,4103.1,VIP
852807,Desk Lamp,34,2025-07-07 14:00,67.96,0.08,27.95,Stationery,Online,Not Returned,Low,2310.64,VIP
787277,Desk Lamp,38,2025-07-07 21:00,57.56,0.44,6.39,Stationery,In-store,Not Returned,Low,2187.28,VIP
682161,Notebook,47,2025-07-08 00:00,64.56,0.17,9.46,Stationery,In-store,Not Returned,Medium,3034.32,VIP
652832,USB Cable,34,2025-07-08 05:00,50.83,0.49,23.59,Stationery,Online,Not Returned,High,1728.22,VIP
160840,White Mug,30,2025-07-10 03:00,83.42,0.34,18.43,Stationery,Online,Not Returned,Medium,2502.6,VIP
679749,Wall Clock,44,2025-07-10 05:00,75.79,0.37,20.98,Stationery,Online,Not Returned,High,3334.76,VIP
658819,White Mug,34,2025-07-11 12:00,75.24,0.29,14.25,Stationery,In-store,Not Returned,Low,2558.16,VIP
175961,Blue Pen,28,2025-07-12 07:00,43.07,0.36,11.12,Stationery,In-store,Not Returned,Low,1205.96,VIP
622265,Wall Clock,36,2025-07-13 12:00,71.25,0.23,23.83,Stationery,In-store,Not Returned,Medium,2565.0,VIP
709705,USB Cable,49,2025-07-13 13:00,55.31,0.41,5.49,Stationery,In-store,Returned,Low,2710.19,VIP
395781,Office Chair,18,2025-07-14 09:00,95.96,0.21,15.53,Stationery,Online,Not Returned,Medium,1727.28,VIP
622396,Headphones,48,2025-07-14 14:00,57.76,0.02,18.24,Stationery,In-store,Not Returned,Medium,2772.48,VIP
851957,Wireless Mouse,36,2025-07-14 15:00,96.07,0.45,25.44,Stationery,In-store,Not Returned,High,3458.5199999999995,VIP
965486,USB Cable,29,2025-07-15 14:00,84.75,0.39,17.59,Stationery,In-store,Not Returned,High,2457.75,VIP
427026,Blue Pen,49,2025-07-15 20:00,52.98,0.24,22.81,Stationery,Online,Not Returned,Low,2596.02,VIP
288059,White Mug,21,2025-07-15 21:00,67.35,0.23,18.59,Stationery,In-store,Not Returned,High,1414.35,VIP
185765,Backpack,17,2025-07-16 05:00,90.4,0.22,27.92,Stationery,In-store,Not Returned,Low,1536.8000000000002,VIP
249517,T-shirt,21,2025-07-17 00:00,53.2,0.15,23.08,Stationery,Online,Not Returned,Low,1117.2,VIP
565035,Backpack,36,2025-07-17 03:00,80.19,0.05,17.42,Stationery,Online,Returned,Low,2886.84,VIP
293962,USB Cable,37,2025-07-17 05:00,59.96,0.11,23.88,Stationery,Online,Not Returned,Medium,2218.52,VIP
278257,USB Cable,40,2025-07-17 14:00,95.83,0.33,12.65,Stationery,In-store,Not Returned,Medium,3833.2,VIP
586814,Blue Pen,47,2025-07-17 21:00,22.46,0.12,25.2,Stationery,Online,Not Returned,High,1055.62,VIP
139633,Office Chair,48,2025-07-17 23:00,90.07,0.27,9.67,Stationery,Online,Not Returned,High,4323.36,VIP
716829,T-shirt,40,2025-07-18 15:00,58.37,0.25,13.16,Stationery,In-store,Not Returned,Low,2334.8,VIP
183417,Office Chair,49,2025-07-19 15:00,67.34,0.37,22.2,Stationery,Online,Not Returned,High,3299.6600000000003,VIP
223105,T-shirt,24,2025-07-20 13:00,66.42,0.5,20.9,Stationery,In-store,Not Returned,High,1594.08,VIP
618988,Backpack,25,2025-07-20 21:00,66.94,0.23,15.64,Stationery,In-store,Not Returned,High,1673.5,VIP
473235,Desk Lamp,-20,2025-07-21 03:00,-88.35,1.4325079336734765,,Stationery,In-store,Not Returned,Medium,1767.0,VIP
793384,White Mug,47,2025-07-21 08:00,94.23,0.29,7.37,Stationery,Online,Not Returned,Medium,4428.81,VIP
118167,Office Chair,42,2025-07-21 19:00,57.98,0.45,19.25,Stationery,Online,Not Returned,Low,2435.16,VIP
349811,Wireless Mouse,40,2025-07-22 13:00,53.91,0.03,15.31,Stationery,In-store,Not Returned,Low,2156.4,VIP
128737,Notebook,35,2025-07-22 14:00,80.74,0.49,9.2,Stationery,Online,Not Returned,High,2825.9,VIP
520067,Office Chair,-18,2025-07-23 14:00,-61.9,1.714843294134754,,Stationery,In-store,Not Returned,High,1114.2,VIP
265177,Wall Clock,27,2025-07-23 22:00,75.91,0.0,22.2,Stationery,In-store,Not Returned,High,2049.57,VIP
190654,White Mug,20,2025-07-24 05:00,68.34,0.14,24.79,Stationery,In-store,Not Returned,Low,1366.8000000000002,VIP
278359,Wireless Mouse,43,2025-07-24 22:00,99.38,0.03,7.34,Stationery,In-store,Not Returned,High,4273.34,VIP
406937,Blue Pen,28,2025-07-25 00:00,59.17,0.46,22.29,Stationery,Online,Not Returned,Medium,1656.76,VIP
236830,White Mug,27,2025-07-25 06:00,83.26,0.45,6.02,Stationery,In-store,Not Returned,Medium,2248.02,VIP
590585,Wireless Mouse,33,2025-07-25 11:00,64.85,0.38,21.84,Stationery,In-store,Not Returned,High,2140.05,VIP
987016,Wireless Mouse,47,2025-07-25 14:00,54.73,0.09,18.85,Stationery,Online,Not Returned,Low,2572.31,VIP
436759,White Mug,41,2025-07-25 17:00,63.85,0.43,15.78,Stationery,Online,Not Returned,High,2617.85,VIP
251676,Office Chair,43,2025-07-26 05:00,24.05,0.29,11.88,Stationery,Online,Not Returned,Medium,1034.15,VIP
204596,Wall Clock,41,2025-07-26 18:00,94.72,0.26,15.24,Stationery,Online,Not Returned,Medium,3883.52,VIP
400076,USB Cable,11,2025-07-27 23:00,91.38,0.47,14.03,Stationery,Online,Not Returned,Low,1005.18,VIP
698857,Wall Clock,49,2025-07-28 00:00,42.34,0.12,17.58,Stationery,Online,Not Returned,Low,2074.6600000000003,VIP
728162,Blue Pen,24,2025-07-28 06:00,68.6,0.01,26.71,Stationery,Online,Not Returned,Medium,1646.4,VIP
852380,Notebook,30,2025-07-28 18:00,44.47,0.46,10.69,Stationery,In-store,Not Returned,Medium,1334.1,VIP
667271,Wireless Mouse,44,2025-07-29 11:00,59.34,0.33,5.55,Stationery,In-store,Not Returned,Medium,2610.96,VIP
432993,Desk Lamp,34,2025-07-29 15:00,66.01,0.22,19.52,Stationery,Online,Not Returned,Low,2244.34,VIP
694651,Wall Clock,24,2025-07-30 01:00,65.2,0.44,25.46,Stationery,Online,Not Returned,Medium,1564.8000000000002,VIP
849432,T-shirt,19,2025-07-30 04:00,88.6,0.23,14.74,Stationery,Online,Not Returned,Medium,1683.4,VIP
805824,Notebook,40,2025-07-30 10:00,86.97,0.12,10.8,Stationery,Online,Not Returned,Medium,3478.8,VIP
931733,Wall Clock,21,2025-07-30 17:00,96.6,0.48,12.03,Stationery,Online,Not Returned,Medium,2028.6,VIP
223976,Blue Pen,44,2025-07-31 01:00,47.37,0.29,17.28,Stationery,Online,Not Returned,Low,2084.28,VIP
139123,USB Cable,19,2025-07-31 05:00,57.39,0.33,23.16,Stationery,Online,Not Returned,High,1090.41,VIP
836307,Blue Pen,39,2025-08-01 03:00,60.85,0.25,14.71,Stationery,Online,Not Returned,Low,2373.15,VIP
754616,Blue Pen,26,2025-08-01 12:00,72.1,0.07,22.43,Stationery,In-store,Not Returned,High,1874.6,VIP
964429,Headphones,41,2025-08-02 09:00,56.4,0.24,8.98,Stationery,Online,Not Returned,Low,2312.4,VIP
423710,Desk Lamp,25,2025-08-02 20:00,46.18,0.09,21.21,Stationery,In-store,Not Returned,Medium,1154.5,VIP
501981,Office Chair,46,2025-08-03 06:00,58.24,0.08,11.12,Stationery,Online,Not Returned,Medium,2679.04,VIP
784831,White Mug,18,2025-08-04 04:00,95.5,0.31,14.4,Stationery,Online,Not Returned,Medium,1719.0,VIP
307926,White Mug,28,2025-08-04 09:00,77.54,0.13,5.45,Stationery,In-store,Returned,High,2171.1200000000003,VIP
906573,Office Chair,26,2025-08-04 15:00,72.5,0.27,27.77,Stationery,Online,Not Returned,Medium,1885.0,VIP
752968,Backpack,47,2025-08-04 16:00,24.82,0.48,8.87,Stationery,In-store,Returned,High,1166.54,VIP
878689,T-shirt,49,2025-08-04 17:00,35.5,0.35,29.33,Stationery,In-store,Not Returned,Medium,1739.5,VIP
919612,Blue Pen,35,2025-08-05 09:00,96.5,0.05,29.9,Stationery,In-store,Not Returned,High,3377.5,VIP
866466,Blue Pen,31,2025-08-05 18:00,90.62,0.09,5.92,Stationery,Online,Not Returned,Low,2809.2200000000003,VIP
925757,T-shirt,30,2025-08-05 20:00,33.51,0.05,7.45,Stationery,In-store,Returned,Low,1005.3,VIP
883820,Headphones,41,2025-08-06 06:00,72.6,0.36,23.11,Stationery,In-store,Not Returned,Low,2976.6,VIP
752330,Headphones,45,2025-08-06 23:00,30.38,0.21,9.67,Stationery,Online,Not Returned,High,1367.1,VIP
888885,USB Cable,48,2025-08-07 11:00,97.41,0.13,15.07,Stationery,In-store,Not Returned,Low,4675.68,VIP
955672,Office Chair,26,2025-08-08 08:00,83.65,0.44,19.3,Stationery,In-store,Not Returned,Medium,2174.9,VIP
582927,Headphones,35,2025-08-08 14:00,63.21,0.45,11.83,Stationery,In-store,Not Returned,Medium,2212.35,VIP
384988,Wireless Mouse,47,2025-08-08 19:00,30.04,0.2,12.97,Stationery,Online,Not Returned,High,1411.88,VIP
695934,Wireless Mouse,33,2025-08-09 01:00,71.86,0.11,5.77,Stationery,Online,Not Returned,Low,2371.38,VIP
997291,Backpack,15,2025-08-09 20:00,86.98,0.17,8.25,Stationery,Online,Not Returned,High,1304.7,VIP
400873,White Mug,44,2025-08-10 19:00,34.83,0.12,15.17,Stationery,In-store,Not Returned,High,1532.52,VIP
221456,Notebook,36,2025-08-11 14:00,49.27,0.48,17.33,Stationery,Online,Not Returned,High,1773.72,VIP
601071,Wireless Mouse,24,2025-08-11 16:00,73.24,0.14,10.26,Stationery,In-store,Not Returned,High,1757.7599999999998,VIP
850691,USB Cable,49,2025-08-12 00:00,62.49,0.08,6.09,Stationery,Online,Not Returned,High,3062.01,VIP
918051,Notebook,49,2025-08-13 03:00,85.8,0.32,19.84,Stationery,In-store,Not Returned,Medium,4204.2,VIP
831740,White Mug,35,2025-08-13 14:00,87.9,0.07,19.76,Stationery,In-store,Not Returned,Medium,3076.5,VIP
851389,White Mug,44,2025-08-13 19:00,74.01,0.48,13.38,Stationery,Online,Not Returned,Medium,3256.44,VIP
588971,Headphones,16,2025-08-14 05:00,83.49,0.01,14.26,Stationery,In-store,Not Returned,High,1335.84,VIP
373214,Notebook,34,2025-08-14 22:00,40.14,0.41,7.64,Stationery,Online,Not Returned,High,1364.76,VIP
646030,White Mug,40,2025-08-15 05:00,30.39,0.19,24.9,Stationery,Online,Not Returned,Medium,1215.6,VIP
609302,USB Cable,46,2025-08-15 10:00,31.5,0.45,5.13,Stationery,In-store,Not Returned,Low,1449.0,VIP
358054,Office Chair,38,2025-08-15 18:00,57.31,0.46,7.58,Stationery,Online,Not Returned,Low,2177.78,VIP
762570,Headphones,23,2025-08-15 20:00,52.59,0.24,26.28,Stationery,In-store,Returned,Medium,1209.5700000000002,VIP
137344,Blue Pen,46,2025-08-16 18:00,56.84,0.28,21.94,Stationery,In-store,Not Returned,Medium,2614.6400000000003,VIP
477450,Desk Lamp,25,2025-08-18 13:00,86.86,0.37,10.65,Stationery,In-store,Not Returned,Low,2171.5,VIP
103303,Headphones,17,2025-08-18 18:00,68.07,0.43,8.68,Stationery,Online,Not Returned,Low,1157.1899999999998,VIP
307890,Office Chair,26,2025-08-20 00:00,99.15,0.31,28.94,Stationery,Online,Not Returned,Low,2577.9,VIP
910713,Office Chair,14,2025-08-21 18:00,96.99,0.44,28.31,Stationery,Online,Not Returned,Medium,1357.86,VIP
241308,Headphones,34,2025-08-21 21:00,94.12,0.12,28.88,Stationery,In-store,Not Returned,Medium,3200.08,VIP
255531,Wall Clock,25,2025-08-21 22:00,70.96,0.45,16.84,Stationery,Online,Not Returned,High,1773.9999999999998,VIP
197984,Wireless Mouse,39,2025-08-22 06:00,82.55,0.21,29.88,Stationery,Online,Not Returned,Medium,3219.45,VIP
946992,Wireless Mouse,34,2025-08-22 13:00,91.54,0.21,22.53,Stationery,In-store,Not Returned,Medium,3112.36,VIP
198956,White Mug,48,2025-08-23 00:00,27.82,0.41,16.54,Stationery,Online,Not Returned,Low,1335.36,VIP
798533,Wireless Mouse,-13,2025-08-23 08:00,-89.26,0.09,,Stationery,Online,Not Returned,Low,1160.38,VIP
382897,White Mug,17,2025-08-23 14:00,96.73,0.08,13.37,Stationery,In-store,Not Returned,Medium,1644.41,VIP
313268,Blue Pen,45,2025-08-24 00:00,98.96,0.0,6.22,Stationery,In-store,Not Returned,Low,4453.2,VIP
152848,Blue Pen,23,2025-08-24 07:00,65.24,0.43,14.55,Stationery,Online,Not Returned,Medium,1500.52,VIP
254165,Backpack,49,2025-08-24 23:00,71.62,0.32,7.22,Stationery,In-store,Not Returned,High,3509.38,VIP
231648,T-shirt,15,2025-08-25 17:00,77.88,0.48,26.96,Stationery,Online,Returned,Low,1168.1999999999998,VIP
867895,White Mug,33,2025-08-25 19:00,97.39,0.24,7.5,Stationery,Online,Not Returned,High,3213.87,VIP
398022,USB Cable,19,2025-08-26 01:00,69.88,0.42,8.92,Stationery,In-store,Not Returned,Low,1327.7199999999998,VIP
190461,Blue Pen,49,2025-08-26 06:00,51.02,0.22,20.83,Stationery,Online,Not Returned,Low,2499.98,VIP
114202,Office Chair,49,2025-08-26 08:00,61.84,0.37,19.09,Stationery,Online,Not Returned,High,3030.1600000000003,VIP
985312,Office Chair,38,2025-08-26 14:00,40.18,0.47,25.57,Stationery,In-store,Not Returned,High,1526.84,VIP
558992,Office Chair,21,2025-08-26 15:00,57.37,0.4,27.68,Stationery,In-store,Not Returned,Low,1204.77,VIP
126617,Headphones,27,2025-08-26 20:00,70.97,0.12,16.45,Stationery,In-store,Not Returned,Medium,1916.19,VIP
665212,Headphones,48,2025-08-27 05:00,68.03,0.02,5.7,Stationery,Online,Not Returned,Medium,3265.44,VIP
569022,Notebook,29,2025-08-27 08:00,91.91,0.12,21.77,Stationery,Online,Returned,High,2665.39,VIP
686694,Blue Pen,29,2025-08-28 02:00,41.41,0.06,29.71,Stationery,Online,Not Returned,Medium,1200.89,VIP
662991,White Mug,32,2025-08-28 05:00,75.5,0.25,8.6,Stationery,In-store,Not Returned,Low,2416.0,VIP
927314,Headphones,15,2025-08-28 12:00,72.21,0.41,21.31,Stationery,In-store,Not Returned,Low,1083.15,VIP
168474,Office Chair,41,2025-08-28 19:00,47.54,0.44,11.42,Stationery,In-store,Not Returned,Medium,1949.14,VIP
804481,Backpack,21,2025-08-29 06:00,91.7,0.3,13.05,Stationery,Online,Not Returned,Low,1925.7,VIP
752974,Backpack,48,2025-08-29 19:00,64.39,0.1,14.29,Stationery,In-store,Not Returned,Low,3090.7200000000003,VIP
158641,USB Cable,19,2025-08-31 15:00,67.18,0.24,17.59,Stationery,Online,Not Returned,Medium,1276.42,VIP
737137,USB Cable,15,2025-08-31 17:00,73.19,0.35,28.15,Stationery,Online,Returned,Medium,1097.85,VIP
461653,Notebook,27,2025-08-31 23:00,51.23,0.07,18.3,Stationery,Online,Not Returned,Low,1383.2099999999998,VIP
604421,Office Chair,18,2025-09-01 03:00,78.22,0.01,9.81,Stationery,Online,Not Returned,Medium,1407.96,VIP
472371,Headphones,30,2025-09-01 06:00,35.54,0.07,24.2,Stationery,In-store,Not Returned,Medium,1066.2,VIP
818565,White Mug,48,2025-09-01 07:00,68.72,0.34,9.14,Stationery,Online,Not Returned,Low,3298.56,VIP
487332,T-shirt,27,2025-09-02 07:00,42.61,0.43,27.36,Stationery,Online,Not Returned,Medium,1150.47,VIP
576488,White Mug,30,2025-09-02 16:00,50.06,0.4,22.89,Stationery,In-store,Not Returned,Low,1501.8000000000002,VIP
575966,Backpack,19,2025-09-02 23:00,81.84,0.29,18.43,Stationery,In-store,Not Returned,Medium,1554.96,VIP
620222,Blue Pen,22,2025-09-03 13:00,75.69,0.02,13.45,Stationery,Online,Not Returned,Medium,1665.1799999999998,VIP
525329,T-shirt,37,2025-09-03 22:00,87.53,0.31,22.62,Stationery,In-store,Not Returned,Low,3238.61,VIP
691338,Wall Clock,19,2025-09-04 10:00,89.93,0.05,16.36,Stationery,In-store,Not Returned,Medium,1708.67,VIP
748751,Desk Lamp,43,2025-09-04 15:00,70.21,0.28,5.44,Stationery,In-store,Not Returned,Medium,3019.03,VIP
575634,Blue Pen,37,2025-09-04 16:00,42.67,0.44,6.8,Stationery,Online,Not Returned,Medium,1578.79,VIP
701257,Office Chair,19,2025-09-04 17:00,81.91,0.48,13.45,Stationery,In-store,Returned,Medium,1556.29,VIP
772215,White Mug,30,2025-09-05 05:00,38.27,0.1,9.13,Stationery,Online,Not Returned,Low,1148.1,VIP
