event_id,user_id,session_id,event_time,variant,page
E0000001,100001,S000001,2025-07-09 00:19:00,1,checkout_cta
E0000002,100001,S000002,2025-07-08 21:47:00,1,home_banner
E0000003,100002,S000003,2025-07-13 05:29:00,1,home_banner
E0000004,100002,S000004,2025-07-13 10:35:00,1,checkout_cta
E0000005,100003,S000005,2025-07-06 03:54:00,0,home_banner
E0000006,100003,S000006,2025-07-06 00:49:00,0,home_banner
E0000007,100004,S000007,2025-07-04 15:43:00,0,home_banner
E0000008,100004,S000008,2025-07-04 15:21:00,0,checkout_cta
E0000009,100005,S000009,2025-07-08 08:06:00,1,checkout_cta
E0000010,100005,S000010,2025-07-08 09:57:00,1,product_reco
E0000011,100006,S000011,2025-07-10 06:01:00,1,product_reco
E0000012,100007,S000012,2025-07-04 19:41:00,0,checkout_cta
E0000013,100008,S000013,2025-07-15 08:47:00,0,home_banner
E0000014,100008,S000014,2025-07-15 07:10:00,0,checkout_cta
E0000015,100008,S000015,2025-07-15 09:21:00,0,product_reco
E0000016,100009,S000016,2025-07-06 11:32:00,1,product_reco
E0000017,100009,S000017,2025-07-06 16:21:00,1,checkout_cta
E0000018,100009,S000018,2025-07-06 17:24:00,1,product_reco
E0000019,100010,S000019,2025-07-09 20:40:00,1,home_banner
E0000020,100010,S000020,2025-07-09 18:34:00,1,checkout_cta
E0000021,100011,S000021,2025-07-11 23:05:00,1,product_reco
E0000022,100011,S000022,2025-07-11 19:30:00,1,home_banner
E0000023,100012,S000023,2025-07-02 11:36:00,0,home_banner
E0000024,100012,S000024,2025-07-02 15:27:00,0,product_reco
E0000025,100013,S000025,2025-07-09 07:57:00,1,product_reco
E0000026,100014,S000026,2025-07-12 20:10:00,1,checkout_cta
E0000027,100014,S000027,2025-07-13 01:57:00,1,checkout_cta
E0000028,100014,S000028,2025-07-13 03:22:00,1,home_banner
E0000029,100015,S000029,2025-07-14 02:26:00,1,product_reco
E0000030,100015,S000030,2025-07-13 22:51:00,1,checkout_cta
E0000031,100016,S000031,2025-07-04 06:10:00,0,checkout_cta
E0000032,100017,S000032,2025-07-07 05:54:00,1,home_banner
E0000033,100018,S000033,2025-07-02 09:32:00,0,home_banner
E0000034,100018,S000034,2025-07-02 04:59:00,0,checkout_cta
E0000035,100019,S000035,2025-07-13 21:07:00,1,product_reco
E0000036,100020,S000036,2025-07-13 20:08:00,0,home_banner
E0000037,100020,S000037,2025-07-13 23:20:00,0,checkout_cta
E0000038,100021,S000038,2025-07-11 03:25:00,1,product_reco
E0000039,100022,S000039,2025-07-09 08:05:00,1,product_reco
E0000040,100022,S000040,2025-07-09 09:45:00,1,home_banner
E0000041,100023,S000041,2025-07-02 03:15:00,0,home_banner
E0000042,100023,S000042,2025-07-02 00:17:00,0,home_banner
E0000043,100024,S000043,2025-07-13 08:26:00,1,product_reco
E0000044,100025,S000044,2025-07-03 04:06:00,0,product_reco
E0000045,100025,S000045,2025-07-03 03:03:00,0,home_banner
E0000046,100026,S000046,2025-07-04 13:47:00,1,product_reco
E0000047,100026,S000047,2025-07-04 13:42:00,1,home_banner
E0000048,100026,S000048,2025-07-04 15:15:00,1,product_reco
E0000049,100027,S000049,2025-07-03 02:20:00,1,product_reco
E0000050,100028,S000050,2025-07-04 16:22:00,0,checkout_cta
E0000051,100028,S000051,2025-07-04 20:19:00,0,product_reco
E0000052,100028,S000052,2025-07-04 20:47:00,0,product_reco
E0000053,100029,S000053,2025-07-14 20:32:00,1,checkout_cta
E0000054,100029,S000054,2025-07-15 02:16:00,1,home_banner
E0000055,100030,S000055,2025-07-02 09:52:00,0,product_reco
E0000056,100030,S000056,2025-07-02 02:44:00,0,checkout_cta
E0000057,100031,S000057,2025-07-04 11:08:00,0,home_banner
E0000058,100032,S000058,2025-07-09 07:02:00,0,home_banner
E0000059,100033,S000059,2025-07-03 03:38:00,1,home_banner
E0000060,100033,S000060,2025-07-03 06:13:00,1,checkout_cta
E0000061,100034,S000061,2025-07-03 20:25:00,0,product_reco
E0000062,100034,S000062,2025-07-03 17:44:00,0,product_reco
E0000063,100035,S000063,2025-07-13 06:22:00,1,product_reco
E0000064,100036,S000064,2025-07-14 04:25:00,0,product_reco
E0000065,100036,S000065,2025-07-14 02:21:00,0,product_reco
E0000066,100037,S000066,2025-07-09 03:38:00,1,checkout_cta
E0000067,100037,S000067,2025-07-08 23:12:00,1,home_banner
E0000068,100037,S000068,2025-07-09 01:54:00,1,checkout_cta
E0000069,100038,S000069,2025-07-06 14:16:00,0,home_banner
E0000070,100039,S000070,2025-07-13 11:45:00,1,home_banner
E0000071,100040,S000071,2025-07-10 20:00:00,0,checkout_cta
E0000072,100040,S000072,2025-07-10 18:15:00,0,checkout_cta
E0000073,100040,S000073,2025-07-10 19:44:00,0,home_banner
E0000074,100041,S000074,2025-07-02 22:01:00,1,checkout_cta
E0000075,100042,S000075,2025-07-07 08:05:00,1,product_reco
E0000076,100043,S000076,2025-07-13 08:48:00,0,checkout_cta
E0000077,100044,S000077,2025-07-09 21:46:00,0,product_reco
E0000078,100045,S000078,2025-07-08 07:26:00,1,product_reco
E0000079,100046,S000079,2025-07-04 02:55:00,1,product_reco
E0000080,100046,S000080,2025-07-04 03:36:00,1,home_banner
E0000081,100047,S000081,2025-07-15 00:24:00,0,product_reco
E0000082,100047,S000082,2025-07-15 00:53:00,0,checkout_cta
E0000083,100048,S000083,2025-07-03 20:40:00,0,home_banner
E0000084,100048,S000084,2025-07-03 16:30:00,0,home_banner
E0000085,100049,S000085,2025-07-14 17:36:00,0,home_banner
E0000086,100049,S000086,2025-07-14 13:41:00,0,product_reco
E0000087,100050,S000087,2025-07-10 14:03:00,1,product_reco
E0000088,100051,S000088,2025-07-06 19:03:00,1,product_reco
E0000089,100052,S000089,2025-07-11 16:27:00,1,checkout_cta
E0000090,100053,S000090,2025-07-06 20:39:00,0,product_reco
E0000091,100053,S000091,2025-07-06 23:52:00,0,product_reco
E0000092,100054,S000092,2025-07-01 13:19:00,0,product_reco
E0000093,100055,S000093,2025-07-05 17:52:00,1,home_banner
E0000094,100055,S000094,2025-07-05 20:53:00,1,home_banner
E0000095,100056,S000095,2025-07-12 03:59:00,0,home_banner
E0000096,100056,S000096,2025-07-12 00:23:00,0,home_banner
E0000097,100057,S000097,2025-07-03 22:37:00,1,checkout_cta
E0000098,100058,S000098,2025-07-15 12:51:00,0,product_reco
E0000099,100058,S000099,2025-07-15 10:17:00,0,home_banner
E0000100,100059,S000100,2025-07-15 00:32:00,0,product_reco
E0000101,100060,S000101,2025-07-06 15:33:00,1,home_banner
E0000102,100060,S000102,2025-07-06 18:17:00,1,home_banner
E0000103,100061,S000103,2025-07-10 10:48:00,0,checkout_cta
E0000104,100062,S000104,2025-07-06 14:10:00,0,home_banner
E0000105,100063,S000105,2025-07-11 22:16:00,0,checkout_cta
E0000106,100063,S000106,2025-07-11 23:49:00,0,home_banner
E0000107,100064,S000107,2025-07-07 12:48:00,0,checkout_cta
E0000108,100065,S000108,2025-07-13 08:48:00,1,home_banner
E0000109,100065,S000109,2025-07-13 15:24:00,1,home_banner
E0000110,100066,S000110,2025-07-13 22:35:00,0,home_banner
E0000111,100067,S000111,2025-07-01 22:37:00,1,home_banner
E0000112,100068,S000112,2025-07-09 09:48:00,0,product_reco
E0000113,100068,S000113,2025-07-09 16:51:00,0,product_reco
E0000114,100069,S000114,2025-07-13 18:16:00,1,checkout_cta
E0000115,100069,S000115,2025-07-13 21:08:00,1,home_banner
E0000116,100069,S000116,2025-07-13 22:20:00,1,checkout_cta
E0000117,100070,S000117,2025-07-10 18:41:00,1,product_reco
E0000118,100071,S000118,2025-07-02 09:34:00,1,home_banner
E0000119,100071,S000119,2025-07-02 10:41:00,1,home_banner
E0000120,100071,S000120,2025-07-02 10:56:00,1,home_banner
E0000121,100072,S000121,2025-07-05 18:44:00,1,product_reco
E0000122,100072,S000122,2025-07-05 17:38:00,1,product_reco
E0000123,100072,S000123,2025-07-05 15:25:00,1,home_banner
E0000124,100073,S000124,2025-07-02 10:52:00,1,checkout_cta
E0000125,100073,S000125,2025-07-02 05:57:00,1,product_reco
E0000126,100074,S000126,2025-07-05 00:39:00,1,product_reco
E0000127,100074,S000127,2025-07-04 19:33:00,1,checkout_cta
E0000128,100075,S000128,2025-07-04 00:15:00,1,checkout_cta
E0000129,100076,S000129,2025-07-12 21:21:00,1,product_reco
E0000130,100076,S000130,2025-07-12 17:18:00,1,home_banner
E0000131,100076,S000131,2025-07-12 21:49:00,1,product_reco
E0000132,100077,S000132,2025-07-01 19:05:00,1,home_banner
E0000133,100077,S000133,2025-07-01 23:19:00,1,product_reco
E0000134,100078,S000134,2025-07-14 16:18:00,0,product_reco
E0000135,100078,S000135,2025-07-14 22:47:00,0,product_reco
E0000136,100079,S000136,2025-07-01 16:45:00,0,checkout_cta
E0000137,100080,S000137,2025-07-07 16:55:00,1,home_banner
E0000138,100081,S000138,2025-07-12 19:23:00,0,product_reco
E0000139,100082,S000139,2025-07-10 15:04:00,1,home_banner
E0000140,100082,S000140,2025-07-10 12:28:00,1,home_banner
E0000141,100082,S000141,2025-07-10 10:16:00,1,home_banner
E0000142,100083,S000142,2025-07-05 06:21:00,1,home_banner
E0000143,100084,S000143,2025-07-08 08:19:00,0,checkout_cta
E0000144,100084,S000144,2025-07-08 04:49:00,0,product_reco
E0000145,100085,S000145,2025-07-07 10:14:00,0,home_banner
E0000146,100085,S000146,2025-07-07 08:44:00,0,home_banner
E0000147,100086,S000147,2025-07-12 07:04:00,1,product_reco
E0000148,100087,S000148,2025-07-14 15:32:00,0,checkout_cta
E0000149,100088,S000149,2025-07-07 02:32:00,0,checkout_cta
E0000150,100089,S000150,2025-07-07 04:25:00,1,product_reco
E0000151,100090,S000151,2025-07-02 17:30:00,0,home_banner
E0000152,100090,S000152,2025-07-02 22:24:00,0,product_reco
E0000153,100091,S000153,2025-07-02 18:52:00,0,product_reco
E0000154,100092,S000154,2025-07-07 16:58:00,1,product_reco
E0000155,100093,S000155,2025-07-10 11:20:00,0,home_banner
E0000156,100093,S000156,2025-07-10 08:54:00,0,product_reco
E0000157,100093,S000157,2025-07-10 14:05:00,0,home_banner
E0000158,100094,S000158,2025-07-10 15:32:00,1,product_reco
E0000159,100095,S000159,2025-07-11 09:38:00,1,checkout_cta
E0000160,100095,S000160,2025-07-11 11:09:00,1,product_reco
E0000161,100096,S000161,2025-07-11 08:23:00,0,product_reco
E0000162,100096,S000162,2025-07-11 04:56:00,0,product_reco
E0000163,100096,S000163,2025-07-11 06:04:00,0,checkout_cta
E0000164,100097,S000164,2025-07-09 22:56:00,1,home_banner
E0000165,100098,S000165,2025-07-15 01:38:00,0,product_reco
E0000166,100098,S000166,2025-07-15 01:11:00,0,checkout_cta
E0000167,100098,S000167,2025-07-15 04:27:00,0,product_reco
E0000168,100099,S000168,2025-07-02 11:13:00,0,home_banner
E0000169,100100,S000169,2025-07-09 21:19:00,0,home_banner
E0000170,100101,S000170,2025-07-08 13:18:00,0,product_reco
E0000171,100102,S000171,2025-07-06 08:30:00,0,checkout_cta
E0000172,100103,S000172,2025-07-11 22:44:00,1,checkout_cta
E0000173,100104,S000173,2025-07-03 17:09:00,0,product_reco
E0000174,100104,S000174,2025-07-04 00:49:00,0,product_reco
E0000175,100105,S000175,2025-07-11 04:52:00,1,product_reco
E0000176,100105,S000176,2025-07-11 02:10:00,1,product_reco
E0000177,100106,S000177,2025-07-10 23:01:00,1,product_reco
E0000178,100106,S000178,2025-07-11 06:47:00,1,home_banner
E0000179,100107,S000179,2025-07-08 21:45:00,1,product_reco
E0000180,100107,S000180,2025-07-09 00:25:00,1,product_reco
E0000181,100108,S000181,2025-07-09 01:29:00,0,checkout_cta
E0000182,100108,S000182,2025-07-09 02:43:00,0,product_reco
E0000183,100109,S000183,2025-07-04 04:33:00,1,product_reco
E0000184,100110,S000184,2025-07-03 03:52:00,1,checkout_cta
E0000185,100111,S000185,2025-07-13 03:54:00,0,home_banner
E0000186,100112,S000186,2025-07-12 12:37:00,0,product_reco
E0000187,100112,S000187,2025-07-12 11:01:00,0,product_reco
E0000188,100113,S000188,2025-07-10 19:47:00,0,product_reco
E0000189,100114,S000189,2025-07-01 18:42:00,1,product_reco
E0000190,100115,S000190,2025-07-13 23:53:00,0,home_banner
E0000191,100115,S000191,2025-07-13 23:12:00,0,checkout_cta
E0000192,100116,S000192,2025-07-12 01:11:00,1,product_reco
E0000193,100117,S000193,2025-07-05 06:36:00,0,checkout_cta
E0000194,100118,S000194,2025-07-13 11:45:00,0,home_banner
E0000195,100118,S000195,2025-07-13 11:11:00,0,product_reco
E0000196,100119,S000196,2025-07-10 00:25:00,0,home_banner
E0000197,100119,S000197,2025-07-09 20:41:00,0,product_reco
E0000198,100119,S000198,2025-07-09 18:26:00,0,home_banner
E0000199,100120,S000199,2025-07-02 13:18:00,0,checkout_cta
E0000200,100121,S000200,2025-07-13 20:26:00,1,home_banner
E0000201,100121,S000201,2025-07-13 20:16:00,1,home_banner
E0000202,100121,S000202,2025-07-14 01:32:00,1,product_reco
E0000203,100122,S000203,2025-07-04 12:57:00,0,product_reco
E0000204,100122,S000204,2025-07-04 15:17:00,0,checkout_cta
E0000205,100123,S000205,2025-07-07 07:59:00,0,product_reco
E0000206,100124,S000206,2025-07-08 07:01:00,1,checkout_cta
E0000207,100125,S000207,2025-07-04 07:17:00,0,product_reco
E0000208,100126,S000208,2025-07-13 23:54:00,0,home_banner
E0000209,100126,S000209,2025-07-13 23:16:00,0,home_banner
E0000210,100126,S000210,2025-07-13 20:10:00,0,home_banner
E0000211,100127,S000211,2025-07-13 09:40:00,1,product_reco
E0000212,100127,S000212,2025-07-13 08:20:00,1,product_reco
E0000213,100127,S000213,2025-07-13 11:06:00,1,checkout_cta
E0000214,100128,S000214,2025-07-13 12:08:00,0,product_reco
E0000215,100128,S000215,2025-07-13 11:09:00,0,product_reco
E0000216,100129,S000216,2025-07-06 17:26:00,0,product_reco
E0000217,100129,S000217,2025-07-06 18:55:00,0,product_reco
E0000218,100130,S000218,2025-07-06 18:45:00,1,home_banner
E0000219,100131,S000219,2025-07-14 18:39:00,0,home_banner
E0000220,100132,S000220,2025-07-11 13:59:00,1,product_reco
E0000221,100132,S000221,2025-07-11 17:28:00,1,home_banner
E0000222,100133,S000222,2025-07-04 09:15:00,0,product_reco
E0000223,100133,S000223,2025-07-04 12:22:00,0,checkout_cta
E0000224,100133,S000224,2025-07-04 13:19:00,0,home_banner
E0000225,100134,S000225,2025-07-10 09:46:00,1,product_reco
E0000226,100134,S000226,2025-07-10 10:49:00,1,product_reco
E0000227,100135,S000227,2025-07-03 06:49:00,0,product_reco
E0000228,100135,S000228,2025-07-03 04:00:00,0,home_banner
E0000229,100136,S000229,2025-07-14 04:45:00,1,checkout_cta
E0000230,100136,S000230,2025-07-13 22:18:00,1,product_reco
E0000231,100137,S000231,2025-07-07 04:36:00,0,product_reco
E0000232,100137,S000232,2025-07-07 07:57:00,0,home_banner
E0000233,100138,S000233,2025-07-08 23:51:00,0,checkout_cta
E0000234,100138,S000234,2025-07-08 23:34:00,0,checkout_cta
E0000235,100139,S000235,2025-07-13 01:08:00,1,checkout_cta
E0000236,100140,S000236,2025-07-01 13:33:00,0,checkout_cta
E0000237,100141,S000237,2025-07-03 14:30:00,0,product_reco
E0000238,100142,S000238,2025-07-11 06:00:00,1,home_banner
E0000239,100142,S000239,2025-07-11 12:01:00,1,product_reco
E0000240,100143,S000240,2025-07-13 04:22:00,1,product_reco
E0000241,100144,S000241,2025-07-12 11:50:00,1,checkout_cta
E0000242,100144,S000242,2025-07-12 13:32:00,1,home_banner
E0000243,100144,S000243,2025-07-12 09:33:00,1,product_reco
E0000244,100145,S000244,2025-07-14 05:12:00,1,home_banner
E0000245,100146,S000245,2025-07-14 17:14:00,1,checkout_cta
E0000246,100147,S000246,2025-07-03 23:56:00,1,home_banner
E0000247,100148,S000247,2025-07-04 23:39:00,0,product_reco
E0000248,100149,S000248,2025-07-13 08:22:00,1,product_reco
E0000249,100150,S000249,2025-07-04 08:56:00,0,product_reco
E0000250,100150,S000250,2025-07-04 07:07:00,0,checkout_cta
E0000251,100151,S000251,2025-07-04 08:31:00,1,product_reco
E0000252,100151,S000252,2025-07-04 11:43:00,1,product_reco
E0000253,100151,S000253,2025-07-04 04:54:00,1,product_reco
E0000254,100152,S000254,2025-07-15 03:54:00,0,home_banner
E0000255,100153,S000255,2025-07-03 16:55:00,0,home_banner
E0000256,100154,S000256,2025-07-06 02:37:00,0,checkout_cta
E0000257,100154,S000257,2025-07-06 02:01:00,0,product_reco
E0000258,100155,S000258,2025-07-07 03:27:00,1,checkout_cta
E0000259,100155,S000259,2025-07-07 02:29:00,1,checkout_cta
E0000260,100156,S000260,2025-07-04 21:46:00,0,product_reco
E0000261,100157,S000261,2025-07-05 02:00:00,1,product_reco
E0000262,100158,S000262,2025-07-03 11:12:00,1,checkout_cta
E0000263,100158,S000263,2025-07-03 11:39:00,1,product_reco
E0000264,100159,S000264,2025-07-01 12:51:00,1,home_banner
E0000265,100160,S000265,2025-07-10 06:27:00,1,home_banner
E0000266,100160,S000266,2025-07-10 10:48:00,1,product_reco
E0000267,100161,S000267,2025-07-07 05:06:00,1,home_banner
E0000268,100161,S000268,2025-07-07 04:48:00,1,home_banner
E0000269,100161,S000269,2025-07-07 03:56:00,1,checkout_cta
E0000270,100162,S000270,2025-07-05 23:33:00,1,product_reco
E0000271,100163,S000271,2025-07-11 16:32:00,0,product_reco
E0000272,100163,S000272,2025-07-11 18:58:00,0,home_banner
E0000273,100164,S000273,2025-07-14 13:43:00,0,product_reco
E0000274,100165,S000274,2025-07-05 12:10:00,0,home_banner
E0000275,100165,S000275,2025-07-05 11:56:00,0,checkout_cta
E0000276,100165,S000276,2025-07-05 10:43:00,0,home_banner
E0000277,100166,S000277,2025-07-09 06:51:00,1,home_banner
E0000278,100166,S000278,2025-07-09 05:27:00,1,home_banner
E0000279,100167,S000279,2025-07-08 09:10:00,1,product_reco
E0000280,100167,S000280,2025-07-08 11:27:00,1,product_reco
E0000281,100168,S000281,2025-07-10 01:51:00,1,product_reco
E0000282,100168,S000282,2025-07-10 04:14:00,1,product_reco
E0000283,100169,S000283,2025-07-07 05:27:00,1,checkout_cta
E0000284,100170,S000284,2025-07-09 00:50:00,0,product_reco
E0000285,100171,S000285,2025-07-04 15:56:00,0,home_banner
E0000286,100171,S000286,2025-07-04 11:55:00,0,product_reco
E0000287,100172,S000287,2025-07-02 10:11:00,0,product_reco
E0000288,100173,S000288,2025-07-12 17:06:00,1,home_banner
E0000289,100174,S000289,2025-07-08 02:20:00,1,home_banner
E0000290,100175,S000290,2025-07-07 14:32:00,1,home_banner
E0000291,100175,S000291,2025-07-07 16:39:00,1,product_reco
E0000292,100175,S000292,2025-07-07 15:35:00,1,home_banner
E0000293,100176,S000293,2025-07-13 22:02:00,1,home_banner
E0000294,100176,S000294,2025-07-13 20:50:00,1,home_banner
E0000295,100177,S000295,2025-07-05 20:39:00,0,product_reco
E0000296,100177,S000296,2025-07-05 18:10:00,0,product_reco
E0000297,100178,S000297,2025-07-13 14:04:00,0,product_reco
E0000298,100179,S000298,2025-07-14 10:51:00,1,checkout_cta
E0000299,100179,S000299,2025-07-14 07:00:00,1,home_banner
E0000300,100180,S000300,2025-07-06 23:30:00,1,home_banner
E0000301,100181,S000301,2025-07-05 15:26:00,0,home_banner
E0000302,100181,S000302,2025-07-05 15:25:00,0,home_banner
E0000303,100182,S000303,2025-07-11 18:09:00,1,checkout_cta
E0000304,100183,S000304,2025-07-03 14:06:00,1,checkout_cta
E0000305,100184,S000305,2025-07-07 14:14:00,0,product_reco
E0000306,100185,S000306,2025-07-05 00:27:00,0,home_banner
E0000307,100186,S000307,2025-07-10 09:30:00,1,home_banner
E0000308,100187,S000308,2025-07-03 14:18:00,1,home_banner
E0000309,100188,S000309,2025-07-05 12:12:00,1,home_banner
E0000310,100188,S000310,2025-07-05 09:31:00,1,product_reco
E0000311,100188,S000311,2025-07-05 07:38:00,1,product_reco
E0000312,100189,S000312,2025-07-11 23:59:00,1,product_reco
E0000313,100189,S000313,2025-07-11 22:13:00,1,product_reco
E0000314,100190,S000314,2025-07-14 06:29:00,0,checkout_cta
E0000315,100191,S000315,2025-07-14 06:30:00,1,product_reco
E0000316,100191,S000316,2025-07-14 07:09:00,1,checkout_cta
E0000317,100191,S000317,2025-07-14 05:16:00,1,home_banner
E0000318,100192,S000318,2025-07-10 08:34:00,1,home_banner
E0000319,100192,S000319,2025-07-10 08:32:00,1,home_banner
E0000320,100192,S000320,2025-07-10 07:24:00,1,checkout_cta
E0000321,100193,S000321,2025-07-07 12:28:00,1,product_reco
E0000322,100194,S000322,2025-07-03 23:11:00,1,checkout_cta
E0000323,100194,S000323,2025-07-04 00:19:00,1,home_banner
E0000324,100195,S000324,2025-07-07 22:25:00,0,checkout_cta
E0000325,100196,S000325,2025-07-07 10:31:00,0,home_banner
E0000326,100196,S000326,2025-07-07 11:33:00,0,product_reco
E0000327,100197,S000327,2025-07-05 04:47:00,1,checkout_cta
E0000328,100198,S000328,2025-07-06 23:03:00,0,product_reco
E0000329,100198,S000329,2025-07-06 23:08:00,0,home_banner
E0000330,100198,S000330,2025-07-06 21:50:00,0,home_banner
E0000331,100199,S000331,2025-07-05 21:02:00,1,checkout_cta
E0000332,100200,S000332,2025-07-04 08:14:00,1,home_banner
E0000333,100200,S000333,2025-07-04 10:59:00,1,checkout_cta
E0000334,100201,S000334,2025-07-07 02:07:00,0,product_reco
E0000335,100201,S000335,2025-07-07 02:17:00,0,checkout_cta
E0000336,100202,S000336,2025-07-07 06:57:00,1,product_reco
E0000337,100202,S000337,2025-07-07 04:34:00,1,home_banner
E0000338,100203,S000338,2025-07-13 09:58:00,0,checkout_cta
E0000339,100203,S000339,2025-07-13 08:32:00,0,product_reco
E0000340,100204,S000340,2025-07-03 12:47:00,0,home_banner
E0000341,100204,S000341,2025-07-03 08:49:00,0,checkout_cta
E0000342,100205,S000342,2025-07-11 00:45:00,1,product_reco
E0000343,100205,S000343,2025-07-10 20:31:00,1,product_reco
E0000344,100205,S000344,2025-07-11 03:14:00,1,home_banner
E0000345,100206,S000345,2025-07-15 11:29:00,0,home_banner
E0000346,100207,S000346,2025-07-14 21:17:00,0,home_banner
E0000347,100207,S000347,2025-07-15 03:00:00,0,home_banner
E0000348,100208,S000348,2025-07-11 05:58:00,1,product_reco
E0000349,100208,S000349,2025-07-11 06:20:00,1,home_banner
E0000350,100208,S000350,2025-07-11 06:27:00,1,checkout_cta
E0000351,100209,S000351,2025-07-12 15:37:00,1,product_reco
E0000352,100210,S000352,2025-07-11 22:53:00,1,product_reco
E0000353,100210,S000353,2025-07-11 20:21:00,1,checkout_cta
E0000354,100210,S000354,2025-07-11 23:51:00,1,home_banner
E0000355,100211,S000355,2025-07-06 04:32:00,0,checkout_cta
E0000356,100212,S000356,2025-07-12 21:02:00,1,product_reco
E0000357,100212,S000357,2025-07-12 21:38:00,1,product_reco
E0000358,100213,S000358,2025-07-06 15:51:00,1,product_reco
E0000359,100213,S000359,2025-07-06 11:43:00,1,home_banner
E0000360,100213,S000360,2025-07-06 15:48:00,1,home_banner
E0000361,100214,S000361,2025-07-13 19:39:00,0,home_banner
E0000362,100214,S000362,2025-07-13 21:52:00,0,checkout_cta
E0000363,100214,S000363,2025-07-14 01:20:00,0,home_banner
E0000364,100215,S000364,2025-07-03 05:07:00,1,checkout_cta
E0000365,100215,S000365,2025-07-03 01:25:00,1,checkout_cta
E0000366,100216,S000366,2025-07-07 14:47:00,0,home_banner
E0000367,100216,S000367,2025-07-07 14:54:00,0,product_reco
E0000368,100216,S000368,2025-07-07 15:59:00,0,product_reco
E0000369,100217,S000369,2025-07-02 08:42:00,0,home_banner
E0000370,100217,S000370,2025-07-02 08:23:00,0,home_banner
E0000371,100218,S000371,2025-07-08 15:59:00,0,home_banner
E0000372,100218,S000372,2025-07-08 23:33:00,0,product_reco
E0000373,100219,S000373,2025-07-02 19:01:00,0,product_reco
E0000374,100219,S000374,2025-07-02 19:01:00,0,home_banner
E0000375,100219,S000375,2025-07-02 22:10:00,0,product_reco
E0000376,100220,S000376,2025-07-15 01:17:00,1,checkout_cta
E0000377,100220,S000377,2025-07-14 20:10:00,1,product_reco
E0000378,100220,S000378,2025-07-14 23:12:00,1,home_banner
E0000379,100221,S000379,2025-07-08 09:35:00,0,checkout_cta
E0000380,100221,S000380,2025-07-08 09:05:00,0,product_reco
E0000381,100222,S000381,2025-07-14 11:10:00,1,checkout_cta
E0000382,100223,S000382,2025-07-07 20:59:00,1,checkout_cta
E0000383,100224,S000383,2025-07-11 15:25:00,0,product_reco
E0000384,100225,S000384,2025-07-13 11:37:00,1,product_reco
E0000385,100226,S000385,2025-07-04 20:32:00,0,home_banner
E0000386,100226,S000386,2025-07-04 23:14:00,0,home_banner
E0000387,100227,S000387,2025-07-14 21:58:00,1,product_reco
E0000388,100228,S000388,2025-07-12 15:18:00,0,checkout_cta
E0000389,100228,S000389,2025-07-12 21:16:00,0,home_banner
E0000390,100229,S000390,2025-07-13 18:16:00,1,checkout_cta
E0000391,100230,S000391,2025-07-04 08:15:00,1,product_reco
E0000392,100231,S000392,2025-07-08 20:02:00,1,product_reco
E0000393,100232,S000393,2025-07-06 06:17:00,1,product_reco
E0000394,100233,S000394,2025-07-03 22:11:00,1,home_banner
E0000395,100234,S000395,2025-07-10 14:53:00,1,home_banner
E0000396,100234,S000396,2025-07-10 19:13:00,1,home_banner
E0000397,100235,S000397,2025-07-07 10:19:00,0,home_banner
E0000398,100235,S000398,2025-07-07 12:26:00,0,home_banner
E0000399,100235,S000399,2025-07-07 15:22:00,0,product_reco
E0000400,100236,S000400,2025-07-07 19:45:00,1,product_reco
E0000401,100236,S000401,2025-07-08 02:29:00,1,checkout_cta
E0000402,100236,S000402,2025-07-07 21:54:00,1,home_banner
E0000403,100237,S000403,2025-07-14 00:01:00,1,home_banner
E0000404,100237,S000404,2025-07-14 03:51:00,1,checkout_cta
E0000405,100237,S000405,2025-07-14 07:19:00,1,home_banner
E0000406,100238,S000406,2025-07-06 07:25:00,1,home_banner
E0000407,100239,S000407,2025-07-02 06:52:00,1,product_reco
E0000408,100240,S000408,2025-07-06 02:37:00,0,product_reco
E0000409,100241,S000409,2025-07-03 20:11:00,1,checkout_cta
E0000410,100242,S000410,2025-07-01 10:24:00,0,product_reco
E0000411,100243,S000411,2025-07-04 14:03:00,1,home_banner
E0000412,100244,S000412,2025-07-02 16:02:00,0,home_banner
E0000413,100244,S000413,2025-07-02 15:56:00,0,checkout_cta
E0000414,100245,S000414,2025-07-13 14:36:00,1,checkout_cta
E0000415,100245,S000415,2025-07-13 10:56:00,1,checkout_cta
E0000416,100245,S000416,2025-07-13 07:47:00,1,product_reco
E0000417,100246,S000417,2025-07-08 10:12:00,1,checkout_cta
E0000418,100247,S000418,2025-07-13 19:59:00,0,checkout_cta
E0000419,100247,S000419,2025-07-13 16:47:00,0,home_banner
E0000420,100248,S000420,2025-07-02 04:16:00,0,product_reco
E0000421,100248,S000421,2025-07-02 04:51:00,0,home_banner
E0000422,100249,S000422,2025-07-04 23:25:00,0,checkout_cta
E0000423,100250,S000423,2025-07-12 05:42:00,0,product_reco
E0000424,100251,S000424,2025-07-10 23:13:00,1,product_reco
E0000425,100251,S000425,2025-07-11 00:10:00,1,product_reco
E0000426,100252,S000426,2025-07-06 16:52:00,0,product_reco
E0000427,100253,S000427,2025-07-11 07:21:00,0,product_reco
E0000428,100253,S000428,2025-07-11 09:46:00,0,product_reco
E0000429,100254,S000429,2025-07-12 20:34:00,1,product_reco
E0000430,100254,S000430,2025-07-12 20:40:00,1,product_reco
E0000431,100254,S000431,2025-07-12 14:17:00,1,home_banner
E0000432,100255,S000432,2025-07-03 05:28:00,0,product_reco
E0000433,100256,S000433,2025-07-04 02:56:00,0,product_reco
E0000434,100256,S000434,2025-07-04 01:35:00,0,home_banner
E0000435,100257,S000435,2025-07-03 17:35:00,0,product_reco
E0000436,100257,S000436,2025-07-03 17:56:00,0,checkout_cta
E0000437,100258,S000437,2025-07-07 13:55:00,1,home_banner
E0000438,100258,S000438,2025-07-07 12:04:00,1,product_reco
E0000439,100258,S000439,2025-07-07 15:45:00,1,product_reco
E0000440,100259,S000440,2025-07-08 06:49:00,1,home_banner
E0000441,100260,S000441,2025-07-01 15:09:00,0,checkout_cta
E0000442,100260,S000442,2025-07-01 10:47:00,0,checkout_cta
E0000443,100261,S000443,2025-07-10 14:46:00,0,checkout_cta
E0000444,100261,S000444,2025-07-10 11:50:00,0,home_banner
E0000445,100262,S000445,2025-07-11 08:01:00,1,home_banner
E0000446,100263,S000446,2025-07-07 00:15:00,1,home_banner
E0000447,100264,S000447,2025-07-12 01:47:00,0,home_banner
E0000448,100264,S000448,2025-07-11 20:50:00,0,home_banner
E0000449,100265,S000449,2025-07-14 18:38:00,1,home_banner
E0000450,100265,S000450,2025-07-14 21:03:00,1,product_reco
E0000451,100266,S000451,2025-07-15 00:44:00,0,product_reco
E0000452,100266,S000452,2025-07-15 01:54:00,0,home_banner
E0000453,100266,S000453,2025-07-15 05:51:00,0,home_banner
E0000454,100267,S000454,2025-07-05 10:14:00,0,product_reco
E0000455,100268,S000455,2025-07-14 10:08:00,1,home_banner
E0000456,100268,S000456,2025-07-14 13:09:00,1,product_reco
E0000457,100269,S000457,2025-07-12 19:26:00,1,checkout_cta
E0000458,100270,S000458,2025-07-09 01:18:00,1,product_reco
E0000459,100270,S000459,2025-07-08 23:52:00,1,product_reco
E0000460,100271,S000460,2025-07-01 16:56:00,0,product_reco
E0000461,100272,S000461,2025-07-08 12:32:00,0,product_reco
E0000462,100273,S000462,2025-07-05 16:08:00,0,checkout_cta
E0000463,100273,S000463,2025-07-05 08:29:00,0,product_reco
E0000464,100273,S000464,2025-07-05 10:56:00,0,home_banner
E0000465,100274,S000465,2025-07-03 05:30:00,0,product_reco
E0000466,100274,S000466,2025-07-03 12:27:00,0,home_banner
E0000467,100274,S000467,2025-07-03 11:20:00,0,home_banner
E0000468,100275,S000468,2025-07-08 17:23:00,1,home_banner
E0000469,100275,S000469,2025-07-08 20:26:00,1,product_reco
E0000470,100276,S000470,2025-07-09 00:05:00,1,checkout_cta
E0000471,100276,S000471,2025-07-09 04:31:00,1,product_reco
E0000472,100276,S000472,2025-07-09 04:32:00,1,product_reco
E0000473,100277,S000473,2025-07-06 13:51:00,1,product_reco
E0000474,100277,S000474,2025-07-06 19:47:00,1,product_reco
E0000475,100278,S000475,2025-07-13 03:59:00,0,home_banner
E0000476,100279,S000476,2025-07-03 04:10:00,1,checkout_cta
E0000477,100279,S000477,2025-07-03 00:41:00,1,home_banner
E0000478,100280,S000478,2025-07-11 15:17:00,0,product_reco
E0000479,100280,S000479,2025-07-11 18:04:00,0,checkout_cta
E0000480,100281,S000480,2025-07-04 02:57:00,1,product_reco
E0000481,100282,S000481,2025-07-14 11:52:00,1,checkout_cta
E0000482,100282,S000482,2025-07-14 12:48:00,1,product_reco
E0000483,100282,S000483,2025-07-14 08:55:00,1,home_banner
E0000484,100283,S000484,2025-07-06 10:16:00,1,home_banner
E0000485,100284,S000485,2025-07-07 06:22:00,0,product_reco
E0000486,100285,S000486,2025-07-10 06:25:00,1,product_reco
E0000487,100285,S000487,2025-07-09 23:00:00,1,product_reco
E0000488,100286,S000488,2025-07-08 16:27:00,0,checkout_cta
E0000489,100286,S000489,2025-07-08 18:33:00,0,checkout_cta
E0000490,100287,S000490,2025-07-14 16:17:00,1,product_reco
E0000491,100288,S000491,2025-07-04 19:15:00,0,product_reco
E0000492,100289,S000492,2025-07-01 21:27:00,1,home_banner
E0000493,100290,S000493,2025-07-12 14:25:00,1,product_reco
E0000494,100291,S000494,2025-07-13 15:54:00,1,product_reco
E0000495,100292,S000495,2025-07-05 12:42:00,1,home_banner
E0000496,100292,S000496,2025-07-05 18:37:00,1,product_reco
E0000497,100292,S000497,2025-07-05 13:04:00,1,product_reco
E0000498,100293,S000498,2025-07-05 20:30:00,0,home_banner
E0000499,100293,S000499,2025-07-05 18:29:00,0,checkout_cta
E0000500,100294,S000500,2025-07-07 23:32:00,1,product_reco
E0000501,100295,S000501,2025-07-10 22:01:00,0,product_reco
E0000502,100295,S000502,2025-07-10 21:50:00,0,checkout_cta
E0000503,100295,S000503,2025-07-10 19:39:00,0,checkout_cta
E0000504,100296,S000504,2025-07-13 13:25:00,0,product_reco
E0000505,100296,S000505,2025-07-13 10:45:00,0,checkout_cta
E0000506,100297,S000506,2025-07-09 18:18:00,1,product_reco
E0000507,100297,S000507,2025-07-09 22:21:00,1,home_banner
E0000508,100298,S000508,2025-07-08 14:58:00,0,product_reco
E0000509,100298,S000509,2025-07-08 12:50:00,0,home_banner
E0000510,100299,S000510,2025-07-11 23:26:00,1,home_banner
E0000511,100299,S000511,2025-07-12 02:16:00,1,home_banner
E0000512,100300,S000512,2025-07-02 13:45:00,1,product_reco
E0000513,100301,S000513,2025-07-10 20:49:00,1,product_reco
E0000514,100301,S000514,2025-07-10 17:27:00,1,home_banner
E0000515,100302,S000515,2025-07-10 04:47:00,1,home_banner
E0000516,100302,S000516,2025-07-10 02:53:00,1,checkout_cta
E0000517,100303,S000517,2025-07-10 23:32:00,1,home_banner
E0000518,100304,S000518,2025-07-05 10:25:00,1,home_banner
E0000519,100305,S000519,2025-07-10 06:13:00,0,checkout_cta
E0000520,100305,S000520,2025-07-10 10:24:00,0,product_reco
E0000521,100306,S000521,2025-07-13 21:49:00,0,product_reco
E0000522,100307,S000522,2025-07-06 00:28:00,1,product_reco
E0000523,100307,S000523,2025-07-05 23:41:00,1,product_reco
E0000524,100307,S000524,2025-07-05 23:35:00,1,home_banner
E0000525,100308,S000525,2025-07-07 14:09:00,0,checkout_cta
E0000526,100308,S000526,2025-07-07 18:23:00,0,product_reco
E0000527,100308,S000527,2025-07-07 14:57:00,0,checkout_cta
E0000528,100309,S000528,2025-07-12 16:04:00,0,product_reco
E0000529,100310,S000529,2025-07-02 14:17:00,1,product_reco
E0000530,100310,S000530,2025-07-02 17:40:00,1,home_banner
E0000531,100311,S000531,2025-07-02 15:23:00,1,product_reco
E0000532,100312,S000532,2025-07-08 01:50:00,0,home_banner
E0000533,100312,S000533,2025-07-08 00:50:00,0,home_banner
E0000534,100313,S000534,2025-07-13 20:37:00,1,product_reco
E0000535,100313,S000535,2025-07-13 23:10:00,1,product_reco
E0000536,100314,S000536,2025-07-13 09:38:00,1,product_reco
E0000537,100315,S000537,2025-07-03 04:24:00,0,home_banner
E0000538,100315,S000538,2025-07-03 03:39:00,0,product_reco
E0000539,100316,S000539,2025-07-01 21:16:00,1,home_banner
E0000540,100316,S000540,2025-07-01 21:33:00,1,product_reco
E0000541,100317,S000541,2025-07-03 18:06:00,0,product_reco
E0000542,100317,S000542,2025-07-03 14:39:00,0,product_reco
E0000543,100318,S000543,2025-07-02 20:18:00,0,home_banner
E0000544,100319,S000544,2025-07-03 06:12:00,0,product_reco
E0000545,100319,S000545,2025-07-03 01:21:00,0,product_reco
E0000546,100319,S000546,2025-07-03 04:12:00,0,home_banner
E0000547,100320,S000547,2025-07-08 20:14:00,1,product_reco
E0000548,100321,S000548,2025-07-08 19:26:00,1,home_banner
E0000549,100321,S000549,2025-07-08 23:16:00,1,product_reco
E0000550,100322,S000550,2025-07-08 11:00:00,1,product_reco
E0000551,100322,S000551,2025-07-08 15:09:00,1,product_reco
E0000552,100322,S000552,2025-07-08 10:16:00,1,checkout_cta
E0000553,100323,S000553,2025-07-08 01:21:00,1,checkout_cta
E0000554,100324,S000554,2025-07-11 10:27:00,0,home_banner
E0000555,100324,S000555,2025-07-11 10:32:00,0,product_reco
E0000556,100325,S000556,2025-07-09 20:04:00,1,checkout_cta
E0000557,100325,S000557,2025-07-09 23:21:00,1,home_banner
E0000558,100326,S000558,2025-07-06 19:33:00,1,home_banner
E0000559,100327,S000559,2025-07-13 10:55:00,0,checkout_cta
E0000560,100327,S000560,2025-07-13 07:31:00,0,product_reco
E0000561,100328,S000561,2025-07-04 15:25:00,1,product_reco
E0000562,100329,S000562,2025-07-08 03:32:00,0,product_reco
E0000563,100329,S000563,2025-07-08 07:54:00,0,product_reco
E0000564,100330,S000564,2025-07-02 10:25:00,0,checkout_cta
E0000565,100331,S000565,2025-07-07 18:40:00,1,checkout_cta
E0000566,100331,S000566,2025-07-07 18:28:00,1,product_reco
E0000567,100332,S000567,2025-07-02 22:48:00,1,product_reco
E0000568,100333,S000568,2025-07-11 12:23:00,1,checkout_cta
E0000569,100334,S000569,2025-07-07 20:22:00,1,product_reco
E0000570,100334,S000570,2025-07-07 20:31:00,1,product_reco
E0000571,100335,S000571,2025-07-09 19:38:00,1,home_banner
E0000572,100336,S000572,2025-07-11 17:57:00,1,home_banner
E0000573,100336,S000573,2025-07-11 17:46:00,1,home_banner
E0000574,100337,S000574,2025-07-14 09:42:00,0,home_banner
E0000575,100337,S000575,2025-07-14 10:57:00,0,checkout_cta
E0000576,100337,S000576,2025-07-14 08:42:00,0,home_banner
E0000577,100338,S000577,2025-07-07 03:18:00,0,product_reco
E0000578,100339,S000578,2025-07-10 19:06:00,1,product_reco
E0000579,100340,S000579,2025-07-08 23:28:00,0,checkout_cta
E0000580,100341,S000580,2025-07-04 19:35:00,0,home_banner
E0000581,100342,S000581,2025-07-15 01:28:00,1,product_reco
E0000582,100342,S000582,2025-07-15 05:15:00,1,checkout_cta
E0000583,100342,S000583,2025-07-15 06:30:00,1,product_reco
E0000584,100343,S000584,2025-07-02 08:54:00,0,home_banner
E0000585,100343,S000585,2025-07-02 02:59:00,0,home_banner
E0000586,100344,S000586,2025-07-10 02:41:00,0,product_reco
E0000587,100345,S000587,2025-07-05 14:23:00,0,home_banner
E0000588,100346,S000588,2025-07-13 14:46:00,1,home_banner
E0000589,100347,S000589,2025-07-06 21:17:00,1,checkout_cta
E0000590,100347,S000590,2025-07-07 00:31:00,1,product_reco
E0000591,100348,S000591,2025-07-03 18:15:00,0,home_banner
E0000592,100348,S000592,2025-07-03 19:51:00,0,home_banner
E0000593,100348,S000593,2025-07-03 14:45:00,0,checkout_cta
E0000594,100349,S000594,2025-07-06 00:47:00,1,home_banner
E0000595,100350,S000595,2025-07-03 13:55:00,0,checkout_cta
E0000596,100350,S000596,2025-07-03 10:40:00,0,home_banner
E0000597,100351,S000597,2025-07-12 03:34:00,0,checkout_cta
E0000598,100351,S000598,2025-07-11 23:36:00,0,home_banner
E0000599,100352,S000599,2025-07-08 09:03:00,0,checkout_cta
E0000600,100352,S000600,2025-07-08 06:22:00,0,product_reco
E0000601,100353,S000601,2025-07-15 11:02:00,1,home_banner
E0000602,100353,S000602,2025-07-15 15:45:00,1,product_reco
E0000603,100354,S000603,2025-07-12 04:30:00,1,home_banner
E0000604,100354,S000604,2025-07-12 02:25:00,1,product_reco
E0000605,100355,S000605,2025-07-07 22:06:00,1,product_reco
E0000606,100356,S000606,2025-07-05 22:20:00,1,checkout_cta
E0000607,100357,S000607,2025-07-12 18:33:00,1,product_reco
E0000608,100357,S000608,2025-07-12 22:16:00,1,product_reco
E0000609,100358,S000609,2025-07-06 19:12:00,0,product_reco
E0000610,100358,S000610,2025-07-06 21:32:00,0,home_banner
E0000611,100358,S000611,2025-07-06 16:51:00,0,product_reco
E0000612,100359,S000612,2025-07-11 06:52:00,0,checkout_cta
E0000613,100360,S000613,2025-07-13 00:49:00,0,product_reco
E0000614,100361,S000614,2025-07-15 07:13:00,0,product_reco
E0000615,100361,S000615,2025-07-15 07:16:00,0,home_banner
E0000616,100362,S000616,2025-07-05 14:48:00,0,product_reco
E0000617,100363,S000617,2025-07-04 17:57:00,0,home_banner
E0000618,100364,S000618,2025-07-05 01:29:00,0,home_banner
E0000619,100365,S000619,2025-07-07 01:45:00,0,product_reco
E0000620,100365,S000620,2025-07-06 19:13:00,0,home_banner
E0000621,100366,S000621,2025-07-03 02:30:00,0,home_banner
E0000622,100366,S000622,2025-07-03 02:45:00,0,home_banner
E0000623,100366,S000623,2025-07-03 01:41:00,0,home_banner
E0000624,100367,S000624,2025-07-01 21:55:00,1,checkout_cta
E0000625,100367,S000625,2025-07-01 21:56:00,1,product_reco
E0000626,100368,S000626,2025-07-14 09:37:00,0,product_reco
E0000627,100369,S000627,2025-07-08 12:11:00,0,home_banner
E0000628,100369,S000628,2025-07-08 10:56:00,0,checkout_cta
E0000629,100370,S000629,2025-07-13 01:19:00,0,home_banner
E0000630,100371,S000630,2025-07-03 00:20:00,1,checkout_cta
E0000631,100372,S000631,2025-07-02 09:24:00,1,product_reco
E0000632,100372,S000632,2025-07-02 08:22:00,1,checkout_cta
E0000633,100373,S000633,2025-07-07 06:56:00,1,checkout_cta
E0000634,100373,S000634,2025-07-07 08:49:00,1,product_reco
E0000635,100373,S000635,2025-07-07 03:37:00,1,home_banner
E0000636,100374,S000636,2025-07-13 13:13:00,1,product_reco
E0000637,100374,S000637,2025-07-13 06:02:00,1,home_banner
E0000638,100374,S000638,2025-07-13 11:12:00,1,home_banner
E0000639,100375,S000639,2025-07-07 02:26:00,1,checkout_cta
E0000640,100375,S000640,2025-07-07 01:30:00,1,checkout_cta
E0000641,100376,S000641,2025-07-03 23:41:00,0,checkout_cta
E0000642,100377,S000642,2025-07-13 18:05:00,0,home_banner
E0000643,100377,S000643,2025-07-13 21:27:00,0,home_banner
E0000644,100378,S000644,2025-07-14 21:27:00,1,home_banner
E0000645,100379,S000645,2025-07-02 06:57:00,0,home_banner
E0000646,100379,S000646,2025-07-02 06:25:00,0,checkout_cta
E0000647,100380,S000647,2025-07-01 21:54:00,0,product_reco
E0000648,100380,S000648,2025-07-01 23:37:00,0,home_banner
E0000649,100381,S000649,2025-07-03 12:10:00,1,product_reco
E0000650,100381,S000650,2025-07-03 14:03:00,1,product_reco
E0000651,100382,S000651,2025-07-02 23:45:00,1,product_reco
E0000652,100382,S000652,2025-07-02 19:40:00,1,product_reco
E0000653,100382,S000653,2025-07-02 23:50:00,1,home_banner
E0000654,100383,S000654,2025-07-02 18:20:00,0,checkout_cta
E0000655,100384,S000655,2025-07-05 04:53:00,0,product_reco
E0000656,100384,S000656,2025-07-05 09:00:00,0,checkout_cta
E0000657,100385,S000657,2025-07-14 22:05:00,1,home_banner
E0000658,100385,S000658,2025-07-15 01:17:00,1,product_reco
E0000659,100386,S000659,2025-07-12 02:05:00,1,product_reco
E0000660,100387,S000660,2025-07-04 13:09:00,0,product_reco
E0000661,100388,S000661,2025-07-12 07:09:00,1,product_reco
E0000662,100388,S000662,2025-07-12 09:52:00,1,product_reco
E0000663,100388,S000663,2025-07-12 07:52:00,1,checkout_cta
E0000664,100389,S000664,2025-07-08 14:59:00,0,product_reco
E0000665,100390,S000665,2025-07-11 00:36:00,1,product_reco
E0000666,100390,S000666,2025-07-10 20:18:00,1,product_reco
E0000667,100391,S000667,2025-07-13 18:15:00,1,checkout_cta
E0000668,100391,S000668,2025-07-13 14:55:00,1,home_banner
E0000669,100392,S000669,2025-07-03 01:37:00,0,product_reco
E0000670,100392,S000670,2025-07-03 07:43:00,0,product_reco
E0000671,100392,S000671,2025-07-03 08:42:00,0,product_reco
E0000672,100393,S000672,2025-07-06 10:23:00,0,product_reco
E0000673,100394,S000673,2025-07-01 16:56:00,0,product_reco
E0000674,100395,S000674,2025-07-12 15:14:00,0,checkout_cta
E0000675,100396,S000675,2025-07-12 20:17:00,1,checkout_cta
E0000676,100397,S000676,2025-07-07 12:44:00,1,home_banner
E0000677,100398,S000677,2025-07-14 22:06:00,1,checkout_cta
E0000678,100399,S000678,2025-07-10 15:13:00,0,product_reco
E0000679,100399,S000679,2025-07-10 21:49:00,0,checkout_cta
E0000680,100400,S000680,2025-07-09 20:29:00,0,product_reco
E0000681,100400,S000681,2025-07-10 03:21:00,0,home_banner
E0000682,100401,S000682,2025-07-02 01:24:00,1,product_reco
E0000683,100402,S000683,2025-07-10 07:40:00,1,home_banner
E0000684,100402,S000684,2025-07-10 10:48:00,1,checkout_cta
E0000685,100402,S000685,2025-07-10 07:18:00,1,product_reco
E0000686,100403,S000686,2025-07-01 22:24:00,1,product_reco
E0000687,100403,S000687,2025-07-01 19:54:00,1,home_banner
E0000688,100404,S000688,2025-07-06 01:34:00,0,product_reco
E0000689,100404,S000689,2025-07-06 06:39:00,0,product_reco
E0000690,100405,S000690,2025-07-09 07:40:00,0,checkout_cta
E0000691,100405,S000691,2025-07-09 04:28:00,0,checkout_cta
E0000692,100405,S000692,2025-07-09 02:52:00,0,product_reco
E0000693,100406,S000693,2025-07-12 03:53:00,1,home_banner
E0000694,100406,S000694,2025-07-11 20:23:00,1,checkout_cta
E0000695,100407,S000695,2025-07-13 07:12:00,1,home_banner
E0000696,100408,S000696,2025-07-10 11:33:00,0,checkout_cta
E0000697,100409,S000697,2025-07-14 18:15:00,1,product_reco
E0000698,100409,S000698,2025-07-14 15:45:00,1,home_banner
E0000699,100410,S000699,2025-07-03 08:17:00,1,checkout_cta
E0000700,100410,S000700,2025-07-03 14:42:00,1,home_banner
E0000701,100410,S000701,2025-07-03 14:55:00,1,product_reco
E0000702,100411,S000702,2025-07-05 20:29:00,1,product_reco
E0000703,100412,S000703,2025-07-06 08:45:00,0,home_banner
E0000704,100412,S000704,2025-07-06 08:16:00,0,home_banner
E0000705,100413,S000705,2025-07-11 09:32:00,1,product_reco
E0000706,100414,S000706,2025-07-08 05:00:00,1,product_reco
E0000707,100414,S000707,2025-07-08 00:34:00,1,product_reco
E0000708,100415,S000708,2025-07-06 21:49:00,1,home_banner
E0000709,100416,S000709,2025-07-10 10:24:00,0,checkout_cta
E0000710,100417,S000710,2025-07-07 12:27:00,0,checkout_cta
E0000711,100418,S000711,2025-07-09 17:18:00,0,home_banner
E0000712,100419,S000712,2025-07-13 23:34:00,0,product_reco
E0000713,100420,S000713,2025-07-03 06:45:00,1,home_banner
E0000714,100421,S000714,2025-07-05 07:54:00,0,home_banner
E0000715,100422,S000715,2025-07-03 01:45:00,0,product_reco
E0000716,100422,S000716,2025-07-03 07:26:00,0,checkout_cta
E0000717,100423,S000717,2025-07-12 14:26:00,1,home_banner
E0000718,100423,S000718,2025-07-12 17:18:00,1,home_banner
E0000719,100423,S000719,2025-07-12 16:07:00,1,product_reco
E0000720,100424,S000720,2025-07-06 15:45:00,0,checkout_cta
E0000721,100424,S000721,2025-07-06 17:37:00,0,product_reco
E0000722,100425,S000722,2025-07-11 09:34:00,1,product_reco
E0000723,100425,S000723,2025-07-11 12:26:00,1,checkout_cta
E0000724,100426,S000724,2025-07-08 06:35:00,0,product_reco
E0000725,100426,S000725,2025-07-08 06:33:00,0,checkout_cta
E0000726,100426,S000726,2025-07-08 06:10:00,0,product_reco
E0000727,100427,S000727,2025-07-04 11:25:00,0,home_banner
E0000728,100428,S000728,2025-07-09 05:17:00,1,home_banner
E0000729,100429,S000729,2025-07-09 15:48:00,1,product_reco
E0000730,100430,S000730,2025-07-08 17:48:00,1,home_banner
E0000731,100430,S000731,2025-07-08 20:54:00,1,home_banner
E0000732,100430,S000732,2025-07-08 22:36:00,1,product_reco
E0000733,100431,S000733,2025-07-12 02:15:00,0,product_reco
E0000734,100431,S000734,2025-07-12 04:33:00,0,product_reco
E0000735,100431,S000735,2025-07-12 06:37:00,0,product_reco
E0000736,100432,S000736,2025-07-04 06:56:00,0,product_reco
E0000737,100433,S000737,2025-07-02 07:39:00,0,checkout_cta
E0000738,100434,S000738,2025-07-06 00:51:00,1,home_banner
E0000739,100434,S000739,2025-07-06 03:53:00,1,home_banner
E0000740,100435,S000740,2025-07-13 18:46:00,0,product_reco
E0000741,100436,S000741,2025-07-07 06:14:00,0,checkout_cta
E0000742,100437,S000742,2025-07-06 08:51:00,0,product_reco
E0000743,100438,S000743,2025-07-07 23:02:00,0,home_banner
E0000744,100438,S000744,2025-07-07 23:42:00,0,product_reco
E0000745,100439,S000745,2025-07-01 12:56:00,0,product_reco
E0000746,100439,S000746,2025-07-01 10:46:00,0,home_banner
E0000747,100439,S000747,2025-07-01 13:33:00,0,home_banner
E0000748,100440,S000748,2025-07-05 15:12:00,1,product_reco
E0000749,100440,S000749,2025-07-05 18:05:00,1,checkout_cta
E0000750,100441,S000750,2025-07-02 05:41:00,1,product_reco
E0000751,100442,S000751,2025-07-05 09:46:00,0,home_banner
E0000752,100442,S000752,2025-07-05 17:09:00,0,checkout_cta
E0000753,100443,S000753,2025-07-14 20:31:00,1,product_reco
E0000754,100443,S000754,2025-07-14 21:31:00,1,checkout_cta
E0000755,100444,S000755,2025-07-02 18:25:00,1,checkout_cta
E0000756,100445,S000756,2025-07-07 00:17:00,1,product_reco
E0000757,100446,S000757,2025-07-10 16:11:00,0,home_banner
E0000758,100446,S000758,2025-07-10 12:10:00,0,home_banner
E0000759,100446,S000759,2025-07-10 13:02:00,0,product_reco
E0000760,100447,S000760,2025-07-12 00:53:00,1,checkout_cta
E0000761,100447,S000761,2025-07-12 01:53:00,1,product_reco
E0000762,100448,S000762,2025-07-06 15:00:00,0,product_reco
E0000763,100449,S000763,2025-07-07 14:38:00,0,product_reco
E0000764,100449,S000764,2025-07-07 19:06:00,0,home_banner
E0000765,100450,S000765,2025-07-08 09:19:00,1,product_reco
E0000766,100451,S000766,2025-07-15 11:36:00,0,product_reco
E0000767,100452,S000767,2025-07-03 08:46:00,1,home_banner
E0000768,100453,S000768,2025-07-14 05:11:00,0,home_banner
E0000769,100453,S000769,2025-07-14 06:31:00,0,product_reco
E0000770,100454,S000770,2025-07-14 23:07:00,0,product_reco
E0000771,100454,S000771,2025-07-15 04:49:00,0,product_reco
E0000772,100455,S000772,2025-07-13 10:06:00,1,checkout_cta
E0000773,100455,S000773,2025-07-13 09:35:00,1,checkout_cta
E0000774,100456,S000774,2025-07-08 08:43:00,1,checkout_cta
E0000775,100456,S000775,2025-07-08 04:03:00,1,checkout_cta
E0000776,100457,S000776,2025-07-07 03:50:00,1,product_reco
E0000777,100458,S000777,2025-07-14 23:36:00,1,home_banner
E0000778,100458,S000778,2025-07-14 17:09:00,1,product_reco
E0000779,100459,S000779,2025-07-03 08:23:00,1,product_reco
E0000780,100459,S000780,2025-07-03 06:54:00,1,home_banner
E0000781,100459,S000781,2025-07-03 07:28:00,1,home_banner
E0000782,100460,S000782,2025-07-06 15:30:00,0,product_reco
E0000783,100460,S000783,2025-07-06 15:44:00,0,product_reco
E0000784,100461,S000784,2025-07-10 03:00:00,1,home_banner
E0000785,100461,S000785,2025-07-10 00:40:00,1,home_banner
E0000786,100462,S000786,2025-07-05 04:40:00,0,home_banner
E0000787,100463,S000787,2025-07-06 19:41:00,1,checkout_cta
E0000788,100464,S000788,2025-07-08 16:58:00,0,home_banner
E0000789,100465,S000789,2025-07-04 21:51:00,1,product_reco
E0000790,100465,S000790,2025-07-04 20:08:00,1,checkout_cta
E0000791,100466,S000791,2025-07-12 06:03:00,0,home_banner
E0000792,100466,S000792,2025-07-12 09:56:00,0,product_reco
E0000793,100466,S000793,2025-07-12 06:21:00,0,product_reco
E0000794,100467,S000794,2025-07-03 01:59:00,0,checkout_cta
E0000795,100468,S000795,2025-07-05 20:36:00,1,home_banner
E0000796,100468,S000796,2025-07-06 01:23:00,1,home_banner
E0000797,100469,S000797,2025-07-06 18:54:00,1,product_reco
E0000798,100470,S000798,2025-07-13 21:07:00,0,product_reco
E0000799,100470,S000799,2025-07-13 21:34:00,0,home_banner
E0000800,100471,S000800,2025-07-03 08:13:00,0,home_banner
E0000801,100472,S000801,2025-07-11 11:40:00,0,product_reco
E0000802,100473,S000802,2025-07-07 20:55:00,1,product_reco
E0000803,100473,S000803,2025-07-07 19:52:00,1,product_reco
E0000804,100474,S000804,2025-07-07 12:18:00,0,product_reco
E0000805,100474,S000805,2025-07-07 11:36:00,0,product_reco
E0000806,100475,S000806,2025-07-06 23:44:00,1,home_banner
E0000807,100475,S000807,2025-07-07 00:42:00,1,home_banner
E0000808,100475,S000808,2025-07-07 05:34:00,1,home_banner
E0000809,100476,S000809,2025-07-12 06:01:00,1,home_banner
E0000810,100476,S000810,2025-07-12 05:15:00,1,product_reco
E0000811,100476,S000811,2025-07-12 09:25:00,1,home_banner
E0000812,100477,S000812,2025-07-05 05:33:00,0,home_banner
E0000813,100477,S000813,2025-07-04 23:44:00,0,home_banner
E0000814,100478,S000814,2025-07-03 12:37:00,0,home_banner
E0000815,100478,S000815,2025-07-03 14:44:00,0,product_reco
E0000816,100479,S000816,2025-07-10 00:24:00,0,checkout_cta
E0000817,100479,S000817,2025-07-10 01:19:00,0,product_reco
E0000818,100479,S000818,2025-07-10 01:20:00,0,checkout_cta
E0000819,100480,S000819,2025-07-07 09:57:00,1,home_banner
E0000820,100481,S000820,2025-07-10 11:51:00,0,product_reco
E0000821,100481,S000821,2025-07-10 12:40:00,0,product_reco
E0000822,100482,S000822,2025-07-08 10:09:00,1,home_banner
E0000823,100483,S000823,2025-07-07 07:49:00,0,product_reco
E0000824,100483,S000824,2025-07-07 10:53:00,0,home_banner
E0000825,100484,S000825,2025-07-09 18:29:00,0,home_banner
E0000826,100484,S000826,2025-07-10 01:41:00,0,home_banner
E0000827,100485,S000827,2025-07-08 02:02:00,1,home_banner
E0000828,100486,S000828,2025-07-13 20:28:00,1,product_reco
E0000829,100486,S000829,2025-07-14 02:08:00,1,product_reco
E0000830,100487,S000830,2025-07-14 23:38:00,0,home_banner
E0000831,100487,S000831,2025-07-15 02:49:00,0,product_reco
E0000832,100488,S000832,2025-07-06 06:06:00,1,checkout_cta
E0000833,100489,S000833,2025-07-15 03:39:00,1,checkout_cta
E0000834,100489,S000834,2025-07-15 02:40:00,1,home_banner
E0000835,100490,S000835,2025-07-02 09:04:00,0,product_reco
E0000836,100491,S000836,2025-07-10 19:46:00,0,home_banner
E0000837,100492,S000837,2025-07-03 22:08:00,0,home_banner
E0000838,100492,S000838,2025-07-03 22:45:00,0,home_banner
E0000839,100492,S000839,2025-07-03 20:12:00,0,product_reco
E0000840,100493,S000840,2025-07-03 15:04:00,1,checkout_cta
E0000841,100494,S000841,2025-07-13 09:44:00,1,product_reco
E0000842,100494,S000842,2025-07-13 10:59:00,1,product_reco
E0000843,100495,S000843,2025-07-09 15:46:00,0,home_banner
E0000844,100496,S000844,2025-07-10 10:26:00,1,checkout_cta
E0000845,100497,S000845,2025-07-03 11:57:00,1,home_banner
E0000846,100497,S000846,2025-07-03 11:00:00,1,product_reco
E0000847,100498,S000847,2025-07-06 18:41:00,1,home_banner
E0000848,100498,S000848,2025-07-06 17:57:00,1,product_reco
E0000849,100499,S000849,2025-07-12 03:25:00,1,home_banner
E0000850,100500,S000850,2025-07-10 17:52:00,1,product_reco
E0000851,100500,S000851,2025-07-10 18:57:00,1,home_banner
E0000852,100500,S000852,2025-07-10 16:35:00,1,home_banner
E0000853,100501,S000853,2025-07-02 11:08:00,0,product_reco
E0000854,100502,S000854,2025-07-12 10:37:00,0,checkout_cta
E0000855,100502,S000855,2025-07-12 10:50:00,0,checkout_cta
E0000856,100503,S000856,2025-07-10 08:47:00,0,home_banner
E0000857,100504,S000857,2025-07-13 11:23:00,1,product_reco
E0000858,100504,S000858,2025-07-13 11:44:00,1,home_banner
E0000859,100505,S000859,2025-07-02 21:05:00,1,product_reco
E0000860,100505,S000860,2025-07-02 16:57:00,1,checkout_cta
E0000861,100506,S000861,2025-07-05 23:40:00,0,home_banner
E0000862,100507,S000862,2025-07-13 16:49:00,1,product_reco
E0000863,100507,S000863,2025-07-13 14:55:00,1,product_reco
E0000864,100508,S000864,2025-07-05 23:16:00,0,home_banner
E0000865,100508,S000865,2025-07-05 22:47:00,0,checkout_cta
E0000866,100509,S000866,2025-07-07 02:38:00,0,checkout_cta
E0000867,100509,S000867,2025-07-07 03:36:00,0,checkout_cta
E0000868,100510,S000868,2025-07-10 21:33:00,0,checkout_cta
E0000869,100511,S000869,2025-07-10 00:40:00,0,home_banner
E0000870,100512,S000870,2025-07-12 09:26:00,1,product_reco
E0000871,100513,S000871,2025-07-12 22:43:00,0,product_reco
E0000872,100513,S000872,2025-07-12 20:42:00,0,product_reco
E0000873,100514,S000873,2025-07-13 19:32:00,1,checkout_cta
E0000874,100515,S000874,2025-07-05 06:13:00,0,home_banner
E0000875,100516,S000875,2025-07-13 01:51:00,1,home_banner
E0000876,100516,S000876,2025-07-13 04:15:00,1,home_banner
E0000877,100517,S000877,2025-07-09 07:40:00,0,home_banner
E0000878,100517,S000878,2025-07-09 10:23:00,0,home_banner
E0000879,100517,S000879,2025-07-09 10:44:00,0,checkout_cta
E0000880,100518,S000880,2025-07-14 00:54:00,0,checkout_cta
E0000881,100519,S000881,2025-07-04 08:16:00,0,home_banner
E0000882,100520,S000882,2025-07-14 22:59:00,0,home_banner
E0000883,100520,S000883,2025-07-14 23:30:00,0,home_banner
E0000884,100521,S000884,2025-07-10 01:34:00,0,checkout_cta
E0000885,100521,S000885,2025-07-10 05:40:00,0,product_reco
E0000886,100522,S000886,2025-07-04 23:01:00,0,home_banner
E0000887,100523,S000887,2025-07-12 15:28:00,0,home_banner
E0000888,100523,S000888,2025-07-12 19:57:00,0,product_reco
E0000889,100523,S000889,2025-07-12 13:26:00,0,home_banner
E0000890,100524,S000890,2025-07-15 07:51:00,1,product_reco
E0000891,100525,S000891,2025-07-08 21:53:00,1,product_reco
E0000892,100525,S000892,2025-07-08 20:44:00,1,home_banner
E0000893,100526,S000893,2025-07-14 01:18:00,1,product_reco
E0000894,100527,S000894,2025-07-06 11:50:00,1,product_reco
E0000895,100527,S000895,2025-07-06 12:05:00,1,product_reco
E0000896,100528,S000896,2025-07-04 07:47:00,1,product_reco
E0000897,100528,S000897,2025-07-04 06:47:00,1,product_reco
E0000898,100529,S000898,2025-07-05 06:51:00,0,checkout_cta
E0000899,100529,S000899,2025-07-05 05:23:00,0,home_banner
E0000900,100530,S000900,2025-07-13 01:44:00,1,home_banner
E0000901,100530,S000901,2025-07-13 02:37:00,1,home_banner
E0000902,100530,S000902,2025-07-13 03:13:00,1,home_banner
E0000903,100531,S000903,2025-07-06 17:17:00,0,home_banner
E0000904,100532,S000904,2025-07-15 14:01:00,1,home_banner
E0000905,100533,S000905,2025-07-04 18:10:00,0,checkout_cta
E0000906,100534,S000906,2025-07-15 00:08:00,1,checkout_cta
E0000907,100535,S000907,2025-07-14 16:11:00,0,product_reco
E0000908,100536,S000908,2025-07-14 09:25:00,1,checkout_cta
E0000909,100536,S000909,2025-07-14 12:19:00,1,product_reco
E0000910,100537,S000910,2025-07-14 14:13:00,0,home_banner
E0000911,100537,S000911,2025-07-14 11:00:00,0,checkout_cta
E0000912,100538,S000912,2025-07-06 20:00:00,0,checkout_cta
E0000913,100538,S000913,2025-07-06 17:27:00,0,product_reco
E0000914,100539,S000914,2025-07-06 05:03:00,1,product_reco
E0000915,100540,S000915,2025-07-03 01:44:00,0,checkout_cta
E0000916,100540,S000916,2025-07-03 07:54:00,0,product_reco
E0000917,100540,S000917,2025-07-03 08:30:00,0,product_reco
E0000918,100541,S000918,2025-07-06 07:51:00,1,product_reco
E0000919,100542,S000919,2025-07-15 10:56:00,0,product_reco
E0000920,100543,S000920,2025-07-04 09:24:00,1,home_banner
E0000921,100543,S000921,2025-07-04 13:18:00,1,checkout_cta
E0000922,100544,S000922,2025-07-14 10:24:00,0,home_banner
E0000923,100544,S000923,2025-07-14 15:34:00,0,home_banner
E0000924,100545,S000924,2025-07-12 02:44:00,1,product_reco
E0000925,100546,S000925,2025-07-02 09:59:00,0,product_reco
E0000926,100546,S000926,2025-07-02 06:29:00,0,home_banner
E0000927,100546,S000927,2025-07-02 03:26:00,0,home_banner
E0000928,100547,S000928,2025-07-05 02:53:00,0,home_banner
E0000929,100547,S000929,2025-07-05 00:59:00,0,product_reco
E0000930,100547,S000930,2025-07-05 03:17:00,0,product_reco
E0000931,100548,S000931,2025-07-04 10:53:00,1,product_reco
E0000932,100548,S000932,2025-07-04 12:46:00,1,product_reco
E0000933,100549,S000933,2025-07-12 17:10:00,0,product_reco
E0000934,100549,S000934,2025-07-12 10:04:00,0,product_reco
E0000935,100550,S000935,2025-07-13 17:33:00,0,home_banner
E0000936,100551,S000936,2025-07-07 00:51:00,1,home_banner
E0000937,100551,S000937,2025-07-07 04:32:00,1,checkout_cta
E0000938,100551,S000938,2025-07-07 07:20:00,1,product_reco
E0000939,100552,S000939,2025-07-02 21:16:00,1,checkout_cta
E0000940,100552,S000940,2025-07-03 03:13:00,1,checkout_cta
E0000941,100553,S000941,2025-07-14 14:47:00,0,checkout_cta
E0000942,100553,S000942,2025-07-14 15:27:00,0,product_reco
E0000943,100554,S000943,2025-07-15 00:40:00,1,product_reco
E0000944,100554,S000944,2025-07-15 02:42:00,1,product_reco
E0000945,100555,S000945,2025-07-01 10:31:00,1,checkout_cta
E0000946,100555,S000946,2025-07-01 12:13:00,1,home_banner
E0000947,100556,S000947,2025-07-14 20:46:00,0,home_banner
E0000948,100556,S000948,2025-07-15 00:44:00,0,product_reco
E0000949,100557,S000949,2025-07-06 03:20:00,0,product_reco
E0000950,100557,S000950,2025-07-06 03:35:00,0,product_reco
E0000951,100558,S000951,2025-07-12 18:54:00,1,home_banner
E0000952,100559,S000952,2025-07-10 13:58:00,0,product_reco
E0000953,100559,S000953,2025-07-10 20:42:00,0,home_banner
E0000954,100560,S000954,2025-07-05 09:34:00,1,home_banner
E0000955,100560,S000955,2025-07-05 13:21:00,1,checkout_cta
E0000956,100561,S000956,2025-07-07 10:59:00,1,product_reco
E0000957,100561,S000957,2025-07-07 11:22:00,1,checkout_cta
E0000958,100562,S000958,2025-07-08 21:53:00,0,home_banner
E0000959,100563,S000959,2025-07-01 15:03:00,0,home_banner
E0000960,100564,S000960,2025-07-14 16:40:00,0,product_reco
E0000961,100564,S000961,2025-07-14 13:26:00,0,checkout_cta
E0000962,100564,S000962,2025-07-14 12:35:00,0,product_reco
E0000963,100565,S000963,2025-07-02 23:07:00,0,product_reco
E0000964,100565,S000964,2025-07-03 04:05:00,0,home_banner
E0000965,100566,S000965,2025-07-10 06:24:00,1,checkout_cta
E0000966,100566,S000966,2025-07-09 23:15:00,1,home_banner
E0000967,100567,S000967,2025-07-09 05:06:00,0,home_banner
E0000968,100568,S000968,2025-07-15 12:37:00,1,product_reco
E0000969,100569,S000969,2025-07-04 05:24:00,0,product_reco
E0000970,100570,S000970,2025-07-08 12:48:00,1,product_reco
E0000971,100571,S000971,2025-07-15 06:07:00,1,home_banner
E0000972,100571,S000972,2025-07-15 02:56:00,1,product_reco
E0000973,100572,S000973,2025-07-12 06:21:00,1,checkout_cta
E0000974,100572,S000974,2025-07-12 02:02:00,1,checkout_cta
E0000975,100573,S000975,2025-07-10 09:07:00,0,product_reco
E0000976,100573,S000976,2025-07-10 06:14:00,0,home_banner
E0000977,100573,S000977,2025-07-10 09:29:00,0,product_reco
E0000978,100574,S000978,2025-07-14 06:15:00,1,home_banner
E0000979,100574,S000979,2025-07-14 03:23:00,1,home_banner
E0000980,100574,S000980,2025-07-14 08:11:00,1,home_banner
E0000981,100575,S000981,2025-07-12 23:20:00,1,product_reco
E0000982,100576,S000982,2025-07-10 18:00:00,1,home_banner
E0000983,100576,S000983,2025-07-10 15:30:00,1,home_banner
E0000984,100577,S000984,2025-07-03 00:22:00,0,checkout_cta
E0000985,100577,S000985,2025-07-02 20:52:00,0,product_reco
E0000986,100578,S000986,2025-07-08 09:42:00,0,home_banner
E0000987,100578,S000987,2025-07-08 09:04:00,0,product_reco
E0000988,100579,S000988,2025-07-05 22:27:00,0,product_reco
E0000989,100579,S000989,2025-07-05 20:22:00,0,home_banner
E0000990,100580,S000990,2025-07-07 08:55:00,1,checkout_cta
E0000991,100580,S000991,2025-07-07 04:14:00,1,product_reco
E0000992,100581,S000992,2025-07-04 08:31:00,0,checkout_cta
E0000993,100582,S000993,2025-07-04 08:54:00,0,product_reco
E0000994,100582,S000994,2025-07-04 10:02:00,0,product_reco
E0000995,100582,S000995,2025-07-04 10:55:00,0,checkout_cta
E0000996,100583,S000996,2025-07-02 11:53:00,0,home_banner
E0000997,100583,S000997,2025-07-02 13:14:00,0,home_banner
E0000998,100584,S000998,2025-07-03 07:55:00,1,checkout_cta
E0000999,100585,S000999,2025-07-13 16:28:00,0,checkout_cta
E0001000,100585,S001000,2025-07-13 10:22:00,0,checkout_cta
E0001001,100586,S001001,2025-07-13 22:20:00,1,home_banner
E0001002,100586,S001002,2025-07-13 22:14:00,1,product_reco
E0001003,100586,S001003,2025-07-14 01:21:00,1,home_banner
E0001004,100587,S001004,2025-07-03 07:04:00,1,checkout_cta
E0001005,100587,S001005,2025-07-03 11:10:00,1,checkout_cta
E0001006,100588,S001006,2025-07-11 01:07:00,1,checkout_cta
E0001007,100589,S001007,2025-07-09 17:07:00,1,home_banner
E0001008,100589,S001008,2025-07-09 14:31:00,1,home_banner
E0001009,100590,S001009,2025-07-01 13:24:00,0,checkout_cta
E0001010,100591,S001010,2025-07-05 12:57:00,1,checkout_cta
E0001011,100591,S001011,2025-07-05 14:34:00,1,home_banner
E0001012,100592,S001012,2025-07-07 01:02:00,0,product_reco
E0001013,100593,S001013,2025-07-02 22:35:00,0,checkout_cta
E0001014,100594,S001014,2025-07-12 22:13:00,1,home_banner
E0001015,100594,S001015,2025-07-12 19:18:00,1,home_banner
E0001016,100595,S001016,2025-07-12 13:35:00,1,product_reco
E0001017,100595,S001017,2025-07-12 14:48:00,1,home_banner
E0001018,100596,S001018,2025-07-02 21:53:00,1,product_reco
E0001019,100597,S001019,2025-07-15 02:02:00,0,home_banner
E0001020,100598,S001020,2025-07-14 03:15:00,1,checkout_cta
E0001021,100598,S001021,2025-07-14 00:38:00,1,checkout_cta
E0001022,100599,S001022,2025-07-05 03:34:00,0,product_reco
E0001023,100600,S001023,2025-07-09 16:50:00,0,checkout_cta
E0001024,100601,S001024,2025-07-12 16:08:00,0,home_banner
E0001025,100601,S001025,2025-07-12 17:02:00,0,home_banner
E0001026,100602,S001026,2025-07-08 02:40:00,1,checkout_cta
E0001027,100603,S001027,2025-07-03 16:44:00,1,checkout_cta
E0001028,100603,S001028,2025-07-03 18:50:00,1,checkout_cta
E0001029,100604,S001029,2025-07-08 14:04:00,1,checkout_cta
E0001030,100604,S001030,2025-07-08 19:11:00,1,product_reco
E0001031,100605,S001031,2025-07-11 14:28:00,0,home_banner
E0001032,100605,S001032,2025-07-11 16:35:00,0,product_reco
E0001033,100606,S001033,2025-07-13 10:41:00,0,product_reco
E0001034,100606,S001034,2025-07-13 12:39:00,0,product_reco
E0001035,100607,S001035,2025-07-06 14:21:00,1,home_banner
E0001036,100608,S001036,2025-07-05 03:53:00,0,home_banner
E0001037,100609,S001037,2025-07-14 07:58:00,1,checkout_cta
E0001038,100610,S001038,2025-07-13 06:02:00,1,home_banner
E0001039,100611,S001039,2025-07-13 08:00:00,0,product_reco
E0001040,100612,S001040,2025-07-09 13:05:00,0,product_reco
E0001041,100612,S001041,2025-07-09 15:37:00,0,home_banner
E0001042,100613,S001042,2025-07-11 03:12:00,1,product_reco
E0001043,100613,S001043,2025-07-11 02:51:00,1,home_banner
E0001044,100614,S001044,2025-07-06 05:52:00,1,product_reco
E0001045,100615,S001045,2025-07-07 18:58:00,0,home_banner
E0001046,100616,S001046,2025-07-09 07:43:00,1,checkout_cta
E0001047,100616,S001047,2025-07-09 03:33:00,1,checkout_cta
E0001048,100617,S001048,2025-07-09 07:25:00,1,home_banner
E0001049,100617,S001049,2025-07-09 01:35:00,1,home_banner
E0001050,100618,S001050,2025-07-05 10:17:00,0,product_reco
E0001051,100618,S001051,2025-07-05 03:19:00,0,home_banner
E0001052,100619,S001052,2025-07-11 03:01:00,1,home_banner
E0001053,100620,S001053,2025-07-11 22:09:00,0,checkout_cta
E0001054,100620,S001054,2025-07-11 16:01:00,0,product_reco
E0001055,100621,S001055,2025-07-13 16:01:00,0,product_reco
E0001056,100621,S001056,2025-07-13 13:31:00,0,checkout_cta
E0001057,100622,S001057,2025-07-11 22:20:00,1,checkout_cta
E0001058,100623,S001058,2025-07-08 01:15:00,1,checkout_cta
E0001059,100623,S001059,2025-07-08 01:11:00,1,checkout_cta
E0001060,100623,S001060,2025-07-08 01:05:00,1,product_reco
E0001061,100624,S001061,2025-07-09 00:58:00,0,product_reco
E0001062,100624,S001062,2025-07-09 06:26:00,0,home_banner
E0001063,100625,S001063,2025-07-08 04:36:00,0,checkout_cta
E0001064,100626,S001064,2025-07-11 00:56:00,1,product_reco
E0001065,100626,S001065,2025-07-11 03:14:00,1,checkout_cta
E0001066,100627,S001066,2025-07-13 01:46:00,1,product_reco
E0001067,100628,S001067,2025-07-14 12:05:00,0,home_banner
E0001068,100628,S001068,2025-07-14 12:12:00,0,product_reco
E0001069,100628,S001069,2025-07-14 07:53:00,0,product_reco
E0001070,100629,S001070,2025-07-02 13:47:00,0,product_reco
E0001071,100629,S001071,2025-07-02 12:04:00,0,product_reco
E0001072,100629,S001072,2025-07-02 13:37:00,0,product_reco
E0001073,100630,S001073,2025-07-06 05:04:00,0,home_banner
E0001074,100631,S001074,2025-07-05 23:33:00,1,home_banner
E0001075,100631,S001075,2025-07-05 16:48:00,1,checkout_cta
E0001076,100631,S001076,2025-07-05 17:36:00,1,product_reco
E0001077,100632,S001077,2025-07-11 12:15:00,0,product_reco
E0001078,100633,S001078,2025-07-14 09:02:00,0,product_reco
E0001079,100633,S001079,2025-07-14 08:02:00,0,product_reco
E0001080,100634,S001080,2025-07-15 08:04:00,0,product_reco
E0001081,100634,S001081,2025-07-15 11:08:00,0,home_banner
E0001082,100635,S001082,2025-07-01 20:35:00,0,home_banner
E0001083,100636,S001083,2025-07-04 17:16:00,1,product_reco
E0001084,100636,S001084,2025-07-04 10:16:00,1,home_banner
E0001085,100637,S001085,2025-07-11 12:53:00,0,checkout_cta
E0001086,100638,S001086,2025-07-03 13:07:00,1,product_reco
E0001087,100638,S001087,2025-07-03 09:21:00,1,home_banner
E0001088,100639,S001088,2025-07-04 08:37:00,1,product_reco
E0001089,100640,S001089,2025-07-08 05:59:00,1,home_banner
E0001090,100640,S001090,2025-07-08 00:33:00,1,product_reco
E0001091,100641,S001091,2025-07-08 16:36:00,0,product_reco
E0001092,100642,S001092,2025-07-12 06:34:00,1,home_banner
E0001093,100642,S001093,2025-07-12 03:26:00,1,home_banner
E0001094,100642,S001094,2025-07-12 08:52:00,1,product_reco
E0001095,100643,S001095,2025-07-06 06:41:00,0,home_banner
E0001096,100644,S001096,2025-07-06 03:35:00,0,checkout_cta
E0001097,100645,S001097,2025-07-13 14:20:00,0,product_reco
E0001098,100646,S001098,2025-07-05 09:20:00,1,checkout_cta
E0001099,100647,S001099,2025-07-09 05:29:00,0,checkout_cta
E0001100,100647,S001100,2025-07-09 04:15:00,0,checkout_cta
E0001101,100648,S001101,2025-07-05 12:30:00,1,product_reco
E0001102,100649,S001102,2025-07-11 17:45:00,1,product_reco
E0001103,100649,S001103,2025-07-11 15:34:00,1,home_banner
E0001104,100650,S001104,2025-07-09 01:24:00,0,product_reco
E0001105,100651,S001105,2025-07-04 14:49:00,1,product_reco
E0001106,100651,S001106,2025-07-04 13:04:00,1,product_reco
E0001107,100652,S001107,2025-07-15 11:35:00,1,product_reco
E0001108,100652,S001108,2025-07-15 06:45:00,1,product_reco
E0001109,100653,S001109,2025-07-13 00:07:00,1,home_banner
E0001110,100653,S001110,2025-07-12 20:55:00,1,product_reco
E0001111,100653,S001111,2025-07-12 21:40:00,1,home_banner
E0001112,100654,S001112,2025-07-14 18:36:00,0,product_reco
E0001113,100654,S001113,2025-07-14 18:36:00,0,home_banner
E0001114,100655,S001114,2025-07-07 12:34:00,0,checkout_cta
E0001115,100655,S001115,2025-07-07 17:36:00,0,product_reco
E0001116,100656,S001116,2025-07-14 12:25:00,0,checkout_cta
E0001117,100657,S001117,2025-07-13 23:26:00,1,home_banner
E0001118,100658,S001118,2025-07-08 06:49:00,0,home_banner
E0001119,100658,S001119,2025-07-07 23:54:00,0,home_banner
E0001120,100659,S001120,2025-07-08 20:04:00,1,checkout_cta
E0001121,100659,S001121,2025-07-08 12:36:00,1,product_reco
E0001122,100659,S001122,2025-07-08 12:27:00,1,product_reco
E0001123,100660,S001123,2025-07-03 09:41:00,1,home_banner
E0001124,100660,S001124,2025-07-03 05:50:00,1,product_reco
E0001125,100661,S001125,2025-07-04 01:33:00,1,home_banner
E0001126,100661,S001126,2025-07-03 22:47:00,1,home_banner
E0001127,100662,S001127,2025-07-14 17:24:00,0,product_reco
E0001128,100662,S001128,2025-07-14 18:56:00,0,home_banner
E0001129,100663,S001129,2025-07-10 14:13:00,0,checkout_cta
E0001130,100664,S001130,2025-07-10 08:58:00,0,home_banner
E0001131,100664,S001131,2025-07-10 12:20:00,0,home_banner
E0001132,100664,S001132,2025-07-10 09:08:00,0,checkout_cta
E0001133,100665,S001133,2025-07-05 06:22:00,0,checkout_cta
E0001134,100665,S001134,2025-07-05 01:18:00,0,product_reco
E0001135,100666,S001135,2025-07-10 07:03:00,1,product_reco
E0001136,100666,S001136,2025-07-10 03:24:00,1,home_banner
E0001137,100666,S001137,2025-07-10 10:04:00,1,home_banner
E0001138,100667,S001138,2025-07-13 02:55:00,1,home_banner
E0001139,100667,S001139,2025-07-13 04:12:00,1,product_reco
E0001140,100668,S001140,2025-07-06 05:56:00,0,product_reco
E0001141,100668,S001141,2025-07-06 05:18:00,0,checkout_cta
E0001142,100669,S001142,2025-07-03 17:32:00,1,home_banner
E0001143,100669,S001143,2025-07-03 21:25:00,1,checkout_cta
E0001144,100669,S001144,2025-07-03 22:33:00,1,home_banner
E0001145,100670,S001145,2025-07-04 22:03:00,1,checkout_cta
E0001146,100670,S001146,2025-07-04 20:37:00,1,product_reco
E0001147,100671,S001147,2025-07-04 08:08:00,1,product_reco
E0001148,100671,S001148,2025-07-04 03:23:00,1,home_banner
E0001149,100672,S001149,2025-07-10 13:01:00,1,checkout_cta
E0001150,100673,S001150,2025-07-03 10:22:00,1,checkout_cta
E0001151,100673,S001151,2025-07-03 14:30:00,1,checkout_cta
E0001152,100674,S001152,2025-07-08 01:15:00,1,product_reco
E0001153,100675,S001153,2025-07-05 22:34:00,1,checkout_cta
E0001154,100676,S001154,2025-07-09 21:14:00,0,checkout_cta
E0001155,100676,S001155,2025-07-09 18:01:00,0,product_reco
E0001156,100677,S001156,2025-07-01 15:14:00,0,home_banner
E0001157,100677,S001157,2025-07-01 12:08:00,0,home_banner
E0001158,100678,S001158,2025-07-10 00:38:00,0,checkout_cta
E0001159,100679,S001159,2025-07-02 14:04:00,1,home_banner
E0001160,100680,S001160,2025-07-12 15:14:00,1,product_reco
E0001161,100681,S001161,2025-07-13 18:23:00,0,home_banner
E0001162,100681,S001162,2025-07-13 18:07:00,0,checkout_cta
E0001163,100681,S001163,2025-07-13 20:45:00,0,product_reco
E0001164,100682,S001164,2025-07-10 02:12:00,0,product_reco
E0001165,100683,S001165,2025-07-10 02:32:00,1,home_banner
E0001166,100683,S001166,2025-07-09 22:04:00,1,home_banner
E0001167,100684,S001167,2025-07-08 08:57:00,1,home_banner
E0001168,100684,S001168,2025-07-08 09:27:00,1,product_reco
E0001169,100685,S001169,2025-07-03 22:22:00,1,product_reco
E0001170,100685,S001170,2025-07-03 23:07:00,1,product_reco
E0001171,100685,S001171,2025-07-03 22:51:00,1,home_banner
E0001172,100686,S001172,2025-07-07 23:23:00,0,checkout_cta
E0001173,100686,S001173,2025-07-08 04:18:00,0,home_banner
E0001174,100687,S001174,2025-07-05 04:12:00,0,product_reco
E0001175,100688,S001175,2025-07-03 11:46:00,0,home_banner
E0001176,100688,S001176,2025-07-03 11:33:00,0,checkout_cta
E0001177,100688,S001177,2025-07-03 13:10:00,0,checkout_cta
E0001178,100689,S001178,2025-07-12 18:46:00,1,home_banner
E0001179,100690,S001179,2025-07-09 22:01:00,0,home_banner
E0001180,100691,S001180,2025-07-13 11:57:00,0,home_banner
E0001181,100692,S001181,2025-07-08 15:20:00,1,product_reco
E0001182,100693,S001182,2025-07-13 09:07:00,0,home_banner
E0001183,100693,S001183,2025-07-13 06:45:00,0,product_reco
E0001184,100693,S001184,2025-07-13 07:16:00,0,product_reco
E0001185,100694,S001185,2025-07-06 19:12:00,1,product_reco
E0001186,100694,S001186,2025-07-06 19:51:00,1,home_banner
E0001187,100695,S001187,2025-07-03 10:38:00,0,product_reco
E0001188,100696,S001188,2025-07-08 14:20:00,1,home_banner
E0001189,100696,S001189,2025-07-08 17:38:00,1,checkout_cta
E0001190,100697,S001190,2025-07-06 06:08:00,1,product_reco
E0001191,100698,S001191,2025-07-09 10:31:00,0,home_banner
E0001192,100699,S001192,2025-07-08 17:38:00,0,product_reco
E0001193,100700,S001193,2025-07-14 10:04:00,0,product_reco
E0001194,100701,S001194,2025-07-02 10:27:00,0,home_banner
E0001195,100702,S001195,2025-07-14 04:44:00,0,home_banner
E0001196,100703,S001196,2025-07-03 15:03:00,0,product_reco
E0001197,100703,S001197,2025-07-03 08:09:00,0,product_reco
E0001198,100704,S001198,2025-07-05 03:28:00,1,checkout_cta
E0001199,100705,S001199,2025-07-06 16:48:00,1,checkout_cta
E0001200,100706,S001200,2025-07-05 15:19:00,1,product_reco
E0001201,100707,S001201,2025-07-13 07:44:00,0,product_reco
E0001202,100707,S001202,2025-07-13 09:30:00,0,checkout_cta
E0001203,100707,S001203,2025-07-13 10:32:00,0,product_reco
E0001204,100708,S001204,2025-07-06 00:47:00,0,product_reco
E0001205,100709,S001205,2025-07-12 05:01:00,0,home_banner
E0001206,100710,S001206,2025-07-10 23:13:00,0,product_reco
E0001207,100710,S001207,2025-07-11 01:35:00,0,product_reco
E0001208,100711,S001208,2025-07-03 03:02:00,1,checkout_cta
E0001209,100712,S001209,2025-07-05 03:24:00,0,product_reco
E0001210,100712,S001210,2025-07-05 05:08:00,0,home_banner
E0001211,100713,S001211,2025-07-04 22:20:00,0,checkout_cta
E0001212,100714,S001212,2025-07-02 20:19:00,0,home_banner
E0001213,100714,S001213,2025-07-02 20:46:00,0,product_reco
E0001214,100714,S001214,2025-07-02 19:58:00,0,home_banner
E0001215,100715,S001215,2025-07-02 15:38:00,1,product_reco
E0001216,100715,S001216,2025-07-02 15:08:00,1,checkout_cta
E0001217,100716,S001217,2025-07-09 01:36:00,0,home_banner
E0001218,100717,S001218,2025-07-10 01:58:00,0,home_banner
E0001219,100718,S001219,2025-07-09 14:26:00,0,product_reco
E0001220,100718,S001220,2025-07-09 17:39:00,0,home_banner
E0001221,100719,S001221,2025-07-15 06:19:00,0,home_banner
E0001222,100720,S001222,2025-07-03 09:23:00,0,checkout_cta
E0001223,100721,S001223,2025-07-05 17:17:00,0,product_reco
E0001224,100721,S001224,2025-07-05 17:57:00,0,checkout_cta
E0001225,100721,S001225,2025-07-05 23:12:00,0,product_reco
E0001226,100722,S001226,2025-07-08 08:32:00,0,checkout_cta
E0001227,100722,S001227,2025-07-08 08:39:00,0,checkout_cta
E0001228,100723,S001228,2025-07-08 04:39:00,0,home_banner
E0001229,100723,S001229,2025-07-08 08:03:00,0,home_banner
E0001230,100724,S001230,2025-07-09 23:14:00,0,home_banner
E0001231,100725,S001231,2025-07-07 16:21:00,0,product_reco
E0001232,100725,S001232,2025-07-07 15:21:00,0,home_banner
E0001233,100726,S001233,2025-07-14 07:50:00,0,checkout_cta
E0001234,100726,S001234,2025-07-14 02:46:00,0,home_banner
E0001235,100726,S001235,2025-07-14 07:10:00,0,product_reco
E0001236,100727,S001236,2025-07-13 23:26:00,0,home_banner
E0001237,100727,S001237,2025-07-13 18:40:00,0,checkout_cta
E0001238,100728,S001238,2025-07-11 19:26:00,0,checkout_cta
E0001239,100729,S001239,2025-07-08 15:43:00,1,home_banner
E0001240,100729,S001240,2025-07-08 20:48:00,1,checkout_cta
E0001241,100730,S001241,2025-07-02 15:01:00,0,checkout_cta
E0001242,100730,S001242,2025-07-02 14:02:00,0,home_banner
E0001243,100730,S001243,2025-07-02 10:40:00,0,product_reco
E0001244,100731,S001244,2025-07-10 18:17:00,0,home_banner
E0001245,100731,S001245,2025-07-10 13:51:00,0,product_reco
E0001246,100732,S001246,2025-07-13 08:11:00,1,product_reco
E0001247,100732,S001247,2025-07-13 12:36:00,1,home_banner
E0001248,100733,S001248,2025-07-02 22:48:00,1,product_reco
E0001249,100733,S001249,2025-07-03 01:11:00,1,product_reco
E0001250,100734,S001250,2025-07-07 15:21:00,0,product_reco
E0001251,100735,S001251,2025-07-12 04:49:00,1,product_reco
E0001252,100735,S001252,2025-07-11 23:05:00,1,checkout_cta
E0001253,100736,S001253,2025-07-08 02:22:00,0,checkout_cta
E0001254,100736,S001254,2025-07-08 05:39:00,0,product_reco
E0001255,100737,S001255,2025-07-02 12:01:00,0,checkout_cta
E0001256,100738,S001256,2025-07-14 08:32:00,0,product_reco
E0001257,100738,S001257,2025-07-14 06:19:00,0,product_reco
E0001258,100739,S001258,2025-07-02 16:52:00,1,home_banner
E0001259,100740,S001259,2025-07-05 18:25:00,1,home_banner
E0001260,100740,S001260,2025-07-05 22:17:00,1,home_banner
E0001261,100741,S001261,2025-07-15 14:37:00,0,checkout_cta
E0001262,100742,S001262,2025-07-13 17:30:00,1,home_banner
E0001263,100742,S001263,2025-07-13 14:45:00,1,product_reco
E0001264,100742,S001264,2025-07-13 20:39:00,1,checkout_cta
E0001265,100743,S001265,2025-07-08 04:17:00,0,product_reco
E0001266,100744,S001266,2025-07-07 16:19:00,0,checkout_cta
E0001267,100745,S001267,2025-07-12 02:58:00,0,home_banner
E0001268,100746,S001268,2025-07-08 01:21:00,0,checkout_cta
E0001269,100746,S001269,2025-07-08 04:50:00,0,checkout_cta
E0001270,100746,S001270,2025-07-08 03:18:00,0,product_reco
E0001271,100747,S001271,2025-07-10 14:16:00,1,home_banner
E0001272,100748,S001272,2025-07-12 04:34:00,1,home_banner
E0001273,100749,S001273,2025-07-12 17:56:00,1,home_banner
E0001274,100750,S001274,2025-07-02 18:28:00,0,product_reco
E0001275,100750,S001275,2025-07-02 15:57:00,0,product_reco
E0001276,100751,S001276,2025-07-10 01:49:00,1,home_banner
E0001277,100752,S001277,2025-07-03 12:07:00,0,product_reco
E0001278,100753,S001278,2025-07-07 08:26:00,1,home_banner
E0001279,100754,S001279,2025-07-03 13:34:00,1,product_reco
E0001280,100755,S001280,2025-07-07 07:45:00,0,product_reco
E0001281,100756,S001281,2025-07-14 16:10:00,0,home_banner
E0001282,100757,S001282,2025-07-05 17:59:00,0,product_reco
E0001283,100757,S001283,2025-07-05 19:04:00,0,product_reco
E0001284,100758,S001284,2025-07-11 07:58:00,1,home_banner
E0001285,100758,S001285,2025-07-11 10:51:00,1,product_reco
E0001286,100759,S001286,2025-07-07 03:14:00,0,home_banner
E0001287,100760,S001287,2025-07-06 16:44:00,0,checkout_cta
E0001288,100760,S001288,2025-07-06 17:52:00,0,product_reco
E0001289,100761,S001289,2025-07-04 16:14:00,1,product_reco
E0001290,100762,S001290,2025-07-05 01:13:00,1,home_banner
E0001291,100763,S001291,2025-07-02 16:32:00,0,home_banner
E0001292,100764,S001292,2025-07-07 23:30:00,0,home_banner
E0001293,100764,S001293,2025-07-07 22:45:00,0,home_banner
E0001294,100764,S001294,2025-07-07 21:39:00,0,product_reco
E0001295,100765,S001295,2025-07-07 00:51:00,0,product_reco
E0001296,100766,S001296,2025-07-07 18:13:00,1,checkout_cta
E0001297,100766,S001297,2025-07-07 17:45:00,1,home_banner
E0001298,100767,S001298,2025-07-04 10:06:00,0,checkout_cta
E0001299,100768,S001299,2025-07-04 04:44:00,0,product_reco
E0001300,100769,S001300,2025-07-14 16:58:00,1,product_reco
E0001301,100770,S001301,2025-07-08 02:33:00,0,home_banner
E0001302,100771,S001302,2025-07-02 12:39:00,0,checkout_cta
E0001303,100771,S001303,2025-07-02 14:58:00,0,product_reco
E0001304,100772,S001304,2025-07-09 12:02:00,1,home_banner
E0001305,100773,S001305,2025-07-15 14:25:00,0,product_reco
E0001306,100774,S001306,2025-07-06 12:37:00,1,checkout_cta
E0001307,100774,S001307,2025-07-06 15:13:00,1,product_reco
E0001308,100775,S001308,2025-07-06 14:17:00,0,home_banner
E0001309,100776,S001309,2025-07-08 18:59:00,1,home_banner
E0001310,100776,S001310,2025-07-08 21:27:00,1,home_banner
E0001311,100777,S001311,2025-07-12 11:40:00,1,product_reco
E0001312,100777,S001312,2025-07-12 12:00:00,1,product_reco
E0001313,100778,S001313,2025-07-14 19:04:00,0,product_reco
E0001314,100779,S001314,2025-07-07 00:50:00,1,home_banner
E0001315,100780,S001315,2025-07-07 00:55:00,1,home_banner
E0001316,100780,S001316,2025-07-06 22:24:00,1,checkout_cta
E0001317,100781,S001317,2025-07-09 13:34:00,1,home_banner
E0001318,100781,S001318,2025-07-09 11:42:00,1,home_banner
E0001319,100782,S001319,2025-07-06 02:25:00,0,product_reco
E0001320,100782,S001320,2025-07-06 04:38:00,0,product_reco
E0001321,100783,S001321,2025-07-13 15:00:00,0,product_reco
E0001322,100783,S001322,2025-07-13 13:54:00,0,checkout_cta
E0001323,100784,S001323,2025-07-14 14:28:00,0,home_banner
E0001324,100785,S001324,2025-07-02 11:35:00,0,product_reco
E0001325,100785,S001325,2025-07-02 10:14:00,0,product_reco
E0001326,100786,S001326,2025-07-14 20:55:00,1,home_banner
E0001327,100786,S001327,2025-07-14 19:57:00,1,home_banner
E0001328,100787,S001328,2025-07-13 13:01:00,1,product_reco
E0001329,100787,S001329,2025-07-13 16:20:00,1,checkout_cta
E0001330,100788,S001330,2025-07-04 08:53:00,0,home_banner
E0001331,100789,S001331,2025-07-13 09:03:00,1,checkout_cta
E0001332,100789,S001332,2025-07-13 03:39:00,1,checkout_cta
E0001333,100789,S001333,2025-07-13 07:27:00,1,home_banner
E0001334,100790,S001334,2025-07-03 19:57:00,0,product_reco
E0001335,100790,S001335,2025-07-03 15:34:00,0,home_banner
E0001336,100791,S001336,2025-07-02 10:49:00,0,home_banner
E0001337,100792,S001337,2025-07-05 23:59:00,1,home_banner
E0001338,100792,S001338,2025-07-06 06:57:00,1,product_reco
E0001339,100792,S001339,2025-07-06 02:09:00,1,product_reco
E0001340,100793,S001340,2025-07-10 08:37:00,1,home_banner
E0001341,100793,S001341,2025-07-10 07:43:00,1,product_reco
E0001342,100794,S001342,2025-07-04 07:33:00,0,product_reco
E0001343,100795,S001343,2025-07-09 09:06:00,0,product_reco
E0001344,100795,S001344,2025-07-09 07:55:00,0,home_banner
E0001345,100796,S001345,2025-07-02 16:20:00,0,home_banner
E0001346,100797,S001346,2025-07-06 12:43:00,0,checkout_cta
E0001347,100797,S001347,2025-07-06 09:12:00,0,product_reco
E0001348,100798,S001348,2025-07-02 01:01:00,1,product_reco
E0001349,100799,S001349,2025-07-09 00:28:00,0,product_reco
E0001350,100799,S001350,2025-07-08 22:05:00,0,home_banner
E0001351,100800,S001351,2025-07-06 17:29:00,0,product_reco
E0001352,100800,S001352,2025-07-06 10:31:00,0,product_reco
E0001353,100800,S001353,2025-07-06 11:11:00,0,product_reco
E0001354,100801,S001354,2025-07-12 02:50:00,1,home_banner
E0001355,100801,S001355,2025-07-12 09:44:00,1,checkout_cta
E0001356,100802,S001356,2025-07-04 14:44:00,1,product_reco
E0001357,100803,S001357,2025-07-04 13:05:00,0,checkout_cta
E0001358,100803,S001358,2025-07-04 12:20:00,0,home_banner
E0001359,100804,S001359,2025-07-07 03:10:00,1,home_banner
E0001360,100804,S001360,2025-07-07 09:33:00,1,home_banner
E0001361,100805,S001361,2025-07-04 12:55:00,1,product_reco
E0001362,100806,S001362,2025-07-12 12:39:00,0,home_banner
E0001363,100806,S001363,2025-07-12 10:23:00,0,checkout_cta
E0001364,100807,S001364,2025-07-02 10:43:00,1,checkout_cta
E0001365,100808,S001365,2025-07-15 03:00:00,0,product_reco
E0001366,100809,S001366,2025-07-04 09:02:00,1,checkout_cta
E0001367,100810,S001367,2025-07-10 00:09:00,0,product_reco
E0001368,100810,S001368,2025-07-09 23:29:00,0,checkout_cta
E0001369,100810,S001369,2025-07-09 16:49:00,0,product_reco
E0001370,100811,S001370,2025-07-04 17:08:00,1,checkout_cta
E0001371,100811,S001371,2025-07-04 23:53:00,1,home_banner
E0001372,100812,S001372,2025-07-11 05:11:00,1,product_reco
E0001373,100812,S001373,2025-07-11 09:58:00,1,product_reco
E0001374,100812,S001374,2025-07-11 02:30:00,1,product_reco
E0001375,100813,S001375,2025-07-04 09:16:00,0,checkout_cta
E0001376,100814,S001376,2025-07-03 16:04:00,1,product_reco
E0001377,100814,S001377,2025-07-03 15:56:00,1,checkout_cta
E0001378,100815,S001378,2025-07-04 20:19:00,0,product_reco
E0001379,100815,S001379,2025-07-04 20:53:00,0,home_banner
E0001380,100816,S001380,2025-07-09 11:17:00,0,product_reco
E0001381,100817,S001381,2025-07-13 15:09:00,0,product_reco
E0001382,100817,S001382,2025-07-13 11:28:00,0,product_reco
E0001383,100818,S001383,2025-07-09 20:30:00,1,home_banner
E0001384,100818,S001384,2025-07-09 19:59:00,1,product_reco
E0001385,100818,S001385,2025-07-09 22:58:00,1,home_banner
E0001386,100819,S001386,2025-07-14 18:00:00,0,home_banner
E0001387,100819,S001387,2025-07-14 20:24:00,0,home_banner
E0001388,100820,S001388,2025-07-13 01:31:00,1,checkout_cta
E0001389,100820,S001389,2025-07-12 20:51:00,1,product_reco
E0001390,100820,S001390,2025-07-13 00:53:00,1,checkout_cta
E0001391,100821,S001391,2025-07-07 14:03:00,1,checkout_cta
E0001392,100822,S001392,2025-07-07 16:23:00,0,checkout_cta
E0001393,100822,S001393,2025-07-07 10:44:00,0,checkout_cta
E0001394,100823,S001394,2025-07-06 08:18:00,1,home_banner
E0001395,100823,S001395,2025-07-06 09:37:00,1,product_reco
E0001396,100824,S001396,2025-07-04 09:46:00,1,product_reco
E0001397,100824,S001397,2025-07-04 11:45:00,1,product_reco
E0001398,100825,S001398,2025-07-02 16:34:00,1,home_banner
E0001399,100825,S001399,2025-07-02 16:21:00,1,product_reco
E0001400,100826,S001400,2025-07-11 03:10:00,0,product_reco
E0001401,100826,S001401,2025-07-11 00:20:00,0,checkout_cta
E0001402,100827,S001402,2025-07-12 15:27:00,1,product_reco
E0001403,100827,S001403,2025-07-12 17:56:00,1,home_banner
E0001404,100828,S001404,2025-07-02 09:00:00,1,home_banner
E0001405,100828,S001405,2025-07-02 08:04:00,1,checkout_cta
E0001406,100828,S001406,2025-07-02 05:23:00,1,home_banner
E0001407,100829,S001407,2025-07-14 00:55:00,1,product_reco
E0001408,100830,S001408,2025-07-14 07:30:00,1,product_reco
E0001409,100830,S001409,2025-07-14 07:55:00,1,home_banner
E0001410,100831,S001410,2025-07-13 19:22:00,0,home_banner
E0001411,100832,S001411,2025-07-10 04:29:00,1,home_banner
E0001412,100833,S001412,2025-07-05 01:44:00,1,home_banner
E0001413,100833,S001413,2025-07-05 06:49:00,1,home_banner
E0001414,100834,S001414,2025-07-02 14:11:00,0,checkout_cta
E0001415,100834,S001415,2025-07-02 14:09:00,0,home_banner
E0001416,100835,S001416,2025-07-14 15:44:00,0,product_reco
E0001417,100836,S001417,2025-07-05 20:18:00,0,home_banner
E0001418,100837,S001418,2025-07-04 04:11:00,1,product_reco
E0001419,100838,S001419,2025-07-15 09:35:00,1,home_banner
E0001420,100839,S001420,2025-07-14 05:03:00,0,home_banner
E0001421,100839,S001421,2025-07-14 06:41:00,0,home_banner
E0001422,100840,S001422,2025-07-06 18:56:00,1,home_banner
E0001423,100840,S001423,2025-07-06 21:47:00,1,checkout_cta
E0001424,100841,S001424,2025-07-06 15:20:00,0,product_reco
E0001425,100842,S001425,2025-07-10 09:16:00,1,product_reco
E0001426,100842,S001426,2025-07-10 13:28:00,1,product_reco
E0001427,100842,S001427,2025-07-10 11:19:00,1,checkout_cta
E0001428,100843,S001428,2025-07-05 11:11:00,0,checkout_cta
E0001429,100843,S001429,2025-07-05 05:27:00,0,product_reco
E0001430,100844,S001430,2025-07-06 20:47:00,1,product_reco
E0001431,100844,S001431,2025-07-06 23:34:00,1,checkout_cta
E0001432,100844,S001432,2025-07-06 21:50:00,1,product_reco
E0001433,100845,S001433,2025-07-05 20:50:00,1,product_reco
E0001434,100846,S001434,2025-07-11 18:21:00,0,checkout_cta
E0001435,100847,S001435,2025-07-03 11:26:00,0,product_reco
E0001436,100848,S001436,2025-07-13 20:56:00,1,checkout_cta
E0001437,100848,S001437,2025-07-13 16:43:00,1,product_reco
E0001438,100848,S001438,2025-07-13 19:05:00,1,product_reco
E0001439,100849,S001439,2025-07-11 14:36:00,1,product_reco
E0001440,100850,S001440,2025-07-12 11:25:00,0,home_banner
E0001441,100850,S001441,2025-07-12 05:37:00,0,home_banner
E0001442,100851,S001442,2025-07-13 22:17:00,0,checkout_cta
E0001443,100851,S001443,2025-07-13 20:29:00,0,checkout_cta
E0001444,100852,S001444,2025-07-12 21:41:00,1,product_reco
E0001445,100853,S001445,2025-07-08 22:38:00,1,checkout_cta
E0001446,100853,S001446,2025-07-08 21:58:00,1,home_banner
E0001447,100854,S001447,2025-07-12 02:40:00,0,checkout_cta
E0001448,100854,S001448,2025-07-12 05:40:00,0,checkout_cta
E0001449,100854,S001449,2025-07-12 00:57:00,0,product_reco
E0001450,100855,S001450,2025-07-04 22:56:00,0,home_banner
E0001451,100855,S001451,2025-07-05 03:06:00,0,home_banner
E0001452,100856,S001452,2025-07-13 02:49:00,0,checkout_cta
E0001453,100856,S001453,2025-07-12 23:56:00,0,product_reco
E0001454,100857,S001454,2025-07-02 16:22:00,0,home_banner
E0001455,100857,S001455,2025-07-02 12:55:00,0,product_reco
E0001456,100858,S001456,2025-07-07 23:40:00,0,checkout_cta
E0001457,100859,S001457,2025-07-06 01:14:00,0,product_reco
E0001458,100859,S001458,2025-07-06 02:00:00,0,home_banner
E0001459,100860,S001459,2025-07-11 01:46:00,0,product_reco
E0001460,100860,S001460,2025-07-11 02:22:00,0,product_reco
E0001461,100861,S001461,2025-07-07 10:43:00,0,product_reco
E0001462,100862,S001462,2025-07-08 10:59:00,0,home_banner
E0001463,100863,S001463,2025-07-04 21:15:00,0,home_banner
E0001464,100863,S001464,2025-07-05 00:22:00,0,checkout_cta
E0001465,100864,S001465,2025-07-13 02:21:00,0,checkout_cta
E0001466,100864,S001466,2025-07-13 02:43:00,0,home_banner
E0001467,100865,S001467,2025-07-04 12:22:00,0,checkout_cta
E0001468,100866,S001468,2025-07-13 19:26:00,1,home_banner
E0001469,100867,S001469,2025-07-07 18:46:00,0,product_reco
E0001470,100867,S001470,2025-07-07 19:22:00,0,product_reco
E0001471,100868,S001471,2025-07-05 07:10:00,0,product_reco
E0001472,100868,S001472,2025-07-05 08:55:00,0,checkout_cta
E0001473,100868,S001473,2025-07-05 06:59:00,0,product_reco
E0001474,100869,S001474,2025-07-13 21:21:00,1,checkout_cta
E0001475,100870,S001475,2025-07-12 13:52:00,1,product_reco
E0001476,100871,S001476,2025-07-04 16:34:00,0,checkout_cta
E0001477,100872,S001477,2025-07-02 03:26:00,0,product_reco
E0001478,100872,S001478,2025-07-02 01:56:00,0,product_reco
E0001479,100873,S001479,2025-07-03 17:39:00,1,product_reco
E0001480,100873,S001480,2025-07-03 18:49:00,1,home_banner
E0001481,100874,S001481,2025-07-05 01:06:00,0,checkout_cta
E0001482,100875,S001482,2025-07-04 02:50:00,1,product_reco
E0001483,100875,S001483,2025-07-04 02:29:00,1,product_reco
E0001484,100876,S001484,2025-07-08 19:36:00,1,product_reco
E0001485,100876,S001485,2025-07-08 20:26:00,1,home_banner
E0001486,100876,S001486,2025-07-08 18:09:00,1,product_reco
E0001487,100877,S001487,2025-07-07 14:06:00,1,product_reco
E0001488,100878,S001488,2025-07-14 18:59:00,1,product_reco
E0001489,100879,S001489,2025-07-14 18:53:00,0,checkout_cta
E0001490,100880,S001490,2025-07-08 12:05:00,1,checkout_cta
E0001491,100880,S001491,2025-07-08 05:26:00,1,home_banner
E0001492,100881,S001492,2025-07-06 05:05:00,1,home_banner
E0001493,100882,S001493,2025-07-13 13:02:00,1,home_banner
E0001494,100882,S001494,2025-07-13 13:39:00,1,checkout_cta
E0001495,100882,S001495,2025-07-13 14:13:00,1,home_banner
E0001496,100883,S001496,2025-07-06 14:38:00,1,home_banner
E0001497,100884,S001497,2025-07-02 18:35:00,1,product_reco
E0001498,100884,S001498,2025-07-02 12:22:00,1,product_reco
E0001499,100884,S001499,2025-07-02 17:14:00,1,home_banner
E0001500,100885,S001500,2025-07-09 09:40:00,1,home_banner
E0001501,100885,S001501,2025-07-09 11:26:00,1,home_banner
E0001502,100885,S001502,2025-07-09 11:08:00,1,home_banner
E0001503,100886,S001503,2025-07-07 19:41:00,1,product_reco
E0001504,100886,S001504,2025-07-07 20:11:00,1,home_banner
E0001505,100887,S001505,2025-07-10 22:05:00,0,home_banner
E0001506,100887,S001506,2025-07-10 20:22:00,0,checkout_cta
E0001507,100888,S001507,2025-07-02 20:13:00,1,checkout_cta
E0001508,100889,S001508,2025-07-01 23:43:00,1,home_banner
E0001509,100889,S001509,2025-07-02 04:10:00,1,checkout_cta
E0001510,100890,S001510,2025-07-14 09:44:00,1,product_reco
E0001511,100890,S001511,2025-07-14 03:38:00,1,checkout_cta
E0001512,100891,S001512,2025-07-07 07:18:00,0,product_reco
E0001513,100891,S001513,2025-07-07 08:02:00,0,checkout_cta
E0001514,100891,S001514,2025-07-07 02:35:00,0,product_reco
E0001515,100892,S001515,2025-07-03 22:17:00,1,home_banner
E0001516,100893,S001516,2025-07-14 20:59:00,1,checkout_cta
E0001517,100893,S001517,2025-07-15 00:24:00,1,home_banner
E0001518,100894,S001518,2025-07-12 18:44:00,1,home_banner
E0001519,100894,S001519,2025-07-12 17:37:00,1,product_reco
E0001520,100895,S001520,2025-07-10 16:44:00,1,product_reco
E0001521,100895,S001521,2025-07-10 11:00:00,1,checkout_cta
E0001522,100895,S001522,2025-07-10 14:16:00,1,product_reco
E0001523,100896,S001523,2025-07-11 21:24:00,0,checkout_cta
E0001524,100897,S001524,2025-07-06 05:52:00,1,home_banner
E0001525,100897,S001525,2025-07-06 06:59:00,1,home_banner
E0001526,100898,S001526,2025-07-10 12:46:00,0,home_banner
E0001527,100898,S001527,2025-07-10 13:17:00,0,checkout_cta
E0001528,100899,S001528,2025-07-15 01:54:00,1,checkout_cta
E0001529,100899,S001529,2025-07-14 22:02:00,1,home_banner
E0001530,100900,S001530,2025-07-01 21:00:00,1,checkout_cta
E0001531,100901,S001531,2025-07-05 13:12:00,1,home_banner
E0001532,100902,S001532,2025-07-05 09:56:00,1,product_reco
E0001533,100903,S001533,2025-07-14 18:42:00,1,home_banner
E0001534,100904,S001534,2025-07-09 20:42:00,1,product_reco
E0001535,100905,S001535,2025-07-07 00:30:00,1,home_banner
E0001536,100905,S001536,2025-07-07 02:46:00,1,product_reco
E0001537,100905,S001537,2025-07-06 21:35:00,1,product_reco
E0001538,100906,S001538,2025-07-14 03:03:00,1,product_reco
E0001539,100907,S001539,2025-07-02 05:22:00,0,home_banner
E0001540,100907,S001540,2025-07-02 01:48:00,0,checkout_cta
E0001541,100907,S001541,2025-07-02 02:43:00,0,product_reco
E0001542,100908,S001542,2025-07-11 15:48:00,1,home_banner
E0001543,100909,S001543,2025-07-12 07:54:00,1,product_reco
E0001544,100909,S001544,2025-07-12 03:17:00,1,checkout_cta
E0001545,100910,S001545,2025-07-06 11:26:00,0,product_reco
E0001546,100911,S001546,2025-07-08 23:38:00,0,checkout_cta
E0001547,100911,S001547,2025-07-08 17:17:00,0,home_banner
E0001548,100912,S001548,2025-07-03 22:24:00,0,home_banner
E0001549,100913,S001549,2025-07-13 06:00:00,1,checkout_cta
E0001550,100914,S001550,2025-07-01 10:33:00,0,home_banner
E0001551,100914,S001551,2025-07-01 11:22:00,0,product_reco
E0001552,100915,S001552,2025-07-07 14:49:00,1,home_banner
E0001553,100915,S001553,2025-07-07 19:33:00,1,product_reco
E0001554,100916,S001554,2025-07-09 19:35:00,0,checkout_cta
E0001555,100917,S001555,2025-07-04 14:12:00,1,product_reco
E0001556,100917,S001556,2025-07-04 14:26:00,1,product_reco
E0001557,100918,S001557,2025-07-11 09:35:00,0,home_banner
E0001558,100919,S001558,2025-07-02 15:10:00,0,product_reco
E0001559,100919,S001559,2025-07-02 14:13:00,0,product_reco
E0001560,100920,S001560,2025-07-06 09:25:00,0,product_reco
E0001561,100921,S001561,2025-07-08 13:37:00,0,home_banner
E0001562,100921,S001562,2025-07-08 13:51:00,0,product_reco
E0001563,100922,S001563,2025-07-08 21:34:00,1,home_banner
E0001564,100922,S001564,2025-07-08 21:58:00,1,checkout_cta
E0001565,100923,S001565,2025-07-06 15:57:00,0,home_banner
E0001566,100923,S001566,2025-07-06 11:45:00,0,home_banner
E0001567,100923,S001567,2025-07-06 15:23:00,0,checkout_cta
E0001568,100924,S001568,2025-07-06 02:06:00,0,product_reco
E0001569,100924,S001569,2025-07-05 23:09:00,0,checkout_cta
E0001570,100925,S001570,2025-07-12 08:51:00,1,checkout_cta
E0001571,100926,S001571,2025-07-01 19:18:00,1,product_reco
E0001572,100926,S001572,2025-07-01 16:21:00,1,checkout_cta
E0001573,100927,S001573,2025-07-04 23:09:00,0,product_reco
E0001574,100927,S001574,2025-07-04 22:15:00,0,home_banner
E0001575,100928,S001575,2025-07-09 14:57:00,1,product_reco
E0001576,100928,S001576,2025-07-09 14:49:00,1,product_reco
E0001577,100929,S001577,2025-07-07 19:56:00,1,product_reco
E0001578,100929,S001578,2025-07-07 17:52:00,1,product_reco
E0001579,100930,S001579,2025-07-13 17:17:00,0,product_reco
E0001580,100930,S001580,2025-07-13 19:45:00,0,product_reco
E0001581,100931,S001581,2025-07-07 11:28:00,1,product_reco
E0001582,100932,S001582,2025-07-08 11:49:00,0,home_banner
E0001583,100932,S001583,2025-07-08 16:44:00,0,product_reco
E0001584,100932,S001584,2025-07-08 12:32:00,0,checkout_cta
E0001585,100933,S001585,2025-07-13 14:54:00,1,home_banner
E0001586,100934,S001586,2025-07-06 11:42:00,0,checkout_cta
E0001587,100935,S001587,2025-07-03 17:08:00,0,checkout_cta
E0001588,100936,S001588,2025-07-14 09:51:00,1,product_reco
E0001589,100936,S001589,2025-07-14 06:19:00,1,home_banner
E0001590,100937,S001590,2025-07-02 15:46:00,1,home_banner
E0001591,100938,S001591,2025-07-04 20:07:00,1,home_banner
E0001592,100938,S001592,2025-07-04 18:25:00,1,checkout_cta
E0001593,100939,S001593,2025-07-06 06:59:00,0,product_reco
E0001594,100940,S001594,2025-07-12 15:49:00,0,product_reco
E0001595,100940,S001595,2025-07-12 08:56:00,0,checkout_cta
E0001596,100941,S001596,2025-07-10 17:02:00,0,product_reco
E0001597,100942,S001597,2025-07-10 11:49:00,1,product_reco
E0001598,100942,S001598,2025-07-10 10:39:00,1,home_banner
E0001599,100943,S001599,2025-07-15 00:57:00,0,product_reco
E0001600,100943,S001600,2025-07-14 23:06:00,0,checkout_cta
E0001601,100943,S001601,2025-07-15 03:27:00,0,checkout_cta
E0001602,100944,S001602,2025-07-04 08:49:00,0,home_banner
E0001603,100944,S001603,2025-07-04 11:31:00,0,home_banner
E0001604,100945,S001604,2025-07-14 01:46:00,0,checkout_cta
E0001605,100945,S001605,2025-07-14 04:19:00,0,home_banner
E0001606,100946,S001606,2025-07-10 02:47:00,1,product_reco
E0001607,100947,S001607,2025-07-03 14:22:00,0,checkout_cta
E0001608,100948,S001608,2025-07-10 19:00:00,0,home_banner
E0001609,100948,S001609,2025-07-11 01:15:00,0,home_banner
E0001610,100949,S001610,2025-07-14 11:16:00,1,checkout_cta
E0001611,100949,S001611,2025-07-14 07:38:00,1,product_reco
E0001612,100950,S001612,2025-07-08 18:38:00,1,product_reco
E0001613,100951,S001613,2025-07-03 15:24:00,0,home_banner
E0001614,100951,S001614,2025-07-03 17:54:00,0,product_reco
E0001615,100952,S001615,2025-07-12 03:40:00,1,home_banner
E0001616,100952,S001616,2025-07-12 02:06:00,1,home_banner
E0001617,100953,S001617,2025-07-11 11:02:00,0,home_banner
E0001618,100953,S001618,2025-07-11 08:27:00,0,home_banner
E0001619,100953,S001619,2025-07-11 13:21:00,0,product_reco
E0001620,100954,S001620,2025-07-13 02:08:00,1,checkout_cta
E0001621,100954,S001621,2025-07-13 00:18:00,1,checkout_cta
E0001622,100955,S001622,2025-07-05 03:47:00,1,home_banner
E0001623,100955,S001623,2025-07-05 07:07:00,1,product_reco
E0001624,100956,S001624,2025-07-11 21:56:00,1,home_banner
E0001625,100956,S001625,2025-07-11 18:27:00,1,product_reco
E0001626,100956,S001626,2025-07-11 16:16:00,1,checkout_cta
E0001627,100957,S001627,2025-07-03 17:15:00,1,product_reco
E0001628,100958,S001628,2025-07-02 07:54:00,1,home_banner
E0001629,100959,S001629,2025-07-07 00:47:00,1,home_banner
E0001630,100959,S001630,2025-07-07 07:52:00,1,home_banner
E0001631,100960,S001631,2025-07-04 18:46:00,1,product_reco
E0001632,100960,S001632,2025-07-04 14:22:00,1,checkout_cta
E0001633,100961,S001633,2025-07-03 12:27:00,1,home_banner
E0001634,100961,S001634,2025-07-03 15:30:00,1,checkout_cta
E0001635,100962,S001635,2025-07-09 21:21:00,1,product_reco
E0001636,100962,S001636,2025-07-09 14:31:00,1,checkout_cta
E0001637,100963,S001637,2025-07-10 04:52:00,0,checkout_cta
E0001638,100963,S001638,2025-07-10 02:11:00,0,home_banner
E0001639,100964,S001639,2025-07-11 22:47:00,0,home_banner
E0001640,100965,S001640,2025-07-06 02:31:00,0,product_reco
E0001641,100965,S001641,2025-07-05 22:11:00,0,checkout_cta
E0001642,100966,S001642,2025-07-09 01:57:00,1,product_reco
E0001643,100966,S001643,2025-07-09 01:24:00,1,home_banner
E0001644,100967,S001644,2025-07-09 05:35:00,0,checkout_cta
E0001645,100967,S001645,2025-07-09 05:22:00,0,home_banner
E0001646,100967,S001646,2025-07-09 02:03:00,0,product_reco
E0001647,100968,S001647,2025-07-11 23:44:00,1,home_banner
E0001648,100968,S001648,2025-07-12 04:46:00,1,checkout_cta
E0001649,100969,S001649,2025-07-01 14:28:00,1,product_reco
E0001650,100969,S001650,2025-07-01 20:05:00,1,home_banner
E0001651,100970,S001651,2025-07-06 18:22:00,0,product_reco
E0001652,100971,S001652,2025-07-10 20:46:00,0,home_banner
E0001653,100972,S001653,2025-07-07 18:20:00,0,checkout_cta
E0001654,100972,S001654,2025-07-07 16:21:00,0,home_banner
E0001655,100973,S001655,2025-07-10 19:43:00,0,product_reco
E0001656,100973,S001656,2025-07-10 21:46:00,0,home_banner
E0001657,100974,S001657,2025-07-09 15:51:00,0,home_banner
E0001658,100975,S001658,2025-07-07 21:21:00,0,home_banner
E0001659,100976,S001659,2025-07-14 06:19:00,1,product_reco
E0001660,100976,S001660,2025-07-14 08:54:00,1,home_banner
E0001661,100976,S001661,2025-07-14 05:34:00,1,product_reco
E0001662,100977,S001662,2025-07-14 04:27:00,0,checkout_cta
E0001663,100978,S001663,2025-07-13 04:48:00,0,home_banner
E0001664,100979,S001664,2025-07-08 16:12:00,1,product_reco
E0001665,100979,S001665,2025-07-08 17:45:00,1,product_reco
E0001666,100980,S001666,2025-07-10 16:17:00,0,home_banner
E0001667,100981,S001667,2025-07-09 21:05:00,0,checkout_cta
E0001668,100982,S001668,2025-07-03 19:44:00,1,checkout_cta
E0001669,100983,S001669,2025-07-11 08:52:00,0,product_reco
E0001670,100984,S001670,2025-07-12 12:23:00,1,product_reco
E0001671,100985,S001671,2025-07-10 17:40:00,1,checkout_cta
E0001672,100986,S001672,2025-07-11 17:36:00,1,product_reco
E0001673,100986,S001673,2025-07-11 23:00:00,1,checkout_cta
E0001674,100987,S001674,2025-07-07 01:34:00,1,home_banner
E0001675,100987,S001675,2025-07-07 02:08:00,1,checkout_cta
E0001676,100988,S001676,2025-07-10 08:05:00,1,checkout_cta
E0001677,100989,S001677,2025-07-09 19:45:00,0,product_reco
E0001678,100990,S001678,2025-07-08 22:11:00,0,home_banner
E0001679,100991,S001679,2025-07-08 10:42:00,0,checkout_cta
E0001680,100992,S001680,2025-07-11 16:39:00,0,checkout_cta
E0001681,100992,S001681,2025-07-11 15:24:00,0,home_banner
E0001682,100992,S001682,2025-07-11 18:32:00,0,product_reco
E0001683,100993,S001683,2025-07-11 15:03:00,1,home_banner
E0001684,100993,S001684,2025-07-11 18:05:00,1,product_reco
E0001685,100994,S001685,2025-07-06 04:34:00,1,home_banner
E0001686,100994,S001686,2025-07-06 04:07:00,1,checkout_cta
E0001687,100995,S001687,2025-07-08 09:23:00,0,product_reco
E0001688,100996,S001688,2025-07-15 02:55:00,1,home_banner
E0001689,100996,S001689,2025-07-15 01:38:00,1,product_reco
E0001690,100996,S001690,2025-07-14 23:09:00,1,product_reco
E0001691,100997,S001691,2025-07-15 03:51:00,0,product_reco
E0001692,100998,S001692,2025-07-15 08:04:00,1,product_reco
E0001693,100998,S001693,2025-07-15 06:01:00,1,home_banner
E0001694,100999,S001694,2025-07-07 07:56:00,0,product_reco
E0001695,100999,S001695,2025-07-07 07:41:00,0,checkout_cta
E0001696,100999,S001696,2025-07-07 02:52:00,0,product_reco
E0001697,101000,S001697,2025-07-11 13:35:00,1,home_banner
E0001698,101001,S001698,2025-07-10 20:43:00,0,product_reco
E0001699,101002,S001699,2025-07-10 10:35:00,1,product_reco
E0001700,101002,S001700,2025-07-10 03:41:00,1,checkout_cta
E0001701,101003,S001701,2025-07-13 01:09:00,1,home_banner
E0001702,101003,S001702,2025-07-13 02:41:00,1,checkout_cta
E0001703,101003,S001703,2025-07-13 01:42:00,1,product_reco
E0001704,101004,S001704,2025-07-03 02:06:00,1,home_banner
E0001705,101005,S001705,2025-07-05 23:53:00,1,checkout_cta
E0001706,101005,S001706,2025-07-06 02:20:00,1,checkout_cta
E0001707,101005,S001707,2025-07-06 02:02:00,1,home_banner
E0001708,101006,S001708,2025-07-14 16:15:00,1,checkout_cta
E0001709,101007,S001709,2025-07-13 09:46:00,0,product_reco
E0001710,101008,S001710,2025-07-10 14:35:00,1,product_reco
E0001711,101008,S001711,2025-07-10 17:15:00,1,product_reco
E0001712,101008,S001712,2025-07-10 17:09:00,1,checkout_cta
E0001713,101009,S001713,2025-07-05 02:18:00,0,product_reco
E0001714,101010,S001714,2025-07-11 19:04:00,1,product_reco
E0001715,101011,S001715,2025-07-04 23:57:00,1,checkout_cta
E0001716,101012,S001716,2025-07-03 06:57:00,1,home_banner
E0001717,101013,S001717,2025-07-12 10:47:00,1,checkout_cta
E0001718,101013,S001718,2025-07-12 13:29:00,1,checkout_cta
E0001719,101013,S001719,2025-07-12 06:10:00,1,product_reco
E0001720,101014,S001720,2025-07-12 07:26:00,0,checkout_cta
E0001721,101015,S001721,2025-07-13 07:54:00,1,product_reco
E0001722,101015,S001722,2025-07-13 04:13:00,1,checkout_cta
E0001723,101015,S001723,2025-07-13 04:04:00,1,product_reco
E0001724,101016,S001724,2025-07-13 17:29:00,1,product_reco
E0001725,101016,S001725,2025-07-13 17:21:00,1,checkout_cta
E0001726,101017,S001726,2025-07-05 16:10:00,0,checkout_cta
E0001727,101018,S001727,2025-07-01 17:45:00,0,product_reco
E0001728,101018,S001728,2025-07-01 19:06:00,0,home_banner
E0001729,101019,S001729,2025-07-09 12:27:00,0,product_reco
E0001730,101019,S001730,2025-07-09 09:48:00,0,product_reco
E0001731,101020,S001731,2025-07-12 11:27:00,1,home_banner
E0001732,101021,S001732,2025-07-02 23:19:00,0,product_reco
E0001733,101021,S001733,2025-07-02 23:07:00,0,product_reco
E0001734,101022,S001734,2025-07-15 02:51:00,0,product_reco
E0001735,101023,S001735,2025-07-15 13:21:00,0,checkout_cta
E0001736,101023,S001736,2025-07-15 13:04:00,0,home_banner
E0001737,101024,S001737,2025-07-04 01:39:00,1,product_reco
E0001738,101024,S001738,2025-07-04 05:30:00,1,checkout_cta
E0001739,101024,S001739,2025-07-04 00:03:00,1,product_reco
E0001740,101025,S001740,2025-07-01 17:52:00,0,product_reco
E0001741,101026,S001741,2025-07-05 22:57:00,0,checkout_cta
E0001742,101026,S001742,2025-07-05 17:39:00,0,checkout_cta
E0001743,101026,S001743,2025-07-05 18:25:00,0,home_banner
E0001744,101027,S001744,2025-07-08 12:53:00,1,home_banner
E0001745,101028,S001745,2025-07-04 21:11:00,0,home_banner
E0001746,101028,S001746,2025-07-05 03:10:00,0,checkout_cta
E0001747,101029,S001747,2025-07-13 10:29:00,1,home_banner
E0001748,101030,S001748,2025-07-03 08:09:00,1,product_reco
E0001749,101030,S001749,2025-07-03 03:54:00,1,product_reco
E0001750,101030,S001750,2025-07-03 07:05:00,1,home_banner
E0001751,101031,S001751,2025-07-12 21:03:00,0,checkout_cta
E0001752,101032,S001752,2025-07-08 09:07:00,0,product_reco
E0001753,101033,S001753,2025-07-03 01:25:00,0,home_banner
E0001754,101034,S001754,2025-07-07 01:25:00,1,home_banner
E0001755,101034,S001755,2025-07-07 02:49:00,1,home_banner
E0001756,101034,S001756,2025-07-07 06:50:00,1,home_banner
E0001757,101035,S001757,2025-07-02 08:39:00,1,home_banner
E0001758,101036,S001758,2025-07-12 16:31:00,1,checkout_cta
E0001759,101037,S001759,2025-07-11 01:29:00,0,checkout_cta
E0001760,101037,S001760,2025-07-11 02:29:00,0,home_banner
E0001761,101038,S001761,2025-07-10 02:01:00,0,product_reco
E0001762,101039,S001762,2025-07-13 18:45:00,1,home_banner
E0001763,101039,S001763,2025-07-13 19:54:00,1,product_reco
E0001764,101040,S001764,2025-07-06 17:31:00,0,product_reco
E0001765,101041,S001765,2025-07-05 03:20:00,0,product_reco
E0001766,101041,S001766,2025-07-05 01:15:00,0,product_reco
E0001767,101042,S001767,2025-07-05 14:17:00,1,home_banner
E0001768,101042,S001768,2025-07-05 17:48:00,1,home_banner
E0001769,101043,S001769,2025-07-02 08:13:00,0,home_banner
E0001770,101044,S001770,2025-07-08 14:53:00,1,checkout_cta
E0001771,101045,S001771,2025-07-13 13:26:00,0,checkout_cta
E0001772,101046,S001772,2025-07-06 16:49:00,0,home_banner
E0001773,101047,S001773,2025-07-08 10:50:00,0,home_banner
E0001774,101047,S001774,2025-07-08 12:56:00,0,product_reco
E0001775,101047,S001775,2025-07-08 17:23:00,0,product_reco
E0001776,101048,S001776,2025-07-05 07:19:00,1,home_banner
E0001777,101048,S001777,2025-07-05 12:13:00,1,product_reco
E0001778,101049,S001778,2025-07-12 12:14:00,0,checkout_cta
E0001779,101049,S001779,2025-07-12 13:30:00,0,checkout_cta
E0001780,101049,S001780,2025-07-12 11:41:00,0,checkout_cta
E0001781,101050,S001781,2025-07-08 05:24:00,0,product_reco
E0001782,101050,S001782,2025-07-08 09:39:00,0,home_banner
E0001783,101051,S001783,2025-07-12 09:46:00,1,home_banner
E0001784,101051,S001784,2025-07-12 10:35:00,1,product_reco
E0001785,101051,S001785,2025-07-12 05:15:00,1,checkout_cta
E0001786,101052,S001786,2025-07-09 14:34:00,1,product_reco
E0001787,101053,S001787,2025-07-12 14:39:00,1,product_reco
E0001788,101054,S001788,2025-07-03 00:07:00,0,product_reco
E0001789,101055,S001789,2025-07-10 05:25:00,0,home_banner
E0001790,101055,S001790,2025-07-10 06:05:00,0,checkout_cta
E0001791,101055,S001791,2025-07-10 08:33:00,0,home_banner
E0001792,101056,S001792,2025-07-02 07:44:00,0,home_banner
E0001793,101056,S001793,2025-07-02 07:47:00,0,home_banner
E0001794,101057,S001794,2025-07-11 03:25:00,1,checkout_cta
E0001795,101058,S001795,2025-07-03 14:41:00,1,home_banner
E0001796,101059,S001796,2025-07-06 12:15:00,0,checkout_cta
E0001797,101059,S001797,2025-07-06 10:58:00,0,home_banner
E0001798,101060,S001798,2025-07-02 18:50:00,0,checkout_cta
E0001799,101061,S001799,2025-07-03 23:50:00,0,checkout_cta
E0001800,101061,S001800,2025-07-04 04:37:00,0,product_reco
E0001801,101062,S001801,2025-07-05 04:08:00,0,product_reco
E0001802,101063,S001802,2025-07-04 08:47:00,0,home_banner
E0001803,101063,S001803,2025-07-04 10:20:00,0,product_reco
E0001804,101063,S001804,2025-07-04 05:36:00,0,checkout_cta
E0001805,101064,S001805,2025-07-13 12:36:00,1,home_banner
E0001806,101065,S001806,2025-07-13 22:45:00,1,product_reco
E0001807,101065,S001807,2025-07-13 21:15:00,1,home_banner
E0001808,101066,S001808,2025-07-14 14:11:00,1,product_reco
E0001809,101067,S001809,2025-07-11 22:13:00,0,home_banner
E0001810,101067,S001810,2025-07-12 01:50:00,0,checkout_cta
E0001811,101068,S001811,2025-07-08 09:19:00,0,checkout_cta
E0001812,101069,S001812,2025-07-13 10:29:00,1,product_reco
E0001813,101070,S001813,2025-07-12 14:25:00,1,home_banner
E0001814,101070,S001814,2025-07-12 18:24:00,1,home_banner
E0001815,101071,S001815,2025-07-01 23:20:00,1,checkout_cta
E0001816,101072,S001816,2025-07-04 15:53:00,0,home_banner
E0001817,101073,S001817,2025-07-07 03:49:00,1,product_reco
E0001818,101074,S001818,2025-07-03 11:37:00,0,home_banner
E0001819,101074,S001819,2025-07-03 07:48:00,0,checkout_cta
E0001820,101074,S001820,2025-07-03 13:14:00,0,checkout_cta
E0001821,101075,S001821,2025-07-04 15:07:00,1,checkout_cta
E0001822,101075,S001822,2025-07-04 18:46:00,1,checkout_cta
E0001823,101075,S001823,2025-07-04 20:45:00,1,product_reco
E0001824,101076,S001824,2025-07-05 10:18:00,1,checkout_cta
E0001825,101077,S001825,2025-07-12 21:17:00,0,home_banner
E0001826,101077,S001826,2025-07-13 00:52:00,0,home_banner
E0001827,101078,S001827,2025-07-09 12:22:00,0,product_reco
E0001828,101079,S001828,2025-07-13 21:58:00,1,home_banner
E0001829,101079,S001829,2025-07-14 04:29:00,1,product_reco
E0001830,101079,S001830,2025-07-14 02:45:00,1,home_banner
E0001831,101080,S001831,2025-07-04 02:28:00,1,home_banner
E0001832,101081,S001832,2025-07-12 07:36:00,1,home_banner
E0001833,101082,S001833,2025-07-11 06:03:00,1,home_banner
E0001834,101082,S001834,2025-07-11 10:35:00,1,checkout_cta
E0001835,101083,S001835,2025-07-05 01:06:00,1,product_reco
E0001836,101083,S001836,2025-07-05 01:43:00,1,checkout_cta
E0001837,101084,S001837,2025-07-10 05:46:00,1,home_banner
E0001838,101084,S001838,2025-07-10 06:22:00,1,product_reco
E0001839,101085,S001839,2025-07-01 15:35:00,0,checkout_cta
E0001840,101086,S001840,2025-07-09 05:49:00,0,home_banner
E0001841,101087,S001841,2025-07-12 10:59:00,0,product_reco
E0001842,101088,S001842,2025-07-10 10:37:00,1,checkout_cta
E0001843,101088,S001843,2025-07-10 07:43:00,1,product_reco
E0001844,101089,S001844,2025-07-14 23:10:00,0,product_reco
E0001845,101090,S001845,2025-07-15 02:13:00,1,home_banner
E0001846,101090,S001846,2025-07-15 01:26:00,1,product_reco
E0001847,101091,S001847,2025-07-03 08:01:00,1,checkout_cta
E0001848,101092,S001848,2025-07-08 21:18:00,1,product_reco
E0001849,101092,S001849,2025-07-08 15:08:00,1,product_reco
E0001850,101092,S001850,2025-07-08 16:39:00,1,product_reco
E0001851,101093,S001851,2025-07-02 07:30:00,0,checkout_cta
E0001852,101094,S001852,2025-07-04 05:45:00,1,checkout_cta
E0001853,101094,S001853,2025-07-03 23:38:00,1,product_reco
E0001854,101094,S001854,2025-07-04 04:39:00,1,product_reco
E0001855,101095,S001855,2025-07-12 18:34:00,0,home_banner
E0001856,101095,S001856,2025-07-13 01:38:00,0,home_banner
E0001857,101096,S001857,2025-07-03 08:07:00,1,home_banner
E0001858,101097,S001858,2025-07-04 02:56:00,1,checkout_cta
E0001859,101098,S001859,2025-07-15 00:30:00,0,home_banner
E0001860,101098,S001860,2025-07-14 22:43:00,0,checkout_cta
E0001861,101099,S001861,2025-07-12 08:16:00,1,home_banner
E0001862,101100,S001862,2025-07-08 06:08:00,0,home_banner
E0001863,101101,S001863,2025-07-05 14:32:00,0,checkout_cta
E0001864,101101,S001864,2025-07-05 19:07:00,0,home_banner
E0001865,101102,S001865,2025-07-14 01:28:00,0,checkout_cta
E0001866,101103,S001866,2025-07-05 05:37:00,0,home_banner
E0001867,101104,S001867,2025-07-03 07:42:00,1,checkout_cta
E0001868,101105,S001868,2025-07-13 00:28:00,0,checkout_cta
E0001869,101105,S001869,2025-07-13 03:20:00,0,home_banner
E0001870,101106,S001870,2025-07-05 17:50:00,0,product_reco
E0001871,101106,S001871,2025-07-05 18:23:00,0,home_banner
E0001872,101107,S001872,2025-07-05 14:22:00,0,checkout_cta
E0001873,101107,S001873,2025-07-05 12:54:00,0,product_reco
E0001874,101107,S001874,2025-07-05 08:12:00,0,product_reco
E0001875,101108,S001875,2025-07-10 18:03:00,0,product_reco
E0001876,101109,S001876,2025-07-02 12:26:00,1,home_banner
E0001877,101110,S001877,2025-07-04 23:00:00,0,home_banner
E0001878,101110,S001878,2025-07-04 21:27:00,0,product_reco
E0001879,101110,S001879,2025-07-04 23:45:00,0,product_reco
E0001880,101111,S001880,2025-07-15 04:49:00,0,product_reco
E0001881,101111,S001881,2025-07-15 12:09:00,0,home_banner
E0001882,101111,S001882,2025-07-15 08:33:00,0,product_reco
E0001883,101112,S001883,2025-07-05 22:06:00,1,product_reco
E0001884,101112,S001884,2025-07-05 22:01:00,1,product_reco
E0001885,101113,S001885,2025-07-06 20:31:00,0,product_reco
E0001886,101114,S001886,2025-07-06 12:19:00,1,product_reco
E0001887,101115,S001887,2025-07-12 17:29:00,1,product_reco
E0001888,101115,S001888,2025-07-12 14:29:00,1,home_banner
E0001889,101116,S001889,2025-07-11 22:19:00,1,checkout_cta
E0001890,101117,S001890,2025-07-01 12:51:00,1,product_reco
E0001891,101118,S001891,2025-07-03 20:44:00,1,checkout_cta
E0001892,101118,S001892,2025-07-03 18:35:00,1,product_reco
E0001893,101119,S001893,2025-07-05 23:21:00,0,home_banner
E0001894,101120,S001894,2025-07-02 20:25:00,1,checkout_cta
E0001895,101121,S001895,2025-07-07 22:25:00,0,checkout_cta
E0001896,101121,S001896,2025-07-07 19:04:00,0,product_reco
E0001897,101121,S001897,2025-07-07 18:10:00,0,home_banner
E0001898,101122,S001898,2025-07-04 02:18:00,1,home_banner
E0001899,101123,S001899,2025-07-04 13:47:00,1,home_banner
E0001900,101123,S001900,2025-07-04 14:02:00,1,home_banner
E0001901,101124,S001901,2025-07-01 14:09:00,0,product_reco
E0001902,101125,S001902,2025-07-08 22:35:00,1,home_banner
E0001903,101125,S001903,2025-07-09 01:42:00,1,checkout_cta
E0001904,101126,S001904,2025-07-02 20:11:00,1,home_banner
E0001905,101126,S001905,2025-07-02 23:28:00,1,home_banner
E0001906,101126,S001906,2025-07-03 01:08:00,1,checkout_cta
E0001907,101127,S001907,2025-07-07 06:59:00,0,product_reco
E0001908,101127,S001908,2025-07-07 09:51:00,0,product_reco
E0001909,101127,S001909,2025-07-07 06:57:00,0,product_reco
E0001910,101128,S001910,2025-07-05 02:21:00,1,product_reco
E0001911,101128,S001911,2025-07-05 04:14:00,1,checkout_cta
E0001912,101129,S001912,2025-07-14 19:22:00,1,home_banner
E0001913,101130,S001913,2025-07-13 15:07:00,0,checkout_cta
E0001914,101130,S001914,2025-07-13 13:06:00,0,product_reco
E0001915,101131,S001915,2025-07-02 10:18:00,0,checkout_cta
E0001916,101131,S001916,2025-07-02 12:40:00,0,product_reco
E0001917,101132,S001917,2025-07-12 06:01:00,0,checkout_cta
E0001918,101133,S001918,2025-07-05 00:16:00,0,checkout_cta
E0001919,101133,S001919,2025-07-04 20:18:00,0,product_reco
E0001920,101133,S001920,2025-07-04 21:40:00,0,product_reco
E0001921,101134,S001921,2025-07-12 15:31:00,1,home_banner
E0001922,101134,S001922,2025-07-12 20:03:00,1,product_reco
E0001923,101135,S001923,2025-07-15 01:43:00,0,checkout_cta
E0001924,101135,S001924,2025-07-15 07:41:00,0,product_reco
E0001925,101135,S001925,2025-07-15 07:57:00,0,checkout_cta
E0001926,101136,S001926,2025-07-11 17:53:00,1,home_banner
E0001927,101137,S001927,2025-07-01 15:03:00,0,product_reco
E0001928,101137,S001928,2025-07-01 11:45:00,0,product_reco
E0001929,101138,S001929,2025-07-10 23:09:00,1,home_banner
E0001930,101139,S001930,2025-07-09 21:06:00,0,checkout_cta
E0001931,101140,S001931,2025-07-09 17:32:00,0,home_banner
E0001932,101140,S001932,2025-07-09 12:27:00,0,checkout_cta
E0001933,101140,S001933,2025-07-09 11:43:00,0,home_banner
E0001934,101141,S001934,2025-07-08 16:12:00,1,product_reco
E0001935,101142,S001935,2025-07-13 06:40:00,0,product_reco
E0001936,101142,S001936,2025-07-13 05:48:00,0,home_banner
E0001937,101143,S001937,2025-07-11 19:45:00,0,product_reco
E0001938,101143,S001938,2025-07-11 20:49:00,0,product_reco
E0001939,101144,S001939,2025-07-08 20:41:00,1,home_banner
E0001940,101144,S001940,2025-07-08 15:34:00,1,product_reco
E0001941,101144,S001941,2025-07-08 16:43:00,1,home_banner
E0001942,101145,S001942,2025-07-06 13:41:00,1,home_banner
E0001943,101145,S001943,2025-07-06 10:35:00,1,home_banner
E0001944,101145,S001944,2025-07-06 10:22:00,1,checkout_cta
E0001945,101146,S001945,2025-07-10 14:16:00,0,product_reco
E0001946,101146,S001946,2025-07-10 15:44:00,0,home_banner
E0001947,101147,S001947,2025-07-03 11:55:00,1,product_reco
E0001948,101147,S001948,2025-07-03 11:04:00,1,product_reco
E0001949,101148,S001949,2025-07-12 18:04:00,0,checkout_cta
E0001950,101148,S001950,2025-07-12 17:52:00,0,product_reco
E0001951,101149,S001951,2025-07-13 06:34:00,0,product_reco
E0001952,101150,S001952,2025-07-08 12:54:00,1,checkout_cta
E0001953,101150,S001953,2025-07-08 06:42:00,1,checkout_cta
E0001954,101150,S001954,2025-07-08 10:21:00,1,checkout_cta
E0001955,101151,S001955,2025-07-13 04:58:00,1,home_banner
E0001956,101152,S001956,2025-07-03 21:14:00,0,product_reco
E0001957,101153,S001957,2025-07-11 13:40:00,1,checkout_cta
E0001958,101154,S001958,2025-07-09 11:00:00,0,product_reco
E0001959,101154,S001959,2025-07-09 10:51:00,0,product_reco
E0001960,101155,S001960,2025-07-08 21:44:00,1,checkout_cta
E0001961,101156,S001961,2025-07-04 00:12:00,1,home_banner
E0001962,101156,S001962,2025-07-04 04:42:00,1,home_banner
E0001963,101156,S001963,2025-07-04 04:56:00,1,product_reco
E0001964,101157,S001964,2025-07-15 08:48:00,0,checkout_cta
E0001965,101158,S001965,2025-07-02 00:12:00,0,home_banner
E0001966,101158,S001966,2025-07-02 01:08:00,0,product_reco
E0001967,101159,S001967,2025-07-15 09:43:00,1,product_reco
E0001968,101159,S001968,2025-07-15 10:41:00,1,checkout_cta
E0001969,101159,S001969,2025-07-15 12:15:00,1,product_reco
E0001970,101160,S001970,2025-07-08 01:51:00,1,product_reco
E0001971,101161,S001971,2025-07-02 16:07:00,0,product_reco
E0001972,101162,S001972,2025-07-14 18:31:00,1,home_banner
E0001973,101163,S001973,2025-07-14 14:38:00,1,product_reco
E0001974,101163,S001974,2025-07-14 16:26:00,1,checkout_cta
E0001975,101163,S001975,2025-07-14 15:06:00,1,product_reco
E0001976,101164,S001976,2025-07-08 23:17:00,1,checkout_cta
E0001977,101164,S001977,2025-07-09 04:30:00,1,checkout_cta
E0001978,101164,S001978,2025-07-09 04:52:00,1,checkout_cta
E0001979,101165,S001979,2025-07-13 17:29:00,1,checkout_cta
E0001980,101166,S001980,2025-07-03 13:18:00,1,home_banner
E0001981,101166,S001981,2025-07-03 16:24:00,1,home_banner
E0001982,101166,S001982,2025-07-03 11:04:00,1,home_banner
E0001983,101167,S001983,2025-07-02 18:45:00,1,product_reco
E0001984,101167,S001984,2025-07-02 16:05:00,1,product_reco
E0001985,101168,S001985,2025-07-03 17:06:00,1,checkout_cta
E0001986,101168,S001986,2025-07-03 23:05:00,1,product_reco
E0001987,101169,S001987,2025-07-05 16:00:00,0,home_banner
E0001988,101169,S001988,2025-07-05 16:31:00,0,checkout_cta
E0001989,101169,S001989,2025-07-05 14:55:00,0,product_reco
E0001990,101170,S001990,2025-07-02 23:33:00,1,product_reco
E0001991,101170,S001991,2025-07-02 22:47:00,1,product_reco
E0001992,101171,S001992,2025-07-04 04:51:00,0,product_reco
E0001993,101172,S001993,2025-07-03 18:08:00,0,checkout_cta
E0001994,101172,S001994,2025-07-03 17:37:00,0,checkout_cta
E0001995,101173,S001995,2025-07-10 11:44:00,1,product_reco
E0001996,101174,S001996,2025-07-14 18:50:00,1,home_banner
E0001997,101174,S001997,2025-07-14 18:11:00,1,home_banner
E0001998,101175,S001998,2025-07-02 13:26:00,1,product_reco
E0001999,101175,S001999,2025-07-02 10:37:00,1,home_banner
E0002000,101176,S002000,2025-07-08 17:50:00,1,home_banner
E0002001,101176,S002001,2025-07-08 14:54:00,1,product_reco
E0002002,101177,S002002,2025-07-08 14:07:00,0,checkout_cta
E0002003,101178,S002003,2025-07-13 17:08:00,1,home_banner
E0002004,101178,S002004,2025-07-13 15:42:00,1,product_reco
E0002005,101179,S002005,2025-07-08 07:49:00,1,product_reco
E0002006,101179,S002006,2025-07-08 07:54:00,1,checkout_cta
E0002007,101180,S002007,2025-07-09 20:38:00,0,product_reco
E0002008,101180,S002008,2025-07-09 14:33:00,0,home_banner
E0002009,101181,S002009,2025-07-06 01:41:00,1,product_reco
E0002010,101181,S002010,2025-07-06 07:52:00,1,product_reco
E0002011,101182,S002011,2025-07-03 03:23:00,1,product_reco
E0002012,101183,S002012,2025-07-08 10:04:00,0,checkout_cta
E0002013,101183,S002013,2025-07-08 08:09:00,0,home_banner
E0002014,101184,S002014,2025-07-13 21:12:00,1,home_banner
E0002015,101185,S002015,2025-07-14 01:03:00,1,home_banner
E0002016,101185,S002016,2025-07-14 02:19:00,1,product_reco
E0002017,101185,S002017,2025-07-14 00:47:00,1,product_reco
E0002018,101186,S002018,2025-07-07 04:13:00,1,checkout_cta
E0002019,101186,S002019,2025-07-07 03:35:00,1,product_reco
E0002020,101187,S002020,2025-07-02 20:18:00,1,product_reco
E0002021,101188,S002021,2025-07-08 01:55:00,0,product_reco
E0002022,101188,S002022,2025-07-08 04:27:00,0,product_reco
E0002023,101189,S002023,2025-07-04 05:31:00,1,home_banner
E0002024,101190,S002024,2025-07-14 19:59:00,1,product_reco
E0002025,101190,S002025,2025-07-14 19:12:00,1,product_reco
E0002026,101191,S002026,2025-07-11 00:38:00,0,home_banner
E0002027,101191,S002027,2025-07-10 18:20:00,0,home_banner
E0002028,101191,S002028,2025-07-10 22:43:00,0,home_banner
E0002029,101192,S002029,2025-07-09 01:03:00,0,home_banner
E0002030,101193,S002030,2025-07-11 18:53:00,0,checkout_cta
E0002031,101194,S002031,2025-07-07 04:54:00,1,product_reco
E0002032,101194,S002032,2025-07-07 06:19:00,1,product_reco
E0002033,101195,S002033,2025-07-10 07:05:00,1,product_reco
E0002034,101195,S002034,2025-07-10 08:44:00,1,product_reco
E0002035,101196,S002035,2025-07-06 20:50:00,1,checkout_cta
E0002036,101197,S002036,2025-07-05 01:50:00,0,product_reco
E0002037,101198,S002037,2025-07-09 00:56:00,1,checkout_cta
E0002038,101198,S002038,2025-07-08 21:09:00,1,checkout_cta
E0002039,101199,S002039,2025-07-08 18:56:00,0,product_reco
E0002040,101200,S002040,2025-07-05 14:50:00,1,product_reco
E0002041,101201,S002041,2025-07-06 18:53:00,0,product_reco
E0002042,101202,S002042,2025-07-07 20:59:00,1,checkout_cta
E0002043,101202,S002043,2025-07-08 01:08:00,1,product_reco
E0002044,101202,S002044,2025-07-07 22:32:00,1,home_banner
E0002045,101203,S002045,2025-07-10 14:39:00,1,product_reco
E0002046,101203,S002046,2025-07-10 14:18:00,1,product_reco
E0002047,101203,S002047,2025-07-10 17:56:00,1,home_banner
E0002048,101204,S002048,2025-07-07 11:21:00,0,product_reco
E0002049,101205,S002049,2025-07-11 13:22:00,0,home_banner
E0002050,101206,S002050,2025-07-12 18:55:00,1,checkout_cta
E0002051,101206,S002051,2025-07-12 19:51:00,1,product_reco
E0002052,101206,S002052,2025-07-12 19:56:00,1,home_banner
E0002053,101207,S002053,2025-07-08 18:27:00,0,product_reco
E0002054,101208,S002054,2025-07-13 16:38:00,1,home_banner
E0002055,101209,S002055,2025-07-12 04:36:00,1,checkout_cta
E0002056,101209,S002056,2025-07-12 06:15:00,1,home_banner
E0002057,101210,S002057,2025-07-10 11:08:00,1,product_reco
E0002058,101210,S002058,2025-07-10 05:44:00,1,checkout_cta
E0002059,101210,S002059,2025-07-10 06:45:00,1,home_banner
E0002060,101211,S002060,2025-07-09 17:01:00,0,home_banner
E0002061,101212,S002061,2025-07-11 09:09:00,0,home_banner
E0002062,101212,S002062,2025-07-11 08:24:00,0,product_reco
E0002063,101213,S002063,2025-07-13 12:50:00,0,product_reco
E0002064,101213,S002064,2025-07-13 15:17:00,0,home_banner
E0002065,101214,S002065,2025-07-03 17:57:00,1,product_reco
E0002066,101214,S002066,2025-07-03 23:05:00,1,home_banner
E0002067,101215,S002067,2025-07-06 15:03:00,0,home_banner
E0002068,101216,S002068,2025-07-04 19:29:00,0,home_banner
E0002069,101217,S002069,2025-07-08 04:16:00,0,product_reco
E0002070,101217,S002070,2025-07-07 23:01:00,0,product_reco
E0002071,101218,S002071,2025-07-10 18:03:00,0,product_reco
E0002072,101218,S002072,2025-07-10 14:44:00,0,product_reco
E0002073,101219,S002073,2025-07-11 12:22:00,0,checkout_cta
E0002074,101220,S002074,2025-07-15 03:07:00,0,checkout_cta
E0002075,101221,S002075,2025-07-07 23:22:00,0,checkout_cta
E0002076,101221,S002076,2025-07-07 23:47:00,0,product_reco
E0002077,101222,S002077,2025-07-08 08:15:00,1,home_banner
E0002078,101223,S002078,2025-07-14 01:25:00,1,home_banner
E0002079,101224,S002079,2025-07-15 06:54:00,1,product_reco
E0002080,101225,S002080,2025-07-10 13:28:00,1,product_reco
E0002081,101226,S002081,2025-07-05 10:45:00,1,checkout_cta
E0002082,101226,S002082,2025-07-05 14:40:00,1,home_banner
E0002083,101226,S002083,2025-07-05 15:01:00,1,checkout_cta
E0002084,101227,S002084,2025-07-07 04:39:00,1,product_reco
E0002085,101227,S002085,2025-07-07 07:33:00,1,product_reco
E0002086,101228,S002086,2025-07-03 01:16:00,1,home_banner
E0002087,101228,S002087,2025-07-03 02:23:00,1,home_banner
E0002088,101229,S002088,2025-07-08 17:15:00,0,product_reco
E0002089,101230,S002089,2025-07-10 05:23:00,1,home_banner
E0002090,101231,S002090,2025-07-08 02:42:00,0,home_banner
E0002091,101232,S002091,2025-07-08 12:33:00,0,product_reco
E0002092,101232,S002092,2025-07-08 18:41:00,0,product_reco
E0002093,101233,S002093,2025-07-12 23:24:00,1,checkout_cta
E0002094,101234,S002094,2025-07-13 13:54:00,0,home_banner
E0002095,101234,S002095,2025-07-13 11:40:00,0,product_reco
E0002096,101234,S002096,2025-07-13 18:15:00,0,home_banner
E0002097,101235,S002097,2025-07-03 21:55:00,1,product_reco
E0002098,101235,S002098,2025-07-04 00:13:00,1,home_banner
E0002099,101235,S002099,2025-07-03 21:04:00,1,home_banner
E0002100,101236,S002100,2025-07-10 03:20:00,1,product_reco
E0002101,101236,S002101,2025-07-10 01:35:00,1,home_banner
E0002102,101237,S002102,2025-07-05 16:28:00,1,product_reco
E0002103,101237,S002103,2025-07-05 15:22:00,1,checkout_cta
E0002104,101237,S002104,2025-07-05 20:00:00,1,checkout_cta
E0002105,101238,S002105,2025-07-12 03:05:00,0,checkout_cta
E0002106,101239,S002106,2025-07-10 03:58:00,0,home_banner
E0002107,101239,S002107,2025-07-10 06:09:00,0,home_banner
E0002108,101240,S002108,2025-07-02 15:47:00,0,product_reco
E0002109,101240,S002109,2025-07-02 12:26:00,0,home_banner
E0002110,101241,S002110,2025-07-06 14:01:00,0,product_reco
E0002111,101241,S002111,2025-07-06 14:15:00,0,checkout_cta
E0002112,101241,S002112,2025-07-06 15:51:00,0,home_banner
E0002113,101242,S002113,2025-07-02 23:44:00,0,product_reco
E0002114,101243,S002114,2025-07-13 15:24:00,1,home_banner
E0002115,101244,S002115,2025-07-03 00:16:00,0,checkout_cta
E0002116,101244,S002116,2025-07-02 23:28:00,0,product_reco
E0002117,101244,S002117,2025-07-03 01:05:00,0,home_banner
E0002118,101245,S002118,2025-07-03 04:49:00,1,checkout_cta
E0002119,101245,S002119,2025-07-03 04:33:00,1,home_banner
E0002120,101246,S002120,2025-07-11 11:25:00,1,home_banner
E0002121,101247,S002121,2025-07-01 10:38:00,0,product_reco
E0002122,101247,S002122,2025-07-01 16:55:00,0,product_reco
E0002123,101247,S002123,2025-07-01 16:09:00,0,checkout_cta
E0002124,101248,S002124,2025-07-05 22:24:00,1,checkout_cta
E0002125,101249,S002125,2025-07-02 07:20:00,0,home_banner
E0002126,101250,S002126,2025-07-06 11:03:00,0,home_banner
E0002127,101251,S002127,2025-07-05 22:16:00,1,product_reco
E0002128,101251,S002128,2025-07-05 23:52:00,1,product_reco
E0002129,101251,S002129,2025-07-06 01:11:00,1,checkout_cta
E0002130,101252,S002130,2025-07-11 11:27:00,0,checkout_cta
E0002131,101252,S002131,2025-07-11 09:20:00,0,checkout_cta
E0002132,101253,S002132,2025-07-06 13:05:00,0,product_reco
E0002133,101254,S002133,2025-07-13 19:50:00,0,product_reco
E0002134,101254,S002134,2025-07-13 17:00:00,0,product_reco
E0002135,101255,S002135,2025-07-11 02:35:00,1,home_banner
E0002136,101255,S002136,2025-07-11 00:55:00,1,product_reco
E0002137,101255,S002137,2025-07-11 00:32:00,1,product_reco
E0002138,101256,S002138,2025-07-14 01:12:00,1,home_banner
E0002139,101256,S002139,2025-07-14 05:06:00,1,product_reco
E0002140,101256,S002140,2025-07-13 23:13:00,1,product_reco
E0002141,101257,S002141,2025-07-13 16:31:00,0,checkout_cta
E0002142,101258,S002142,2025-07-11 21:51:00,1,product_reco
E0002143,101258,S002143,2025-07-11 16:18:00,1,home_banner
E0002144,101259,S002144,2025-07-05 21:05:00,0,home_banner
E0002145,101260,S002145,2025-07-11 21:54:00,1,product_reco
E0002146,101260,S002146,2025-07-11 22:19:00,1,home_banner
E0002147,101260,S002147,2025-07-11 20:17:00,1,home_banner
E0002148,101261,S002148,2025-07-06 18:43:00,1,checkout_cta
E0002149,101262,S002149,2025-07-12 16:57:00,0,checkout_cta
E0002150,101263,S002150,2025-07-05 05:37:00,0,product_reco
E0002151,101264,S002151,2025-07-09 03:27:00,0,product_reco
E0002152,101265,S002152,2025-07-06 18:24:00,1,checkout_cta
E0002153,101265,S002153,2025-07-06 22:34:00,1,checkout_cta
E0002154,101265,S002154,2025-07-06 23:11:00,1,home_banner
E0002155,101266,S002155,2025-07-03 13:52:00,1,home_banner
E0002156,101266,S002156,2025-07-03 11:59:00,1,home_banner
E0002157,101267,S002157,2025-07-13 12:07:00,1,home_banner
E0002158,101268,S002158,2025-07-10 12:16:00,1,home_banner
E0002159,101268,S002159,2025-07-10 12:56:00,1,product_reco
E0002160,101269,S002160,2025-07-04 09:33:00,0,home_banner
E0002161,101269,S002161,2025-07-04 09:55:00,0,product_reco
E0002162,101269,S002162,2025-07-04 10:39:00,0,home_banner
E0002163,101270,S002163,2025-07-08 06:07:00,0,checkout_cta
E0002164,101271,S002164,2025-07-13 18:10:00,1,product_reco
E0002165,101271,S002165,2025-07-13 22:22:00,1,product_reco
E0002166,101272,S002166,2025-07-11 02:25:00,1,checkout_cta
E0002167,101272,S002167,2025-07-11 06:45:00,1,home_banner
E0002168,101273,S002168,2025-07-10 07:09:00,0,checkout_cta
E0002169,101273,S002169,2025-07-10 03:32:00,0,checkout_cta
E0002170,101274,S002170,2025-07-05 01:51:00,1,checkout_cta
E0002171,101274,S002171,2025-07-05 03:36:00,1,home_banner
E0002172,101275,S002172,2025-07-05 19:39:00,0,checkout_cta
E0002173,101275,S002173,2025-07-05 16:30:00,0,product_reco
E0002174,101275,S002174,2025-07-05 18:16:00,0,product_reco
E0002175,101276,S002175,2025-07-15 09:59:00,1,product_reco
E0002176,101276,S002176,2025-07-15 12:48:00,1,product_reco
E0002177,101277,S002177,2025-07-11 18:32:00,1,home_banner
E0002178,101278,S002178,2025-07-10 13:45:00,1,product_reco
E0002179,101279,S002179,2025-07-15 07:48:00,1,home_banner
E0002180,101280,S002180,2025-07-14 05:35:00,0,product_reco
E0002181,101280,S002181,2025-07-14 04:57:00,0,checkout_cta
E0002182,101281,S002182,2025-07-15 12:48:00,1,home_banner
E0002183,101282,S002183,2025-07-13 17:46:00,0,checkout_cta
E0002184,101282,S002184,2025-07-13 20:17:00,0,checkout_cta
E0002185,101282,S002185,2025-07-13 16:09:00,0,home_banner
E0002186,101283,S002186,2025-07-14 20:08:00,1,product_reco
E0002187,101283,S002187,2025-07-14 19:27:00,1,product_reco
E0002188,101283,S002188,2025-07-15 01:05:00,1,home_banner
E0002189,101284,S002189,2025-07-06 11:36:00,0,product_reco
E0002190,101285,S002190,2025-07-13 06:35:00,0,product_reco
E0002191,101286,S002191,2025-07-03 21:21:00,1,checkout_cta
E0002192,101286,S002192,2025-07-03 21:09:00,1,product_reco
E0002193,101286,S002193,2025-07-03 19:23:00,1,product_reco
E0002194,101287,S002194,2025-07-02 11:47:00,1,checkout_cta
E0002195,101288,S002195,2025-07-10 11:02:00,0,checkout_cta
E0002196,101289,S002196,2025-07-13 15:55:00,1,home_banner
E0002197,101290,S002197,2025-07-08 18:15:00,1,checkout_cta
E0002198,101291,S002198,2025-07-10 19:51:00,1,home_banner
E0002199,101291,S002199,2025-07-10 19:57:00,1,home_banner
E0002200,101291,S002200,2025-07-11 00:06:00,1,product_reco
E0002201,101292,S002201,2025-07-09 05:24:00,0,product_reco
E0002202,101293,S002202,2025-07-13 17:08:00,0,checkout_cta
E0002203,101294,S002203,2025-07-10 06:42:00,0,home_banner
E0002204,101295,S002204,2025-07-09 03:28:00,1,home_banner
E0002205,101295,S002205,2025-07-09 04:36:00,1,checkout_cta
E0002206,101296,S002206,2025-07-04 04:49:00,1,checkout_cta
E0002207,101297,S002207,2025-07-03 12:04:00,1,checkout_cta
E0002208,101298,S002208,2025-07-10 12:21:00,1,home_banner
E0002209,101299,S002209,2025-07-13 20:36:00,0,product_reco
E0002210,101300,S002210,2025-07-11 20:24:00,0,checkout_cta
E0002211,101301,S002211,2025-07-02 21:20:00,0,home_banner
E0002212,101302,S002212,2025-07-06 14:42:00,1,home_banner
E0002213,101303,S002213,2025-07-14 01:31:00,0,product_reco
E0002214,101304,S002214,2025-07-07 12:54:00,0,product_reco
E0002215,101304,S002215,2025-07-07 16:11:00,0,product_reco
E0002216,101305,S002216,2025-07-14 00:52:00,1,checkout_cta
E0002217,101306,S002217,2025-07-06 16:37:00,0,home_banner
E0002218,101307,S002218,2025-07-11 19:45:00,0,product_reco
E0002219,101307,S002219,2025-07-11 20:06:00,0,home_banner
E0002220,101307,S002220,2025-07-11 23:53:00,0,product_reco
E0002221,101308,S002221,2025-07-07 20:01:00,0,product_reco
E0002222,101309,S002222,2025-07-14 17:37:00,0,home_banner
E0002223,101309,S002223,2025-07-14 12:30:00,0,product_reco
E0002224,101309,S002224,2025-07-14 18:47:00,0,home_banner
E0002225,101310,S002225,2025-07-08 22:16:00,1,checkout_cta
E0002226,101310,S002226,2025-07-08 21:10:00,1,product_reco
E0002227,101311,S002227,2025-07-06 23:05:00,0,home_banner
E0002228,101312,S002228,2025-07-04 00:22:00,0,product_reco
E0002229,101312,S002229,2025-07-03 23:02:00,0,home_banner
E0002230,101313,S002230,2025-07-11 01:14:00,0,product_reco
E0002231,101313,S002231,2025-07-10 19:37:00,0,product_reco
E0002232,101314,S002232,2025-07-01 17:57:00,1,product_reco
E0002233,101314,S002233,2025-07-01 17:33:00,1,product_reco
E0002234,101315,S002234,2025-07-04 15:21:00,1,home_banner
E0002235,101315,S002235,2025-07-04 16:42:00,1,checkout_cta
E0002236,101316,S002236,2025-07-02 08:38:00,0,product_reco
E0002237,101317,S002237,2025-07-14 00:55:00,0,checkout_cta
E0002238,101318,S002238,2025-07-06 04:51:00,0,product_reco
E0002239,101319,S002239,2025-07-13 15:25:00,1,product_reco
E0002240,101319,S002240,2025-07-13 17:21:00,1,product_reco
E0002241,101320,S002241,2025-07-14 01:35:00,0,product_reco
E0002242,101321,S002242,2025-07-12 06:40:00,0,product_reco
E0002243,101321,S002243,2025-07-12 06:55:00,0,checkout_cta
E0002244,101322,S002244,2025-07-05 05:28:00,0,home_banner
E0002245,101323,S002245,2025-07-08 01:20:00,1,home_banner
E0002246,101323,S002246,2025-07-08 01:44:00,1,home_banner
E0002247,101324,S002247,2025-07-07 16:34:00,0,checkout_cta
E0002248,101325,S002248,2025-07-13 00:22:00,1,checkout_cta
E0002249,101325,S002249,2025-07-12 22:56:00,1,product_reco
E0002250,101326,S002250,2025-07-09 11:01:00,1,home_banner
E0002251,101327,S002251,2025-07-11 03:00:00,0,product_reco
E0002252,101328,S002252,2025-07-03 04:17:00,1,home_banner
E0002253,101329,S002253,2025-07-04 02:11:00,0,home_banner
E0002254,101330,S002254,2025-07-11 21:25:00,1,checkout_cta
E0002255,101331,S002255,2025-07-04 03:21:00,1,product_reco
E0002256,101331,S002256,2025-07-04 07:25:00,1,product_reco
E0002257,101332,S002257,2025-07-01 15:22:00,0,product_reco
E0002258,101333,S002258,2025-07-13 20:33:00,0,product_reco
E0002259,101333,S002259,2025-07-13 16:03:00,0,home_banner
E0002260,101334,S002260,2025-07-02 14:15:00,1,checkout_cta
E0002261,101335,S002261,2025-07-09 13:31:00,1,product_reco
E0002262,101336,S002262,2025-07-01 15:49:00,1,home_banner
E0002263,101337,S002263,2025-07-13 01:20:00,1,home_banner
E0002264,101338,S002264,2025-07-06 22:02:00,1,home_banner
E0002265,101338,S002265,2025-07-06 21:53:00,1,home_banner
E0002266,101339,S002266,2025-07-11 01:56:00,0,checkout_cta
E0002267,101340,S002267,2025-07-11 05:55:00,1,checkout_cta
E0002268,101340,S002268,2025-07-11 08:28:00,1,checkout_cta
E0002269,101341,S002269,2025-07-04 14:32:00,0,home_banner
E0002270,101342,S002270,2025-07-07 21:04:00,0,checkout_cta
E0002271,101342,S002271,2025-07-07 23:28:00,0,product_reco
E0002272,101343,S002272,2025-07-12 20:13:00,1,product_reco
E0002273,101343,S002273,2025-07-12 17:15:00,1,home_banner
E0002274,101344,S002274,2025-07-15 00:02:00,0,product_reco
E0002275,101345,S002275,2025-07-10 06:49:00,1,product_reco
E0002276,101346,S002276,2025-07-12 23:04:00,1,home_banner
E0002277,101347,S002277,2025-07-02 18:10:00,1,home_banner
E0002278,101348,S002278,2025-07-11 15:40:00,0,product_reco
E0002279,101348,S002279,2025-07-11 15:00:00,0,home_banner
E0002280,101349,S002280,2025-07-03 23:14:00,0,home_banner
E0002281,101349,S002281,2025-07-03 23:54:00,0,home_banner
E0002282,101350,S002282,2025-07-14 21:16:00,1,product_reco
E0002283,101351,S002283,2025-07-10 15:26:00,0,checkout_cta
E0002284,101352,S002284,2025-07-08 12:55:00,1,product_reco
E0002285,101353,S002285,2025-07-06 11:36:00,1,product_reco
E0002286,101354,S002286,2025-07-12 07:27:00,1,checkout_cta
E0002287,101354,S002287,2025-07-12 07:12:00,1,product_reco
E0002288,101355,S002288,2025-07-03 08:14:00,1,home_banner
E0002289,101356,S002289,2025-07-11 10:54:00,1,product_reco
E0002290,101357,S002290,2025-07-03 18:23:00,1,home_banner
E0002291,101358,S002291,2025-07-06 13:14:00,1,checkout_cta
E0002292,101359,S002292,2025-07-01 23:38:00,1,product_reco
E0002293,101360,S002293,2025-07-02 04:28:00,1,home_banner
E0002294,101361,S002294,2025-07-12 16:37:00,0,home_banner
E0002295,101361,S002295,2025-07-12 22:55:00,0,product_reco
E0002296,101362,S002296,2025-07-02 22:40:00,0,home_banner
E0002297,101363,S002297,2025-07-09 23:35:00,0,checkout_cta
E0002298,101363,S002298,2025-07-10 01:35:00,0,product_reco
E0002299,101364,S002299,2025-07-15 05:12:00,0,checkout_cta
E0002300,101364,S002300,2025-07-15 10:37:00,0,product_reco
E0002301,101365,S002301,2025-07-10 14:42:00,0,checkout_cta
E0002302,101365,S002302,2025-07-10 09:47:00,0,checkout_cta
E0002303,101366,S002303,2025-07-03 18:19:00,1,product_reco
E0002304,101366,S002304,2025-07-03 18:19:00,1,product_reco
E0002305,101366,S002305,2025-07-03 23:13:00,1,product_reco
E0002306,101367,S002306,2025-07-13 01:31:00,0,checkout_cta
E0002307,101368,S002307,2025-07-04 06:07:00,0,product_reco
E0002308,101368,S002308,2025-07-04 07:53:00,0,home_banner
E0002309,101369,S002309,2025-07-06 18:59:00,1,product_reco
E0002310,101370,S002310,2025-07-14 11:41:00,0,product_reco
E0002311,101370,S002311,2025-07-14 17:56:00,0,home_banner
E0002312,101371,S002312,2025-07-13 05:22:00,0,product_reco
E0002313,101371,S002313,2025-07-13 04:40:00,0,product_reco
E0002314,101371,S002314,2025-07-13 02:08:00,0,product_reco
E0002315,101372,S002315,2025-07-08 02:33:00,1,checkout_cta
E0002316,101372,S002316,2025-07-08 07:23:00,1,product_reco
E0002317,101372,S002317,2025-07-08 02:18:00,1,home_banner
E0002318,101373,S002318,2025-07-14 13:21:00,1,product_reco
E0002319,101374,S002319,2025-07-13 07:21:00,0,product_reco
E0002320,101374,S002320,2025-07-13 02:22:00,0,home_banner
E0002321,101375,S002321,2025-07-04 07:21:00,0,product_reco
E0002322,101375,S002322,2025-07-04 10:15:00,0,checkout_cta
E0002323,101376,S002323,2025-07-04 09:07:00,1,product_reco
E0002324,101377,S002324,2025-07-09 22:26:00,1,home_banner
E0002325,101377,S002325,2025-07-09 21:28:00,1,product_reco
E0002326,101378,S002326,2025-07-14 02:10:00,1,product_reco
E0002327,101379,S002327,2025-07-14 16:10:00,0,product_reco
E0002328,101380,S002328,2025-07-11 01:34:00,0,home_banner
E0002329,101381,S002329,2025-07-03 20:17:00,0,product_reco
E0002330,101381,S002330,2025-07-03 21:45:00,0,checkout_cta
E0002331,101381,S002331,2025-07-03 18:35:00,0,checkout_cta
E0002332,101382,S002332,2025-07-03 10:20:00,0,home_banner
E0002333,101382,S002333,2025-07-03 05:36:00,0,home_banner
E0002334,101383,S002334,2025-07-09 18:13:00,1,product_reco
E0002335,101383,S002335,2025-07-09 21:26:00,1,home_banner
E0002336,101384,S002336,2025-07-10 18:35:00,1,product_reco
E0002337,101384,S002337,2025-07-10 15:09:00,1,product_reco
E0002338,101384,S002338,2025-07-10 12:57:00,1,home_banner
E0002339,101385,S002339,2025-07-05 13:09:00,1,product_reco
E0002340,101386,S002340,2025-07-07 11:50:00,1,home_banner
E0002341,101387,S002341,2025-07-12 04:00:00,0,home_banner
E0002342,101388,S002342,2025-07-02 13:21:00,1,home_banner
E0002343,101388,S002343,2025-07-02 20:04:00,1,checkout_cta
E0002344,101389,S002344,2025-07-06 20:39:00,0,home_banner
E0002345,101389,S002345,2025-07-06 23:07:00,0,home_banner
E0002346,101390,S002346,2025-07-04 12:31:00,0,home_banner
E0002347,101391,S002347,2025-07-01 23:19:00,0,product_reco
E0002348,101392,S002348,2025-07-07 01:27:00,1,checkout_cta
E0002349,101392,S002349,2025-07-07 04:21:00,1,home_banner
E0002350,101393,S002350,2025-07-07 04:22:00,1,product_reco
E0002351,101393,S002351,2025-07-07 00:48:00,1,checkout_cta
E0002352,101394,S002352,2025-07-01 16:45:00,0,home_banner
E0002353,101394,S002353,2025-07-01 16:37:00,0,checkout_cta
E0002354,101395,S002354,2025-07-02 21:03:00,1,product_reco
E0002355,101395,S002355,2025-07-03 00:12:00,1,product_reco
E0002356,101396,S002356,2025-07-08 21:04:00,0,home_banner
E0002357,101396,S002357,2025-07-09 00:19:00,0,checkout_cta
E0002358,101396,S002358,2025-07-09 04:14:00,0,home_banner
E0002359,101397,S002359,2025-07-11 05:30:00,1,checkout_cta
E0002360,101397,S002360,2025-07-11 04:45:00,1,checkout_cta
E0002361,101397,S002361,2025-07-10 23:31:00,1,product_reco
E0002362,101398,S002362,2025-07-09 17:27:00,0,home_banner
E0002363,101399,S002363,2025-07-05 00:54:00,0,home_banner
E0002364,101399,S002364,2025-07-04 21:20:00,0,product_reco
E0002365,101399,S002365,2025-07-04 21:50:00,0,product_reco
E0002366,101400,S002366,2025-07-07 11:57:00,1,home_banner
E0002367,101401,S002367,2025-07-08 05:02:00,0,product_reco
E0002368,101402,S002368,2025-07-06 07:43:00,0,product_reco
E0002369,101402,S002369,2025-07-06 07:14:00,0,checkout_cta
E0002370,101402,S002370,2025-07-06 13:21:00,0,home_banner
E0002371,101403,S002371,2025-07-07 06:37:00,0,home_banner
E0002372,101403,S002372,2025-07-07 08:53:00,0,home_banner
E0002373,101404,S002373,2025-07-08 08:18:00,0,product_reco
E0002374,101405,S002374,2025-07-10 19:41:00,0,product_reco
E0002375,101406,S002375,2025-07-05 16:50:00,0,home_banner
E0002376,101406,S002376,2025-07-05 13:13:00,0,home_banner
E0002377,101407,S002377,2025-07-09 12:13:00,1,product_reco
E0002378,101407,S002378,2025-07-09 10:05:00,1,product_reco
E0002379,101407,S002379,2025-07-09 14:57:00,1,product_reco
E0002380,101408,S002380,2025-07-14 20:15:00,1,checkout_cta
E0002381,101408,S002381,2025-07-15 01:17:00,1,product_reco
E0002382,101409,S002382,2025-07-07 19:54:00,0,checkout_cta
E0002383,101409,S002383,2025-07-07 13:10:00,0,home_banner
E0002384,101409,S002384,2025-07-07 17:13:00,0,product_reco
E0002385,101410,S002385,2025-07-08 16:55:00,0,home_banner
E0002386,101410,S002386,2025-07-08 17:19:00,0,checkout_cta
E0002387,101410,S002387,2025-07-08 20:00:00,0,checkout_cta
E0002388,101411,S002388,2025-07-12 03:02:00,0,product_reco
E0002389,101411,S002389,2025-07-12 05:08:00,0,product_reco
E0002390,101412,S002390,2025-07-01 16:01:00,0,home_banner
E0002391,101413,S002391,2025-07-06 10:02:00,1,home_banner
E0002392,101413,S002392,2025-07-06 07:52:00,1,product_reco
E0002393,101414,S002393,2025-07-09 14:54:00,0,product_reco
E0002394,101415,S002394,2025-07-07 12:19:00,1,checkout_cta
E0002395,101415,S002395,2025-07-07 13:51:00,1,product_reco
E0002396,101415,S002396,2025-07-07 10:59:00,1,home_banner
E0002397,101416,S002397,2025-07-08 19:43:00,1,checkout_cta
E0002398,101417,S002398,2025-07-12 02:17:00,0,product_reco
E0002399,101417,S002399,2025-07-11 20:09:00,0,home_banner
E0002400,101418,S002400,2025-07-14 22:09:00,0,home_banner
E0002401,101418,S002401,2025-07-15 00:12:00,0,home_banner
E0002402,101418,S002402,2025-07-15 01:44:00,0,product_reco
E0002403,101419,S002403,2025-07-04 07:41:00,0,product_reco
E0002404,101419,S002404,2025-07-04 06:17:00,0,product_reco
E0002405,101420,S002405,2025-07-10 17:08:00,1,product_reco
E0002406,101420,S002406,2025-07-10 13:59:00,1,product_reco
E0002407,101421,S002407,2025-07-12 06:10:00,1,product_reco
E0002408,101422,S002408,2025-07-12 10:08:00,1,product_reco
E0002409,101423,S002409,2025-07-10 18:59:00,1,product_reco
E0002410,101424,S002410,2025-07-02 20:35:00,1,product_reco
E0002411,101424,S002411,2025-07-02 22:37:00,1,home_banner
E0002412,101425,S002412,2025-07-05 23:29:00,0,product_reco
E0002413,101425,S002413,2025-07-05 23:53:00,0,home_banner
E0002414,101426,S002414,2025-07-11 14:32:00,0,home_banner
E0002415,101426,S002415,2025-07-11 11:59:00,0,checkout_cta
E0002416,101427,S002416,2025-07-02 11:59:00,1,home_banner
E0002417,101427,S002417,2025-07-02 12:59:00,1,checkout_cta
E0002418,101427,S002418,2025-07-02 16:58:00,1,checkout_cta
E0002419,101428,S002419,2025-07-05 04:00:00,1,checkout_cta
E0002420,101428,S002420,2025-07-05 01:33:00,1,checkout_cta
E0002421,101429,S002421,2025-07-05 06:03:00,0,home_banner
E0002422,101429,S002422,2025-07-05 04:34:00,0,product_reco
E0002423,101430,S002423,2025-07-06 06:35:00,1,product_reco
E0002424,101430,S002424,2025-07-06 07:10:00,1,product_reco
E0002425,101431,S002425,2025-07-08 03:14:00,1,product_reco
E0002426,101431,S002426,2025-07-08 04:10:00,1,checkout_cta
E0002427,101432,S002427,2025-07-13 03:50:00,0,home_banner
E0002428,101433,S002428,2025-07-04 14:22:00,1,product_reco
E0002429,101433,S002429,2025-07-04 11:58:00,1,checkout_cta
E0002430,101433,S002430,2025-07-04 12:52:00,1,checkout_cta
E0002431,101434,S002431,2025-07-06 18:31:00,0,checkout_cta
E0002432,101435,S002432,2025-07-07 14:56:00,1,checkout_cta
E0002433,101436,S002433,2025-07-07 08:40:00,0,home_banner
E0002434,101436,S002434,2025-07-07 09:11:00,0,checkout_cta
E0002435,101437,S002435,2025-07-09 11:02:00,1,home_banner
E0002436,101438,S002436,2025-07-03 17:13:00,0,home_banner
E0002437,101438,S002437,2025-07-03 17:43:00,0,home_banner
E0002438,101439,S002438,2025-07-12 22:55:00,0,product_reco
E0002439,101440,S002439,2025-07-12 01:01:00,0,product_reco
E0002440,101441,S002440,2025-07-11 08:38:00,0,product_reco
E0002441,101442,S002441,2025-07-07 23:12:00,1,product_reco
E0002442,101443,S002442,2025-07-03 13:13:00,0,home_banner
E0002443,101444,S002443,2025-07-02 12:23:00,0,home_banner
E0002444,101445,S002444,2025-07-01 20:28:00,0,product_reco
E0002445,101446,S002445,2025-07-13 20:58:00,1,checkout_cta
E0002446,101447,S002446,2025-07-10 23:10:00,0,home_banner
E0002447,101447,S002447,2025-07-11 02:12:00,0,product_reco
E0002448,101448,S002448,2025-07-09 12:49:00,1,home_banner
E0002449,101448,S002449,2025-07-09 09:14:00,1,product_reco
E0002450,101449,S002450,2025-07-07 13:02:00,1,home_banner
E0002451,101450,S002451,2025-07-05 03:04:00,0,product_reco
E0002452,101450,S002452,2025-07-05 08:32:00,0,home_banner
E0002453,101451,S002453,2025-07-05 13:59:00,0,product_reco
E0002454,101452,S002454,2025-07-11 07:48:00,0,product_reco
E0002455,101452,S002455,2025-07-11 10:33:00,0,checkout_cta
E0002456,101453,S002456,2025-07-05 09:27:00,1,home_banner
E0002457,101453,S002457,2025-07-05 07:41:00,1,product_reco
E0002458,101454,S002458,2025-07-13 03:43:00,0,checkout_cta
E0002459,101454,S002459,2025-07-13 02:46:00,0,home_banner
E0002460,101455,S002460,2025-07-07 10:25:00,0,home_banner
E0002461,101456,S002461,2025-07-15 03:38:00,0,product_reco
E0002462,101456,S002462,2025-07-15 02:02:00,0,home_banner
E0002463,101457,S002463,2025-07-02 20:55:00,0,checkout_cta
E0002464,101457,S002464,2025-07-02 19:22:00,0,checkout_cta
E0002465,101458,S002465,2025-07-04 19:52:00,1,product_reco
E0002466,101458,S002466,2025-07-04 18:02:00,1,checkout_cta
E0002467,101458,S002467,2025-07-04 20:30:00,1,checkout_cta
E0002468,101459,S002468,2025-07-10 09:44:00,0,product_reco
E0002469,101460,S002469,2025-07-09 06:31:00,0,home_banner
E0002470,101461,S002470,2025-07-04 00:10:00,1,home_banner
E0002471,101462,S002471,2025-07-09 12:28:00,1,product_reco
E0002472,101462,S002472,2025-07-09 07:33:00,1,product_reco
E0002473,101462,S002473,2025-07-09 12:02:00,1,checkout_cta
E0002474,101463,S002474,2025-07-11 23:22:00,0,checkout_cta
E0002475,101464,S002475,2025-07-04 08:07:00,1,product_reco
E0002476,101464,S002476,2025-07-04 06:47:00,1,home_banner
E0002477,101465,S002477,2025-07-12 01:39:00,0,home_banner
E0002478,101465,S002478,2025-07-12 02:25:00,0,product_reco
E0002479,101466,S002479,2025-07-05 13:06:00,0,product_reco
E0002480,101467,S002480,2025-07-06 16:44:00,0,product_reco
E0002481,101467,S002481,2025-07-06 15:23:00,0,home_banner
E0002482,101467,S002482,2025-07-06 16:11:00,0,product_reco
E0002483,101468,S002483,2025-07-12 06:04:00,0,home_banner
E0002484,101468,S002484,2025-07-12 05:17:00,0,home_banner
E0002485,101469,S002485,2025-07-10 19:05:00,1,home_banner
E0002486,101469,S002486,2025-07-10 19:59:00,1,product_reco
E0002487,101470,S002487,2025-07-04 21:58:00,0,product_reco
E0002488,101471,S002488,2025-07-10 06:54:00,1,checkout_cta
E0002489,101471,S002489,2025-07-10 11:02:00,1,home_banner
E0002490,101471,S002490,2025-07-10 06:47:00,1,product_reco
E0002491,101472,S002491,2025-07-11 18:18:00,1,home_banner
E0002492,101473,S002492,2025-07-06 23:08:00,1,home_banner
E0002493,101474,S002493,2025-07-13 20:30:00,1,checkout_cta
E0002494,101474,S002494,2025-07-13 21:40:00,1,product_reco
E0002495,101475,S002495,2025-07-12 23:36:00,0,product_reco
E0002496,101475,S002496,2025-07-13 03:30:00,0,home_banner
E0002497,101476,S002497,2025-07-08 12:15:00,0,product_reco
E0002498,101477,S002498,2025-07-11 21:13:00,1,product_reco
E0002499,101477,S002499,2025-07-12 03:24:00,1,home_banner
E0002500,101477,S002500,2025-07-11 20:34:00,1,product_reco
E0002501,101478,S002501,2025-07-04 16:41:00,1,home_banner
E0002502,101479,S002502,2025-07-09 02:25:00,1,checkout_cta
E0002503,101479,S002503,2025-07-09 04:31:00,1,product_reco
E0002504,101480,S002504,2025-07-05 17:15:00,0,home_banner
E0002505,101480,S002505,2025-07-05 16:53:00,0,home_banner
E0002506,101480,S002506,2025-07-05 13:30:00,0,product_reco
E0002507,101481,S002507,2025-07-07 16:50:00,0,product_reco
E0002508,101482,S002508,2025-07-14 12:00:00,1,product_reco
E0002509,101482,S002509,2025-07-14 14:48:00,1,product_reco
E0002510,101483,S002510,2025-07-12 22:17:00,1,product_reco
E0002511,101483,S002511,2025-07-12 22:00:00,1,product_reco
E0002512,101484,S002512,2025-07-09 05:28:00,0,checkout_cta
E0002513,101484,S002513,2025-07-09 11:00:00,0,product_reco
E0002514,101484,S002514,2025-07-09 07:52:00,0,checkout_cta
E0002515,101485,S002515,2025-07-11 16:45:00,0,product_reco
E0002516,101486,S002516,2025-07-04 21:20:00,0,checkout_cta
E0002517,101486,S002517,2025-07-04 13:51:00,0,home_banner
E0002518,101487,S002518,2025-07-13 08:14:00,1,product_reco
E0002519,101487,S002519,2025-07-13 12:32:00,1,home_banner
E0002520,101488,S002520,2025-07-11 03:54:00,1,checkout_cta
E0002521,101488,S002521,2025-07-11 02:51:00,1,product_reco
E0002522,101489,S002522,2025-07-02 20:21:00,0,checkout_cta
E0002523,101489,S002523,2025-07-02 22:48:00,0,home_banner
E0002524,101490,S002524,2025-07-05 16:05:00,1,home_banner
E0002525,101491,S002525,2025-07-04 22:12:00,1,product_reco
E0002526,101491,S002526,2025-07-05 03:31:00,1,checkout_cta
E0002527,101491,S002527,2025-07-05 02:09:00,1,checkout_cta
E0002528,101492,S002528,2025-07-10 06:49:00,0,home_banner
E0002529,101492,S002529,2025-07-10 12:32:00,0,home_banner
E0002530,101492,S002530,2025-07-10 06:12:00,0,product_reco
E0002531,101493,S002531,2025-07-04 22:46:00,1,checkout_cta
E0002532,101494,S002532,2025-07-08 13:01:00,0,checkout_cta
E0002533,101494,S002533,2025-07-08 07:53:00,0,product_reco
E0002534,101495,S002534,2025-07-04 15:07:00,0,checkout_cta
E0002535,101496,S002535,2025-07-04 15:18:00,0,home_banner
E0002536,101496,S002536,2025-07-04 12:41:00,0,product_reco
E0002537,101496,S002537,2025-07-04 10:08:00,0,home_banner
E0002538,101497,S002538,2025-07-03 00:23:00,0,checkout_cta
E0002539,101498,S002539,2025-07-06 22:19:00,0,product_reco
E0002540,101499,S002540,2025-07-01 16:16:00,0,home_banner
E0002541,101499,S002541,2025-07-01 21:54:00,0,home_banner
E0002542,101500,S002542,2025-07-05 20:44:00,0,product_reco
E0002543,101501,S002543,2025-07-12 17:07:00,1,product_reco
E0002544,101501,S002544,2025-07-12 16:23:00,1,product_reco
E0002545,101501,S002545,2025-07-12 15:06:00,1,checkout_cta
E0002546,101502,S002546,2025-07-06 02:32:00,1,product_reco
E0002547,101502,S002547,2025-07-05 23:33:00,1,checkout_cta
E0002548,101503,S002548,2025-07-01 23:03:00,0,product_reco
E0002549,101503,S002549,2025-07-02 03:53:00,0,checkout_cta
E0002550,101503,S002550,2025-07-02 00:02:00,0,checkout_cta
E0002551,101504,S002551,2025-07-07 17:01:00,1,home_banner
E0002552,101504,S002552,2025-07-07 22:30:00,1,home_banner
E0002553,101504,S002553,2025-07-07 19:49:00,1,product_reco
E0002554,101505,S002554,2025-07-02 18:02:00,0,checkout_cta
E0002555,101505,S002555,2025-07-02 16:29:00,0,home_banner
E0002556,101505,S002556,2025-07-02 18:51:00,0,home_banner
E0002557,101506,S002557,2025-07-14 19:45:00,1,product_reco
E0002558,101506,S002558,2025-07-14 15:36:00,1,product_reco
E0002559,101507,S002559,2025-07-03 13:59:00,1,product_reco
E0002560,101507,S002560,2025-07-03 13:11:00,1,checkout_cta
E0002561,101508,S002561,2025-07-04 14:33:00,0,home_banner
E0002562,101509,S002562,2025-07-09 11:18:00,0,home_banner
E0002563,101510,S002563,2025-07-14 07:12:00,1,checkout_cta
E0002564,101511,S002564,2025-07-05 13:33:00,0,home_banner
E0002565,101511,S002565,2025-07-05 13:49:00,0,product_reco
E0002566,101512,S002566,2025-07-04 03:36:00,1,home_banner
E0002567,101512,S002567,2025-07-03 22:12:00,1,product_reco
E0002568,101513,S002568,2025-07-11 14:05:00,1,product_reco
E0002569,101514,S002569,2025-07-09 02:12:00,0,checkout_cta
E0002570,101514,S002570,2025-07-09 07:40:00,0,checkout_cta
E0002571,101515,S002571,2025-07-03 08:41:00,1,checkout_cta
E0002572,101515,S002572,2025-07-03 09:55:00,1,checkout_cta
E0002573,101516,S002573,2025-07-14 04:18:00,1,home_banner
E0002574,101517,S002574,2025-07-07 03:10:00,1,home_banner
E0002575,101517,S002575,2025-07-07 04:10:00,1,product_reco
E0002576,101517,S002576,2025-07-07 09:01:00,1,home_banner
E0002577,101518,S002577,2025-07-03 22:36:00,1,home_banner
E0002578,101519,S002578,2025-07-12 20:12:00,1,home_banner
E0002579,101519,S002579,2025-07-12 18:27:00,1,home_banner
E0002580,101520,S002580,2025-07-14 10:01:00,1,home_banner
E0002581,101520,S002581,2025-07-14 05:36:00,1,product_reco
E0002582,101521,S002582,2025-07-08 01:18:00,1,product_reco
E0002583,101522,S002583,2025-07-15 13:23:00,0,product_reco
E0002584,101522,S002584,2025-07-15 12:20:00,0,product_reco
E0002585,101523,S002585,2025-07-14 08:20:00,0,checkout_cta
E0002586,101523,S002586,2025-07-14 09:20:00,0,home_banner
E0002587,101524,S002587,2025-07-04 03:39:00,1,home_banner
E0002588,101525,S002588,2025-07-12 10:27:00,0,home_banner
E0002589,101525,S002589,2025-07-12 06:13:00,0,home_banner
E0002590,101526,S002590,2025-07-12 14:50:00,1,home_banner
E0002591,101527,S002591,2025-07-08 09:01:00,1,product_reco
E0002592,101527,S002592,2025-07-08 10:20:00,1,product_reco
E0002593,101527,S002593,2025-07-08 15:39:00,1,product_reco
E0002594,101528,S002594,2025-07-09 19:53:00,1,product_reco
E0002595,101528,S002595,2025-07-09 15:15:00,1,home_banner
E0002596,101529,S002596,2025-07-15 07:29:00,0,product_reco
E0002597,101529,S002597,2025-07-15 07:26:00,0,product_reco
E0002598,101530,S002598,2025-07-07 06:24:00,0,home_banner
E0002599,101530,S002599,2025-07-07 01:26:00,0,product_reco
E0002600,101531,S002600,2025-07-05 00:48:00,0,product_reco
E0002601,101531,S002601,2025-07-04 18:43:00,0,product_reco
E0002602,101532,S002602,2025-07-11 02:48:00,0,product_reco
E0002603,101532,S002603,2025-07-11 06:37:00,0,checkout_cta
E0002604,101533,S002604,2025-07-10 01:21:00,1,home_banner
E0002605,101533,S002605,2025-07-09 23:33:00,1,product_reco
E0002606,101534,S002606,2025-07-10 17:12:00,0,checkout_cta
E0002607,101535,S002607,2025-07-15 11:27:00,0,checkout_cta
E0002608,101535,S002608,2025-07-15 05:52:00,0,product_reco
E0002609,101535,S002609,2025-07-15 11:45:00,0,home_banner
E0002610,101536,S002610,2025-07-06 13:17:00,1,product_reco
E0002611,101536,S002611,2025-07-06 18:06:00,1,checkout_cta
E0002612,101537,S002612,2025-07-02 02:42:00,1,product_reco
E0002613,101538,S002613,2025-07-13 07:57:00,0,product_reco
E0002614,101538,S002614,2025-07-13 05:05:00,0,checkout_cta
E0002615,101539,S002615,2025-07-08 20:48:00,1,product_reco
E0002616,101540,S002616,2025-07-13 15:06:00,0,home_banner
E0002617,101541,S002617,2025-07-13 21:13:00,1,home_banner
E0002618,101542,S002618,2025-07-03 15:01:00,0,product_reco
E0002619,101542,S002619,2025-07-03 19:20:00,0,checkout_cta
E0002620,101543,S002620,2025-07-06 02:29:00,1,home_banner
E0002621,101543,S002621,2025-07-06 03:00:00,1,product_reco
E0002622,101543,S002622,2025-07-06 04:21:00,1,product_reco
E0002623,101544,S002623,2025-07-12 09:11:00,0,product_reco
E0002624,101545,S002624,2025-07-01 15:27:00,0,product_reco
E0002625,101546,S002625,2025-07-13 01:11:00,1,home_banner
E0002626,101546,S002626,2025-07-13 04:14:00,1,product_reco
E0002627,101546,S002627,2025-07-12 23:48:00,1,home_banner
E0002628,101547,S002628,2025-07-15 09:04:00,1,home_banner
E0002629,101548,S002629,2025-07-07 19:37:00,0,product_reco
E0002630,101548,S002630,2025-07-07 23:13:00,0,home_banner
E0002631,101548,S002631,2025-07-07 17:13:00,0,home_banner
E0002632,101549,S002632,2025-07-03 06:39:00,0,product_reco
E0002633,101550,S002633,2025-07-05 07:30:00,0,product_reco
E0002634,101550,S002634,2025-07-05 09:42:00,0,checkout_cta
E0002635,101550,S002635,2025-07-05 07:58:00,0,product_reco
E0002636,101551,S002636,2025-07-03 08:57:00,0,home_banner
E0002637,101552,S002637,2025-07-07 04:50:00,1,home_banner
E0002638,101553,S002638,2025-07-08 00:50:00,1,checkout_cta
E0002639,101553,S002639,2025-07-08 05:33:00,1,home_banner
E0002640,101553,S002640,2025-07-07 23:13:00,1,checkout_cta
E0002641,101554,S002641,2025-07-13 08:21:00,0,checkout_cta
E0002642,101554,S002642,2025-07-13 09:09:00,0,home_banner
E0002643,101555,S002643,2025-07-09 13:12:00,0,product_reco
E0002644,101556,S002644,2025-07-02 21:52:00,0,checkout_cta
E0002645,101557,S002645,2025-07-04 19:27:00,0,checkout_cta
E0002646,101558,S002646,2025-07-13 12:12:00,0,home_banner
E0002647,101559,S002647,2025-07-02 12:10:00,0,home_banner
E0002648,101559,S002648,2025-07-02 12:51:00,0,product_reco
E0002649,101560,S002649,2025-07-13 01:01:00,1,home_banner
E0002650,101560,S002650,2025-07-13 07:17:00,1,checkout_cta
E0002651,101561,S002651,2025-07-02 11:23:00,0,home_banner
E0002652,101562,S002652,2025-07-05 16:45:00,1,product_reco
E0002653,101563,S002653,2025-07-12 15:33:00,1,checkout_cta
E0002654,101563,S002654,2025-07-12 15:31:00,1,home_banner
E0002655,101564,S002655,2025-07-09 18:10:00,1,home_banner
E0002656,101564,S002656,2025-07-09 19:37:00,1,product_reco
E0002657,101564,S002657,2025-07-09 19:37:00,1,product_reco
E0002658,101565,S002658,2025-07-07 22:06:00,1,product_reco
E0002659,101566,S002659,2025-07-07 02:47:00,0,home_banner
E0002660,101566,S002660,2025-07-07 01:12:00,0,home_banner
E0002661,101567,S002661,2025-07-06 11:32:00,1,product_reco
E0002662,101567,S002662,2025-07-06 07:09:00,1,product_reco
E0002663,101568,S002663,2025-07-01 17:07:00,1,home_banner
E0002664,101568,S002664,2025-07-01 11:11:00,1,home_banner
E0002665,101569,S002665,2025-07-03 12:07:00,0,home_banner
E0002666,101569,S002666,2025-07-03 18:23:00,0,product_reco
E0002667,101570,S002667,2025-07-06 23:01:00,0,checkout_cta
E0002668,101570,S002668,2025-07-06 20:50:00,0,product_reco
E0002669,101570,S002669,2025-07-07 03:35:00,0,product_reco
E0002670,101571,S002670,2025-07-05 11:24:00,0,checkout_cta
E0002671,101572,S002671,2025-07-06 15:00:00,0,checkout_cta
E0002672,101572,S002672,2025-07-06 15:56:00,0,product_reco
E0002673,101573,S002673,2025-07-11 11:23:00,1,checkout_cta
E0002674,101573,S002674,2025-07-11 10:37:00,1,checkout_cta
E0002675,101574,S002675,2025-07-07 23:48:00,0,product_reco
E0002676,101575,S002676,2025-07-05 06:42:00,1,checkout_cta
E0002677,101575,S002677,2025-07-05 12:12:00,1,checkout_cta
E0002678,101576,S002678,2025-07-04 22:39:00,0,product_reco
E0002679,101576,S002679,2025-07-05 00:21:00,0,checkout_cta
E0002680,101577,S002680,2025-07-09 19:13:00,1,checkout_cta
E0002681,101578,S002681,2025-07-09 23:24:00,0,home_banner
E0002682,101578,S002682,2025-07-10 04:04:00,0,product_reco
E0002683,101579,S002683,2025-07-12 00:25:00,1,checkout_cta
E0002684,101579,S002684,2025-07-11 21:45:00,1,home_banner
E0002685,101580,S002685,2025-07-15 07:26:00,1,checkout_cta
E0002686,101581,S002686,2025-07-09 03:54:00,1,checkout_cta
E0002687,101582,S002687,2025-07-06 23:50:00,1,product_reco
E0002688,101582,S002688,2025-07-06 17:13:00,1,checkout_cta
E0002689,101582,S002689,2025-07-06 17:24:00,1,product_reco
E0002690,101583,S002690,2025-07-02 05:16:00,0,checkout_cta
E0002691,101583,S002691,2025-07-02 04:13:00,0,checkout_cta
E0002692,101583,S002692,2025-07-02 03:09:00,0,home_banner
E0002693,101584,S002693,2025-07-13 06:12:00,1,home_banner
E0002694,101585,S002694,2025-07-05 12:25:00,0,product_reco
E0002695,101585,S002695,2025-07-05 11:39:00,0,checkout_cta
E0002696,101586,S002696,2025-07-05 21:58:00,0,home_banner
E0002697,101586,S002697,2025-07-06 01:29:00,0,product_reco
E0002698,101587,S002698,2025-07-14 14:44:00,0,home_banner
E0002699,101587,S002699,2025-07-14 07:34:00,0,home_banner
E0002700,101587,S002700,2025-07-14 12:38:00,0,checkout_cta
E0002701,101588,S002701,2025-07-08 10:37:00,1,checkout_cta
E0002702,101588,S002702,2025-07-08 09:07:00,1,product_reco
E0002703,101589,S002703,2025-07-01 11:42:00,0,home_banner
E0002704,101589,S002704,2025-07-01 12:59:00,0,home_banner
E0002705,101589,S002705,2025-07-01 10:55:00,0,checkout_cta
E0002706,101590,S002706,2025-07-12 02:40:00,0,home_banner
E0002707,101590,S002707,2025-07-12 03:29:00,0,home_banner
E0002708,101591,S002708,2025-07-01 18:32:00,1,product_reco
E0002709,101591,S002709,2025-07-01 17:11:00,1,checkout_cta
E0002710,101592,S002710,2025-07-03 21:19:00,0,home_banner
E0002711,101592,S002711,2025-07-03 21:51:00,0,product_reco
E0002712,101593,S002712,2025-07-13 00:35:00,0,home_banner
E0002713,101593,S002713,2025-07-13 04:09:00,0,home_banner
E0002714,101594,S002714,2025-07-06 17:22:00,0,product_reco
E0002715,101595,S002715,2025-07-04 06:26:00,0,home_banner
E0002716,101596,S002716,2025-07-02 23:59:00,0,product_reco
E0002717,101596,S002717,2025-07-02 23:48:00,0,checkout_cta
E0002718,101597,S002718,2025-07-13 19:18:00,0,home_banner
E0002719,101598,S002719,2025-07-13 06:36:00,1,product_reco
E0002720,101599,S002720,2025-07-13 14:08:00,1,checkout_cta
E0002721,101600,S002721,2025-07-11 17:08:00,1,home_banner
E0002722,101601,S002722,2025-07-13 16:04:00,0,product_reco
E0002723,101602,S002723,2025-07-04 10:31:00,0,checkout_cta
E0002724,101602,S002724,2025-07-04 10:37:00,0,product_reco
E0002725,101603,S002725,2025-07-10 02:16:00,1,product_reco
E0002726,101604,S002726,2025-07-10 06:32:00,0,product_reco
E0002727,101605,S002727,2025-07-12 05:44:00,1,checkout_cta
E0002728,101606,S002728,2025-07-05 03:53:00,1,checkout_cta
E0002729,101607,S002729,2025-07-14 07:34:00,1,checkout_cta
E0002730,101608,S002730,2025-07-02 08:33:00,1,product_reco
E0002731,101609,S002731,2025-07-02 12:44:00,0,product_reco
E0002732,101610,S002732,2025-07-12 22:35:00,0,home_banner
E0002733,101610,S002733,2025-07-12 21:12:00,0,home_banner
E0002734,101611,S002734,2025-07-05 04:11:00,0,product_reco
E0002735,101612,S002735,2025-07-11 06:12:00,0,home_banner
E0002736,101613,S002736,2025-07-03 02:14:00,0,home_banner
E0002737,101614,S002737,2025-07-02 05:50:00,1,home_banner
E0002738,101615,S002738,2025-07-14 17:18:00,1,checkout_cta
E0002739,101615,S002739,2025-07-14 16:30:00,1,product_reco
E0002740,101616,S002740,2025-07-03 14:50:00,1,product_reco
E0002741,101616,S002741,2025-07-03 13:06:00,1,product_reco
E0002742,101616,S002742,2025-07-03 11:38:00,1,checkout_cta
E0002743,101617,S002743,2025-07-04 20:46:00,0,product_reco
E0002744,101618,S002744,2025-07-09 12:59:00,0,home_banner
E0002745,101618,S002745,2025-07-09 06:47:00,0,product_reco
E0002746,101618,S002746,2025-07-09 08:09:00,0,home_banner
E0002747,101619,S002747,2025-07-05 10:45:00,0,checkout_cta
E0002748,101619,S002748,2025-07-05 05:37:00,0,home_banner
E0002749,101620,S002749,2025-07-12 09:37:00,1,product_reco
E0002750,101620,S002750,2025-07-12 13:19:00,1,product_reco
E0002751,101621,S002751,2025-07-07 18:34:00,0,product_reco
E0002752,101622,S002752,2025-07-14 05:23:00,0,product_reco
E0002753,101622,S002753,2025-07-14 05:52:00,0,home_banner
E0002754,101623,S002754,2025-07-08 03:30:00,0,product_reco
E0002755,101623,S002755,2025-07-08 02:22:00,0,home_banner
E0002756,101624,S002756,2025-07-15 11:28:00,1,home_banner
E0002757,101624,S002757,2025-07-15 06:34:00,1,home_banner
E0002758,101624,S002758,2025-07-15 05:07:00,1,checkout_cta
E0002759,101625,S002759,2025-07-13 21:06:00,1,product_reco
E0002760,101626,S002760,2025-07-10 13:14:00,0,product_reco
E0002761,101626,S002761,2025-07-10 12:18:00,0,home_banner
E0002762,101627,S002762,2025-07-12 18:13:00,0,home_banner
E0002763,101627,S002763,2025-07-12 17:47:00,0,product_reco
E0002764,101628,S002764,2025-07-01 22:03:00,0,product_reco
E0002765,101628,S002765,2025-07-01 23:25:00,0,checkout_cta
E0002766,101629,S002766,2025-07-08 20:40:00,0,home_banner
E0002767,101629,S002767,2025-07-08 20:28:00,0,checkout_cta
E0002768,101630,S002768,2025-07-02 07:20:00,0,checkout_cta
E0002769,101630,S002769,2025-07-02 07:08:00,0,product_reco
E0002770,101630,S002770,2025-07-02 03:35:00,0,home_banner
E0002771,101631,S002771,2025-07-05 04:24:00,1,home_banner
E0002772,101632,S002772,2025-07-07 05:32:00,1,product_reco
E0002773,101633,S002773,2025-07-06 23:41:00,0,product_reco
E0002774,101633,S002774,2025-07-07 01:10:00,0,product_reco
E0002775,101634,S002775,2025-07-01 22:01:00,0,checkout_cta
E0002776,101635,S002776,2025-07-05 12:49:00,0,product_reco
E0002777,101635,S002777,2025-07-05 08:30:00,0,home_banner
E0002778,101636,S002778,2025-07-11 14:48:00,1,home_banner
E0002779,101637,S002779,2025-07-14 13:35:00,1,checkout_cta
E0002780,101638,S002780,2025-07-15 04:54:00,0,product_reco
E0002781,101639,S002781,2025-07-02 16:30:00,1,product_reco
E0002782,101639,S002782,2025-07-02 18:00:00,1,product_reco
E0002783,101640,S002783,2025-07-05 03:46:00,0,home_banner
E0002784,101641,S002784,2025-07-09 11:16:00,1,checkout_cta
E0002785,101642,S002785,2025-07-14 17:57:00,1,checkout_cta
E0002786,101643,S002786,2025-07-10 03:05:00,1,product_reco
E0002787,101644,S002787,2025-07-01 20:17:00,1,home_banner
E0002788,101644,S002788,2025-07-01 17:04:00,1,product_reco
E0002789,101645,S002789,2025-07-08 10:08:00,0,product_reco
E0002790,101646,S002790,2025-07-10 04:23:00,0,home_banner
E0002791,101647,S002791,2025-07-04 21:21:00,0,product_reco
E0002792,101648,S002792,2025-07-03 22:43:00,1,checkout_cta
E0002793,101648,S002793,2025-07-03 21:24:00,1,checkout_cta
E0002794,101649,S002794,2025-07-06 05:08:00,0,product_reco
E0002795,101649,S002795,2025-07-05 22:20:00,0,checkout_cta
E0002796,101649,S002796,2025-07-06 00:46:00,0,home_banner
E0002797,101650,S002797,2025-07-11 05:13:00,0,home_banner
E0002798,101650,S002798,2025-07-11 09:51:00,0,product_reco
E0002799,101650,S002799,2025-07-11 07:36:00,0,home_banner
E0002800,101651,S002800,2025-07-09 01:09:00,0,product_reco
E0002801,101652,S002801,2025-07-11 17:02:00,0,home_banner
E0002802,101653,S002802,2025-07-10 09:14:00,0,product_reco
E0002803,101653,S002803,2025-07-10 11:39:00,0,home_banner
E0002804,101654,S002804,2025-07-11 09:48:00,1,home_banner
E0002805,101654,S002805,2025-07-11 13:11:00,1,checkout_cta
E0002806,101654,S002806,2025-07-11 14:41:00,1,product_reco
E0002807,101655,S002807,2025-07-10 12:39:00,1,home_banner
E0002808,101656,S002808,2025-07-01 17:28:00,1,product_reco
E0002809,101656,S002809,2025-07-01 18:03:00,1,product_reco
E0002810,101657,S002810,2025-07-02 16:18:00,0,checkout_cta
E0002811,101658,S002811,2025-07-09 22:18:00,1,checkout_cta
E0002812,101659,S002812,2025-07-04 22:51:00,1,home_banner
E0002813,101660,S002813,2025-07-03 01:32:00,1,home_banner
E0002814,101660,S002814,2025-07-02 19:17:00,1,home_banner
E0002815,101661,S002815,2025-07-08 21:07:00,0,checkout_cta
E0002816,101662,S002816,2025-07-10 08:48:00,0,product_reco
E0002817,101663,S002817,2025-07-08 05:49:00,0,product_reco
E0002818,101664,S002818,2025-07-12 13:51:00,1,product_reco
E0002819,101665,S002819,2025-07-07 10:06:00,0,product_reco
E0002820,101665,S002820,2025-07-07 14:05:00,0,product_reco
E0002821,101666,S002821,2025-07-09 04:36:00,0,home_banner
E0002822,101667,S002822,2025-07-06 17:56:00,1,home_banner
E0002823,101667,S002823,2025-07-06 13:15:00,1,checkout_cta
E0002824,101667,S002824,2025-07-06 18:20:00,1,product_reco
E0002825,101668,S002825,2025-07-15 10:47:00,0,checkout_cta
E0002826,101669,S002826,2025-07-03 19:31:00,1,product_reco
E0002827,101669,S002827,2025-07-03 18:43:00,1,checkout_cta
E0002828,101670,S002828,2025-07-06 19:01:00,1,product_reco
E0002829,101671,S002829,2025-07-05 19:14:00,1,checkout_cta
E0002830,101672,S002830,2025-07-06 11:38:00,1,checkout_cta
E0002831,101672,S002831,2025-07-06 09:57:00,1,product_reco
E0002832,101672,S002832,2025-07-06 08:18:00,1,product_reco
E0002833,101673,S002833,2025-07-12 09:21:00,1,product_reco
E0002834,101674,S002834,2025-07-02 02:18:00,1,home_banner
E0002835,101674,S002835,2025-07-02 01:04:00,1,product_reco
E0002836,101675,S002836,2025-07-05 21:01:00,1,checkout_cta
E0002837,101675,S002837,2025-07-05 15:35:00,1,checkout_cta
E0002838,101675,S002838,2025-07-05 21:23:00,1,product_reco
E0002839,101676,S002839,2025-07-12 06:18:00,0,checkout_cta
E0002840,101677,S002840,2025-07-02 05:24:00,0,checkout_cta
E0002841,101678,S002841,2025-07-13 01:57:00,0,checkout_cta
E0002842,101679,S002842,2025-07-04 07:56:00,0,checkout_cta
E0002843,101680,S002843,2025-07-05 19:47:00,0,product_reco
E0002844,101680,S002844,2025-07-05 22:42:00,0,checkout_cta
E0002845,101680,S002845,2025-07-05 14:56:00,0,product_reco
E0002846,101681,S002846,2025-07-09 12:27:00,1,checkout_cta
E0002847,101681,S002847,2025-07-09 17:21:00,1,product_reco
E0002848,101682,S002848,2025-07-09 05:19:00,1,checkout_cta
E0002849,101683,S002849,2025-07-13 19:01:00,1,home_banner
E0002850,101683,S002850,2025-07-13 16:41:00,1,home_banner
E0002851,101684,S002851,2025-07-05 19:33:00,1,product_reco
E0002852,101684,S002852,2025-07-05 19:00:00,1,home_banner
E0002853,101685,S002853,2025-07-02 08:49:00,0,product_reco
E0002854,101685,S002854,2025-07-02 05:44:00,0,home_banner
E0002855,101686,S002855,2025-07-12 06:06:00,0,checkout_cta
E0002856,101687,S002856,2025-07-12 14:32:00,0,home_banner
E0002857,101687,S002857,2025-07-12 11:24:00,0,home_banner
E0002858,101688,S002858,2025-07-11 21:58:00,1,home_banner
E0002859,101689,S002859,2025-07-10 03:36:00,0,product_reco
E0002860,101690,S002860,2025-07-12 20:38:00,0,product_reco
E0002861,101691,S002861,2025-07-14 15:18:00,0,checkout_cta
E0002862,101691,S002862,2025-07-14 15:51:00,0,product_reco
E0002863,101692,S002863,2025-07-04 16:42:00,0,product_reco
E0002864,101693,S002864,2025-07-02 04:12:00,0,product_reco
E0002865,101693,S002865,2025-07-02 06:24:00,0,checkout_cta
E0002866,101694,S002866,2025-07-02 07:55:00,0,product_reco
E0002867,101695,S002867,2025-07-11 14:16:00,1,product_reco
E0002868,101696,S002868,2025-07-07 12:11:00,1,home_banner
E0002869,101696,S002869,2025-07-07 12:11:00,1,product_reco
E0002870,101696,S002870,2025-07-07 09:48:00,1,checkout_cta
E0002871,101697,S002871,2025-07-04 12:40:00,0,product_reco
E0002872,101698,S002872,2025-07-11 01:10:00,0,product_reco
E0002873,101699,S002873,2025-07-02 10:00:00,0,product_reco
E0002874,101700,S002874,2025-07-13 07:43:00,0,product_reco
E0002875,101700,S002875,2025-07-13 11:51:00,0,home_banner
E0002876,101701,S002876,2025-07-15 09:35:00,0,product_reco
E0002877,101702,S002877,2025-07-07 13:16:00,0,product_reco
E0002878,101702,S002878,2025-07-07 11:52:00,0,home_banner
E0002879,101703,S002879,2025-07-12 20:35:00,1,product_reco
E0002880,101704,S002880,2025-07-12 07:56:00,1,checkout_cta
E0002881,101705,S002881,2025-07-15 06:26:00,0,checkout_cta
E0002882,101705,S002882,2025-07-15 12:42:00,0,home_banner
E0002883,101706,S002883,2025-07-08 01:12:00,0,product_reco
E0002884,101706,S002884,2025-07-08 03:40:00,0,checkout_cta
E0002885,101707,S002885,2025-07-14 20:49:00,0,home_banner
E0002886,101707,S002886,2025-07-14 21:09:00,0,checkout_cta
E0002887,101708,S002887,2025-07-15 13:19:00,1,home_banner
E0002888,101708,S002888,2025-07-15 14:00:00,1,checkout_cta
E0002889,101709,S002889,2025-07-14 14:08:00,1,product_reco
E0002890,101710,S002890,2025-07-12 20:08:00,1,product_reco
E0002891,101710,S002891,2025-07-12 15:10:00,1,home_banner
E0002892,101711,S002892,2025-07-02 16:28:00,0,product_reco
E0002893,101712,S002893,2025-07-12 19:23:00,0,product_reco
E0002894,101712,S002894,2025-07-12 15:04:00,0,product_reco
E0002895,101713,S002895,2025-07-10 17:39:00,0,home_banner
E0002896,101714,S002896,2025-07-09 14:53:00,0,home_banner
E0002897,101714,S002897,2025-07-09 19:11:00,0,product_reco
E0002898,101714,S002898,2025-07-09 17:47:00,0,product_reco
E0002899,101715,S002899,2025-07-01 17:03:00,0,product_reco
E0002900,101715,S002900,2025-07-01 19:35:00,0,product_reco
E0002901,101716,S002901,2025-07-01 21:00:00,1,checkout_cta
E0002902,101716,S002902,2025-07-01 17:09:00,1,home_banner
E0002903,101717,S002903,2025-07-10 23:55:00,0,product_reco
E0002904,101718,S002904,2025-07-08 20:02:00,0,home_banner
E0002905,101718,S002905,2025-07-08 19:38:00,0,checkout_cta
E0002906,101718,S002906,2025-07-08 22:56:00,0,checkout_cta
E0002907,101719,S002907,2025-07-08 04:16:00,0,checkout_cta
E0002908,101720,S002908,2025-07-03 20:48:00,0,checkout_cta
E0002909,101720,S002909,2025-07-03 19:23:00,0,home_banner
E0002910,101720,S002910,2025-07-03 20:56:00,0,product_reco
E0002911,101721,S002911,2025-07-11 01:46:00,1,home_banner
E0002912,101722,S002912,2025-07-14 19:26:00,0,checkout_cta
E0002913,101723,S002913,2025-07-09 03:31:00,0,product_reco
E0002914,101724,S002914,2025-07-02 10:42:00,1,checkout_cta
E0002915,101725,S002915,2025-07-06 18:19:00,0,home_banner
E0002916,101725,S002916,2025-07-06 19:52:00,0,product_reco
E0002917,101725,S002917,2025-07-06 19:19:00,0,product_reco
E0002918,101726,S002918,2025-07-09 05:03:00,0,checkout_cta
E0002919,101726,S002919,2025-07-09 04:15:00,0,home_banner
E0002920,101727,S002920,2025-07-04 07:20:00,1,product_reco
E0002921,101728,S002921,2025-07-07 08:45:00,1,home_banner
E0002922,101728,S002922,2025-07-07 04:53:00,1,home_banner
E0002923,101728,S002923,2025-07-07 02:04:00,1,product_reco
E0002924,101729,S002924,2025-07-12 07:59:00,1,checkout_cta
E0002925,101729,S002925,2025-07-12 05:27:00,1,checkout_cta
E0002926,101730,S002926,2025-07-04 02:17:00,1,checkout_cta
E0002927,101730,S002927,2025-07-04 07:30:00,1,product_reco
E0002928,101731,S002928,2025-07-03 12:57:00,0,checkout_cta
E0002929,101731,S002929,2025-07-03 16:35:00,0,product_reco
E0002930,101732,S002930,2025-07-10 19:06:00,1,product_reco
E0002931,101733,S002931,2025-07-06 04:13:00,1,home_banner
E0002932,101734,S002932,2025-07-05 02:11:00,0,product_reco
E0002933,101734,S002933,2025-07-05 02:00:00,0,home_banner
E0002934,101734,S002934,2025-07-04 22:35:00,0,product_reco
E0002935,101735,S002935,2025-07-13 22:06:00,0,home_banner
E0002936,101735,S002936,2025-07-14 04:30:00,0,home_banner
E0002937,101735,S002937,2025-07-13 22:34:00,0,checkout_cta
E0002938,101736,S002938,2025-07-06 08:22:00,0,product_reco
E0002939,101736,S002939,2025-07-06 09:48:00,0,product_reco
E0002940,101737,S002940,2025-07-02 15:50:00,0,home_banner
E0002941,101738,S002941,2025-07-14 12:06:00,0,home_banner
E0002942,101738,S002942,2025-07-14 12:08:00,0,product_reco
E0002943,101739,S002943,2025-07-03 12:58:00,0,product_reco
E0002944,101739,S002944,2025-07-03 14:58:00,0,product_reco
E0002945,101740,S002945,2025-07-13 14:03:00,0,checkout_cta
E0002946,101740,S002946,2025-07-13 14:02:00,0,product_reco
E0002947,101741,S002947,2025-07-01 15:32:00,0,product_reco
E0002948,101741,S002948,2025-07-01 15:57:00,0,home_banner
E0002949,101742,S002949,2025-07-06 12:17:00,0,home_banner
E0002950,101742,S002950,2025-07-06 11:51:00,0,product_reco
E0002951,101743,S002951,2025-07-05 13:22:00,1,product_reco
E0002952,101744,S002952,2025-07-14 22:41:00,1,product_reco
E0002953,101744,S002953,2025-07-14 23:45:00,1,checkout_cta
E0002954,101745,S002954,2025-07-12 18:56:00,1,home_banner
E0002955,101745,S002955,2025-07-12 18:55:00,1,checkout_cta
E0002956,101746,S002956,2025-07-07 08:53:00,0,home_banner
E0002957,101747,S002957,2025-07-08 05:40:00,0,home_banner
E0002958,101748,S002958,2025-07-05 03:51:00,0,product_reco
E0002959,101748,S002959,2025-07-05 02:11:00,0,home_banner
E0002960,101749,S002960,2025-07-13 02:02:00,1,home_banner
E0002961,101749,S002961,2025-07-13 01:02:00,1,product_reco
E0002962,101749,S002962,2025-07-13 05:32:00,1,checkout_cta
E0002963,101750,S002963,2025-07-09 05:52:00,0,home_banner
E0002964,101750,S002964,2025-07-09 05:34:00,0,home_banner
E0002965,101751,S002965,2025-07-03 10:25:00,0,checkout_cta
E0002966,101751,S002966,2025-07-03 16:07:00,0,home_banner
E0002967,101751,S002967,2025-07-03 13:59:00,0,home_banner
E0002968,101752,S002968,2025-07-05 02:43:00,0,product_reco
E0002969,101752,S002969,2025-07-05 05:28:00,0,product_reco
E0002970,101753,S002970,2025-07-12 00:54:00,1,product_reco
E0002971,101754,S002971,2025-07-11 09:40:00,1,home_banner
E0002972,101754,S002972,2025-07-11 06:06:00,1,product_reco
E0002973,101755,S002973,2025-07-14 07:12:00,0,product_reco
E0002974,101756,S002974,2025-07-04 06:57:00,1,checkout_cta
E0002975,101757,S002975,2025-07-04 23:07:00,1,home_banner
E0002976,101758,S002976,2025-07-07 23:16:00,1,home_banner
E0002977,101758,S002977,2025-07-07 20:51:00,1,checkout_cta
E0002978,101759,S002978,2025-07-12 07:42:00,1,home_banner
E0002979,101759,S002979,2025-07-12 06:26:00,1,home_banner
E0002980,101760,S002980,2025-07-11 14:33:00,0,product_reco
E0002981,101761,S002981,2025-07-09 14:34:00,0,product_reco
E0002982,101762,S002982,2025-07-14 08:34:00,0,home_banner
E0002983,101762,S002983,2025-07-14 08:56:00,0,product_reco
E0002984,101762,S002984,2025-07-14 13:03:00,0,checkout_cta
E0002985,101763,S002985,2025-07-06 19:26:00,1,product_reco
E0002986,101764,S002986,2025-07-11 09:23:00,0,checkout_cta
E0002987,101765,S002987,2025-07-13 04:05:00,1,product_reco
E0002988,101765,S002988,2025-07-13 07:59:00,1,home_banner
E0002989,101766,S002989,2025-07-03 17:22:00,0,product_reco
E0002990,101766,S002990,2025-07-03 15:33:00,0,product_reco
E0002991,101767,S002991,2025-07-08 15:36:00,0,home_banner
E0002992,101767,S002992,2025-07-08 19:03:00,0,product_reco
E0002993,101767,S002993,2025-07-08 13:45:00,0,home_banner
E0002994,101768,S002994,2025-07-09 17:48:00,0,home_banner
E0002995,101768,S002995,2025-07-09 19:34:00,0,home_banner
E0002996,101769,S002996,2025-07-04 04:57:00,0,home_banner
E0002997,101769,S002997,2025-07-04 11:21:00,0,checkout_cta
E0002998,101770,S002998,2025-07-10 08:31:00,1,product_reco
E0002999,101771,S002999,2025-07-14 12:18:00,1,product_reco
E0003000,101772,S003000,2025-07-03 09:47:00,1,home_banner
E0003001,101773,S003001,2025-07-07 20:30:00,1,product_reco
E0003002,101774,S003002,2025-07-05 14:24:00,0,home_banner
E0003003,101774,S003003,2025-07-05 09:30:00,0,product_reco
E0003004,101775,S003004,2025-07-05 00:44:00,0,product_reco
E0003005,101776,S003005,2025-07-06 05:16:00,1,checkout_cta
E0003006,101776,S003006,2025-07-06 05:11:00,1,product_reco
E0003007,101777,S003007,2025-07-04 03:24:00,0,checkout_cta
E0003008,101778,S003008,2025-07-09 18:51:00,0,product_reco
E0003009,101778,S003009,2025-07-09 23:43:00,0,product_reco
E0003010,101779,S003010,2025-07-07 15:40:00,1,home_banner
E0003011,101779,S003011,2025-07-07 14:52:00,1,home_banner
E0003012,101780,S003012,2025-07-03 19:50:00,0,home_banner
E0003013,101780,S003013,2025-07-03 15:38:00,0,home_banner
E0003014,101781,S003014,2025-07-05 04:30:00,1,checkout_cta
E0003015,101781,S003015,2025-07-05 00:52:00,1,product_reco
E0003016,101781,S003016,2025-07-05 03:38:00,1,home_banner
E0003017,101782,S003017,2025-07-04 13:49:00,0,home_banner
E0003018,101783,S003018,2025-07-07 11:48:00,1,product_reco
E0003019,101783,S003019,2025-07-07 10:55:00,1,checkout_cta
E0003020,101784,S003020,2025-07-06 19:22:00,0,home_banner
E0003021,101785,S003021,2025-07-02 00:55:00,0,checkout_cta
E0003022,101786,S003022,2025-07-04 03:50:00,1,product_reco
E0003023,101787,S003023,2025-07-14 05:43:00,1,product_reco
E0003024,101787,S003024,2025-07-14 01:33:00,1,checkout_cta
E0003025,101787,S003025,2025-07-13 21:56:00,1,home_banner
E0003026,101788,S003026,2025-07-08 13:47:00,1,checkout_cta
E0003027,101788,S003027,2025-07-08 07:43:00,1,home_banner
E0003028,101788,S003028,2025-07-08 08:31:00,1,home_banner
E0003029,101789,S003029,2025-07-08 04:06:00,1,home_banner
E0003030,101789,S003030,2025-07-08 02:35:00,1,home_banner
E0003031,101790,S003031,2025-07-13 07:36:00,1,product_reco
E0003032,101790,S003032,2025-07-13 06:45:00,1,checkout_cta
E0003033,101791,S003033,2025-07-01 22:45:00,1,product_reco
E0003034,101791,S003034,2025-07-01 22:08:00,1,product_reco
E0003035,101792,S003035,2025-07-07 13:39:00,0,product_reco
E0003036,101792,S003036,2025-07-07 12:29:00,0,home_banner
E0003037,101793,S003037,2025-07-10 14:51:00,0,home_banner
E0003038,101794,S003038,2025-07-14 07:48:00,0,checkout_cta
E0003039,101795,S003039,2025-07-11 15:45:00,0,product_reco
E0003040,101796,S003040,2025-07-15 06:08:00,1,product_reco
E0003041,101796,S003041,2025-07-15 02:07:00,1,home_banner
E0003042,101797,S003042,2025-07-02 06:16:00,1,product_reco
E0003043,101797,S003043,2025-07-02 04:17:00,1,home_banner
E0003044,101798,S003044,2025-07-08 19:00:00,0,checkout_cta
E0003045,101798,S003045,2025-07-08 22:18:00,0,home_banner
E0003046,101799,S003046,2025-07-03 11:23:00,1,home_banner
E0003047,101799,S003047,2025-07-03 15:16:00,1,home_banner
E0003048,101800,S003048,2025-07-11 13:46:00,0,product_reco
E0003049,101800,S003049,2025-07-11 12:03:00,0,product_reco
E0003050,101801,S003050,2025-07-05 21:23:00,0,product_reco
E0003051,101801,S003051,2025-07-05 18:09:00,0,product_reco
E0003052,101802,S003052,2025-07-15 03:36:00,0,product_reco
E0003053,101803,S003053,2025-07-10 18:23:00,0,home_banner
E0003054,101804,S003054,2025-07-08 11:50:00,1,home_banner
E0003055,101804,S003055,2025-07-08 17:09:00,1,product_reco
E0003056,101805,S003056,2025-07-15 08:15:00,1,product_reco
E0003057,101805,S003057,2025-07-15 12:31:00,1,checkout_cta
E0003058,101806,S003058,2025-07-07 07:24:00,1,product_reco
E0003059,101807,S003059,2025-07-14 23:49:00,1,product_reco
E0003060,101808,S003060,2025-07-13 10:24:00,0,checkout_cta
E0003061,101809,S003061,2025-07-01 16:02:00,1,checkout_cta
E0003062,101809,S003062,2025-07-01 18:52:00,1,home_banner
E0003063,101810,S003063,2025-07-14 21:49:00,1,product_reco
E0003064,101810,S003064,2025-07-14 19:24:00,1,home_banner
E0003065,101811,S003065,2025-07-05 08:50:00,1,checkout_cta
E0003066,101812,S003066,2025-07-05 10:52:00,1,home_banner
E0003067,101813,S003067,2025-07-09 10:18:00,0,product_reco
E0003068,101813,S003068,2025-07-09 11:26:00,0,checkout_cta
E0003069,101814,S003069,2025-07-01 15:02:00,0,product_reco
E0003070,101815,S003070,2025-07-05 00:29:00,0,home_banner
E0003071,101815,S003071,2025-07-05 03:44:00,0,product_reco
E0003072,101815,S003072,2025-07-05 04:24:00,0,home_banner
E0003073,101816,S003073,2025-07-04 00:05:00,1,home_banner
E0003074,101817,S003074,2025-07-14 15:01:00,1,home_banner
E0003075,101817,S003075,2025-07-14 17:45:00,1,home_banner
E0003076,101817,S003076,2025-07-14 13:23:00,1,product_reco
E0003077,101818,S003077,2025-07-06 07:26:00,1,home_banner
E0003078,101818,S003078,2025-07-06 08:34:00,1,product_reco
E0003079,101819,S003079,2025-07-14 09:19:00,1,home_banner
E0003080,101820,S003080,2025-07-12 04:07:00,0,checkout_cta
E0003081,101820,S003081,2025-07-12 03:38:00,0,checkout_cta
E0003082,101821,S003082,2025-07-08 23:02:00,0,home_banner
E0003083,101821,S003083,2025-07-08 23:29:00,0,home_banner
E0003084,101821,S003084,2025-07-08 20:53:00,0,checkout_cta
E0003085,101822,S003085,2025-07-01 23:11:00,0,home_banner
E0003086,101823,S003086,2025-07-12 12:18:00,1,product_reco
E0003087,101823,S003087,2025-07-12 07:03:00,1,checkout_cta
E0003088,101824,S003088,2025-07-03 00:44:00,1,home_banner
E0003089,101824,S003089,2025-07-03 01:59:00,1,checkout_cta
E0003090,101825,S003090,2025-07-03 10:26:00,0,product_reco
E0003091,101826,S003091,2025-07-14 08:43:00,1,product_reco
E0003092,101826,S003092,2025-07-14 11:02:00,1,home_banner
E0003093,101826,S003093,2025-07-14 05:56:00,1,home_banner
E0003094,101827,S003094,2025-07-12 10:56:00,0,home_banner
E0003095,101827,S003095,2025-07-12 07:13:00,0,product_reco
E0003096,101828,S003096,2025-07-14 08:28:00,1,checkout_cta
E0003097,101829,S003097,2025-07-15 13:57:00,1,home_banner
E0003098,101829,S003098,2025-07-15 12:52:00,1,product_reco
E0003099,101830,S003099,2025-07-04 19:34:00,1,checkout_cta
E0003100,101830,S003100,2025-07-04 22:26:00,1,product_reco
E0003101,101831,S003101,2025-07-10 09:27:00,1,home_banner
E0003102,101832,S003102,2025-07-14 00:19:00,0,product_reco
E0003103,101832,S003103,2025-07-14 01:01:00,0,home_banner
E0003104,101832,S003104,2025-07-14 04:10:00,0,checkout_cta
E0003105,101833,S003105,2025-07-02 05:40:00,0,product_reco
E0003106,101833,S003106,2025-07-02 05:41:00,0,product_reco
E0003107,101834,S003107,2025-07-09 18:19:00,1,home_banner
E0003108,101835,S003108,2025-07-11 13:43:00,1,product_reco
E0003109,101836,S003109,2025-07-05 20:53:00,1,product_reco
E0003110,101837,S003110,2025-07-03 16:27:00,0,checkout_cta
E0003111,101838,S003111,2025-07-13 03:20:00,0,product_reco
E0003112,101839,S003112,2025-07-11 17:01:00,1,home_banner
E0003113,101839,S003113,2025-07-11 17:04:00,1,checkout_cta
E0003114,101840,S003114,2025-07-04 23:39:00,0,product_reco
E0003115,101840,S003115,2025-07-05 00:09:00,0,checkout_cta
E0003116,101840,S003116,2025-07-04 22:37:00,0,product_reco
E0003117,101841,S003117,2025-07-13 09:39:00,1,product_reco
E0003118,101842,S003118,2025-07-03 07:48:00,0,product_reco
E0003119,101843,S003119,2025-07-02 02:28:00,0,home_banner
E0003120,101843,S003120,2025-07-01 22:29:00,0,home_banner
E0003121,101843,S003121,2025-07-01 21:22:00,0,product_reco
E0003122,101844,S003122,2025-07-13 16:31:00,0,home_banner
E0003123,101844,S003123,2025-07-13 18:42:00,0,checkout_cta
E0003124,101845,S003124,2025-07-08 00:34:00,1,product_reco
E0003125,101845,S003125,2025-07-08 00:47:00,1,product_reco
E0003126,101846,S003126,2025-07-11 15:02:00,0,home_banner
E0003127,101846,S003127,2025-07-11 17:28:00,0,checkout_cta
E0003128,101847,S003128,2025-07-12 08:48:00,0,checkout_cta
E0003129,101848,S003129,2025-07-12 14:55:00,0,checkout_cta
E0003130,101848,S003130,2025-07-12 11:52:00,0,product_reco
E0003131,101849,S003131,2025-07-14 13:28:00,1,home_banner
E0003132,101849,S003132,2025-07-14 07:03:00,1,checkout_cta
E0003133,101850,S003133,2025-07-07 01:26:00,0,home_banner
E0003134,101850,S003134,2025-07-06 23:41:00,0,home_banner
E0003135,101851,S003135,2025-07-13 09:45:00,1,checkout_cta
E0003136,101851,S003136,2025-07-13 12:48:00,1,checkout_cta
E0003137,101852,S003137,2025-07-11 23:54:00,1,product_reco
E0003138,101853,S003138,2025-07-13 02:48:00,0,product_reco
E0003139,101854,S003139,2025-07-12 20:38:00,0,home_banner
E0003140,101854,S003140,2025-07-13 01:32:00,0,checkout_cta
E0003141,101855,S003141,2025-07-12 16:16:00,1,home_banner
E0003142,101855,S003142,2025-07-12 14:55:00,1,product_reco
E0003143,101856,S003143,2025-07-07 22:08:00,0,home_banner
E0003144,101856,S003144,2025-07-07 20:06:00,0,product_reco
E0003145,101857,S003145,2025-07-08 03:36:00,1,checkout_cta
E0003146,101857,S003146,2025-07-08 01:21:00,1,home_banner
E0003147,101858,S003147,2025-07-10 06:18:00,1,product_reco
E0003148,101859,S003148,2025-07-02 12:21:00,1,home_banner
E0003149,101859,S003149,2025-07-02 15:35:00,1,product_reco
E0003150,101860,S003150,2025-07-09 14:16:00,0,checkout_cta
E0003151,101861,S003151,2025-07-07 07:30:00,1,checkout_cta
E0003152,101861,S003152,2025-07-07 02:22:00,1,checkout_cta
E0003153,101862,S003153,2025-07-09 15:36:00,1,home_banner
E0003154,101862,S003154,2025-07-09 19:07:00,1,home_banner
E0003155,101863,S003155,2025-07-13 15:28:00,0,checkout_cta
E0003156,101863,S003156,2025-07-13 13:40:00,0,home_banner
E0003157,101864,S003157,2025-07-02 15:03:00,1,product_reco
E0003158,101865,S003158,2025-07-08 23:32:00,0,checkout_cta
E0003159,101865,S003159,2025-07-08 22:10:00,0,checkout_cta
E0003160,101866,S003160,2025-07-06 15:28:00,1,home_banner
E0003161,101867,S003161,2025-07-08 12:33:00,1,product_reco
E0003162,101868,S003162,2025-07-14 04:13:00,1,product_reco
E0003163,101869,S003163,2025-07-02 05:54:00,0,product_reco
E0003164,101869,S003164,2025-07-01 23:49:00,0,product_reco
E0003165,101870,S003165,2025-07-12 15:16:00,0,product_reco
E0003166,101871,S003166,2025-07-08 02:26:00,1,checkout_cta
E0003167,101871,S003167,2025-07-08 03:19:00,1,product_reco
E0003168,101872,S003168,2025-07-12 11:24:00,1,home_banner
E0003169,101872,S003169,2025-07-12 12:34:00,1,home_banner
E0003170,101873,S003170,2025-07-12 23:56:00,1,checkout_cta
E0003171,101873,S003171,2025-07-13 00:12:00,1,product_reco
E0003172,101874,S003172,2025-07-03 05:52:00,1,checkout_cta
E0003173,101875,S003173,2025-07-09 20:54:00,1,checkout_cta
E0003174,101876,S003174,2025-07-06 23:22:00,0,checkout_cta
E0003175,101877,S003175,2025-07-11 08:15:00,0,home_banner
E0003176,101877,S003176,2025-07-11 09:46:00,0,home_banner
E0003177,101878,S003177,2025-07-13 18:00:00,0,product_reco
E0003178,101878,S003178,2025-07-14 00:36:00,0,product_reco
E0003179,101879,S003179,2025-07-14 05:01:00,1,checkout_cta
E0003180,101879,S003180,2025-07-14 04:19:00,1,product_reco
E0003181,101879,S003181,2025-07-14 04:02:00,1,checkout_cta
E0003182,101880,S003182,2025-07-10 19:18:00,0,product_reco
E0003183,101880,S003183,2025-07-10 14:10:00,0,home_banner
E0003184,101881,S003184,2025-07-12 12:12:00,0,checkout_cta
E0003185,101882,S003185,2025-07-11 12:18:00,1,home_banner
E0003186,101882,S003186,2025-07-11 17:20:00,1,home_banner
E0003187,101883,S003187,2025-07-08 09:52:00,1,home_banner
E0003188,101883,S003188,2025-07-08 11:59:00,1,home_banner
E0003189,101884,S003189,2025-07-02 16:42:00,0,home_banner
E0003190,101885,S003190,2025-07-03 18:16:00,0,home_banner
E0003191,101886,S003191,2025-07-12 10:43:00,0,checkout_cta
E0003192,101886,S003192,2025-07-12 10:26:00,0,product_reco
E0003193,101887,S003193,2025-07-10 09:47:00,1,home_banner
E0003194,101888,S003194,2025-07-07 05:50:00,0,home_banner
E0003195,101888,S003195,2025-07-07 04:54:00,0,product_reco
E0003196,101889,S003196,2025-07-07 19:57:00,0,product_reco
E0003197,101890,S003197,2025-07-05 07:03:00,1,checkout_cta
E0003198,101890,S003198,2025-07-05 05:54:00,1,product_reco
E0003199,101890,S003199,2025-07-05 11:06:00,1,checkout_cta
E0003200,101891,S003200,2025-07-12 07:20:00,1,home_banner
E0003201,101891,S003201,2025-07-12 06:54:00,1,product_reco
E0003202,101892,S003202,2025-07-05 02:54:00,1,home_banner
E0003203,101892,S003203,2025-07-05 03:15:00,1,home_banner
E0003204,101893,S003204,2025-07-06 18:13:00,1,checkout_cta
E0003205,101894,S003205,2025-07-12 08:09:00,1,product_reco
E0003206,101894,S003206,2025-07-12 09:16:00,1,product_reco
E0003207,101895,S003207,2025-07-01 12:48:00,1,checkout_cta
E0003208,101896,S003208,2025-07-08 03:36:00,1,product_reco
E0003209,101897,S003209,2025-07-07 16:18:00,1,home_banner
E0003210,101898,S003210,2025-07-15 02:50:00,0,checkout_cta
E0003211,101898,S003211,2025-07-15 00:15:00,0,product_reco
E0003212,101898,S003212,2025-07-14 23:34:00,0,product_reco
E0003213,101899,S003213,2025-07-13 21:22:00,0,home_banner
E0003214,101899,S003214,2025-07-14 02:37:00,0,checkout_cta
E0003215,101900,S003215,2025-07-07 12:58:00,0,product_reco
E0003216,101900,S003216,2025-07-07 15:16:00,0,product_reco
E0003217,101901,S003217,2025-07-02 05:12:00,1,home_banner
E0003218,101902,S003218,2025-07-11 04:21:00,1,product_reco
E0003219,101903,S003219,2025-07-10 12:28:00,1,home_banner
E0003220,101904,S003220,2025-07-08 15:02:00,1,product_reco
E0003221,101905,S003221,2025-07-02 12:33:00,0,product_reco
E0003222,101905,S003222,2025-07-02 14:55:00,0,home_banner
E0003223,101905,S003223,2025-07-02 12:27:00,0,home_banner
E0003224,101906,S003224,2025-07-03 03:16:00,1,product_reco
E0003225,101907,S003225,2025-07-10 05:25:00,0,checkout_cta
E0003226,101907,S003226,2025-07-10 06:03:00,0,checkout_cta
E0003227,101908,S003227,2025-07-13 01:13:00,0,home_banner
E0003228,101908,S003228,2025-07-12 22:06:00,0,product_reco
E0003229,101909,S003229,2025-07-06 19:47:00,1,home_banner
E0003230,101910,S003230,2025-07-15 12:31:00,0,product_reco
E0003231,101911,S003231,2025-07-06 23:03:00,0,checkout_cta
E0003232,101911,S003232,2025-07-06 23:38:00,0,home_banner
E0003233,101912,S003233,2025-07-05 06:33:00,1,product_reco
E0003234,101912,S003234,2025-07-05 00:44:00,1,home_banner
E0003235,101912,S003235,2025-07-05 04:09:00,1,home_banner
E0003236,101913,S003236,2025-07-06 20:28:00,1,home_banner
E0003237,101913,S003237,2025-07-06 20:19:00,1,product_reco
E0003238,101913,S003238,2025-07-06 18:18:00,1,product_reco
E0003239,101914,S003239,2025-07-13 16:34:00,0,home_banner
E0003240,101915,S003240,2025-07-13 06:19:00,1,home_banner
E0003241,101915,S003241,2025-07-13 01:26:00,1,checkout_cta
E0003242,101915,S003242,2025-07-12 23:56:00,1,home_banner
E0003243,101916,S003243,2025-07-05 20:27:00,0,home_banner
E0003244,101916,S003244,2025-07-05 16:44:00,0,product_reco
E0003245,101917,S003245,2025-07-08 14:14:00,1,product_reco
E0003246,101918,S003246,2025-07-13 11:59:00,1,home_banner
E0003247,101919,S003247,2025-07-11 06:33:00,1,home_banner
E0003248,101919,S003248,2025-07-11 05:19:00,1,product_reco
E0003249,101920,S003249,2025-07-07 19:35:00,1,product_reco
E0003250,101921,S003250,2025-07-05 14:35:00,0,home_banner
E0003251,101921,S003251,2025-07-05 20:45:00,0,home_banner
E0003252,101922,S003252,2025-07-07 23:52:00,0,checkout_cta
E0003253,101923,S003253,2025-07-15 06:17:00,0,home_banner
E0003254,101924,S003254,2025-07-09 04:23:00,0,home_banner
E0003255,101924,S003255,2025-07-09 00:46:00,0,checkout_cta
E0003256,101925,S003256,2025-07-12 11:35:00,0,product_reco
E0003257,101925,S003257,2025-07-12 09:54:00,0,product_reco
E0003258,101926,S003258,2025-07-11 15:42:00,0,checkout_cta
E0003259,101926,S003259,2025-07-11 21:06:00,0,home_banner
E0003260,101926,S003260,2025-07-11 22:29:00,0,checkout_cta
E0003261,101927,S003261,2025-07-11 16:47:00,1,home_banner
E0003262,101928,S003262,2025-07-01 23:31:00,0,checkout_cta
E0003263,101928,S003263,2025-07-01 20:25:00,0,product_reco
E0003264,101929,S003264,2025-07-05 12:45:00,1,product_reco
E0003265,101929,S003265,2025-07-05 08:04:00,1,checkout_cta
E0003266,101930,S003266,2025-07-07 10:33:00,0,home_banner
E0003267,101931,S003267,2025-07-15 06:35:00,0,checkout_cta
E0003268,101931,S003268,2025-07-15 08:11:00,0,checkout_cta
E0003269,101931,S003269,2025-07-15 08:38:00,0,checkout_cta
E0003270,101932,S003270,2025-07-05 15:00:00,1,checkout_cta
E0003271,101933,S003271,2025-07-05 12:20:00,1,home_banner
E0003272,101933,S003272,2025-07-05 08:50:00,1,checkout_cta
E0003273,101934,S003273,2025-07-02 07:39:00,1,product_reco
E0003274,101934,S003274,2025-07-02 09:01:00,1,product_reco
E0003275,101935,S003275,2025-07-02 02:12:00,1,checkout_cta
E0003276,101935,S003276,2025-07-02 05:14:00,1,product_reco
E0003277,101936,S003277,2025-07-07 14:01:00,1,checkout_cta
E0003278,101937,S003278,2025-07-07 13:11:00,0,home_banner
E0003279,101938,S003279,2025-07-12 03:18:00,0,product_reco
E0003280,101939,S003280,2025-07-04 13:02:00,1,product_reco
E0003281,101939,S003281,2025-07-04 10:06:00,1,product_reco
E0003282,101940,S003282,2025-07-12 19:32:00,1,home_banner
E0003283,101940,S003283,2025-07-12 17:37:00,1,home_banner
E0003284,101941,S003284,2025-07-14 15:44:00,1,product_reco
E0003285,101941,S003285,2025-07-14 20:48:00,1,home_banner
E0003286,101941,S003286,2025-07-14 15:40:00,1,home_banner
E0003287,101942,S003287,2025-07-15 14:47:00,0,home_banner
E0003288,101942,S003288,2025-07-15 06:55:00,0,product_reco
E0003289,101943,S003289,2025-07-12 10:39:00,0,home_banner
E0003290,101944,S003290,2025-07-09 11:59:00,0,product_reco
E0003291,101945,S003291,2025-07-05 03:56:00,1,home_banner
E0003292,101945,S003292,2025-07-05 11:03:00,1,product_reco
E0003293,101946,S003293,2025-07-11 19:56:00,1,home_banner
E0003294,101947,S003294,2025-07-11 19:54:00,1,product_reco
E0003295,101947,S003295,2025-07-11 18:57:00,1,home_banner
E0003296,101947,S003296,2025-07-11 17:25:00,1,checkout_cta
E0003297,101948,S003297,2025-07-05 05:20:00,1,home_banner
E0003298,101949,S003298,2025-07-09 17:43:00,1,home_banner
E0003299,101950,S003299,2025-07-07 06:23:00,0,product_reco
E0003300,101950,S003300,2025-07-07 06:44:00,0,home_banner
E0003301,101950,S003301,2025-07-07 03:40:00,0,product_reco
E0003302,101951,S003302,2025-07-12 02:52:00,1,checkout_cta
E0003303,101952,S003303,2025-07-13 23:50:00,0,home_banner
E0003304,101953,S003304,2025-07-02 20:54:00,0,checkout_cta
E0003305,101954,S003305,2025-07-03 02:26:00,0,checkout_cta
E0003306,101954,S003306,2025-07-03 02:43:00,0,checkout_cta
E0003307,101955,S003307,2025-07-06 22:45:00,1,product_reco
E0003308,101955,S003308,2025-07-07 00:29:00,1,checkout_cta
E0003309,101956,S003309,2025-07-04 06:47:00,0,product_reco
E0003310,101957,S003310,2025-07-06 09:12:00,1,checkout_cta
E0003311,101958,S003311,2025-07-08 21:15:00,1,checkout_cta
E0003312,101958,S003312,2025-07-09 03:03:00,1,home_banner
E0003313,101959,S003313,2025-07-12 18:24:00,1,checkout_cta
E0003314,101960,S003314,2025-07-12 02:10:00,1,checkout_cta
E0003315,101961,S003315,2025-07-07 14:49:00,1,home_banner
E0003316,101961,S003316,2025-07-07 08:33:00,1,home_banner
E0003317,101962,S003317,2025-07-02 21:33:00,1,home_banner
E0003318,101962,S003318,2025-07-02 22:55:00,1,checkout_cta
E0003319,101963,S003319,2025-07-03 05:56:00,1,product_reco
E0003320,101963,S003320,2025-07-03 04:21:00,1,product_reco
E0003321,101964,S003321,2025-07-04 11:13:00,0,home_banner
E0003322,101964,S003322,2025-07-04 12:36:00,0,home_banner
E0003323,101965,S003323,2025-07-08 18:22:00,0,home_banner
E0003324,101965,S003324,2025-07-08 19:04:00,0,home_banner
E0003325,101966,S003325,2025-07-15 11:24:00,1,home_banner
E0003326,101966,S003326,2025-07-15 06:20:00,1,product_reco
E0003327,101967,S003327,2025-07-12 05:50:00,1,product_reco
E0003328,101968,S003328,2025-07-02 09:24:00,0,product_reco
E0003329,101969,S003329,2025-07-05 04:55:00,1,home_banner
E0003330,101970,S003330,2025-07-07 08:56:00,0,checkout_cta
E0003331,101971,S003331,2025-07-05 08:39:00,0,product_reco
E0003332,101971,S003332,2025-07-05 06:43:00,0,home_banner
E0003333,101972,S003333,2025-07-10 05:45:00,1,checkout_cta
E0003334,101973,S003334,2025-07-11 18:03:00,0,checkout_cta
E0003335,101974,S003335,2025-07-05 12:34:00,0,home_banner
E0003336,101974,S003336,2025-07-05 15:15:00,0,home_banner
E0003337,101974,S003337,2025-07-05 17:25:00,0,product_reco
E0003338,101975,S003338,2025-07-04 22:01:00,1,home_banner
E0003339,101976,S003339,2025-07-07 12:41:00,0,product_reco
E0003340,101976,S003340,2025-07-07 15:51:00,0,checkout_cta
E0003341,101977,S003341,2025-07-10 01:17:00,0,home_banner
E0003342,101977,S003342,2025-07-10 01:17:00,0,checkout_cta
E0003343,101978,S003343,2025-07-04 12:38:00,1,home_banner
E0003344,101979,S003344,2025-07-06 07:08:00,0,checkout_cta
E0003345,101980,S003345,2025-07-02 01:32:00,0,product_reco
E0003346,101981,S003346,2025-07-14 01:33:00,1,home_banner
E0003347,101981,S003347,2025-07-14 05:01:00,1,home_banner
E0003348,101981,S003348,2025-07-14 01:33:00,1,checkout_cta
E0003349,101982,S003349,2025-07-10 19:23:00,1,home_banner
E0003350,101982,S003350,2025-07-10 22:57:00,1,product_reco
E0003351,101982,S003351,2025-07-11 00:31:00,1,checkout_cta
E0003352,101983,S003352,2025-07-06 13:03:00,0,home_banner
E0003353,101984,S003353,2025-07-08 13:20:00,1,checkout_cta
E0003354,101985,S003354,2025-07-13 12:57:00,0,product_reco
E0003355,101985,S003355,2025-07-13 17:02:00,0,checkout_cta
E0003356,101986,S003356,2025-07-10 10:35:00,0,home_banner
E0003357,101987,S003357,2025-07-14 09:04:00,1,home_banner
E0003358,101987,S003358,2025-07-14 04:01:00,1,product_reco
E0003359,101988,S003359,2025-07-10 18:47:00,1,product_reco
E0003360,101988,S003360,2025-07-10 22:18:00,1,home_banner
E0003361,101988,S003361,2025-07-10 14:31:00,1,product_reco
E0003362,101989,S003362,2025-07-04 14:00:00,1,home_banner
E0003363,101989,S003363,2025-07-04 18:01:00,1,product_reco
E0003364,101990,S003364,2025-07-09 05:22:00,1,product_reco
E0003365,101991,S003365,2025-07-06 05:00:00,0,checkout_cta
E0003366,101991,S003366,2025-07-06 04:25:00,0,home_banner
E0003367,101992,S003367,2025-07-03 07:43:00,1,product_reco
E0003368,101993,S003368,2025-07-09 03:26:00,1,product_reco
E0003369,101994,S003369,2025-07-08 20:07:00,0,product_reco
E0003370,101994,S003370,2025-07-09 00:27:00,0,home_banner
E0003371,101995,S003371,2025-07-12 19:16:00,0,home_banner
E0003372,101996,S003372,2025-07-14 09:06:00,1,home_banner
E0003373,101996,S003373,2025-07-14 07:59:00,1,product_reco
E0003374,101996,S003374,2025-07-14 11:07:00,1,home_banner
E0003375,101997,S003375,2025-07-13 18:50:00,0,product_reco
E0003376,101998,S003376,2025-07-12 01:07:00,1,product_reco
E0003377,101999,S003377,2025-07-04 17:28:00,1,product_reco
E0003378,102000,S003378,2025-07-07 16:18:00,1,checkout_cta
